0
10
sm00_environment\outsourcing\dhruva\manmade\os_hvackit_01\os_hvackit_01_a\os_hvackit_01_decal.material
1
0
18
1.861572 5.260742 0.388672
1 0.000978 -0.000001
0 0 0 0
-0.463745 0.203613
1.861572 5.260742 -0.265869
1 0.000978 -0.000001
0 0 0 0
-0.190063 0.203613
1.861572 5.697998 -0.265869
1 0.000978 -0.000001
0 0 0 0
-0.190063 0.009644
1.861572 5.697998 0.388672
1 0.000978 -0.000001
0 0 0 0
-0.463745 0.009644
-1.868164 5.260742 -0.264404
-1 0.000978 -0.000001
0 0 0 0
-0.463745 0.203613
-1.868164 5.260742 0.390381
-1 0.000978 -0.000001
0 0 0 0
-0.190063 0.203613
-1.868164 5.697998 0.390381
-1 0.000978 -0.000001
0 0 0 0
-0.190063 0.009644
-1.868164 5.697998 -0.264404
-1 0.000978 -0.000001
0 0 0 0
-0.463745 0.009644
0.317383 4.904785 2.487793
0.979765 -0.009637 0.199921
0 0 0 0
0.960571 0.96228
0.322021 5.415283 2.487793
0.979765 -0.009637 0.199921
0 0 0 0
0.960693 0.555908
0.297119 5.415283 2.610352
0.920807 -0.008067 0.389936
0 0 0 0
0.861816 0.555908
0.292969 4.904785 2.608643
0.920807 -0.008067 0.389936
0 0 0 0
0.861694 0.96228
0.226562 5.415283 2.714355
0.70004 -0.008958 0.714047
0 0 0 0
0.762451 0.555908
0.223145 4.904785 2.711182
0.70004 -0.008958 0.714047
0 0 0 0
0.762329 0.96228
0.120605 5.415283 2.783691
0.39924 -0.009473 0.916797
0 0 0 0
0.662476 0.555908
0.118896 4.904785 2.779785
0.39924 -0.009473 0.916797
0 0 0 0
0.662231 0.96228
0.021973 5.415283 2.802979
0.191265 -0.009632 0.981491
0 0 0 0
0.583008 0.555908
0.021729 4.904785 2.798584
0.191265 -0.009632 0.981491
0 0 0 0
0.582764 0.96228
12
2 1 0
3 2 0
6 5 4
7 6 4
10 9 8
11 10 8
12 10 11
13 12 11
14 12 13
15 14 13
16 14 15
17 16 15
sm01_environment\outsourcing\dhruva\manmade\os_hvackit_01\os_hvackit_01_a\os_hvackit_01_hvac.material
1
0
1256
0.50708 5.325195 -1.892822
-0.999992 0.000979 -0.003905
0 0 0 0
0.574585 0.002197
0.506592 5.325195 -1.786133
-0.999992 0.000979 -0.003905
0 0 0 0
0.574341 0.026367
0.50708 5.809814 -1.802734
-0.999992 0.000979 -0.003905
0 0 0 0
0.692993 0.026367
0.50708 5.809814 -1.892822
-0.999992 0.000979 -0.003905
0 0 0 0
0.691284 0.002197
0.506592 5.325195 -1.786133
0.000978 1 0.000001
0 0 0 0
0.574341 0.026367
0.50708 5.325195 -1.892822
0.000978 1 0.000001
0 0 0 0
0.574585 0.002197
-0.51001 5.325195 -1.892822
0.000978 1 0.000001
0 0 0 0
0.34668 0.002197
-0.509766 5.325195 -1.786133
0.000978 1 0.000001
0 0 0 0
0.346924 0.026367
-0.51001 5.325195 -1.892822
-0.001382 0.001382 -0.999998
0 0 0 0
0.373657 0.026367
0.50708 5.325195 -1.892822
0.001382 0.001382 -0.999998
0 0 0 0
0.747192 0.026367
0.578857 5.27417 -1.892822
0.001382 0.001382 -0.999998
0 0 0 0
0.773315 0.002197
-0.589111 5.27417 -1.892822
-0.001382 0.001382 -0.999998
0 0 0 0
0.352661 0.002197
0.50708 5.325195 -1.892822
0.001382 0.001382 -0.999998
0 0 0 0
0.025879 0.026367
0.50708 5.809814 -1.892822
0.001382 0.001382 -0.999998
0 0 0 0
0.162476 0.026367
0.578857 5.75415 -1.892822
0.001382 0.001382 -0.999998
0 0 0 0
0.156372 0.002197
0.578857 5.27417 -1.892822
0.001382 0.001382 -0.999998
0 0 0 0
0.009766 0.002197
0.720459 5.809814 -1.83667
-0.000977 1 -0.000001
0 0 0 0
0.747192 0.002197
0.50708 5.809814 -1.892822
0.000978 1 -0.000001
0 0 0 0
0.691284 0.002197
0.50708 5.809814 -1.802734
0.000978 1 -0.000001
0 0 0 0
0.692993 0.026367
0.689697 5.809814 -1.75708
-0.000977 1 -0.000001
0 0 0 0
0.74707 0.026367
0.942627 5.809814 -1.63501
-0.000977 1 0.000001
0 0 0 0
0.827148 0.026367
0.986084 5.809814 -1.709717
-0.000977 1 0.000001
0 0 0 0
0.827026 0.002197
1.227295 5.809814 -1.538086
0.000978 1 0.000001
0 0 0 0
0.909302 0.002197
1.174561 5.810059 -1.475098
0.000978 1 0.000001
0 0 0 0
0.908691 0.026367
1.382812 5.810059 -1.282715
0.000978 1 0.000001
0 0 0 0
0.989014 0.026367
1.44873 5.809814 -1.343994
0.000978 1 0.000001
0 0 0 0
0.989258 0.002197
0.578857 5.75415 -1.892822
0.30054 0.186307 -0.935396
0 0 0 0
0.156372 0.002197
0.50708 5.809814 -1.892822
0.30054 0.186307 -0.935396
0 0 0 0
0.162476 0.026367
0.720459 5.809814 -1.83667
0.380834 0.066409 -0.922255
0 0 0 0
0.201904 0.026367
0.720215 5.75415 -1.835693
0.380834 0.066409 -0.922255
0 0 0 0
0.202881 0.002197
0.986084 5.809814 -1.709717
0.505636 -0.006671 -0.862721
0 0 0 0
0.333374 0.026367
0.986084 5.75415 -1.709473
0.505636 -0.006671 -0.862721
0 0 0 0
0.333374 0.002197
1.227295 5.809814 -1.538086
0.620247 -0.001306 -0.784405
0 0 0 0
0.465332 0.026367
1.227295 5.75415 -1.538086
0.620247 -0.001306 -0.784405
0 0 0 0
0.465332 0.002197
1.44873 5.75415 -1.343994
0.721125 0.001272 -0.692804
0 0 0 0
0.59668 0.002197
1.44873 5.809814 -1.343994
0.721125 0.001272 -0.692804
0 0 0 0
0.59668 0.026367
1.633545 5.75415 -1.114746
0.823574 -0.001224 -0.567207
0 0 0 0
0.727905 0.002197
1.633545 5.809814 -1.114746
0.823574 -0.001224 -0.567207
0 0 0 0
0.727905 0.026367
1.783203 5.75415 -0.858154
0.864128 -0.001198 -0.50327
0 0 0 0
0.860229 0.002197
1.783203 5.809814 -0.858154
0.864128 -0.001198 -0.50327
0 0 0 0
0.860229 0.026367
1.556885 5.809814 -1.062256
0.000978 1 -0.000001
0 0 0 0
0.101807 0.026367
1.44873 5.809814 -1.343994
0.000978 1 0.000001
0 0 0 0
0.026855 0.002197
1.382812 5.810059 -1.282715
0.000978 1 0.000001
0 0 0 0
0.026611 0.026367
1.633545 5.809814 -1.114746
0.000978 1 -0.000001
0 0 0 0
0.101807 0.002197
1.699463 5.809814 -0.818359
-0.000977 1 -0.000001
0 0 0 0
0.17627 0.026367
1.783203 5.809814 -0.858154
-0.000977 1 -0.000001
0 0 0 0
0.176636 0.002197
1.810059 5.809814 -0.542725
-0.000977 1 -0.000001
0 0 0 0
0.254028 0.026367
1.905762 5.809814 -0.560303
-0.000977 1 -0.000001
0 0 0 0
0.251709 0.002197
1.905762 5.809814 0.560303
-0.000977 1 0.000001
0 0 0 0
0.525513 0.002197
1.810059 5.809814 0.542725
-0.000977 1 0.000001
0 0 0 0
0.523193 0.026367
1.783203 5.809814 0.858154
-0.000977 1 0.000001
0 0 0 0
0.600586 0.002197
1.699463 5.809814 0.818359
-0.000977 1 0.000001
0 0 0 0
0.60083 0.026367
1.633545 5.809814 1.114746
0.000978 1 0.000001
0 0 0 0
0.675293 0.002197
1.556885 5.809814 1.062256
0.000978 1 0.000001
0 0 0 0
0.675293 0.026367
1.44873 5.809814 1.343994
0.000978 1 -0.000001
0 0 0 0
0.75 0.002197
1.382812 5.810059 1.282715
0.000978 1 -0.000001
0 0 0 0
0.750122 0.026367
1.227295 5.809814 1.538086
0.000978 1 -0.000001
0 0 0 0
0.82959 0.002197
1.174561 5.810059 1.475098
0.000978 1 -0.000001
0 0 0 0
0.8302 0.026367
0.942627 5.809814 1.63501
-0.000977 1 -0.000001
0 0 0 0
0.911499 0.026367
0.986084 5.809814 1.709717
-0.000977 1 -0.000001
0 0 0 0
0.911499 0.002197
0.720459 5.809814 1.83667
-0.000977 1 0.000001
0 0 0 0
0.990967 0.002197
0.689697 5.809814 1.75708
-0.000977 1 0.000001
0 0 0 0
0.991089 0.026367
1.905762 5.75415 -0.560303
1 -0.000977 -0.000001
0 0 0 0
0.169312 0.002197
1.905762 5.809814 -0.560303
1 -0.000977 -0.000001
0 0 0 0
0.169312 0.026367
1.905762 5.809814 0.560303
1 -0.000977 -0.000001
0 0 0 0
0.668457 0.026367
1.905762 5.75415 0.560303
1 -0.000977 -0.000001
0 0 0 0
0.668457 0.002197
1.783203 5.809814 -0.858154
0.924663 -0.001149 -0.380785
0 0 0 0
0.025635 0.026367
1.905762 5.809814 -0.560303
0.924663 -0.001149 -0.380785
0 0 0 0
0.169312 0.026367
1.905762 5.75415 -0.560303
0.924663 -0.001149 -0.380785
0 0 0 0
0.169312 0.002197
1.783203 5.75415 -0.858154
0.924663 -0.001149 -0.380785
0 0 0 0
0.025635 0.002197
0.50708 5.325195 1.892822
-0.999992 0.000979 0.003905
0 0 0 0
0.211182 0.002197
0.50708 5.809814 1.892822
-0.999992 0.000979 0.003905
0 0 0 0
0.094971 0.002197
0.50708 5.809814 1.802734
-0.999992 0.000979 0.003905
0 0 0 0
0.093262 0.026367
0.506592 5.325195 1.786133
-0.999992 0.000979 0.003905
0 0 0 0
0.211426 0.026367
0.50708 5.809814 1.802734
0.000978 1 0.000001
0 0 0 0
0.093262 0.026367
0.50708 5.809814 1.892822
0.000978 1 0.000001
0 0 0 0
0.094971 0.002197
0.720459 5.809814 1.83667
-0.000977 1 0.000001
0 0 0 0
0.039307 0.002197
0.689697 5.809814 1.75708
-0.000977 1 0.000001
0 0 0 0
0.039429 0.026367
0.578857 5.75415 1.892822
0.001382 0.001382 0.999998
0 0 0 0
0.032471 0.002197
0.50708 5.809814 1.892822
0.001382 0.001382 0.999998
0 0 0 0
0.029053 0.026367
0.50708 5.325195 1.892822
0.001382 0.001382 0.999998
0 0 0 0
0.129028 0.026367
0.578857 5.27417 1.892822
0.001382 0.001382 0.999998
0 0 0 0
0.115356 0.002197
-0.51001 5.325195 1.892822
-0.001382 0.001382 0.999998
0 0 0 0
0.426636 0.026367
-0.589111 5.27417 1.892822
-0.001382 0.001382 0.999998
0 0 0 0
0.442505 0.002197
-0.589111 5.75415 1.892822
-0.070439 0.04834 0.996344
0 0 0 0
0.518311 0.002197
-0.51001 5.809814 1.892822
-0.048364 0.031782 0.998324
0 0 0 0
0.520508 0.026367
-0.730713 5.809814 1.83667
-0.37817 0.07455 0.922729
0 0 0 0
0.562866 0.026367
-0.730469 5.75415 1.835693
-0.37817 0.07455 0.922729
0 0 0 0
0.563965 0.002197
-0.996338 5.809814 1.709717
-0.505635 -0.006671 0.862721
0 0 0 0
0.693115 0.026367
-0.996094 5.75415 1.709473
-0.505635 -0.006671 0.862721
0 0 0 0
0.693237 0.002197
-1.237549 5.809814 1.538086
-0.620247 -0.001306 0.784405
0 0 0 0
0.823364 0.026367
-1.237549 5.75415 1.538086
-0.620247 -0.001306 0.784405
0 0 0 0
0.823364 0.002197
-1.458984 5.75415 1.343994
-0.721125 0.001272 0.692804
0 0 0 0
0.953003 0.002197
-1.458984 5.809814 1.343994
-0.721125 0.001272 0.692804
0 0 0 0
0.953003 0.026367
0.578857 5.75415 1.892822
0.30054 0.186307 0.935396
0 0 0 0
0.614624 0.002197
0.720459 5.809814 1.83667
0.380834 0.066409 0.922255
0 0 0 0
0.567627 0.026367
0.50708 5.809814 1.892822
0.30054 0.186307 0.935396
0 0 0 0
0.611084 0.026367
0.720215 5.75415 1.835693
0.380834 0.066409 0.922255
0 0 0 0
0.56665 0.002197
0.986084 5.809814 1.709717
0.505636 -0.006671 0.862721
0 0 0 0
0.436401 0.026367
0.986084 5.75415 1.709473
0.505636 -0.006671 0.862721
0 0 0 0
0.436401 0.002197
1.227295 5.809814 1.538086
0.620247 -0.001306 0.784405
0 0 0 0
0.304321 0.026367
1.227295 5.75415 1.538086
0.620247 -0.001306 0.784405
0 0 0 0
0.304321 0.002197
1.44873 5.75415 1.343994
0.721125 0.001272 0.692804
0 0 0 0
0.172974 0.002197
1.44873 5.809814 1.343994
0.721125 0.001272 0.692804
0 0 0 0
0.172974 0.026367
1.633545 5.75415 1.114746
0.823574 -0.001224 0.567207
0 0 0 0
0.041382 0.002197
1.633545 5.809814 1.114746
0.823574 -0.001224 0.567207
0 0 0 0
0.041382 0.026367
1.783203 5.75415 0.858154
0.864128 -0.001198 0.50327
0 0 0 0
0.811401 0.002197
1.783203 5.809814 0.858154
0.864128 -0.001198 0.50327
0 0 0 0
0.811401 0.026367
1.633545 5.809814 1.114746
0.823574 -0.001224 0.567207
0 0 0 0
0.942383 0.026367
1.633545 5.75415 1.114746
0.823574 -0.001224 0.567207
0 0 0 0
0.942383 0.002197
1.905762 5.75415 0.560303
0.924663 -0.001149 0.380785
0 0 0 0
0.668457 0.002197
1.905762 5.809814 0.560303
0.924663 -0.001149 0.380785
0 0 0 0
0.668457 0.026367
1.783203 5.809814 0.858154
0.924663 -0.001149 0.380785
0 0 0 0
0.811401 0.026367
1.783203 5.75415 0.858154
0.924663 -0.001149 0.380785
0 0 0 0
0.811401 0.002197
-0.51001 5.325195 -1.892822
1 0.000978 0.000001
0 0 0 0
0.34668 0.002197
-0.51001 5.809814 -1.802734
1 0.000978 0.000001
0 0 0 0
0.228394 0.026367
-0.509766 5.325195 -1.786133
1 0.000978 0.000001
0 0 0 0
0.346924 0.026367
-0.51001 5.809814 -1.892822
1 0.000978 0.000001
0 0 0 0
0.230103 0.002197
-0.589111 5.75415 -1.892822
-0.070439 0.04834 -0.996344
0 0 0 0
0.871704 0.002197
-0.51001 5.325195 -1.892822
-0.001382 0.001382 -0.999998
0 0 0 0
0.957764 0.026367
-0.589111 5.27417 -1.892822
-0.001382 0.001382 -0.999998
0 0 0 0
0.936768 0.002197
-0.51001 5.809814 -1.892822
-0.048364 0.031782 -0.998324
0 0 0 0
0.869873 0.026367
-0.730713 5.809814 -1.83667
-0.37817 0.07455 -0.922729
0 0 0 0
0.826782 0.026367
-0.730469 5.75415 -1.835693
-0.37817 0.07455 -0.922729
0 0 0 0
0.825806 0.002197
-0.996338 5.809814 -1.709717
-0.505635 -0.006671 -0.862721
0 0 0 0
0.696899 0.026367
-0.996094 5.75415 -1.709473
-0.505635 -0.006671 -0.862721
0 0 0 0
0.696777 0.002197
-1.237549 5.809814 -1.538086
-0.620247 -0.001306 -0.784405
0 0 0 0
0.566772 0.026367
-1.237549 5.75415 -1.538086
-0.620247 -0.001306 -0.784405
0 0 0 0
0.566772 0.002197
-1.458984 5.75415 -1.343994
-0.721125 0.001272 -0.692804
0 0 0 0
0.437744 0.002197
-1.458984 5.809814 -1.343994
-0.721125 0.001272 -0.692804
0 0 0 0
0.437744 0.026367
-1.643799 5.809814 -1.114746
-0.823574 0.001224 -0.567207
0 0 0 0
0.309204 0.026367
-1.643799 5.75415 -1.114746
-0.823574 0.001224 -0.567207
0 0 0 0
0.309204 0.002197
-1.793213 5.809814 -0.858154
-0.897608 0.001173 -0.440793
0 0 0 0
0.178223 0.026367
-1.793213 5.75415 -0.858154
-0.897608 0.001173 -0.440793
0 0 0 0
0.178223 0.002197
-1.915771 5.809814 -0.560303
-0.996128 0.00102 -0.087909
0 0 0 0
0.036621 0.026367
-1.915771 5.75415 -0.560303
-0.996128 0.00102 -0.087909
0 0 0 0
0.036621 0.002197
-0.51001 5.809814 -1.802734
-0.000977 1 -0.000001
0 0 0 0
0.228394 0.026367
-0.51001 5.809814 -1.892822
-0.000977 1 -0.000001
0 0 0 0
0.230103 0.002197
-0.730713 5.809814 -1.83667
0.000978 1 -0.000001
0 0 0 0
0.172241 0.002197
-0.699951 5.809814 -1.75708
0.000978 1 -0.000001
0 0 0 0
0.172485 0.026367
-0.952881 5.809814 -1.63501
0.000978 1 0.000001
0 0 0 0
0.092651 0.026367
-0.996338 5.809814 -1.709717
0.000978 1 0.000001
0 0 0 0
0.092651 0.002197
-1.237549 5.809814 -1.538086
-0.000977 1 0.000001
0 0 0 0
0.009766 0.002197
-1.184814 5.810059 -1.475098
-0.000977 1 0.000001
0 0 0 0
0.011841 0.026367
-1.392822 5.810059 -1.282715
-0.000977 1 0.000001
0 0 0 0
0.699707 0.026367
-1.184814 5.810059 -1.475098
-0.000977 1 0.000001
0 0 0 0
0.779053 0.026367
-1.237549 5.809814 -1.538086
-0.000977 1 0.000001
0 0 0 0
0.779907 0.002197
-1.458984 5.809814 -1.343994
-0.000977 1 0.000001
0 0 0 0
0.699585 0.002197
-1.567139 5.809814 -1.062256
-0.000977 1 -0.000001
0 0 0 0
0.625 0.026367
-1.643799 5.809814 -1.114746
-0.000977 1 -0.000001
0 0 0 0
0.625 0.002197
-1.709717 5.809814 -0.818359
0.000978 1 -0.000001
0 0 0 0
0.550903 0.026367
-1.793213 5.809814 -0.858154
0.000978 1 -0.000001
0 0 0 0
0.550537 0.002197
-1.820312 5.809814 -0.542725
0.000978 1 -0.000001
0 0 0 0
0.473633 0.026367
-1.915771 5.809814 -0.560303
0.000978 1 -0.000001
0 0 0 0
0.47583 0.002197
-1.915771 5.809814 0.560303
0.000978 1 0.000001
0 0 0 0
0.203003 0.002197
-1.820312 5.809814 0.542725
0.000978 1 0.000001
0 0 0 0
0.2052 0.026367
-1.793213 5.809814 0.858154
0.000978 1 0.000001
0 0 0 0
0.128296 0.002197
-1.709717 5.809814 0.818359
0.000978 1 0.000001
0 0 0 0
0.128052 0.026367
-1.643799 5.809814 1.114746
-0.000977 1 0.000001
0 0 0 0
0.053955 0.002197
-1.567139 5.809814 1.062256
-0.000977 1 0.000001
0 0 0 0
0.053955 0.026367
-1.915771 5.75415 -0.560303
-0.996128 0.00102 -0.087909
0 0 0 0
0.913818 0.002197
-1.915771 5.809814 0.560303
-0.996128 0.00102 0.087909
0 0 0 0
0.420898 0.026367
-1.915771 5.809814 -0.560303
-0.996128 0.00102 -0.087909
0 0 0 0
0.913818 0.026367
-1.915771 5.75415 0.560303
-0.996128 0.00102 0.087909
0 0 0 0
0.420898 0.002197
-1.793213 5.75415 0.858154
-0.897608 0.001173 0.440793
0 0 0 0
0.280273 0.002197
-1.793213 5.809814 0.858154
-0.897608 0.001173 0.440793
0 0 0 0
0.280273 0.026367
-1.643799 5.75415 1.114746
-0.823574 0.001224 0.567207
0 0 0 0
0.150146 0.002197
-1.643799 5.809814 1.114746
-0.823574 0.001224 0.567207
0 0 0 0
0.150146 0.026367
-1.458984 5.75415 1.343994
-0.721125 0.001272 0.692804
0 0 0 0
0.02124 0.002197
-1.458984 5.809814 1.343994
-0.721125 0.001272 0.692804
0 0 0 0
0.02124 0.026367
-0.51001 5.325195 1.892822
1 0.000978 -0.000001
0 0 0 0
0.438232 0.002197
-0.509766 5.325195 1.786133
1 0.000978 -0.000001
0 0 0 0
0.437988 0.026367
-0.51001 5.809814 1.802734
1 0.000978 -0.000001
0 0 0 0
0.55603 0.026367
-0.51001 5.809814 1.892822
1 0.000978 -0.000001
0 0 0 0
0.554321 0.002197
0.506592 5.325195 1.786133
0.000978 1 -0.000001
0 0 0 0
0.211426 0.026367
-0.509766 5.325195 1.786133
0.000978 1 -0.000001
0 0 0 0
0.437988 0.026367
-0.51001 5.325195 1.892822
0.000978 1 -0.000001
0 0 0 0
0.438232 0.002197
0.50708 5.325195 1.892822
0.000978 1 -0.000001
0 0 0 0
0.211182 0.002197
-0.730713 5.809814 1.83667
0.000978 1 0.000001
0 0 0 0
0.611938 0.002197
-0.51001 5.809814 1.892822
-0.000977 1 0.000001
0 0 0 0
0.554321 0.002197
-0.51001 5.809814 1.802734
-0.000977 1 0.000001
0 0 0 0
0.55603 0.026367
-0.699951 5.809814 1.75708
0.000978 1 0.000001
0 0 0 0
0.611694 0.026367
-0.952881 5.809814 1.63501
0.000978 1 -0.000001
0 0 0 0
0.69104 0.026367
-0.996338 5.809814 1.709717
0.000978 1 -0.000001
0 0 0 0
0.69104 0.002197
-1.237549 5.809814 1.538086
-0.000977 1 -0.000001
0 0 0 0
0.772461 0.002197
-1.184814 5.810059 1.475098
-0.000977 1 -0.000001
0 0 0 0
0.771851 0.026367
-1.392822 5.810059 1.282715
-0.000977 1 -0.000001
0 0 0 0
0.851685 0.026367
-1.458984 5.809814 1.343994
-0.000977 1 -0.000001
0 0 0 0
0.851807 0.002197
-1.567139 5.809814 1.062256
-0.000977 1 0.000001
0 0 0 0
0.92627 0.026367
-1.643799 5.809814 1.114746
-0.000977 1 0.000001
0 0 0 0
0.92627 0.002197
0.572021 5.277588 -1.812988
0.993058 0.005167 0.117515
0 0 0 0
0.009766 0.002197
0.578857 5.27417 -1.892822
0.993058 0.005167 0.117515
0 0 0 0
0.009766 0.026367
0.578857 5.75415 -1.892822
0.993058 0.005167 0.117515
0 0 0 0
0.108276 0.026367
0.566162 5.750488 -1.803711
0.993058 0.005167 0.117515
0 0 0 0
0.110596 0.002197
0.566162 5.750488 -1.803711
0.020683 -0.999671 -0.015158
0 0 0 0
0.110596 0.002197
0.578857 5.75415 -1.892822
0.020683 -0.999671 -0.015158
0 0 0 0
0.108276 0.026367
0.720215 5.75415 -1.835693
0.006856 -0.999969 -0.003859
0 0 0 0
0.136597 0.026367
0.689209 5.754639 -1.777344
0.006856 -0.999969 -0.003859
0 0 0 0
0.141113 0.002197
0.931641 5.754639 -1.674561
-0.002938 -0.999988 0.003898
0 0 0 0
0.197754 0.002197
0.986084 5.75415 -1.709473
-0.002938 -0.999988 0.003898
0 0 0 0
0.19751 0.026367
1.175537 5.754395 -1.489258
-0.000979 -0.999992 0.003905
0 0 0 0
0.255981 0.002197
1.227295 5.75415 -1.538086
-0.000979 -0.999992 0.003905
0 0 0 0
0.255981 0.026367
1.371338 5.754639 -1.314941
-0.002938 -0.999988 0.003898
0 0 0 0
0.314087 0.002197
1.44873 5.75415 -1.343994
-0.002938 -0.999988 0.003898
0 0 0 0
0.314087 0.026367
1.55542 5.754639 -1.091553
-0.002938 -0.999988 0.003898
0 0 0 0
0.371826 0.002197
1.633545 5.75415 -1.114746
-0.002938 -0.999988 0.003898
0 0 0 0
0.371826 0.026367
1.706543 5.754639 -0.839355
-0.002933 -0.999996 -0.000009
0 0 0 0
0.43042 0.002197
1.783203 5.75415 -0.858154
-0.002933 -0.999996 -0.000009
0 0 0 0
0.430298 0.026367
1.825928 5.754639 -0.560303
-0.004888 -0.999988 -0.000024
0 0 0 0
0.493042 0.002197
1.905762 5.75415 -0.560303
-0.004888 -0.999988 -0.000024
0 0 0 0
0.490479 0.026367
1.825928 5.754639 0.560303
-0.004888 -0.999988 0.000024
0 0 0 0
0.718018 0.002197
1.905762 5.75415 0.560303
-0.004888 -0.999988 0.000024
0 0 0 0
0.720581 0.026367
1.783203 5.75415 0.858154
-0.002933 -0.999996 0.000009
0 0 0 0
0.780762 0.026367
1.714355 5.754639 0.839355
-0.002938 -0.999988 -0.003898
0 0 0 0
0.78064 0.002197
1.633545 5.75415 1.114746
-0.002938 -0.999988 -0.003898
0 0 0 0
0.839233 0.026367
1.545166 5.754639 1.091553
-0.002938 -0.999988 -0.003898
0 0 0 0
0.839233 0.002197
1.44873 5.75415 1.343994
-0.002938 -0.999988 -0.003898
0 0 0 0
0.896973 0.026367
1.371338 5.754639 1.314941
-0.002938 -0.999988 -0.003898
0 0 0 0
0.896973 0.002197
1.227295 5.75415 1.538086
-0.002938 -0.999988 -0.003898
0 0 0 0
0.955078 0.026367
1.160645 5.754639 1.505615
-0.002938 -0.999988 -0.003898
0 0 0 0
0.955078 0.002197
0.578857 5.75415 1.892822
0.993058 0.005167 -0.117515
0 0 0 0
0.169312 0.026367
0.578857 5.27417 1.892822
0.993058 0.005167 -0.117515
0 0 0 0
0.267822 0.026367
0.572021 5.277588 1.812988
0.993058 0.005167 -0.117515
0 0 0 0
0.267822 0.002197
0.566162 5.750488 1.803711
0.993058 0.005167 -0.117515
0 0 0 0
0.167114 0.002197
0.720215 5.75415 1.835693
0.006856 -0.999969 0.003859
0 0 0 0
0.140991 0.026367
0.578857 5.75415 1.892822
0.020683 -0.999671 0.015158
0 0 0 0
0.169312 0.026367
0.566162 5.750488 1.803711
0.020683 -0.999671 0.015158
0 0 0 0
0.167114 0.002197
0.689209 5.754639 1.777344
0.006856 -0.999969 0.003859
0 0 0 0
0.136475 0.002197
0.931641 5.754639 1.674561
-0.002938 -0.999988 -0.003898
0 0 0 0
0.079834 0.002197
0.986084 5.75415 1.709473
-0.002938 -0.999988 -0.003898
0 0 0 0
0.0802 0.026367
1.160645 5.754639 1.505615
-0.002938 -0.999988 -0.003898
0 0 0 0
0.021606 0.002197
1.227295 5.75415 1.538086
-0.002938 -0.999988 -0.003898
0 0 0 0
0.021606 0.026367
-0.589111 5.75415 -1.892822
-0.993901 0.00515 0.110154
0 0 0 0
0.705322 0.026367
-0.589111 5.27417 -1.892822
-0.993901 0.00515 0.110154
0 0 0 0
0.803955 0.026367
-0.582275 5.277588 -1.812988
-0.993901 0.00515 0.110154
0 0 0 0
0.803955 0.002197
-0.577148 5.750488 -1.803711
-0.993901 0.00515 0.110154
0 0 0 0
0.703125 0.002197
-0.730469 5.75415 -1.835693
-0.006856 -0.999969 -0.003859
0 0 0 0
0.677124 0.026367
-0.589111 5.75415 -1.892822
-0.020683 -0.999671 -0.015158
0 0 0 0
0.705322 0.026367
-0.577148 5.750488 -1.803711
-0.020683 -0.999671 -0.015158
0 0 0 0
0.703125 0.002197
-0.700195 5.754639 -1.777344
-0.006856 -0.999969 -0.003859
0 0 0 0
0.672485 0.002197
-0.94165 5.754639 -1.674561
0.002938 -0.999988 0.003898
0 0 0 0
0.615967 0.002197
-0.996094 5.75415 -1.709473
0.002938 -0.999988 0.003898
0 0 0 0
0.616211 0.026367
-1.170654 5.754639 -1.505615
0.002938 -0.999988 0.003898
0 0 0 0
0.557617 0.002197
-1.237549 5.75415 -1.538086
0.002938 -0.999988 0.003898
0 0 0 0
0.557617 0.026367
-1.393066 5.754639 -1.314941
0.002938 -0.999988 0.003898
0 0 0 0
0.499512 0.002197
-1.458984 5.75415 -1.343994
0.002938 -0.999988 0.003898
0 0 0 0
0.499634 0.026367
-1.569336 5.754639 -1.091553
0.002938 -0.999988 0.003898
0 0 0 0
0.441895 0.002197
-1.643799 5.75415 -1.114746
0.002938 -0.999988 0.003898
0 0 0 0
0.441895 0.026367
-1.717773 5.754639 -0.839355
0.002933 -0.999996 -0.000009
0 0 0 0
0.383301 0.002197
-1.793213 5.75415 -0.858154
0.002933 -0.999996 -0.000009
0 0 0 0
0.383301 0.026367
-1.835938 5.754639 -0.560303
0.004888 -0.999988 -0.000024
0 0 0 0
0.320679 0.002197
-1.915771 5.75415 -0.560303
0.004888 -0.999988 -0.000024
0 0 0 0
0.323242 0.026367
-1.915771 5.75415 0.560303
0.004888 -0.999988 0.000024
0 0 0 0
0.09314 0.026367
-1.835938 5.754639 0.560303
0.004888 -0.999988 0.000024
0 0 0 0
0.095703 0.002197
-1.793213 5.75415 0.858154
0.004888 -0.999988 0.000024
0 0 0 0
0.033081 0.026367
-1.724609 5.754639 0.839355
0.004897 -0.99998 -0.003882
0 0 0 0
0.033081 0.002197
-0.589111 5.27417 -1.892822
0.000998 -0.999094 0.042547
0 0 0 0
0.714111 0.026367
0.578857 5.27417 -1.892822
0.000998 -0.999094 0.042547
0 0 0 0
0.951416 0.026367
0.572021 5.277588 -1.812988
0.000998 -0.999094 0.042547
0 0 0 0
0.951416 0.002197
-0.582275 5.277588 -1.812988
0.000998 -0.999094 0.042547
0 0 0 0
0.714111 0.002197
-0.582275 5.277588 1.812988
-0.993901 0.00515 -0.110154
0 0 0 0
0.505127 0.002197
-0.589111 5.27417 1.892822
-0.993901 0.00515 -0.110154
0 0 0 0
0.505127 0.026367
-0.589111 5.75415 1.892822
-0.993901 0.00515 -0.110154
0 0 0 0
0.603638 0.026367
-0.577148 5.750488 1.803711
-0.993901 0.00515 -0.110154
0 0 0 0
0.605835 0.002197
-0.577148 5.750488 1.803711
-0.020683 -0.999671 0.015158
0 0 0 0
0.605835 0.002197
-0.589111 5.75415 1.892822
-0.020683 -0.999671 0.015158
0 0 0 0
0.603638 0.026367
-0.730469 5.75415 1.835693
-0.006856 -0.999969 0.003859
0 0 0 0
0.631836 0.026367
-0.700195 5.754639 1.777344
-0.006856 -0.999969 0.003859
0 0 0 0
0.636475 0.002197
-0.94165 5.754639 1.674561
0.002938 -0.999988 -0.003898
0 0 0 0
0.693115 0.002197
-0.996094 5.75415 1.709473
0.002938 -0.999988 -0.003898
0 0 0 0
0.692871 0.026367
-1.170654 5.754639 1.505615
0.002938 -0.999988 -0.003898
0 0 0 0
0.751343 0.002197
-1.237549 5.75415 1.538086
0.002938 -0.999988 -0.003898
0 0 0 0
0.751343 0.026367
-1.381592 5.754639 1.314941
0.002938 -0.999988 -0.003898
0 0 0 0
0.809448 0.002197
-1.458984 5.75415 1.343994
0.002938 -0.999988 -0.003898
0 0 0 0
0.809448 0.026367
-1.570312 5.754639 1.091553
0.002938 -0.999988 -0.003898
0 0 0 0
0.867188 0.002197
-1.643799 5.75415 1.114746
0.002938 -0.999988 -0.003898
0 0 0 0
0.867188 0.026367
-1.724609 5.754639 0.839355
0.004897 -0.99998 -0.003882
0 0 0 0
0.925659 0.002197
-1.793213 5.75415 0.858154
0.004888 -0.999988 0.000024
0 0 0 0
0.925659 0.026367
0.572021 5.277588 1.812988
0.000998 -0.999094 -0.042547
0 0 0 0
0.267822 0.002197
0.578857 5.27417 1.892822
0.000998 -0.999094 -0.042547
0 0 0 0
0.267822 0.026367
-0.589111 5.27417 1.892822
0.000998 -0.999094 -0.042547
0 0 0 0
0.505127 0.026367
-0.582275 5.277588 1.812988
0.000998 -0.999094 -0.042547
0 0 0 0
0.505127 0.002197
2.04834 4.761719 -0.308838
0.584352 0.806671 -0.088405
0 0 0 0
0.036499 0.411011
2.240234 4.666748 -0.337646
0.434565 0.89837 -0.063913
0 0 0 0
0.036499 0.469482
2.164795 4.666748 -0.667725
0.420527 0.898162 -0.128309
0 0 0 0
0.169556 0.469482
1.979492 4.761719 -0.610596
0.564809 0.806416 -0.175169
0 0 0 0
0.169556 0.411011
1.913086 4.916992 -0.28833
0.889905 0.436105 -0.133721
0 0 0 0
0.036499 0.315552
1.848633 4.916992 -0.570312
0.859187 0.436744 -0.266556
0 0 0 0
0.169556 0.315552
1.833008 5.08667 -0.56543
0.950941 0.094538 -0.294573
0 0 0 0
0.169556 0.21106
1.896973 5.08667 -0.285889
0.984141 0.095375 -0.149568
0 0 0 0
0.036499 0.21106
1.74292 4.916992 -0.839355
0.810339 0.436868 -0.390509
0 0 0 0
0.302612 0.315552
1.728271 5.08667 -0.832275
0.897078 0.094737 -0.431597
0 0 0 0
0.302612 0.21106
1.584961 5.08667 -1.080566
0.822006 0.096491 -0.561245
0 0 0 0
0.435669 0.21106
1.598389 4.916992 -1.089844
0.742694 0.437938 -0.506573
0 0 0 0
0.435669 0.315552
1.40625 5.08667 -1.304688
0.730301 0.094926 -0.676498
0 0 0 0
0.568726 0.21106
1.418213 4.916992 -1.315918
0.658923 0.438041 -0.611506
0 0 0 0
0.568726 0.315552
1.711426 4.761719 -1.166992
0.488564 0.806751 -0.332351
0 0 0 0
0.435669 0.411011
1.518555 4.761719 -1.408936
0.43395 0.806568 -0.401417
0 0 0 0
0.568604 0.411011
1.206299 4.916992 -1.512451
0.560081 0.437603 -0.703429
0 0 0 0
0.70166 0.315552
1.196045 5.08667 -1.499756
0.621651 0.095137 -0.777495
0 0 0 0
0.70166 0.21106
0.967285 4.916992 -1.675293
0.449816 0.436778 -0.779031
0 0 0 0
0.834717 0.315552
0.959229 5.08667 -1.661377
0.497566 0.094711 -0.86224
0 0 0 0
0.834717 0.21106
0.706787 4.916992 -1.800781
0.329926 0.435927 -0.837327
0 0 0 0
0.967773 0.315552
0.700928 5.08667 -1.785645
0.36493 0.09632 -0.926039
0 0 0 0
0.967773 0.21106
1.035645 4.761719 -1.793945
0.294528 0.806646 -0.512421
0 0 0 0
0.834717 0.411011
0.756836 4.761719 -1.928223
0.215412 0.80688 -0.550038
0 0 0 0
0.967773 0.411011
0.827637 4.666748 -2.108887
0.161206 0.898811 -0.407617
0 0 0 0
0.967773 0.469482
1.132812 4.666748 -1.961914
0.219512 0.897587 -0.382299
0 0 0 0
0.834839 0.469482
1.412598 4.666748 -1.77124
0.273073 0.898534 -0.343611
0 0 0 0
0.70166 0.469482
1.291504 4.761719 -1.619629
0.367564 0.807223 -0.46183
0 0 0 0
0.70166 0.411011
1.660645 4.666748 -1.541016
0.321842 0.898707 -0.297898
0 0 0 0
0.568604 0.469482
1.871826 4.666748 -1.276123
0.363473 0.898312 -0.246826
0 0 0 0
0.435669 0.469482
1.866211 4.761719 -0.898682
0.531371 0.807465 -0.256214
0 0 0 0
0.302612 0.411011
2.041016 4.666748 -0.98291
0.395519 0.898712 -0.189425
0 0 0 0
0.302612 0.469482
-1.40625 5.08667 1.304688
0.000978 -1 -0.000001
0 0 0 0
0.101562 0.026367
-1.462646 5.08667 1.357178
0.000978 -1 -0.000001
0 0 0 0
0.101562 0.002197
-1.648682 5.08667 1.124023
0.000978 -1 -0.000001
0 0 0 0
0.009766 0.002197
-1.584961 5.08667 1.080566
0.000978 -1 -0.000001
0 0 0 0
0.009766 0.026367
-1.584961 5.08667 1.080566
0.000978 -1 -0.000001
0 0 0 0
0.927246 0.026367
-1.648682 5.08667 1.124023
0.000978 -1 -0.000001
0 0 0 0
0.927246 0.002197
-1.797607 5.08667 0.865723
0.000978 -1 -0.000001
0 0 0 0
0.835571 0.002197
-1.728271 5.08667 0.832275
0.000978 -1 -0.000001
0 0 0 0
0.835571 0.026367
-1.906738 5.08667 0.588135
0.000978 -1 -0.000001
0 0 0 0
0.744263 0.002197
-1.833008 5.08667 0.56543
0.000978 -1 -0.000001
0 0 0 0
0.744141 0.026367
-1.9729 5.08667 0.297363
0.000978 -1 -0.000001
0 0 0 0
0.652588 0.002197
-1.896973 5.08667 0.285889
0.000978 -1 -0.000001
0 0 0 0
0.652588 0.026367
-1.918213 5.08667 0
0.000978 -1 -0.000001
0 0 0 0
0.560913 0.026367
-1.995361 5.08667 0
0.000978 -1 -0.000001
0 0 0 0
0.560791 0.002197
-1.9729 5.08667 -0.297363
0.000978 -1 -0.000001
0 0 0 0
0.46936 0.002197
-1.896973 5.08667 -0.285889
0.000978 -1 -0.000001
0 0 0 0
0.46936 0.026367
-1.833008 5.08667 -0.56543
0.000978 -1 -0.000001
0 0 0 0
0.377808 0.026367
-1.906738 5.08667 -0.588135
0.000978 -1 -0.000001
0 0 0 0
0.377808 0.002197
-1.728271 5.08667 -0.832275
0.000978 -1 0.000001
0 0 0 0
0.286377 0.026367
-1.797607 5.08667 -0.865723
0.000978 -1 0.000001
0 0 0 0
0.286377 0.002197
-1.584961 5.08667 -1.080566
0.000978 -1 0.000001
0 0 0 0
0.194214 0.026367
-1.648682 5.08667 -1.124023
0.000978 -1 0.000001
0 0 0 0
0.194214 0.002197
-1.40625 5.08667 -1.304688
0.000978 -1 -0.000001
0 0 0 0
0.102539 0.026367
-1.462646 5.08667 -1.357178
0.000978 -1 -0.000001
0 0 0 0
0.102539 0.002197
-1.244141 5.08667 -1.560059
0.000978 -1 -0.000001
0 0 0 0
0.009766 0.002197
-1.196045 5.08667 -1.499756
0.000978 -1 -0.000001
0 0 0 0
0.011597 0.026367
1.648682 5.08667 1.124023
0.827104 0.001222 0.562047
0 0 0 0
0.862793 0.002197
1.462646 5.164307 1.357178
0.733523 0.001267 0.679663
0 0 0 0
0.955688 0.026367
1.462646 5.08667 1.357178
0.733523 0.001267 0.679663
0 0 0 0
0.955688 0.002197
1.648682 5.164307 1.124023
0.827104 0.001222 0.562047
0 0 0 0
0.862793 0.026367
1.797607 5.08667 0.865723
0.900463 0.001171 0.43493
0 0 0 0
0.769897 0.002197
1.797607 5.164307 0.865723
0.900463 0.001171 0.43493
0 0 0 0
0.769897 0.026367
1.906738 5.08667 0.588135
0.95552 0.001112 0.294924
0 0 0 0
0.677002 0.002197
1.906738 5.164307 0.588135
0.95552 0.001112 0.294924
0 0 0 0
0.677002 0.026367
1.9729 5.08667 0.297363
0.988642 0.001048 0.150286
0 0 0 0
0.583984 0.002197
1.9729 5.164307 0.297363
0.988642 0.001048 0.150286
0 0 0 0
0.583984 0.026367
1.995361 5.08667 0
1 0.000978 -0.000001
0 0 0 0
0.491089 0.002197
1.995361 5.164307 0
1 0.000978 -0.000001
0 0 0 0
0.491089 0.026367
1.9729 5.164307 -0.297363
0.988642 0.001048 -0.150286
0 0 0 0
0.398193 0.026367
1.9729 5.08667 -0.297363
0.988642 0.001048 -0.150286
0 0 0 0
0.398193 0.002197
1.906738 5.164307 -0.588135
0.95552 0.001112 -0.294924
0 0 0 0
0.305298 0.026367
1.906738 5.08667 -0.588135
0.95552 0.001112 -0.294924
0 0 0 0
0.305298 0.002197
1.797607 5.164307 -0.865723
0.900463 0.001171 -0.43493
0 0 0 0
0.21228 0.026367
1.797607 5.08667 -0.865723
0.900463 0.001171 -0.43493
0 0 0 0
0.21228 0.002197
1.648682 5.164307 -1.124023
0.827104 0.001222 -0.562047
0 0 0 0
0.119385 0.026367
1.648682 5.08667 -1.124023
0.827104 0.001222 -0.562047
0 0 0 0
0.119385 0.002197
1.462646 5.164307 -1.357178
0.733523 0.001267 -0.679663
0 0 0 0
0.026489 0.026367
1.462646 5.08667 -1.357178
0.733523 0.001267 -0.679663
0 0 0 0
0.026489 0.002197
1.462646 5.08667 1.357178
0.733523 0.001267 0.679663
0 0 0 0
0.046875 0.002197
1.462646 5.164307 1.357178
0.733523 0.001267 0.679663
0 0 0 0
0.046875 0.026367
1.244141 5.164307 1.560059
0.622541 0.001305 0.782586
0 0 0 0
0.139771 0.026367
1.244141 5.08667 1.560059
0.622541 0.001305 0.782586
0 0 0 0
0.139771 0.002197
0.997559 5.164307 1.728027
0.500689 0.001335 0.865626
0 0 0 0
0.232666 0.026367
0.997559 5.08667 1.728027
0.500689 0.001335 0.865626
0 0 0 0
0.232666 0.002197
0.729004 5.164307 1.857422
0.349631 0.00136 0.936887
0 0 0 0
0.325562 0.026367
0.729004 5.08667 1.857422
0.349631 0.00136 0.936887
0 0 0 0
0.325562 0.002197
0.57666 5.087158 1.88501
0.042845 0.001382 0.999081
0 0 0 0
0.373901 0.002197
0.57666 5.164307 1.88501
0.042845 0.001382 0.999081
0 0 0 0
0.373901 0.026367
-0.491455 5.164307 1.908447
-0.020735 0.001382 0.999784
0 0 0 0
0.708374 0.026367
-0.491455 5.087158 1.908447
-0.020735 0.001382 0.999784
0 0 0 0
0.708496 0.002197
-0.729004 5.164307 1.857422
-0.336444 0.001362 0.941703
0 0 0 0
0.784302 0.026367
-0.729004 5.08667 1.857422
-0.336444 0.001362 0.941703
0 0 0 0
0.784302 0.002197
-0.997559 5.164307 1.728027
-0.500689 0.001335 0.865626
0 0 0 0
0.877197 0.026367
-0.997559 5.08667 1.728027
-0.500689 0.001335 0.865626
0 0 0 0
0.877197 0.002197
-1.244141 5.164307 1.560059
-0.622541 0.001305 0.782586
0 0 0 0
0.970093 0.026367
-1.244141 5.08667 1.560059
-0.622541 0.001305 0.782586
0 0 0 0
0.970093 0.002197
-1.244141 5.08667 1.560059
-0.622541 0.001305 0.782586
0 0 0 0
0.053589 0.002197
-1.244141 5.164307 1.560059
-0.622541 0.001305 0.782586
0 0 0 0
0.053589 0.026367
-1.462646 5.164307 1.357178
-0.733523 0.001267 0.679663
0 0 0 0
0.146484 0.026367
-1.462646 5.08667 1.357178
-0.733523 0.001267 0.679663
0 0 0 0
0.146484 0.002197
-1.648682 5.164307 1.124023
-0.827104 0.001222 0.562048
0 0 0 0
0.23938 0.026367
-1.648682 5.08667 1.124023
-0.827104 0.001222 0.562048
0 0 0 0
0.23938 0.002197
-1.797607 5.164307 0.865723
-0.900463 0.001171 0.43493
0 0 0 0
0.332275 0.026367
-1.797607 5.08667 0.865723
-0.900463 0.001171 0.43493
0 0 0 0
0.332275 0.002197
-1.906738 5.164307 0.588135
-0.95552 0.001112 0.294924
0 0 0 0
0.425293 0.026367
-1.906738 5.08667 0.588135
-0.95552 0.001112 0.294924
0 0 0 0
0.425293 0.002197
-1.9729 5.164307 0.297363
-0.988642 0.001048 0.150286
0 0 0 0
0.518188 0.026367
-1.9729 5.08667 0.297363
-0.988642 0.001048 0.150286
0 0 0 0
0.518188 0.002197
-1.995361 5.164307 0
-1 0.000978 -0.000001
0 0 0 0
0.611084 0.026367
-1.995361 5.08667 0
-1 0.000978 -0.000001
0 0 0 0
0.611084 0.002197
-1.9729 5.08667 -0.297363
-0.988642 0.001048 -0.150286
0 0 0 0
0.703979 0.002197
-1.9729 5.164307 -0.297363
-0.988642 0.001048 -0.150286
0 0 0 0
0.703979 0.026367
-1.906738 5.08667 -0.588135
-0.95552 0.001112 -0.294924
0 0 0 0
0.796875 0.002197
-1.906738 5.164307 -0.588135
-0.95552 0.001112 -0.294924
0 0 0 0
0.796875 0.026367
-1.797607 5.08667 -0.865723
-0.900463 0.001171 -0.43493
0 0 0 0
0.889893 0.002197
-1.797607 5.164307 -0.865723
-0.900463 0.001171 -0.43493
0 0 0 0
0.889893 0.026367
-1.648682 5.08667 -1.124023
-0.827104 0.001222 -0.562048
0 0 0 0
0.982788 0.002197
-1.648682 5.164307 -1.124023
-0.827104 0.001222 -0.562048
0 0 0 0
0.982788 0.026367
1.244141 5.164307 1.560059
-0.000977 1 0.000001
0 0 0 0
0.921509 0.002197
1.412842 5.164307 1.311035
-0.000977 1 0.000001
0 0 0 0
0.840698 0.026367
1.20166 5.164307 1.50708
-0.000977 1 0.000001
0 0 0 0
0.921509 0.026367
1.462646 5.164307 1.357178
-0.000977 1 0.000001
0 0 0 0
0.840698 0.002197
1.592529 5.164307 1.085693
-0.000977 1 0.000001
0 0 0 0
0.759766 0.026367
1.648682 5.164307 1.124023
-0.000977 1 0.000001
0 0 0 0
0.759766 0.002197
1.797607 5.164307 0.865723
-0.000977 1 0.000001
0 0 0 0
0.678833 0.002197
1.736572 5.164307 0.836426
-0.000977 1 0.000001
0 0 0 0
0.678833 0.026367
1.906738 5.164307 0.588135
-0.000977 1 0.000001
0 0 0 0
0.598022 0.002197
1.841797 5.164307 0.568115
-0.000977 1 0.000001
0 0 0 0
0.598022 0.026367
1.9729 5.164307 0.297363
-0.000977 1 0.000001
0 0 0 0
0.51709 0.002197
1.85791 5.164307 0.287354
-0.000977 1 0.000001
0 0 0 0
0.51709 0.026367
1.995361 5.164307 0
-0.000977 1 -0.000001
0 0 0 0
0.436157 0.002197
1.85791 5.164307 0
-0.000977 1 -0.000001
0 0 0 0
0.436157 0.026367
1.85791 5.164307 -0.287354
-0.000977 1 -0.000001
0 0 0 0
0.355347 0.026367
1.9729 5.164307 -0.297363
-0.000977 1 -0.000001
0 0 0 0
0.355347 0.002197
1.841797 5.164307 -0.568115
-0.000977 1 -0.000001
0 0 0 0
0.274414 0.026367
1.906738 5.164307 -0.588135
-0.000977 1 -0.000001
0 0 0 0
0.274414 0.002197
1.797607 5.164307 -0.865723
-0.000977 1 -0.000001
0 0 0 0
0.193481 0.002197
1.736572 5.164307 -0.836426
-0.000977 1 -0.000001
0 0 0 0
0.193481 0.026367
1.592529 5.164307 -1.085693
-0.000977 1 -0.000001
0 0 0 0
0.112549 0.026367
1.648682 5.164307 -1.124023
-0.000977 1 -0.000001
0 0 0 0
0.112549 0.002197
1.462646 5.164307 -1.357178
-0.000977 1 -0.000001
0 0 0 0
0.031616 0.002197
1.412842 5.164307 -1.311035
-0.000977 1 -0.000001
0 0 0 0
0.031616 0.026367
1.244141 5.164307 1.560059
-0.000977 1 0.000001
0 0 0 0
0.027588 0.002197
1.20166 5.164307 1.50708
-0.000977 1 0.000001
0 0 0 0
0.027588 0.026367
0.963867 5.164307 1.669189
-0.000977 1 0.000001
0 0 0 0
0.108398 0.026367
0.997559 5.164307 1.728027
-0.000977 1 0.000001
0 0 0 0
0.108398 0.002197
0.704102 5.164307 1.794189
0.000978 1 -0.000001
0 0 0 0
0.189331 0.026367
0.729004 5.164307 1.857422
0.000978 1 -0.000001
0 0 0 0
0.189331 0.002197
0.57666 5.164307 1.88501
0.000981 0.999969 0.007804
0 0 0 0
0.23645 0.002197
0.564941 5.164795 1.847412
0.000981 0.999969 0.007804
0 0 0 0
0.242432 0.026367
-0.491455 5.164307 1.908447
-0.000981 0.999969 0.007804
0 0 0 0
0.691528 0.002197
-0.481689 5.164795 1.870361
-0.000981 0.999969 0.007804
0 0 0 0
0.686157 0.026367
-0.704102 5.164307 1.794189
-0.000977 1 -0.000001
0 0 0 0
0.767456 0.026367
-0.729004 5.164307 1.857422
-0.000977 1 -0.000001
0 0 0 0
0.767822 0.002197
-0.963867 5.164307 1.669189
0.000978 1 0.000001
0 0 0 0
0.848389 0.026367
-0.997559 5.164307 1.728027
0.000978 1 0.000001
0 0 0 0
0.848389 0.002197
-1.20166 5.164307 1.50708
0.000978 1 0.000001
0 0 0 0
0.929321 0.026367
-1.244141 5.164307 1.560059
0.000978 1 0.000001
0 0 0 0
0.929321 0.002197
-1.244141 5.164307 1.560059
0.000978 1 0.000001
0 0 0 0
0.01416 0.002197
-1.20166 5.164307 1.50708
0.000978 1 0.000001
0 0 0 0
0.01416 0.026367
-1.412842 5.164307 1.311035
0.000978 1 0.000001
0 0 0 0
0.095093 0.026367
-1.462646 5.164307 1.357178
0.000978 1 0.000001
0 0 0 0
0.095093 0.002197
-1.592529 5.164307 1.085693
0.000978 1 0.000001
0 0 0 0
0.175903 0.026367
-1.648682 5.164307 1.124023
0.000978 1 0.000001
0 0 0 0
0.175903 0.002197
-1.736572 5.164307 0.836426
0.000978 1 0.000001
0 0 0 0
0.256836 0.026367
-1.797607 5.164307 0.865723
0.000978 1 0.000001
0 0 0 0
0.256836 0.002197
-1.841797 5.164307 0.568115
0.000978 1 0.000001
0 0 0 0
0.337769 0.026367
-1.906738 5.164307 0.588135
0.000978 1 0.000001
0 0 0 0
0.337769 0.002197
-1.9729 5.164307 0.297363
0.000978 1 0.000001
0 0 0 0
0.418579 0.002197
-1.873291 5.164307 0.287354
0.000978 1 0.000001
0 0 0 0
0.418579 0.026367
-1.995361 5.164307 0
0.000978 1 -0.000001
0 0 0 0
0.499512 0.002197
-1.873291 5.164307 0
0.000978 1 -0.000001
0 0 0 0
0.499512 0.026367
-1.873291 5.164307 -0.287354
0.000978 1 -0.000001
0 0 0 0
0.580444 0.026367
-1.9729 5.164307 -0.297363
0.000978 1 -0.000001
0 0 0 0
0.580444 0.002197
-1.841797 5.164307 -0.568115
0.000978 1 -0.000001
0 0 0 0
0.661255 0.026367
-1.906738 5.164307 -0.588135
0.000978 1 -0.000001
0 0 0 0
0.661255 0.002197
-1.797607 5.164307 -0.865723
0.000978 1 -0.000001
0 0 0 0
0.742188 0.002197
-1.736572 5.164307 -0.836426
0.000978 1 -0.000001
0 0 0 0
0.742188 0.026367
-1.648682 5.164307 -1.124023
0.000978 1 -0.000001
0 0 0 0
0.82312 0.002197
-1.592529 5.164307 -1.085693
0.000978 1 -0.000001
0 0 0 0
0.82312 0.026367
-1.462646 5.164307 -1.357178
0.000978 1 -0.000001
0 0 0 0
0.904053 0.002197
-1.412842 5.164307 -1.311035
0.000978 1 -0.000001
0 0 0 0
0.903931 0.026367
-1.244141 5.164307 -1.560059
0.000978 1 -0.000001
0 0 0 0
0.986084 0.002197
-1.20166 5.164307 -1.50708
0.000978 1 -0.000001
0 0 0 0
0.984253 0.026367
0.959229 5.08667 -1.661377
0.000978 -1 0.000001
0 0 0 0
0.36853 0.026367
0.729004 5.08667 -1.857422
0.000978 -1 0.000001
0 0 0 0
0.461426 0.002197
0.997559 5.08667 -1.728027
0.000978 -1 0.000001
0 0 0 0
0.36853 0.002197
0.700928 5.08667 -1.785645
0.000978 -1 0.000001
0 0 0 0
0.459717 0.026367
0.57666 5.087158 -1.88501
0.000979 -0.999992 -0.003905
0 0 0 0
0.546265 0.002197
0.426758 5.08667 -1.870117
0.000981 -0.999969 -0.007804
0 0 0 0
0.655884 0.026367
0.143311 5.08667 -1.912842
0.000983 -0.999931 -0.011695
0 0 0 0
0.87915 0.026367
0.143311 5.08667 -1.912842
0.000989 0.999728 -0.023322
0 0 0 0
0.370605 0.026367
-0.143311 5.08667 -1.912842
0.000989 0.999728 -0.023322
0 0 0 0
0.591431 0.026367
-0.491455 5.087158 -1.908447
0.000989 0.999728 -0.023322
0 0 0 0
0.858643 0.002197
0.57666 5.087158 -1.88501
0.000989 0.999728 -0.023322
0 0 0 0
0.03772 0.002197
-0.143311 5.08667 -1.912842
-0.000981 -0.999969 -0.007804
0 0 0 0
0.15332 0.026367
-0.426758 5.08667 -1.870117
-0.000979 -0.999992 -0.003905
0 0 0 0
0.381226 0.026367
-0.491455 5.087158 -1.908447
-0.000979 -0.999992 -0.003905
0 0 0 0
0.420532 0.002197
-0.700928 5.08667 -1.785645
-0.000977 -1 0.000001
0 0 0 0
0.524414 0.026367
-0.729004 5.08667 -1.857422
-0.000977 -1 0.000001
0 0 0 0
0.524414 0.002197
-0.959229 5.08667 -1.661377
0.000978 -1 -0.000001
0 0 0 0
0.616089 0.026367
-0.997559 5.08667 -1.728027
0.000978 -1 -0.000001
0 0 0 0
0.616089 0.002197
-1.244141 5.08667 -1.560059
0.000978 -1 -0.000001
0 0 0 0
0.709229 0.002197
-1.196045 5.08667 -1.499756
0.000978 -1 -0.000001
0 0 0 0
0.707275 0.026367
1.462646 5.08667 -1.357178
0.733523 0.001267 -0.679663
0 0 0 0
0.933228 0.002197
1.244141 5.164307 -1.560059
0.622541 0.001305 -0.782586
0 0 0 0
0.84021 0.026367
1.462646 5.164307 -1.357178
0.733523 0.001267 -0.679663
0 0 0 0
0.933228 0.026367
1.244141 5.08667 -1.560059
0.622541 0.001305 -0.782586
0 0 0 0
0.84021 0.002197
0.997559 5.164307 -1.728027
0.500689 0.001335 -0.865626
0 0 0 0
0.747314 0.026367
0.997559 5.08667 -1.728027
0.500689 0.001335 -0.865626
0 0 0 0
0.747314 0.002197
0.729004 5.164307 -1.857422
0.349631 0.00136 -0.936887
0 0 0 0
0.654419 0.026367
0.729004 5.08667 -1.857422
0.349631 0.00136 -0.936887
0 0 0 0
0.654419 0.002197
0.57666 5.087158 -1.88501
0.042845 0.001382 -0.999081
0 0 0 0
0.606079 0.002197
0.57666 5.164307 -1.88501
0.042845 0.001382 -0.999081
0 0 0 0
0.606079 0.026367
-0.491455 5.164307 -1.908447
-0.020735 0.001382 -0.999784
0 0 0 0
0.271484 0.026367
-0.491455 5.087158 -1.908447
-0.020735 0.001382 -0.999784
0 0 0 0
0.271484 0.002197
-0.729004 5.164307 -1.857422
-0.336444 0.001362 -0.941703
0 0 0 0
0.195557 0.026367
-0.729004 5.08667 -1.857422
-0.336444 0.001362 -0.941703
0 0 0 0
0.195557 0.002197
-0.997559 5.164307 -1.728027
-0.500689 0.001335 -0.865626
0 0 0 0
0.102661 0.026367
-0.997559 5.08667 -1.728027
-0.500689 0.001335 -0.865626
0 0 0 0
0.102661 0.002197
-1.244141 5.164307 -1.560059
-0.622541 0.001305 -0.782586
0 0 0 0
0.009766 0.026367
-1.244141 5.08667 -1.560059
-0.622541 0.001305 -0.782586
0 0 0 0
0.009766 0.002197
-1.244141 5.08667 -1.560059
-0.622541 0.001305 -0.782586
0 0 0 0
0.825317 0.002197
-1.462646 5.164307 -1.357178
-0.733523 0.001267 -0.679663
0 0 0 0
0.7323 0.026367
-1.244141 5.164307 -1.560059
-0.622541 0.001305 -0.782586
0 0 0 0
0.825317 0.026367
-1.462646 5.08667 -1.357178
-0.733523 0.001267 -0.679663
0 0 0 0
0.7323 0.002197
-1.648682 5.164307 -1.124023
-0.827104 0.001222 -0.562048
0 0 0 0
0.639404 0.026367
-1.648682 5.08667 -1.124023
-0.827104 0.001222 -0.562048
0 0 0 0
0.639404 0.002197
1.412842 5.164307 -1.311035
-0.000977 1 -0.000001
0 0 0 0
0.993896 0.026367
1.462646 5.164307 -1.357178
-0.000977 1 -0.000001
0 0 0 0
0.993896 0.002197
1.244141 5.164307 -1.560059
-0.000977 1 -0.000001
0 0 0 0
0.912964 0.002197
1.20166 5.164307 -1.50708
-0.000977 1 -0.000001
0 0 0 0
0.912964 0.026367
0.963867 5.164307 -1.669189
-0.000977 1 -0.000001
0 0 0 0
0.832031 0.026367
0.997559 5.164307 -1.728027
-0.000977 1 -0.000001
0 0 0 0
0.832031 0.002197
0.704102 5.164307 -1.794189
0.000978 1 0.000001
0 0 0 0
0.751221 0.026367
0.729004 5.164307 -1.857422
0.000978 1 0.000001
0 0 0 0
0.751099 0.002197
0.57666 5.164307 -1.88501
0.000981 0.999969 -0.007804
0 0 0 0
0.703979 0.002197
0.564941 5.164795 -1.847412
0.000981 0.999969 -0.007804
0 0 0 0
0.697998 0.026367
-0.491455 5.164307 -1.908447
-0.000981 0.999969 -0.007804
0 0 0 0
0.248779 0.002197
-0.481689 5.164795 -1.870361
-0.000981 0.999969 -0.007804
0 0 0 0
0.25415 0.026367
-0.704102 5.164307 -1.794189
-0.000977 1 0.000001
0 0 0 0
0.172852 0.026367
-0.729004 5.164307 -1.857422
-0.000977 1 0.000001
0 0 0 0
0.172485 0.002197
-0.963867 5.164307 -1.669189
0.000978 1 -0.000001
0 0 0 0
0.091797 0.026367
-0.997559 5.164307 -1.728027
0.000978 1 -0.000001
0 0 0 0
0.091797 0.002197
-1.20166 5.164307 -1.50708
0.000978 1 -0.000001
0 0 0 0
0.011597 0.026367
-1.244141 5.164307 -1.560059
0.000978 1 -0.000001
0 0 0 0
0.009766 0.002197
2.074219 4.893311 -4.376221
-0.000977 1 0.000001
0 0 0 0
0.001465 0.032715
2.408203 4.893311 -4.294434
-0.000977 1 0.000001
0 0 0 0
0.996582 0.092285
2.408203 4.893311 -4.376221
-0.000977 1 0.000001
0 0 0 0
0.996582 0.032715
2.074219 4.893311 -4.294434
-0.000977 1 0.000001
0 0 0 0
0.001465 0.092285
2.135742 4.875244 -4.376221
-0.001382 0.001382 -0.999998
0 0 0 0
0.608521 0.026367
2.074219 4.893311 -4.376221
-0.001382 0.001382 -0.999998
0 0 0 0
0.718628 0.001953
2.408203 4.893311 -4.376221
0.001382 0.001382 -0.999998
0 0 0 0
0.121338 0.001953
2.34668 4.875244 -4.376221
0.001382 0.001382 -0.999998
0 0 0 0
0.231323 0.026367
2.34668 4.725098 -4.376221
0.001382 0.001382 -0.999998
0 0 0 0
0.111694 0.792725
2.34668 4.875244 -4.376221
0.001382 0.001382 -0.999998
0 0 0 0
0.111694 0.50354
2.408203 4.893311 -4.376221
0.001382 0.001382 -0.999998
0 0 0 0
0.001465 0.470215
2.408203 4.666748 -4.376221
0.001382 0.001382 -0.999998
0 0 0 0
0.001465 0.904785
2.408203 4.666748 -4.294434
1 -0.000977 -0.000001
0 0 0 0
0.114014 0.0271
2.408203 4.666748 -4.376221
1 -0.000977 -0.000001
0 0 0 0
0.114014 0.00415
2.408203 4.893311 -4.376221
1 -0.000977 -0.000001
0 0 0 0
0.004761 0.00415
2.408203 4.893311 -4.294434
1 -0.000977 -0.000001
0 0 0 0
0.004761 0.0271
2.34668 4.875244 -4.294434
-1 0.000978 -0.000001
0 0 0 0
0.245117 0.217285
2.34668 4.875244 -4.376221
-1 0.000978 -0.000001
0 0 0 0
0.245117 0.095215
2.34668 4.725098 -4.376221
-1 0.000978 -0.000001
0 0 0 0
0.001465 0.095215
2.34668 4.725098 -4.294434
-1 0.000978 -0.000001
0 0 0 0
0.001465 0.217285
2.135742 4.875244 -4.294434
0.000978 -1 -0.000001
0 0 0 0
0.322632 0.095215
2.135742 4.875244 -4.376221
0.000978 -1 -0.000001
0 0 0 0
0.322632 0.217285
2.34668 4.875244 -4.376221
0.000978 -1 -0.000001
0 0 0 0
0.001465 0.217285
2.34668 4.875244 -4.294434
0.000978 -1 -0.000001
0 0 0 0
0.001465 0.095215
2.34668 4.725098 -4.376221
0.000978 1 -0.000001
0 0 0 0
0.238159 0.095215
2.135742 4.725098 -4.294434
0.000978 1 -0.000001
0 0 0 0
0.001465 0.217285
2.34668 4.725098 -4.294434
0.000978 1 -0.000001
0 0 0 0
0.238159 0.217285
2.135742 4.725098 -4.376221
0.000978 1 -0.000001
0 0 0 0
0.001465 0.095215
2.408203 4.893311 -4.294434
-0.001382 0.001382 0.999998
0 0 0 0
0.602173 0.470215
2.34668 4.875244 -4.294434
-0.001382 0.001382 0.999998
0 0 0 0
0.492065 0.50354
2.34668 4.725098 -4.294434
-0.001382 0.001382 0.999998
0 0 0 0
0.492065 0.792725
2.408203 4.666748 -4.294434
-0.001382 0.001382 0.999998
0 0 0 0
0.602173 0.904785
2.408203 4.666748 -4.294434
-0.001382 0.001382 0.999998
0 0 0 0
0.601807 0.217896
2.34668 4.725098 -4.294434
-0.001382 0.001382 0.999998
0 0 0 0
0.507935 0.094604
2.135742 4.725098 -4.294434
0.001382 0.001382 0.999998
0 0 0 0
0.186035 0.094604
2.074219 4.666748 -4.294434
0.001382 0.001382 0.999998
0 0 0 0
0.092041 0.217896
2.074219 4.893311 -4.294434
0.001382 0.001382 0.999998
0 0 0 0
0.001465 0.470215
2.074219 4.666748 -4.294434
0.001382 0.001382 0.999998
0 0 0 0
0.001465 0.904785
2.135742 4.725098 -4.294434
0.001382 0.001382 0.999998
0 0 0 0
0.111694 0.792725
2.135742 4.875244 -4.294434
0.001382 0.001382 0.999998
0 0 0 0
0.111694 0.50354
2.135742 4.875244 -4.294434
1 0.000978 -0.000001
0 0 0 0
0.001465 0.095215
2.135742 4.725098 -4.294434
1 0.000978 -0.000001
0 0 0 0
0.184204 0.095215
2.135742 4.725098 -4.376221
1 0.000978 -0.000001
0 0 0 0
0.184204 0.217285
2.135742 4.875244 -4.376221
1 0.000978 -0.000001
0 0 0 0
0.001465 0.217285
2.074219 4.893311 -4.294434
-1 0.000978 -0.000001
0 0 0 0
0.004761 0.00415
2.074219 4.666748 -4.376221
-1 0.000978 -0.000001
0 0 0 0
0.114014 0.0271
2.074219 4.666748 -4.294434
-1 0.000978 -0.000001
0 0 0 0
0.114014 0.00415
2.074219 4.893311 -4.376221
-1 0.000978 -0.000001
0 0 0 0
0.004761 0.0271
2.135742 4.725098 -4.376221
-0.001382 0.001382 -0.999998
0 0 0 0
0.186035 0.094604
2.34668 4.725098 -4.376221
0.001382 0.001382 -0.999998
0 0 0 0
0.507935 0.094604
2.408203 4.666748 -4.376221
0.001382 0.001382 -0.999998
0 0 0 0
0.601807 0.217896
2.074219 4.666748 -4.376221
-0.001382 0.001382 -0.999998
0 0 0 0
0.092041 0.217896
2.074219 4.893311 -4.376221
-0.001382 0.001382 -0.999998
0 0 0 0
0.602173 0.470215
2.135742 4.875244 -4.376221
-0.001382 0.001382 -0.999998
0 0 0 0
0.492065 0.50354
2.135742 4.725098 -4.376221
-0.001382 0.001382 -0.999998
0 0 0 0
0.492065 0.792725
2.074219 4.666748 -4.376221
-0.001382 0.001382 -0.999998
0 0 0 0
0.602173 0.904785
2.135742 4.875244 -4.294434
0.001382 0.001382 0.999998
0 0 0 0
0.231323 0.026367
2.34668 4.875244 -4.294434
-0.001382 0.001382 0.999998
0 0 0 0
0.608521 0.026367
2.408203 4.893311 -4.294434
-0.001382 0.001382 0.999998
0 0 0 0
0.718628 0.001953
2.074219 4.893311 -4.294434
0.001382 0.001382 0.999998
0 0 0 0
0.121338 0.001953
1.909912 5.809814 0.071289
0.000978 1 -0.000001
0 0 0 0
0.997437 0.029785
1.909912 5.809814 0.000244
0.000978 1 -0.000001
0 0 0 0
0.997437 0.003906
-1.939941 5.809814 0.000244
0.000978 1 -0.000001
0 0 0 0
0.001465 0.003906
-1.939941 5.809814 0.071289
0.000978 1 -0.000001
0 0 0 0
0.001465 0.029785
-1.939941 5.809814 -0.02002
0.000978 1 -0.000001
0 0 0 0
0.001465 0.026245
1.909912 5.809814 -0.02002
0.000978 1 -0.000001
0 0 0 0
0.997437 0.026245
1.909912 5.809814 -0.091064
0.000978 1 -0.000001
0 0 0 0
0.997437 0.001465
-1.939941 5.809814 -0.091064
0.000978 1 -0.000001
0 0 0 0
0.001465 0.001465
-1.939941 5.933838 -0.02002
0.000978 1 -0.000001
0 0 0 0
0.001465 0.029785
-1.939941 5.933838 0.000244
0.000978 1 -0.000001
0 0 0 0
0.001465 0.001465
1.909912 5.933838 0.000244
0.000978 1 -0.000001
0 0 0 0
0.997437 0.001465
1.909912 5.933838 -0.02002
0.000978 1 -0.000001
0 0 0 0
0.997437 0.029785
-1.939941 5.933838 -0.02002
-1 0.000978 -0.000001
0 0 0 0
0.22168 0.909546
-1.939941 5.809814 0.000244
-1 0.000978 -0.000001
0 0 0 0
0.245972 0.986938
-1.939941 5.933838 0.000244
-1 0.000978 -0.000001
0 0 0 0
0.245972 0.909546
-1.939941 5.809814 -0.02002
-1 0.000978 -0.000001
0 0 0 0
0.22168 0.986938
1.909912 5.809814 0.000244
0.001382 0.001382 0.999998
0 0 0 0
0.997437 0.029785
1.909912 5.933838 0.000244
0.001382 0.001382 0.999998
0 0 0 0
0.997437 0.001465
-1.939941 5.933838 0.000244
0.001382 0.001382 0.999998
0 0 0 0
0.001465 0.001465
-1.939941 5.809814 0.000244
0.001382 0.001382 0.999998
0 0 0 0
0.001465 0.029785
1.909912 5.809814 0.000244
1 0.000978 -0.000001
0 0 0 0
0.245972 0.986938
1.909912 5.809814 -0.02002
1 0.000978 -0.000001
0 0 0 0
0.22168 0.986938
1.909912 5.933838 -0.02002
1 0.000978 -0.000001
0 0 0 0
0.22168 0.909546
1.909912 5.933838 0.000244
1 0.000978 -0.000001
0 0 0 0
0.245972 0.909546
-1.939941 5.933838 -0.02002
0.001382 0.001382 -0.999998
0 0 0 0
0.997437 0.029785
1.909912 5.933838 -0.02002
0.001382 0.001382 -0.999998
0 0 0 0
0.001465 0.029785
1.909912 5.809814 -0.02002
0.001382 0.001382 -0.999998
0 0 0 0
0.001465 0.001465
-1.939941 5.809814 -0.02002
0.001382 0.001382 -0.999998
0 0 0 0
0.997437 0.001465
2.074219 4.893311 2.302246
-0.000977 1 0.000001
0 0 0 0
0.001465 0.032715
2.074219 4.893311 2.384033
-0.000977 1 0.000001
0 0 0 0
0.001465 0.092285
2.408203 4.893311 2.384033
-0.000977 1 0.000001
0 0 0 0
0.996582 0.092285
2.408203 4.893311 2.302246
-0.000977 1 0.000001
0 0 0 0
0.996582 0.032715
2.135742 4.725098 2.384033
0.001382 0.001382 0.999998
0 0 0 0
0.111694 0.792725
2.135742 4.875244 2.384033
0.001382 0.001382 0.999998
0 0 0 0
0.111694 0.50354
2.074219 4.893311 2.384033
0.001382 0.001382 0.999998
0 0 0 0
0.001465 0.470215
2.074219 4.666748 2.384033
0.001382 0.001382 0.999998
0 0 0 0
0.001465 0.904785
2.135742 4.875244 2.384033
0.001382 0.001382 0.999998
0 0 0 0
0.231323 0.026367
2.408203 4.893311 2.384033
-0.001382 0.001382 0.999998
0 0 0 0
0.718628 0.001953
2.074219 4.893311 2.384033
0.001382 0.001382 0.999998
0 0 0 0
0.121338 0.001953
2.34668 4.875244 2.384033
-0.001382 0.001382 0.999998
0 0 0 0
0.608521 0.026367
2.074219 4.893311 2.384033
-1 0.000978 -0.000001
0 0 0 0
0.004761 0.00415
2.074219 4.893311 2.302246
-1 0.000978 -0.000001
0 0 0 0
0.004761 0.0271
2.074219 4.666748 2.302246
-1 0.000978 -0.000001
0 0 0 0
0.114014 0.0271
2.074219 4.666748 2.384033
-1 0.000978 -0.000001
0 0 0 0
0.114014 0.00415
2.135742 4.725098 2.384033
1 0.000978 -0.000001
0 0 0 0
0.184204 0.095215
2.135742 4.875244 2.302246
1 0.000978 -0.000001
0 0 0 0
0.001465 0.217285
2.135742 4.875244 2.384033
1 0.000978 -0.000001
0 0 0 0
0.001465 0.095215
2.135742 4.725098 2.302246
1 0.000978 -0.000001
0 0 0 0
0.184204 0.217285
2.135742 4.875244 2.302246
0.000978 -1 -0.000001
0 0 0 0
0.322632 0.217285
2.34668 4.875244 2.384033
0.000978 -1 -0.000001
0 0 0 0
0.001465 0.095215
2.135742 4.875244 2.384033
0.000978 -1 -0.000001
0 0 0 0
0.322632 0.095215
2.34668 4.875244 2.302246
0.000978 -1 -0.000001
0 0 0 0
0.001465 0.217285
2.135742 4.725098 2.384033
0.001382 0.001382 0.999998
0 0 0 0
0.186035 0.094604
2.074219 4.666748 2.384033
0.001382 0.001382 0.999998
0 0 0 0
0.092041 0.217896
2.408203 4.666748 2.384033
0.001382 0.001382 0.999998
0 0 0 0
0.601807 0.217896
2.34668 4.725098 2.384033
0.001382 0.001382 0.999998
0 0 0 0
0.507935 0.094604
2.34668 4.725098 2.384033
0.000978 1 -0.000001
0 0 0 0
0.238159 0.217285
2.135742 4.725098 2.302246
0.000978 1 -0.000001
0 0 0 0
0.001465 0.095215
2.135742 4.725098 2.384033
0.000978 1 -0.000001
0 0 0 0
0.001465 0.217285
2.34668 4.725098 2.302246
0.000978 1 -0.000001
0 0 0 0
0.238159 0.095215
2.34668 4.725098 2.302246
0.001382 -0.001382 -0.999998
0 0 0 0
0.111694 0.792725
2.408203 4.893311 2.302246
-0.001382 -0.001382 -0.999998
0 0 0 0
0.001465 0.470215
2.408203 4.666748 2.302246
0.001382 -0.001382 -0.999998
0 0 0 0
0.001465 0.904785
2.34668 4.875244 2.302246
-0.001382 -0.001382 -0.999998
0 0 0 0
0.111694 0.50354
2.408203 4.893311 2.302246
1 -0.000977 -0.000001
0 0 0 0
0.004761 0.00415
2.408203 4.666748 2.384033
1 -0.000977 -0.000001
0 0 0 0
0.114014 0.0271
2.408203 4.666748 2.302246
1 -0.000977 -0.000001
0 0 0 0
0.114014 0.00415
2.408203 4.893311 2.384033
1 -0.000977 -0.000001
0 0 0 0
0.004761 0.0271
2.408203 4.666748 2.302246
0.001382 -0.001382 -0.999998
0 0 0 0
0.601807 0.217896
2.074219 4.666748 2.302246
0.001382 0.001382 -0.999998
0 0 0 0
0.092041 0.217896
2.135742 4.725098 2.302246
0.001382 0.001382 -0.999998
0 0 0 0
0.186035 0.094604
2.34668 4.725098 2.302246
0.001382 -0.001382 -0.999998
0 0 0 0
0.507935 0.094604
2.34668 4.725098 2.302246
-1 0.000978 -0.000001
0 0 0 0
0.001465 0.095215
2.34668 4.725098 2.384033
-1 0.000978 -0.000001
0 0 0 0
0.001465 0.217285
2.34668 4.875244 2.384033
-1 0.000978 -0.000001
0 0 0 0
0.245117 0.217285
2.34668 4.875244 2.302246
-1 0.000978 -0.000001
0 0 0 0
0.245117 0.095215
0.756836 4.761719 -1.928223
0.215412 0.80688 -0.550038
0 0 0 0
0.036743 0.411011
0.827637 4.666748 -2.108887
0.161206 0.898811 -0.407617
0 0 0 0
0.036743 0.469482
0.50415 4.666748 -2.20874
0.096966 0.898396 -0.428348
0 0 0 0
0.1698 0.469482
0.460938 4.761719 -2.019531
0.131332 0.806401 -0.576602
0 0 0 0
0.1698 0.411011
0.43042 4.916992 -1.885986
0.199525 0.437884 -0.876611
0 0 0 0
0.1698 0.315552
0.706787 4.916992 -1.800781
0.329926 0.435927 -0.837327
0 0 0 0
0.036743 0.315552
0.700928 5.08667 -1.785645
0.36493 0.09632 -0.926039
0 0 0 0
0.036743 0.21106
0.426758 5.08667 -1.870117
0.220932 0.094685 -0.970682
0 0 0 0
0.1698 0.21106
0.144531 4.916992 -1.929199
0.065967 0.437538 -0.896777
0 0 0 0
0.302856 0.315552
0.143311 5.08667 -1.912842
0.073136 0.095214 -0.992767
0 0 0 0
0.302856 0.21106
-0.143311 5.08667 -1.912842
-0.073136 0.095214 -0.992767
0 0 0 0
0.435913 0.21106
-0.144531 4.916992 -1.929199
-0.065967 0.437538 -0.896777
0 0 0 0
0.435913 0.315552
-0.426758 5.08667 -1.870117
-0.220932 0.094685 -0.970682
0 0 0 0
0.569092 0.21106
-0.43042 4.916992 -1.885986
-0.199525 0.437884 -0.876611
0 0 0 0
0.569092 0.315552
-0.154785 4.761719 -2.065674
-0.043126 0.80707 -0.588879
0 0 0 0
0.435913 0.411011
0.154785 4.761719 -2.065674
0.043126 0.80707 -0.588879
0 0 0 0
0.302856 0.411011
0.169189 4.666748 -2.259033
0.033983 0.898789 -0.437063
0 0 0 0
0.302856 0.469482
-0.169189 4.666748 -2.259033
-0.033983 0.898789 -0.437063
0 0 0 0
0.435913 0.469482
-0.460938 4.761719 -2.019531
-0.131332 0.806401 -0.576602
0 0 0 0
0.569092 0.411011
-0.50415 4.666748 -2.20874
-0.096966 0.898396 -0.428348
0 0 0 0
0.569092 0.469482
-0.756836 4.761719 -1.928223
-0.215411 0.80688 -0.550038
0 0 0 0
0.702148 0.411011
-0.827637 4.666748 -2.108887
-0.161206 0.898811 -0.407617
0 0 0 0
0.702148 0.469482
-1.035645 4.761719 -1.793945
-0.294528 0.806646 -0.512421
0 0 0 0
0.835205 0.411011
-1.132812 4.666748 -1.961914
-0.219512 0.897587 -0.382299
0 0 0 0
0.835205 0.469482
-1.291504 4.761719 -1.619629
-0.367564 0.807223 -0.46183
0 0 0 0
0.968262 0.411011
-1.412598 4.666748 -1.77124
-0.273073 0.898534 -0.343611
0 0 0 0
0.968262 0.469482
-0.967285 4.916992 -1.675293
-0.449816 0.436778 -0.779031
0 0 0 0
0.835205 0.315552
-1.206299 4.916992 -1.512451
-0.560081 0.437603 -0.703429
0 0 0 0
0.968262 0.315552
-0.959229 5.08667 -1.661377
-0.497566 0.094711 -0.86224
0 0 0 0
0.835205 0.21106
-1.196045 5.08667 -1.499756
-0.621651 0.095137 -0.777495
0 0 0 0
0.968262 0.21106
-0.706787 4.916992 -1.800781
-0.329926 0.435927 -0.837327
0 0 0 0
0.702148 0.315552
-0.700928 5.08667 -1.785645
-0.36493 0.09632 -0.926039
0 0 0 0
0.702148 0.21106
-1.913086 4.916992 0.28833
-0.889905 0.436105 0.133721
0 0 0 0
0.968018 0.315552
-1.896973 5.08667 0.285889
-0.984141 0.095375 0.149568
0 0 0 0
0.968018 0.21106
-1.918213 5.08667 0
-0.995479 0.094947 0.002705
0 0 0 0
0.834961 0.21106
-1.93457 4.916992 0
-0.899264 0.437401 -0.002063
0 0 0 0
0.834961 0.315552
-2.04834 4.761719 0.308838
-0.584352 0.806671 0.088406
0 0 0 0
0.968018 0.411011
-2.071533 4.761719 0
-0.591364 0.806405 -0.000116
0 0 0 0
0.834961 0.411011
-2.240234 4.666748 0.337646
-0.434565 0.89837 0.063913
0 0 0 0
0.968018 0.469482
-2.265381 4.666748 0
-0.438982 0.898496 0.000351
0 0 0 0
0.834961 0.469482
-2.240234 4.666748 -0.337646
-0.434565 0.89837 -0.063913
0 0 0 0
0.701904 0.469482
-2.04834 4.761719 -0.308838
-0.584352 0.806671 -0.088406
0 0 0 0
0.701904 0.411011
-1.913086 4.916992 -0.28833
-0.889905 0.436105 -0.133721
0 0 0 0
0.701904 0.315552
-1.896973 5.08667 -0.285889
-0.984141 0.095375 -0.149568
0 0 0 0
0.701904 0.21106
-1.848633 4.916992 -0.570312
-0.859187 0.436744 -0.266556
0 0 0 0
0.568726 0.315552
-1.979492 4.761719 -0.610596
-0.564809 0.806416 -0.175169
0 0 0 0
0.568726 0.411011
-2.164795 4.666748 -0.667725
-0.420527 0.898162 -0.128309
0 0 0 0
0.568726 0.469482
-1.866211 4.761719 -0.898682
-0.531371 0.807465 -0.256214
0 0 0 0
0.435669 0.411011
-2.041016 4.666748 -0.98291
-0.395519 0.898712 -0.189425
0 0 0 0
0.435669 0.469482
-1.871826 4.666748 -1.276123
-0.363473 0.898312 -0.246826
0 0 0 0
0.30249 0.469482
-1.711426 4.761719 -1.166992
-0.488564 0.806751 -0.332351
0 0 0 0
0.30249 0.411011
-1.660645 4.666748 -1.541016
-0.321842 0.898707 -0.297898
0 0 0 0
0.169434 0.469482
-1.518555 4.761719 -1.408936
-0.43395 0.806568 -0.401417
0 0 0 0
0.169434 0.411011
-1.412598 4.666748 -1.77124
-0.273073 0.898534 -0.343611
0 0 0 0
0.036377 0.469482
-1.291504 4.761719 -1.619629
-0.367564 0.807223 -0.46183
0 0 0 0
0.036377 0.411011
-1.418213 4.916992 -1.315918
-0.658923 0.438041 -0.611506
0 0 0 0
0.169434 0.315552
-1.206299 4.916992 -1.512451
-0.560081 0.437603 -0.703429
0 0 0 0
0.036377 0.315552
-1.196045 5.08667 -1.499756
-0.621651 0.095137 -0.777495
0 0 0 0
0.036377 0.21106
-1.40625 5.08667 -1.304688
-0.730301 0.094926 -0.676498
0 0 0 0
0.169434 0.21106
-1.598389 4.916992 -1.089844
-0.742694 0.437938 -0.506573
0 0 0 0
0.30249 0.315552
-1.584961 5.08667 -1.080566
-0.822006 0.096491 -0.561245
0 0 0 0
0.30249 0.21106
-1.74292 4.916992 -0.839355
-0.810339 0.436868 -0.390509
0 0 0 0
0.435669 0.315552
-1.728271 5.08667 -0.832275
-0.897078 0.094737 -0.431597
0 0 0 0
0.435669 0.21106
-1.833008 5.08667 -0.56543
-0.950941 0.094538 -0.294573
0 0 0 0
0.568726 0.21106
1.918213 5.08667 0
0.995479 0.094947 0.002705
0 0 0 0
0.834473 0.21106
1.913086 4.916992 -0.28833
0.889905 0.436105 -0.133721
0 0 0 0
0.967651 0.315552
1.896973 5.08667 -0.285889
0.984141 0.095375 -0.149568
0 0 0 0
0.967651 0.21106
1.93457 4.916992 0
0.899264 0.437401 0.002063
0 0 0 0
0.834595 0.315552
2.04834 4.761719 -0.308838
0.584352 0.806671 -0.088405
0 0 0 0
0.967651 0.411011
2.071533 4.761719 0
0.591364 0.806405 -0.000116
0 0 0 0
0.834595 0.411011
2.240234 4.666748 -0.337646
0.434565 0.89837 -0.063913
0 0 0 0
0.967651 0.469482
2.265381 4.666748 0
0.438982 0.898496 0.000351
0 0 0 0
0.834473 0.469482
2.240234 4.666748 0.337646
0.434565 0.89837 0.063913
0 0 0 0
0.701538 0.469482
2.04834 4.761719 0.308838
0.584352 0.806671 0.088405
0 0 0 0
0.701538 0.411011
2.164795 4.666748 0.667725
0.420527 0.898162 0.128309
0 0 0 0
0.568481 0.469482
1.979492 4.761719 0.610596
0.564809 0.806416 0.175169
0 0 0 0
0.568481 0.411011
1.866211 4.761719 0.898682
0.531371 0.807465 0.256214
0 0 0 0
0.435425 0.411011
2.041016 4.666748 0.98291
0.395519 0.898712 0.189425
0 0 0 0
0.435425 0.469482
1.871826 4.666748 1.276123
0.363473 0.898312 0.246826
0 0 0 0
0.302246 0.469482
1.711426 4.761719 1.166992
0.488564 0.806751 0.332351
0 0 0 0
0.302246 0.411011
1.518555 4.761719 1.408936
0.43395 0.806568 0.401417
0 0 0 0
0.169189 0.411011
1.660645 4.666748 1.541016
0.321842 0.898707 0.297898
0 0 0 0
0.169189 0.469482
1.291504 4.761719 1.619629
0.367564 0.807223 0.46183
0 0 0 0
0.036255 0.411011
1.412598 4.666748 1.77124
0.273073 0.898534 0.343611
0 0 0 0
0.036255 0.469482
1.206299 4.916992 1.512451
0.560081 0.437603 0.703429
0 0 0 0
0.036255 0.315552
1.418213 4.916992 1.315918
0.658923 0.438041 0.611506
0 0 0 0
0.169189 0.315552
1.598389 4.916992 1.089844
0.742694 0.437938 0.506573
0 0 0 0
0.302246 0.315552
1.74292 4.916992 0.839355
0.810339 0.436868 0.390509
0 0 0 0
0.435425 0.315552
1.848633 4.916992 0.570312
0.859187 0.436744 0.266556
0 0 0 0
0.568481 0.315552
1.913086 4.916992 0.28833
0.889905 0.436105 0.133721
0 0 0 0
0.701538 0.315552
1.896973 5.08667 0.285889
0.984141 0.095375 0.149568
0 0 0 0
0.701538 0.21106
1.833008 5.08667 0.56543
0.950941 0.094538 0.294573
0 0 0 0
0.568481 0.21106
1.728271 5.08667 0.832275
0.897078 0.094737 0.431597
0 0 0 0
0.435425 0.21106
1.584961 5.08667 1.080566
0.822006 0.096491 0.561245
0 0 0 0
0.302246 0.21106
1.40625 5.08667 1.304688
0.730301 0.094926 0.676498
0 0 0 0
0.169189 0.21106
1.196045 5.08667 1.499756
0.621651 0.095137 0.777495
0 0 0 0
0.036255 0.21106
-0.706787 4.916992 1.800781
-0.329926 0.435927 0.837327
0 0 0 0
0.036499 0.315552
-0.426758 5.08667 1.870117
-0.220932 0.094685 0.970682
0 0 0 0
0.169678 0.21106
-0.700928 5.08667 1.785645
-0.36493 0.09632 0.926039
0 0 0 0
0.036499 0.21106
-0.43042 4.916992 1.885986
-0.199525 0.437884 0.876611
0 0 0 0
0.169678 0.315552
-0.756836 4.761719 1.928223
-0.215411 0.80688 0.550038
0 0 0 0
0.036499 0.411011
-0.460938 4.761719 2.019531
-0.131332 0.806401 0.576602
0 0 0 0
0.169678 0.411011
-0.154785 4.761719 2.065674
-0.043126 0.80707 0.588879
0 0 0 0
0.302734 0.411011
-0.144531 4.916992 1.929199
-0.065967 0.437538 0.896777
0 0 0 0
0.302734 0.315552
-0.143311 5.08667 1.912842
-0.073136 0.095214 0.992767
0 0 0 0
0.302734 0.21106
0.144531 4.916992 1.929199
0.065967 0.437538 0.896777
0 0 0 0
0.435913 0.315552
0.154785 4.761719 2.065674
0.043126 0.80707 0.588879
0 0 0 0
0.435913 0.411011
0.460938 4.761719 2.019531
0.131332 0.806401 0.576602
0 0 0 0
0.56897 0.411011
0.43042 4.916992 1.885986
0.199525 0.437884 0.876611
0 0 0 0
0.569092 0.315552
0.756836 4.761719 1.928223
0.215412 0.80688 0.550038
0 0 0 0
0.702148 0.411011
0.706787 4.916992 1.800781
0.329926 0.435927 0.837327
0 0 0 0
0.702148 0.315552
1.035645 4.761719 1.793945
0.294528 0.806646 0.512421
0 0 0 0
0.835205 0.411011
0.967285 4.916992 1.675293
0.449816 0.436778 0.779031
0 0 0 0
0.835205 0.315552
1.206299 4.916992 1.512451
0.560081 0.437603 0.703429
0 0 0 0
0.96814 0.315552
1.291504 4.761719 1.619629
0.367564 0.807223 0.46183
0 0 0 0
0.96814 0.411011
1.412598 4.666748 1.77124
0.273073 0.898534 0.343611
0 0 0 0
0.96814 0.469482
1.132812 4.666748 1.961914
0.219512 0.897587 0.382299
0 0 0 0
0.835327 0.469482
0.827637 4.666748 2.108887
0.161206 0.898811 0.407617
0 0 0 0
0.702271 0.469482
0.50415 4.666748 2.20874
0.096966 0.898396 0.428348
0 0 0 0
0.56897 0.469482
0.169189 4.666748 2.259033
0.033983 0.898789 0.437063
0 0 0 0
0.435791 0.469482
-0.169189 4.666748 2.259033
-0.033983 0.898789 0.437063
0 0 0 0
0.302734 0.469482
-0.50415 4.666748 2.20874
-0.096966 0.898396 0.428348
0 0 0 0
0.169678 0.469482
-0.827637 4.666748 2.108887
-0.161206 0.898811 0.407617
0 0 0 0
0.036499 0.469482
1.196045 5.08667 1.499756
0.621651 0.095137 0.777495
0 0 0 0
0.96814 0.21106
0.959229 5.08667 1.661377
0.497566 0.094711 0.86224
0 0 0 0
0.835327 0.21106
0.700928 5.08667 1.785645
0.36493 0.09632 0.926039
0 0 0 0
0.702271 0.21106
0.426758 5.08667 1.870117
0.220932 0.094685 0.970682
0 0 0 0
0.56897 0.21106
0.143311 5.08667 1.912842
0.073136 0.095214 0.992767
0 0 0 0
0.435791 0.21106
-0.706787 4.916992 1.800781
-0.329926 0.435927 0.837327
0 0 0 0
0.968262 0.315552
-0.700928 5.08667 1.785645
-0.36493 0.09632 0.926039
0 0 0 0
0.968262 0.21106
-0.959229 5.08667 1.661377
-0.497566 0.094711 0.86224
0 0 0 0
0.835083 0.21106
-0.967285 4.916992 1.675293
-0.449816 0.436778 0.779031
0 0 0 0
0.835083 0.315552
-1.035645 4.761719 1.793945
-0.294528 0.806646 0.512421
0 0 0 0
0.835083 0.411011
-0.756836 4.761719 1.928223
-0.215411 0.80688 0.550038
0 0 0 0
0.968262 0.411011
-0.827637 4.666748 2.108887
-0.161206 0.898811 0.407617
0 0 0 0
0.968262 0.469482
-1.132812 4.666748 1.961914
-0.219512 0.897587 0.382299
0 0 0 0
0.835083 0.469482
-1.291504 4.761719 1.619629
-0.367564 0.807223 0.46183
0 0 0 0
0.702026 0.411011
-1.412598 4.666748 1.77124
-0.273073 0.898534 0.343611
0 0 0 0
0.702026 0.469482
-1.518555 4.761719 1.408936
-0.43395 0.806568 0.401417
0 0 0 0
0.568848 0.411011
-1.660645 4.666748 1.541016
-0.321842 0.898707 0.297898
0 0 0 0
0.568848 0.469482
-1.711426 4.761719 1.166992
-0.488564 0.806751 0.332351
0 0 0 0
0.435669 0.411011
-1.871826 4.666748 1.276123
-0.363473 0.898312 0.246826
0 0 0 0
0.435669 0.469482
-1.866211 4.761719 0.898682
-0.531371 0.807465 0.256214
0 0 0 0
0.302612 0.411011
-2.041016 4.666748 0.98291
-0.395519 0.898712 0.189425
0 0 0 0
0.302612 0.469482
-2.164795 4.666748 0.667725
-0.420527 0.898162 0.128309
0 0 0 0
0.169434 0.469482
-1.979492 4.761719 0.610596
-0.564809 0.806416 0.175169
0 0 0 0
0.169434 0.411011
-2.240234 4.666748 0.337646
-0.434565 0.89837 0.063913
0 0 0 0
0.036377 0.469482
-2.04834 4.761719 0.308838
-0.584352 0.806671 0.088406
0 0 0 0
0.036377 0.411011
-1.848633 4.916992 0.570312
-0.859187 0.436744 0.266556
0 0 0 0
0.169434 0.315552
-1.913086 4.916992 0.28833
-0.889905 0.436105 0.133721
0 0 0 0
0.036377 0.315552
-1.896973 5.08667 0.285889
-0.984141 0.095375 0.149568
0 0 0 0
0.036377 0.21106
-1.833008 5.08667 0.56543
-0.950941 0.094538 0.294573
0 0 0 0
0.169434 0.21106
-1.74292 4.916992 0.839355
-0.810339 0.436868 0.390509
0 0 0 0
0.302612 0.315552
-1.598389 4.916992 1.089844
-0.742694 0.437938 0.506573
0 0 0 0
0.435669 0.315552
-1.418213 4.916992 1.315918
-0.658923 0.438041 0.611506
0 0 0 0
0.568848 0.315552
-1.206299 4.916992 1.512451
-0.560081 0.437603 0.703429
0 0 0 0
0.702026 0.315552
-1.196045 5.08667 1.499756
-0.621651 0.095137 0.777495
0 0 0 0
0.702026 0.21106
-1.40625 5.08667 1.304688
-0.730301 0.094926 0.676498
0 0 0 0
0.568848 0.21106
-1.584961 5.08667 1.080566
-0.822006 0.096491 0.561245
0 0 0 0
0.435669 0.21106
-1.728271 5.08667 0.832275
-0.897078 0.094737 0.431597
0 0 0 0
0.302612 0.21106
1.833008 5.08667 0.56543
0.000978 -1 -0.000001
0 0 0 0
0.119507 0.026367
1.797607 5.08667 0.865723
0.000978 -1 -0.000001
0 0 0 0
0.027832 0.002197
1.728271 5.08667 0.832275
0.000978 -1 -0.000001
0 0 0 0
0.027832 0.026367
1.906738 5.08667 0.588135
0.000978 -1 -0.000001
0 0 0 0
0.119507 0.002197
1.9729 5.08667 0.297363
0.000978 -1 -0.000001
0 0 0 0
0.211304 0.002197
1.896973 5.08667 0.285889
0.000978 -1 -0.000001
0 0 0 0
0.211304 0.026367
1.918213 5.08667 0
0.000978 -1 -0.000001
0 0 0 0
0.302612 0.026367
1.995361 5.08667 0
0.000978 -1 -0.000001
0 0 0 0
0.302612 0.002197
1.9729 5.08667 -0.297363
0.000978 -1 -0.000001
0 0 0 0
0.394775 0.002197
1.896973 5.08667 -0.285889
0.000978 -1 -0.000001
0 0 0 0
0.394775 0.026367
1.833008 5.08667 -0.56543
0.000978 -1 -0.000001
0 0 0 0
0.486084 0.026367
1.906738 5.08667 -0.588135
0.000978 -1 -0.000001
0 0 0 0
0.486084 0.002197
1.797607 5.08667 -0.865723
0.000978 -1 0.000001
0 0 0 0
0.577637 0.002197
1.728271 5.08667 -0.832275
0.000978 -1 0.000001
0 0 0 0
0.577637 0.026367
1.584961 5.08667 -1.080566
0.000978 -1 0.000001
0 0 0 0
0.6698 0.026367
1.648682 5.08667 -1.124023
0.000978 -1 0.000001
0 0 0 0
0.6698 0.002197
1.462646 5.08667 -1.357178
0.000978 -1 0.000001
0 0 0 0
0.761475 0.002197
1.40625 5.08667 -1.304688
0.000978 -1 0.000001
0 0 0 0
0.761475 0.026367
1.244141 5.08667 -1.560059
0.000978 -1 0.000001
0 0 0 0
0.853027 0.002197
1.196045 5.08667 -1.499756
0.000978 -1 0.000001
0 0 0 0
0.853027 0.026367
0.997559 5.08667 -1.728027
0.000978 -1 0.000001
0 0 0 0
0.944824 0.002197
0.959229 5.08667 -1.661377
0.000978 -1 0.000001
0 0 0 0
0.944824 0.026367
1.584961 5.08667 1.080566
0.000978 -1 -0.000001
0 0 0 0
0.769653 0.026367
1.728271 5.08667 0.832275
0.000978 -1 -0.000001
0 0 0 0
0.861206 0.026367
1.797607 5.08667 0.865723
0.000978 -1 -0.000001
0 0 0 0
0.861206 0.002197
1.648682 5.08667 1.124023
0.000978 -1 -0.000001
0 0 0 0
0.769653 0.002197
1.462646 5.08667 1.357178
0.000978 -1 -0.000001
0 0 0 0
0.677979 0.002197
1.40625 5.08667 1.304688
0.000978 -1 -0.000001
0 0 0 0
0.677979 0.026367
1.244141 5.08667 1.560059
0.000978 -1 -0.000001
0 0 0 0
0.586182 0.002197
1.196045 5.08667 1.499756
0.000978 -1 -0.000001
0 0 0 0
0.586182 0.026367
0.959229 5.08667 1.661377
0.000978 -1 -0.000001
0 0 0 0
0.494873 0.026367
0.997559 5.08667 1.728027
0.000978 -1 -0.000001
0 0 0 0
0.494873 0.002197
0.729004 5.08667 1.857422
0.000978 -1 -0.000001
0 0 0 0
0.401855 0.002197
0.700928 5.08667 1.785645
0.000978 -1 -0.000001
0 0 0 0
0.403564 0.026367
0.57666 5.087158 1.88501
0.000979 -0.999992 0.003905
0 0 0 0
0.317017 0.002197
0.426758 5.08667 1.870117
0.000981 -0.999969 0.007804
0 0 0 0
0.207642 0.026367
0.426758 5.08667 1.870117
0.000981 -0.999969 0.007804
0 0 0 0
0.805542 0.026367
0.57666 5.087158 1.88501
0.000979 -0.999992 0.003905
0 0 0 0
0.914917 0.002197
0.143311 5.08667 1.912842
0.000983 -0.999931 0.011695
0 0 0 0
0.58252 0.026367
0.143311 5.08667 1.912842
0.000989 0.999728 0.023322
0 0 0 0
0.58252 0.026367
0.57666 5.087158 1.88501
0.000989 0.999728 0.023322
0 0 0 0
0.914917 0.002197
-0.491455 5.087158 1.908447
0.000989 0.999728 0.023322
0 0 0 0
0.095215 0.002197
-0.143311 5.08667 1.912842
0.000989 0.999728 0.023322
0 0 0 0
0.362061 0.026367
-0.143311 5.08667 1.912842
-0.000981 -0.999969 0.007804
0 0 0 0
0.74707 0.026367
-0.491455 5.087158 1.908447
-0.000979 -0.999992 0.003905
0 0 0 0
0.480347 0.002197
-0.426758 5.08667 1.870117
-0.000979 -0.999992 0.003905
0 0 0 0
0.519653 0.026367
-0.700928 5.08667 1.785645
-0.000977 -1 -0.000001
0 0 0 0
0.376221 0.026367
-0.729004 5.08667 1.857422
-0.000977 -1 -0.000001
0 0 0 0
0.376099 0.002197
-0.959229 5.08667 1.661377
0.000978 -1 -0.000001
0 0 0 0
0.284302 0.026367
-0.997559 5.08667 1.728027
0.000978 -1 -0.000001
0 0 0 0
0.284302 0.002197
-1.244141 5.08667 1.560059
0.000978 -1 0.000001
0 0 0 0
0.193115 0.002197
-1.196045 5.08667 1.499756
0.000978 -1 0.000001
0 0 0 0
0.193115 0.026367
2.074219 4.893311 2.302246
-0.001382 0.001382 -0.999998
0 0 0 0
0.602173 0.470215
2.135742 4.875244 2.302246
-0.001382 0.001382 -0.999998
0 0 0 0
0.492065 0.50354
2.135742 4.725098 2.302246
0.001382 0.001382 -0.999998
0 0 0 0
0.492065 0.792725
2.074219 4.666748 2.302246
0.001382 0.001382 -0.999998
0 0 0 0
0.602173 0.904785
2.135742 4.875244 2.302246
-0.001382 0.001382 -0.999998
0 0 0 0
0.608521 0.026367
2.074219 4.893311 2.302246
-0.001382 0.001382 -0.999998
0 0 0 0
0.718628 0.001953
2.408203 4.893311 2.302246
-0.001382 -0.001382 -0.999998
0 0 0 0
0.121338 0.001953
2.34668 4.875244 2.302246
-0.001382 -0.001382 -0.999998
0 0 0 0
0.231323 0.026367
2.34668 4.725098 2.384033
0.001382 0.001382 0.999998
0 0 0 0
0.492065 0.792725
2.408203 4.666748 2.384033
0.001382 0.001382 0.999998
0 0 0 0
0.602173 0.904785
2.408203 4.893311 2.384033
-0.001382 0.001382 0.999998
0 0 0 0
0.602173 0.470215
2.34668 4.875244 2.384033
-0.001382 0.001382 0.999998
0 0 0 0
0.492065 0.50354
2.074219 4.893311 -0.059326
-0.000977 1 0.000001
0 0 0 0
0.001465 0.032715
2.074219 4.893311 0.022461
-0.000977 1 0.000001
0 0 0 0
0.001465 0.092285
2.408203 4.893311 0.022461
-0.000977 1 0.000001
0 0 0 0
0.996582 0.092285
2.408203 4.893311 -0.059326
-0.000977 1 0.000001
0 0 0 0
0.996582 0.032715
2.135742 4.725098 0.022461
0.001382 0.001382 0.999998
0 0 0 0
0.111694 0.792725
2.135742 4.875244 0.022461
0.001382 0.001382 0.999998
0 0 0 0
0.111694 0.50354
2.074219 4.893311 0.022461
0.001382 0.001382 0.999998
0 0 0 0
0.001465 0.470215
2.074219 4.666748 0.022461
0.001382 0.001382 0.999998
0 0 0 0
0.001465 0.904785
2.135742 4.875244 0.022461
0.001382 0.001382 0.999998
0 0 0 0
0.231323 0.026367
2.408203 4.893311 0.022461
0.001382 0.001382 0.999998
0 0 0 0
0.718628 0.001953
2.074219 4.893311 0.022461
0.001382 0.001382 0.999998
0 0 0 0
0.121338 0.001953
2.34668 4.875244 0.022461
0.001382 0.001382 0.999998
0 0 0 0
0.608521 0.026367
2.074219 4.666748 -0.059326
-1 0.000978 -0.000001
0 0 0 0
0.114014 0.0271
2.074219 4.666748 0.022461
-1 0.000978 -0.000001
0 0 0 0
0.114014 0.00415
2.074219 4.893311 0.022461
-1 0.000978 -0.000001
0 0 0 0
0.004761 0.00415
2.074219 4.893311 -0.059326
-1 0.000978 -0.000001
0 0 0 0
0.004761 0.0271
2.135742 4.725098 0.022461
1 0.000978 -0.000001
0 0 0 0
0.184204 0.095215
2.135742 4.875244 -0.059326
1 0.000978 -0.000001
0 0 0 0
0.001465 0.217285
2.135742 4.875244 0.022461
1 0.000978 -0.000001
0 0 0 0
0.001465 0.095215
2.135742 4.725098 -0.059326
1 0.000978 -0.000001
0 0 0 0
0.184204 0.217285
2.34668 4.875244 -0.059326
0.000978 -1 -0.000001
0 0 0 0
0.001465 0.217285
2.34668 4.875244 0.022461
0.000978 -1 -0.000001
0 0 0 0
0.001465 0.095215
2.135742 4.875244 0.022461
0.000978 -1 -0.000001
0 0 0 0
0.322632 0.095215
2.135742 4.875244 -0.059326
0.000978 -1 -0.000001
0 0 0 0
0.322632 0.217285
2.135742 4.725098 0.022461
0.001382 0.001382 0.999998
0 0 0 0
0.186035 0.094604
2.074219 4.666748 0.022461
0.001382 0.001382 0.999998
0 0 0 0
0.092041 0.217896
2.408203 4.666748 0.022461
0.001382 0.001382 0.999998
0 0 0 0
0.601807 0.217896
2.34668 4.725098 0.022461
0.001382 0.001382 0.999998
0 0 0 0
0.507935 0.094604
2.34668 4.725098 0.022461
0.000978 1 -0.000001
0 0 0 0
0.238159 0.217285
2.135742 4.725098 -0.059326
0.000978 1 -0.000001
0 0 0 0
0.001465 0.095215
2.135742 4.725098 0.022461
0.000978 1 -0.000001
0 0 0 0
0.001465 0.217285
2.34668 4.725098 -0.059326
0.000978 1 -0.000001
0 0 0 0
0.238159 0.095215
2.34668 4.725098 -0.059326
0.001382 0.001382 -0.999998
0 0 0 0
0.111694 0.792725
2.408203 4.893311 -0.059326
0.001382 0.001382 -0.999998
0 0 0 0
0.001465 0.470215
2.408203 4.666748 -0.059326
0.001382 0.001382 -0.999998
0 0 0 0
0.001465 0.904785
2.34668 4.875244 -0.059326
0.001382 0.001382 -0.999998
0 0 0 0
0.111694 0.50354
2.408203 4.666748 0.022461
1 -0.000977 -0.000001
0 0 0 0
0.114014 0.0271
2.408203 4.666748 -0.059326
1 -0.000977 -0.000001
0 0 0 0
0.114014 0.00415
2.408203 4.893311 -0.059326
1 -0.000977 -0.000001
0 0 0 0
0.004761 0.00415
2.408203 4.893311 0.022461
1 -0.000977 -0.000001
0 0 0 0
0.004761 0.0271
2.408203 4.666748 -0.059326
0.001382 0.001382 -0.999998
0 0 0 0
0.601807 0.217896
2.074219 4.666748 -0.059326
0.001382 0.001382 -0.999998
0 0 0 0
0.092041 0.217896
2.135742 4.725098 -0.059326
0.001382 0.001382 -0.999998
0 0 0 0
0.186035 0.094604
2.34668 4.725098 -0.059326
0.001382 0.001382 -0.999998
0 0 0 0
0.507935 0.094604
2.34668 4.725098 0.022461
-1 0.000978 -0.000001
0 0 0 0
0.001465 0.217285
2.34668 4.875244 -0.059326
-1 0.000978 -0.000001
0 0 0 0
0.245117 0.095215
2.34668 4.725098 -0.059326
-1 0.000978 -0.000001
0 0 0 0
0.001465 0.095215
2.34668 4.875244 0.022461
-1 0.000978 -0.000001
0 0 0 0
0.245117 0.217285
2.135742 4.725098 -0.059326
0.001382 0.001382 -0.999998
0 0 0 0
0.492065 0.792725
2.074219 4.666748 -0.059326
0.001382 0.001382 -0.999998
0 0 0 0
0.602173 0.904785
2.074219 4.893311 -0.059326
0.001382 0.001382 -0.999998
0 0 0 0
0.602173 0.470215
2.135742 4.875244 -0.059326
0.001382 0.001382 -0.999998
0 0 0 0
0.492065 0.50354
2.135742 4.875244 -0.059326
0.001382 0.001382 -0.999998
0 0 0 0
0.608521 0.026367
2.074219 4.893311 -0.059326
0.001382 0.001382 -0.999998
0 0 0 0
0.718628 0.001953
2.408203 4.893311 -0.059326
0.001382 0.001382 -0.999998
0 0 0 0
0.121338 0.001953
2.34668 4.875244 -0.059326
0.001382 0.001382 -0.999998
0 0 0 0
0.231323 0.026367
2.408203 4.893311 0.022461
0.001382 0.001382 0.999998
0 0 0 0
0.602173 0.470215
2.34668 4.875244 0.022461
0.001382 0.001382 0.999998
0 0 0 0
0.492065 0.50354
2.34668 4.725098 0.022461
0.001382 0.001382 0.999998
0 0 0 0
0.492065 0.792725
2.408203 4.666748 0.022461
0.001382 0.001382 0.999998
0 0 0 0
0.602173 0.904785
2.408203 4.893311 -2.341064
-0.000977 1 0.000001
0 0 0 0
0.996582 0.092285
2.074219 4.893311 -2.422852
-0.000977 1 0.000001
0 0 0 0
0.001465 0.032715
2.074219 4.893311 -2.341064
-0.000977 1 0.000001
0 0 0 0
0.001465 0.092285
2.408203 4.893311 -2.422852
-0.000977 1 0.000001
0 0 0 0
0.996582 0.032715
2.135742 4.725098 -2.341064
0.001382 0.001382 0.999998
0 0 0 0
0.111694 0.792725
2.135742 4.875244 -2.341064
0.001382 0.001382 0.999998
0 0 0 0
0.111694 0.50354
2.074219 4.893311 -2.341064
0.001382 0.001382 0.999998
0 0 0 0
0.001465 0.470215
2.074219 4.666748 -2.341064
0.001382 0.001382 0.999998
0 0 0 0
0.001465 0.904785
2.34668 4.875244 -2.341064
-0.001382 0.001382 0.999998
0 0 0 0
0.608521 0.026367
2.408203 4.893311 -2.341064
-0.001382 0.001382 0.999998
0 0 0 0
0.718628 0.001953
2.074219 4.893311 -2.341064
0.001382 0.001382 0.999998
0 0 0 0
0.121338 0.001953
2.135742 4.875244 -2.341064
0.001382 0.001382 0.999998
0 0 0 0
0.231323 0.026367
2.074219 4.893311 -2.341064
-1 0.000978 -0.000001
0 0 0 0
0.004761 0.00415
2.074219 4.893311 -2.422852
-1 0.000978 -0.000001
0 0 0 0
0.004761 0.0271
2.074219 4.666748 -2.422852
-1 0.000978 -0.000001
0 0 0 0
0.114014 0.0271
2.074219 4.666748 -2.341064
-1 0.000978 -0.000001
0 0 0 0
0.114014 0.00415
2.135742 4.725098 -2.422852
1 0.000978 -0.000001
0 0 0 0
0.184204 0.217285
2.135742 4.875244 -2.422852
1 0.000978 -0.000001
0 0 0 0
0.001465 0.217285
2.135742 4.875244 -2.341064
1 0.000978 -0.000001
0 0 0 0
0.001465 0.095215
2.135742 4.725098 -2.341064
1 0.000978 -0.000001
0 0 0 0
0.184204 0.095215
2.135742 4.875244 -2.341064
0.000978 -1 -0.000001
0 0 0 0
0.322632 0.095215
2.135742 4.875244 -2.422852
0.000978 -1 -0.000001
0 0 0 0
0.322632 0.217285
2.34668 4.875244 -2.422852
0.000978 -1 -0.000001
0 0 0 0
0.001465 0.217285
2.34668 4.875244 -2.341064
0.000978 -1 -0.000001
0 0 0 0
0.001465 0.095215
2.135742 4.725098 -2.341064
0.001382 0.001382 0.999998
0 0 0 0
0.186035 0.094604
2.074219 4.666748 -2.341064
0.001382 0.001382 0.999998
0 0 0 0
0.092041 0.217896
2.408203 4.666748 -2.341064
-0.001382 0.001382 0.999998
0 0 0 0
0.601807 0.217896
2.34668 4.725098 -2.341064
-0.001382 0.001382 0.999998
0 0 0 0
0.507935 0.094604
2.34668 4.725098 -2.422852
0.000978 1 -0.000001
0 0 0 0
0.238159 0.095215
2.135742 4.725098 -2.422852
0.000978 1 -0.000001
0 0 0 0
0.001465 0.095215
2.135742 4.725098 -2.341064
0.000978 1 -0.000001
0 0 0 0
0.001465 0.217285
2.34668 4.725098 -2.341064
0.000978 1 -0.000001
0 0 0 0
0.238159 0.217285
2.34668 4.725098 -2.422852
0.001382 0.001382 -0.999998
0 0 0 0
0.111694 0.792725
2.408203 4.893311 -2.422852
0.001382 0.001382 -0.999998
0 0 0 0
0.001465 0.470215
2.408203 4.666748 -2.422852
0.001382 0.001382 -0.999998
0 0 0 0
0.001465 0.904785
2.34668 4.875244 -2.422852
0.001382 0.001382 -0.999998
0 0 0 0
0.111694 0.50354
2.408203 4.893311 -2.422852
1 -0.000977 -0.000001
0 0 0 0
0.004761 0.00415
2.408203 4.666748 -2.341064
1 -0.000977 -0.000001
0 0 0 0
0.114014 0.0271
2.408203 4.666748 -2.422852
1 -0.000977 -0.000001
0 0 0 0
0.114014 0.00415
2.408203 4.893311 -2.341064
1 -0.000977 -0.000001
0 0 0 0
0.004761 0.0271
2.408203 4.666748 -2.422852
0.001382 0.001382 -0.999998
0 0 0 0
0.601807 0.217896
2.074219 4.666748 -2.422852
0.001382 0.001382 -0.999998
0 0 0 0
0.092041 0.217896
2.135742 4.725098 -2.422852
0.001382 0.001382 -0.999998
0 0 0 0
0.186035 0.094604
2.34668 4.725098 -2.422852
0.001382 0.001382 -0.999998
0 0 0 0
0.507935 0.094604
2.34668 4.875244 -2.422852
-1 0.000978 -0.000001
0 0 0 0
0.245117 0.095215
2.34668 4.725098 -2.422852
-1 0.000978 -0.000001
0 0 0 0
0.001465 0.095215
2.34668 4.725098 -2.341064
-1 0.000978 -0.000001
0 0 0 0
0.001465 0.217285
2.34668 4.875244 -2.341064
-1 0.000978 -0.000001
0 0 0 0
0.245117 0.217285
2.135742 4.725098 -2.422852
0.001382 0.001382 -0.999998
0 0 0 0
0.492065 0.792725
2.074219 4.666748 -2.422852
0.001382 0.001382 -0.999998
0 0 0 0
0.602173 0.904785
2.074219 4.893311 -2.422852
0.001382 0.001382 -0.999998
0 0 0 0
0.602173 0.470215
2.135742 4.875244 -2.422852
0.001382 0.001382 -0.999998
0 0 0 0
0.492065 0.50354
2.135742 4.875244 -2.422852
0.001382 0.001382 -0.999998
0 0 0 0
0.608521 0.026367
2.074219 4.893311 -2.422852
0.001382 0.001382 -0.999998
0 0 0 0
0.718628 0.001953
2.408203 4.893311 -2.422852
0.001382 0.001382 -0.999998
0 0 0 0
0.121338 0.001953
2.34668 4.875244 -2.422852
0.001382 0.001382 -0.999998
0 0 0 0
0.231323 0.026367
2.408203 4.893311 -2.341064
-0.001382 0.001382 0.999998
0 0 0 0
0.602173 0.470215
2.34668 4.875244 -2.341064
-0.001382 0.001382 0.999998
0 0 0 0
0.492065 0.50354
2.34668 4.725098 -2.341064
-0.001382 0.001382 0.999998
0 0 0 0
0.492065 0.792725
2.408203 4.666748 -2.341064
-0.001382 0.001382 0.999998
0 0 0 0
0.602173 0.904785
0.608398 4.793213 -4.375
1 0.000978 -0.000001
0 0 0 0
0.996704 0.001465
0.608398 4.779785 -2.436523
1 0.000978 -0.000001
0 0 0 0
0.001465 0.029785
0.608398 4.779785 -4.375
1 0.000978 -0.000001
0 0 0 0
0.996704 0.029785
0.608398 4.793213 -2.436523
1 0.000978 -0.000001
0 0 0 0
0.001465 0.001465
0.558838 4.729004 -4.375
0.714887 -0.69924 -0.000901
0 0 0 0
0.001465 0.001465
0.608398 4.779785 -4.375
0.714887 -0.69924 -0.000901
0 0 0 0
0.001465 0.029785
0.608398 4.779785 -2.436523
0.714887 -0.69924 -0.000901
0 0 0 0
0.996704 0.029785
0.558838 4.729004 -2.436523
0.714887 -0.69924 -0.000901
0 0 0 0
0.996704 0.001465
0.608398 4.779785 -4.375
0.001382 0.001382 -0.999998
0 0 0 0
0.222168 0.992554
0.558838 4.729004 -4.375
-0.001382 0.001382 -0.999998
0 0 0 0
0.222168 0.914673
0.530518 4.793213 -4.375
-0.001382 0.001382 -0.999998
0 0 0 0
0.245972 0.914673
0.608398 4.793213 -4.375
0.001382 0.001382 -0.999998
0 0 0 0
0.245972 0.992554
0.530518 4.793213 -4.375
0.000978 1 -0.000001
0 0 0 0
0.792603 0.001465
0.608398 4.793213 -2.436523
0.000978 1 -0.000001
0 0 0 0
0.001465 0.029785
0.608398 4.793213 -4.375
0.000978 1 -0.000001
0 0 0 0
0.792603 0.029785
0.530518 4.793213 -2.436523
0.000978 1 -0.000001
0 0 0 0
0.001465 0.001465
0.530518 4.664795 -4.375
-1 0.000978 -0.000001
0 0 0 0
0.001465 0.092285
0.530518 4.793213 -2.436523
-1 0.000978 -0.000001
0 0 0 0
0.891113 0.032715
0.530518 4.793213 -4.375
-1 0.000978 -0.000001
0 0 0 0
0.001465 0.032715
0.530518 4.664795 -2.436523
-1 0.000978 -0.000001
0 0 0 0
0.891113 0.092285
0.558838 4.729004 -4.375
-0.001382 0.001382 -0.999998
0 0 0 0
0.245972 0.953613
0.530518 4.664795 -4.375
0.001382 0.001382 -0.999998
0 0 0 0
0.222168 0.914673
0.530518 4.793213 -4.375
-0.001382 0.001382 -0.999998
0 0 0 0
0.222168 0.992554
0.608398 4.779785 -2.436523
0.001382 0.001382 0.999998
0 0 0 0
0.245972 0.998413
0.608398 4.793213 -2.436523
0.001382 0.001382 0.999998
0 0 0 0
0.222168 0.998413
0.530518 4.793213 -2.436523
0.001382 0.001382 0.999998
0 0 0 0
0.222168 0.914673
0.558838 4.729004 -2.436523
0.001382 0.001382 0.999998
0 0 0 0
0.245972 0.914673
0.530518 4.793213 -2.436523
0.001382 0.001382 0.999998
0 0 0 0
0.245972 0.914673
0.530518 4.664795 -2.436523
0.001382 0.001382 0.999998
0 0 0 0
0.245972 0.992554
0.558838 4.729004 -2.436523
0.001382 0.001382 0.999998
0 0 0 0
0.222168 0.953613
0.558838 4.729004 -4.375
0.714887 0.69924 0.000901
0 0 0 0
0.996704 0.001465
0.558838 4.729004 -2.436523
0.714887 0.69924 0.000901
0 0 0 0
0.001465 0.001465
0.608398 4.678223 -2.436523
0.714887 0.69924 0.000901
0 0 0 0
0.001465 0.029785
0.608398 4.678223 -4.375
0.714887 0.69924 0.000901
0 0 0 0
0.996704 0.029785
0.608398 4.678223 -2.436523
0.001382 0.001382 0.999998
0 0 0 0
0.222168 0.998413
0.558838 4.729004 -2.436523
0.001382 0.001382 0.999998
0 0 0 0
0.222168 0.914673
0.530518 4.664795 -2.436523
0.001382 0.001382 0.999998
0 0 0 0
0.245972 0.914673
0.608398 4.664795 -2.436523
0.001382 0.001382 0.999998
0 0 0 0
0.245972 0.998413
0.608398 4.664795 -4.375
1 0.000978 -0.000001
0 0 0 0
0.996704 0.029785
0.608398 4.678223 -4.375
1 0.000978 -0.000001
0 0 0 0
0.996704 0.001465
0.608398 4.678223 -2.436523
1 0.000978 -0.000001
0 0 0 0
0.001465 0.001465
0.608398 4.664795 -2.436523
1 0.000978 -0.000001
0 0 0 0
0.001465 0.029785
0.608398 4.678223 -4.375
0.001382 0.001382 -0.999998
0 0 0 0
0.245972 0.992554
0.608398 4.664795 -4.375
0.001382 0.001382 -0.999998
0 0 0 0
0.222168 0.992554
0.530518 4.664795 -4.375
0.001382 0.001382 -0.999998
0 0 0 0
0.222168 0.914673
0.558838 4.729004 -4.375
-0.001382 0.001382 -0.999998
0 0 0 0
0.245972 0.914673
-0.614502 4.678223 -4.375
-1 0.000978 -0.000001
0 0 0 0
0.996704 0.029785
-0.614502 4.664795 -4.375
-1 0.000978 -0.000001
0 0 0 0
0.996704 0.001465
-0.614502 4.664795 -2.436523
-1 0.000978 -0.000001
0 0 0 0
0.001465 0.001465
-0.614502 4.678223 -2.436523
-1 0.000978 -0.000001
0 0 0 0
0.001465 0.029785
-0.536621 4.664795 -4.375
0.001382 0.001382 -0.999998
0 0 0 0
0.245972 0.914673
-0.614502 4.664795 -4.375
0.001382 0.001382 -0.999998
0 0 0 0
0.245972 0.992554
-0.614502 4.678223 -4.375
0.001382 0.001382 -0.999998
0 0 0 0
0.222168 0.992554
-0.564941 4.729004 -4.375
0.001382 0.001382 -0.999998
0 0 0 0
0.222168 0.914673
-0.564941 4.729004 -4.375
-0.714887 0.69924 0.000901
0 0 0 0
0.001465 0.001465
-0.614502 4.678223 -4.375
-0.714887 0.69924 0.000901
0 0 0 0
0.001465 0.029785
-0.614502 4.678223 -2.436523
-0.714887 0.69924 0.000901
0 0 0 0
0.996704 0.029785
-0.564941 4.729004 -2.436523
-0.714887 0.69924 0.000901
0 0 0 0
0.996704 0.001465
-0.536621 4.793213 -4.375
1 0.000978 -0.000001
0 0 0 0
0.001465 0.092285
-0.536621 4.664795 -2.436523
1 0.000978 -0.000001
0 0 0 0
0.891113 0.032715
-0.536621 4.664795 -4.375
1 0.000978 -0.000001
0 0 0 0
0.001465 0.032715
-0.536621 4.793213 -2.436523
1 0.000978 -0.000001
0 0 0 0
0.891113 0.092285
-0.536621 4.793213 -4.375
-0.001382 0.001382 -0.999998
0 0 0 0
0.222168 0.914673
-0.536621 4.664795 -4.375
0.001382 0.001382 -0.999998
0 0 0 0
0.222168 0.992554
-0.564941 4.729004 -4.375
0.001382 0.001382 -0.999998
0 0 0 0
0.245972 0.953613
-0.536621 4.664795 -2.436523
-0.001382 0.001382 0.999998
0 0 0 0
0.222168 0.914673
-0.564941 4.729004 -2.436523
-0.001382 0.001382 0.999998
0 0 0 0
0.245972 0.914673
-0.614502 4.678223 -2.436523
0.001382 0.001382 0.999998
0 0 0 0
0.245972 0.998413
-0.614502 4.664795 -2.436523
0.001382 0.001382 0.999998
0 0 0 0
0.222168 0.998413
-0.564941 4.729004 -2.436523
-0.001382 0.001382 0.999998
0 0 0 0
0.222168 0.953613
-0.536621 4.664795 -2.436523
-0.001382 0.001382 0.999998
0 0 0 0
0.245972 0.914673
-0.536621 4.793213 -2.436523
-0.001382 0.001382 0.999998
0 0 0 0
0.245972 0.992554
-0.614502 4.779785 -4.375
-1 0.000978 -0.000001
0 0 0 0
0.996704 0.001465
-0.614502 4.779785 -2.436523
-1 0.000978 -0.000001
0 0 0 0
0.001465 0.001465
-0.614502 4.793213 -2.436523
-1 0.000978 -0.000001
0 0 0 0
0.001465 0.029785
-0.614502 4.793213 -4.375
-1 0.000978 -0.000001
0 0 0 0
0.996704 0.029785
-0.536621 4.793213 -4.375
-0.000977 1 0.000001
0 0 0 0
0.001465 0.001465
-0.614502 4.793213 -4.375
-0.000977 1 0.000001
0 0 0 0
0.001465 0.029785
-0.614502 4.793213 -2.436523
-0.000977 1 0.000001
0 0 0 0
0.792603 0.029785
-0.536621 4.793213 -2.436523
-0.000977 1 0.000001
0 0 0 0
0.792603 0.001465
-0.536621 4.793213 -2.436523
-0.001382 0.001382 0.999998
0 0 0 0
0.245972 0.914673
-0.614502 4.793213 -2.436523
0.001382 0.001382 0.999998
0 0 0 0
0.245972 0.998413
-0.614502 4.779785 -2.436523
0.001382 0.001382 0.999998
0 0 0 0
0.222168 0.998413
-0.564941 4.729004 -2.436523
-0.001382 0.001382 0.999998
0 0 0 0
0.222168 0.914673
-0.614502 4.779785 -2.436523
-0.714887 -0.69924 0.000901
0 0 0 0
0.001465 0.029785
-0.614502 4.779785 -4.375
-0.714887 -0.69924 0.000901
0 0 0 0
0.996704 0.029785
-0.564941 4.729004 -4.375
-0.714887 -0.69924 0.000901
0 0 0 0
0.996704 0.001465
-0.564941 4.729004 -2.436523
-0.714887 -0.69924 0.000901
0 0 0 0
0.001465 0.001465
-0.536621 4.793213 -4.375
-0.001382 0.001382 -0.999998
0 0 0 0
0.222168 0.914673
-0.564941 4.729004 -4.375
0.001382 0.001382 -0.999998
0 0 0 0
0.245972 0.914673
-0.614502 4.779785 -4.375
-0.001382 0.001382 -0.999998
0 0 0 0
0.245972 0.992554
-0.614502 4.793213 -4.375
-0.001382 0.001382 -0.999998
0 0 0 0
0.222168 0.992554
-0.614502 4.664795 2.446533
-1 0.000978 -0.000001
0 0 0 0
0.996704 0.001465
-0.614502 4.678223 4.38501
-1 0.000978 -0.000001
0 0 0 0
0.001465 0.029785
-0.614502 4.678223 2.446533
-1 0.000978 -0.000001
0 0 0 0
0.996704 0.029785
-0.614502 4.664795 4.38501
-1 0.000978 -0.000001
0 0 0 0
0.001465 0.001465
-0.614502 4.678223 4.38501
-0.714887 0.69924 -0.000901
0 0 0 0
0.996704 0.029785
-0.564941 4.729004 2.446533
-0.714887 0.69924 -0.000901
0 0 0 0
0.001465 0.001465
-0.614502 4.678223 2.446533
-0.714887 0.69924 -0.000901
0 0 0 0
0.001465 0.029785
-0.564941 4.729004 4.38501
-0.714887 0.69924 -0.000901
0 0 0 0
0.996704 0.001465
-0.614502 4.678223 2.446533
0.001382 0.001382 -0.999998
0 0 0 0
0.222168 0.992554
-0.564941 4.729004 2.446533
-0.001382 0.001382 -0.999998
0 0 0 0
0.222168 0.914673
-0.536621 4.664795 2.446533
-0.001382 0.001382 -0.999998
0 0 0 0
0.245972 0.914673
-0.614502 4.664795 2.446533
0.001382 0.001382 -0.999998
0 0 0 0
0.245972 0.992554
-0.536621 4.793213 2.446533
1 0.000978 -0.000001
0 0 0 0
0.001465 0.092285
-0.536621 4.664795 4.38501
1 0.000978 -0.000001
0 0 0 0
0.891113 0.032715
-0.536621 4.664795 2.446533
1 0.000978 -0.000001
0 0 0 0
0.001465 0.032715
-0.536621 4.793213 4.38501
1 0.000978 -0.000001
0 0 0 0
0.891113 0.092285
-0.536621 4.793213 2.446533
0.001382 0.001382 -0.999998
0 0 0 0
0.222168 0.914673
-0.536621 4.664795 2.446533
-0.001382 0.001382 -0.999998
0 0 0 0
0.222168 0.992554
-0.564941 4.729004 2.446533
-0.001382 0.001382 -0.999998
0 0 0 0
0.245972 0.953613
-0.536621 4.664795 4.38501
-0.001382 0.001382 0.999998
0 0 0 0
0.222168 0.914673
-0.564941 4.729004 4.38501
-0.001382 0.001382 0.999998
0 0 0 0
0.245972 0.914673
-0.614502 4.678223 4.38501
0.001382 0.001382 0.999998
0 0 0 0
0.245972 0.998413
-0.614502 4.664795 4.38501
0.001382 0.001382 0.999998
0 0 0 0
0.222168 0.998413
-0.564941 4.729004 4.38501
-0.001382 0.001382 0.999998
0 0 0 0
0.222168 0.953613
-0.536621 4.664795 4.38501
-0.001382 0.001382 0.999998
0 0 0 0
0.245972 0.914673
-0.536621 4.793213 4.38501
0.001382 0.001382 0.999998
0 0 0 0
0.245972 0.992554
-0.564941 4.729004 2.446533
-0.714887 -0.69924 0.000901
0 0 0 0
0.996704 0.001465
-0.564941 4.729004 4.38501
-0.714887 -0.69924 0.000901
0 0 0 0
0.001465 0.001465
-0.614502 4.779785 4.38501
-0.714887 -0.69924 0.000901
0 0 0 0
0.001465 0.029785
-0.614502 4.779785 2.446533
-0.714887 -0.69924 0.000901
0 0 0 0
0.996704 0.029785
-0.614502 4.779785 4.38501
0.001382 0.001382 0.999998
0 0 0 0
0.222168 0.998413
-0.564941 4.729004 4.38501
-0.001382 0.001382 0.999998
0 0 0 0
0.222168 0.914673
-0.536621 4.793213 4.38501
0.001382 0.001382 0.999998
0 0 0 0
0.245972 0.914673
-0.614502 4.793213 4.38501
0.001382 0.001382 0.999998
0 0 0 0
0.245972 0.998413
-0.614502 4.793213 2.446533
-1 0.000978 -0.000001
0 0 0 0
0.996704 0.029785
-0.614502 4.779785 2.446533
-1 0.000978 -0.000001
0 0 0 0
0.996704 0.001465
-0.614502 4.779785 4.38501
-1 0.000978 -0.000001
0 0 0 0
0.001465 0.001465
-0.614502 4.793213 4.38501
-1 0.000978 -0.000001
0 0 0 0
0.001465 0.029785
-0.614502 4.793213 4.38501
-0.000977 1 0.000001
0 0 0 0
0.792603 0.029785
-0.536621 4.793213 4.38501
-0.000977 1 0.000001
0 0 0 0
0.792603 0.001465
-0.536621 4.793213 2.446533
-0.000977 1 0.000001
0 0 0 0
0.001465 0.001465
-0.614502 4.793213 2.446533
-0.000977 1 0.000001
0 0 0 0
0.001465 0.029785
-0.614502 4.779785 2.446533
0.001382 0.001382 -0.999998
0 0 0 0
0.245972 0.992554
-0.614502 4.793213 2.446533
0.001382 0.001382 -0.999998
0 0 0 0
0.222168 0.992554
-0.536621 4.793213 2.446533
0.001382 0.001382 -0.999998
0 0 0 0
0.222168 0.914673
-0.564941 4.729004 2.446533
-0.001382 0.001382 -0.999998
0 0 0 0
0.245972 0.914673
0.608398 4.779785 4.38501
1 0.000978 -0.000001
0 0 0 0
0.001465 0.029785
0.608398 4.779785 2.446533
1 0.000978 -0.000001
0 0 0 0
0.996704 0.029785
0.608398 4.793213 2.446533
1 0.000978 -0.000001
0 0 0 0
0.996704 0.001465
0.608398 4.793213 4.38501
1 0.000978 -0.000001
0 0 0 0
0.001465 0.001465
0.608398 4.779785 4.38501
0.714887 -0.69924 -0.000901
0 0 0 0
0.996704 0.029785
0.558838 4.729004 2.446533
0.714887 -0.69924 -0.000901
0 0 0 0
0.001465 0.001465
0.608398 4.779785 2.446533
0.714887 -0.69924 -0.000901
0 0 0 0
0.001465 0.029785
0.558838 4.729004 4.38501
0.714887 -0.69924 -0.000901
0 0 0 0
0.996704 0.001465
0.608398 4.779785 2.446533
0.001382 0.001382 -0.999998
0 0 0 0
0.222168 0.992554
0.558838 4.729004 2.446533
-0.001382 0.001382 -0.999998
0 0 0 0
0.222168 0.914673
0.530518 4.793213 2.446533
0.001382 0.001382 -0.999998
0 0 0 0
0.245972 0.914673
0.608398 4.793213 2.446533
0.001382 0.001382 -0.999998
0 0 0 0
0.245972 0.992554
0.530518 4.793213 2.446533
0.000978 1 -0.000001
0 0 0 0
0.792603 0.001465
0.608398 4.793213 4.38501
0.000978 1 -0.000001
0 0 0 0
0.001465 0.029785
0.608398 4.793213 2.446533
0.000978 1 -0.000001
0 0 0 0
0.792603 0.029785
0.530518 4.793213 4.38501
0.000978 1 -0.000001
0 0 0 0
0.001465 0.001465
0.530518 4.793213 2.446533
-1 0.000978 -0.000001
0 0 0 0
0.001465 0.032715
0.530518 4.664795 2.446533
-1 0.000978 -0.000001
0 0 0 0
0.001465 0.092285
0.530518 4.664795 4.38501
-1 0.000978 -0.000001
0 0 0 0
0.891113 0.092285
0.530518 4.793213 4.38501
-1 0.000978 -0.000001
0 0 0 0
0.891113 0.032715
0.530518 4.664795 2.446533
-0.001382 0.001382 -0.999998
0 0 0 0
0.222168 0.914673
0.530518 4.793213 2.446533
0.001382 0.001382 -0.999998
0 0 0 0
0.222168 0.992554
0.558838 4.729004 2.446533
-0.001382 0.001382 -0.999998
0 0 0 0
0.245972 0.953613
0.530518 4.793213 4.38501
0.001382 0.001382 0.999998
0 0 0 0
0.222168 0.914673
0.558838 4.729004 4.38501
0.001382 0.001382 0.999998
0 0 0 0
0.245972 0.914673
0.608398 4.779785 4.38501
0.001382 0.001382 0.999998
0 0 0 0
0.245972 0.998413
0.608398 4.793213 4.38501
0.001382 0.001382 0.999998
0 0 0 0
0.222168 0.998413
0.558838 4.729004 4.38501
0.001382 0.001382 0.999998
0 0 0 0
0.222168 0.953613
0.530518 4.793213 4.38501
0.001382 0.001382 0.999998
0 0 0 0
0.245972 0.914673
0.530518 4.664795 4.38501
0.001382 0.001382 0.999998
0 0 0 0
0.245972 0.992554
0.608398 4.664795 4.38501
1 0.000978 -0.000001
0 0 0 0
0.001465 0.029785
0.608398 4.664795 2.446533
1 0.000978 -0.000001
0 0 0 0
0.996704 0.029785
0.608398 4.678223 2.446533
1 0.000978 -0.000001
0 0 0 0
0.996704 0.001465
0.608398 4.678223 4.38501
1 0.000978 -0.000001
0 0 0 0
0.001465 0.001465
0.530518 4.664795 4.38501
0.001382 0.001382 0.999998
0 0 0 0
0.245972 0.914673
0.608398 4.664795 4.38501
0.001382 0.001382 0.999998
0 0 0 0
0.245972 0.998413
0.608398 4.678223 4.38501
0.001382 0.001382 0.999998
0 0 0 0
0.222168 0.998413
0.558838 4.729004 4.38501
0.001382 0.001382 0.999998
0 0 0 0
0.222168 0.914673
0.558838 4.729004 4.38501
0.714887 0.69924 0.000901
0 0 0 0
0.001465 0.001465
0.608398 4.678223 4.38501
0.714887 0.69924 0.000901
0 0 0 0
0.001465 0.029785
0.608398 4.678223 2.446533
0.714887 0.69924 0.000901
0 0 0 0
0.996704 0.029785
0.558838 4.729004 2.446533
0.714887 0.69924 0.000901
0 0 0 0
0.996704 0.001465
0.608398 4.678223 2.446533
-0.001382 0.001382 -0.999998
0 0 0 0
0.245972 0.992554
0.608398 4.664795 2.446533
-0.001382 0.001382 -0.999998
0 0 0 0
0.222168 0.992554
0.530518 4.664795 2.446533
-0.001382 0.001382 -0.999998
0 0 0 0
0.222168 0.914673
0.558838 4.729004 2.446533
-0.001382 0.001382 -0.999998
0 0 0 0
0.245972 0.914673
0.310059 4.893311 3.415039
-0.000977 1 -0.000001
0 0 0 0
0.001465 0.032715
0.393311 4.893311 3.415039
-0.000977 1 -0.000001
0 0 0 0
0.001465 0.092285
0.393311 4.893311 3.086914
-0.000977 1 -0.000001
0 0 0 0
0.996582 0.092285
0.310059 4.893311 3.086914
-0.000977 1 -0.000001
0 0 0 0
0.996582 0.032715
0.393311 4.725098 3.354492
1 0.000978 -0.000001
0 0 0 0
0.111694 0.792725
0.393311 4.875244 3.354492
1 -0.000977 -0.000001
0 0 0 0
0.111694 0.50354
0.393311 4.893311 3.415039
1 0.000978 -0.000001
0 0 0 0
0.001465 0.470215
0.393311 4.666748 3.415039
1 0.000978 -0.000001
0 0 0 0
0.001465 0.904785
0.393311 4.875244 3.147461
1 -0.000977 -0.000001
0 0 0 0
0.713379 0.117676
0.393311 4.893311 3.086914
1 0.000978 -0.000001
0 0 0 0
0.713379 0.093628
0.393311 4.893311 3.415039
1 0.000978 -0.000001
0 0 0 0
0.291626 0.093628
0.393311 4.875244 3.354492
1 -0.000977 -0.000001
0 0 0 0
0.291626 0.117676
0.393311 4.893311 3.415039
0.001382 0.001382 0.999998
0 0 0 0
0.004761 0.00415
0.310059 4.893311 3.415039
0.001382 0.001382 0.999998
0 0 0 0
0.004761 0.0271
0.310059 4.666748 3.415039
0.001382 0.001382 0.999998
0 0 0 0
0.114014 0.0271
0.393311 4.666748 3.415039
0.001382 0.001382 0.999998
0 0 0 0
0.114014 0.00415
0.310059 4.875244 3.147461
-1 -0.000977 -0.000001
0 0 0 0
0.231323 0.026367
0.310059 4.893311 3.415039
-1 0.000978 -0.000001
0 0 0 0
0.718628 0.001953
0.310059 4.893311 3.086914
-1 0.000978 -0.000001
0 0 0 0
0.001465 0.470215
0.310059 4.725098 3.147461
-1 0.000978 -0.000001
0 0 0 0
0.111694 0.792725
0.310059 4.875244 3.147461
-1 -0.000977 -0.000001
0 0 0 0
0.111694 0.50354
0.310059 4.893311 3.086914
-1 0.000978 -0.000001
0 0 0 0
0.001465 0.470215
0.310059 4.666748 3.086914
-1 0.000978 -0.000001
0 0 0 0
0.001465 0.904785
0.310059 4.893311 3.086914
0.001382 0.001382 -0.999998
0 0 0 0
0.004761 0.00415
0.393311 4.893311 3.086914
0.001382 0.001382 -0.999998
0 0 0 0
0.004761 0.0271
0.393311 4.666748 3.086914
0.001382 0.001382 -0.999998
0 0 0 0
0.114014 0.0271
0.310059 4.666748 3.086914
0.001382 0.001382 -0.999998
0 0 0 0
0.114014 0.00415
0.310059 4.875244 3.147461
-1 -0.000977 -0.000001
0 0 0 0
0.231323 0.026367
0.310059 4.875244 3.354492
-1 -0.000977 -0.000001
0 0 0 0
0.608521 0.026367
0.310059 4.893311 3.415039
-1 0.000978 -0.000001
0 0 0 0
0.718628 0.001953
0.393311 4.875244 3.147461
0.001382 0.001382 0.999998
0 0 0 0
0.245117 0.217285
0.310059 4.875244 3.147461
0.001382 0.001382 0.999998
0 0 0 0
0.245117 0.095215
0.310059 4.725098 3.147461
0.001382 0.001382 0.999998
0 0 0 0
0.001465 0.095215
0.393311 4.725098 3.147461
0.001382 0.001382 0.999998
0 0 0 0
0.001465 0.217285
0.310059 4.875244 3.147461
0.000978 -1 -0.000001
0 0 0 0
0.001465 0.217285
0.393311 4.875244 3.147461
0.000978 -1 -0.000001
0 0 0 0
0.001465 0.095215
0.393311 4.875244 3.354492
0.000978 -1 -0.000001
0 0 0 0
0.322632 0.095215
0.310059 4.875244 3.354492
0.000978 -1 -0.000001
0 0 0 0
0.322632 0.217285
0.393311 4.875244 3.354492
0.001382 0.001382 -0.999998
0 0 0 0
0.001465 0.095215
0.393311 4.725098 3.354492
0.001382 0.001382 -0.999998
0 0 0 0
0.184204 0.095215
0.310059 4.725098 3.354492
0.001382 0.001382 -0.999998
0 0 0 0
0.184204 0.217285
0.310059 4.875244 3.354492
0.001382 0.001382 -0.999998
0 0 0 0
0.001465 0.217285
0.310059 4.725098 3.354492
0.000978 1 -0.000001
0 0 0 0
0.001465 0.095215
0.393311 4.725098 3.354492
0.000978 1 -0.000001
0 0 0 0
0.001465 0.217285
0.393311 4.725098 3.147461
0.000978 1 -0.000001
0 0 0 0
0.238159 0.217285
0.310059 4.725098 3.147461
0.000978 1 -0.000001
0 0 0 0
0.238159 0.095215
0.393311 4.666748 3.086914
1 0.000978 -0.000001
0 0 0 0
0.507935 0.217896
0.393311 4.725098 3.147461
1 0.000978 -0.000001
0 0 0 0
0.507935 0.094604
0.393311 4.725098 3.354492
1 0.000978 -0.000001
0 0 0 0
0.186035 0.094604
0.393311 4.666748 3.415039
1 0.000978 -0.000001
0 0 0 0
0.092041 0.217896
0.310059 4.725098 3.147461
-1 0.000978 -0.000001
0 0 0 0
0.507935 0.094604
0.310059 4.666748 3.086914
-1 0.000978 -0.000001
0 0 0 0
0.507935 0.217896
0.310059 4.666748 3.415039
-1 0.000978 -0.000001
0 0 0 0
0.092041 0.217896
0.310059 4.725098 3.354492
-1 0.000978 -0.000001
0 0 0 0
0.186035 0.094604
0.393311 4.725098 3.147461
1 0.000978 -0.000001
0 0 0 0
0.257324 0.03479
0.393311 4.666748 3.086914
1 0.000978 -0.000001
0 0 0 0
0.257324 0.092651
0.393311 4.893311 3.086914
1 0.000978 -0.000001
0 0 0 0
0.480225 0.092651
0.393311 4.875244 3.147461
1 -0.000977 -0.000001
0 0 0 0
0.480225 0.03479
0.310059 4.725098 3.354492
-1 0.000978 -0.000001
0 0 0 0
0.492065 0.792725
0.310059 4.666748 3.415039
-1 0.000978 -0.000001
0 0 0 0
0.602173 0.904785
0.310059 4.893311 3.415039
-1 0.000978 -0.000001
0 0 0 0
0.602173 0.470215
0.310059 4.875244 3.354492
-1 -0.000977 -0.000001
0 0 0 0
0.492065 0.50354
952
2 1 0
3 2 0
6 5 4
7 6 4
10 9 8
11 10 8
14 13 12
15 14 12
18 17 16
19 18 16
20 19 16
21 20 16
21 22 20
22 23 20
23 22 24
22 25 24
28 27 26
29 28 26
30 28 29
31 30 29
30 31 32
31 33 32
33 34 32
34 35 32
34 36 35
36 37 35
36 38 37
38 39 37
42 41 40
41 43 40
40 43 44
43 45 44
44 45 46
45 47 46
46 47 48
49 46 48
48 50 49
50 51 49
50 52 51
52 53 51
52 54 53
54 55 53
54 56 55
56 57 55
58 57 56
59 58 56
58 59 60
61 58 60
64 63 62
65 64 62
68 67 66
69 68 66
72 71 70
73 72 70
76 75 74
77 76 74
80 79 78
81 80 78
82 80 81
83 82 81
83 84 82
84 85 82
86 85 84
87 86 84
88 86 87
89 88 87
88 89 90
89 91 90
91 92 90
92 93 90
96 95 94
95 97 94
95 98 97
98 99 97
99 98 100
101 99 100
101 100 102
100 103 102
102 103 104
103 105 104
108 107 106
109 108 106
112 111 110
113 112 110
116 115 114
115 117 114
120 119 118
119 121 118
121 122 118
122 123 118
122 124 123
124 125 123
125 124 126
127 125 126
127 126 128
126 129 128
128 129 130
131 128 130
131 130 132
133 131 132
133 132 134
135 133 134
138 137 136
139 138 136
139 140 138
140 141 138
141 140 142
140 143 142
146 145 144
147 146 144
147 144 148
149 147 148
149 148 150
151 149 150
151 150 152
153 151 152
154 153 152
155 154 152
156 154 155
157 156 155
158 156 157
159 158 157
162 161 160
161 163 160
164 163 161
165 164 161
166 164 165
167 166 165
168 166 167
169 168 167
172 171 170
173 172 170
176 175 174
177 176 174
180 179 178
181 180 178
182 181 178
183 182 178
183 184 182
184 185 182
185 184 186
184 187 186
186 187 188
187 189 188
192 191 190
193 192 190
196 195 194
197 196 194
197 198 196
198 199 196
198 200 199
200 201 199
200 202 201
202 203 201
202 204 203
204 205 203
204 206 205
206 207 205
206 208 207
208 209 207
208 210 209
210 211 209
212 211 210
213 212 210
214 212 213
215 214 213
216 214 215
217 216 215
218 216 217
219 218 217
222 221 220
223 222 220
226 225 224
227 226 224
227 224 228
224 229 228
228 229 230
229 231 230
234 233 232
235 234 232
238 237 236
239 238 236
239 236 240
236 241 240
240 241 242
241 243 242
242 243 244
243 245 244
244 245 246
245 247 246
246 247 248
247 249 248
248 249 250
249 251 250
250 251 252
253 250 252
253 252 254
255 253 254
258 257 256
259 258 256
262 261 260
263 262 260
266 265 264
267 266 264
267 268 266
268 269 266
268 270 269
270 271 269
270 272 271
272 273 271
272 274 273
274 275 273
274 276 275
276 277 275
280 279 278
281 280 278
284 283 282
285 284 282
285 282 286
287 285 286
288 287 286
289 288 286
290 287 288
291 290 288
291 292 290
292 293 290
292 294 293
294 295 293
296 293 295
297 296 295
297 295 298
298 295 294
299 298 294
300 298 299
301 300 299
302 300 301
303 302 301
304 300 302
305 304 302
305 306 304
306 307 304
304 307 308
309 304 308
309 308 310
297 309 310
297 310 311
296 297 311
296 311 312
296 312 293
312 290 293
290 312 287
312 285 287
285 312 284
312 313 284
311 313 312
309 297 298
316 315 314
317 316 314
320 319 318
321 320 318
322 320 321
323 322 321
324 322 323
325 324 323
324 325 326
327 324 326
327 326 328
326 329 328
328 329 330
331 328 330
331 330 332
333 331 332
333 332 334
335 333 334
335 334 336
337 335 336
337 336 338
336 339 338
342 341 340
341 343 340
340 343 344
343 345 344
344 345 346
345 347 346
346 347 348
347 349 348
348 349 350
349 351 350
351 352 350
352 353 350
352 354 353
354 355 353
354 356 355
356 357 355
356 358 357
358 359 357
358 360 359
360 361 359
364 363 362
365 364 362
366 364 365
367 366 365
368 366 367
369 368 367
368 369 370
371 368 370
372 371 370
373 372 370
374 372 373
375 374 373
376 374 375
377 376 375
378 376 377
379 378 377
382 381 380
383 382 380
384 382 383
385 384 383
386 384 385
387 386 385
388 386 387
389 388 387
390 388 389
391 390 389
392 390 391
393 392 391
392 393 394
395 392 394
395 394 396
397 395 396
397 396 398
399 397 398
399 398 400
401 399 400
404 403 402
403 405 402
403 406 405
406 407 405
407 406 408
406 409 408
408 409 410
409 411 410
410 411 412
411 413 412
412 413 414
413 415 414
415 416 414
416 417 414
416 418 417
418 419 417
420 419 418
421 420 418
421 422 420
422 423 420
424 423 422
425 424 422
428 427 426
429 428 426
430 428 429
431 430 429
430 431 432
433 430 432
433 432 434
435 433 434
436 435 434
437 436 434
438 436 437
439 438 437
440 438 439
441 440 439
444 443 442
445 444 442
446 444 445
447 446 445
448 446 447
449 448 447
450 448 449
451 450 449
450 451 452
453 450 452
453 452 454
455 453 454
455 454 456
454 457 456
456 457 458
457 459 458
458 459 460
461 458 460
461 460 462
463 461 462
463 462 464
465 463 464
465 464 466
467 465 466
470 469 468
469 471 468
469 472 471
472 473 471
472 474 473
477 476 475
478 477 475
481 480 479
482 480 481
483 482 481
484 482 483
485 484 483
485 486 484
486 487 484
490 489 488
489 491 488
489 492 491
492 493 491
492 494 493
494 495 493
496 495 494
497 496 494
497 498 496
498 499 496
498 500 499
500 501 499
500 502 501
502 503 501
502 504 503
504 505 503
508 507 506
507 509 506
507 510 509
510 511 509
514 513 512
515 514 512
515 516 514
516 517 514
516 518 517
518 519 517
520 519 518
521 520 518
522 520 521
523 522 521
523 524 522
524 525 522
524 526 525
526 527 525
526 528 527
528 529 527
532 531 530
531 533 530
536 535 534
537 536 534
540 539 538
541 540 538
544 543 542
545 544 542
548 547 546
549 548 546
552 551 550
553 552 550
556 555 554
555 557 554
560 559 558
561 560 558
564 563 562
565 564 562
568 567 566
569 568 566
572 571 570
573 572 570
576 575 574
575 577 574
580 579 578
581 580 578
584 583 582
585 584 582
588 587 586
589 588 586
592 591 590
593 592 590
596 595 594
597 596 594
600 599 598
601 600 598
604 603 602
603 605 602
608 607 606
609 608 606
612 611 610
613 612 610
616 615 614
617 616 614
620 619 618
621 620 618
624 623 622
625 624 622
628 627 626
627 629 626
632 631 630
633 632 630
636 635 634
635 637 634
640 639 638
639 641 638
644 643 642
645 644 642
648 647 646
647 649 646
652 651 650
651 653 650
656 655 654
655 657 654
660 659 658
661 660 658
664 663 662
665 664 662
304 309 298
300 304 298
668 667 666
669 668 666
669 666 670
666 671 670
670 671 672
673 670 672
674 670 673
675 674 673
675 676 674
676 677 674
676 678 677
678 679 677
680 677 679
677 680 674
680 681 674
681 669 674
669 670 674
669 681 668
681 682 668
681 680 682
680 683 682
680 684 683
684 685 683
684 686 685
686 687 685
686 688 687
688 689 687
688 690 689
690 691 689
690 688 692
693 690 692
693 692 694
695 693 694
694 692 696
692 688 696
688 686 696
696 686 679
686 684 679
684 680 679
696 679 678
697 696 678
697 694 696
700 699 698
701 700 698
701 698 702
703 701 702
703 702 704
705 703 704
703 705 706
707 703 706
703 707 701
707 708 701
700 701 708
709 700 708
709 708 710
708 707 710
707 711 710
707 706 711
706 712 711
711 712 713
712 714 713
713 714 715
716 713 715
716 715 717
718 716 717
718 717 719
720 718 719
718 720 721
720 722 721
721 722 723
724 721 723
725 721 724
726 725 724
727 725 726
728 727 726
728 729 727
729 710 727
729 709 710
710 711 727
711 713 727
713 716 727
716 725 727
725 716 721
716 718 721
732 731 730
731 733 730
733 731 734
735 733 734
734 736 735
736 737 735
735 737 738
739 735 738
739 738 740
741 739 740
742 741 740
743 742 740
742 743 744
745 742 744
746 745 744
747 746 744
748 746 747
749 748 747
748 750 746
750 751 746
746 751 745
751 752 745
745 752 742
752 753 742
742 753 754
741 742 754
741 754 755
739 741 755
755 733 739
733 735 739
730 733 755
756 730 755
757 756 755
754 757 755
757 754 753
758 757 753
759 758 753
752 759 753
760 759 752
751 760 752
760 751 750
761 760 750
764 763 762
763 765 762
766 762 765
767 766 765
767 765 768
765 769 768
765 763 769
763 770 769
769 770 771
768 769 771
772 768 771
772 771 773
771 774 773
773 774 775
774 776 775
775 776 777
776 778 777
777 778 779
780 777 779
777 780 781
782 777 781
777 782 783
775 777 783
775 783 784
773 775 784
772 773 784
785 772 784
768 772 785
786 768 785
767 768 786
787 767 786
766 767 787
788 766 787
789 779 778
790 789 778
790 778 776
791 790 776
792 791 776
774 792 776
792 774 771
793 792 771
770 793 771
796 795 794
797 796 794
798 797 794
799 798 794
798 799 800
801 798 800
802 798 801
803 802 801
804 802 803
805 804 803
806 804 805
807 806 805
808 806 807
809 808 807
808 809 810
811 808 810
811 810 812
813 811 812
811 813 814
813 815 814
815 816 814
816 817 814
814 817 818
811 814 818
808 811 818
808 818 806
818 819 806
806 819 820
804 806 820
804 820 802
820 821 802
802 821 797
798 802 797
796 797 821
822 796 821
822 821 820
823 822 820
823 820 819
824 823 819
824 819 818
825 824 818
817 825 818
828 827 826
827 829 826
829 830 826
830 831 826
831 830 832
830 833 832
833 834 832
834 835 832
836 835 834
837 836 834
837 838 836
838 839 836
840 839 838
841 840 838
841 842 840
842 843 840
842 844 843
844 845 843
844 846 845
846 847 845
850 849 848
851 850 848
852 851 848
853 852 848
854 852 853
855 854 853
854 855 856
857 854 856
858 857 856
859 858 856
860 858 859
861 860 859
864 863 862
867 866 865
868 867 865
871 870 869
870 871 872
873 870 872
873 872 874
875 873 874
876 875 874
877 876 874
876 877 314
315 876 314
880 879 878
881 880 878
884 883 882
885 884 882
888 887 886
889 888 886
892 891 890
893 892 890
896 895 894
897 896 894
900 899 898
899 901 898
904 903 902
905 904 902
908 907 906
907 909 906
912 911 910
913 912 910
916 915 914
917 916 914
920 919 918
919 921 918
924 923 922
923 925 922
928 927 926
929 928 926
932 931 930
933 932 930
936 935 934
935 937 934
940 939 938
941 940 938
944 943 942
945 944 942
948 947 946
949 948 946
952 951 950
951 953 950
956 955 954
957 956 954
960 959 958
961 960 958
964 963 962
965 964 962
968 967 966
969 968 966
972 971 970
973 972 970
976 975 974
977 976 974
980 979 978
981 980 978
984 983 982
983 985 982
988 987 986
987 989 986
992 991 990
993 992 990
996 995 994
997 996 994
1000 999 998
1001 1000 998
1004 1003 1002
1005 1004 1002
1008 1007 1006
1009 1008 1006
1012 1011 1010
1011 1013 1010
1016 1015 1014
1017 1016 1014
1020 1019 1018
1021 1020 1018
1024 1023 1022
1023 1025 1022
1028 1027 1026
1027 1029 1026
1032 1031 1030
1035 1034 1033
1036 1035 1033
1039 1038 1037
1042 1041 1040
1043 1042 1040
1046 1045 1044
1047 1046 1044
1050 1049 1048
1051 1050 1048
1054 1053 1052
1055 1054 1052
1058 1057 1056
1059 1058 1056
1062 1061 1060
1063 1062 1060
1066 1065 1064
1067 1066 1064
1070 1069 1068
1069 1071 1068
1074 1073 1072
1077 1076 1075
1078 1077 1075
1081 1080 1079
1084 1083 1082
1085 1084 1082
1088 1087 1086
1089 1088 1086
1092 1091 1090
1093 1092 1090
1096 1095 1094
1097 1096 1094
1100 1099 1098
1101 1100 1098
1104 1103 1102
1103 1105 1102
1108 1107 1106
1107 1109 1106
1112 1111 1110
1113 1112 1110
1116 1115 1114
1115 1117 1114
1120 1119 1118
1123 1122 1121
1124 1123 1121
1127 1126 1125
1130 1129 1128
1131 1130 1128
1134 1133 1132
1135 1134 1132
1138 1137 1136
1139 1138 1136
1142 1141 1140
1143 1142 1140
1146 1145 1144
1147 1146 1144
1150 1149 1148
1151 1150 1148
1154 1153 1152
1153 1155 1152
1158 1157 1156
1159 1158 1156
1162 1161 1160
1161 1163 1160
1166 1165 1164
1167 1166 1164
1170 1169 1168
1173 1172 1171
1174 1173 1171
1177 1176 1175
1180 1179 1178
1181 1180 1178
1184 1183 1182
1185 1184 1182
1188 1187 1186
1189 1188 1186
1192 1191 1190
1193 1192 1190
1196 1195 1194
1197 1196 1194
1200 1199 1198
1201 1200 1198
1204 1203 1202
1205 1204 1202
1208 1207 1206
1209 1208 1206
1212 1211 1210
1215 1214 1213
1216 1215 1213
1219 1218 1217
1220 1219 1217
1223 1222 1221
1226 1225 1224
1227 1226 1224
1230 1229 1228
1231 1230 1228
1234 1233 1232
1235 1234 1232
1238 1237 1236
1239 1238 1236
1242 1241 1240
1243 1242 1240
1246 1245 1244
1247 1246 1244
1250 1249 1248
1251 1250 1248
1254 1253 1252
1255 1254 1252
sm02_environment\outsourcing\dhruva\manmade\os_hvackit_01\os_hvackit_01_a\os_hvackit_01_hvac.material
1
0
223
-2.501221 4.358643 4.38501
-1 0.000978 -0.000001
0 0 0 0
0.996582 0.029785
-2.501221 4.666748 4.38501
-1 0.000978 -0.000001
0 0 0 0
0.996094 0.001465
-2.501221 4.358643 4.303223
-1 0.000978 -0.000001
0 0 0 0
0.988647 0.029785
-2.501221 4.666748 2.446533
-1 0.000978 -0.000001
0 0 0 0
0.807373 0.001465
-2.501221 4.358643 1.437744
-1 0.000978 -0.000001
0 0 0 0
0.708862 0.029785
-2.501221 4.358643 4.38501
0.001382 0.001382 0.999998
0 0 0 0
0.003052 0.029785
-2.418701 4.358643 4.38501
0.001382 0.001382 0.999998
0 0 0 0
0.011597 0.029785
-2.501221 4.666748 4.38501
0.001382 0.001382 0.999998
0 0 0 0
0.007324 0.001465
-2.268311 4.358643 4.38501
0.001382 0.001382 0.999998
0 0 0 0
0.027222 0.029785
2.501221 4.666748 4.38501
0.001382 0.001382 0.999998
0 0 0 0
0.528687 0.001465
2.268311 4.358643 4.38501
-0.001382 0.001382 0.999998
0 0 0 0
0.505249 0.029785
-2.501221 4.358643 4.38501
-1 0.000978 -0.000001
0 0 0 0
0.997437 0.029785
-2.501221 4.358643 4.303223
-1 0.000978 -0.000001
0 0 0 0
0.997437 0.001465
-2.501221 0.690674 4.303223
-1 0.000978 -0.000001
0 0 0 0
0.001465 0.001465
-2.501221 0.690674 4.38501
-1 0.000978 -0.000001
0 0 0 0
0.001465 0.029785
-2.501221 0.690674 4.38501
0.001382 0.001382 0.999998
0 0 0 0
-0.084229 0.033569
-2.418701 4.358643 4.38501
0.001382 0.001382 0.999998
0 0 0 0
0.998047 0.053101
-2.501221 4.358643 4.38501
0.001382 0.001382 0.999998
0 0 0 0
0.998413 0.033569
-2.418701 4.666748 4.303223
0.000978 1 -0.000001
0 0 0 0
-0.00293 0.001465
-2.418701 4.666748 2.446533
0.000978 1 -0.000001
0 0 0 0
-0.706543 0.001465
-2.501221 4.666748 2.446533
0.000978 1 -0.000001
0 0 0 0
-0.706543 0.029785
-2.501221 4.666748 4.38501
0.000978 1 -0.000001
0 0 0 0
0.026001 0.029785
-2.418701 4.666748 4.303223
0.000978 1 -0.000001
0 0 0 0
0.959106 1.029785
-2.501221 4.666748 4.38501
0.000978 1 -0.000001
0 0 0 0
0.809814 1.001465
2.501221 4.666748 4.38501
0.000978 1 -0.000001
0 0 0 0
-0.007446 1.001465
2.418701 4.666748 4.303223
0.000978 1 -0.000001
0 0 0 0
0.032593 1.029785
-2.384521 4.466797 4.271484
0.985559 0.169316 0.002438
0 0 0 0
0.272827 0.004272
-2.418701 4.666748 2.446533
0.985559 0.169316 0.002438
0 0 0 0
0.003784 0.026978
-2.418701 4.666748 4.303223
0.985559 0.169316 0.002438
0 0 0 0
0.277588 0.026978
-2.384521 4.466797 2.478271
0.985559 0.169316 0.002438
0 0 0 0
0.003784 0.004272
-2.418701 4.666748 4.303223
0.001378 0.155736 -0.987798
0 0 0 0
0.296631 0.003174
2.418701 4.666748 4.303223
0.001378 0.155736 -0.987798
0 0 0 0
0.996826 0.003174
2.384521 4.466797 4.271484
0.001378 0.155736 -0.987798
0 0 0 0
0.996826 0.026489
-2.384521 4.466797 4.271484
0.001378 0.155736 -0.987798
0 0 0 0
0.301636 0.026489
2.418701 4.666748 2.446533
-0.985559 0.169316 0.002438
0 0 0 0
0.277588 0.026978
2.384521 4.466797 2.478271
-0.985559 0.169316 0.002438
0 0 0 0
0.272827 0.004272
2.384521 4.466797 4.271484
-0.985559 0.169316 0.002438
0 0 0 0
0.003784 0.004272
2.418701 4.666748 4.303223
-0.985559 0.169316 0.002438
0 0 0 0
0.003784 0.026978
-2.418701 4.666748 2.446533
0.001378 0.155736 0.987798
0 0 0 0
0.005371 0.026489
-2.384521 4.466797 2.478271
0.001378 0.155736 0.987798
0 0 0 0
0.005371 0.003174
2.384521 4.466797 2.478271
0.001378 0.155736 0.987798
0 0 0 0
0.700439 0.003174
2.418701 4.666748 2.446533
0.001378 0.155736 0.987798
0 0 0 0
0.705444 0.026489
-2.501221 0.690674 4.38501
-1 0.000978 -0.000001
0 0 0 0
0.997559 0.001465
-2.501221 0.690674 4.303223
-1 0.000978 -0.000001
0 0 0 0
0.966064 0.001465
-2.501221 0.614502 4.303223
-1 0.000978 -0.000001
0 0 0 0
0.966064 0.029785
-2.501221 0.614502 4.38501
-1 0.000978 -0.000001
0 0 0 0
0.997559 0.029785
-2.501221 0.614502 4.303223
-1 0.000978 -0.000001
0 0 0 0
0.992676 0.029785
-2.501221 0.690674 4.303223
-1 0.000978 -0.000001
0 0 0 0
0.992676 0.001465
-2.501221 0.690674 -4.293213
-1 0.000978 -0.000001
0 0 0 0
0.02063 0.001465
-2.501221 0.614502 -4.293213
-1 0.000978 -0.000001
0 0 0 0
0.02063 0.029785
-2.501221 4.358643 -4.293213
-1 0.000978 -0.000001
0 0 0 0
0.011963 0.029785
-2.501221 4.666748 -4.375
-1 0.000978 -0.000001
0 0 0 0
0.007935 0.001465
-2.501221 4.358643 -4.375
-1 0.000978 -0.000001
0 0 0 0
0.003906 0.029785
-2.501221 4.666748 -2.436768
-1 0.000978 -0.000001
0 0 0 0
0.193237 0.001465
-2.501221 4.358643 -1.427734
-1 0.000978 -0.000001
0 0 0 0
0.291626 0.029785
-2.501221 4.666748 2.446533
-1 0.000978 -0.000001
0 0 0 0
0.669922 0.001465
-2.501221 4.358643 1.437744
-1 0.000978 -0.000001
0 0 0 0
0.571411 0.029785
-2.501221 0.690674 -4.293213
-1 0.000978 -0.000001
0 0 0 0
0.001465 0.029785
-2.501221 4.358643 -4.293213
-1 0.000978 -0.000001
0 0 0 0
0.997437 0.029785
-2.501221 4.358643 -4.375
-1 0.000978 -0.000001
0 0 0 0
0.997437 0.001465
-2.501221 0.690674 -4.375
-1 0.000978 -0.000001
0 0 0 0
0.001465 0.001465
-2.501221 0.614502 -4.375
-1 0.000978 -0.000001
0 0 0 0
0.001465 0.029785
-2.501221 0.614502 -4.293213
-1 0.000978 -0.000001
0 0 0 0
0.033081 0.029785
-2.501221 0.690674 -4.293213
-1 0.000978 -0.000001
0 0 0 0
0.033081 0.001465
-2.418701 4.666748 -4.293213
0.985559 0.169316 0.002438
0 0 0 0
0.003784 0.026978
-2.384521 4.466797 -2.46875
0.985559 0.169316 0.002438
0 0 0 0
0.272827 0.004272
-2.384521 4.466797 -4.261475
0.985559 0.169316 0.002438
0 0 0 0
0.003784 0.004272
-2.418701 4.666748 -2.436768
0.985559 0.169316 0.002438
0 0 0 0
0.277588 0.026978
-2.418701 4.666748 -4.293213
0.001378 0.155736 0.987798
0 0 0 0
0.296631 0.026489
-2.384521 4.466797 -4.261475
0.001378 0.155736 0.987798
0 0 0 0
0.301636 0.003174
2.384521 4.466797 -4.261475
0.001378 0.155736 0.987798
0 0 0 0
0.996826 0.003174
2.418701 4.666748 -4.293213
0.001378 0.155736 0.987798
0 0 0 0
0.996826 0.026489
2.384521 4.466797 -2.46875
0.001378 0.155736 -0.987798
0 0 0 0
0.996826 0.026489
-2.384521 4.466797 -2.46875
0.001378 0.155736 -0.987798
0 0 0 0
0.301636 0.026489
-2.418701 4.666748 -2.436768
0.001378 0.155736 -0.987798
0 0 0 0
0.296631 0.003174
2.418701 4.666748 -2.436768
0.001378 0.155736 -0.987798
0 0 0 0
0.996826 0.003174
2.418701 4.666748 -4.293213
-0.985559 0.169316 0.002438
0 0 0 0
0.998169 0.026978
2.384521 4.466797 -4.261475
-0.985559 0.169316 0.002438
0 0 0 0
0.998169 0.004272
2.384521 4.466797 -2.46875
-0.985559 0.169316 0.002438
0 0 0 0
0.729248 0.004272
2.418701 4.666748 -2.436768
-0.985559 0.169316 0.002438
0 0 0 0
0.724487 0.026978
2.501221 4.666748 -4.373535
1 0.000978 -0.000001
0 0 0 0
0.996338 0.001465
2.501221 4.36499 -4.293213
1 0.000978 -0.000001
0 0 0 0
0.988647 0.029785
2.501221 4.36499 -4.375
1 0.000978 -0.000001
0 0 0 0
0.996582 0.029785
2.501221 4.666748 -2.436768
1 0.000978 -0.000001
0 0 0 0
0.807373 0.001465
2.501221 4.36499 -1.427734
1 0.000978 -0.000001
0 0 0 0
0.708862 0.029785
2.501221 4.36499 -4.375
1 0.000978 -0.000001
0 0 0 0
0.998901 0.029785
2.501221 4.36499 -4.293213
1 0.000978 -0.000001
0 0 0 0
0.998901 0.001465
2.501221 0.690674 -4.293213
1 0.000978 -0.000001
0 0 0 0
0 0.001465
2.501221 0.690674 -4.375
1 0.000978 -0.000001
0 0 0 0
0 0.029785
2.501221 4.36499 -4.375
-0.001382 0.001382 -0.999998
0 0 0 0
0.998413 0.033569
2.501221 0.690674 -4.375
-0.001382 0.001382 -0.999998
0 0 0 0
-0.082397 0.033569
2.418701 4.361816 -4.375
-0.001382 0.001382 -0.999998
0 0 0 0
0.998047 0.053101
2.501221 4.666748 -4.373535
0.001382 0.001382 -0.999998
0 0 0 0
0.998535 0.001587
2.501221 4.36499 -4.375
-0.001382 0.001382 -0.999998
0 0 0 0
0.997559 0.029785
2.418701 4.361816 -4.375
-0.001382 0.001382 -0.999998
0 0 0 0
0.988892 0.029785
2.268311 4.358643 -4.375
0.001382 0.001382 -0.999998
0 0 0 0
0.973267 0.029785
-2.268311 4.358643 -4.375
0.001382 0.001382 -0.999998
0 0 0 0
0.027222 0.029785
-2.501221 4.666748 -4.375
0.001382 0.001382 -0.999998
0 0 0 0
0.007324 0.001465
-2.418701 4.358643 -4.375
0.001382 0.001382 -0.999998
0 0 0 0
0.011597 0.029785
-2.501221 4.358643 -4.375
0.001382 0.001382 -0.999998
0 0 0 0
0.003052 0.029785
2.501221 4.666748 4.38501
1 0.000978 -0.000001
0 0 0 0
0.004272 0.001465
2.501221 4.36499 4.38501
1 0.000978 -0.000001
0 0 0 0
0.003906 0.029785
2.501221 4.36499 4.303223
1 0.000978 -0.000001
0 0 0 0
0.011963 0.029785
2.501221 4.666748 2.446533
1 0.000978 -0.000001
0 0 0 0
0.193237 0.001465
2.501221 4.36499 1.437744
1 0.000978 -0.000001
0 0 0 0
0.291626 0.029785
2.501221 4.36499 -1.427734
1 0.000978 -0.000001
0 0 0 0
0.571411 0.029785
2.501221 4.666748 -2.436768
1 0.000978 -0.000001
0 0 0 0
0.669922 0.001465
2.501221 0.690674 4.38501
1 0.000978 -0.000001
0 0 0 0
0 0.001465
2.501221 0.690674 4.303223
1 0.000978 -0.000001
0 0 0 0
0 0.029785
2.501221 4.36499 4.303223
1 0.000978 -0.000001
0 0 0 0
0.998901 0.029785
2.501221 4.36499 4.38501
1 0.000978 -0.000001
0 0 0 0
0.998901 0.001465
2.418701 4.361816 4.38501
0.001382 0.001382 0.999998
0 0 0 0
0.997437 0.043579
2.268311 4.358643 4.38501
-0.001382 0.001382 0.999998
0 0 0 0
0.997437 0.091064
2.268311 0.690674 4.38501
-0.001382 0.001382 0.999998
0 0 0 0
0.002563 0.091064
2.501221 0.690674 4.38501
-0.001382 0.001382 0.999998
0 0 0 0
0.002563 0.043579
2.501221 4.666748 4.38501
0.001382 0.001382 0.999998
0 0 0 0
0.996826 0.001587
2.268311 4.358643 4.38501
-0.001382 0.001382 0.999998
0 0 0 0
0.973267 0.029785
2.418701 4.361816 4.38501
0.001382 0.001382 0.999998
0 0 0 0
0.988892 0.029785
2.501221 4.36499 4.38501
0.001382 0.001382 0.999998
0 0 0 0
0.997559 0.029785
-2.268311 0.690674 -4.375
0.001382 0.001382 -0.999998
0 0 0 0
0.002563 0.091064
-2.418701 4.358643 -4.375
0.001382 0.001382 -0.999998
0 0 0 0
0.997681 0.043579
-2.268311 4.358643 -4.375
0.001382 0.001382 -0.999998
0 0 0 0
0.997681 0.091064
-2.501221 0.690674 -4.375
0.001382 0.001382 -0.999998
0 0 0 0
0.002563 0.043579
2.268311 0.690674 -4.375
-0.001382 0.001382 -0.999998
0 0 0 0
0.002563 0.09082
2.268311 4.358643 -4.375
0.001382 0.001382 -0.999998
0 0 0 0
0.998169 0.09082
2.418701 4.361816 -4.375
-0.001382 0.001382 -0.999998
0 0 0 0
0.998169 0.043335
2.501221 0.690674 -4.375
-0.001382 0.001382 -0.999998
0 0 0 0
0.002563 0.043335
-2.501221 0.614502 -4.375
0.001382 0.001382 -0.999998
0 0 0 0
0.001465 0.001465
-2.501221 0.690674 -4.375
0.001382 0.001382 -0.999998
0 0 0 0
0.001709 0.029785
-2.268311 0.690674 -4.375
0.001382 0.001382 -0.999998
0 0 0 0
0.090088 0.029785
2.501221 0.614502 -4.375
0.001382 0.001382 -0.999998
0 0 0 0
0.954346 0.001465
2.268311 0.690674 -4.375
-0.001382 0.001382 -0.999998
0 0 0 0
0.904053 0.029785
-2.501221 0.690674 -4.375
0.001382 0.001382 -0.999998
0 0 0 0
-0.084229 0.033569
-2.501221 4.358643 -4.375
0.001382 0.001382 -0.999998
0 0 0 0
0.998413 0.033569
-2.418701 4.358643 -4.375
0.001382 0.001382 -0.999998
0 0 0 0
0.998047 0.053101
-2.268311 0.690674 4.38501
0.001382 0.001382 0.999998
0 0 0 0
0.002563 0.090698
-2.268311 4.358643 4.38501
0.001382 0.001382 0.999998
0 0 0 0
0.997681 0.090698
-2.418701 4.358643 4.38501
0.001382 0.001382 0.999998
0 0 0 0
0.997681 0.043335
-2.501221 0.690674 4.38501
0.001382 0.001382 0.999998
0 0 0 0
0.002563 0.043335
2.501221 0.690674 4.38501
-0.001382 0.001382 0.999998
0 0 0 0
-0.082397 0.033569
2.501221 4.36499 4.38501
0.001382 0.001382 0.999998
0 0 0 0
0.998413 0.033569
2.418701 4.361816 4.38501
0.001382 0.001382 0.999998
0 0 0 0
0.998047 0.053101
2.501221 0.690674 4.38501
1 0.000978 -0.000001
0 0 0 0
0.001465 0.001465
2.501221 0.614502 4.303223
1 0.000978 -0.000001
0 0 0 0
0.033081 0.029785
2.501221 0.690674 4.303223
1 0.000978 -0.000001
0 0 0 0
0.033081 0.001465
2.501221 0.614502 4.38501
1 -0.000977 -0.000001
0 0 0 0
0.001465 0.029785
2.501221 0.690674 4.303223
1 0.000978 -0.000001
0 0 0 0
0.037231 0.001465
2.501221 0.614502 4.303223
1 0.000978 -0.000001
0 0 0 0
0.037231 0.029785
2.501221 0.614502 -4.293213
1 0.000978 -0.000001
0 0 0 0
0.965942 0.029785
2.501221 0.690674 -4.293213
1 0.000978 -0.000001
0 0 0 0
0.965942 0.001465
2.501221 0.690674 -4.375
1 0.000978 -0.000001
0 0 0 0
0.997559 0.001465
2.501221 0.614502 -4.375
1 0.000978 -0.000001
0 0 0 0
0.997559 0.029785
2.501221 0.614502 4.38501
0.001382 0.001382 0.999998
0 0 0 0
0.011841 0.001465
2.268311 0.690674 4.38501
-0.001382 0.001382 0.999998
0 0 0 0
0.100098 0.029785
-2.268311 0.690674 4.38501
0.001382 0.001382 0.999998
0 0 0 0
0.890625 0.029785
-2.501221 0.614502 4.38501
0.001382 0.001382 0.999998
0 0 0 0
0.978882 0.001465
-2.501221 0.690674 4.38501
0.001382 0.001382 0.999998
0 0 0 0
0.979126 0.029785
2.268311 0.690674 4.38501
-0.001382 0.001382 0.999998
0 0 0 0
0.090088 0.029785
2.501221 0.614502 4.38501
0.001382 0.001382 0.999998
0 0 0 0
0.001465 0.001465
2.501221 0.690674 4.38501
-0.001382 0.001382 0.999998
0 0 0 0
0.001709 0.029785
-2.501221 0.614502 4.303223
0.000978 -1 -0.000001
0 0 0 0
0.101685 0.9021
2.501221 0.614502 4.38501
0.000978 -1 -0.000001
0 0 0 0
0.094238 0.4729
-2.501221 0.614502 4.38501
0.000978 -1 -0.000001
0 0 0 0
0.094238 0.9021
2.501221 0.614502 4.303223
0.000978 -1 -0.000001
0 0 0 0
0.101685 0.4729
-2.501221 0.614502 -4.293213
0.000978 -1 -0.000001
0 0 0 0
0.890015 0.9021
2.501221 0.614502 -4.293213
0.000978 -1 -0.000001
0 0 0 0
0.890015 0.4729
2.501221 0.614502 -4.375
0.000978 -1 -0.000001
0 0 0 0
0.897583 0.4729
-2.501221 0.614502 -4.375
0.000978 -1 -0.000001
0 0 0 0
0.897583 0.9021
2.501221 0.614502 -4.375
0.001382 0.001382 -0.999998
0 0 0 0
0.978882 0.001465
2.268311 0.690674 -4.375
-0.001382 0.001382 -0.999998
0 0 0 0
0.890625 0.029785
2.501221 0.690674 -4.375
-0.001382 0.001382 -0.999998
0 0 0 0
0.979126 0.029785
2.501221 4.666748 -4.373535
0.000978 1 -0.000001
0 0 0 0
0.018066 1.002075
-2.501221 4.666748 -4.375
0.000978 1 -0.000001
0 0 0 0
0.982178 1.001465
-2.418701 4.666748 -4.293213
0.000978 1 -0.000001
0 0 0 0
0.966675 1.029785
2.418701 4.666748 -4.293213
0.000978 1 -0.000001
0 0 0 0
0.041138 1.029785
-2.418701 4.666748 -4.293213
0.000978 1 -0.000001
0 0 0 0
0.001465 0.001465
-2.501221 4.666748 -4.375
0.000978 1 -0.000001
0 0 0 0
-0.014038 0.029785
-2.501221 4.666748 -2.436768
0.000978 1 -0.000001
0 0 0 0
0.704956 0.029785
-2.418701 4.666748 -2.436768
0.000978 1 -0.000001
0 0 0 0
0.704956 0.001465
-2.418701 4.666748 -2.436768
0.000978 1 -0.000001
0 0 0 0
-0.922241 0.001465
-2.501221 4.666748 -2.436768
0.000978 1 -0.000001
0 0 0 0
-0.922241 0.029785
-2.501221 4.666748 2.446533
0.000978 1 -0.000001
0 0 0 0
0.958008 0.029785
-2.418701 4.666748 2.446533
0.000978 1 -0.000001
0 0 0 0
0.958008 0.001465
2.418701 4.666748 -2.436768
0.000978 1 -0.000001
0 0 0 0
0.545532 0.4729
-2.418701 4.666748 -2.436768
0.000978 1 -0.000001
0 0 0 0
0.545532 0.9021
-2.418701 4.666748 2.446533
0.000978 1 -0.000001
0 0 0 0
0.995239 0.9021
2.418701 4.666748 2.446533
0.000978 1 -0.000001
0 0 0 0
0.995239 0.4729
2.501221 4.666748 -2.436768
0.000978 1 -0.000001
0 0 0 0
-0.848267 0.001465
2.418701 4.666748 -2.436768
0.000978 1 -0.000001
0 0 0 0
-0.848267 0.029785
2.418701 4.666748 2.446533
0.000978 1 -0.000001
0 0 0 0
0.953003 0.029785
2.501221 4.666748 2.446533
0.000978 1 -0.000001
0 0 0 0
0.953003 0.001465
2.501221 4.666748 2.446533
0.000978 1 -0.000001
0 0 0 0
-0.704224 0.001465
2.418701 4.666748 2.446533
0.000978 1 -0.000001
0 0 0 0
-0.704224 0.029785
2.418701 4.666748 4.303223
0.000978 1 -0.000001
0 0 0 0
-0.000488 0.029785
2.501221 4.666748 4.38501
0.000978 1 -0.000001
0 0 0 0
0.029053 0.001465
2.418701 4.666748 -4.293213
0.000978 1 -0.000001
0 0 0 0
0.001465 0.029785
2.418701 4.666748 -2.436768
0.000978 1 -0.000001
0 0 0 0
0.705078 0.029785
2.501221 4.666748 -2.436768
0.000978 1 -0.000001
0 0 0 0
0.705078 0.001465
2.501221 4.666748 -4.373535
0.000978 1 -0.000001
0 0 0 0
-0.028564 0.001465
0.608398 4.666748 -2.436768
0.000978 1 -0.000001
0 0 0 0
-0.004028 0.098267
-0.608398 4.666748 -4.293213
0.000978 1 -0.000001
0 0 0 0
-0.199463 0.214233
-0.608398 4.666748 -2.436768
0.000978 1 -0.000001
0 0 0 0
-0.004028 0.214233
0.608398 4.666748 -4.293213
0.000978 1 -0.000001
0 0 0 0
-0.199463 0.098267
-0.640381 4.541504 -2.46875
-0.969389 0.245526 0.001383
0 0 0 0
-0.433228 0.004761
-0.608398 4.666748 -2.436768
-0.969389 0.245526 0.001383
0 0 0 0
-0.440918 0.026489
-0.608398 4.666748 -4.293213
-0.969389 0.245526 0.001383
0 0 0 0
-0.004028 0.026489
-0.640381 4.541504 -4.261475
-0.969389 0.245526 0.001383
0 0 0 0
-0.004028 0.004761
0.640381 4.541504 -2.46875
0.969389 0.245526 0.001383
0 0 0 0
0.434448 0.004761
0.640381 4.541504 -4.261475
0.969389 0.245526 0.001383
0 0 0 0
0.005249 0.004761
0.608398 4.666748 -4.293213
0.969389 0.245526 0.001383
0 0 0 0
0.005249 0.026489
0.608398 4.666748 -2.436768
0.969389 0.245526 0.001383
0 0 0 0
0.442139 0.026489
0.608398 4.666748 4.308594
0.000978 1 -0.000001
0 0 0 0
0.199097 0.098267
-0.608398 4.666748 2.452148
0.000978 1 -0.000001
0 0 0 0
0.004883 0.214233
-0.608398 4.666748 4.308594
0.000978 1 -0.000001
0 0 0 0
0.199097 0.214233
0.608398 4.666748 2.452148
0.000978 1 -0.000001
0 0 0 0
0.004883 0.098267
-0.640381 4.541504 4.276855
-0.969389 0.245526 0.001383
0 0 0 0
-0.433228 0.004761
-0.608398 4.666748 4.308594
-0.969389 0.245526 0.001383
0 0 0 0
-0.440918 0.026489
-0.608398 4.666748 2.452148
-0.969389 0.245526 0.001383
0 0 0 0
-0.004028 0.026489
-0.640381 4.541504 2.483887
-0.969389 0.245526 0.001383
0 0 0 0
-0.004028 0.004761
0.640381 4.541504 4.276855
0.969389 0.245526 0.001383
0 0 0 0
0.434448 0.004761
0.640381 4.541504 2.483887
0.969389 0.245526 0.001383
0 0 0 0
0.005249 0.004761
0.608398 4.666748 2.452148
0.969389 0.245526 0.001383
0 0 0 0
0.005249 0.026489
0.608398 4.666748 4.308594
0.969389 0.245526 0.001383
0 0 0 0
0.442139 0.026489
120
2 1 0
1 2 3
2 4 3
7 6 5
6 7 8
8 7 9
10 8 9
13 12 11
14 13 11
17 16 15
20 19 18
21 20 18
24 23 22
25 24 22
28 27 26
27 29 26
32 31 30
33 32 30
36 35 34
37 36 34
40 39 38
41 40 38
44 43 42
45 44 42
48 47 46
49 48 46
52 51 50
50 51 53
54 50 53
54 53 55
56 54 55
59 58 57
60 59 57
62 61 60
63 62 60
66 65 64
65 67 64
70 69 68
71 70 68
74 73 72
75 74 72
78 77 76
79 78 76
82 81 80
83 80 81
84 83 81
87 86 85
88 87 85
91 90 89
94 93 92
95 94 92
96 95 92
97 96 92
98 96 97
98 97 99
102 101 100
102 100 103
104 102 103
105 104 103
106 105 103
109 108 107
110 109 107
113 112 111
114 113 111
117 116 115
117 115 118
121 120 119
120 122 119
125 124 123
126 125 123
129 128 127
127 130 129
130 131 129
134 133 132
137 136 135
138 137 135
141 140 139
144 143 142
143 145 142
148 147 146
149 148 146
148 149 150
151 148 150
154 153 152
155 154 152
155 156 154
159 158 157
162 161 160
161 163 160
160 163 164
163 165 164
165 166 164
166 167 164
170 169 168
173 172 171
174 173 171
177 176 175
178 177 175
181 180 179
182 181 179
185 184 183
186 185 183
189 188 187
190 189 187
193 192 191
194 193 191
197 196 195
198 197 195
201 200 199
200 202 199
205 204 203
206 205 203
209 208 207
210 209 207
213 212 211
212 214 211
217 216 215
218 217 215
221 220 219
222 221 219
sm03_environment\outsourcing\dhruva\manmade\os_hvackit\Materials\os_hvackit_01_metal.material
1
0
4
1.319824 5.042236 1.323975
0.000978 1 -0.000001
0 0 0 0
0.438965 0.904785
1.319824 5.042236 -1.268066
0.000978 1 -0.000001
0 0 0 0
0.438965 0.470215
-1.319824 5.042236 -1.268066
0.000978 1 -0.000001
0 0 0 0
0.001465 0.470215
-1.319824 5.042236 1.323975
0.000978 1 -0.000001
0 0 0 0
0.001465 0.904785
2
2 1 0
3 2 0
sm04_environment\outsourcing\dhruva\manmade\os_hvackit\Materials\os_hvackit_01_metal.material
1
0
1533
1.213135 5.112305 -1.521729
0.624757 0.02739 -0.780339
0 0 0 0
0.374512 0.731689
1.412842 5.793701 -1.310547
0.733413 0.029134 -0.679158
0 0 0 0
0.267212 0.470215
1.427002 5.112305 -1.32373
0.733413 0.029134 -0.679158
0 0 0 0
0.266846 0.731689
1.200195 5.793701 -1.507324
0.624757 0.02739 -0.780339
0 0 0 0
0.375366 0.470215
0.973145 5.112305 -1.686035
0.500633 0.028035 -0.865206
0 0 0 0
0.481934 0.731689
0.963379 5.793701 -1.670654
0.500633 0.028035 -0.865206
0 0 0 0
0.48291 0.470215
0.71167 5.112305 -1.812256
0.344309 0.034023 -0.93824
0 0 0 0
0.589111 0.731689
0.704834 5.793701 -1.795166
0.383645 0.020335 -0.923257
0 0 0 0
0.590332 0.470337
0.517578 5.325195 -1.824951
0.051068 0.100755 -0.9936
0 0 0 0
0.662231 0.653564
0.536133 5.112305 -1.853516
0.037263 0.109029 -0.99334
0 0 0 0
0.657349 0.734131
0.518311 5.793701 -1.842041
0.242813 -0.034296 -0.969467
0 0 0 0
0.661743 0.470215
1.427002 5.112305 -1.32373
0.733413 0.029134 -0.679158
0 0 0 0
0.895386 0.731689
1.412842 5.793701 -1.310547
0.733413 0.029134 -0.679158
0 0 0 0
0.895752 0.470215
1.59082 5.793701 -1.085449
0.825209 0.028118 -0.564127
0 0 0 0
0.788574 0.470215
1.607666 5.112305 -1.096191
0.825209 0.028118 -0.564127
0 0 0 0
0.788086 0.731689
1.736572 5.793701 -0.836182
0.890223 0.022403 -0.454973
0 0 0 0
0.680908 0.470337
1.753906 5.112305 -0.844482
0.900276 0.029268 -0.434334
0 0 0 0
0.680542 0.731689
1.853271 5.264893 -0.539062
0.944744 0.023647 -0.326954
0 0 0 0
0.561279 0.676514
1.849609 5.793701 -0.554443
0.928421 -0.003434 -0.371513
0 0 0 0
0.567505 0.470215
1.830811 5.112305 -0.618408
0.945787 0.028115 -0.323568
0 0 0 0
0.591675 0.734131
1.858154 5.112305 -0.548828
0.953852 0.04786 -0.296438
0 0 0 0
0.564575 0.734131
1.882568 5.112305 -0.451172
0.968881 0.046864 -0.24305
0 0 0 0
0.52832 0.734131
1.853271 5.264893 -0.539062
0.999409 0.03426 0.002736
0 0 0 0
0.561279 0.676514
1.849609 5.793701 -0.554443
0.999977 0.006842 -0.000047
0 0 0 0
0.567505 0.470215
1.849609 5.793701 0.554443
0.999977 0.006842 -0.000047
0 0 0 0
0.156006 0.470215
1.853271 5.264893 0.539062
0.999409 0.03426 0.002736
0 0 0 0
0.162231 0.676514
1.882568 5.112305 0.451172
0.982055 0.188594 -0.000712
0 0 0 0
0.19519 0.734131
1.882568 5.112305 -0.451172
0.982055 0.188594 -0.000712
0 0 0 0
0.52832 0.734131
1.853271 5.264893 0.539062
0.944744 0.023647 0.326954
0 0 0 0
0.869507 0.676514
1.849609 5.793701 0.554443
0.928421 -0.003434 0.371513
0 0 0 0
0.863159 0.470215
1.736572 5.793701 0.836182
0.890223 0.022403 0.454973
0 0 0 0
0.749878 0.470337
1.753906 5.112305 0.844482
0.900276 0.029268 0.434334
0 0 0 0
0.750122 0.731689
1.607666 5.112305 1.096191
0.825209 0.028118 0.564127
0 0 0 0
0.6427 0.731689
1.59082 5.793701 1.085449
0.825209 0.028118 0.564127
0 0 0 0
0.642212 0.470215
1.427002 5.112305 1.32373
0.733413 0.029134 0.679158
0 0 0 0
0.5354 0.731689
1.412842 5.793701 1.310547
0.733413 0.029134 0.679158
0 0 0 0
0.535034 0.470215
1.213135 5.112305 1.521729
0.624757 0.02739 0.780339
0 0 0 0
0.427734 0.731689
1.200195 5.793701 1.507324
0.624757 0.02739 0.780339
0 0 0 0
0.42688 0.470215
0.973145 5.112305 1.686035
0.500633 0.028035 0.865206
0 0 0 0
0.320312 0.731689
0.963379 5.793701 1.670654
0.500633 0.028035 0.865206
0 0 0 0
0.319214 0.470215
0.71167 5.112305 1.812256
0.344309 0.034023 0.93824
0 0 0 0
0.213135 0.731689
0.704834 5.793701 1.795166
0.383645 0.020335 0.923257
0 0 0 0
0.211792 0.470337
0.517578 5.325195 1.824951
0.051068 0.100755 0.9936
0 0 0 0
0.139893 0.653564
0.518311 5.793701 1.842041
0.242813 -0.034296 0.969467
0 0 0 0
0.140381 0.470215
0.536133 5.112305 1.853516
0.037263 0.109029 0.99334
0 0 0 0
0.144775 0.734131
1.830811 5.112305 0.618408
0.945787 0.028115 0.323568
0 0 0 0
0.839111 0.734131
1.858154 5.112305 0.548828
0.953852 0.04786 0.296438
0 0 0 0
0.866211 0.734131
-1.423096 5.793701 -1.310547
-0.733413 0.029134 -0.679158
0 0 0 0
0.128906 0.470215
-1.210449 5.793701 -1.507324
-0.624757 0.02739 -0.780339
0 0 0 0
0.021484 0.470215
-1.223145 5.112305 -1.521729
-0.624757 0.02739 -0.780339
0 0 0 0
0.019653 0.731689
-1.437012 5.112305 -1.32373
-0.733413 0.029134 -0.679158
0 0 0 0
0.127441 0.731689
-1.601074 5.793701 -1.085449
-0.825209 0.028118 -0.564127
0 0 0 0
0.235474 0.470215
-1.617676 5.112305 -1.096191
-0.825209 0.028118 -0.564127
0 0 0 0
0.234863 0.731689
-1.746826 5.793701 -0.836182
-0.890223 0.022403 -0.454974
0 0 0 0
0.342896 0.470337
-1.763916 5.112305 -0.844482
-0.900276 0.029268 -0.434334
0 0 0 0
0.342529 0.731689
-1.863525 5.264893 -0.539062
-0.944744 0.023647 -0.326954
0 0 0 0
0.461914 0.676514
-1.859863 5.793701 -0.554443
-0.928421 -0.003434 -0.371513
0 0 0 0
0.455933 0.470215
-1.84082 5.112305 -0.618408
-0.945787 0.028115 -0.323568
0 0 0 0
0.431396 0.734131
-1.868164 5.112305 -0.548828
-0.953852 0.04786 -0.296438
0 0 0 0
0.458618 0.734131
-1.892578 5.112305 -0.451172
-0.968944 0.044687 -0.243211
0 0 0 0
0.494873 0.734131
-1.210449 5.793701 -1.507324
-0.624757 0.02739 -0.780339
0 0 0 0
0.781372 0.470215
-0.983154 5.112305 -1.686035
-0.500632 0.028035 -0.865206
0 0 0 0
0.677368 0.731689
-1.223145 5.112305 -1.521729
-0.624757 0.02739 -0.780339
0 0 0 0
0.784912 0.731689
-0.973389 5.793701 -1.670654
-0.500632 0.028035 -0.865206
0 0 0 0
0.674561 0.470215
-0.72168 5.112305 -1.812256
-0.341663 0.036753 -0.939103
0 0 0 0
0.570068 0.731689
-0.715088 5.793701 -1.795166
-0.38104 0.02034 -0.924335
0 0 0 0
0.567627 0.470337
-0.520752 5.325195 -1.824951
-0.051071 0.098001 -0.993875
0 0 0 0
0.494141 0.653564
-0.520996 5.793701 -1.842041
-0.234701 -0.034313 -0.971462
0 0 0 0
0.493652 0.470215
-0.54126 5.112305 -1.853516
-0.037263 0.109029 -0.99334
0 0 0 0
0.5 0.734131
0.536133 5.112305 -1.853516
0.037263 0.109029 -0.99334
0 0 0 0
0.10376 0.734131
0.517578 5.325195 -1.824951
0.051068 0.100755 -0.9936
0 0 0 0
0.108521 0.653564
-1.863525 5.264893 -0.539062
-0.999409 0.03426 0.002736
0 0 0 0
0.461914 0.676514
-1.859863 5.793701 0.554443
-0.999977 0.006842 -0.000047
0 0 0 0
0.86731 0.470215
-1.859863 5.793701 -0.554443
-0.999977 0.006842 -0.000047
0 0 0 0
0.455933 0.470215
-1.863525 5.264893 0.539062
-0.999409 0.03426 0.002736
0 0 0 0
0.860962 0.676514
-1.892578 5.112305 -0.451172
-0.982415 0.186708 0.000022
0 0 0 0
0.494873 0.734131
-1.892578 5.112305 0.451172
-0.982415 0.186708 0.000022
0 0 0 0
0.828003 0.734131
-1.617676 5.112305 1.096191
-0.825209 0.028118 0.564127
0 0 0 0
0.263062 0.731689
-1.746826 5.793701 0.836182
-0.890223 0.022403 0.454974
0 0 0 0
0.155762 0.470337
-1.763916 5.112305 0.844482
-0.900276 0.029268 0.434334
0 0 0 0
0.155518 0.731689
-1.601074 5.793701 1.085449
-0.825209 0.028118 0.564127
0 0 0 0
0.26355 0.470215
-1.437012 5.112305 1.32373
-0.733413 0.029134 0.679158
0 0 0 0
0.370361 0.731689
-1.423096 5.793701 1.310547
-0.733413 0.029134 0.679158
0 0 0 0
0.370605 0.470215
-1.223145 5.112305 1.521729
-0.624757 0.02739 0.780339
0 0 0 0
0.478027 0.731689
-1.210449 5.793701 1.507324
-0.624757 0.02739 0.780339
0 0 0 0
0.478882 0.470215
-0.983154 5.112305 1.686035
-0.500632 0.028035 0.865206
0 0 0 0
0.585449 0.731689
-0.973389 5.793701 1.670654
-0.500632 0.028035 0.865206
0 0 0 0
0.586426 0.470215
-0.72168 5.112305 1.812256
-0.341663 0.036753 0.939103
0 0 0 0
0.692627 0.731689
-0.715088 5.793701 1.795166
-0.38104 0.02034 0.924335
0 0 0 0
0.693848 0.470337
-0.520752 5.325195 1.824951
-0.051071 0.098001 0.993875
0 0 0 0
0.768311 0.653564
-0.54126 5.112305 1.853516
-0.037263 0.109029 0.99334
0 0 0 0
0.762695 0.734131
-0.520996 5.793701 1.842041
-0.234701 -0.034313 0.971462
0 0 0 0
0.767944 0.470215
-1.863525 5.264893 0.539062
-0.944744 0.023647 0.326954
0 0 0 0
0.860962 0.676514
-1.746826 5.793701 0.836182
-0.890223 0.022403 0.454974
0 0 0 0
0.980591 0.470337
-1.859863 5.793701 0.554443
-0.928421 -0.003434 0.371513
0 0 0 0
0.86731 0.470215
-1.763916 5.112305 0.844482
-0.900276 0.029268 0.434334
0 0 0 0
0.980347 0.731689
-1.84082 5.112305 0.618408
-0.945787 0.028115 0.323568
0 0 0 0
0.891357 0.734131
-1.868164 5.112305 0.548828
-0.953852 0.04786 0.296438
0 0 0 0
0.864258 0.734131
-1.892578 5.112305 0.451172
-0.968944 0.044687 0.243211
0 0 0 0
0.828003 0.734131
-0.72168 5.112305 1.812256
-0.22367 0.089194 0.970575
0 0 0 0
0.692627 0.731689
-0.72168 5.107666 1.812256
-0.22367 0.089194 0.970575
0 0 0 0
0.692627 0.733521
-0.541748 5.107666 1.854004
-0.22367 0.089194 0.970575
0 0 0 0
0.762573 0.73584
-0.54126 5.112305 1.853516
-0.22367 0.089194 0.970575
0 0 0 0
0.762695 0.734131
1.853271 5.264893 0.539062
0.944744 0.023647 0.326954
0 0 0 0
0.162231 0.676514
1.858154 5.112305 0.548828
0.953852 0.04786 0.296438
0 0 0 0
0.158936 0.734131
1.882568 5.112305 0.451172
0.968881 0.046864 0.24305
0 0 0 0
0.19519 0.734131
-0.520752 5.325195 1.824951
-0.051071 0.098001 0.993875
0 0 0 0
0.327026 0.653564
-0.54126 5.112305 1.853516
-0.037263 0.109029 0.99334
0 0 0 0
0.321411 0.734131
0.536133 5.112305 1.853516
0.037263 0.109029 0.99334
0 0 0 0
0.717773 0.734131
0.517578 5.325195 1.824951
0.051068 0.100755 0.9936
0 0 0 0
0.712891 0.653564
2.474854 4.968262 -3.283203
1 0.000978 -0.000001
0 0 0 0
0.435791 0.05835
2.460938 4.893311 -3.283203
0.933446 -0.358717 -0.000177
0 0 0 0
0.455933 0.05835
2.460938 4.893311 -3.40332
0.933446 -0.358717 -0.000177
0 0 0 0
0.455933 0.002075
2.474854 4.968262 -3.40332
1 0.000978 -0.000001
0 0 0 0
0.435791 0.002075
2.460938 5.042969 -3.283203
0.933446 0.358717 -0.000177
0 0 0 0
0.415649 0.05835
2.460938 5.042969 -3.40332
0.933446 0.358717 -0.000177
0 0 0 0
0.415649 0.002075
2.420654 5.108887 -3.283203
0.747895 0.663818 0.000251
0 0 0 0
0.395142 0.05835
2.420654 5.108887 -3.40332
0.747895 0.663818 0.000251
0 0 0 0
0.395142 0.002075
2.359375 5.157715 -3.283203
0.480153 0.877184 0.000802
0 0 0 0
0.37439 0.05835
2.359375 5.157715 -3.40332
0.480153 0.877184 0.000802
0 0 0 0
0.37439 0.002075
2.283936 5.183594 -3.283203
0.165191 0.986262 -0.000108
0 0 0 0
0.353271 0.05835
2.283936 5.183594 -3.40332
0.165191 0.986262 -0.000108
0 0 0 0
0.353271 0.002075
2.203613 5.183594 -3.283203
-0.165191 0.986262 -0.000108
0 0 0 0
0.332031 0.05835
2.203613 5.183594 -3.40332
-0.165191 0.986262 -0.000108
0 0 0 0
0.332031 0.002075
2.128418 5.157715 -3.283203
-0.480153 0.877184 0.000802
0 0 0 0
0.310913 0.05835
2.128418 5.157715 -3.40332
-0.480153 0.877184 0.000802
0 0 0 0
0.310913 0.002075
2.066895 5.108887 -3.283203
-0.747895 0.663818 0.000251
0 0 0 0
0.290039 0.05835
2.066895 5.108887 -3.40332
-0.747895 0.663818 0.000251
0 0 0 0
0.290039 0.002075
2.026855 5.042969 -3.283203
-0.933446 0.358717 -0.000177
0 0 0 0
0.269653 0.05835
2.026855 5.042969 -3.40332
-0.933446 0.358717 -0.000177
0 0 0 0
0.269653 0.002075
2.012939 4.968262 -3.283203
-1 0.000978 -0.000001
0 0 0 0
0.24939 0.05835
2.012939 4.968262 -3.40332
-1 0.000978 -0.000001
0 0 0 0
0.24939 0.002075
2.026855 4.893311 -3.283203
-0.933446 -0.358717 -0.000177
0 0 0 0
0.229248 0.05835
2.026855 4.893311 -3.40332
-0.933446 -0.358717 -0.000177
0 0 0 0
0.229248 0.002075
2.066895 4.827393 -3.283203
-0.747895 -0.663818 0.000251
0 0 0 0
0.208862 0.05835
2.066895 4.827393 -3.40332
-0.747895 -0.663818 0.000251
0 0 0 0
0.208862 0.002075
2.128418 4.778564 -3.283203
-0.480153 -0.877184 0.000802
0 0 0 0
0.187988 0.05835
2.128418 4.778564 -3.40332
-0.480153 -0.877184 0.000802
0 0 0 0
0.187988 0.002075
2.203613 4.752686 -3.283203
-0.165191 -0.986262 -0.000108
0 0 0 0
0.16687 0.05835
2.203613 4.752686 -3.40332
-0.165191 -0.986262 -0.000108
0 0 0 0
0.16687 0.002075
2.283936 4.752686 -3.283203
0.165191 -0.986262 -0.000108
0 0 0 0
0.14563 0.05835
2.283936 4.752686 -3.40332
0.165191 -0.986262 -0.000108
0 0 0 0
0.14563 0.002075
2.359375 4.778564 -3.283203
0.480153 -0.877184 0.000802
0 0 0 0
0.124512 0.05835
2.359375 4.778564 -3.40332
0.480153 -0.877184 0.000802
0 0 0 0
0.124512 0.002075
2.420654 4.827393 -3.283203
0.747895 -0.663817 0.000251
0 0 0 0
0.103638 0.05835
2.420654 4.827393 -3.40332
0.747895 -0.663817 0.000251
0 0 0 0
0.103638 0.002075
2.460938 4.893311 -3.283203
0.933446 -0.358717 -0.000177
0 0 0 0
0.083252 0.05835
2.460938 4.893311 -3.40332
0.933446 -0.358717 -0.000177
0 0 0 0
0.083252 0.002075
2.460938 5.042969 -3.40332
0.001382 0.001382 -0.999998
0 0 0 0
0.523438 0.755127
2.474854 4.968262 -3.40332
0.001382 0.001382 -0.999998
0 0 0 0
0.53125 0.71106
2.460938 4.893311 -3.40332
-0.001382 0.001382 -0.999998
0 0 0 0
0.523438 0.66687
2.420654 5.108887 -3.40332
-0.001382 0.001382 -0.999998
0 0 0 0
0.501099 0.794067
2.420654 4.827393 -3.40332
0.001382 0.001382 -0.999998
0 0 0 0
0.501099 0.628052
2.359375 5.157715 -3.40332
0.001382 0.001382 -0.999998
0 0 0 0
0.466675 0.822876
2.359375 4.778564 -3.40332
0.001382 0.001382 -0.999998
0 0 0 0
0.466675 0.599121
2.283936 5.183594 -3.40332
0.001382 0.001382 -0.999998
0 0 0 0
0.424561 0.838135
2.283936 4.752686 -3.40332
0.001382 0.001382 -0.999998
0 0 0 0
0.424561 0.583862
2.203613 5.183594 -3.40332
0.001382 0.001382 -0.999998
0 0 0 0
0.379761 0.838135
2.203613 4.752686 -3.40332
0.001382 0.001382 -0.999998
0 0 0 0
0.379761 0.583862
2.128418 5.157715 -3.40332
0.001382 0.001382 -0.999998
0 0 0 0
0.337524 0.822876
2.128418 4.778564 -3.40332
-0.001382 0.001382 -0.999998
0 0 0 0
0.337524 0.599121
2.066895 5.108887 -3.40332
-0.001382 0.001382 -0.999998
0 0 0 0
0.303223 0.794067
2.066895 4.827393 -3.40332
0.001382 0.001382 -0.999998
0 0 0 0
0.303223 0.628052
2.026855 5.042969 -3.40332
0.001382 0.001382 -0.999998
0 0 0 0
0.280762 0.755127
2.026855 4.893311 -3.40332
0.001382 0.001382 -0.999998
0 0 0 0
0.280762 0.66687
2.012939 4.968262 -3.40332
0.001382 0.001382 -0.999998
0 0 0 0
0.272949 0.71106
2.026855 4.893311 -3.283203
-0.001382 0.001382 0.999998
0 0 0 0
0.280762 0.755371
2.026855 5.042969 -3.283203
0.001382 0.001382 0.999998
0 0 0 0
0.280762 0.666992
2.012939 4.968262 -3.283203
0.001382 0.001382 0.999998
0 0 0 0
0.272949 0.711182
2.066895 5.108887 -3.283203
-0.001382 0.001382 0.999998
0 0 0 0
0.303223 0.628174
2.066895 4.827393 -3.283203
-0.001382 0.001382 0.999998
0 0 0 0
0.303223 0.794189
2.128418 5.157715 -3.283203
-0.001382 0.001382 0.999998
0 0 0 0
0.337524 0.599365
2.128418 4.778564 -3.283203
0.001382 0.001382 0.999998
0 0 0 0
0.337524 0.822998
2.203613 5.183594 -3.283203
0.001382 0.001382 0.999998
0 0 0 0
0.379761 0.583984
2.203613 4.752686 -3.283203
0.001382 0.001382 0.999998
0 0 0 0
0.379761 0.838379
2.283936 5.183594 -3.283203
0.001382 0.001382 0.999998
0 0 0 0
0.424561 0.583984
2.283936 4.752686 -3.283203
-0.001382 0.001382 0.999998
0 0 0 0
0.424561 0.838379
2.359375 5.157715 -3.283203
-0.001382 0.001382 0.999998
0 0 0 0
0.466675 0.599365
2.359375 4.778564 -3.283203
-0.001382 0.001382 0.999998
0 0 0 0
0.466675 0.822998
2.420654 5.108887 -3.283203
-0.001382 0.001382 0.999998
0 0 0 0
0.501099 0.628174
2.420654 4.827393 -3.283203
0.001382 0.001382 0.999998
0 0 0 0
0.501099 0.794189
2.460938 5.042969 -3.283203
0.001382 0.001382 0.999998
0 0 0 0
0.523438 0.666992
2.460938 4.893311 -3.283203
0.001382 0.001382 0.999998
0 0 0 0
0.523438 0.755371
2.474854 4.968262 -3.283203
0.001382 0.001382 0.999998
0 0 0 0
0.53125 0.711182
1.813721 5.264893 -0.527588
-0.947969 -0.028046 0.317124
0 0 0 0
0.561279 0.676514
1.832031 4.66626 -0.564941
-0.953852 -0.04786 0.296438
0 0 0 0
0.574097 0.902832
1.925537 4.666748 -0.19043
-0.968944 -0.044687 0.243211
0 0 0 0
0.432129 0.90271
1.727295 4.66626 -0.831787
-0.93765 -0.039683 0.345308
0 0 0 0
0.68042 0.902832
1.699463 5.809814 -0.818359
-0.938018 -0.012477 0.346363
0 0 0 0
0.680908 0.470337
1.810059 5.809814 -0.542725
-0.928421 0.003434 0.371513
0 0 0 0
0.567505 0.470215
1.925537 4.666748 0.19043
-0.982772 -0.18482 0.000748
0 0 0 0
0.291382 0.90271
1.813721 5.264893 -0.527588
-0.997854 -0.065481 -0.000383
0 0 0 0
0.561279 0.676514
1.925537 4.666748 -0.19043
-0.982772 -0.18482 0.000748
0 0 0 0
0.432129 0.90271
1.813721 5.264893 0.527588
-0.997854 -0.065481 -0.000383
0 0 0 0
0.162231 0.676514
1.810059 5.809814 -0.542725
-0.999977 -0.006842 -0.000047
0 0 0 0
0.567505 0.470215
1.810059 5.809814 0.542725
-0.999977 -0.006842 -0.000047
0 0 0 0
0.156006 0.470215
1.195557 4.66626 -1.498779
0.678398 0.027033 -0.734197
0 0 0 0
0.373901 0.902832
1.174561 5.810059 -1.475098
0.678398 0.027033 -0.734197
0 0 0 0
0.375366 0.470215
1.382812 5.810059 -1.282715
0.678398 0.027033 -0.734197
0 0 0 0
0.267212 0.470215
1.405518 4.66626 -1.303955
0.678398 0.027033 -0.734197
0 0 0 0
0.266602 0.902832
1.556885 5.809814 -1.062256
-0.782935 -0.028629 0.621444
0 0 0 0
0.788574 0.470215
1.382812 5.810059 -1.282715
-0.782935 -0.028629 0.621444
0 0 0 0
0.895752 0.470215
1.405518 4.66626 -1.303955
-0.782935 -0.028629 0.621444
0 0 0 0
0.895264 0.902832
1.584229 4.66626 -1.079834
-0.782935 -0.028629 0.621444
0 0 0 0
0.787842 0.902832
1.584229 4.66626 -1.079834
0.863983 0.027561 -0.502766
0 0 0 0
0.787842 0.902832
1.556885 5.809814 -1.062256
0.863983 0.027561 -0.502766
0 0 0 0
0.788574 0.470215
1.699463 5.809814 -0.818359
0.863983 0.027561 -0.502766
0 0 0 0
0.680908 0.470337
1.727295 4.66626 -0.831787
0.863983 0.027561 -0.502766
0 0 0 0
0.68042 0.902832
1.174561 5.810059 -1.475098
-0.566318 -0.027722 0.82372
0 0 0 0
0.375366 0.470215
0.95874 4.66626 -1.660156
-0.500643 -0.025366 0.865282
0 0 0 0
0.481201 0.902832
1.195557 4.66626 -1.498779
-0.566318 -0.027722 0.82372
0 0 0 0
0.373901 0.902832
0.942627 5.809814 -1.63501
-0.500643 -0.025366 0.865282
0 0 0 0
0.48291 0.470215
0.700684 4.66626 -1.784424
-0.373156 -0.039351 0.926934
0 0 0 0
0.588257 0.902832
0.689697 5.809814 -1.75708
-0.401797 -0.025704 0.915368
0 0 0 0
0.590332 0.470337
0.506592 5.325195 -1.786133
-0.067588 -0.114486 0.991123
0 0 0 0
0.662231 0.653564
0.562012 4.666748 -1.872314
-0.048283 -0.120017 0.991597
0 0 0 0
0.647339 0.90271
0.50708 5.809814 -1.802734
-0.242813 0.034296 0.969467
0 0 0 0
0.661743 0.470215
1.813721 5.264893 0.527588
-0.947969 -0.028046 -0.317124
0 0 0 0
0.162231 0.676514
1.925537 4.666748 0.19043
-0.968944 -0.044687 -0.243211
0 0 0 0
0.291382 0.90271
1.832031 4.66626 0.564941
-0.953852 -0.04786 -0.296438
0 0 0 0
0.149292 0.902832
1.813721 5.264893 0.527588
-0.947969 -0.028046 -0.317124
0 0 0 0
0.869507 0.676514
1.699463 5.809814 0.818359
-0.885738 -0.024834 -0.46352
0 0 0 0
0.749878 0.470337
1.810059 5.809814 0.542725
-0.928421 0.003434 -0.371513
0 0 0 0
0.863159 0.470215
1.727295 4.66626 0.831787
-0.885655 -0.031926 -0.463245
0 0 0 0
0.750366 0.902832
1.832031 4.66626 0.564941
-0.953852 -0.04786 -0.296438
0 0 0 0
0.856567 0.902832
1.584229 4.66626 1.079834
-0.825209 -0.028118 -0.564127
0 0 0 0
0.642944 0.902832
1.556885 5.809814 1.062256
-0.825209 -0.028118 -0.564127
0 0 0 0
0.642212 0.470215
1.405518 4.66626 1.303955
-0.733432 -0.026601 -0.679243
0 0 0 0
0.535522 0.902832
1.382812 5.810059 1.282715
-0.733432 -0.026601 -0.679243
0 0 0 0
0.535034 0.470215
1.195557 4.66626 1.498779
-0.624757 -0.02739 -0.780339
0 0 0 0
0.428223 0.902832
1.174561 5.810059 1.475098
-0.624757 -0.02739 -0.780339
0 0 0 0
0.42688 0.470215
0.95874 4.66626 1.660156
-0.500643 -0.025366 -0.865282
0 0 0 0
0.321045 0.902832
0.942627 5.809814 1.63501
-0.500643 -0.025366 -0.865282
0 0 0 0
0.319214 0.470215
0.700684 4.66626 1.784424
-0.373156 -0.039351 -0.926934
0 0 0 0
0.213867 0.902832
0.689697 5.809814 1.75708
-0.401797 -0.025704 -0.915368
0 0 0 0
0.211792 0.470337
0.506592 5.325195 1.786133
-0.067588 -0.114486 -0.991123
0 0 0 0
0.139893 0.653564
0.562012 4.666748 1.872314
-0.048283 -0.120017 -0.991597
0 0 0 0
0.154907 0.90271
0.50708 5.809814 1.802734
-0.242813 0.034296 -0.969467
0 0 0 0
0.140381 0.470215
0.562012 4.666748 1.872314
-0.048283 -0.120017 -0.991597
0 0 0 0
0.727905 0.90271
-0.572021 4.666748 1.872314
0.048283 -0.120017 -0.991597
0 0 0 0
0.30957 0.90271
-0.509766 5.325195 1.786133
0.067588 -0.114486 -0.991123
0 0 0 0
0.327026 0.653564
0.506592 5.325195 1.786133
-0.067588 -0.114486 -0.991123
0 0 0 0
0.712891 0.653564
-1.823975 5.264893 -0.527588
0.95687 -0.047677 0.286577
0 0 0 0
0.461914 0.676514
-1.935547 4.666748 -0.19043
0.968944 -0.044687 0.243211
0 0 0 0
0.590942 0.90271
-1.842041 4.66626 -0.564941
0.953852 -0.04786 0.296438
0 0 0 0
0.44873 0.902832
-1.737305 4.66626 -0.831787
0.930227 -0.051362 0.363372
0 0 0 0
0.342285 0.902832
-1.935547 4.666748 0.19043
0.983125 -0.18293 0.001467
0 0 0 0
0.731812 0.90271
-1.935547 4.666748 -0.19043
0.983125 -0.18293 0.001467
0 0 0 0
0.590942 0.90271
-1.823975 5.264893 -0.527588
0.997854 -0.065481 -0.000383
0 0 0 0
0.461914 0.676514
-1.823975 5.264893 0.527588
0.997854 -0.065481 -0.000383
0 0 0 0
0.860962 0.676514
-1.820312 5.809814 -0.542725
0.999977 -0.006842 -0.000047
0 0 0 0
0.455933 0.470215
-1.820312 5.809814 0.542725
0.999977 -0.006842 -0.000047
0 0 0 0
0.86731 0.470215
-1.205322 4.66626 -1.498779
0.624757 -0.02739 0.780339
0 0 0 0
0.018433 0.902832
-1.184814 5.810059 -1.475098
0.624757 -0.02739 0.780339
0 0 0 0
0.021484 0.470215
-1.392822 5.810059 -1.282715
0.733432 -0.026601 0.679242
0 0 0 0
0.128906 0.470215
-1.415527 4.66626 -1.303955
0.733432 -0.026601 0.679242
0 0 0 0
0.126587 0.902832
-1.567139 5.809814 -1.062256
0.782935 -0.028629 0.621444
0 0 0 0
0.235474 0.470215
-1.593994 4.66626 -1.079834
0.782935 -0.028629 0.621444
0 0 0 0
0.234497 0.902832
-1.709717 5.809814 -0.818359
-0.863983 0.027561 -0.502766
0 0 0 0
0.342896 0.470337
-1.567139 5.809814 -1.062256
-0.863983 0.027561 -0.502766
0 0 0 0
0.235474 0.470215
-1.593994 4.66626 -1.079834
-0.863983 0.027561 -0.502766
0 0 0 0
0.234497 0.902832
-1.737305 4.66626 -0.831787
-0.863983 0.027561 -0.502766
0 0 0 0
0.342285 0.902832
-0.96875 4.66626 -1.660156
0.500643 -0.025366 0.865282
0 0 0 0
0.679199 0.902832
-1.184814 5.810059 -1.475098
0.624757 -0.02739 0.780339
0 0 0 0
0.781372 0.470215
-1.205322 4.66626 -1.498779
0.624757 -0.02739 0.780339
0 0 0 0
0.787231 0.902832
-0.952881 5.809814 -1.63501
0.500643 -0.025366 0.865282
0 0 0 0
0.674561 0.470215
-0.710449 4.66626 -1.784424
0.370532 -0.042075 0.927866
0 0 0 0
0.571655 0.902832
-0.699951 5.809814 -1.75708
0.399209 -0.025712 0.916499
0 0 0 0
0.567627 0.470337
-0.509766 5.325195 -1.786133
0.067588 -0.114486 0.991123
0 0 0 0
0.494141 0.653564
-0.51001 5.809814 -1.802734
0.234701 0.034313 0.971462
0 0 0 0
0.493652 0.470215
-0.572021 4.666748 -1.872314
0.048283 -0.120017 0.991597
0 0 0 0
0.512329 0.90271
0.562012 4.666748 -1.872314
-0.048283 -0.120017 0.991597
0 0 0 0
0.093628 0.90271
0.506592 5.325195 -1.786133
-0.067588 -0.114486 0.991123
0 0 0 0
0.108521 0.653564
-1.737305 4.66626 -0.831787
-0.946916 0.025835 -0.320441
0 0 0 0
0.342285 0.902832
-1.823975 5.264893 -0.527588
-0.946916 0.025835 -0.320441
0 0 0 0
0.461914 0.676514
-1.709717 5.809814 -0.818359
-0.946916 0.025835 -0.320441
0 0 0 0
0.342896 0.470337
-1.823975 5.264893 -0.527588
0.928421 0.003434 0.371513
0 0 0 0
0.461914 0.676514
-1.709717 5.809814 -0.818359
0.928421 0.003434 0.371513
0 0 0 0
0.342896 0.470337
-1.820312 5.809814 -0.542725
0.928421 0.003434 0.371513
0 0 0 0
0.455933 0.470215
-1.823975 5.264893 0.527588
0.947969 -0.028046 -0.317124
0 0 0 0
0.860962 0.676514
-1.842041 4.66626 0.564941
0.953852 -0.04786 -0.296438
0 0 0 0
0.873901 0.902832
-1.935547 4.666748 0.19043
0.968944 -0.044687 -0.243211
0 0 0 0
0.731812 0.90271
-1.737305 4.66626 0.831787
0.885685 -0.029562 -0.463344
0 0 0 0
0.980103 0.902832
-1.709717 5.809814 0.818359
0.885762 -0.022469 -0.463596
0 0 0 0
0.980591 0.470337
-1.820312 5.809814 0.542725
0.928421 0.003434 -0.371513
0 0 0 0
0.86731 0.470215
-1.392822 5.810059 1.282715
0.678398 -0.027033 -0.734197
0 0 0 0
0.370605 0.470215
-1.205322 4.66626 1.498779
0.624757 -0.02739 -0.780339
0 0 0 0
0.477539 0.902832
-1.415527 4.66626 1.303955
0.678398 -0.027033 -0.734197
0 0 0 0
0.370239 0.902832
-1.184814 5.810059 1.475098
0.624757 -0.02739 -0.780339
0 0 0 0
0.478882 0.470215
-0.96875 4.66626 1.660156
0.500643 -0.025366 -0.865282
0 0 0 0
0.584717 0.902832
-0.952881 5.809814 1.63501
0.500643 -0.025366 -0.865282
0 0 0 0
0.586426 0.470215
-0.710449 4.66626 1.784424
0.370532 -0.042075 -0.927866
0 0 0 0
0.691772 0.902832
-0.699951 5.809814 1.75708
0.399209 -0.025712 -0.916499
0 0 0 0
0.693848 0.470337
-0.509766 5.325195 1.786133
0.067588 -0.114486 -0.991123
0 0 0 0
0.768311 0.653564
-0.572021 4.666748 1.872314
0.048283 -0.120017 -0.991597
0 0 0 0
0.750854 0.90271
-0.51001 5.809814 1.802734
0.234701 0.034313 -0.971462
0 0 0 0
0.767944 0.470215
-1.567139 5.809814 1.062256
0.782935 -0.028629 -0.621444
0 0 0 0
0.26355 0.470215
-1.392822 5.810059 1.282715
0.782935 -0.028629 -0.621444
0 0 0 0
0.370605 0.470215
-1.415527 4.66626 1.303955
0.782935 -0.028629 -0.621444
0 0 0 0
0.370239 0.902832
-1.593994 4.66626 1.079834
0.782935 -0.028629 -0.621444
0 0 0 0
0.262817 0.902832
-1.709717 5.809814 0.818359
0.885762 -0.022469 -0.463596
0 0 0 0
0.155762 0.470337
-1.567139 5.809814 1.062256
0.863983 -0.027561 -0.502766
0 0 0 0
0.26355 0.470215
-1.593994 4.66626 1.079834
0.863983 -0.027561 -0.502766
0 0 0 0
0.262817 0.902832
-1.737305 4.66626 0.831787
0.885685 -0.029562 -0.463344
0 0 0 0
0.155396 0.902832
-1.906006 5.812256 0.020264
0.000978 1 -0.000001
0 0 0 0
0.53186 0.032715
-1.825684 5.812256 0.020264
0.000978 1 -0.000001
0 0 0 0
0.53186 0.092285
-1.825684 5.812256 -0.515869
0.000978 1 -0.000001
0 0 0 0
1.001831 0.092285
-1.906006 5.812256 -0.515869
0.000978 1 -0.000001
0 0 0 0
1.001831 0.032715
-1.906006 5.812256 0.556396
0.000978 1 -0.000001
0 0 0 0
0.001465 0.032715
-1.825684 5.812256 0.556396
0.000978 1 -0.000001
0 0 0 0
0.001465 0.092285
-1.825684 5.812256 0.020264
0.000978 1 -0.000001
0 0 0 0
0.471558 0.092285
-1.906006 5.812256 0.020264
0.000978 1 -0.000001
0 0 0 0
0.471558 0.032715
1.815186 5.813232 0.020264
0.000978 1 -0.000001
0 0 0 0
0.53186 0.032715
1.895508 5.813232 0.020264
0.000978 1 -0.000001
0 0 0 0
0.53186 0.092285
1.895508 5.813232 -0.515869
0.000978 1 0.000001
0 0 0 0
1.001831 0.092285
1.815186 5.813232 -0.515869
0.000978 1 0.000001
0 0 0 0
1.001831 0.032715
1.815186 5.813232 0.556396
0.000978 1 -0.000001
0 0 0 0
0.001465 0.032715
1.895508 5.813232 0.556396
0.000978 1 -0.000001
0 0 0 0
0.001465 0.092285
1.895508 5.813232 0.020264
0.000978 1 -0.000001
0 0 0 0
0.471558 0.092285
1.815186 5.813232 0.020264
0.000978 1 -0.000001
0 0 0 0
0.471558 0.032715
-0.083496 4.668701 -3.232422
0.001235 0.803695 -0.59504
0 0 0 0
0.217407 0.998413
0.237549 4.676514 -3.22168
0.034785 0.998826 -0.03371
0 0 0 0
0.131348 0.993896
0.248535 4.668701 -3.232422
0.001235 0.803695 -0.59504
0 0 0 0
0.127075 0.998413
-0.07251 4.676514 -3.22168
-0.034785 0.998826 -0.03371
0 0 0 0
0.212891 0.993896
-0.07251 4.676514 -2.91626
-0.034785 0.998826 0.03371
0 0 0 0
0.212891 0.911743
-0.083496 4.668701 -3.232422
-0.589159 0.808017 -0.000964
0 0 0 0
0.217407 0.998413
-0.083496 4.668701 -2.905518
-0.589159 0.808017 -0.000964
0 0 0 0
0.217407 0.907715
0.237549 4.676514 -2.91626
0.034785 0.998826 0.03371
0 0 0 0
0.131348 0.911743
0.248535 4.668701 -3.232422
0.589159 0.808017 -0.000964
0 0 0 0
0.127075 0.998413
0.248535 4.668701 -2.905518
0.589159 0.808017 -0.000964
0 0 0 0
0.127075 0.907715
-0.083496 4.668701 -2.905518
0.001235 0.803695 0.59504
0 0 0 0
0.217407 0.907715
0.248535 4.668701 -2.905518
0.001235 0.803695 0.59504
0 0 0 0
0.127075 0.907715
-0.083496 4.668701 3.391113
0.000978 1 -0.000001
0 0 0 0
0.217407 0.907715
0.248535 4.668701 3.391113
0.000978 1 -0.000001
0 0 0 0
0.127075 0.907715
0.248535 4.668701 3.064209
0.000978 1 -0.000001
0 0 0 0
0.127075 0.998413
-0.083496 4.668701 3.064209
0.000978 1 -0.000001
0 0 0 0
0.217407 0.998413
2.00415 4.98999 3.389893
-1 -0.000977 -0.000001
0 0 0 0
0.543945 0.702515
2.00415 4.881836 3.357422
-1 0.000978 -0.000001
0 0 0 0
0.476562 0.831299
2.00415 4.951172 3.387939
-1 0.000978 -0.000001
0 0 0 0
0.537354 0.752075
2.00415 4.852783 3.32959
-1 -0.000977 -0.000001
0 0 0 0
0.43042 0.850464
0.38208 5.369141 -2.518066
-0.845215 0.393521 -0.361598
0 0 0 0
-0.394897 0.173706
0.373535 5.343262 -2.500244
-0.999239 0.028719 -0.02638
0 0 0 0
-0.395386 0.181152
0.373535 5.362793 -2.476807
-0.999018 0.038538 -0.021869
0 0 0 0
-0.388794 0.181152
0.38208 5.391846 -2.489014
-0.843329 0.455464 -0.285216
0 0 0 0
-0.388306 0.173706
0.373535 5.376953 -2.449707
-0.998861 0.044372 -0.01752
0 0 0 0
-0.382202 0.181152
0.38208 5.407715 -2.456055
-0.844347 0.504484 -0.180481
0 0 0 0
-0.381958 0.173706
0.405029 5.413086 -2.498047
-0.477229 0.752962 -0.453101
0 0 0 0
-0.388062 0.166626
0.405029 5.43042 -2.460693
-0.479764 0.829893 -0.284788
0 0 0 0
-0.381836 0.166626
0.38208 5.41626 -2.421631
-0.866004 0.500032 -0.002086
0 0 0 0
-0.376221 0.173706
0.405029 5.439209 -2.421875
-0.500032 0.866004 -0.002086
0 0 0 0
-0.376099 0.166626
0.436523 5.438477 -2.462402
-0.001123 0.947097 -0.320946
0 0 0 0
-0.381836 0.159546
0.436523 5.447754 -2.421875
0.000978 1 0.000001
0 0 0 0
-0.376099 0.159546
0.436523 5.447754 2.131104
0.000978 1 -0.000001
0 0 0 0
0.706177 0.159546
0.405029 5.439209 2.131104
-0.500032 0.866004 0.002086
0 0 0 0
0.706177 0.166626
0.38208 5.41626 2.131104
-0.866004 0.500032 0.002086
0 0 0 0
0.706177 0.173706
0.373535 5.384521 -2.421631
-1 0.000978 0.000001
0 0 0 0
-0.376343 0.181152
0.373535 5.384521 2.131104
-1 -0.000977 -0.000001
0 0 0 0
0.706299 0.181152
0.38208 5.353027 -2.421631
-0.866004 -0.500032 0.002086
0 0 0 0
-0.376343 0.189087
0.38208 5.353027 2.131348
-0.866004 -0.500032 0.002086
0 0 0 0
0.706299 0.189087
0.405029 5.330078 -2.421387
-0.500032 -0.866004 0.002086
0 0 0 0
-0.376465 0.19751
0.405029 5.330078 2.131348
-0.500032 -0.866004 0.002086
0 0 0 0
0.706299 0.19751
0.436523 5.321533 -2.421387
-0.000977 -1 -0.000001
0 0 0 0
-0.376465 0.206177
0.436523 5.321533 2.131348
-0.000977 -1 -0.000001
0 0 0 0
0.706421 0.206177
0.405029 5.32373 -2.438477
-0.51451 -0.765434 0.386511
0 0 0 0
-0.383057 0.19751
0.436523 5.31543 -2.436768
0.001185 -0.882852 0.469651
0 0 0 0
-0.383179 0.206177
0.405029 5.312744 -2.455322
-0.51079 -0.668516 0.540536
0 0 0 0
-0.390015 0.19751
0.436523 5.304932 -2.451904
0.001254 -0.763668 0.645608
0 0 0 0
-0.390381 0.206177
0.38208 5.333984 -2.464355
-0.881641 -0.379426 0.280614
0 0 0 0
-0.389404 0.189087
0.38208 5.346191 -2.443359
-0.884443 -0.425685 0.191191
0 0 0 0
-0.38269 0.189087
0.491211 5.41626 2.131104
-0.001382 0.004147 0.99999
0 0 0 0
0.073975 0.937256
0.468262 5.439209 2.131104
0.001382 0.004147 0.99999
0 0 0 0
0.062866 0.926147
0.436523 5.384521 2.131104
0.001382 0.004147 0.99999
0 0 0 0
0.047729 0.952393
0.499756 5.384521 2.131104
-0.001382 0.004147 0.99999
0 0 0 0
0.078003 0.952393
0.491211 5.353027 2.131348
-0.001382 0.004147 0.99999
0 0 0 0
0.073975 0.967651
0.468262 5.330078 2.131348
-0.001382 0.004147 0.99999
0 0 0 0
0.062866 0.97876
0.436523 5.321533 2.131348
0.001382 0.004147 0.99999
0 0 0 0
0.047729 0.982788
0.405029 5.330078 2.131348
0.001382 0.004147 0.99999
0 0 0 0
0.032593 0.97876
0.38208 5.353027 2.131348
0.001382 0.004147 0.99999
0 0 0 0
0.021484 0.967651
0.373535 5.384521 2.131104
0.001382 0.004147 0.99999
0 0 0 0
0.017334 0.952393
0.38208 5.41626 2.131104
0.001382 0.004147 0.99999
0 0 0 0
0.021484 0.937256
0.405029 5.439209 2.131104
-0.001382 0.004147 0.99999
0 0 0 0
0.032593 0.926147
0.436523 5.447754 2.131104
0.001382 0.004147 0.99999
0 0 0 0
0.047729 0.922119
0.188232 4.897705 -3.070312
0.29264 -0.956219 0.002483
0 0 0 0
0.878296 0.824341
0.208008 4.907471 -3.107178
0.001197 -0.865729 -0.500511
0 0 0 0
0.768799 0.891724
0.208008 4.897705 -3.070312
0.000978 -1 -0.000001
0 0 0 0
0.882812 0.891724
0.184814 4.906738 -3.107178
0.247104 -0.797307 -0.550673
0 0 0 0
0.763306 0.824341
0.207764 4.934326 -3.134033
0.001336 -0.498209 -0.867056
0 0 0 0
0.687378 0.891724
0.175049 4.931885 -3.134033
0.130812 -0.408619 -0.903282
0 0 0 0
0.682007 0.824341
0.207764 4.971191 -3.143799
-0.001382 0.001382 -0.999998
0 0 0 0
0.629639 0.891724
0.162109 4.966309 -3.143799
-0.020723 0.067696 -0.997491
0 0 0 0
0.625732 0.824341
0.20752 5.007812 -3.134033
-0.001335 0.500689 -0.865626
0 0 0 0
0.585693 0.891724
0.148926 5.000488 -3.134033
-0.171027 0.515733 -0.839506
0 0 0 0
0.583374 0.824341
0.20752 5.034668 -3.107178
-0.003589 0.867321 -0.497736
0 0 0 0
0.548828 0.891724
0.13916 5.025635 -3.107178
-0.276699 0.834846 -0.475888
0 0 0 0
0.547852 0.824341
0.207275 5.044678 -3.070312
-0.004888 0.999988 -0.000024
0 0 0 0
0.515015 0.891724
0.135742 5.034912 -3.070312
-0.315641 0.948878 -0.000613
0 0 0 0
0.515137 0.824341
0.079834 5.002197 -3.070312
-0.636427 0.771337 -0.000198
0 0 0 0
0.515259 0.744141
0.085938 4.994385 -3.107178
-0.559859 0.676348 -0.478656
0 0 0 0
0.548462 0.744141
0.102539 4.973145 -3.134033
-0.343751 0.412766 -0.843481
0 0 0 0
0.584229 0.744141
0.125244 4.944092 -3.143799
-0.037309 0.0456 -0.998263
0 0 0 0
0.626343 0.744141
0.147705 4.915039 -3.134033
0.294615 -0.337664 -0.893971
0 0 0 0
0.680908 0.744141
0.164307 4.893799 -3.107178
0.565803 -0.626382 -0.536202
0 0 0 0
0.75769 0.744141
0.17041 4.885986 -3.070312
0.675149 -0.737681 0.000934
0 0 0 0
0.866333 0.744141
0.148193 4.873535 -3.107178
0.703327 -0.48135 -0.5231
0 0 0 0
0.752197 0.66394
0.15625 4.86792 -3.070312
0.825834 -0.563913 0.000406
0 0 0 0
0.85437 0.66394
0.144287 4.847656 -3.070312
0.924717 -0.380651 0.002086
0 0 0 0
0.807617 0.58728
0.134766 4.85083 -3.107178
0.787125 -0.315576 -0.529949
0 0 0 0
0.733276 0.58728
0.138428 4.824951 -3.070312
0.999474 -0.032304 0.002866
0 0 0 0
0.760986 0.51062
0.128418 4.824951 -3.107178
0.862375 -0.027586 -0.505518
0 0 0 0
0.714233 0.51062
0.138428 4.646973 -3.070312
1 0.000978 -0.000001
0 0 0 0
0.668457 0.468506
0.128418 4.646973 -3.107178
0.86573 0.001197 -0.500511
0 0 0 0
0.652954 0.468506
0.101562 4.824951 -3.134033
0.488239 -0.017389 -0.872537
0 0 0 0
0.665771 0.51062
0.101562 4.646973 -3.134033
0.500689 0.001335 -0.865626
0 0 0 0
0.630493 0.468506
0.064941 4.824951 -3.143799
-0.012441 0.001382 -0.999922
0 0 0 0
0.622437 0.51062
0.064941 4.646973 -3.143799
0.001382 0.001382 -0.999998
0 0 0 0
0.603882 0.468506
0.028076 4.824951 -3.134033
-0.510528 0.025326 -0.859488
0 0 0 0
0.584229 0.51062
0.028076 4.646973 -3.134033
-0.500689 0.001335 -0.865626
0 0 0 0
0.575195 0.468506
0.001221 4.824951 -3.107178
-0.86853 0.044203 -0.493661
0 0 0 0
0.549072 0.51062
0.001221 4.646973 -3.107178
-0.865729 0.001197 -0.500511
0 0 0 0
0.54541 0.468506
-0.008545 4.824951 -3.070312
-0.998655 0.05184 0.001222
0 0 0 0
0.515259 0.51062
-0.008545 4.646973 -3.070312
-1 0.000978 -0.000001
0 0 0 0
0.515259 0.468506
0.001221 4.824951 -3.033691
-0.86853 0.044203 0.493661
0 0 0 0
0.481567 0.51062
0.001221 4.646973 -3.033691
-0.865729 0.001197 0.500511
0 0 0 0
0.485107 0.468506
0.028076 4.824951 -3.006836
-0.510528 0.025326 0.859488
0 0 0 0
0.446411 0.51062
0.028076 4.646973 -3.006836
-0.500689 0.001335 0.865626
0 0 0 0
0.455444 0.468506
0.064941 4.824951 -2.99707
-0.012441 0.001382 0.999922
0 0 0 0
0.408203 0.51062
0.064941 4.646973 -2.99707
0.001382 0.001382 0.999998
0 0 0 0
0.426758 0.468506
0.101562 4.824951 -3.006836
0.488239 -0.017389 0.872537
0 0 0 0
0.36499 0.51062
0.101562 4.646973 -3.006836
0.500689 0.001335 0.865626
0 0 0 0
0.400146 0.468506
0.128418 4.824951 -3.033691
0.862375 -0.027586 0.505518
0 0 0 0
0.316528 0.51062
0.128418 4.646973 -3.033691
0.86573 0.001197 0.500511
0 0 0 0
0.377686 0.468506
0.138428 4.824951 -3.070312
0.999474 -0.032304 0.002866
0 0 0 0
0.269897 0.51062
0.138428 4.646973 -3.070312
1 0.000978 -0.000001
0 0 0 0
0.362183 0.468506
0.134766 4.85083 -3.033691
0.787125 -0.315576 0.529949
0 0 0 0
0.297607 0.58728
0.144287 4.847656 -3.070312
0.924717 -0.380651 0.002086
0 0 0 0
0.223267 0.58728
0.148193 4.873535 -3.033691
0.703327 -0.48135 0.5231
0 0 0 0
0.278687 0.66394
0.15625 4.86792 -3.070312
0.825834 -0.563913 0.000406
0 0 0 0
0.176758 0.66394
0.17041 4.885986 -3.070312
0.675149 -0.737681 0.000934
0 0 0 0
0.164795 0.744141
0.164307 4.893799 -3.033691
0.565803 -0.626382 0.536202
0 0 0 0
0.273193 0.744141
0.188232 4.897705 -3.070312
0.29264 -0.956219 0.002483
0 0 0 0
0.152832 0.824341
0.184814 4.906738 -3.033691
0.247104 -0.797307 0.550673
0 0 0 0
0.267822 0.824341
0.147705 4.915039 -3.006836
0.294615 -0.337664 0.893971
0 0 0 0
0.349854 0.744141
0.126221 4.88916 -3.006836
0.3801 -0.25922 0.887879
0 0 0 0
0.35083 0.66394
0.109375 4.859131 -3.006836
0.420896 -0.162711 0.892397
0 0 0 0
0.35791 0.58728
0.074463 4.870361 -2.99707
-0.053893 0.017964 0.998385
0 0 0 0
0.406006 0.58728
0.039551 4.881836 -3.006836
-0.508108 0.181751 0.841898
0 0 0 0
0.445923 0.58728
0.013916 4.890137 -3.033691
-0.828434 0.2912 0.478434
0 0 0 0
0.481567 0.58728
0.004639 4.893066 -3.070312
-0.944086 0.329696 0.001658
0 0 0 0
0.515259 0.58728
0.013916 4.890137 -3.107178
-0.828434 0.2912 -0.478434
0 0 0 0
0.549072 0.58728
0.039551 4.881836 -3.134033
-0.508108 0.181751 -0.841898
0 0 0 0
0.584717 0.58728
0.074463 4.870361 -3.143799
-0.053893 0.017964 -0.998385
0 0 0 0
0.624756 0.58728
0.109375 4.859131 -3.134033
0.420896 -0.162711 -0.892397
0 0 0 0
0.672852 0.58728
0.126221 4.88916 -3.134033
0.3801 -0.25922 -0.887879
0 0 0 0
0.679932 0.66394
0.096191 4.910156 -3.143799
-0.040078 0.029022 -0.998775
0 0 0 0
0.626953 0.66394
0.066162 4.931396 -3.134033
-0.439515 0.304076 -0.845201
0 0 0 0
0.585205 0.66394
0.044189 4.947021 -3.107178
-0.721888 0.498305 -0.480177
0 0 0 0
0.549072 0.66394
0.036133 4.952637 -3.070312
-0.822754 0.568395 0.001612
0 0 0 0
0.515259 0.66394
0.085938 4.994385 -3.033691
-0.559859 0.676348 0.478656
0 0 0 0
0.481934 0.744141
0.044189 4.947021 -3.033691
-0.721888 0.498305 0.480177
0 0 0 0
0.481445 0.66394
0.066162 4.931396 -3.006836
-0.439515 0.304076 0.845201
0 0 0 0
0.445435 0.66394
0.096191 4.910156 -2.99707
-0.040078 0.029022 0.998775
0 0 0 0
0.403687 0.66394
0.125244 4.944092 -2.99707
-0.037309 0.0456 0.998263
0 0 0 0
0.404297 0.744141
0.102539 4.973145 -3.006836
-0.343751 0.412766 0.843481
0 0 0 0
0.446289 0.744141
0.148926 5.000488 -3.006836
-0.171027 0.515733 0.839506
0 0 0 0
0.447021 0.824341
0.13916 5.025635 -3.033691
-0.276699 0.834846 0.475888
0 0 0 0
0.482422 0.824341
0.20752 5.034668 -3.033691
-0.003589 0.867321 0.497736
0 0 0 0
0.481323 0.891724
0.20752 5.007812 -3.006836
-0.001335 0.500689 0.865626
0 0 0 0
0.44458 0.891724
0.162109 4.966309 -2.99707
-0.020723 0.067696 0.997491
0 0 0 0
0.404907 0.824341
0.207764 4.971191 -2.99707
-0.001382 0.001382 0.999998
0 0 0 0
0.400879 0.891724
0.175049 4.931885 -3.006836
0.130812 -0.408619 0.903282
0 0 0 0
0.348877 0.824341
0.207764 4.934326 -3.006836
0.001336 -0.498209 0.867056
0 0 0 0
0.343506 0.891724
0.208008 4.907471 -3.033691
0.001197 -0.865729 0.500511
0 0 0 0
0.262329 0.891724
0.208008 4.897705 -3.070312
0.000978 -1 -0.000001
0 0 0 0
0.148438 0.891724
0.208008 4.897705 -3.070312
0.000978 -1 -0.000001
0 0 0 0
-0.000122 0.571167
2.208984 4.907471 -3.107178
0.001197 -0.865729 -0.500511
0 0 0 0
0.729858 0.584106
2.208984 4.897705 -3.070312
0.000978 -1 -0.000001
0 0 0 0
0.729858 0.57019
0.208008 4.907471 -3.107178
0.001197 -0.865729 -0.500511
0 0 0 0
-0.000122 0.584961
2.20874 4.934326 -3.134033
0.001335 -0.500689 -0.865626
0 0 0 0
0.729858 0.598022
0.207764 4.934326 -3.134033
0.001336 -0.498209 -0.867056
0 0 0 0
-0.000122 0.598877
2.20874 4.971191 -3.143799
0.001382 -0.001382 -0.999998
0 0 0 0
0.729858 0.611816
0.207764 4.971191 -3.143799
-0.001382 0.001382 -0.999998
0 0 0 0
-0.000122 0.612793
2.208496 5.007812 -3.134033
0.001335 0.500689 -0.865626
0 0 0 0
0.729858 0.625732
0.20752 5.007812 -3.134033
-0.001335 0.500689 -0.865626
0 0 0 0
-0.000122 0.626587
2.208496 5.034668 -3.107178
0.001197 0.86573 -0.500511
0 0 0 0
0.729858 0.639648
0.20752 5.034668 -3.107178
-0.003589 0.867321 -0.497736
0 0 0 0
-0.000122 0.640503
2.208496 5.044678 -3.070312
0.000978 1 -0.000001
0 0 0 0
0.729858 0.653442
0.207275 5.044678 -3.070312
-0.004888 0.999988 -0.000024
0 0 0 0
0 0.654419
0.20752 5.034668 -3.033691
-0.003589 0.867321 0.497736
0 0 0 0
-0.000122 0.668213
2.208496 5.034668 -3.033691
0.001197 0.86573 0.500511
0 0 0 0
0.729858 0.667358
0.20752 5.007812 -3.006836
-0.001335 0.500689 0.865626
0 0 0 0
-0.000122 0.682129
2.208496 5.007812 -3.006836
0.001335 0.500689 0.865626
0 0 0 0
0.729858 0.681274
0.207764 4.971191 -2.99707
-0.001382 0.001382 0.999998
0 0 0 0
-0.000122 0.695923
2.20874 4.971191 -2.99707
0.001382 -0.001382 0.999998
0 0 0 0
0.729858 0.695068
0.207764 4.934326 -3.006836
0.001336 -0.498209 0.867056
0 0 0 0
-0.000122 0.709839
2.20874 4.934326 -3.006836
0.001335 -0.500689 0.865626
0 0 0 0
0.729858 0.708984
0.208008 4.907471 -3.033691
0.001197 -0.865729 0.500511
0 0 0 0
-0.000122 0.723755
2.208984 4.907471 -3.033691
0.001197 -0.865729 0.500511
0 0 0 0
0.729858 0.7229
0.208008 4.897705 -3.070312
0.000978 -1 -0.000001
0 0 0 0
-0.000122 0.737549
2.208984 4.897705 -3.070312
0.000978 -1 -0.000001
0 0 0 0
0.729858 0.736694
2.245605 4.861328 -4.362061
0.000978 -1 -0.000001
0 0 0 0
0.203369 0.206177
2.294678 4.874512 3.353516
0.500032 -0.866004 0.002086
0 0 0 0
-0.97168 0.198486
2.245605 4.861328 3.353516
0.000978 -1 -0.000001
0 0 0 0
-0.97168 0.206177
2.294678 4.874512 -4.362061
0.500032 -0.866004 0.002086
0 0 0 0
0.203247 0.198486
2.245605 4.861328 -4.388428
-0.001111 -0.956528 0.291637
0 0 0 0
0.210327 0.206177
2.294678 4.873535 -4.393066
0.551582 -0.796244 0.2485
0 0 0 0
0.210571 0.198486
2.294678 4.856201 -4.420654
0.534576 -0.627545 0.566053
0 0 0 0
0.218262 0.198486
2.245605 4.845703 -4.412354
-0.001265 -0.737614 0.675222
0 0 0 0
0.218018 0.206177
2.294678 4.829102 -4.442383
0.524258 -0.480889 0.702779
0 0 0 0
0.226196 0.198486
2.245605 4.821289 -4.431641
0.001321 -0.563996 0.825776
0 0 0 0
0.226074 0.206177
2.245605 4.794189 -4.44751
0.001356 -0.378455 0.925619
0 0 0 0
0.234131 0.206177
2.294678 4.79834 -4.459961
0.531724 -0.314853 0.786217
0 0 0 0
0.234253 0.198486
2.245605 4.763672 -4.455322
0.001382 -0.001382 0.999998
0 0 0 0
0.24231 0.206177
2.294678 4.763672 -4.46875
0.500689 -0.001335 0.865626
0 0 0 0
0.242432 0.198486
2.245605 0.441162 -4.455322
0.001382 0.001382 0.999998
0 0 0 0
0.900879 0.206177
2.294678 0.441162 -4.46875
0.500689 0.001335 0.865626
0 0 0 0
0.900879 0.198486
2.330811 4.763672 -4.504639
0.86573 -0.001197 0.500511
0 0 0 0
0.242554 0.190674
2.330811 0.441162 -4.504639
0.86573 0.001197 0.500511
0 0 0 0
0.900879 0.190674
2.343994 4.763672 -4.553955
1 0.000978 0.000001
0 0 0 0
0.242798 0.182861
2.343994 0.441162 -4.553955
1 0.000978 -0.000001
0 0 0 0
0.900879 0.182861
2.330811 4.763672 -4.603271
0.86573 0.001197 -0.500511
0 0 0 0
0.24292 0.175171
2.330811 0.441162 -4.603271
0.86573 0.001197 -0.500511
0 0 0 0
0.900879 0.175171
2.294678 4.763672 -4.639404
0.500688 0.004006 -0.865619
0 0 0 0
0.243042 0.167358
2.294678 0.441162 -4.639404
0.500689 0.001335 -0.865626
0 0 0 0
0.900879 0.167358
2.245605 4.763672 -4.652588
0.001382 0.004147 -0.99999
0 0 0 0
0.243164 0.159546
2.245605 0.441162 -4.652588
0.001382 0.001382 -0.999998
0 0 0 0
0.900879 0.159546
2.196289 4.763672 -4.639404
-0.500688 0.004006 -0.865619
0 0 0 0
0.243042 0.151855
2.196289 0.441162 -4.639404
-0.500689 0.001335 -0.865626
0 0 0 0
0.900879 0.151855
2.160156 4.763672 -4.603271
-0.865729 0.001197 -0.500511
0 0 0 0
0.24292 0.144043
2.160156 0.441162 -4.603271
-0.865729 0.001197 -0.500511
0 0 0 0
0.900879 0.144043
2.146973 4.763672 -4.553955
-1 0.000978 0.000001
0 0 0 0
0.242798 0.13623
2.146973 0.441162 -4.553955
-1 0.000978 -0.000001
0 0 0 0
0.900879 0.13623
2.160156 4.763672 -4.504639
-0.865729 -0.001197 0.500511
0 0 0 0
0.242554 0.12854
2.160156 0.441162 -4.504639
-0.865729 0.001197 0.500511
0 0 0 0
0.900879 0.12854
2.196289 4.763672 -4.46875
-0.500689 -0.001335 0.865626
0 0 0 0
0.242432 0.120728
2.196289 0.441162 -4.46875
-0.500689 0.001335 0.865626
0 0 0 0
0.900879 0.120728
2.245605 4.763672 -4.455322
0.001382 -0.001382 0.999998
0 0 0 0
0.24231 0.112915
2.245605 0.441162 -4.455322
0.001382 0.001382 0.999998
0 0 0 0
0.900879 0.112915
2.196289 4.79834 -4.459961
-0.531724 -0.314853 0.786217
0 0 0 0
0.234253 0.120728
2.245605 4.794189 -4.44751
0.001356 -0.378455 0.925619
0 0 0 0
0.234131 0.112915
2.196289 4.829102 -4.442383
-0.524258 -0.480889 0.702779
0 0 0 0
0.226196 0.120728
2.245605 4.821289 -4.431641
0.001321 -0.563996 0.825776
0 0 0 0
0.226074 0.112915
2.00415 5.025391 3.377441
-1 -0.000977 -0.000001
0 0 0 0
0.550415 0.652954
2.00415 4.836426 3.294434
-1 -0.000977 -0.000001
0 0 0 0
0.384277 0.869507
2.00415 5.059326 3.358643
-1 0.000978 -0.000001
0 0 0 0
0.531372 0.606812
2.00415 4.824951 3.255859
-1 0.000978 -0.000001
0 0 0 0
0.334717 0.863037
2.00415 5.084717 3.329102
-1 0.000978 -0.000001
0 0 0 0
0.512207 0.560669
2.00415 4.82666 3.215576
-1 0.000978 -0.000001
0 0 0 0
0.285156 0.856567
2.00415 5.105225 3.294922
-1 0.000978 -0.000001
0 0 0 0
0.472534 0.530273
2.00415 4.834717 3.176514
-1 0.000978 -0.000001
0 0 0 0
0.245483 0.82605
2.00415 5.113525 3.255615
-1 -0.000977 -0.000001
0 0 0 0
0.432861 0.499878
2.00415 4.855225 3.142334
-1 -0.000977 -0.000001
0 0 0 0
0.205933 0.795654
2.00415 5.115234 3.215576
-1 0.000978 -0.000001
0 0 0 0
0.383423 0.493286
2.00415 4.880859 3.112793
-1 0.000978 -0.000001
0 0 0 0
0.186768 0.749512
2.00415 5.10376 3.177002
-1 0.000978 -0.000001
0 0 0 0
0.333862 0.486816
2.00415 4.914551 3.09375
-1 0.000978 -0.000001
0 0 0 0
0.167603 0.703369
2.00415 5.087158 3.141846
-1 0.000978 -0.000001
0 0 0 0
0.28772 0.505859
2.00415 4.949951 3.081543
-1 0.000978 -0.000001
0 0 0 0
0.174194 0.653809
2.00415 5.058105 3.114014
-1 0.000978 -0.000001
0 0 0 0
0.241577 0.525024
2.00415 4.989014 3.083496
-1 0.000978 -0.000001
0 0 0 0
0.180664 0.604248
2.00415 4.881836 3.357422
0.001307 -0.615647 0.788021
0 0 0 0
0.023315 0.109375
2.068115 4.852783 3.32959
0.001231 -0.811013 0.585026
0 0 0 0
0.067261 0.078735
2.068115 4.881836 3.357422
0.001307 -0.615647 0.788021
0 0 0 0
0.023315 0.078735
2.00415 4.852783 3.32959
0.001231 -0.811013 0.585026
0 0 0 0
0.067261 0.109375
2.068115 4.836426 3.294434
0.001138 -0.934513 0.355926
0 0 0 0
0.111206 0.078735
2.00415 4.836426 3.294434
0.001138 -0.934513 0.355926
0 0 0 0
0.111206 0.109375
2.00415 4.824951 3.255859
0.001037 -0.992173 0.124869
0 0 0 0
0.152466 0.109375
2.068115 4.824951 3.255859
0.001037 -0.992173 0.124869
0 0 0 0
0.152466 0.078735
2.00415 4.82666 3.215576
0.001035 -0.992627 -0.121207
0 0 0 0
0.193604 0.109375
2.068115 4.82666 3.215576
0.001035 -0.992627 -0.121207
0 0 0 0
0.193604 0.078735
2.00415 4.834717 3.176514
0.001141 -0.932105 -0.362187
0 0 0 0
0.233154 0.109375
2.068115 4.834717 3.176514
0.001141 -0.932105 -0.362187
0 0 0 0
0.233154 0.078735
2.00415 4.855225 3.142334
0.001231 -0.811013 -0.585026
0 0 0 0
0.272827 0.109375
2.068115 4.855225 3.142334
0.001231 -0.811013 -0.585026
0 0 0 0
0.272827 0.078735
2.00415 4.880859 3.112793
0.001302 -0.631675 -0.775232
0 0 0 0
0.311279 0.109375
2.068115 4.880859 3.112793
0.001302 -0.631675 -0.775232
0 0 0 0
0.311279 0.078735
2.00415 4.914551 3.09375
0.001351 -0.412161 -0.91111
0 0 0 0
0.349854 0.109375
2.068115 4.914551 3.09375
0.001351 -0.412161 -0.91111
0 0 0 0
0.349854 0.078735
2.00415 4.949951 3.081543
0.001379 -0.139283 -0.990252
0 0 0 0
0.388062 0.109375
2.068115 4.949951 3.081543
0.001379 -0.139283 -0.990252
0 0 0 0
0.388062 0.078735
2.00415 4.989014 3.083496
0.001378 0.161213 -0.986919
0 0 0 0
0.42627 0.109375
2.068115 4.989014 3.083496
0.001378 0.161213 -0.986919
0 0 0 0
0.42627 0.078735
2.00415 5.025635 3.09375
0.001353 0.401833 -0.915712
0 0 0 0
0.465088 0.109375
2.068115 5.025635 3.09375
0.001353 0.401833 -0.915712
0 0 0 0
0.465088 0.078735
2.00415 5.058105 3.114014
0.001307 0.615647 -0.788021
0 0 0 0
0.503784 0.109375
2.068115 5.058105 3.114014
0.001307 0.615647 -0.788021
0 0 0 0
0.503784 0.078735
2.068115 5.087158 3.141846
0.001231 0.811013 -0.585026
0 0 0 0
0.542969 0.078735
2.00415 5.087158 3.141846
0.001231 0.811013 -0.585026
0 0 0 0
0.542969 0.109375
2.068115 5.10376 3.177002
0.001138 0.934513 -0.355926
0 0 0 0
0.582275 0.078735
2.00415 5.10376 3.177002
0.001138 0.934513 -0.355926
0 0 0 0
0.582275 0.109375
2.00415 5.115234 3.215576
0.001037 0.992173 -0.124869
0 0 0 0
0.621338 0.109375
2.068115 5.115234 3.215576
0.001037 0.992173 -0.124869
0 0 0 0
0.621338 0.078735
2.00415 5.113525 3.255615
0.001035 0.992627 0.121207
0 0 0 0
0.6604 0.109375
2.068115 5.113525 3.255615
0.001035 0.992627 0.121207
0 0 0 0
0.6604 0.078735
2.068115 5.105225 3.294922
0.001141 0.932105 0.362187
0 0 0 0
0.698853 0.078735
2.00415 5.105225 3.294922
0.001141 0.932105 0.362187
0 0 0 0
0.698853 0.109375
2.068115 5.084717 3.329102
0.001231 0.811013 0.585026
0 0 0 0
0.737305 0.078735
2.00415 5.084717 3.329102
0.001231 0.811013 0.585026
0 0 0 0
0.737305 0.109375
2.068115 5.059326 3.358643
0.001302 0.631675 0.775232
0 0 0 0
0.775146 0.078735
2.00415 5.059326 3.358643
0.001302 0.631675 0.775232
0 0 0 0
0.775146 0.109375
2.068115 5.025391 3.377441
0.001351 0.412161 0.91111
0 0 0 0
0.812988 0.078735
2.00415 5.025391 3.377441
0.001351 0.412161 0.91111
0 0 0 0
0.812988 0.109375
2.068115 4.98999 3.389893
0.001379 0.139284 0.990252
0 0 0 0
0.850342 0.078735
2.00415 4.98999 3.389893
0.001379 0.139284 0.990252
0 0 0 0
0.850342 0.109375
2.068115 4.951172 3.387939
0.001378 -0.161213 0.986919
0 0 0 0
0.887695 0.078735
2.00415 4.951172 3.387939
0.001378 -0.161213 0.986919
0 0 0 0
0.887695 0.109375
2.00415 4.914551 3.377441
0.001353 -0.401833 0.915712
0 0 0 0
0.924927 0.109375
2.068115 4.914551 3.377441
0.001353 -0.401833 0.915712
0 0 0 0
0.924927 0.078735
2.00415 4.881836 3.357422
0.001307 -0.615647 0.788021
0 0 0 0
0.962036 0.109375
2.068115 4.881836 3.357422
0.001307 -0.615647 0.788021
0 0 0 0
0.962036 0.078735
2.068115 4.98999 3.389893
1 -0.000977 -0.000001
0 0 0 0
0.174194 0.653809
2.068115 4.951172 3.387939
1 -0.000977 -0.000001
0 0 0 0
0.167603 0.703369
2.068115 4.881836 3.357422
1 -0.000977 -0.000001
0 0 0 0
0.205933 0.795654
2.068115 4.852783 3.32959
1 -0.000977 -0.000001
0 0 0 0
0.245483 0.82605
2.068115 5.025391 3.377441
1 0.000978 -0.000001
0 0 0 0
0.180664 0.604248
2.068115 4.836426 3.294434
1 0.000978 -0.000001
0 0 0 0
0.285156 0.856567
2.068115 5.059326 3.358643
1 0.000978 -0.000001
0 0 0 0
0.21106 0.564697
2.068115 4.824951 3.255859
1 0.000978 -0.000001
0 0 0 0
0.334717 0.863037
2.068115 5.084717 3.329102
1 -0.000977 -0.000001
0 0 0 0
0.241577 0.525024
2.068115 4.82666 3.215576
1 -0.000977 -0.000001
0 0 0 0
0.384277 0.869507
2.068115 5.105225 3.294922
1 0.000978 -0.000001
0 0 0 0
0.28772 0.505859
2.068115 4.834717 3.176514
1 0.000978 -0.000001
0 0 0 0
0.43042 0.850464
2.068115 5.113525 3.255615
1 0.000978 -0.000001
0 0 0 0
0.333862 0.486816
2.068115 4.855225 3.142334
1 0.000978 -0.000001
0 0 0 0
0.476562 0.831299
2.068115 5.115234 3.215576
1 -0.000977 -0.000001
0 0 0 0
0.383423 0.493286
2.068115 4.880859 3.112793
1 -0.000977 -0.000001
0 0 0 0
0.506958 0.791626
2.068115 5.10376 3.177002
1 0.000978 -0.000001
0 0 0 0
0.432861 0.499878
2.068115 4.914551 3.09375
1 0.000978 -0.000001
0 0 0 0
0.537354 0.752075
2.068115 5.087158 3.141846
1 0.000978 -0.000001
0 0 0 0
0.472534 0.530273
2.068115 4.949951 3.081543
1 0.000978 -0.000001
0 0 0 0
0.543945 0.702515
2.068115 5.058105 3.114014
1 0.000978 -0.000001
0 0 0 0
0.512207 0.560669
2.068115 4.989014 3.083496
1 0.000978 -0.000001
0 0 0 0
0.550415 0.652954
2.068115 5.058105 3.114014
1 0.000978 -0.000001
0 0 0 0
0.512207 0.560669
2.068115 4.989014 3.083496
1 0.000978 -0.000001
0 0 0 0
0.550415 0.652954
2.068115 5.025635 3.09375
1 0.000978 -0.000001
0 0 0 0
0.531372 0.606812
2.00415 4.951172 3.387939
-1 0.000978 -0.000001
0 0 0 0
0.537354 0.752075
2.00415 4.881836 3.357422
-1 0.000978 -0.000001
0 0 0 0
0.476562 0.831299
2.00415 4.914551 3.377441
-1 0.000978 -0.000001
0 0 0 0
0.506958 0.791626
2.00415 5.025635 3.09375
-1 0.000978 -0.000001
0 0 0 0
0.21106 0.564697
2.00415 4.989014 3.083496
-1 0.000978 -0.000001
0 0 0 0
0.180664 0.604248
2.00415 5.058105 3.114014
-1 0.000978 -0.000001
0 0 0 0
0.241577 0.525024
2.068115 4.914551 3.377441
1 0.000978 -0.000001
0 0 0 0
0.186768 0.749512
2.068115 4.881836 3.357422
1 -0.000977 -0.000001
0 0 0 0
0.205933 0.795654
2.068115 4.951172 3.387939
1 -0.000977 -0.000001
0 0 0 0
0.167603 0.703369
2.003906 4.921143 3.214111
0.010279 -0.930861 -0.365229
0 0 0 0
0.218384 0.794189
2.181152 4.950439 3.285645
0.009471 -0.401828 0.915666
0 0 0 0
0.135498 0.566772
2.003906 4.949707 3.287598
0.009471 -0.401828 0.915666
0 0 0 0
0.135498 0.794189
2.181152 4.922852 3.214844
0.010268 -0.932079 -0.36211
0 0 0 0
0.218384 0.566772
2.181152 4.989502 3.185547
0.009471 0.401829 -0.915666
0 0 0 0
0.328735 0.566772
2.003906 4.990234 3.183838
0.009471 0.401829 -0.915666
0 0 0 0
0.328735 0.794189
2.003906 5.018799 3.25708
0.010279 0.930861 0.365229
0 0 0 0
0.439209 0.794189
2.181152 5.01709 3.256348
0.010268 0.932079 0.36211
0 0 0 0
0.439209 0.566772
2.181152 4.950439 3.285645
0.009471 -0.401828 0.915666
0 0 0 0
0.549683 0.566772
2.003906 4.949707 3.287598
0.009471 -0.401828 0.915666
0 0 0 0
0.549683 0.794189
2.169434 0.614502 4.258301
0.001382 0.001382 -0.999998
0 0 0 0
0.001465 0.220215
2.501221 0 4.258301
0.001382 0.001382 -0.999998
0 0 0 0
0.99707 0.467285
2.169434 0 4.258301
0.001382 0.001382 -0.999998
0 0 0 0
0.99707 0.220215
2.501221 0.614502 4.258301
0.001382 0.001382 -0.999998
0 0 0 0
0.001465 0.467285
2.169434 0 4.258301
-1 0.000978 -0.000001
0 0 0 0
0.001465 0.001465
2.169434 0 4.303223
-1 0.000978 -0.000001
0 0 0 0
0.001465 0.029785
2.169434 0.614502 4.303223
-1 0.000978 -0.000001
0 0 0 0
0.681152 0.029785
2.169434 0.614502 4.258301
-1 0.000978 -0.000001
0 0 0 0
0.681152 0.001465
2.501221 0 4.258301
1 0.000978 0.000001
0 0 0 0
0.001465 0.029785
2.501221 0.614502 4.303223
1 0.000978 -0.000001
0 0 0 0
0.681152 0.001465
2.501221 0 4.303223
1 0.000978 -0.000001
0 0 0 0
0.001465 0.001465
2.501221 0.614502 4.258301
1 0.000978 0.000001
0 0 0 0
0.681152 0.029785
2.169434 0 4.303223
0.001382 0.001382 0.999998
0 0 0 0
0.997925 0.029785
2.501221 0 4.303223
0.001382 0.001382 0.999998
0 0 0 0
0.997925 0.001465
2.501221 0.614502 4.303223
0.001382 0.001382 0.999998
0 0 0 0
0.001465 0.001465
2.169434 0.614502 4.303223
0.001382 0.001382 0.999998
0 0 0 0
0.001465 0.029785
2.169434 0.614502 -4.329834
0.001382 0.001382 0.999998
0 0 0 0
0.001465 0.220215
2.169434 0 -4.329834
0.001382 0.001382 0.999998
0 0 0 0
0.99707 0.220215
2.501221 0 -4.329834
0.001382 0.001382 0.999998
0 0 0 0
0.99707 0.467285
2.501221 0.614502 -4.329834
0.001382 0.001382 0.999998
0 0 0 0
0.001465 0.467285
2.169434 0 -4.329834
-1 0.000978 -0.000001
0 0 0 0
0.001465 0.001465
2.169434 0.614502 -4.329834
-1 0.000978 -0.000001
0 0 0 0
0.681152 0.001465
2.169434 0.614502 -4.375
-1 0.000978 -0.000001
0 0 0 0
0.681152 0.029785
2.169434 0 -4.375
-1 0.000978 -0.000001
0 0 0 0
0.001465 0.029785
2.501221 0 -4.375
0.001382 0.001382 -0.999998
0 0 0 0
0.997925 0.001465
2.169434 0 -4.375
0.001382 0.001382 -0.999998
0 0 0 0
0.997925 0.029785
2.169434 0.614502 -4.375
0.001382 0.001382 -0.999998
0 0 0 0
0.001465 0.029785
2.501221 0.614502 -4.375
0.001382 0.001382 -0.999998
0 0 0 0
0.001465 0.001465
2.501221 0 -4.329834
1 0.000978 -0.000001
0 0 0 0
0.001465 0.029785
2.501221 0 -4.375
1 0.000978 -0.000001
0 0 0 0
0.001465 0.001465
2.501221 0.614502 -4.375
1 0.000978 -0.000001
0 0 0 0
0.681152 0.001465
2.501221 0.614502 -4.329834
1 0.000978 -0.000001
0 0 0 0
0.681152 0.029785
-2.420166 0.603027 3.914062
-0.418499 -0.907576 -0.034131
0 0 0 0
0.96521 0.029785
-2.446289 0.614502 3.932373
-0.427019 -0.90304 -0.046622
0 0 0 0
0.997925 0.001465
-2.446289 0.614502 -0.071777
-0.400049 -0.916493 -0.001222
0 0 0 0
0.115845 0.001465
-2.420166 0.603027 -0.071777
-0.400049 -0.916493 -0.001222
0 0 0 0
0.115845 0.029785
-2.446289 0.437256 3.932373
-0.427019 0.90304 -0.046622
0 0 0 0
0.365234 0.908569
-2.446289 0.614502 3.932373
-0.427019 -0.90304 -0.046622
0 0 0 0
0.42688 0.908569
-2.420166 0.603027 3.914062
-0.418499 -0.907576 -0.034131
0 0 0 0
0.422607 0.922974
-2.420166 0.44873 3.914062
-0.418499 0.907576 -0.034131
0 0 0 0
0.369629 0.922974
-2.420166 0.44873 -0.071777
-1 -0.000977 0.000001
0 0 0 0
0.224609 0.029785
-2.420166 0.44873 3.914062
-1 -0.000977 0.000001
0 0 0 0
0.997192 0.029785
-2.420166 0.603027 3.914062
-1 -0.000977 0.000001
0 0 0 0
0.997192 0.001465
-2.420166 0.603027 -0.071777
-1 -0.000977 0.000001
0 0 0 0
0.224609 0.001465
-2.420166 0.44873 3.914062
-0.418499 0.907576 -0.034131
0 0 0 0
0.96521 0.029785
-2.420166 0.44873 -0.071777
-0.400049 0.916493 0.001222
0 0 0 0
0.115845 0.029785
-2.446289 0.437256 -0.071777
-0.400049 0.916493 0.001222
0 0 0 0
0.115845 0.001465
-2.446289 0.437256 3.932373
-0.427019 0.90304 -0.046622
0 0 0 0
0.997925 0.001465
-2.364258 0.437256 -0.071777
0.000978 -1 -0.000001
0 0 0 0
0.500122 1.002197
-2.364258 0.437256 3.932373
0.000978 -1 -0.000001
0 0 0 0
0.005371 1.002197
-2.446289 0.437256 3.932373
0.000978 -1 -0.000001
0 0 0 0
0.005371 1.02832
-2.446289 0.437256 -0.071777
0.000978 -1 -0.000001
0 0 0 0
0.500122 1.02832
-2.446289 0.437256 -4.003906
0.000978 -1 -0.000001
0 0 0 0
0.994873 1.02832
-2.364258 0.437256 -4.003906
0.000978 -1 -0.000001
0 0 0 0
0.994873 1.002197
-2.364258 0.437256 3.932373
1 0.000978 -0.000001
0 0 0 0
0.001465 0.029785
-2.364258 0.437256 -0.071777
1 0.000978 -0.000001
0 0 0 0
0.608154 0.029785
-2.364258 0.614502 -0.071777
1 0.000978 -0.000001
0 0 0 0
0.608154 0.001465
-2.364258 0.614502 3.932373
1 0.000978 -0.000001
0 0 0 0
0.001465 0.001465
-2.420166 0.603027 -3.98584
-0.420159 -0.906868 0.032518
0 0 0 0
0.037231 0.029785
-2.420166 0.603027 -0.071777
-0.400049 -0.916493 -0.001222
0 0 0 0
0.987427 0.029785
-2.446289 0.614502 -0.071777
-0.400049 -0.916493 -0.001222
0 0 0 0
0.987427 0.001465
-2.446289 0.614502 -4.003906
-0.427019 -0.90304 0.046622
0 0 0 0
0.001465 0.001465
-2.420166 0.44873 -3.98584
-0.420159 0.906868 0.032518
0 0 0 0
0.369629 0.922974
-2.420166 0.603027 -3.98584
-0.420159 -0.906868 0.032518
0 0 0 0
0.422607 0.922974
-2.446289 0.614502 -4.003906
-0.427019 -0.90304 0.046622
0 0 0 0
0.42688 0.908569
-2.446289 0.437256 -4.003906
-0.427019 0.90304 0.046622
0 0 0 0
0.365234 0.908569
-2.420166 0.44873 -3.98584
-1 -0.000977 0.000001
0 0 0 0
0.001465 0.029785
-2.420166 0.44873 -0.071777
-1 -0.000977 0.000001
0 0 0 0
0.773926 0.029785
-2.420166 0.603027 -0.071777
-1 -0.000977 0.000001
0 0 0 0
0.773926 0.001465
-2.420166 0.603027 -3.98584
-1 -0.000977 0.000001
0 0 0 0
0.001465 0.001465
-2.420166 0.44873 -3.98584
-0.420159 0.906868 0.032518
0 0 0 0
0.037231 0.029785
-2.446289 0.437256 -4.003906
-0.427019 0.90304 0.046622
0 0 0 0
0.001465 0.001465
-2.446289 0.437256 -0.071777
-0.400049 0.916493 0.001222
0 0 0 0
0.987427 0.001465
-2.420166 0.44873 -0.071777
-0.400049 0.916493 0.001222
0 0 0 0
0.987427 0.029785
-2.364258 0.614502 -0.071777
1 0.000978 -0.000001
0 0 0 0
0.389038 0.001465
-2.364258 0.437256 -0.071777
1 0.000978 -0.000001
0 0 0 0
0.389038 0.029785
-2.364258 0.437256 -4.003906
1 0.000978 -0.000001
0 0 0 0
0.99585 0.029785
-2.364258 0.614502 -4.003906
1 0.000978 -0.000001
0 0 0 0
0.99585 0.001465
-2.169434 0.614502 4.258301
0.001382 0.001382 -0.999998
0 0 0 0
0.001465 0.220215
-2.169434 0 4.258301
0.001382 0.001382 -0.999998
0 0 0 0
0.99707 0.220215
-2.501221 0 4.258301
0.001382 0.001382 -0.999998
0 0 0 0
0.99707 0.467285
-2.501221 0.614502 4.258301
0.001382 0.001382 -0.999998
0 0 0 0
0.001465 0.467285
-2.169434 0 4.258301
1 0.000978 -0.000001
0 0 0 0
0.001465 0.001465
-2.169434 0.614502 4.258301
1 0.000978 -0.000001
0 0 0 0
0.681152 0.001465
-2.169434 0.614502 4.303223
1 0.000978 -0.000001
0 0 0 0
0.681152 0.029785
-2.169434 0 4.303223
1 0.000978 -0.000001
0 0 0 0
0.001465 0.029785
-2.501221 0 4.303223
0.001382 0.001382 0.999998
0 0 0 0
0.997925 0.001465
-2.169434 0 4.303223
0.001382 0.001382 0.999998
0 0 0 0
0.997925 0.029785
-2.169434 0.614502 4.303223
0.001382 0.001382 0.999998
0 0 0 0
0.001465 0.029785
-2.501221 0.614502 4.303223
0.001382 0.001382 0.999998
0 0 0 0
0.001465 0.001465
-2.501221 0 4.258301
-1 0.000978 0.000001
0 0 0 0
0.001465 0.029785
-2.501221 0 4.303223
-1 0.000978 -0.000001
0 0 0 0
0.001465 0.001465
-2.501221 0.614502 4.303223
-1 0.000978 -0.000001
0 0 0 0
0.681152 0.001465
-2.501221 0.614502 4.258301
-1 0.000978 0.000001
0 0 0 0
0.681152 0.029785
-2.455322 0.614502 -4.329834
1 0.000978 0.000001
0 0 0 0
0.001465 0.220215
-2.455322 0 -4.003906
1 0.000978 0.000001
0 0 0 0
0.99707 0.467285
-2.455322 0 -4.329834
1 0.000978 0.000001
0 0 0 0
0.99707 0.220215
-2.455322 0.614502 -4.003906
1 0.000978 0.000001
0 0 0 0
0.001465 0.467285
-2.455322 0 -4.329834
0.001382 0.001382 -0.999998
0 0 0 0
0.001465 0.001465
-2.501221 0 -4.329834
0.001382 0.001382 -0.999998
0 0 0 0
0.001465 0.029785
-2.501221 0.614502 -4.329834
0.001382 0.001382 -0.999998
0 0 0 0
0.681152 0.029785
-2.455322 0.614502 -4.329834
0.001382 0.001382 -0.999998
0 0 0 0
0.681152 0.001465
-2.455322 0 -4.003906
0.001382 0.001382 0.999998
0 0 0 0
0.001465 0.029785
-2.455322 0.614502 -4.003906
0.001382 0.001382 0.999998
0 0 0 0
0.681152 0.029785
-2.501221 0.614502 -4.003906
0.001382 0.001382 0.999998
0 0 0 0
0.681152 0.001465
-2.501221 0 -4.003906
0.001382 0.001382 0.999998
0 0 0 0
0.001465 0.001465
-2.501221 0 -4.329834
-1 0.000978 -0.000001
0 0 0 0
0.997925 0.029785
-2.501221 0 -4.003906
-1 0.000978 -0.000001
0 0 0 0
0.997925 0.001465
-2.501221 0.614502 -4.003906
-1 0.000978 -0.000001
0 0 0 0
0.001465 0.001465
-2.501221 0.614502 -4.329834
-1 0.000978 -0.000001
0 0 0 0
0.001465 0.029785
-2.169434 0.614502 -4.329834
0.001382 0.001382 0.999998
0 0 0 0
0.001465 0.220215
-2.501221 0 -4.329834
0.001382 0.001382 0.999998
0 0 0 0
0.99707 0.467285
-2.169434 0 -4.329834
0.001382 0.001382 0.999998
0 0 0 0
0.99707 0.220215
-2.501221 0.614502 -4.329834
0.001382 0.001382 0.999998
0 0 0 0
0.001465 0.467285
-2.169434 0 -4.329834
1 0.000978 -0.000001
0 0 0 0
0.001465 0.001465
-2.169434 0 -4.375
1 0.000978 -0.000001
0 0 0 0
0.001465 0.029785
-2.169434 0.614502 -4.375
1 0.000978 -0.000001
0 0 0 0
0.681152 0.029785
-2.169434 0.614502 -4.329834
1 0.000978 -0.000001
0 0 0 0
0.681152 0.001465
-2.501221 0 -4.329834
-1 0.000978 -0.000001
0 0 0 0
0.001465 0.029785
-2.501221 0.614502 -4.329834
-1 0.000978 -0.000001
0 0 0 0
0.681152 0.029785
-2.501221 0.614502 -4.375
-1 0.000978 -0.000001
0 0 0 0
0.681152 0.001465
-2.501221 0 -4.375
-1 0.000978 -0.000001
0 0 0 0
0.001465 0.001465
-2.169434 0 -4.375
-0.001382 0.001382 -0.999998
0 0 0 0
0.997925 0.029785
-2.501221 0 -4.375
-0.001382 0.001382 -0.999998
0 0 0 0
0.997925 0.001465
-2.501221 0.614502 -4.375
-0.001382 0.001382 -0.999998
0 0 0 0
0.001465 0.001465
-2.169434 0.614502 -4.375
-0.001382 0.001382 -0.999998
0 0 0 0
0.001465 0.029785
2.455322 0.614502 -4.329834
-1 0.000978 -0.000001
0 0 0 0
0.001465 0.220215
2.455322 0 -4.329834
-1 0.000978 -0.000001
0 0 0 0
0.99707 0.220215
2.455322 0 -4.003906
-1 0.000978 -0.000001
0 0 0 0
0.99707 0.467285
2.455322 0.614502 -4.003906
-1 0.000978 -0.000001
0 0 0 0
0.001465 0.467285
2.455322 0 -4.003906
0.001382 0.001382 0.999998
0 0 0 0
0.001465 0.029785
2.501221 0 -4.003906
0.001382 0.001382 0.999998
0 0 0 0
0.001465 0.001465
2.501221 0.614502 -4.003906
0.001382 0.001382 0.999998
0 0 0 0
0.681152 0.001465
2.455322 0.614502 -4.003906
0.001382 0.001382 0.999998
0 0 0 0
0.681152 0.029785
2.501221 0 -4.003906
1 0.000978 -0.000001
0 0 0 0
0.997925 0.001465
2.501221 0 -4.329834
1 0.000978 -0.000001
0 0 0 0
0.997925 0.029785
2.501221 0.614502 -4.329834
1 0.000978 -0.000001
0 0 0 0
0.001465 0.029785
2.501221 0.614502 -4.003906
1 0.000978 -0.000001
0 0 0 0
0.001465 0.001465
-2.455322 0.614502 4.258301
1 0.000978 -0.000001
0 0 0 0
0.001465 0.220215
-2.455322 0 4.258301
1 0.000978 -0.000001
0 0 0 0
0.99707 0.220215
-2.455322 0 3.932373
1 0.000978 -0.000001
0 0 0 0
0.99707 0.467285
-2.455322 0.614502 3.932373
1 0.000978 -0.000001
0 0 0 0
0.001465 0.467285
-2.455322 0 3.932373
0.001382 0.001382 -0.999998
0 0 0 0
0.001465 0.029785
-2.501221 0 3.932373
0.001382 0.001382 -0.999998
0 0 0 0
0.001465 0.001465
-2.501221 0.614502 3.932373
0.001382 0.001382 -0.999998
0 0 0 0
0.681152 0.001465
-2.455322 0.614502 3.932373
0.001382 0.001382 -0.999998
0 0 0 0
0.681152 0.029785
-2.501221 0 3.932373
-1 0.000978 0.000001
0 0 0 0
0.997925 0.001465
-2.501221 0 4.258301
-1 0.000978 0.000001
0 0 0 0
0.997925 0.029785
-2.501221 0.614502 4.258301
-1 0.000978 0.000001
0 0 0 0
0.001465 0.029785
-2.501221 0.614502 3.932373
-1 0.000978 0.000001
0 0 0 0
0.001465 0.001465
2.455322 0.614502 4.258301
-1 0.000978 -0.000001
0 0 0 0
0.001465 0.220215
2.455322 0.614502 3.932373
-1 0.000978 -0.000001
0 0 0 0
0.001465 0.467285
2.455322 0 3.932373
-1 0.000978 -0.000001
0 0 0 0
0.99707 0.467285
2.455322 0 4.258301
-1 0.000978 -0.000001
0 0 0 0
0.99707 0.220215
2.455322 0 3.932373
0.001382 0.001382 -0.999998
0 0 0 0
0.001465 0.029785
2.455322 0.614502 3.932373
0.001382 0.001382 -0.999998
0 0 0 0
0.681152 0.029785
2.501221 0.614502 3.932373
0.001382 0.001382 -0.999998
0 0 0 0
0.681152 0.001465
2.501221 0 3.932373
0.001382 0.001382 -0.999998
0 0 0 0
0.001465 0.001465
2.501221 0 4.258301
1 0.000978 0.000001
0 0 0 0
0.997925 0.029785
2.501221 0 3.932373
1 0.000978 0.000001
0 0 0 0
0.997925 0.001465
2.501221 0.614502 3.932373
1 0.000978 0.000001
0 0 0 0
0.001465 0.001465
2.501221 0.614502 4.258301
1 0.000978 0.000001
0 0 0 0
0.001465 0.029785
2.501221 0.614502 0
0.400049 -0.916493 0.001222
0 0 0 0
0.115845 0.001465
2.475098 0.603027 -3.98584
0.418499 -0.907576 0.034131
0 0 0 0
0.96521 0.029785
2.501221 0.614502 -4.003906
0.427019 -0.90304 0.046622
0 0 0 0
0.997925 0.001465
2.475098 0.603027 0
0.400049 -0.916493 0.001222
0 0 0 0
0.115845 0.029785
2.501221 0.437256 -4.003906
0.427019 0.90304 0.046622
0 0 0 0
0.365234 0.908569
2.501221 0.614502 -4.003906
0.427019 -0.90304 0.046622
0 0 0 0
0.42688 0.908569
2.475098 0.603027 -3.98584
0.418499 -0.907576 0.034131
0 0 0 0
0.422607 0.922974
2.475098 0.44873 -3.98584
0.418499 0.907576 0.034131
0 0 0 0
0.369629 0.922974
2.475098 0.44873 -3.98584
1 0.000978 -0.000001
0 0 0 0
0.997192 0.029785
2.475098 0.603027 -3.98584
1 0.000978 -0.000001
0 0 0 0
0.997192 0.001465
2.475098 0.603027 0
1 -0.000977 -0.000001
0 0 0 0
0.224609 0.001465
2.475098 0.44873 0
1 -0.000977 -0.000001
0 0 0 0
0.224609 0.029785
2.501221 0.437256 0
0.400049 0.916493 0.001222
0 0 0 0
0.115845 0.001465
2.501221 0.437256 -4.003906
0.427019 0.90304 0.046622
0 0 0 0
0.997925 0.001465
2.475098 0.44873 -3.98584
0.418499 0.907576 0.034131
0 0 0 0
0.96521 0.029785
2.475098 0.44873 0
0.400049 0.916493 0.001222
0 0 0 0
0.115845 0.029785
2.419189 0.437256 -4.003906
0.000978 -1 -0.000001
0 0 0 0
0.005371 1.002197
2.501221 0.437256 -4.003906
0.000978 -1 -0.000001
0 0 0 0
0.005371 1.02832
2.501221 0.437256 0
0.000978 -1 -0.000001
0 0 0 0
0.500122 1.02832
2.419189 0.437256 0
0.000978 -1 -0.000001
0 0 0 0
0.500122 1.002197
2.501221 0.437256 3.932373
0.000978 -1 -0.000001
0 0 0 0
0.994873 1.02832
2.419189 0.437256 3.932373
0.000978 -1 -0.000001
0 0 0 0
0.994873 1.002197
2.419189 0.614502 -4.003906
-1 0.000978 -0.000001
0 0 0 0
0.001465 0.001465
2.419189 0.437256 -4.003906
-1 0.000978 -0.000001
0 0 0 0
0.001465 0.029785
2.419189 0.437256 0
-1 0.000978 -0.000001
0 0 0 0
0.608154 0.029785
2.419189 0.614502 0
-1 0.000978 -0.000001
0 0 0 0
0.608154 0.001465
2.501221 0.437256 3.932373
0.427019 0.90304 -0.046622
0 0 0 0
0.365234 0.908569
2.475098 0.603027 3.914062
0.420159 -0.906868 -0.032518
0 0 0 0
0.422607 0.922974
2.501221 0.614502 3.932373
0.427019 -0.90304 -0.046622
0 0 0 0
0.42688 0.908569
2.475098 0.44873 3.914062
0.420159 0.906868 -0.032518
0 0 0 0
0.369629 0.922974
2.501221 0.614502 0
0.400049 -0.916493 0.001222
0 0 0 0
0.987427 0.001465
2.501221 0.614502 3.932373
0.427019 -0.90304 -0.046622
0 0 0 0
0.001465 0.001465
2.475098 0.603027 3.914062
0.420159 -0.906868 -0.032518
0 0 0 0
0.037231 0.029785
2.475098 0.603027 0
0.400049 -0.916493 0.001222
0 0 0 0
0.987427 0.029785
2.475098 0.603027 3.914062
1 -0.000977 -0.000001
0 0 0 0
0.001465 0.001465
2.475098 0.44873 3.914062
1 -0.000977 -0.000001
0 0 0 0
0.001465 0.029785
2.475098 0.44873 0
1 -0.000977 -0.000001
0 0 0 0
0.773926 0.029785
2.475098 0.603027 0
1 -0.000977 -0.000001
0 0 0 0
0.773926 0.001465
2.475098 0.44873 3.914062
0.420159 0.906868 -0.032518
0 0 0 0
0.037231 0.029785
2.501221 0.437256 3.932373
0.427019 0.90304 -0.046622
0 0 0 0
0.001465 0.001465
2.501221 0.437256 0
0.400049 0.916493 0.001222
0 0 0 0
0.987427 0.001465
2.475098 0.44873 0
0.400049 0.916493 0.001222
0 0 0 0
0.987427 0.029785
2.419189 0.614502 3.932373
-1 -0.000977 -0.000001
0 0 0 0
0.99585 0.001465
2.419189 0.614502 0
-1 0.000978 -0.000001
0 0 0 0
0.389038 0.001465
2.419189 0.437256 0
-1 0.000978 -0.000001
0 0 0 0
0.389038 0.029785
2.419189 0.437256 3.932373
-1 -0.000977 -0.000001
0 0 0 0
0.99585 0.029785
2.149902 0.603027 -4.3479
-0.029357 -0.895983 -0.443117
0 0 0 0
0.033691 0.001465
-2.149902 0.603027 -4.3479
0.029357 -0.895983 -0.443117
0 0 0 0
0.961304 0.001465
-2.169434 0.614502 -4.372314
0.043569 -0.891399 -0.451121
0 0 0 0
0.992554 0.029785
2.169434 0.614502 -4.372314
-0.043569 -0.891399 -0.451121
0 0 0 0
0.001465 0.029785
-2.149902 0.44873 -4.3479
0.029357 0.895983 -0.443117
0 0 0 0
0.37085 0.909058
-2.169434 0.437256 -4.372314
0.043569 0.891399 -0.451121
0 0 0 0
0.366577 0.923218
-2.169434 0.614502 -4.372314
0.043569 -0.891399 -0.451121
0 0 0 0
0.427856 0.923218
-2.149902 0.603027 -4.3479
0.029357 -0.895983 -0.443117
0 0 0 0
0.423584 0.909058
-2.149902 0.603027 -4.3479
0.001382 0.001382 -0.999998
0 0 0 0
0.785278 0.001465
2.149902 0.603027 -4.3479
0.001382 0.001382 -0.999998
0 0 0 0
0.001465 0.001465
2.149902 0.44873 -4.3479
0.001382 0.001382 -0.999998
0 0 0 0
0.001465 0.029785
-2.149902 0.44873 -4.3479
0.001382 0.001382 -0.999998
0 0 0 0
0.785278 0.029785
2.149902 0.44873 -4.3479
-0.029357 0.895983 -0.443117
0 0 0 0
0.033203 0.001465
-2.169434 0.437256 -4.372314
0.043569 0.891399 -0.451121
0 0 0 0
0.992554 0.029785
-2.149902 0.44873 -4.3479
0.029357 0.895983 -0.443117
0 0 0 0
0.961304 0.001465
2.169434 0.437256 -4.372314
-0.043569 0.891399 -0.451121
0 0 0 0
0.001465 0.029785
2.149902 0.44873 -4.3479
-0.029357 0.895983 -0.443117
0 0 0 0
0.37085 0.909058
2.149902 0.603027 -4.3479
-0.029357 -0.895983 -0.443117
0 0 0 0
0.423584 0.909058
2.169434 0.614502 -4.372314
-0.043569 -0.891399 -0.451121
0 0 0 0
0.427856 0.923218
2.169434 0.437256 -4.372314
-0.043569 0.891399 -0.451121
0 0 0 0
0.366577 0.923218
-2.169434 0.437256 -4.372314
0.000978 -1 -0.000001
0 0 0 0
0.997803 0.001465
2.169434 0.437256 -4.372314
0.000978 -1 -0.000001
0 0 0 0
0.001465 0.001465
2.169434 0.437256 -4.295654
0.000978 -1 -0.000001
0 0 0 0
0.001465 0.029785
-2.169434 0.437256 -4.295654
0.000978 -1 -0.000001
0 0 0 0
0.997803 0.029785
2.169434 0.614502 -4.295654
0.001382 0.001382 0.999998
0 0 0 0
0.001465 0.032715
-2.169434 0.614502 -4.295654
0.001382 0.001382 0.999998
0 0 0 0
0.997437 0.032715
-2.169434 0.437256 -4.295654
0.001382 0.001382 0.999998
0 0 0 0
0.997437 0.092285
2.169434 0.437256 -4.295654
0.001382 0.001382 0.999998
0 0 0 0
0.001465 0.092285
-2.169434 0.614502 4.303223
0.043569 -0.891399 0.451121
0 0 0 0
0.001465 0.029785
2.149902 0.603027 4.279053
-0.029357 -0.895983 0.443117
0 0 0 0
0.961304 0.001465
2.169434 0.614502 4.303223
-0.043569 -0.891399 0.451121
0 0 0 0
0.992554 0.029785
-2.149902 0.603027 4.279053
0.029357 -0.895983 0.443117
0 0 0 0
0.033691 0.001465
2.169434 0.437256 4.303223
-0.043569 0.891399 0.451121
0 0 0 0
0.366577 0.923218
2.169434 0.614502 4.303223
-0.043569 -0.891399 0.451121
0 0 0 0
0.427856 0.923218
2.149902 0.603027 4.279053
-0.029357 -0.895983 0.443117
0 0 0 0
0.423584 0.909058
2.149902 0.44873 4.279053
-0.029357 0.895983 0.443117
0 0 0 0
0.37085 0.909058
-2.149902 0.44873 4.279053
0.001382 0.001382 0.999998
0 0 0 0
0.001465 0.029785
2.149902 0.44873 4.279053
0.001382 0.001382 0.999998
0 0 0 0
0.785278 0.029785
2.149902 0.603027 4.279053
0.001382 0.001382 0.999998
0 0 0 0
0.785278 0.001465
-2.149902 0.603027 4.279053
0.001382 0.001382 0.999998
0 0 0 0
0.001465 0.001465
-2.169434 0.437256 4.303223
0.043569 0.891399 0.451121
0 0 0 0
0.001465 0.029785
2.169434 0.437256 4.303223
-0.043569 0.891399 0.451121
0 0 0 0
0.992554 0.029785
2.149902 0.44873 4.279053
-0.029357 0.895983 0.443117
0 0 0 0
0.961304 0.001465
-2.149902 0.44873 4.279053
0.029357 0.895983 0.443117
0 0 0 0
0.033203 0.001465
-2.149902 0.44873 4.279053
0.029357 0.895983 0.443117
0 0 0 0
0.37085 0.909058
-2.149902 0.603027 4.279053
0.029357 -0.895983 0.443117
0 0 0 0
0.423584 0.909058
-2.169434 0.614502 4.303223
0.043569 -0.891399 0.451121
0 0 0 0
0.427856 0.923218
-2.169434 0.437256 4.303223
0.043569 0.891399 0.451121
0 0 0 0
0.366577 0.923218
-2.169434 0.437256 4.226807
0.000978 -1 -0.000001
0 0 0 0
0.001465 0.029785
2.169434 0.437256 4.226807
0.000978 -1 -0.000001
0 0 0 0
0.997803 0.029785
2.169434 0.437256 4.303223
0.000978 -1 -0.000001
0 0 0 0
0.997803 0.001465
-2.169434 0.437256 4.303223
0.000978 -1 -0.000001
0 0 0 0
0.001465 0.001465
2.169434 0.614502 4.226807
-0.001382 -0.001382 -0.999998
0 0 0 0
0.997437 0.032715
2.169434 0.437256 4.226807
-0.001382 -0.001382 -0.999998
0 0 0 0
0.997437 0.092285
-2.169434 0.437256 4.226807
-0.001382 -0.001382 -0.999998
0 0 0 0
0.001465 0.092285
-2.169434 0.614502 4.226807
-0.001382 -0.001382 -0.999998
0 0 0 0
0.001465 0.032715
-0.932617 5.5625 -2.204834
0.000978 1 -0.000001
0 0 0 0
0.001465 0.470215
0.929688 5.5625 -2.311523
0.000978 1 -0.000001
0 0 0 0
0.022461 0.904785
-0.932617 5.5625 -2.311523
0.000978 1 -0.000001
0 0 0 0
0.022461 0.470215
0.929688 5.5625 -2.204834
0.000978 1 -0.000001
0 0 0 0
0.001465 0.904785
-0.932617 4.666748 -2.311523
0.001382 0.001382 -0.999998
0 0 0 0
0.997559 0.220215
-0.932617 5.5625 -2.311523
0.001382 0.001382 -0.999998
0 0 0 0
0.997559 0.467285
0.929688 5.5625 -2.311523
0.001382 0.001382 -0.999998
0 0 0 0
0.508057 0.467285
0.929688 4.666748 -2.311523
0.001382 0.001382 -0.999998
0 0 0 0
0.508057 0.220215
-0.932617 4.666748 -2.204834
-1 0.000978 -0.000001
0 0 0 0
0.303833 0.001465
-0.932617 5.5625 -2.204834
-1 0.000978 -0.000001
0 0 0 0
0.001465 0.001465
-0.932617 5.5625 -2.311523
-1 0.000978 -0.000001
0 0 0 0
0.001465 0.029785
-0.932617 4.666748 -2.311523
-1 0.000978 -0.000001
0 0 0 0
0.303833 0.029785
0.929688 4.666748 -2.204834
0.001382 0.001382 0.999998
0 0 0 0
0.218506 0.904785
0.929688 5.5625 -2.204834
0.001382 0.001382 0.999998
0 0 0 0
0.001465 0.904785
-0.932617 5.5625 -2.204834
0.001382 0.001382 0.999998
0 0 0 0
0.001465 0.470215
-0.932617 4.666748 -2.204834
0.001382 0.001382 0.999998
0 0 0 0
0.218506 0.470215
0.929688 4.666748 -2.311523
1 0.000978 -0.000001
0 0 0 0
0.976196 0.220215
0.929688 5.5625 -2.311523
1 0.000978 -0.000001
0 0 0 0
0.976196 0.467285
0.929688 5.5625 -2.204834
1 0.000978 -0.000001
0 0 0 0
0.999634 0.467285
0.929688 4.666748 -2.204834
1 0.000978 -0.000001
0 0 0 0
0.999634 0.220215
-0.436768 4.660889 2.188721
-1 0.000978 -0.000001
0 0 0 0
0.001465 0.029785
-0.436768 4.67627 2.910889
-1 0.000978 -0.000001
0 0 0 0
0.836304 0.001465
-0.436768 4.67627 2.188721
-1 0.000978 -0.000001
0 0 0 0
0.001465 0.001465
-0.436768 4.660889 2.910889
-1 0.000978 -0.000001
0 0 0 0
0.836304 0.029785
-0.436768 4.67627 2.188721
0.000978 1 -0.000001
0 0 0 0
0.997437 0.001465
-0.436768 4.67627 2.910889
0.000978 1 -0.000001
0 0 0 0
0.162598 0.001465
-0.364502 4.67627 2.840088
0.000978 1 -0.000001
0 0 0 0
0.238281 0.026245
-0.364502 4.67627 2.188721
0.000978 1 -0.000001
0 0 0 0
0.997437 0.026245
-0.436768 4.660889 2.188721
0.001269 -0.727348 -0.686268
0 0 0 0
0.129028 0.920898
-0.436768 4.67627 2.188721
0.001382 0.001382 -0.999998
0 0 0 0
0.129028 0.929565
-0.364502 4.67627 2.188721
0.001382 0.001382 -0.999998
0 0 0 0
0.166748 0.929565
-0.354248 4.660889 2.188721
0.001269 -0.727348 -0.686268
0 0 0 0
0.172241 0.920898
-0.34375 4.67627 2.188721
0.001382 0.001382 -0.999998
0 0 0 0
0.177734 0.929565
-0.271484 4.660889 2.188721
0.001269 -0.727348 -0.686268
0 0 0 0
0.215454 0.920898
-0.271484 4.67627 2.188721
0.001382 0.001382 -0.999998
0 0 0 0
0.215454 0.929565
-0.271484 4.67627 2.748535
1 0.000978 -0.000001
0 0 0 0
0.335815 0.029785
-0.271484 4.660889 2.748535
1 0.000978 -0.000001
0 0 0 0
0.335815 0.001465
-0.271484 4.660889 2.188721
1 0.000978 -0.000001
0 0 0 0
0.997437 0.001465
-0.271484 4.67627 2.188721
1 0.000978 -0.000001
0 0 0 0
0.997437 0.029785
-0.364502 4.800049 2.188721
-0.000977 1 0.000001
0 0 0 0
0.997437 0.029785
-0.364502 4.800049 2.840088
-0.000977 1 -0.000001
0 0 0 0
0.238281 0.029785
-0.34375 4.800049 2.81958
-0.000977 1 -0.000001
0 0 0 0
0.260132 0.001465
-0.34375 4.800049 2.188721
-0.000977 1 0.000001
0 0 0 0
0.997437 0.001465
-0.34375 4.67627 2.188721
0.001382 0.001382 -0.999998
0 0 0 0
0.245972 0.986938
-0.364502 4.67627 2.188721
0.001382 0.001382 -0.999998
0 0 0 0
0.22168 0.986938
-0.364502 4.800049 2.188721
0.001382 0.001382 -0.999998
0 0 0 0
0.22168 0.909546
2.245605 4.845703 -4.412354
-0.001265 -0.737614 0.675222
0 0 0 0
0.218018 0.112915
2.196289 4.856201 -4.420654
-0.534575 -0.627545 0.566053
0 0 0 0
0.218262 0.120728
2.245605 4.861328 -4.388428
-0.001111 -0.956528 0.291637
0 0 0 0
0.210327 0.112915
2.196289 4.873535 -4.393066
-0.551582 -0.796244 0.248501
0 0 0 0
0.210571 0.120728
2.160156 4.884766 -4.442871
-0.894807 -0.336803 0.293059
0 0 0 0
0.218384 0.12854
2.160156 4.849854 -4.471924
-0.887589 -0.26065 0.379799
0 0 0 0
0.226318 0.12854
2.160156 4.80957 -4.494385
-0.891839 -0.162046 0.422332
0 0 0 0
0.234375 0.12854
2.146973 4.824707 -4.54126
-0.998378 0.019065 -0.053647
0 0 0 0
0.234619 0.13623
2.160156 4.839844 -4.588135
-0.843313 0.181138 -0.505976
0 0 0 0
0.234741 0.144043
2.196289 4.851074 -4.622314
-0.477216 0.292146 -0.828804
0 0 0 0
0.234741 0.151855
2.245605 4.855225 -4.63501
0.001363 0.331155 -0.943575
0 0 0 0
0.234741 0.159546
2.294678 4.851074 -4.622314
0.477216 0.292146 -0.828804
0 0 0 0
0.234741 0.167358
2.330811 4.839844 -4.588135
0.843313 0.181138 -0.505976
0 0 0 0
0.234741 0.175171
2.343994 4.824707 -4.54126
0.998378 0.019065 -0.053647
0 0 0 0
0.234619 0.182861
2.330811 4.80957 -4.494385
0.891839 -0.162046 0.422332
0 0 0 0
0.234375 0.190674
2.330811 4.849854 -4.471924
0.887589 -0.26065 0.379799
0 0 0 0
0.226318 0.190674
2.330811 4.884766 -4.442871
0.894807 -0.336803 0.293059
0 0 0 0
0.218384 0.190674
2.330811 4.907227 -4.406006
0.901966 -0.41093 0.132643
0 0 0 0
0.210815 0.190674
2.330811 4.910645 -4.362061
0.866004 -0.500032 0.002086
0 0 0 0
0.203247 0.190674
2.330811 4.910645 3.353271
0.865158 -0.501499 0.000129
0 0 0 0
-0.97168 0.190674
2.343994 4.959961 3.353027
1 -0.000977 -0.000001
0 0 0 0
-0.97168 0.182861
2.343994 4.959961 -4.362305
1 0.000978 0.000001
0 0 0 0
0.203125 0.182861
2.343994 4.953369 -4.423584
0.997414 0.068208 -0.022634
0 0 0 0
0.21106 0.182861
2.343994 4.923584 -4.473145
0.998319 0.04479 -0.036783
0 0 0 0
0.218628 0.182861
2.343994 4.878174 -4.512207
0.998709 0.028934 -0.041745
0 0 0 0
0.22644 0.182861
2.330811 4.906494 -4.55249
0.843965 0.304015 -0.441925
0 0 0 0
0.226562 0.175171
2.294678 4.92749 -4.582031
0.478529 0.499056 -0.722463
0 0 0 0
0.226562 0.167358
2.245605 4.935059 -4.592773
0.00132 0.568768 -0.822497
0 0 0 0
0.226685 0.159546
2.196289 4.92749 -4.582031
-0.478529 0.499056 -0.722463
0 0 0 0
0.226562 0.151855
2.160156 4.906494 -4.55249
-0.843965 0.304015 -0.441925
0 0 0 0
0.226562 0.144043
2.146973 4.878174 -4.512207
-0.998709 0.028934 -0.041745
0 0 0 0
0.22644 0.13623
2.146973 4.923584 -4.473145
-0.998319 0.04479 -0.036783
0 0 0 0
0.218628 0.13623
2.160156 4.962646 -4.503418
-0.842375 0.413818 -0.345193
0 0 0 0
0.21875 0.144043
2.196289 4.991211 -4.525635
-0.479527 0.677194 -0.558088
0 0 0 0
0.21875 0.151855
2.245605 5.001465 -4.533691
0.00125 0.771494 -0.636236
0 0 0 0
0.21875 0.159546
2.294678 4.991211 -4.525635
0.479527 0.677194 -0.558088
0 0 0 0
0.21875 0.167358
2.330811 4.962646 -4.503418
0.842375 0.413818 -0.345193
0 0 0 0
0.21875 0.175171
2.330811 4.999268 -4.441406
0.838698 0.517179 -0.17062
0 0 0 0
0.211304 0.175171
2.294678 5.032959 -4.454346
0.476251 0.834268 -0.277816
0 0 0 0
0.211304 0.167358
2.245605 5.04541 -4.458984
0.001122 0.948184 -0.31772
0 0 0 0
0.211426 0.159546
2.245605 5.05835 -4.362793
0.000978 1 0.000001
0 0 0 0
0.203003 0.159546
2.294678 5.045166 -4.362793
0.500032 0.866004 -0.002086
0 0 0 0
0.203003 0.167358
2.330811 5.009277 -4.362549
0.865158 0.501499 -0.000129
0 0 0 0
0.203003 0.175171
2.330811 5.009277 3.352783
0.866004 0.500032 0.002086
0 0 0 0
-0.97168 0.175171
2.294678 5.045166 3.352783
0.500032 0.866004 0.002086
0 0 0 0
-0.97168 0.167358
2.245605 5.05835 3.352783
0.000978 1 -0.000001
0 0 0 0
-0.97168 0.159546
2.196289 5.045166 -4.362793
-0.500032 0.866004 -0.002086
0 0 0 0
0.203003 0.151855
2.196289 5.045166 3.352783
-0.500032 0.866004 0.002086
0 0 0 0
-0.97168 0.151855
2.160156 5.009277 -4.362549
-0.865158 0.501499 -0.000129
0 0 0 0
0.203003 0.144043
2.160156 5.009277 3.352783
-0.866004 0.500032 0.002086
0 0 0 0
-0.97168 0.144043
2.146973 4.959961 -4.362305
-1 0.000978 0.000001
0 0 0 0
0.203125 0.13623
2.146973 4.959961 3.353027
-1 -0.000977 -0.000001
0 0 0 0
-0.97168 0.13623
2.160156 4.910645 -4.362061
-0.866004 -0.500032 0.002086
0 0 0 0
0.203247 0.12854
2.160156 4.910645 3.353271
-0.865158 -0.501499 0.000129
0 0 0 0
-0.97168 0.12854
2.196289 4.874512 -4.362061
-0.500032 -0.866004 0.002086
0 0 0 0
0.203247 0.120728
2.196289 4.874512 3.353516
-0.500032 -0.866004 0.002086
0 0 0 0
-0.97168 0.120728
2.245605 4.861328 -4.362061
0.000978 -1 -0.000001
0 0 0 0
0.203369 0.112915
2.245605 4.861328 3.353516
0.000978 -1 -0.000001
0 0 0 0
-0.971802 0.112915
2.160156 4.907227 -4.406006
-0.901966 -0.41093 0.132643
0 0 0 0
0.210815 0.12854
2.146973 4.953369 -4.423584
-0.997414 0.068208 -0.022634
0 0 0 0
0.21106 0.13623
2.160156 4.999268 -4.441406
-0.838698 0.517179 -0.17062
0 0 0 0
0.211304 0.144043
2.196289 5.032959 -4.454346
-0.476251 0.834268 -0.277816
0 0 0 0
0.211304 0.151855
2.294678 4.874512 3.353516
0.001382 0.004147 0.99999
0 0 0 0
0.080688 0.871094
2.330811 4.910645 3.353271
-0.001382 0.004147 0.99999
0 0 0 0
0.091553 0.860229
2.245605 4.959961 3.353027
0.001382 0.004147 0.99999
0 0 0 0
0.065918 0.845337
2.245605 4.861328 3.353516
0.001382 0.004147 0.99999
0 0 0 0
0.065918 0.875
2.196289 4.874512 3.353516
0.001382 0.004147 0.99999
0 0 0 0
0.051025 0.871094
2.160156 4.910645 3.353271
0.001382 0.004147 0.99999
0 0 0 0
0.040161 0.860229
2.146973 4.959961 3.353027
0.001382 0.004147 0.99999
0 0 0 0
0.036255 0.845337
2.160156 5.009277 3.352783
0.001382 0.004147 0.99999
0 0 0 0
0.040161 0.830566
2.196289 5.045166 3.352783
0.001382 0.004147 0.99999
0 0 0 0
0.051025 0.819702
2.245605 5.05835 3.352783
0.001382 0.004147 0.99999
0 0 0 0
0.065918 0.815674
2.294678 5.045166 3.352783
-0.001382 0.004147 0.99999
0 0 0 0
0.080688 0.819702
2.330811 5.009277 3.352783
-0.001382 0.004147 0.99999
0 0 0 0
0.091553 0.830566
2.343994 4.959961 3.353027
-0.001382 0.004147 0.99999
0 0 0 0
0.095581 0.845337
0.188232 4.897705 3.242432
0.29264 -0.956219 0.002483
0 0 0 0
0.878296 0.824341
0.208008 4.907471 3.205566
0.001197 -0.865729 -0.500511
0 0 0 0
0.768799 0.891724
0.208008 4.897705 3.242432
0.000978 -1 -0.000001
0 0 0 0
0.882812 0.891724
0.184814 4.906738 3.205566
0.247104 -0.797307 -0.550673
0 0 0 0
0.763306 0.824341
0.207764 4.934326 3.178711
0.001336 -0.498209 -0.867056
0 0 0 0
0.687378 0.891724
0.175049 4.931885 3.178711
0.130812 -0.408619 -0.903282
0 0 0 0
0.682007 0.824341
0.207764 4.971191 3.168945
-0.001382 0.001382 -0.999998
0 0 0 0
0.629639 0.891724
0.162109 4.966309 3.168945
-0.020723 0.067696 -0.997491
0 0 0 0
0.625732 0.824341
0.20752 5.007812 3.178711
-0.001335 0.500689 -0.865626
0 0 0 0
0.585693 0.891724
0.148926 5.000488 3.178711
-0.171027 0.515733 -0.839506
0 0 0 0
0.583374 0.824341
0.20752 5.034668 3.205566
-0.003589 0.867321 -0.497736
0 0 0 0
0.548828 0.891724
0.13916 5.025635 3.205566
-0.276699 0.834846 -0.475888
0 0 0 0
0.547852 0.824341
0.207275 5.044678 3.242432
-0.004888 0.999988 -0.000024
0 0 0 0
0.515015 0.891724
0.135742 5.034912 3.242432
-0.315641 0.948878 0.000613
0 0 0 0
0.515137 0.824341
0.079834 5.002197 3.242432
-0.636427 0.771337 0.000198
0 0 0 0
0.515259 0.744141
0.085938 4.994385 3.205566
-0.559859 0.676348 -0.478656
0 0 0 0
0.548462 0.744141
0.102539 4.973145 3.178711
-0.343751 0.412766 -0.843481
0 0 0 0
0.584229 0.744141
0.125244 4.944092 3.168945
-0.037309 0.0456 -0.998263
0 0 0 0
0.626343 0.744141
0.147705 4.915039 3.178711
0.294615 -0.337664 -0.893971
0 0 0 0
0.680908 0.744141
0.164307 4.893799 3.205566
0.565803 -0.626382 -0.536202
0 0 0 0
0.75769 0.744141
0.17041 4.885986 3.242432
0.675149 -0.737681 0.000934
0 0 0 0
0.866333 0.744141
0.148193 4.873535 3.205566
0.703327 -0.48135 -0.5231
0 0 0 0
0.752197 0.66394
0.15625 4.86792 3.242432
0.825834 -0.563913 0.000406
0 0 0 0
0.85437 0.66394
0.144287 4.847656 3.242432
0.924717 -0.380651 0.002086
0 0 0 0
0.807617 0.58728
0.134766 4.85083 3.205566
0.787125 -0.315576 -0.529949
0 0 0 0
0.733276 0.58728
0.138428 4.824951 3.242432
0.999474 -0.032304 0.002866
0 0 0 0
0.760986 0.51062
0.128418 4.824951 3.205566
0.862375 -0.027586 -0.505518
0 0 0 0
0.714233 0.51062
0.138428 4.646973 3.242432
1 0.000978 -0.000001
0 0 0 0
0.668457 0.468506
0.128418 4.646973 3.205566
0.86573 0.001197 -0.500511
0 0 0 0
0.652954 0.468506
0.101562 4.824951 3.178711
0.488239 -0.017389 -0.872537
0 0 0 0
0.665771 0.51062
0.101562 4.646973 3.178711
0.500689 0.001335 -0.865626
0 0 0 0
0.630493 0.468506
0.064941 4.824951 3.168945
-0.012441 0.001382 -0.999922
0 0 0 0
0.622437 0.51062
0.064941 4.646973 3.168945
0.001382 0.001382 -0.999998
0 0 0 0
0.603882 0.468506
0.028076 4.824951 3.178711
-0.510528 0.025326 -0.859488
0 0 0 0
0.584229 0.51062
0.028076 4.646973 3.178711
-0.500689 0.001335 -0.865626
0 0 0 0
0.575195 0.468506
0.001221 4.824951 3.205566
-0.86853 0.044203 -0.493661
0 0 0 0
0.549072 0.51062
0.001221 4.646973 3.205566
-0.865729 0.001197 -0.500511
0 0 0 0
0.54541 0.468506
-0.008545 4.824951 3.242432
-0.998655 0.05184 0.001222
0 0 0 0
0.515259 0.51062
-0.008545 4.646973 3.242432
-1 0.000978 -0.000001
0 0 0 0
0.515259 0.468506
0.001221 4.824951 3.279053
-0.86853 0.044203 0.493661
0 0 0 0
0.481567 0.51062
0.001221 4.646973 3.279053
-0.865729 0.001197 0.500511
0 0 0 0
0.485107 0.468506
0.028076 4.824951 3.305908
-0.510528 0.025326 0.859488
0 0 0 0
0.446411 0.51062
0.028076 4.646973 3.305908
-0.500689 0.001335 0.865626
0 0 0 0
0.455444 0.468506
0.064941 4.824951 3.315918
-0.012441 0.001382 0.999922
0 0 0 0
0.408203 0.51062
0.064941 4.646973 3.315918
0.001382 0.001382 0.999998
0 0 0 0
0.426758 0.468506
0.101562 4.824951 3.305908
0.488239 -0.017389 0.872537
0 0 0 0
0.36499 0.51062
0.101562 4.646973 3.305908
0.500689 0.001335 0.865626
0 0 0 0
0.400146 0.468506
0.128418 4.824951 3.279053
0.862375 -0.027586 0.505518
0 0 0 0
0.316528 0.51062
0.128418 4.646973 3.279053
0.86573 0.001197 0.500511
0 0 0 0
0.377686 0.468506
0.138428 4.824951 3.242432
0.999474 -0.032304 0.002866
0 0 0 0
0.269897 0.51062
0.138428 4.646973 3.242432
1 0.000978 -0.000001
0 0 0 0
0.362183 0.468506
0.134766 4.85083 3.279053
0.787125 -0.315576 0.529949
0 0 0 0
0.297607 0.58728
0.144287 4.847656 3.242432
0.924717 -0.380651 0.002086
0 0 0 0
0.223267 0.58728
0.148193 4.873535 3.279053
0.703327 -0.48135 0.5231
0 0 0 0
0.278687 0.66394
0.15625 4.86792 3.242432
0.825834 -0.563913 0.000406
0 0 0 0
0.176758 0.66394
0.17041 4.885986 3.242432
0.675149 -0.737681 0.000934
0 0 0 0
0.164795 0.744141
0.164307 4.893799 3.279053
0.565803 -0.626382 0.536202
0 0 0 0
0.273193 0.744141
0.188232 4.897705 3.242432
0.29264 -0.956219 0.002483
0 0 0 0
0.152832 0.824341
0.184814 4.906738 3.279053
0.247104 -0.797307 0.550673
0 0 0 0
0.267822 0.824341
0.147705 4.915039 3.305908
0.294615 -0.337664 0.893971
0 0 0 0
0.349854 0.744141
0.126221 4.88916 3.305908
0.3801 -0.25922 0.887879
0 0 0 0
0.35083 0.66394
0.109375 4.859131 3.305908
0.420896 -0.162711 0.892397
0 0 0 0
0.35791 0.58728
0.074463 4.870361 3.315918
-0.053893 0.017964 0.998385
0 0 0 0
0.406006 0.58728
0.039551 4.881836 3.305908
-0.508108 0.181751 0.841898
0 0 0 0
0.445923 0.58728
0.013916 4.890137 3.279053
-0.828434 0.2912 0.478434
0 0 0 0
0.481567 0.58728
0.004639 4.893066 3.242432
-0.944086 0.329696 0.001658
0 0 0 0
0.515259 0.58728
0.013916 4.890137 3.205566
-0.828434 0.2912 -0.478434
0 0 0 0
0.549072 0.58728
0.039551 4.881836 3.178711
-0.508108 0.181751 -0.841898
0 0 0 0
0.584717 0.58728
0.074463 4.870361 3.168945
-0.053893 0.017964 -0.998385
0 0 0 0
0.624756 0.58728
0.109375 4.859131 3.178711
0.420896 -0.162711 -0.892397
0 0 0 0
0.672852 0.58728
0.126221 4.88916 3.178711
0.3801 -0.25922 -0.887879
0 0 0 0
0.679932 0.66394
0.096191 4.910156 3.168945
-0.040078 0.029022 -0.998775
0 0 0 0
0.626953 0.66394
0.066162 4.931396 3.178711
-0.439515 0.304076 -0.845201
0 0 0 0
0.585205 0.66394
0.044189 4.947021 3.205566
-0.721888 0.498305 -0.480177
0 0 0 0
0.549072 0.66394
0.036133 4.952637 3.242432
-0.822754 0.568395 0.001612
0 0 0 0
0.515259 0.66394
0.085938 4.994385 3.279053
-0.559859 0.676348 0.478656
0 0 0 0
0.481934 0.744141
0.044189 4.947021 3.279053
-0.721888 0.498305 0.480177
0 0 0 0
0.481445 0.66394
0.066162 4.931396 3.305908
-0.439515 0.304076 0.845201
0 0 0 0
0.445435 0.66394
0.096191 4.910156 3.315918
-0.040078 0.029022 0.998775
0 0 0 0
0.403687 0.66394
-0.34375 4.800049 2.188721
0.001382 0.001382 -0.999998
0 0 0 0
0.245972 0.909546
-0.364502 4.67627 2.840088
-1 0.000978 -0.000001
0 0 0 0
0.998657 0.001465
-0.364502 4.800049 2.840088
-1 0.000978 -0.000001
0 0 0 0
0.998657 0.029785
-0.364502 4.800049 2.188721
-1 0.000978 -0.000001
0 0 0 0
0.001465 0.029785
-0.364502 4.67627 2.188721
-1 0.000978 -0.000001
0 0 0 0
0.001465 0.001465
-0.271484 4.67627 2.748535
0.000978 1 0.000001
0 0 0 0
0.335815 0.029785
-0.271484 4.67627 2.188721
0.000978 1 0.000001
0 0 0 0
0.997437 0.029785
-0.34375 4.67627 2.188721
0.000978 1 0.000001
0 0 0 0
0.997437 0.003906
-0.34375 4.67627 2.81958
0.000978 1 0.000001
0 0 0 0
0.260132 0.003906
-0.34375 4.67627 2.81958
1 0.000978 -0.000001
0 0 0 0
0.260132 0.029785
-0.34375 4.67627 2.188721
1 0.000978 -0.000001
0 0 0 0
0.997437 0.029785
-0.34375 4.800049 2.188721
1 0.000978 -0.000001
0 0 0 0
0.997437 0.001465
-0.34375 4.800049 2.81958
1 0.000978 -0.000001
0 0 0 0
0.260132 0.001465
-0.271484 4.67627 2.748535
0.000978 1 0.000001
0 0 0 0
0.335815 0.029785
-0.34375 4.67627 2.81958
0.000978 1 0.000001
0 0 0 0
0.260132 0.003906
-0.005371 4.67627 2.81958
0.000978 1 -0.000001
0 0 0 0
0.614868 0.003906
-0.005371 4.67627 2.748535
0.000978 1 -0.000001
0 0 0 0
0.614868 0.029785
-0.34375 4.800049 2.81958
0.001382 0.001382 -0.999998
0 0 0 0
0.260132 0.001465
-0.005371 4.67627 2.81958
0.001382 0.001382 -0.999998
0 0 0 0
0.614868 0.029785
-0.34375 4.67627 2.81958
0.001382 0.001382 -0.999998
0 0 0 0
0.260132 0.029785
-0.005371 4.800049 2.81958
0.001382 0.001382 -0.999998
0 0 0 0
0.614868 0.001465
-0.34375 4.800049 2.81958
-0.000977 1 -0.000001
0 0 0 0
0.260132 0.001465
-0.364502 4.800049 2.840088
-0.000977 1 -0.000001
0 0 0 0
0.238281 0.029785
-0.005371 4.800049 2.840088
0.000978 1 -0.000001
0 0 0 0
0.614868 0.029785
-0.005371 4.800049 2.81958
0.000978 1 -0.000001
0 0 0 0
0.614868 0.001465
-0.436768 4.67627 2.910889
0.001382 0.001382 0.999998
0 0 0 0
0.836304 0.001465
-0.436768 4.660889 2.910889
0.001382 0.001382 0.999998
0 0 0 0
0.836304 0.029785
-0.005371 4.660889 2.910889
0.001382 0.001382 0.999998
0 0 0 0
0.384033 0.029785
-0.005371 4.67627 2.910889
0.001382 0.001382 0.999998
0 0 0 0
0.384033 0.001465
-0.271484 4.660889 2.748535
0.001382 -0.001382 -0.999998
0 0 0 0
0.335815 0.001465
-0.271484 4.67627 2.748535
0.001382 -0.001382 -0.999998
0 0 0 0
0.335815 0.029785
-0.005371 4.67627 2.748535
0.001382 -0.001382 -0.999998
0 0 0 0
0.614868 0.029785
-0.005371 4.660889 2.748535
0.001382 -0.001382 -0.999998
0 0 0 0
0.614868 0.001465
-0.364502 4.67627 2.840088
0.000978 1 -0.000001
0 0 0 0
0.238281 0.026245
-0.436768 4.67627 2.910889
0.000978 1 -0.000001
0 0 0 0
0.162598 0.001465
-0.005371 4.67627 2.910889
0.000978 1 -0.000001
0 0 0 0
0.614868 0.001465
-0.005371 4.67627 2.840088
0.000978 1 -0.000001
0 0 0 0
0.614868 0.026245
-0.005371 4.800049 2.840088
0.001382 0.001382 0.999998
0 0 0 0
0.384033 0.029785
-0.364502 4.800049 2.840088
0.001382 0.001382 0.999998
0 0 0 0
0.998657 0.029785
-0.364502 4.67627 2.840088
0.001382 0.001382 0.999998
0 0 0 0
0.998657 0.001465
-0.005371 4.67627 2.840088
0.001382 0.001382 0.999998
0 0 0 0
0.384033 0.001465
0.42627 4.660889 2.188721
1 0.000978 -0.000001
0 0 0 0
0.001465 0.029785
0.42627 4.67627 2.188721
1 0.000978 -0.000001
0 0 0 0
0.001465 0.001465
0.42627 4.67627 2.910889
1 0.000978 -0.000001
0 0 0 0
0.836304 0.001465
0.42627 4.660889 2.910889
1 0.000978 -0.000001
0 0 0 0
0.836304 0.029785
0.42627 4.67627 2.188721
0.000978 1 -0.000001
0 0 0 0
0.997437 0.001465
0.354004 4.67627 2.188721
0.000978 1 -0.000001
0 0 0 0
0.997437 0.026245
0.354004 4.67627 2.840088
0.000978 1 -0.000001
0 0 0 0
0.238281 0.026245
0.42627 4.67627 2.910889
0.000978 1 -0.000001
0 0 0 0
0.162598 0.001465
0.354004 4.67627 2.188721
0.001382 0.001382 -0.999998
0 0 0 0
0.166748 0.929565
0.42627 4.67627 2.188721
0.001382 0.001382 -0.999998
0 0 0 0
0.129028 0.929565
0.42627 4.660889 2.188721
0.001269 -0.727348 -0.686268
0 0 0 0
0.129028 0.920898
0.34375 4.660889 2.188721
0.001269 -0.727348 -0.686268
0 0 0 0
0.172241 0.920898
0.333252 4.67627 2.188721
0.001382 0.001382 -0.999998
0 0 0 0
0.177734 0.929565
0.260986 4.660889 2.188721
0.001269 -0.727348 -0.686268
0 0 0 0
0.215454 0.920898
0.260986 4.67627 2.188721
0.001382 0.001382 -0.999998
0 0 0 0
0.215454 0.929565
0.260986 4.67627 2.748535
-1 0.000978 -0.000001
0 0 0 0
0.335815 0.029785
0.260986 4.67627 2.188721
-1 0.000978 -0.000001
0 0 0 0
0.997437 0.029785
0.260986 4.660889 2.188721
-1 0.000978 -0.000001
0 0 0 0
0.997437 0.001465
0.260986 4.660889 2.748535
-1 0.000978 -0.000001
0 0 0 0
0.335815 0.001465
0.333252 4.67627 2.188721
0.001382 0.001382 -0.999998
0 0 0 0
0.245972 0.986938
0.354004 4.800049 2.188721
0.001382 0.001382 -0.999998
0 0 0 0
0.22168 0.909546
0.354004 4.67627 2.188721
0.001382 0.001382 -0.999998
0 0 0 0
0.22168 0.986938
0.333252 4.800049 2.188721
0.001382 0.001382 -0.999998
0 0 0 0
0.245972 0.909546
0.354004 4.67627 2.840088
1 0.000978 -0.000001
0 0 0 0
0.998657 0.001465
0.354004 4.67627 2.188721
1 0.000978 -0.000001
0 0 0 0
0.001465 0.001465
0.354004 4.800049 2.188721
1 0.000978 -0.000001
0 0 0 0
0.001465 0.029785
0.354004 4.800049 2.840088
1 0.000978 -0.000001
0 0 0 0
0.998657 0.029785
0.354004 4.800049 2.188721
0.000978 1 0.000001
0 0 0 0
0.997437 0.029785
0.333252 4.800049 2.188721
0.000978 1 0.000001
0 0 0 0
0.997437 0.001465
0.333252 4.800049 2.81958
0.000978 1 -0.000001
0 0 0 0
0.260132 0.001465
0.354004 4.800049 2.840088
0.000978 1 -0.000001
0 0 0 0
0.238281 0.029785
0.260986 4.67627 2.748535
0.000978 1 0.000001
0 0 0 0
0.335815 0.029785
0.333252 4.67627 2.188721
0.000978 1 0.000001
0 0 0 0
0.997437 0.003906
0.260986 4.67627 2.188721
0.000978 1 0.000001
0 0 0 0
0.997437 0.029785
0.333252 4.67627 2.81958
0.000978 1 0.000001
0 0 0 0
0.260132 0.003906
0.333252 4.800049 2.188721
-1 0.000978 -0.000001
0 0 0 0
0.997437 0.001465
0.333252 4.67627 2.188721
-1 0.000978 -0.000001
0 0 0 0
0.997437 0.029785
0.333252 4.67627 2.81958
-1 0.000978 -0.000001
0 0 0 0
0.260132 0.029785
0.333252 4.800049 2.81958
-1 0.000978 -0.000001
0 0 0 0
0.260132 0.001465
0.260986 4.67627 2.748535
0.000978 1 0.000001
0 0 0 0
0.335815 0.029785
-0.005371 4.67627 2.81958
0.000978 1 -0.000001
0 0 0 0
0.614868 0.003906
0.333252 4.67627 2.81958
0.000978 1 0.000001
0 0 0 0
0.260132 0.003906
-0.005371 4.67627 2.748535
0.000978 1 -0.000001
0 0 0 0
0.614868 0.029785
0.333252 4.800049 2.81958
0.001382 0.001382 -0.999998
0 0 0 0
0.260132 0.001465
0.333252 4.67627 2.81958
0.001382 0.001382 -0.999998
0 0 0 0
0.260132 0.029785
-0.005371 4.67627 2.81958
0.001382 0.001382 -0.999998
0 0 0 0
0.614868 0.029785
-0.005371 4.800049 2.81958
0.001382 0.001382 -0.999998
0 0 0 0
0.614868 0.001465
0.333252 4.800049 2.81958
0.000978 1 -0.000001
0 0 0 0
0.260132 0.001465
-0.005371 4.800049 2.81958
0.000978 1 -0.000001
0 0 0 0
0.614868 0.001465
-0.005371 4.800049 2.840088
0.000978 1 -0.000001
0 0 0 0
0.614868 0.029785
0.354004 4.800049 2.840088
0.000978 1 -0.000001
0 0 0 0
0.238281 0.029785
0.42627 4.67627 2.910889
0.001382 0.001382 0.999998
0 0 0 0
0.836304 0.001465
-0.005371 4.67627 2.910889
0.001382 0.001382 0.999998
0 0 0 0
0.384033 0.001465
-0.005371 4.660889 2.910889
0.001382 0.001382 0.999998
0 0 0 0
0.384033 0.029785
0.42627 4.660889 2.910889
0.001382 0.001382 0.999998
0 0 0 0
0.836304 0.029785
0.260986 4.660889 2.748535
-0.001382 -0.001382 -0.999998
0 0 0 0
0.335815 0.001465
-0.005371 4.660889 2.748535
0.001382 -0.001382 -0.999998
0 0 0 0
0.614868 0.001465
-0.005371 4.67627 2.748535
0.001382 -0.001382 -0.999998
0 0 0 0
0.614868 0.029785
0.260986 4.67627 2.748535
-0.001382 -0.001382 -0.999998
0 0 0 0
0.335815 0.029785
0.354004 4.67627 2.840088
0.000978 1 -0.000001
0 0 0 0
0.238281 0.026245
-0.005371 4.67627 2.840088
0.000978 1 -0.000001
0 0 0 0
0.614868 0.026245
-0.005371 4.67627 2.910889
0.000978 1 -0.000001
0 0 0 0
0.614868 0.001465
0.42627 4.67627 2.910889
0.000978 1 -0.000001
0 0 0 0
0.162598 0.001465
0.354004 4.67627 2.840088
0.001382 0.001382 0.999998
0 0 0 0
0.998657 0.001465
0.354004 4.800049 2.840088
0.001382 0.001382 0.999998
0 0 0 0
0.998657 0.029785
-0.005371 4.800049 2.840088
0.001382 0.001382 0.999998
0 0 0 0
0.384033 0.029785
-0.005371 4.67627 2.840088
0.001382 0.001382 0.999998
0 0 0 0
0.384033 0.001465
-0.46582 4.620361 -2.51001
-0.500689 0.001335 0.865626
0 0 0 0
-0.569702 0.19751
-0.434326 4.620361 -2.501465
0.001382 0.001382 0.999998
0 0 0 0
-0.569824 0.206177
-0.434326 5.196533 -2.501465
0.001382 -0.004147 0.99999
0 0 0 0
-0.431396 0.206177
-0.46582 5.196533 -2.51001
-0.500688 -0.004005 0.865619
0 0 0 0
-0.431641 0.19751
-0.489014 4.620361 -2.532959
-0.865729 0.001197 0.500511
0 0 0 0
-0.56958 0.189087
-0.489014 5.196533 -2.532959
-0.867321 -0.003589 0.497736
0 0 0 0
-0.432007 0.189087
-0.497559 4.620361 -2.564697
-1 0.000978 -0.000001
0 0 0 0
-0.569458 0.181152
-0.497559 5.196533 -2.564697
-0.999992 0.000979 -0.003905
0 0 0 0
-0.432495 0.181152
-0.489014 4.620361 -2.596191
-0.865729 0.001197 -0.500511
0 0 0 0
-0.569214 0.173706
-0.489014 5.196533 -2.596191
-0.864126 0.003596 -0.503263
0 0 0 0
-0.432983 0.173706
-0.46582 4.620361 -2.619385
-0.500689 0.001335 -0.865626
0 0 0 0
-0.569092 0.166626
-0.46582 5.196533 -2.619385
-0.498206 0.006678 -0.867033
0 0 0 0
-0.433228 0.166626
-0.434326 4.620361 -2.627686
0.001382 0.001382 -0.999998
0 0 0 0
-0.569092 0.159546
-0.434326 5.196533 -2.627686
0.001382 0.009677 -0.999952
0 0 0 0
-0.43335 0.159546
-0.402832 4.620361 -2.619385
0.500689 0.001335 -0.865626
0 0 0 0
-0.569092 0.152588
-0.402832 5.196533 -2.619385
0.498206 0.006678 -0.867033
0 0 0 0
-0.433228 0.152588
-0.379639 4.620361 -2.596191
0.86573 0.001197 -0.500511
0 0 0 0
-0.569214 0.145508
-0.379639 5.196533 -2.596191
0.864126 0.003596 -0.503263
0 0 0 0
-0.432983 0.145508
-0.371094 4.620361 -2.564697
1 0.000978 -0.000001
0 0 0 0
-0.569458 0.138062
-0.371094 5.196533 -2.564697
0.999992 0.000979 -0.003905
0 0 0 0
-0.432495 0.138062
-0.379639 4.620361 -2.532959
0.86573 0.001197 0.500511
0 0 0 0
-0.56958 0.130127
-0.379639 5.196533 -2.532959
0.867321 -0.003589 0.497736
0 0 0 0
-0.432007 0.130127
-0.402832 4.620361 -2.51001
0.500689 0.001335 0.865626
0 0 0 0
-0.569702 0.121704
-0.402832 5.196533 -2.51001
0.500688 -0.004005 0.865619
0 0 0 0
-0.431641 0.121704
-0.434326 4.620361 -2.501465
0.001382 0.001382 0.999998
0 0 0 0
-0.569824 0.112915
-0.434326 5.196533 -2.501465
0.001382 -0.004147 0.99999
0 0 0 0
-0.431396 0.112915
-0.402832 5.218994 -2.50708
0.516128 -0.155236 0.842326
0 0 0 0
-0.424683 0.121704
-0.434326 5.217529 -2.499023
-0.001377 -0.177622 0.984098
0 0 0 0
-0.424683 0.112915
-0.434326 5.237793 -2.494141
0.001366 -0.301929 0.95333
0 0 0 0
-0.417969 0.112915
-0.402832 5.240967 -2.501953
0.515072 -0.262147 0.816076
0 0 0 0
-0.417847 0.121704
-0.434326 5.25708 -2.486572
0.001351 -0.414737 0.90994
0 0 0 0
-0.411011 0.112915
-0.402832 5.261719 -2.493652
0.512256 -0.363663 0.778038
0 0 0 0
-0.410889 0.121704
-0.434326 5.275146 -2.477051
-0.001327 -0.537494 0.843267
0 0 0 0
-0.404175 0.112915
-0.402832 5.281006 -2.483154
0.513731 -0.470173 0.717648
0 0 0 0
-0.403931 0.121704
-0.434326 5.29126 -2.464844
0.001296 -0.651976 0.758239
0 0 0 0
-0.397095 0.112915
-0.402832 5.29834 -2.469727
0.507834 -0.570529 0.645447
0 0 0 0
-0.396851 0.121704
-0.434326 5.304932 -2.451904
0.001254 -0.763668 0.645608
0 0 0 0
-0.390381 0.112915
-0.402832 5.312744 -2.455322
0.51079 -0.668516 0.540536
0 0 0 0
-0.390015 0.121704
-0.434326 5.31543 -2.436768
0.001185 -0.882852 0.469651
0 0 0 0
-0.383179 0.112915
-0.402832 5.32373 -2.438477
0.51451 -0.765434 0.386511
0 0 0 0
-0.383057 0.121704
-0.434326 5.321533 -2.421387
0.000978 -1 -0.000001
0 0 0 0
-0.376465 0.112915
-0.402832 5.330078 -2.421387
0.500032 -0.866004 0.002086
0 0 0 0
-0.376465 0.121704
-0.402832 5.330078 2.131348
0.500032 -0.866004 0.002086
0 0 0 0
0.706299 0.121704
-0.434326 5.321533 2.131348
0.000978 -1 -0.000001
0 0 0 0
0.706421 0.112915
-0.379639 5.353027 2.131348
0.866004 -0.500032 0.002086
0 0 0 0
0.706299 0.130127
-0.379639 5.353027 -2.421631
0.866004 -0.500032 0.002086
0 0 0 0
-0.376343 0.130127
-0.371094 5.384521 2.131104
1 -0.000977 -0.000001
0 0 0 0
0.706299 0.138062
-0.371094 5.384521 -2.421631
1 0.000978 0.000001
0 0 0 0
-0.376343 0.138062
-0.379639 5.41626 2.131104
0.866004 0.500032 0.002086
0 0 0 0
0.706177 0.145508
-0.379639 5.41626 -2.421631
0.866004 0.500032 -0.002086
0 0 0 0
-0.376221 0.145508
-0.402832 5.439209 2.131104
0.500032 0.866004 0.002086
0 0 0 0
0.706177 0.152588
-0.402832 5.439209 -2.421875
0.500032 0.866004 -0.002086
0 0 0 0
-0.376099 0.152588
-0.434326 5.447754 2.131104
0.000978 1 -0.000001
0 0 0 0
0.706177 0.159546
-0.434326 5.447754 -2.421875
0.000978 1 0.000001
0 0 0 0
-0.376099 0.159546
-0.434326 5.438477 -2.462402
-0.001123 0.947097 -0.320946
0 0 0 0
-0.381836 0.159546
-0.402832 5.43042 -2.460693
0.479764 0.829893 -0.284788
0 0 0 0
-0.381836 0.152588
-0.379639 5.407715 -2.456055
0.844347 0.504484 -0.180481
0 0 0 0
-0.381958 0.145508
-0.371094 5.376953 -2.449707
0.998861 0.044372 -0.01752
0 0 0 0
-0.382202 0.138062
-0.379639 5.346191 -2.443359
0.884443 -0.425685 0.191191
0 0 0 0
-0.38269 0.130127
-0.379639 5.333984 -2.464355
0.881641 -0.379426 0.280614
0 0 0 0
-0.389404 0.130127
-0.379639 5.317383 -2.482666
0.879007 -0.327785 0.346271
0 0 0 0
-0.396118 0.130127
-0.379639 5.297119 -2.499512
0.879638 -0.270924 0.390945
0 0 0 0
-0.403198 0.130127
-0.379639 5.274414 -2.512695
0.878015 -0.209274 0.430458
0 0 0 0
-0.4104 0.130127
-0.379639 5.249756 -2.522949
0.881191 -0.149414 0.448529
0 0 0 0
-0.417603 0.130127
-0.379639 5.223633 -2.529785
0.881321 -0.086358 0.464559
0 0 0 0
-0.424805 0.130127
-0.371094 5.229736 -2.560303
0.999369 0.006961 -0.034834
0 0 0 0
-0.424927 0.138062
-0.379639 5.23584 -2.591064
0.849037 0.104775 -0.51784
0 0 0 0
-0.425049 0.145508
-0.402832 5.240234 -2.613525
0.483635 0.174535 -0.857691
0 0 0 0
-0.425171 0.152588
-0.434326 5.241943 -2.621582
0.001375 0.199441 -0.979909
0 0 0 0
-0.425171 0.159546
-0.46582 5.240234 -2.613525
-0.483635 0.174535 -0.857691
0 0 0 0
-0.425171 0.166626
-0.489014 5.23584 -2.591064
-0.849037 0.104775 -0.51784
0 0 0 0
-0.425049 0.173706
-0.497559 5.229736 -2.560303
-0.999369 0.006961 -0.034834
0 0 0 0
-0.424927 0.181152
-0.489014 5.223633 -2.529785
-0.881321 -0.086358 0.46456
0 0 0 0
-0.424805 0.189087
-0.46582 5.218994 -2.50708
-0.516128 -0.155236 0.842326
0 0 0 0
-0.424683 0.19751
-0.434326 5.217529 -2.499023
-0.001377 -0.177622 0.984098
0 0 0 0
-0.424683 0.206177
-0.434326 5.237793 -2.494141
0.001366 -0.301929 0.95333
0 0 0 0
-0.417969 0.206177
-0.46582 5.240967 -2.501953
-0.515072 -0.262147 0.816076
0 0 0 0
-0.417847 0.19751
-0.489014 5.249756 -2.522949
-0.881191 -0.149414 0.448529
0 0 0 0
-0.417603 0.189087
-0.497559 5.261475 -2.552002
-0.999313 0.012926 -0.03472
0 0 0 0
-0.417358 0.181152
-0.489014 5.273438 -2.580811
-0.846429 0.183173 -0.500006
0 0 0 0
-0.417236 0.173706
-0.46582 5.282227 -2.601807
-0.479111 0.304889 -0.823101
0 0 0 0
-0.417236 0.166626
-0.434326 5.2854 -2.609619
-0.00136 0.349631 -0.936887
0 0 0 0
-0.417114 0.159546
-0.402832 5.282227 -2.601807
0.479111 0.304889 -0.823101
0 0 0 0
-0.417236 0.152588
-0.379639 5.273438 -2.580811
0.846429 0.183173 -0.500006
0 0 0 0
-0.417236 0.145508
-0.371094 5.261475 -2.552002
0.999313 0.012926 -0.034719
0 0 0 0
-0.417358 0.138062
-0.371094 5.291504 -2.538574
0.999384 0.016871 -0.03076
0 0 0 0
-0.409912 0.138062
-0.371094 5.319336 -2.521973
0.999229 0.024807 -0.030439
0 0 0 0
-0.402588 0.138062
-0.371094 5.343262 -2.500244
0.999239 0.028719 -0.02638
0 0 0 0
-0.395386 0.138062
-0.371094 5.362793 -2.476807
0.999018 0.038538 -0.021869
0 0 0 0
-0.388794 0.138062
-0.379639 5.391846 -2.489014
0.843329 0.455464 -0.285216
0 0 0 0
-0.388306 0.145508
-0.402832 5.413086 -2.498047
0.477229 0.752962 -0.453101
0 0 0 0
-0.388062 0.152588
-0.434326 5.420654 -2.501465
-0.001202 0.859281 -0.511503
0 0 0 0
-0.388062 0.159546
-0.46582 5.43042 -2.460693
-0.479764 0.829893 -0.284788
0 0 0 0
-0.381836 0.166626
-0.46582 5.413086 -2.498047
-0.477229 0.752962 -0.453101
0 0 0 0
-0.388062 0.166626
-0.434326 5.39502 -2.535645
0.001261 0.747745 -0.663984
0 0 0 0
-0.394653 0.159546
-0.402832 5.388184 -2.530762
0.478876 0.653684 -0.585982
0 0 0 0
-0.394653 0.152588
-0.379639 5.369141 -2.518066
0.845215 0.393521 -0.361598
0 0 0 0
-0.394897 0.145508
-0.379639 5.341309 -2.543945
0.845195 0.327586 -0.422294
0 0 0 0
-0.4021 0.145508
-0.379639 5.308838 -2.564453
0.846869 0.252284 -0.468152
0 0 0 0
-0.409546 0.145508
-0.402832 5.321533 -2.583252
0.479576 0.42499 -0.767718
0 0 0 0
-0.409302 0.152588
-0.402832 5.357422 -2.560303
0.479077 0.542615 -0.689967
0 0 0 0
-0.401855 0.152588
-0.434326 5.363281 -2.566162
0.001305 0.622541 -0.782586
0 0 0 0
-0.401855 0.159546
-0.46582 5.388184 -2.530762
-0.478876 0.653684 -0.585982
0 0 0 0
-0.394653 0.166626
-0.489014 5.391846 -2.489014
-0.843329 0.455464 -0.285216
0 0 0 0
-0.388306 0.173706
-0.489014 5.369141 -2.518066
-0.845215 0.393521 -0.361598
0 0 0 0
-0.394897 0.173706
-0.46582 5.357422 -2.560303
-0.479077 0.542615 -0.689967
0 0 0 0
-0.401855 0.166626
-0.434326 5.325928 -2.590332
-0.001338 0.485765 -0.874089
0 0 0 0
-0.409302 0.159546
-0.46582 5.321533 -2.583252
-0.479576 0.42499 -0.767718
0 0 0 0
-0.409302 0.166626
-0.489014 5.308838 -2.564453
-0.846868 0.252284 -0.468152
0 0 0 0
-0.409546 0.173706
-0.497559 5.291504 -2.538574
-0.999384 0.016871 -0.03076
0 0 0 0
-0.409912 0.181152
-0.489014 5.274414 -2.512695
-0.878015 -0.209274 0.430458
0 0 0 0
-0.4104 0.189087
-0.46582 5.261719 -2.493652
-0.512256 -0.363663 0.778038
0 0 0 0
-0.410889 0.19751
-0.434326 5.25708 -2.486572
0.001351 -0.414737 0.90994
0 0 0 0
-0.411011 0.206177
-0.434326 5.275146 -2.477051
-0.001327 -0.537494 0.843267
0 0 0 0
-0.404175 0.206177
-0.46582 5.281006 -2.483154
-0.513731 -0.470173 0.717648
0 0 0 0
-0.403931 0.19751
-0.489014 5.297119 -2.499512
-0.879638 -0.270924 0.390945
0 0 0 0
-0.403198 0.189087
-0.497559 5.319336 -2.521973
-0.999229 0.024807 -0.030439
0 0 0 0
-0.402588 0.181152
-0.489014 5.341309 -2.543945
-0.845195 0.327586 -0.422294
0 0 0 0
-0.4021 0.173706
-0.497559 5.343262 -2.500244
-0.999239 0.028719 -0.02638
0 0 0 0
-0.395386 0.181152
-0.489014 5.317383 -2.482666
-0.879007 -0.327785 0.346271
0 0 0 0
-0.396118 0.189087
-0.46582 5.29834 -2.469727
-0.507833 -0.570529 0.645447
0 0 0 0
-0.396851 0.19751
-0.434326 5.29126 -2.464844
0.001296 -0.651976 0.758239
0 0 0 0
-0.397095 0.206177
-0.434326 5.304932 -2.451904
0.001254 -0.763668 0.645608
0 0 0 0
-0.390381 0.206177
-0.46582 5.312744 -2.455322
-0.51079 -0.668516 0.540536
0 0 0 0
-0.390015 0.19751
0.125244 4.944092 3.315918
-0.037309 0.0456 0.998263
0 0 0 0
0.404297 0.744141
0.102539 4.973145 3.305908
-0.343751 0.412766 0.843481
0 0 0 0
0.446289 0.744141
0.148926 5.000488 3.305908
-0.171027 0.515733 0.839506
0 0 0 0
0.447021 0.824341
0.13916 5.025635 3.279053
-0.276699 0.834846 0.475888
0 0 0 0
0.482422 0.824341
0.20752 5.034668 3.279053
-0.003589 0.867321 0.497736
0 0 0 0
0.481323 0.891724
0.20752 5.007812 3.305908
-0.001335 0.500689 0.865626
0 0 0 0
0.44458 0.891724
0.162109 4.966309 3.315918
-0.020723 0.067696 0.997491
0 0 0 0
0.404907 0.824341
0.207764 4.971191 3.315918
-0.001382 0.001382 0.999998
0 0 0 0
0.400879 0.891724
0.175049 4.931885 3.305908
0.130812 -0.408619 0.903282
0 0 0 0
0.348877 0.824341
0.207764 4.934326 3.305908
0.001336 -0.498209 0.867056
0 0 0 0
0.343506 0.891724
0.208008 4.907471 3.279053
0.001197 -0.865729 0.500511
0 0 0 0
0.262329 0.891724
0.208008 4.897705 3.242432
0.000978 -1 -0.000001
0 0 0 0
0.148438 0.891724
0.208008 4.897705 3.242432
0.000978 -1 -0.000001
0 0 0 0
-0.000122 0.571167
2.208984 4.907471 3.205566
0.001197 -0.865729 -0.500511
0 0 0 0
0.729858 0.584106
2.208984 4.897705 3.242432
0.000978 -1 -0.000001
0 0 0 0
0.729858 0.57019
0.208008 4.907471 3.205566
0.001197 -0.865729 -0.500511
0 0 0 0
-0.000122 0.584961
2.20874 4.934326 3.178711
0.001335 -0.500689 -0.865626
0 0 0 0
0.729858 0.598022
0.207764 4.934326 3.178711
0.001336 -0.498209 -0.867056
0 0 0 0
-0.000122 0.598877
2.20874 4.971191 3.168945
0.001382 -0.001382 -0.999998
0 0 0 0
0.729858 0.611816
0.207764 4.971191 3.168945
-0.001382 0.001382 -0.999998
0 0 0 0
-0.000122 0.612793
2.208496 5.007812 3.178711
0.001335 0.500689 -0.865626
0 0 0 0
0.729858 0.625732
0.20752 5.007812 3.178711
-0.001335 0.500689 -0.865626
0 0 0 0
-0.000122 0.626587
2.208496 5.034668 3.205566
0.001197 0.86573 -0.500511
0 0 0 0
0.729858 0.639648
0.20752 5.034668 3.205566
-0.003589 0.867321 -0.497736
0 0 0 0
-0.000122 0.640503
2.208496 5.044678 3.242432
0.000978 1 -0.000001
0 0 0 0
0.729858 0.653442
0.207275 5.044678 3.242432
-0.004888 0.999988 -0.000024
0 0 0 0
0 0.654419
0.20752 5.034668 3.279053
-0.003589 0.867321 0.497736
0 0 0 0
-0.000122 0.668213
2.208496 5.034668 3.279053
0.001197 0.86573 0.500511
0 0 0 0
0.729858 0.667358
0.20752 5.007812 3.305908
-0.001335 0.500689 0.865626
0 0 0 0
-0.000122 0.682129
2.208496 5.007812 3.305908
0.001335 0.500689 0.865626
0 0 0 0
0.729858 0.681274
0.207764 4.971191 3.315918
-0.001382 0.001382 0.999998
0 0 0 0
-0.000122 0.695923
2.20874 4.971191 3.315918
0.001382 -0.001382 0.999998
0 0 0 0
0.729858 0.695068
0.207764 4.934326 3.305908
0.001336 -0.498209 0.867056
0 0 0 0
-0.000122 0.709839
2.20874 4.934326 3.305908
0.001335 -0.500689 0.865626
0 0 0 0
0.729858 0.708984
0.208008 4.907471 3.279053
0.001197 -0.865729 0.500511
0 0 0 0
-0.000122 0.723755
2.208984 4.907471 3.279053
0.001197 -0.865729 0.500511
0 0 0 0
0.729858 0.7229
0.208008 4.897705 3.242432
0.000978 -1 -0.000001
0 0 0 0
-0.000122 0.737549
2.208984 4.897705 3.242432
0.000978 -1 -0.000001
0 0 0 0
0.729858 0.736694
-0.489014 5.333984 -2.464355
-0.881641 -0.379426 0.280614
0 0 0 0
-0.389404 0.189087
-0.497559 5.362793 -2.476807
-0.999018 0.038538 -0.021869
0 0 0 0
-0.388794 0.181152
-0.497559 5.376953 -2.449707
-0.998861 0.044372 -0.01752
0 0 0 0
-0.382202 0.181152
-0.489014 5.407715 -2.456055
-0.844347 0.504484 -0.180481
0 0 0 0
-0.381958 0.173706
-0.489014 5.41626 -2.421631
-0.866004 0.500032 -0.002086
0 0 0 0
-0.376221 0.173706
-0.46582 5.439209 -2.421875
-0.500032 0.866004 -0.002086
0 0 0 0
-0.376099 0.166626
-0.46582 5.439209 2.131104
-0.500032 0.866004 0.002086
0 0 0 0
0.706177 0.166626
-0.489014 5.41626 2.131104
-0.866004 0.500032 0.002086
0 0 0 0
0.706177 0.173706
-0.497559 5.384521 -2.421631
-1 0.000978 0.000001
0 0 0 0
-0.376343 0.181152
-0.497559 5.384521 2.131104
-1 -0.000977 -0.000001
0 0 0 0
0.706299 0.181152
-0.489014 5.353027 -2.421631
-0.866004 -0.500032 0.002086
0 0 0 0
-0.376343 0.189087
-0.489014 5.353027 2.131348
-0.866004 -0.500032 0.002086
0 0 0 0
0.706299 0.189087
-0.46582 5.330078 -2.421387
-0.500032 -0.866004 0.002086
0 0 0 0
-0.376465 0.19751
-0.46582 5.330078 2.131348
-0.500032 -0.866004 0.002086
0 0 0 0
0.706299 0.19751
-0.434326 5.321533 -2.421387
0.000978 -1 -0.000001
0 0 0 0
-0.376465 0.206177
-0.434326 5.321533 2.131348
0.000978 -1 -0.000001
0 0 0 0
0.706421 0.206177
-0.46582 5.32373 -2.438477
-0.51451 -0.765434 0.386511
0 0 0 0
-0.383057 0.19751
-0.434326 5.31543 -2.436768
0.001185 -0.882852 0.469651
0 0 0 0
-0.383179 0.206177
-0.489014 5.346191 -2.443359
-0.884443 -0.425685 0.191191
0 0 0 0
-0.38269 0.189087
-0.379639 5.41626 2.131104
-0.001382 0.004147 0.99999
0 0 0 0
0.073975 0.937256
-0.402832 5.439209 2.131104
0.001382 0.004147 0.99999
0 0 0 0
0.062866 0.926147
-0.434326 5.384521 2.131104
0.001382 0.004147 0.99999
0 0 0 0
0.047729 0.952393
-0.371094 5.384521 2.131104
-0.001382 0.004147 0.99999
0 0 0 0
0.078003 0.952393
-0.379639 5.353027 2.131348
-0.001382 0.004147 0.99999
0 0 0 0
0.073975 0.967651
-0.402832 5.330078 2.131348
-0.001382 0.004147 0.99999
0 0 0 0
0.062866 0.97876
-0.434326 5.321533 2.131348
0.001382 0.004147 0.99999
0 0 0 0
0.047729 0.982788
-0.46582 5.330078 2.131348
0.001382 0.004147 0.99999
0 0 0 0
0.032593 0.97876
-0.489014 5.353027 2.131348
0.001382 0.004147 0.99999
0 0 0 0
0.021484 0.967651
-0.497559 5.384521 2.131104
0.001382 0.004147 0.99999
0 0 0 0
0.017334 0.952393
-0.489014 5.41626 2.131104
0.001382 0.004147 0.99999
0 0 0 0
0.021484 0.937256
-0.46582 5.439209 2.131104
-0.001382 0.004147 0.99999
0 0 0 0
0.032593 0.926147
-0.434326 5.447754 2.131104
0.001382 0.004147 0.99999
0 0 0 0
0.047729 0.922119
0.405029 4.620361 -2.51001
-0.500689 0.001335 0.865626
0 0 0 0
-0.569702 0.19751
0.436523 4.620361 -2.501465
0.001382 0.001382 0.999998
0 0 0 0
-0.569824 0.206177
0.436523 5.196533 -2.501465
0.001382 -0.004147 0.99999
0 0 0 0
-0.431396 0.206177
0.405029 5.196533 -2.51001
-0.500688 -0.004005 0.865619
0 0 0 0
-0.431641 0.19751
0.38208 4.620361 -2.532959
-0.865729 0.001197 0.500511
0 0 0 0
-0.56958 0.189087
0.38208 5.196533 -2.532959
-0.867321 -0.003589 0.497736
0 0 0 0
-0.432007 0.189087
0.373535 4.620361 -2.564697
-1 0.000978 -0.000001
0 0 0 0
-0.569458 0.181152
0.373535 5.196533 -2.564697
-0.999992 0.000979 -0.003905
0 0 0 0
-0.432495 0.181152
0.38208 4.620361 -2.596191
-0.865729 0.001197 -0.500511
0 0 0 0
-0.569214 0.173706
0.38208 5.196533 -2.596191
-0.864126 0.003596 -0.503263
0 0 0 0
-0.432983 0.173706
0.405029 4.620361 -2.619385
-0.500689 0.001335 -0.865626
0 0 0 0
-0.569092 0.166626
0.405029 5.196533 -2.619385
-0.498206 0.006678 -0.867033
0 0 0 0
-0.433228 0.166626
0.436523 4.620361 -2.627686
0.001382 0.001382 -0.999998
0 0 0 0
-0.569092 0.159546
0.436523 5.196533 -2.627686
0.001382 0.009677 -0.999952
0 0 0 0
-0.43335 0.159546
0.468262 4.620361 -2.619385
0.500689 0.001335 -0.865626
0 0 0 0
-0.569092 0.152588
0.468262 5.196533 -2.619385
0.498206 0.006678 -0.867033
0 0 0 0
-0.433228 0.152588
0.491211 4.620361 -2.596191
0.86573 0.001197 -0.500511
0 0 0 0
-0.569214 0.145508
0.491211 5.196533 -2.596191
0.864126 0.003596 -0.503263
0 0 0 0
-0.432983 0.145508
0.499756 4.620361 -2.564697
1 0.000978 -0.000001
0 0 0 0
-0.569458 0.138062
0.499756 5.196533 -2.564697
0.999992 0.000979 -0.003905
0 0 0 0
-0.432495 0.138062
0.491211 4.620361 -2.532959
0.86573 0.001197 0.500511
0 0 0 0
-0.56958 0.130127
0.491211 5.196533 -2.532959
0.867321 -0.003589 0.497736
0 0 0 0
-0.432007 0.130127
0.468262 4.620361 -2.51001
0.500689 0.001335 0.865626
0 0 0 0
-0.569702 0.121704
0.468262 5.196533 -2.51001
0.500688 -0.004005 0.865619
0 0 0 0
-0.431641 0.121704
0.436523 4.620361 -2.501465
0.001382 0.001382 0.999998
0 0 0 0
-0.569824 0.112915
0.436523 5.196533 -2.501465
0.001382 -0.004147 0.99999
0 0 0 0
-0.431396 0.112915
0.468262 5.218994 -2.50708
0.516128 -0.155236 0.842326
0 0 0 0
-0.424683 0.121704
0.436523 5.217529 -2.499023
-0.001377 -0.177622 0.984098
0 0 0 0
-0.424683 0.112915
0.436523 5.237793 -2.494141
0.001366 -0.301929 0.95333
0 0 0 0
-0.417969 0.112915
0.468262 5.240967 -2.501953
0.515072 -0.262147 0.816076
0 0 0 0
-0.417847 0.121704
0.436523 5.25708 -2.486572
0.001351 -0.414737 0.90994
0 0 0 0
-0.411011 0.112915
0.468262 5.261719 -2.493652
0.512256 -0.363663 0.778038
0 0 0 0
-0.410889 0.121704
0.436523 5.275146 -2.477051
-0.001327 -0.537494 0.843267
0 0 0 0
-0.404175 0.112915
0.468262 5.281006 -2.483154
0.513731 -0.470173 0.717648
0 0 0 0
-0.403931 0.121704
0.436523 5.29126 -2.464844
0.001296 -0.651976 0.758239
0 0 0 0
-0.397095 0.112915
0.468262 5.29834 -2.469727
0.507834 -0.570529 0.645447
0 0 0 0
-0.396851 0.121704
0.436523 5.304932 -2.451904
0.001254 -0.763668 0.645608
0 0 0 0
-0.390381 0.112915
0.468262 5.312744 -2.455322
0.51079 -0.668516 0.540536
0 0 0 0
-0.390015 0.121704
0.436523 5.31543 -2.436768
0.001185 -0.882852 0.469651
0 0 0 0
-0.383179 0.112915
0.468262 5.32373 -2.438477
0.51451 -0.765434 0.386511
0 0 0 0
-0.383057 0.121704
0.436523 5.321533 -2.421387
-0.000977 -1 -0.000001
0 0 0 0
-0.376465 0.112915
0.468262 5.330078 -2.421387
0.500032 -0.866004 0.002086
0 0 0 0
-0.376465 0.121704
0.468262 5.330078 2.131348
0.500032 -0.866004 0.002086
0 0 0 0
0.706299 0.121704
0.436523 5.321533 2.131348
-0.000977 -1 -0.000001
0 0 0 0
0.706421 0.112915
0.491211 5.353027 2.131348
0.866004 -0.500032 0.002086
0 0 0 0
0.706299 0.130127
0.491211 5.353027 -2.421631
0.866004 -0.500032 0.002086
0 0 0 0
-0.376343 0.130127
0.499756 5.384521 2.131104
1 -0.000977 -0.000001
0 0 0 0
0.706299 0.138062
0.499756 5.384521 -2.421631
1 0.000978 0.000001
0 0 0 0
-0.376343 0.138062
0.491211 5.41626 2.131104
0.866004 0.500032 0.002086
0 0 0 0
0.706177 0.145508
0.491211 5.41626 -2.421631
0.866004 0.500032 -0.002086
0 0 0 0
-0.376221 0.145508
0.468262 5.439209 2.131104
0.500032 0.866004 0.002086
0 0 0 0
0.706177 0.152588
0.468262 5.439209 -2.421875
0.500032 0.866004 -0.002086
0 0 0 0
-0.376099 0.152588
0.468262 5.43042 -2.460693
0.479764 0.829893 -0.284788
0 0 0 0
-0.381836 0.152588
0.491211 5.407715 -2.456055
0.844347 0.504484 -0.180481
0 0 0 0
-0.381958 0.145508
0.499756 5.376953 -2.449707
0.998861 0.044372 -0.01752
0 0 0 0
-0.382202 0.138062
0.491211 5.346191 -2.443359
0.884443 -0.425685 0.191191
0 0 0 0
-0.38269 0.130127
0.491211 5.333984 -2.464355
0.881641 -0.379426 0.280614
0 0 0 0
-0.389404 0.130127
0.491211 5.317383 -2.482666
0.879007 -0.327785 0.346271
0 0 0 0
-0.396118 0.130127
0.491211 5.297119 -2.499512
0.879638 -0.270924 0.390945
0 0 0 0
-0.403198 0.130127
0.491211 5.274414 -2.512695
0.878015 -0.209274 0.430458
0 0 0 0
-0.4104 0.130127
0.491211 5.249756 -2.522949
0.881191 -0.149414 0.448529
0 0 0 0
-0.417603 0.130127
0.491211 5.223633 -2.529785
0.881321 -0.086358 0.464559
0 0 0 0
-0.424805 0.130127
0.499756 5.229736 -2.560303
0.999369 0.006961 -0.034834
0 0 0 0
-0.424927 0.138062
0.491211 5.23584 -2.591064
0.849037 0.104775 -0.51784
0 0 0 0
-0.425049 0.145508
0.468262 5.240234 -2.613525
0.483635 0.174535 -0.857691
0 0 0 0
-0.425171 0.152588
0.436523 5.241943 -2.621582
0.001375 0.199441 -0.979909
0 0 0 0
-0.425171 0.159546
0.405029 5.240234 -2.613525
-0.483635 0.174535 -0.857691
0 0 0 0
-0.425171 0.166626
0.38208 5.23584 -2.591064
-0.849037 0.104775 -0.51784
0 0 0 0
-0.425049 0.173706
0.373535 5.229736 -2.560303
-0.999369 0.006961 -0.034834
0 0 0 0
-0.424927 0.181152
0.38208 5.223633 -2.529785
-0.881321 -0.086358 0.46456
0 0 0 0
-0.424805 0.189087
0.405029 5.218994 -2.50708
-0.516128 -0.155236 0.842326
0 0 0 0
-0.424683 0.19751
0.436523 5.217529 -2.499023
-0.001377 -0.177622 0.984098
0 0 0 0
-0.424683 0.206177
0.436523 5.237793 -2.494141
0.001366 -0.301929 0.95333
0 0 0 0
-0.417969 0.206177
0.405029 5.240967 -2.501953
-0.515072 -0.262147 0.816076
0 0 0 0
-0.417847 0.19751
0.38208 5.249756 -2.522949
-0.881191 -0.149414 0.448529
0 0 0 0
-0.417603 0.189087
0.373535 5.261475 -2.552002
-0.999313 0.012926 -0.03472
0 0 0 0
-0.417358 0.181152
0.38208 5.273438 -2.580811
-0.846429 0.183173 -0.500006
0 0 0 0
-0.417236 0.173706
0.405029 5.282227 -2.601807
-0.479111 0.304889 -0.823101
0 0 0 0
-0.417236 0.166626
0.436523 5.2854 -2.609619
-0.00136 0.349631 -0.936887
0 0 0 0
-0.417114 0.159546
0.468262 5.282227 -2.601807
0.479111 0.304889 -0.823101
0 0 0 0
-0.417236 0.152588
0.491211 5.273438 -2.580811
0.846429 0.183173 -0.500006
0 0 0 0
-0.417236 0.145508
0.499756 5.261475 -2.552002
0.999313 0.012926 -0.034719
0 0 0 0
-0.417358 0.138062
0.499756 5.291504 -2.538574
0.999384 0.016871 -0.03076
0 0 0 0
-0.409912 0.138062
0.499756 5.319336 -2.521973
0.999229 0.024807 -0.030439
0 0 0 0
-0.402588 0.138062
0.499756 5.343262 -2.500244
0.999239 0.028719 -0.02638
0 0 0 0
-0.395386 0.138062
0.499756 5.362793 -2.476807
0.999018 0.038538 -0.021869
0 0 0 0
-0.388794 0.138062
0.491211 5.391846 -2.489014
0.843329 0.455464 -0.285216
0 0 0 0
-0.388306 0.145508
0.468262 5.413086 -2.498047
0.477229 0.752962 -0.453101
0 0 0 0
-0.388062 0.152588
0.436523 5.420654 -2.501465
-0.001202 0.859281 -0.511503
0 0 0 0
-0.388062 0.159546
0.436523 5.39502 -2.535645
0.001261 0.747745 -0.663984
0 0 0 0
-0.394653 0.159546
0.468262 5.388184 -2.530762
0.478876 0.653684 -0.585982
0 0 0 0
-0.394653 0.152588
0.491211 5.369141 -2.518066
0.845215 0.393521 -0.361598
0 0 0 0
-0.394897 0.145508
0.491211 5.341309 -2.543945
0.845195 0.327586 -0.422294
0 0 0 0
-0.4021 0.145508
0.491211 5.308838 -2.564453
0.846869 0.252284 -0.468152
0 0 0 0
-0.409546 0.145508
0.468262 5.321533 -2.583252
0.479576 0.42499 -0.767718
0 0 0 0
-0.409302 0.152588
0.468262 5.357422 -2.560303
0.479077 0.542615 -0.689967
0 0 0 0
-0.401855 0.152588
0.436523 5.363281 -2.566162
0.001305 0.622541 -0.782586
0 0 0 0
-0.401855 0.159546
0.405029 5.388184 -2.530762
-0.478876 0.653684 -0.585982
0 0 0 0
-0.394653 0.166626
0.405029 5.357422 -2.560303
-0.479077 0.542615 -0.689967
0 0 0 0
-0.401855 0.166626
0.436523 5.325928 -2.590332
-0.001338 0.485765 -0.874089
0 0 0 0
-0.409302 0.159546
0.405029 5.321533 -2.583252
-0.479576 0.42499 -0.767718
0 0 0 0
-0.409302 0.166626
0.38208 5.308838 -2.564453
-0.846868 0.252284 -0.468152
0 0 0 0
-0.409546 0.173706
0.373535 5.291504 -2.538574
-0.999384 0.016871 -0.03076
0 0 0 0
-0.409912 0.181152
0.38208 5.274414 -2.512695
-0.878015 -0.209274 0.430458
0 0 0 0
-0.4104 0.189087
0.405029 5.261719 -2.493652
-0.512256 -0.363663 0.778038
0 0 0 0
-0.410889 0.19751
0.436523 5.25708 -2.486572
0.001351 -0.414737 0.90994
0 0 0 0
-0.411011 0.206177
0.436523 5.275146 -2.477051
-0.001327 -0.537494 0.843267
0 0 0 0
-0.404175 0.206177
0.405029 5.281006 -2.483154
-0.513731 -0.470173 0.717648
0 0 0 0
-0.403931 0.19751
0.38208 5.297119 -2.499512
-0.879638 -0.270924 0.390945
0 0 0 0
-0.403198 0.189087
0.373535 5.319336 -2.521973
-0.999229 0.024807 -0.030439
0 0 0 0
-0.402588 0.181152
0.38208 5.341309 -2.543945
-0.845195 0.327586 -0.422294
0 0 0 0
-0.4021 0.173706
0.38208 5.317383 -2.482666
-0.879007 -0.327785 0.346271
0 0 0 0
-0.396118 0.189087
0.405029 5.29834 -2.469727
-0.507833 -0.570529 0.645447
0 0 0 0
-0.396851 0.19751
0.436523 5.29126 -2.464844
0.001296 -0.651976 0.758239
0 0 0 0
-0.397095 0.206177
1588
2 1 0
1 3 0
0 3 4
3 5 4
4 5 6
5 7 6
7 8 6
8 9 6
8 7 10
13 12 11
14 13 11
15 13 14
16 15 14
15 16 17
18 15 17
16 19 17
17 19 20
20 21 17
24 23 22
25 24 22
25 22 26
22 27 26
30 29 28
30 28 31
31 32 30
32 33 30
32 34 33
34 35 33
34 36 35
36 37 35
36 38 37
38 39 37
38 40 39
40 41 39
41 40 42
41 42 43
40 44 42
28 45 31
28 46 45
49 48 47
50 49 47
50 47 51
52 50 51
52 51 53
54 52 53
53 55 54
53 56 55
55 57 54
55 58 57
59 58 55
62 61 60
61 63 60
61 64 63
64 65 63
65 64 66
65 66 67
64 68 66
66 68 69
70 66 69
73 72 71
72 74 71
71 74 75
74 76 75
79 78 77
78 80 77
77 80 81
80 82 81
81 82 83
82 84 83
83 84 85
84 86 85
85 86 87
86 88 87
88 89 87
89 90 87
89 88 91
94 93 92
93 95 92
95 96 92
92 96 97
97 98 92
101 100 99
102 101 99
105 104 103
108 107 106
109 108 106
112 111 110
113 112 110
113 110 114
115 113 114
115 114 116
117 115 116
117 116 118
119 117 118
119 118 120
121 119 120
121 120 122
123 121 122
123 122 124
125 123 124
125 124 126
127 125 126
127 126 128
129 127 128
129 128 130
131 129 130
131 130 132
133 131 132
133 132 134
135 133 134
135 134 136
137 135 136
137 136 138
139 137 138
139 138 140
141 139 140
141 140 142
143 141 142
143 142 144
145 143 144
145 144 146
147 145 146
150 149 148
151 150 148
152 150 151
153 152 151
154 152 153
155 154 153
156 154 155
157 156 155
158 156 157
159 158 157
160 158 159
161 160 159
162 160 161
163 162 161
164 162 163
165 164 163
168 167 166
167 169 166
166 169 170
169 171 170
170 171 172
171 173 172
172 173 174
173 175 174
174 175 176
175 177 176
176 177 178
177 179 178
178 179 180
179 181 180
182 180 181
183 182 181
186 185 184
187 184 185
188 184 187
188 189 184
192 191 190
191 193 190
193 191 194
195 193 194
198 197 196
199 198 196
202 201 200
203 202 200
206 205 204
207 206 204
210 209 208
209 211 208
209 212 211
212 213 211
213 212 214
212 215 214
213 214 216
219 218 217
222 221 220
220 221 223
220 223 224
223 221 225
221 226 225
225 226 227
226 228 227
227 228 229
228 230 229
229 230 231
230 232 231
231 232 233
232 234 233
234 235 233
235 236 233
235 234 237
240 239 238
241 240 238
244 243 242
242 245 244
248 247 246
249 248 246
250 248 249
251 250 249
254 253 252
255 254 252
256 254 255
257 256 255
260 259 258
261 260 258
264 263 262
263 265 262
262 265 266
265 267 266
267 268 266
268 267 269
268 270 266
270 268 271
268 272 271
275 274 273
278 277 276
281 280 279
282 279 280
283 279 282
283 284 279
287 286 285
286 288 285
286 289 288
289 290 288
289 291 290
291 292 290
292 291 293
291 294 293
292 293 295
298 297 296
299 298 296
302 301 300
303 302 300
306 305 304
307 306 304
310 309 308
311 310 308
314 313 312
315 314 312
318 317 316
319 318 316
322 321 320
321 323 320
324 323 321
323 324 325
324 326 325
327 324 321
327 321 328
329 327 328
324 327 330
327 331 330
334 333 332
335 334 332
338 337 336
337 339 336
342 341 340
343 342 340
344 342 343
345 344 343
345 343 346
347 345 346
348 345 347
349 348 347
349 347 350
351 349 350
349 351 352
353 349 352
348 349 353
354 348 353
355 348 354
356 355 354
357 355 356
358 357 356
359 357 358
360 359 358
361 359 360
362 361 360
359 361 363
361 364 363
363 364 365
364 366 365
363 365 367
368 363 367
368 367 342
344 368 342
357 368 344
355 357 344
355 344 345
348 355 345
359 363 368
357 359 368
371 370 369
371 369 372
371 372 373
371 373 374
371 374 375
371 375 376
371 376 377
371 377 378
371 378 379
371 379 380
371 380 381
371 381 370
384 383 382
383 385 382
383 386 385
386 387 385
386 388 387
388 389 387
388 390 389
390 391 389
390 392 391
392 393 391
392 394 393
394 395 393
395 396 393
396 397 393
393 397 391
397 398 391
391 398 389
398 399 389
389 399 387
399 400 387
387 400 385
400 401 385
385 401 382
401 402 382
401 403 402
403 404 402
404 403 405
403 406 405
405 406 407
406 408 407
407 408 409
408 410 409
408 411 410
411 412 410
411 413 412
413 414 412
413 415 414
415 416 414
415 417 416
417 418 416
417 419 418
419 420 418
419 421 420
421 422 420
421 423 422
423 424 422
423 425 424
425 426 424
425 427 426
427 428 426
427 429 428
429 430 428
429 431 430
431 432 430
431 429 433
434 431 433
434 433 435
436 434 435
437 436 435
438 437 435
439 437 438
440 439 438
440 438 441
441 438 442
438 435 442
435 433 442
433 443 442
433 429 443
429 427 443
443 427 444
427 425 444
444 425 445
425 423 445
445 423 446
423 421 446
446 421 447
421 419 447
447 419 417
448 447 417
448 417 415
449 448 415
449 415 413
450 449 413
450 413 411
451 450 411
451 411 408
406 451 408
452 451 406
403 452 406
452 403 401
400 452 401
453 452 400
399 453 400
454 453 399
398 454 399
455 454 398
397 455 398
456 455 397
396 456 397
396 457 456
457 458 456
458 446 456
446 447 456
456 447 448
455 456 448
455 448 449
454 455 449
454 449 450
453 454 450
453 450 451
452 453 451
445 446 458
459 445 458
444 445 459
460 444 459
443 444 460
442 443 460
441 442 460
461 441 460
461 460 459
462 461 459
462 459 458
457 462 458
463 462 457
464 463 457
464 457 396
395 464 396
464 395 394
465 464 394
463 464 465
466 463 465
467 463 466
468 467 466
469 467 468
470 469 468
440 469 470
471 440 470
439 440 471
472 439 471
469 440 441
469 441 461
467 469 461
467 461 462
463 467 462
475 474 473
474 476 473
474 477 476
477 478 476
477 479 478
479 480 478
479 481 480
481 482 480
481 483 482
483 484 482
483 485 484
485 486 484
487 486 485
488 487 485
489 487 488
490 489 488
491 489 490
492 491 490
493 491 492
494 493 492
495 493 494
496 495 494
497 495 496
498 497 496
501 500 499
500 502 499
499 502 503
502 504 503
504 505 503
505 506 503
505 507 506
507 508 506
508 507 509
507 510 509
509 510 511
510 512 511
511 512 513
512 514 513
512 515 514
515 516 514
515 517 516
517 518 516
517 519 518
519 520 518
519 521 520
521 522 520
521 523 522
523 524 522
523 525 524
525 526 524
525 527 526
527 528 526
527 529 528
529 530 528
529 531 530
531 532 530
531 533 532
533 534 532
533 535 534
535 536 534
535 533 537
538 535 537
538 537 539
540 538 539
336 339 541
339 542 541
541 542 543
542 544 543
543 544 545
544 546 545
545 546 547
546 548 547
547 548 549
548 550 549
549 550 551
550 552 551
551 552 553
552 554 553
553 554 555
554 556 555
555 556 557
556 558 557
561 560 559
560 562 559
560 563 562
563 564 562
565 564 563
566 565 563
567 565 566
568 567 566
569 567 568
570 569 568
571 569 570
572 571 570
573 571 572
574 573 572
575 573 574
576 575 574
577 575 576
578 577 576
579 577 578
580 579 578
581 579 580
582 581 580
583 581 582
584 583 582
584 585 583
585 586 583
585 587 586
587 588 586
588 587 589
587 590 589
589 590 591
590 592 591
592 593 591
593 594 591
593 595 594
595 596 594
595 597 596
597 598 596
597 599 598
599 600 598
599 601 600
601 602 600
601 603 602
603 604 602
605 604 603
606 605 603
607 605 606
608 607 606
611 610 609
612 611 609
609 613 612
613 614 612
613 615 614
615 616 614
615 617 616
617 618 616
617 619 618
619 620 618
619 621 620
621 622 620
621 623 622
623 624 622
623 625 624
625 626 624
625 627 626
627 628 626
627 629 628
629 630 628
633 632 631
636 635 634
639 638 637
642 641 640
645 644 643
644 646 643
643 646 647
648 643 647
649 648 647
650 649 647
650 651 649
651 652 649
655 654 653
654 656 653
659 658 657
660 659 657
663 662 661
662 664 661
667 666 665
668 667 665
671 670 669
672 671 669
675 674 673
676 675 673
679 678 677
680 679 677
683 682 681
684 683 681
687 686 685
688 687 685
691 690 689
692 691 689
695 694 693
696 695 693
699 698 697
700 699 697
703 702 701
704 703 701
704 701 705
701 706 705
709 708 707
710 709 707
713 712 711
714 713 711
717 716 715
718 717 715
721 720 719
722 721 719
725 724 723
726 725 723
729 728 727
730 729 727
733 732 731
734 733 731
737 736 735
738 737 735
741 740 739
742 741 739
745 744 743
746 745 743
749 748 747
748 750 747
753 752 751
754 753 751
757 756 755
758 757 755
761 760 759
762 761 759
765 764 763
764 766 763
769 768 767
770 769 767
773 772 771
774 773 771
777 776 775
778 777 775
781 780 779
782 781 779
785 784 783
786 785 783
789 788 787
790 789 787
793 792 791
794 793 791
797 796 795
798 797 795
801 800 799
802 801 799
805 804 803
806 805 803
809 808 807
810 809 807
813 812 811
814 813 811
817 816 815
816 818 815
821 820 819
822 821 819
825 824 823
826 825 823
829 828 827
830 829 827
833 832 831
834 833 831
835 833 834
836 835 834
839 838 837
840 839 837
843 842 841
842 844 841
847 846 845
848 847 845
851 850 849
852 851 849
855 854 853
856 855 853
859 858 857
860 859 857
863 862 861
864 863 861
867 866 865
868 867 865
871 870 869
872 871 869
875 874 873
874 876 873
879 878 877
880 879 877
883 882 881
884 883 881
887 886 885
888 887 885
891 890 889
890 892 889
895 894 893
896 895 893
899 898 897
900 899 897
903 902 901
904 903 901
907 906 905
908 907 905
911 910 909
912 911 909
915 914 913
916 915 913
919 918 917
918 920 917
923 922 921
924 923 921
927 926 925
928 927 925
931 930 929
932 931 929
935 934 933
936 935 933
939 938 937
938 940 937
943 942 941
944 943 941
947 946 945
948 947 945
949 947 948
948 950 949
950 951 949
954 953 952
955 954 952
958 957 956
959 958 956
962 961 960
963 540 539
964 963 539
965 963 964
966 965 964
966 964 967
967 964 968
964 539 968
539 537 968
537 969 968
537 533 969
533 531 969
969 531 970
531 529 970
970 529 971
529 527 971
971 527 972
527 525 972
972 525 973
525 523 973
973 523 521
974 973 521
974 521 519
975 974 519
975 519 517
976 975 517
976 517 515
977 976 515
977 515 512
510 977 512
978 977 510
507 978 510
978 507 505
979 978 505
979 505 504
980 979 504
981 980 504
502 981 504
982 981 502
500 982 502
982 983 981
983 984 981
981 984 980
984 985 980
985 986 980
986 979 980
986 987 979
987 978 979
978 987 977
987 976 977
987 988 976
988 975 976
988 989 975
989 974 975
989 990 974
990 973 974
972 973 990
991 972 990
971 972 991
992 971 991
970 971 992
993 970 992
969 970 993
968 969 993
967 968 993
994 967 993
994 993 992
995 994 992
995 992 991
996 995 991
996 991 990
997 996 990
997 990 998
990 989 998
998 989 999
989 988 999
999 988 986
988 987 986
999 986 985
1000 999 985
998 999 1000
1001 998 1000
997 998 1001
1002 997 1001
1003 1002 1001
1004 1003 1001
1004 1001 1000
1005 1004 1000
1005 1000 985
984 1005 985
1006 1005 984
983 1006 984
1006 1007 1005
1007 1004 1005
1007 1008 1004
1008 1003 1004
1009 1003 1008
1010 1009 1008
1011 1009 1010
1012 1011 1010
1013 1011 1012
1014 1013 1012
1015 1013 1014
1016 1015 1014
1017 1015 1016
1018 1017 1016
1019 1017 1018
1020 1019 1018
1019 965 1017
965 966 1017
1017 966 1015
966 1021 1015
1015 1021 1013
1021 1022 1013
1013 1022 1011
1022 1023 1011
1011 1023 1009
1023 1024 1009
1009 1024 1003
1024 1002 1003
1002 1024 997
1024 996 997
1024 1023 996
1023 995 996
1023 1022 995
1022 994 995
1022 1021 994
1021 967 994
1021 966 967
1027 1026 1025
1027 1025 1028
1027 1028 1029
1027 1029 1030
1027 1030 1031
1027 1031 1032
1027 1032 1033
1027 1033 1034
1027 1034 1035
1027 1035 1036
1027 1036 1037
1027 1037 1026
1040 1039 1038
1039 1041 1038
1039 1042 1041
1042 1043 1041
1042 1044 1043
1044 1045 1043
1044 1046 1045
1046 1047 1045
1046 1048 1047
1048 1049 1047
1048 1050 1049
1050 1051 1049
1051 1052 1049
1052 1053 1049
1049 1053 1047
1053 1054 1047
1047 1054 1045
1054 1055 1045
1045 1055 1043
1055 1056 1043
1043 1056 1041
1056 1057 1041
1041 1057 1038
1057 1058 1038
1057 1059 1058
1059 1060 1058
1060 1059 1061
1059 1062 1061
1061 1062 1063
1062 1064 1063
1063 1064 1065
1064 1066 1065
1064 1067 1066
1067 1068 1066
1067 1069 1068
1069 1070 1068
1069 1071 1070
1071 1072 1070
1071 1073 1072
1073 1074 1072
1073 1075 1074
1075 1076 1074
1075 1077 1076
1077 1078 1076
1077 1079 1078
1079 1080 1078
1079 1081 1080
1081 1082 1080
1081 1083 1082
1083 1084 1082
1083 1085 1084
1085 1086 1084
1085 1087 1086
1087 1088 1086
1087 1085 1089
1090 1087 1089
1090 1089 1091
1092 1090 1091
1093 1092 1091
1094 1093 1091
1095 1093 1094
1096 1095 1094
1096 1094 1097
1097 1094 1098
1094 1091 1098
1091 1089 1098
1089 1099 1098
1089 1085 1099
1085 1083 1099
1099 1083 1100
1083 1081 1100
1100 1081 1101
1081 1079 1101
1101 1079 1102
1079 1077 1102
1102 1077 1103
1077 1075 1103
1103 1075 1073
1104 1103 1073
1104 1073 1071
1105 1104 1071
1105 1071 1069
1106 1105 1069
1106 1069 1067
1107 1106 1067
1107 1067 1064
1062 1107 1064
1108 1107 1062
1059 1108 1062
1108 1059 1057
1056 1108 1057
1109 1108 1056
1055 1109 1056
1110 1109 1055
1054 1110 1055
1111 1110 1054
1053 1111 1054
1112 1111 1053
1052 1112 1053
1052 1113 1112
1113 1114 1112
1114 1102 1112
1102 1103 1112
1112 1103 1104
1111 1112 1104
1111 1104 1105
1110 1111 1105
1110 1105 1106
1109 1110 1106
1109 1106 1107
1108 1109 1107
1101 1102 1114
1115 1101 1114
1100 1101 1115
1116 1100 1115
1099 1100 1116
1117 962 960
1120 1119 1118
1121 1120 1118
1124 1123 1122
1125 1124 1122
1128 1127 1126
1129 1128 1126
1132 1131 1130
1133 1132 1130
1136 1135 1134
1135 1137 1134
1140 1139 1138
1141 1140 1138
1144 1143 1142
1145 1144 1142
1148 1147 1146
1149 1148 1146
1152 1151 1150
1153 1152 1150
1156 1155 1154
1157 1156 1154
1160 1159 1158
1161 1160 1158
1164 1163 1162
1165 1164 1162
1168 1167 1166
1169 1168 1166
1166 1170 1169
1171 1169 1170
1172 1171 1170
1175 1174 1173
1176 1175 1173
1179 1178 1177
1178 1180 1177
1183 1182 1181
1184 1183 1181
1187 1186 1185
1188 1187 1185
1191 1190 1189
1190 1192 1189
1195 1194 1193
1196 1195 1193
1199 1198 1197
1198 1200 1197
1203 1202 1201
1204 1203 1201
1207 1206 1205
1208 1207 1205
1211 1210 1209
1212 1211 1209
1215 1214 1213
1216 1215 1213
1219 1218 1217
1220 1219 1217
1223 1222 1221
1224 1223 1221
1227 1226 1225
1228 1227 1225
1228 1225 1229
1230 1228 1229
1230 1229 1231
1232 1230 1231
1232 1231 1233
1234 1232 1233
1234 1233 1235
1236 1234 1235
1236 1235 1237
1238 1236 1237
1238 1237 1239
1240 1238 1239
1240 1239 1241
1242 1240 1241
1242 1241 1243
1244 1242 1243
1244 1243 1245
1246 1244 1245
1246 1245 1247
1248 1246 1247
1248 1247 1249
1250 1248 1249
1251 1248 1250
1252 1251 1250
1251 1252 1253
1254 1251 1253
1254 1253 1255
1256 1254 1255
1256 1255 1257
1258 1256 1257
1258 1257 1259
1260 1258 1259
1260 1259 1261
1262 1260 1261
1262 1261 1263
1264 1262 1263
1264 1263 1265
1266 1264 1265
1267 1266 1265
1268 1267 1265
1267 1269 1266
1269 1270 1266
1269 1271 1270
1271 1272 1270
1271 1273 1272
1273 1274 1272
1273 1275 1274
1275 1276 1274
1275 1277 1276
1277 1278 1276
1278 1279 1276
1279 1280 1276
1276 1280 1274
1280 1281 1274
1274 1281 1272
1281 1282 1272
1272 1282 1270
1282 1283 1270
1270 1283 1266
1283 1264 1266
1283 1284 1264
1284 1262 1264
1284 1285 1262
1285 1260 1262
1285 1286 1260
1286 1258 1260
1286 1287 1258
1287 1256 1258
1287 1288 1256
1288 1254 1256
1288 1289 1254
1289 1251 1254
1251 1289 1248
1289 1246 1248
1289 1290 1246
1290 1244 1246
1290 1291 1244
1291 1242 1244
1291 1292 1242
1292 1240 1242
1292 1293 1240
1293 1238 1240
1236 1238 1293
1294 1236 1293
1234 1236 1294
1295 1234 1294
1232 1234 1295
1296 1232 1295
1230 1232 1296
1297 1230 1296
1228 1230 1297
1298 1228 1297
1227 1228 1298
1299 1227 1298
1300 1299 1298
1301 1300 1298
1301 1298 1297
1302 1301 1297
1302 1297 1296
1303 1302 1296
1303 1296 1295
1304 1303 1295
1304 1295 1294
1305 1304 1294
1305 1294 1293
1306 1305 1293
1306 1293 1307
1293 1292 1307
1307 1292 1308
1292 1291 1308
1308 1291 1309
1291 1290 1309
1309 1290 1288
1290 1289 1288
1309 1288 1287
1310 1309 1287
1310 1287 1286
1311 1310 1286
1311 1286 1285
1312 1311 1285
1312 1285 1284
1313 1312 1284
1313 1284 1283
1282 1313 1283
1314 1313 1282
1281 1314 1282
1315 1314 1281
1280 1315 1281
1316 1315 1280
1279 1316 1280
1279 1317 1316
1317 1318 1316
1316 1318 1319
1316 1319 1315
1319 1320 1315
1315 1320 1314
1320 1321 1314
1314 1321 1313
1321 1312 1313
1321 1322 1312
1322 1311 1312
1322 1323 1311
1323 1310 1311
1323 1308 1310
1308 1309 1310
1307 1308 1323
1324 1307 1323
1324 1323 1322
1325 1324 1322
1325 1322 1321
1320 1325 1321
1326 1325 1320
1319 1326 1320
1319 1327 1326
1318 1327 1319
1318 1328 1327
1328 1329 1327
1327 1329 1330
1327 1330 1326
1326 1330 1331
1326 1331 1325
1331 1324 1325
1331 1306 1324
1306 1307 1324
1331 1332 1306
1332 1305 1306
1332 1333 1305
1333 1304 1305
1333 1334 1304
1334 1303 1304
1334 1335 1303
1335 1302 1303
1335 1336 1302
1336 1301 1302
1336 1337 1301
1337 1300 1301
1338 1337 1336
1339 1338 1336
1339 1336 1335
1340 1339 1335
1340 1335 1334
1341 1340 1334
1341 1334 1333
1342 1341 1333
1342 1333 1332
1330 1342 1332
1330 1332 1331
1329 1342 1330
1329 1343 1342
1343 1341 1342
1343 1344 1341
1344 1340 1341
1344 1345 1340
1345 1339 1340
1345 1346 1339
1346 1338 1339
1347 1346 1345
1348 1347 1345
1098 1099 1116
1097 1098 1116
1349 1097 1116
1349 1116 1115
1350 1349 1115
1350 1115 1114
1113 1350 1114
1351 1350 1113
1352 1351 1113
1352 1113 1052
1051 1352 1052
1352 1051 1050
1353 1352 1050
1351 1352 1353
1354 1351 1353
1355 1351 1354
1356 1355 1354
1357 1355 1356
1358 1357 1356
1096 1357 1358
1359 1096 1358
1095 1096 1359
1360 1095 1359
1357 1096 1097
1357 1097 1349
1355 1357 1349
1355 1349 1350
1351 1355 1350
1363 1362 1361
1362 1364 1361
1362 1365 1364
1365 1366 1364
1365 1367 1366
1367 1368 1366
1367 1369 1368
1369 1370 1368
1369 1371 1370
1371 1372 1370
1371 1373 1372
1373 1374 1372
1375 1374 1373
1376 1375 1373
1377 1375 1376
1378 1377 1376
1379 1377 1378
1380 1379 1378
1381 1379 1380
1382 1381 1380
1383 1381 1382
1384 1383 1382
1385 1383 1384
1386 1385 1384
1348 1345 1344
1387 1348 1344
1387 1344 1343
1388 1387 1343
1388 1343 1329
1328 1388 1329
1389 1388 1328
1390 1389 1328
1390 1328 1318
1317 1390 1318
1391 1390 1317
1392 1391 1317
1392 1317 1279
1278 1392 1279
1392 1278 1277
1393 1392 1277
1391 1392 1393
1394 1391 1393
1395 1391 1394
1396 1395 1394
1397 1395 1396
1398 1397 1396
1399 1397 1398
1400 1399 1398
1401 1399 1400
1402 1401 1400
1399 1401 1403
1401 1404 1403
1403 1404 1348
1404 1347 1348
1403 1348 1387
1405 1403 1387
1405 1387 1388
1389 1405 1388
1397 1405 1389
1395 1397 1389
1395 1389 1390
1391 1395 1390
1399 1403 1405
1397 1399 1405
1408 1407 1406
1408 1406 1409
1408 1409 1410
1408 1410 1411
1408 1411 1412
1408 1412 1413
1408 1413 1414
1408 1414 1415
1408 1415 1416
1408 1416 1417
1408 1417 1418
1408 1418 1407
1421 1420 1419
1422 1421 1419
1422 1419 1423
1424 1422 1423
1424 1423 1425
1426 1424 1425
1426 1425 1427
1428 1426 1427
1428 1427 1429
1430 1428 1429
1430 1429 1431
1432 1430 1431
1432 1431 1433
1434 1432 1433
1434 1433 1435
1436 1434 1435
1436 1435 1437
1438 1436 1437
1438 1437 1439
1440 1438 1439
1440 1439 1441
1442 1440 1441
1442 1441 1443
1444 1442 1443
1445 1442 1444
1446 1445 1444
1445 1446 1447
1448 1445 1447
1448 1447 1449
1450 1448 1449
1450 1449 1451
1452 1450 1451
1452 1451 1453
1454 1452 1453
1454 1453 1455
1456 1454 1455
1456 1455 1457
1458 1456 1457
1458 1457 1459
1460 1458 1459
1461 1460 1459
1462 1461 1459
1461 1463 1460
1463 1464 1460
1463 1465 1464
1465 1466 1464
1465 1467 1466
1467 1468 1466
1467 1469 1468
1469 1470 1468
1469 352 1470
352 351 1470
351 350 1470
350 1471 1470
1470 1471 1468
1471 1472 1468
1468 1472 1466
1472 1473 1466
1466 1473 1464
1473 1474 1464
1464 1474 1460
1474 1458 1460
1474 1475 1458
1475 1456 1458
1475 1476 1456
1476 1454 1456
1476 1477 1454
1477 1452 1454
1477 1478 1452
1478 1450 1452
1478 1479 1450
1479 1448 1450
1479 1480 1448
1480 1445 1448
1445 1480 1442
1480 1440 1442
1480 1481 1440
1481 1438 1440
1481 1482 1438
1482 1436 1438
1482 1483 1436
1483 1434 1436
1483 1484 1434
1484 1432 1434
1430 1432 1484
1485 1430 1484
1428 1430 1485
1486 1428 1485
1426 1428 1486
1487 1426 1486
1424 1426 1487
1488 1424 1487
1422 1424 1488
1489 1422 1488
1421 1422 1489
1490 1421 1489
1491 1490 1489
1492 1491 1489
1492 1489 1488
1493 1492 1488
1493 1488 1487
1494 1493 1487
1494 1487 1486
1495 1494 1486
1495 1486 1485
1496 1495 1485
1496 1485 1484
1497 1496 1484
1497 1484 1498
1484 1483 1498
1498 1483 1499
1483 1482 1499
1499 1482 1500
1482 1481 1500
1500 1481 1479
1481 1480 1479
1500 1479 1478
1501 1500 1478
1501 1478 1477
1502 1501 1477
1502 1477 1476
1503 1502 1476
1503 1476 1475
1504 1503 1475
1504 1475 1474
1473 1504 1474
1505 1504 1473
1472 1505 1473
1506 1505 1472
1471 1506 1472
1507 1506 1471
350 1507 1471
350 347 1507
347 346 1507
1507 346 1508
1507 1508 1506
1508 1509 1506
1506 1509 1505
1509 1510 1505
1505 1510 1504
1510 1503 1504
1510 1511 1503
1511 1502 1503
1511 1512 1502
1512 1501 1502
1512 1499 1501
1499 1500 1501
1498 1499 1512
1513 1498 1512
1513 1512 1511
1514 1513 1511
1514 1511 1510
1509 1514 1510
1515 1514 1509
1508 1515 1509
1508 1516 1515
346 1516 1508
346 343 1516
343 340 1516
1516 340 1517
1516 1517 1515
1515 1517 1518
1515 1518 1514
1518 1513 1514
1518 1497 1513
1497 1498 1513
1518 1519 1497
1519 1496 1497
1519 1520 1496
1520 1495 1496
1520 1521 1495
1521 1494 1495
1521 1522 1494
1522 1493 1494
1522 1523 1493
1523 1492 1493
1523 1524 1492
1524 1491 1492
1525 1524 1523
1526 1525 1523
1526 1523 1522
1527 1526 1522
1527 1522 1521
1528 1527 1521
1528 1521 1520
1529 1528 1520
1529 1520 1519
1517 1529 1519
1517 1519 1518
340 1529 1517
340 341 1529
341 1528 1529
341 1530 1528
1530 1527 1528
1530 1531 1527
1531 1526 1527
1531 1532 1526
1532 1525 1526
366 1532 1531
365 366 1531
365 1531 1530
367 365 1530
367 1530 341
342 367 341
sm05_environment\outsourcing\dhruva\manmade\os_hvackit\materials\os_hvackit_02_bake_01.material
1
0
306
1.88623 1.607666 4.384766
0.001382 0.001382 0.999998
0 0 0 0
-0.49939 -0.015015
2.268555 1.607666 4.384766
0.001382 0.001382 0.999998
0 0 0 0
-0.298096 -0.015015
2.268555 2.524658 4.384766
0.001382 0.001382 0.999998
0 0 0 0
-0.298096 -0.494141
1.88623 2.524658 4.384766
0.001382 0.001382 0.999998
0 0 0 0
-0.49939 -0.494141
1.88623 2.524658 4.384766
0.001382 0.001382 0.999998
0 0 0 0
-0.49939 -0.494141
2.268555 2.524658 4.384766
0.001382 0.001382 0.999998
0 0 0 0
-0.298096 -0.494141
2.268555 3.44165 4.384766
0.001382 0.001382 0.999998
0 0 0 0
-0.298096 -0.015015
1.88623 3.44165 4.384766
0.001382 0.001382 0.999998
0 0 0 0
-0.49939 -0.015015
1.88623 3.44165 4.384766
0.001382 0.001382 0.999998
0 0 0 0
-0.49939 -0.015015
2.268555 3.44165 4.384766
0.001382 0.001382 0.999998
0 0 0 0
-0.298096 -0.015015
2.268555 4.358643 4.384766
0.001382 0.001382 0.999998
0 0 0 0
-0.298096 -0.494141
1.88623 4.358643 4.384766
0.001382 0.001382 0.999998
0 0 0 0
-0.49939 -0.494141
2.501221 0.690674 -2.86084
1 0.000978 -0.000001
0 0 0 0
1.703735 0.009399
2.501221 0.690674 -4.293701
1 0.000978 -0.000001
0 0 0 0
2.453247 0.009399
2.501221 1.609131 -4.293701
1 0.000978 -0.000001
0 0 0 0
2.453247 0.48999
2.501221 1.609131 -2.86084
1 0.000978 -0.000001
0 0 0 0
1.703735 0.48999
2.501221 0.690674 -1.427979
1 0.000978 -0.000001
0 0 0 0
0.954102 0.009399
2.501221 1.609131 -1.427979
1 0.000978 -0.000001
0 0 0 0
0.954102 0.48999
2.501221 0.690674 0.004639
1 0.000978 -0.000001
0 0 0 0
0.20459 0.009399
2.501221 1.609131 0.004639
1 0.000978 -0.000001
0 0 0 0
0.20459 0.48999
2.501221 0.690674 1.4375
1 0.000978 -0.000001
0 0 0 0
-0.544922 0.009399
2.501221 1.609131 1.4375
1 0.000978 -0.000001
0 0 0 0
-0.544922 0.48999
2.501221 0.690674 2.870117
1 0.000978 -0.000001
0 0 0 0
-1.294556 0.009399
2.501221 1.609131 2.870117
1 0.000978 -0.000001
0 0 0 0
-1.294556 0.48999
2.501221 0.690674 4.302979
1 0.000978 -0.000001
0 0 0 0
-2.044067 0.009399
2.501221 1.609131 4.302979
1 0.000978 -0.000001
0 0 0 0
-2.044067 0.48999
-2.501221 0.690674 2.870117
-1 0.000978 -0.000001
0 0 0 0
1.703735 0.009399
-2.501221 0.690674 4.302979
-1 0.000978 -0.000001
0 0 0 0
2.453247 0.009399
-2.501221 1.609131 4.302979
-1 0.000978 -0.000001
0 0 0 0
2.453247 0.48999
-2.501221 1.609131 2.870117
-1 0.000978 -0.000001
0 0 0 0
1.703735 0.48999
-2.501221 0.690674 1.4375
-1 0.000978 -0.000001
0 0 0 0
0.954102 0.009399
-2.501221 1.609131 1.4375
-1 0.000978 -0.000001
0 0 0 0
0.954102 0.48999
-2.501221 0.690674 0.004639
-1 0.000978 -0.000001
0 0 0 0
0.20459 0.009399
-2.501221 1.609131 0.004639
-1 0.000978 -0.000001
0 0 0 0
0.20459 0.48999
-2.501221 0.690674 -1.427979
-1 0.000978 -0.000001
0 0 0 0
-0.544922 0.009399
-2.501221 1.609131 -1.427979
-1 0.000978 -0.000001
0 0 0 0
-0.544922 0.48999
-2.501221 0.690674 -2.86084
-1 0.000978 -0.000001
0 0 0 0
-1.294556 0.009399
-2.501221 1.609131 -2.86084
-1 0.000978 -0.000001
0 0 0 0
-1.294556 0.48999
-2.501221 0.690674 -4.293701
-1 0.000978 -0.000001
0 0 0 0
-2.044067 0.009399
-2.501221 1.609131 -4.293701
-1 0.000978 -0.000001
0 0 0 0
-2.044067 0.48999
-2.501221 2.527832 -4.293701
-1 0.000978 -0.000001
0 0 0 0
-2.044067 0.009399
-2.501221 3.446533 -2.86084
-1 0.000978 -0.000001
0 0 0 0
-1.294556 0.48999
-2.501221 3.446533 -4.293701
-1 0.000978 -0.000001
0 0 0 0
-2.044067 0.48999
-2.501221 2.527832 -2.86084
-1 0.000978 -0.000001
0 0 0 0
-1.294556 0.009399
-2.501221 3.446533 -1.427979
-1 0.000978 -0.000001
0 0 0 0
-0.544922 0.48999
-2.501221 2.527832 -1.427979
-1 0.000978 -0.000001
0 0 0 0
-0.544922 0.009399
-2.501221 2.527832 0.004639
-1 0.000978 -0.000001
0 0 0 0
0.20459 0.009399
-2.501221 3.446533 0.004639
-1 0.000978 -0.000001
0 0 0 0
0.20459 0.48999
-2.501221 2.527832 1.4375
-1 0.000978 -0.000001
0 0 0 0
0.954102 0.009399
-2.501221 3.446533 1.4375
-1 0.000978 -0.000001
0 0 0 0
0.954102 0.48999
-2.501221 2.527832 2.870117
-1 0.000978 -0.000001
0 0 0 0
1.703735 0.009399
-2.501221 3.446533 2.870117
-1 0.000978 -0.000001
0 0 0 0
1.703735 0.48999
-2.501221 3.446533 4.302979
-1 0.000978 -0.000001
0 0 0 0
2.453247 0.48999
-2.501221 2.527832 4.302979
-1 0.000978 -0.000001
0 0 0 0
2.453247 0.009399
-2.501221 1.609131 -4.293701
-1 0.000978 -0.000001
0 0 0 0
-2.044067 0.48999
-2.501221 2.527832 -2.86084
-1 0.000978 -0.000001
0 0 0 0
-1.294556 0.009399
-2.501221 2.527832 -4.293701
-1 0.000978 -0.000001
0 0 0 0
-2.044067 0.009399
-2.501221 1.609131 -2.86084
-1 0.000978 -0.000001
0 0 0 0
-1.294556 0.48999
-2.501221 2.527832 -1.427979
-1 0.000978 -0.000001
0 0 0 0
-0.544922 0.009399
-2.501221 1.609131 -1.427979
-1 0.000978 -0.000001
0 0 0 0
-0.544922 0.48999
-2.501221 2.527832 0.004639
-1 0.000978 -0.000001
0 0 0 0
0.20459 0.009399
-2.501221 1.609131 0.004639
-1 0.000978 -0.000001
0 0 0 0
0.20459 0.48999
-2.501221 2.527832 1.4375
-1 0.000978 -0.000001
0 0 0 0
0.954102 0.009399
-2.501221 1.609131 1.4375
-1 0.000978 -0.000001
0 0 0 0
0.954102 0.48999
-2.501221 2.527832 2.870117
-1 0.000978 -0.000001
0 0 0 0
1.703735 0.009399
-2.501221 1.609131 2.870117
-1 0.000978 -0.000001
0 0 0 0
1.703735 0.48999
-2.501221 2.527832 4.302979
-1 0.000978 -0.000001
0 0 0 0
2.453247 0.009399
-2.501221 1.609131 4.302979
-1 0.000978 -0.000001
0 0 0 0
2.453247 0.48999
-0.942871 0.690674 4.384766
0.001382 0.001382 0.999998
0 0 0 0
-0.001099 -0.494141
0 0.690674 4.384766
0.001382 0.001382 0.999998
0 0 0 0
-0.49939 -0.494141
0 1.607666 4.384766
0.001382 0.001382 0.999998
0 0 0 0
-0.49939 -0.015015
-0.942871 1.607666 4.384766
0.001382 0.001382 0.999998
0 0 0 0
-0.001099 -0.015015
0 0.690674 4.384766
0.001382 0.001382 0.999998
0 0 0 0
-0.49939 -0.494141
0.942871 0.690674 4.384766
0.001382 0.001382 0.999998
0 0 0 0
-0.001099 -0.494141
0.942871 1.607666 4.384766
0.001382 0.001382 0.999998
0 0 0 0
-0.001099 -0.015015
0 1.607666 4.384766
0.001382 0.001382 0.999998
0 0 0 0
-0.49939 -0.015015
-0.942871 1.607666 4.384766
0.001382 0.001382 0.999998
0 0 0 0
-0.001099 -0.015015
0 1.607666 4.384766
0.001382 0.001382 0.999998
0 0 0 0
-0.49939 -0.015015
0 2.524658 4.384766
0.001382 0.001382 0.999998
0 0 0 0
-0.49939 -0.494141
-0.942871 2.524658 4.384766
0.001382 0.001382 0.999998
0 0 0 0
-0.001099 -0.494141
0 1.607666 4.384766
0.001382 0.001382 0.999998
0 0 0 0
-0.49939 -0.015015
0.942871 1.607666 4.384766
0.001382 0.001382 0.999998
0 0 0 0
-0.001099 -0.015015
0.942871 2.524658 4.384766
0.001382 0.001382 0.999998
0 0 0 0
-0.001099 -0.494141
0 2.524658 4.384766
0.001382 0.001382 0.999998
0 0 0 0
-0.49939 -0.494141
-0.942871 2.524658 4.384766
0.001382 0.001382 0.999998
0 0 0 0
-0.001099 -0.494141
0 2.524658 4.384766
0.001382 0.001382 0.999998
0 0 0 0
-0.49939 -0.494141
0 3.44165 4.384766
0.001382 0.001382 0.999998
0 0 0 0
-0.49939 -0.015015
-0.942871 3.44165 4.384766
0.001382 0.001382 0.999998
0 0 0 0
-0.001099 -0.015015
0 2.524658 4.384766
0.001382 0.001382 0.999998
0 0 0 0
-0.49939 -0.494141
0.942871 2.524658 4.384766
0.001382 0.001382 0.999998
0 0 0 0
-0.001099 -0.494141
0.942871 3.44165 4.384766
0.001382 0.001382 0.999998
0 0 0 0
-0.001099 -0.015015
0 3.44165 4.384766
0.001382 0.001382 0.999998
0 0 0 0
-0.49939 -0.015015
-0.942871 3.44165 4.384766
0.001382 0.001382 0.999998
0 0 0 0
-0.001099 -0.015015
0 3.44165 4.384766
0.001382 0.001382 0.999998
0 0 0 0
-0.49939 -0.015015
0 4.358643 4.384766
0.001382 0.001382 0.999998
0 0 0 0
-0.499268 -0.494141
-0.942871 4.358643 4.384766
0.001382 0.001382 0.999998
0 0 0 0
-0.001099 -0.494141
0 3.44165 4.384766
0.001382 0.001382 0.999998
0 0 0 0
0.500732 -0.015015
0.942871 3.44165 4.384766
0.001382 0.001382 0.999998
0 0 0 0
0.998901 -0.015015
0.942871 4.358643 4.384766
0.001382 0.001382 0.999998
0 0 0 0
0.998901 -0.494141
0 4.358643 4.384766
0.001382 0.001382 0.999998
0 0 0 0
0.50061 -0.494141
0.942871 0.690674 4.384766
0.001382 0.001382 0.999998
0 0 0 0
-0.001099 -0.494141
1.88623 0.690674 4.384766
0.001382 0.001382 0.999998
0 0 0 0
-0.49939 -0.494141
1.88623 1.607666 4.384766
0.001382 0.001382 0.999998
0 0 0 0
-0.49939 -0.015015
0.942871 1.607666 4.384766
0.001382 0.001382 0.999998
0 0 0 0
-0.001099 -0.015015
-2.268311 4.358643 4.384766
-0.001382 0.001382 0.999998
0 0 0 0
-0.298096 -0.494141
-2.268311 3.44165 4.384766
-0.001382 0.001382 0.999998
0 0 0 0
-0.297974 -0.015015
-1.88623 3.44165 4.384766
-0.001382 0.001382 0.999998
0 0 0 0
-0.499268 -0.015015
-1.88623 4.358643 4.384766
-0.001382 0.001382 0.999998
0 0 0 0
-0.49939 -0.494141
-2.268311 2.524658 4.384766
0.001382 0.001382 0.999998
0 0 0 0
-0.298096 -0.494141
-1.88623 3.44165 4.384766
-0.001382 0.001382 0.999998
0 0 0 0
-0.499268 -0.015015
-2.268311 3.44165 4.384766
-0.001382 0.001382 0.999998
0 0 0 0
-0.297974 -0.015015
-1.88623 2.524658 4.384766
0.001382 0.001382 0.999998
0 0 0 0
-0.49939 -0.494141
-1.88623 0.690674 4.384766
0.001382 0.001382 0.999998
0 0 0 0
-0.499268 -0.494141
-0.942871 0.690674 4.384766
0.001382 0.001382 0.999998
0 0 0 0
-0.001099 -0.494141
-0.942871 1.607666 4.384766
0.001382 0.001382 0.999998
0 0 0 0
-0.001099 -0.015015
-1.88623 1.607666 4.384766
0.001382 0.001382 0.999998
0 0 0 0
-0.499268 -0.015015
-2.268311 0.690674 4.384766
0.001382 0.001382 0.999998
0 0 0 0
-0.298096 -0.494141
-1.88623 0.690674 4.384766
0.001382 0.001382 0.999998
0 0 0 0
-0.499268 -0.494141
-1.88623 1.607666 4.384766
0.001382 0.001382 0.999998
0 0 0 0
-0.499268 -0.015015
-2.268311 1.607666 4.384766
0.001382 0.001382 0.999998
0 0 0 0
-0.298096 -0.015015
-2.268311 1.607666 4.384766
0.001382 0.001382 0.999998
0 0 0 0
-0.298096 -0.015015
-1.88623 1.607666 4.384766
0.001382 0.001382 0.999998
0 0 0 0
-0.499268 -0.015015
-1.88623 2.524658 4.384766
0.001382 0.001382 0.999998
0 0 0 0
-0.49939 -0.494141
-2.268311 2.524658 4.384766
0.001382 0.001382 0.999998
0 0 0 0
-0.298096 -0.494141
2.501221 3.446533 4.302979
1 0.000978 -0.000001
0 0 0 0
-0.044067 0.48999
2.501221 4.36499 2.870117
1 0.000978 -0.000001
0 0 0 0
0.705444 0.009399
2.501221 4.36499 4.302979
1 0.000978 -0.000001
0 0 0 0
-0.044067 0.009399
2.501221 3.446533 2.870117
1 0.000978 -0.000001
0 0 0 0
0.705444 0.48999
2.501221 1.609131 4.302979
1 0.000978 -0.000001
0 0 0 0
-2.044067 0.48999
2.501221 2.527832 2.870117
1 0.000978 -0.000001
0 0 0 0
-1.294556 0.009399
2.501221 2.527832 4.302979
1 0.000978 -0.000001
0 0 0 0
-2.044067 0.009399
2.501221 1.609131 2.870117
1 0.000978 -0.000001
0 0 0 0
-1.294556 0.48999
2.501221 2.527832 1.4375
1 0.000978 -0.000001
0 0 0 0
-0.544922 0.009399
2.501221 1.609131 1.4375
1 0.000978 -0.000001
0 0 0 0
-0.544922 0.48999
2.501221 2.527832 0.004639
1 0.000978 -0.000001
0 0 0 0
0.20459 0.009399
2.501221 1.609131 0.004639
1 0.000978 -0.000001
0 0 0 0
0.20459 0.48999
2.501221 2.527832 -1.427979
1 0.000978 -0.000001
0 0 0 0
0.954102 0.009399
2.501221 1.609131 -1.427979
1 0.000978 -0.000001
0 0 0 0
0.954102 0.48999
2.501221 2.527832 -2.86084
1 0.000978 -0.000001
0 0 0 0
1.703735 0.009399
2.501221 1.609131 -2.86084
1 0.000978 -0.000001
0 0 0 0
1.703735 0.48999
2.501221 2.527832 -4.293701
1 0.000978 -0.000001
0 0 0 0
2.453247 0.009399
2.501221 1.609131 -4.293701
1 0.000978 -0.000001
0 0 0 0
2.453247 0.48999
2.501221 3.446533 2.870117
1 0.000978 -0.000001
0 0 0 0
-2.294556 0.48999
2.501221 4.36499 1.4375
1 0.000978 -0.000001
0 0 0 0
-1.544922 0.009399
2.501221 4.36499 2.870117
1 0.000978 -0.000001
0 0 0 0
-2.294556 0.009399
2.501221 3.446533 1.4375
1 0.000978 -0.000001
0 0 0 0
-1.544922 0.48999
2.501221 4.36499 0.004639
1 0.000978 -0.000001
0 0 0 0
-0.79541 0.009399
2.501221 3.446533 0.004639
1 0.000978 -0.000001
0 0 0 0
-0.79541 0.48999
2.501221 4.36499 -1.427979
1 0.000978 -0.000001
0 0 0 0
-0.045898 0.009399
2.501221 3.446533 -1.427979
1 0.000978 -0.000001
0 0 0 0
-0.045898 0.48999
2.501221 4.36499 -2.86084
1 0.000978 -0.000001
0 0 0 0
0.703735 0.009399
2.501221 3.446533 -2.86084
1 0.000978 -0.000001
0 0 0 0
0.703735 0.48999
2.501221 4.36499 -4.293701
1 0.000978 -0.000001
0 0 0 0
1.453247 0.009399
2.501221 3.446533 -4.293701
1 0.000978 -0.000001
0 0 0 0
1.453247 0.48999
-1.88623 0.690674 -4.375244
0.001382 0.001382 -0.999998
0 0 0 0
-0.49939 -0.494141
-2.268311 0.690674 -4.375244
0.001382 0.001382 -0.999998
0 0 0 0
-0.298096 -0.494141
-2.268311 1.607666 -4.375244
0.001382 0.001382 -0.999998
0 0 0 0
-0.298096 -0.015015
-1.88623 1.607666 -4.375244
0.001382 0.001382 -0.999998
0 0 0 0
-0.49939 -0.015015
-0.942871 0.690674 -4.375244
0.001382 0.001382 -0.999998
0 0 0 0
-0.001099 -0.494141
-1.88623 0.690674 -4.375244
0.001382 0.001382 -0.999998
0 0 0 0
-0.49939 -0.494141
-1.88623 1.607666 -4.375244
0.001382 0.001382 -0.999998
0 0 0 0
-0.49939 -0.015015
-0.942871 1.607666 -4.375244
0.001382 0.001382 -0.999998
0 0 0 0
-0.001099 -0.015015
-1.88623 1.607666 -4.375244
0.001382 0.001382 -0.999998
0 0 0 0
-0.49939 -0.015015
-2.268311 1.607666 -4.375244
0.001382 0.001382 -0.999998
0 0 0 0
-0.298096 -0.015015
-2.268311 2.524658 -4.375244
0.001382 0.001382 -0.999998
0 0 0 0
-0.298096 -0.494141
-1.88623 2.524658 -4.375244
0.001382 0.001382 -0.999998
0 0 0 0
-0.49939 -0.494141
-0.942871 1.607666 -4.375244
0.001382 0.001382 -0.999998
0 0 0 0
-0.001099 -0.015015
-1.88623 1.607666 -4.375244
0.001382 0.001382 -0.999998
0 0 0 0
-0.49939 -0.015015
-1.88623 2.524658 -4.375244
0.001382 0.001382 -0.999998
0 0 0 0
-0.49939 -0.494141
-0.942871 2.524658 -4.375244
0.001382 0.001382 -0.999998
0 0 0 0
-0.001099 -0.494141
-1.88623 2.524658 -4.375244
0.001382 0.001382 -0.999998
0 0 0 0
-0.49939 -0.494141
-2.268311 2.524658 -4.375244
0.001382 0.001382 -0.999998
0 0 0 0
-0.298096 -0.494141
-2.268311 3.44165 -4.375244
-0.001382 0.001382 -0.999998
0 0 0 0
-0.298096 -0.015015
-1.88623 3.44165 -4.375244
-0.001382 0.001382 -0.999998
0 0 0 0
-0.49939 -0.015015
-0.942871 2.524658 -4.375244
0.001382 0.001382 -0.999998
0 0 0 0
-0.001099 -0.494141
-1.88623 2.524658 -4.375244
0.001382 0.001382 -0.999998
0 0 0 0
-0.49939 -0.494141
-1.88623 3.44165 -4.375244
-0.001382 0.001382 -0.999998
0 0 0 0
-0.49939 -0.015015
-0.942871 3.44165 -4.375244
0.001382 0.001382 -0.999998
0 0 0 0
-0.001099 -0.015015
-1.88623 1.607666 4.384766
0.001382 0.001382 0.999998
0 0 0 0
-0.499268 -0.015015
-0.942871 1.607666 4.384766
0.001382 0.001382 0.999998
0 0 0 0
-0.001099 -0.015015
-0.942871 2.524658 4.384766
0.001382 0.001382 0.999998
0 0 0 0
-0.001099 -0.494141
-1.88623 2.524658 4.384766
0.001382 0.001382 0.999998
0 0 0 0
-0.49939 -0.494141
-1.88623 3.44165 4.384766
-0.001382 0.001382 0.999998
0 0 0 0
-0.49939 0.984985
-0.942871 3.44165 4.384766
0.001382 0.001382 0.999998
0 0 0 0
-0.001099 0.984985
-0.942871 4.358643 4.384766
0.001382 0.001382 0.999998
0 0 0 0
-0.001099 0.505859
-1.88623 4.358643 4.384766
-0.001382 0.001382 0.999998
0 0 0 0
-0.499268 0.505859
-1.88623 2.524658 4.384766
0.001382 0.001382 0.999998
0 0 0 0
-0.49939 -0.494141
-0.942871 2.524658 4.384766
0.001382 0.001382 0.999998
0 0 0 0
-0.001099 -0.494141
-0.942871 3.44165 4.384766
0.001382 0.001382 0.999998
0 0 0 0
-0.001099 -0.015015
-1.88623 3.44165 4.384766
-0.001382 0.001382 0.999998
0 0 0 0
-0.499268 -0.015015
0 0.690674 -4.375244
0.001382 0.001382 -0.999998
0 0 0 0
-0.49939 -0.494141
-0.942871 0.690674 -4.375244
0.001382 0.001382 -0.999998
0 0 0 0
-0.001099 -0.494141
-0.942871 1.607666 -4.375244
0.001382 0.001382 -0.999998
0 0 0 0
-0.001099 -0.015015
0 1.607666 -4.375244
0.001382 0.001382 -0.999998
0 0 0 0
-0.49939 -0.015015
-0.942871 3.44165 -4.375244
0.001382 0.001382 -0.999998
0 0 0 0
-0.001099 -0.015015
-1.88623 4.358643 -4.375244
-0.001382 0.001382 -0.999998
0 0 0 0
-0.49939 -0.494141
-0.942871 4.358643 -4.375244
0.001382 0.001382 -0.999998
0 0 0 0
-0.001099 -0.494141
-1.88623 3.44165 -4.375244
-0.001382 0.001382 -0.999998
0 0 0 0
-0.49939 -0.015015
0 3.44165 -4.375244
0.001382 0.001382 -0.999998
0 0 0 0
-0.49939 -0.015015
-0.942871 3.44165 -4.375244
0.001382 0.001382 -0.999998
0 0 0 0
-0.001099 -0.015015
-0.942871 4.358643 -4.375244
0.001382 0.001382 -0.999998
0 0 0 0
-0.001099 -0.494141
0 4.358643 -4.375244
0.001382 0.001382 -0.999998
0 0 0 0
-0.49939 -0.494141
0.942871 3.44165 -4.375244
0.001382 0.001382 -0.999998
0 0 0 0
-0.001099 -0.015015
0 3.44165 -4.375244
0.001382 0.001382 -0.999998
0 0 0 0
-0.49939 -0.015015
0 4.358643 -4.375244
0.001382 0.001382 -0.999998
0 0 0 0
-0.49939 -0.494141
0.942871 4.358643 -4.375244
0.001382 0.001382 -0.999998
0 0 0 0
-0.001099 -0.494141
0 1.607666 -4.375244
0.001382 0.001382 -0.999998
0 0 0 0
-0.49939 -0.015015
-0.942871 1.607666 -4.375244
0.001382 0.001382 -0.999998
0 0 0 0
-0.001099 -0.015015
-0.942871 2.524658 -4.375244
0.001382 0.001382 -0.999998
0 0 0 0
-0.001099 -0.494141
0 2.524658 -4.375244
0.001382 0.001382 -0.999998
0 0 0 0
-0.49939 -0.494141
0 2.524658 -4.375244
0.001382 0.001382 -0.999998
0 0 0 0
-0.49939 -0.494141
-0.942871 2.524658 -4.375244
0.001382 0.001382 -0.999998
0 0 0 0
-0.001099 -0.494141
-0.942871 3.44165 -4.375244
0.001382 0.001382 -0.999998
0 0 0 0
-0.001099 -0.015015
0 3.44165 -4.375244
0.001382 0.001382 -0.999998
0 0 0 0
-0.49939 -0.015015
0.942871 1.607666 -4.375244
0.001382 0.001382 -0.999998
0 0 0 0
-0.001099 -0.015015
0 1.607666 -4.375244
0.001382 0.001382 -0.999998
0 0 0 0
-0.49939 -0.015015
0 2.524658 -4.375244
0.001382 0.001382 -0.999998
0 0 0 0
-0.49939 -0.494141
0.942871 2.524658 -4.375244
0.001382 0.001382 -0.999998
0 0 0 0
-0.001099 -0.494141
0.942871 2.524658 -4.375244
0.001382 0.001382 -0.999998
0 0 0 0
-0.001099 -0.494141
0 2.524658 -4.375244
0.001382 0.001382 -0.999998
0 0 0 0
-0.49939 -0.494141
0 3.44165 -4.375244
0.001382 0.001382 -0.999998
0 0 0 0
-0.49939 -0.015015
0.942871 3.44165 -4.375244
0.001382 0.001382 -0.999998
0 0 0 0
-0.001099 -0.015015
1.88623 3.44165 -4.375244
0.001382 0.001382 -0.999998
0 0 0 0
-0.499268 -0.015015
0.942871 3.44165 -4.375244
0.001382 0.001382 -0.999998
0 0 0 0
-0.001099 -0.015015
0.942871 4.358643 -4.375244
0.001382 0.001382 -0.999998
0 0 0 0
-0.001099 -0.494141
1.88623 4.358643 -4.375244
0.001382 0.001382 -0.999998
0 0 0 0
-0.499268 -0.494141
0.942871 0.690674 -4.375244
0.001382 0.001382 -0.999998
0 0 0 0
-0.001099 -0.494141
0 0.690674 -4.375244
0.001382 0.001382 -0.999998
0 0 0 0
-0.49939 -0.494141
0 1.607666 -4.375244
0.001382 0.001382 -0.999998
0 0 0 0
-0.49939 -0.015015
0.942871 1.607666 -4.375244
0.001382 0.001382 -0.999998
0 0 0 0
-0.001099 -0.015015
2.268555 4.358643 -4.375244
0.001382 0.001382 -0.999998
0 0 0 0
-0.298096 -0.494141
2.268555 3.44165 -4.375244
0.001382 0.001382 -0.999998
0 0 0 0
-0.297974 -0.015015
1.88623 3.44165 -4.375244
0.001382 0.001382 -0.999998
0 0 0 0
-0.499268 -0.015015
1.88623 4.358643 -4.375244
0.001382 0.001382 -0.999998
0 0 0 0
-0.499268 -0.494141
1.88623 2.524658 -4.375244
0.001382 0.001382 -0.999998
0 0 0 0
-0.49939 -0.494141
0.942871 2.524658 -4.375244
0.001382 0.001382 -0.999998
0 0 0 0
-0.001099 -0.494141
0.942871 3.44165 -4.375244
0.001382 0.001382 -0.999998
0 0 0 0
-0.001099 -0.015015
1.88623 3.44165 -4.375244
0.001382 0.001382 -0.999998
0 0 0 0
-0.499268 -0.015015
1.88623 0.690674 -4.375244
0.001382 0.001382 -0.999998
0 0 0 0
-0.499268 -0.494141
0.942871 0.690674 -4.375244
0.001382 0.001382 -0.999998
0 0 0 0
-0.001099 -0.494141
0.942871 1.607666 -4.375244
0.001382 0.001382 -0.999998
0 0 0 0
-0.001099 -0.015015
1.88623 1.607666 -4.375244
0.001382 0.001382 -0.999998
0 0 0 0
-0.499268 -0.015015
1.88623 1.607666 -4.375244
0.001382 0.001382 -0.999998
0 0 0 0
-0.499268 -0.015015
0.942871 1.607666 -4.375244
0.001382 0.001382 -0.999998
0 0 0 0
-0.001099 -0.015015
0.942871 2.524658 -4.375244
0.001382 0.001382 -0.999998
0 0 0 0
-0.001099 -0.494141
1.88623 2.524658 -4.375244
0.001382 0.001382 -0.999998
0 0 0 0
-0.49939 -0.494141
2.501221 2.527832 -2.86084
1 0.000978 -0.000001
0 0 0 0
1.703735 0.009399
2.501221 2.527832 -4.293701
1 0.000978 -0.000001
0 0 0 0
2.453247 0.009399
2.501221 3.446533 -4.293701
1 0.000978 -0.000001
0 0 0 0
2.453247 0.48999
2.501221 3.446533 -2.86084
1 0.000978 -0.000001
0 0 0 0
1.703735 0.48999
2.501221 2.527832 -1.427979
1 0.000978 -0.000001
0 0 0 0
0.954102 0.009399
2.501221 3.446533 -1.427979
1 0.000978 -0.000001
0 0 0 0
0.954102 0.48999
2.501221 2.527832 0.004639
1 0.000978 -0.000001
0 0 0 0
0.20459 0.009399
2.501221 3.446533 0.004639
1 0.000978 -0.000001
0 0 0 0
0.20459 0.48999
2.501221 2.527832 1.4375
1 0.000978 -0.000001
0 0 0 0
-0.544922 0.009399
2.501221 3.446533 1.4375
1 0.000978 -0.000001
0 0 0 0
-0.544922 0.48999
2.501221 2.527832 2.870117
1 0.000978 -0.000001
0 0 0 0
-1.294556 0.009399
2.501221 3.446533 2.870117
1 0.000978 -0.000001
0 0 0 0
-1.294556 0.48999
2.501221 2.527832 4.302979
1 0.000978 -0.000001
0 0 0 0
-2.044067 0.009399
2.501221 3.446533 4.302979
1 0.000978 -0.000001
0 0 0 0
-2.044067 0.48999
-1.88623 3.44165 -4.375244
-0.001382 0.001382 -0.999998
0 0 0 0
-0.49939 -0.015015
-2.268311 3.44165 -4.375244
-0.001382 0.001382 -0.999998
0 0 0 0
-0.298096 -0.015015
-2.268311 4.358643 -4.375244
-0.001382 0.001382 -0.999998
0 0 0 0
-0.298096 -0.494141
-1.88623 4.358643 -4.375244
-0.001382 0.001382 -0.999998
0 0 0 0
-0.49939 -0.494141
2.268555 2.524658 -4.375244
0.001382 0.001382 -0.999998
0 0 0 0
-0.298096 -0.494141
1.88623 2.524658 -4.375244
0.001382 0.001382 -0.999998
0 0 0 0
-0.49939 -0.494141
1.88623 3.44165 -4.375244
0.001382 0.001382 -0.999998
0 0 0 0
-0.499268 -0.015015
2.268555 3.44165 -4.375244
0.001382 0.001382 -0.999998
0 0 0 0
-0.297974 -0.015015
-2.501221 3.446533 2.870117
-1 0.000978 -0.000001
0 0 0 0
1.703735 0.48999
-2.501221 3.446533 4.302979
-1 0.000978 -0.000001
0 0 0 0
2.453247 0.48999
-2.501221 4.36499 4.302979
-1 0.000978 -0.000001
0 0 0 0
2.453247 0.009399
-2.501221 4.36499 2.870117
-1 0.000978 -0.000001
0 0 0 0
1.703735 0.009399
-2.501221 3.446533 1.4375
-1 0.000978 -0.000001
0 0 0 0
0.954102 0.48999
-2.501221 4.36499 1.4375
-1 0.000978 -0.000001
0 0 0 0
0.954102 0.009399
-2.501221 3.446533 0.004639
-1 0.000978 -0.000001
0 0 0 0
0.20459 0.48999
-2.501221 4.36499 0.004639
-1 0.000978 -0.000001
0 0 0 0
0.20459 0.009399
-2.501221 3.446533 -1.427979
-1 0.000978 -0.000001
0 0 0 0
-0.544922 0.48999
-2.501221 4.36499 -1.427979
-1 0.000978 -0.000001
0 0 0 0
-0.544922 0.009399
-2.501221 3.446533 -2.86084
-1 0.000978 -0.000001
0 0 0 0
-1.294556 0.48999
-2.501221 4.36499 -2.86084
-1 0.000978 -0.000001
0 0 0 0
-1.294556 0.009399
-2.501221 3.446533 -4.293701
-1 0.000978 -0.000001
0 0 0 0
-2.044067 0.48999
-2.501221 4.36499 -4.293701
-1 0.000978 -0.000001
0 0 0 0
-2.044067 0.009399
2.268555 0.690674 -4.375244
0.001382 0.001382 -0.999998
0 0 0 0
-0.298096 -0.494141
1.88623 0.690674 -4.375244
0.001382 0.001382 -0.999998
0 0 0 0
-0.499268 -0.494141
1.88623 1.607666 -4.375244
0.001382 0.001382 -0.999998
0 0 0 0
-0.499268 -0.015015
2.268555 1.607666 -4.375244
0.001382 0.001382 -0.999998
0 0 0 0
-0.298096 -0.015015
2.268555 1.607666 -4.375244
0.001382 0.001382 -0.999998
0 0 0 0
-0.298096 -0.015015
1.88623 1.607666 -4.375244
0.001382 0.001382 -0.999998
0 0 0 0
-0.499268 -0.015015
1.88623 2.524658 -4.375244
0.001382 0.001382 -0.999998
0 0 0 0
-0.49939 -0.494141
2.268555 2.524658 -4.375244
0.001382 0.001382 -0.999998
0 0 0 0
-0.298096 -0.494141
0.942871 3.44165 4.384766
0.001382 0.001382 0.999998
0 0 0 0
-0.001099 -0.015015
1.88623 3.44165 4.384766
0.001382 0.001382 0.999998
0 0 0 0
-0.49939 -0.015015
1.88623 4.358643 4.384766
0.001382 0.001382 0.999998
0 0 0 0
-0.49939 -0.494141
0.942871 4.358643 4.384766
0.001382 0.001382 0.999998
0 0 0 0
-0.001099 -0.494141
0.942871 2.524658 4.384766
0.001382 0.001382 0.999998
0 0 0 0
-0.001099 -0.494141
1.88623 2.524658 4.384766
0.001382 0.001382 0.999998
0 0 0 0
-0.49939 -0.494141
1.88623 3.44165 4.384766
0.001382 0.001382 0.999998
0 0 0 0
-0.49939 -0.015015
0.942871 3.44165 4.384766
0.001382 0.001382 0.999998
0 0 0 0
-0.001099 -0.015015
0.942871 1.607666 4.384766
0.001382 0.001382 0.999998
0 0 0 0
-0.001099 -0.015015
1.88623 1.607666 4.384766
0.001382 0.001382 0.999998
0 0 0 0
-0.49939 -0.015015
1.88623 2.524658 4.384766
0.001382 0.001382 0.999998
0 0 0 0
-0.49939 -0.494141
0.942871 2.524658 4.384766
0.001382 0.001382 0.999998
0 0 0 0
-0.001099 -0.494141
1.88623 0.690674 4.384766
0.001382 0.001382 0.999998
0 0 0 0
-0.49939 -0.015015
2.268555 0.690674 4.384766
0.001382 0.001382 0.999998
0 0 0 0
-0.298096 -0.015015
2.268555 1.607666 4.384766
0.001382 0.001382 0.999998
0 0 0 0
-0.298096 -0.494141
1.88623 1.607666 4.384766
0.001382 0.001382 0.999998
0 0 0 0
-0.49939 -0.494141
192
2 1 0
3 2 0
6 5 4
7 6 4
10 9 8
11 10 8
14 13 12
15 14 12
15 12 16
17 15 16
17 16 18
19 17 18
19 18 20
21 19 20
21 20 22
23 21 22
23 22 24
25 23 24
28 27 26
29 28 26
29 26 30
31 29 30
31 30 32
33 31 32
33 32 34
35 33 34
35 34 36
37 35 36
37 36 38
39 37 38
42 41 40
41 43 40
41 44 43
44 45 43
46 45 44
47 46 44
48 46 47
49 48 47
50 48 49
51 50 49
51 52 50
52 53 50
56 55 54
55 57 54
55 58 57
58 59 57
58 60 59
60 61 59
60 62 61
62 63 61
62 64 63
64 65 63
64 66 65
66 67 65
70 69 68
71 70 68
74 73 72
75 74 72
78 77 76
79 78 76
82 81 80
83 82 80
86 85 84
87 86 84
90 89 88
91 90 88
94 93 92
95 94 92
98 97 96
99 98 96
102 101 100
103 102 100
106 105 104
107 106 104
110 109 108
109 111 108
114 113 112
115 114 112
118 117 116
119 118 116
122 121 120
123 122 120
126 125 124
125 127 124
130 129 128
129 131 128
129 132 131
132 133 131
132 134 133
134 135 133
134 136 135
136 137 135
136 138 137
138 139 137
138 140 139
140 141 139
144 143 142
143 145 142
143 146 145
146 147 145
146 148 147
148 149 147
148 150 149
150 151 149
150 152 151
152 153 151
156 155 154
157 156 154
160 159 158
161 160 158
164 163 162
165 164 162
168 167 166
169 168 166
172 171 170
173 172 170
176 175 174
177 176 174
180 179 178
181 180 178
184 183 182
185 184 182
188 187 186
189 188 186
192 191 190
193 192 190
196 195 194
195 197 194
200 199 198
201 200 198
204 203 202
205 204 202
208 207 206
209 208 206
212 211 210
213 212 210
216 215 214
217 216 214
220 219 218
221 220 218
224 223 222
225 224 222
228 227 226
229 228 226
232 231 230
233 232 230
236 235 234
237 236 234
240 239 238
241 240 238
244 243 242
245 244 242
248 247 246
249 248 246
249 246 250
251 249 250
251 250 252
253 251 252
253 252 254
255 253 254
255 254 256
257 255 256
257 256 258
259 257 258
262 261 260
263 262 260
266 265 264
267 266 264
270 269 268
271 270 268
271 268 272
273 271 272
273 272 274
275 273 274
275 274 276
277 275 276
277 276 278
279 277 278
279 278 280
281 279 280
284 283 282
285 284 282
288 287 286
289 288 286
292 291 290
293 292 290
296 295 294
297 296 294
300 299 298
301 300 298
304 303 302
305 304 302
sm06_environment\outsourcing\dhruva\manmade\os_hvackit\materials\os_hvackit_02_bake_02.material
1
0
88
1.77124 5.819092 0.000244
0.120302 0.992737 0.001123
0 0 0 0
0.049927 0.401855
1.83374 5.786865 0.740967
0.244104 0.969497 0.022129
0 0 0 0
0.41394 0.430542
1.83374 5.786865 0.000244
0.243686 0.969851 0.002338
0 0 0 0
0.049927 0.431763
1.753418 5.786865 0.906982
0.052636 0.998095 0.032197
0 0 0 0
0.495483 0.390747
1.684814 5.819092 0.000244
0.022477 0.999747 -0.000506
0 0 0 0
0.049927 0.357544
1.66333 5.786865 1.06665
0.018856 0.999351 0.030691
0 0 0 0
0.57373 0.345215
1.560547 5.819092 0.000244
0.014661 0.999892 -0.000215
0 0 0 0
0.049927 0.295532
1.548096 5.786865 1.214844
0.014859 0.999526 0.026968
0 0 0 0
0.64624 0.286865
1.436523 5.819092 0.000244
0.010752 0.999942 -0.000116
0 0 0 0
0.049927 0.230225
1.418213 5.786865 1.351318
0.010877 0.999672 0.023207
0 0 0 0
0.713013 0.223145
1.283691 5.819092 0.000244
0.008797 0.999961 -0.000077
0 0 0 0
0.049927 0.161377
1.273438 5.786865 1.48291
0.008899 0.99969 0.023245
0 0 0 0
0.778198 0.155151
1.131104 5.819092 0.000244
0.004888 0.999988 -0.000024
0 0 0 0
0.049927 0.090454
1.116699 5.786865 1.598633
0.002961 0.999807 0.019446
0 0 0 0
0.835815 0.083496
0.95752 5.818359 0.000244
0.004888 0.999988 -0.000024
0 0 0 0
0.049927 0.00769
0.951904 5.786133 1.715088
0.006909 0.999788 0.019408
0 0 0 0
0.893677 0.003418
-0.006592 5.838379 0.000244
-0.000977 1 -0.000001
0 0 0 0
0.049927 0.449585
-0.787354 5.786865 1.790771
-0.022695 0.999563 0.018949
0 0 0 0
0.929932 0.092407
-0.006592 5.805908 1.790771
0.000987 0.99981 0.019454
0 0 0 0
0.929688 0.449707
-0.797363 5.819092 0.000244
-0.022477 0.999747 -0.000506
0 0 0 0
0.049927 0.08728
-0.966309 5.786133 1.716553
-0.006909 0.999788 0.019408
0 0 0 0
0.894043 0.011719
-0.970947 5.818359 0.000244
-0.004888 0.999988 -0.000024
0 0 0 0
0.049927 0.00769
0.773926 5.786865 1.790771
0.022695 0.999563 0.018949
0 0 0 0
0.930054 0.092407
-0.006592 5.838379 0.000244
-0.000977 1 -0.000001
0 0 0 0
0.049927 0.449585
-0.006592 5.805908 1.790771
0.000987 0.99981 0.019454
0 0 0 0
0.929688 0.449707
0.78418 5.819092 0.000244
0.022477 0.999747 -0.000506
0 0 0 0
0.049927 0.08728
0.951904 5.786133 1.715088
0.006909 0.999788 0.019408
0 0 0 0
0.893677 0.011963
0.95752 5.818359 0.000244
0.004888 0.999988 -0.000024
0 0 0 0
0.049927 0.00769
1.77124 5.819092 0.000244
0.120302 0.992737 0.001123
0 0 0 0
0.049927 0.401855
1.83374 5.786865 0.000244
0.243686 0.969851 0.002338
0 0 0 0
0.049927 0.431763
1.83374 5.786865 -0.740479
0.244104 0.969497 -0.022129
0 0 0 0
0.41394 0.430542
1.753418 5.786865 -0.906494
0.052636 0.998095 -0.032197
0 0 0 0
0.495483 0.390747
1.684814 5.819092 0.000244
0.022477 0.999747 -0.000506
0 0 0 0
0.049927 0.357544
1.66333 5.786865 -1.066162
0.018856 0.999351 -0.030691
0 0 0 0
0.57373 0.345215
1.560547 5.819092 0.000244
0.014661 0.999892 -0.000215
0 0 0 0
0.049927 0.295532
1.548096 5.786865 -1.214355
0.014859 0.999526 -0.026968
0 0 0 0
0.64624 0.286865
1.436523 5.819092 0.000244
0.010752 0.999942 -0.000116
0 0 0 0
0.049927 0.230225
1.418213 5.786865 -1.35083
0.010877 0.999672 -0.023207
0 0 0 0
0.713013 0.223145
1.283691 5.819092 0.000244
0.008797 0.999961 -0.000077
0 0 0 0
0.049927 0.161377
1.273438 5.786865 -1.482666
0.008899 0.99969 -0.023245
0 0 0 0
0.778198 0.155273
1.131104 5.819092 0.000244
0.004888 0.999988 -0.000024
0 0 0 0
0.049927 0.090454
1.116699 5.786865 -1.598145
0.002961 0.999807 -0.019446
0 0 0 0
0.835815 0.083496
0.95752 5.818359 0.000244
0.004888 0.999988 -0.000024
0 0 0 0
0.049927 0.00769
0.951904 5.786133 -1.7146
0.006909 0.999788 -0.019408
0 0 0 0
0.893677 0.003418
0.773926 5.786865 -1.790283
0.022695 0.999563 -0.018949
0 0 0 0
0.930054 0.092407
-0.006592 5.805908 -1.790283
0.000987 0.99981 -0.019454
0 0 0 0
0.929688 0.449707
-0.006592 5.838379 0.000244
-0.000977 1 -0.000001
0 0 0 0
0.049927 0.449585
0.78418 5.819092 0.000244
0.022477 0.999747 -0.000506
0 0 0 0
0.049927 0.08728
0.951904 5.786133 -1.7146
0.006909 0.999788 -0.019408
0 0 0 0
0.893677 0.011963
0.95752 5.818359 0.000244
0.004888 0.999988 -0.000024
0 0 0 0
0.049927 0.00769
-0.006592 5.838379 0.000244
-0.000977 1 -0.000001
0 0 0 0
0.048706 0.451172
-0.006592 5.805908 -1.790283
0.000987 0.99981 -0.019454
0 0 0 0
0.928101 0.451416
-0.787354 5.786865 -1.790283
-0.022695 0.999563 -0.018949
0 0 0 0
0.928101 0.092773
-0.797363 5.819092 0.000244
-0.022477 0.999747 -0.000506
0 0 0 0
0.048828 0.087891
-0.966309 5.786133 -1.716064
-0.006909 0.999788 -0.019408
0 0 0 0
0.893677 0.011597
-0.970947 5.818359 0.000244
-0.004888 0.999988 -0.000024
0 0 0 0
0.049927 0.00769
-0.970947 5.818359 0.000244
-0.004888 0.999988 -0.000024
0 0 0 0
0.049927 0.00769
-0.966309 5.786133 -1.716064
-0.006909 0.999788 -0.019408
0 0 0 0
0.894287 0.003662
-1.129883 5.786865 -1.598145
-0.002961 0.999807 -0.019446
0 0 0 0
0.835938 0.082275
-1.144531 5.819092 0.000244
-0.004888 0.999988 -0.000024
0 0 0 0
0.049927 0.090454
-1.275146 5.786865 -1.479004
-0.008899 0.99969 -0.023245
0 0 0 0
0.776978 0.153687
-1.287842 5.819092 0.000244
-0.008797 0.999961 -0.000077
0 0 0 0
0.049927 0.161377
-1.413086 5.786865 -1.35083
-0.010877 0.999672 -0.023207
0 0 0 0
0.713623 0.220825
-1.431152 5.819092 0.000244
-0.010752 0.999942 -0.000116
0 0 0 0
0.049927 0.230225
-1.548584 5.786865 -1.213623
-0.012878 0.999552 -0.027022
0 0 0 0
0.646118 0.286743
-1.561768 5.819092 0.000244
-0.014661 0.999892 -0.000215
0 0 0 0
0.049927 0.295532
-1.670898 5.786865 -1.066162
-0.018856 0.999351 -0.030691
0 0 0 0
0.57373 0.346436
-1.692383 5.819092 0.000244
-0.022477 0.999747 -0.000506
0 0 0 0
0.049927 0.357544
-1.762939 5.786865 -0.907227
-0.050654 0.998191 -0.032396
0 0 0 0
0.495728 0.391235
-1.780029 5.819092 0.000244
-0.118373 0.992968 0.001589
0 0 0 0
0.049927 0.401855
-1.843994 5.786865 -0.740479
-0.23993 0.970579 -0.020249
0 0 0 0
0.41394 0.430664
-1.843994 5.786865 0.000244
-0.241386 0.970429 -0.000506
0 0 0 0
0.049927 0.431885
-1.129883 5.786865 1.598633
-0.002961 0.999807 0.019446
0 0 0 0
0.835938 0.082275
-0.966309 5.786133 1.716553
-0.006909 0.999788 0.019408
0 0 0 0
0.894287 0.003784
-0.970947 5.818359 0.000244
-0.004888 0.999988 -0.000024
0 0 0 0
0.049927 0.00769
-1.144531 5.819092 0.000244
-0.004888 0.999988 -0.000024
0 0 0 0
0.049927 0.090454
-1.275146 5.786865 1.479492
-0.008899 0.99969 0.023245
0 0 0 0
0.776978 0.153687
-1.287842 5.819092 0.000244
-0.008797 0.999961 -0.000077
0 0 0 0
0.049927 0.161377
-1.413086 5.786865 1.351318
-0.010877 0.999672 0.023207
0 0 0 0
0.713623 0.220825
-1.431152 5.819092 0.000244
-0.010752 0.999942 -0.000116
0 0 0 0
0.049927 0.230225
-1.548584 5.786865 1.214111
-0.012878 0.999552 0.027022
0 0 0 0
0.646118 0.286743
-1.561768 5.819092 0.000244
-0.014661 0.999892 -0.000215
0 0 0 0
0.049927 0.295532
-1.670898 5.786865 1.06665
-0.018856 0.999351 0.030691
0 0 0 0
0.57373 0.346436
-1.692383 5.819092 0.000244
-0.022477 0.999747 -0.000506
0 0 0 0
0.049927 0.357544
-1.762939 5.786865 0.907471
-0.050654 0.998191 0.032396
0 0 0 0
0.495728 0.391235
-1.780029 5.819092 0.000244
-0.118373 0.992968 0.001589
0 0 0 0
0.049927 0.401855
-1.843994 5.786865 0.740967
-0.23993 0.970579 0.020249
0 0 0 0
0.41394 0.430664
-1.843994 5.786865 0.000244
-0.241386 0.970429 -0.000506
0 0 0 0
0.049927 0.431885
72
2 1 0
1 3 0
0 3 4
3 5 4
4 5 6
5 7 6
6 7 8
7 9 8
10 8 9
11 10 9
12 10 11
13 12 11
14 12 13
15 14 13
18 17 16
17 19 16
17 20 19
20 21 19
24 23 22
23 25 22
22 25 26
25 27 26
30 29 28
31 30 28
31 28 32
33 31 32
33 32 34
35 33 34
35 34 36
37 35 36
37 36 38
39 37 38
39 38 40
41 39 40
40 42 41
42 43 41
46 45 44
47 46 44
47 44 48
49 47 48
52 51 50
53 52 50
54 52 53
55 54 53
58 57 56
59 58 56
60 58 59
61 60 59
62 60 61
63 62 61
64 62 63
65 64 63
66 64 65
67 66 65
68 66 67
69 68 67
70 68 69
71 70 69
74 73 72
75 74 72
72 76 75
76 77 75
77 76 78
79 77 78
78 80 79
80 81 79
81 80 82
83 81 82
82 84 83
84 85 83
85 84 86
87 85 86
sm07_environment\outsourcing\dhruva\manmade\os_hvackit\materials\os_hvackit_02_bake_02.material
1
0
40
-2.384521 4.466797 -3.36499
0.000978 1 -0.000001
0 0 0 0
1.260864 -0.488647
-2.384521 4.466797 -2.46875
0.000978 1 -0.000001
0 0 0 0
1.260864 -0.054199
-1.192383 4.466797 -2.46875
0.000978 1 -0.000001
0 0 0 0
0.645752 -0.054199
-1.192383 4.466797 -3.36499
0.000978 1 -0.000001
0 0 0 0
0.645752 -0.488647
0 4.466797 -2.46875
0.000978 1 -0.000001
0 0 0 0
0.03064 -0.054199
0 4.466797 -3.36499
0.000978 1 -0.000001
0 0 0 0
0.03064 -0.488647
1.192383 4.466797 -3.36499
0.000978 1 -0.000001
0 0 0 0
-0.584473 -0.488647
1.192383 4.466797 -2.46875
0.000978 1 -0.000001
0 0 0 0
-0.584473 -0.054199
2.384521 4.466797 -3.36499
0.000978 1 -0.000001
0 0 0 0
-1.199585 -0.488647
2.384521 4.466797 -2.46875
0.000978 1 -0.000001
0 0 0 0
-1.199585 -0.054199
1.192383 4.466797 -3.36499
0.000978 1 -0.000001
0 0 0 0
-0.584473 -0.054199
2.384521 4.466797 -3.36499
0.000978 1 -0.000001
0 0 0 0
-1.199585 -0.054199
2.384521 4.466797 -4.261475
0.000978 1 -0.000001
0 0 0 0
-1.199585 -0.488647
1.192383 4.466797 -4.261475
0.000978 1 -0.000001
0 0 0 0
-0.584473 -0.488647
0 4.466797 -4.261475
0.000978 1 -0.000001
0 0 0 0
0.03064 -0.488647
0 4.466797 -3.36499
0.000978 1 -0.000001
0 0 0 0
0.03064 -0.054199
-1.192383 4.466797 -4.261475
0.000978 1 -0.000001
0 0 0 0
0.645752 -0.488647
-1.192383 4.466797 -3.36499
0.000978 1 -0.000001
0 0 0 0
0.645752 -0.054199
-2.384521 4.466797 -4.261475
0.000978 1 -0.000001
0 0 0 0
1.260864 -0.488647
-2.384521 4.466797 -3.36499
0.000978 1 -0.000001
0 0 0 0
1.260864 -0.054199
-1.192383 4.466797 2.478271
0.000978 1 -0.000001
0 0 0 0
0.645874 -0.054199
-2.384521 4.466797 2.478271
0.000978 1 -0.000001
0 0 0 0
1.260986 -0.054199
-2.384521 4.466797 3.375
0.000978 1 -0.000001
0 0 0 0
1.260986 -0.488647
-1.192383 4.466797 3.375
0.000978 1 -0.000001
0 0 0 0
0.645874 -0.488647
0 4.466797 2.478271
0.000978 1 -0.000001
0 0 0 0
0.03064 -0.054199
0 4.466797 3.375
0.000978 1 -0.000001
0 0 0 0
0.03064 -0.488647
1.192383 4.466797 3.375
0.000978 1 -0.000001
0 0 0 0
-0.584473 -0.488647
1.192383 4.466797 2.478271
0.000978 1 -0.000001
0 0 0 0
-0.584473 -0.054199
2.384521 4.466797 3.375
0.000978 1 -0.000001
0 0 0 0
-1.199707 -0.488647
2.384521 4.466797 2.478271
0.000978 1 -0.000001
0 0 0 0
-1.199707 -0.054199
-1.192383 4.466797 3.375
0.000978 1 -0.000001
0 0 0 0
0.645874 -0.054199
-2.384521 4.466797 3.375
0.000978 1 -0.000001
0 0 0 0
1.260986 -0.054199
-2.384521 4.466797 4.271484
0.000978 1 -0.000001
0 0 0 0
1.260986 -0.488647
-1.192383 4.466797 4.271484
0.000978 1 -0.000001
0 0 0 0
0.645874 -0.488647
0 4.466797 3.375
0.000978 1 -0.000001
0 0 0 0
0.03064 -0.054199
0 4.466797 4.271484
0.000978 1 -0.000001
0 0 0 0
0.03064 -0.488647
1.192383 4.466797 3.375
0.000978 1 -0.000001
0 0 0 0
-0.584473 -0.054199
1.192383 4.466797 4.271484
0.000978 1 -0.000001
0 0 0 0
-0.584473 -0.488647
2.384521 4.466797 3.375
0.000978 1 -0.000001
0 0 0 0
-1.199707 -0.054199
2.384521 4.466797 4.271484
0.000978 1 -0.000001
0 0 0 0
-1.199707 -0.488647
32
2 1 0
3 2 0
4 2 3
5 4 3
5 6 4
6 7 4
6 8 7
8 9 7
12 11 10
13 12 10
13 10 14
10 15 14
14 15 16
15 17 16
16 17 18
17 19 18
22 21 20
23 22 20
23 20 24
25 23 24
26 25 24
27 26 24
28 26 27
29 28 27
32 31 30
33 32 30
33 30 34
35 33 34
35 34 36
37 35 36
37 36 38
39 37 38
sm08_environment\outsourcing\dhruva\manmade\os_hvackit\materials\os_hvackit_02_bake_03.material
1
0
484
-0.236084 5.42334 2.26123
-0.70004 -0.008958 -0.714047
0 0 0 0
0.884277 -0.385498
-0.232666 4.89502 2.264404
-0.70004 -0.008958 -0.714047
0 0 0 0
0.617676 -0.385498
-0.30249 4.89502 2.366943
-0.920807 -0.008067 -0.389936
0 0 0 0
0.617676 -0.322632
-0.306641 5.42334 2.365234
-0.920807 -0.008067 -0.389936
0 0 0 0
0.884277 -0.322632
-0.326904 4.89502 2.487793
-0.999961 -0.008797 -0.000077
0 0 0 0
0.617676 -0.258545
-0.331543 5.42334 2.487793
-0.999961 -0.008797 -0.000077
0 0 0 0
0.884277 -0.258545
-0.130127 5.42334 2.191895
-0.375841 -0.009498 -0.926636
0 0 0 0
-0.115723 -0.322144
-0.232666 4.89502 2.264404
-0.70004 -0.008958 -0.714047
0 0 0 0
-0.382324 -0.385498
-0.236084 5.42334 2.26123
-0.70004 -0.008958 -0.714047
0 0 0 0
-0.115723 -0.385498
-0.128418 4.89502 2.196045
-0.375841 -0.009498 -0.926636
0 0 0 0
-0.382324 -0.322144
-0.005371 5.42334 2.16748
0.001382 -0.009677 -0.999952
0 0 0 0
-0.115723 -0.258545
-0.005371 4.89502 2.172119
0.001382 -0.009677 -0.999952
0 0 0 0
-0.382324 -0.258545
-0.005371 5.42334 2.16748
0.001382 -0.009677 -0.999952
0 0 0 0
-0.115723 -0.258545
0.117676 4.89502 2.196045
0.375841 -0.009498 -0.926636
0 0 0 0
-0.382324 -0.322144
-0.005371 4.89502 2.172119
0.001382 -0.009677 -0.999952
0 0 0 0
-0.382324 -0.258545
0.119629 5.42334 2.191895
0.375841 -0.009498 -0.926636
0 0 0 0
-0.115723 -0.322144
0.222168 4.89502 2.264404
0.70004 -0.008958 -0.714047
0 0 0 0
-0.382324 -0.385498
0.225342 5.42334 2.26123
0.70004 -0.008958 -0.714047
0 0 0 0
-0.115723 -0.385498
0.225342 5.42334 2.26123
0.70004 -0.008958 -0.714047
0 0 0 0
-0.117065 0.460571
0.291748 4.89502 2.366943
0.920807 -0.008067 -0.389936
0 0 0 0
-0.383545 0.52356
0.222168 4.89502 2.264404
0.70004 -0.008958 -0.714047
0 0 0 0
-0.383545 0.460571
0.296143 5.42334 2.365234
0.920807 -0.008067 -0.389936
0 0 0 0
-0.117065 0.52356
0.316406 4.89502 2.487793
0.999961 -0.008797 -0.000077
0 0 0 0
-0.383545 0.587646
0.321045 5.42334 2.487793
0.999961 -0.008797 -0.000077
0 0 0 0
-0.117065 0.587646
-0.306641 5.42334 2.610596
-0.920807 -0.008067 0.389936
0 0 0 0
-0.115723 -0.322632
-0.331543 5.42334 2.487793
-0.999961 -0.008797 -0.000077
0 0 0 0
-0.115723 -0.258545
-0.326904 4.89502 2.487793
-0.999961 -0.008797 -0.000077
0 0 0 0
-0.382324 -0.258545
-0.30249 4.89502 2.608643
-0.920807 -0.008067 0.389936
0 0 0 0
-0.382324 -0.322632
-0.236084 5.42334 2.714355
-0.70004 -0.008958 0.714047
0 0 0 0
-0.115723 -0.385498
-0.232666 4.89502 2.711182
-0.70004 -0.008958 0.714047
0 0 0 0
-0.382324 -0.385498
-0.130127 5.42334 2.783936
-0.375841 -0.009498 0.926636
0 0 0 0
0.882935 0.523926
-0.236084 5.42334 2.714355
-0.70004 -0.008958 0.714047
0 0 0 0
0.882935 0.460571
-0.232666 4.89502 2.711182
-0.70004 -0.008958 0.714047
0 0 0 0
0.616455 0.460571
-0.128418 4.89502 2.779785
-0.375841 -0.009498 0.926636
0 0 0 0
0.616455 0.523926
-0.005371 5.42334 2.80835
0.001382 -0.009677 0.999952
0 0 0 0
0.882935 0.587646
-0.005371 4.89502 2.803711
0.001382 -0.009677 0.999952
0 0 0 0
0.616455 0.587646
0.117676 4.89502 2.779785
0.375841 -0.009498 0.926636
0 0 0 0
-0.383545 0.523926
-0.005371 5.42334 2.80835
0.001382 -0.009677 0.999952
0 0 0 0
-0.117065 0.587646
-0.005371 4.89502 2.803711
0.001382 -0.009677 0.999952
0 0 0 0
-0.383545 0.587646
0.119629 5.42334 2.783936
0.375841 -0.009498 0.926636
0 0 0 0
-0.117065 0.523926
0.222168 4.89502 2.711182
0.70004 -0.008958 0.714047
0 0 0 0
-0.383545 0.460571
0.225342 5.42334 2.714355
0.70004 -0.008958 0.714047
0 0 0 0
-0.117065 0.460571
0.291748 4.89502 2.608643
0.920807 -0.008067 0.389936
0 0 0 0
-0.383545 0.52356
0.225342 5.42334 2.714355
0.70004 -0.008958 0.714047
0 0 0 0
-0.117065 0.460571
0.222168 4.89502 2.711182
0.70004 -0.008958 0.714047
0 0 0 0
-0.383545 0.460571
0.296143 5.42334 2.610596
0.920807 -0.008067 0.389936
0 0 0 0
-0.117065 0.52356
0.316406 4.89502 2.487793
0.999961 -0.008797 -0.000077
0 0 0 0
-0.383545 0.587646
0.321045 5.42334 2.487793
0.999961 -0.008797 -0.000077
0 0 0 0
-0.117065 0.587646
1.458496 5.817871 -1.325439
0.000978 1 -0.000001
0 0 0 0
0.029175 0.048706
1.403809 5.817871 -1.325439
0.000978 1 -0.000001
0 0 0 0
0.056396 0.048706
1.403809 5.817871 -1.270996
0.000978 1 -0.000001
0 0 0 0
0.056396 0.021606
1.458496 5.817871 -1.270996
0.000978 1 -0.000001
0 0 0 0
0.029175 0.021606
2.077637 5.051758 -3.282471
0.001382 -0.001382 0.999998
0 0 0 0
0.029175 0.048706
2.077637 5 -3.282471
0.001382 -0.001382 0.999998
0 0 0 0
0.056396 0.048706
2.134277 5 -3.282471
0.001382 -0.001382 0.999998
0 0 0 0
0.056396 0.021606
2.134277 5.051758 -3.282471
0.001382 -0.001382 0.999998
0 0 0 0
0.029175 0.021606
2.414551 5 -3.282471
-0.001382 -0.001382 0.999998
0 0 0 0
0.056396 0.021606
2.414551 5.051758 -3.282471
-0.001382 -0.001382 0.999998
0 0 0 0
0.029175 0.021606
2.35791 5.051758 -3.282471
-0.001382 -0.001382 0.999998
0 0 0 0
0.029175 0.048706
2.35791 5 -3.282471
-0.001382 -0.001382 0.999998
0 0 0 0
0.056396 0.048706
2.002197 5.019287 3.1604
-1 -0.000977 -0.000001
0 0 0 0
0.056396 0.021606
2.002197 5.053955 3.1604
-1 -0.000977 -0.000001
0 0 0 0
0.029175 0.021606
2.002197 5.053955 3.123047
-1 -0.000977 -0.000001
0 0 0 0
0.029175 0.048706
2.002197 5.019287 3.123047
-1 -0.000977 -0.000001
0 0 0 0
0.056396 0.048706
2.33667 5.093018 -3.282471
0.001382 -0.001382 0.999998
0 0 0 0
0.056396 0.021606
2.33667 5.144531 -3.282471
0.001382 -0.001382 0.999998
0 0 0 0
0.029175 0.021606
2.280029 5.144531 -3.282471
0.001382 -0.001382 0.999998
0 0 0 0
0.029175 0.048706
2.280029 5.093018 -3.282471
0.001382 -0.001382 0.999998
0 0 0 0
0.056396 0.048706
2.124756 4.91626 -3.407959
0.001382 -0.001382 -0.999998
0 0 0 0
0.029175 0.048706
2.124756 4.864746 -3.407959
0.001382 -0.001382 -0.999998
0 0 0 0
0.056396 0.048706
2.068115 4.864746 -3.407959
0.001382 -0.001382 -0.999998
0 0 0 0
0.056396 0.021606
2.068115 4.91626 -3.407959
0.001382 -0.001382 -0.999998
0 0 0 0
0.029175 0.021606
0.890869 5.811523 1.699463
0.000978 1 -0.000001
0 0 0 0
0.029175 0.048706
0.836182 5.811523 1.699463
0.000978 1 -0.000001
0 0 0 0
0.056396 0.048706
0.836182 5.811523 1.753906
0.000978 1 -0.000001
0 0 0 0
0.056396 0.021606
0.890869 5.811523 1.753906
0.000978 1 -0.000001
0 0 0 0
0.029175 0.021606
1.309814 5.811523 1.406982
0.000978 1 -0.000001
0 0 0 0
0.029175 0.048706
1.255127 5.811523 1.406982
0.000978 1 -0.000001
0 0 0 0
0.056396 0.048706
1.255127 5.811523 1.461426
0.000978 1 -0.000001
0 0 0 0
0.056396 0.021606
1.309814 5.811523 1.461426
0.000978 1 -0.000001
0 0 0 0
0.029175 0.021606
-1.836914 5.813965 -0.490234
0.000978 1 -0.000001
0 0 0 0
0.029175 0.048706
-1.891357 5.813965 -0.490234
0.000978 1 -0.000001
0 0 0 0
0.056396 0.048706
-1.891357 5.813965 -0.435791
0.000978 1 -0.000001
0 0 0 0
0.056396 0.021606
-1.836914 5.813965 -0.435791
0.000978 1 -0.000001
0 0 0 0
0.029175 0.021606
2.202637 4.842285 -3.407959
-0.001382 -0.001382 -0.999998
0 0 0 0
0.029175 0.048706
2.202637 4.790527 -3.407959
-0.001382 -0.001382 -0.999998
0 0 0 0
0.056396 0.048706
2.145996 4.790527 -3.407959
-0.001382 -0.001382 -0.999998
0 0 0 0
0.056396 0.021606
2.145996 4.842285 -3.407959
-0.001382 -0.001382 -0.999998
0 0 0 0
0.029175 0.021606
1.877686 5.817139 0.007324
0.000978 1 -0.000001
0 0 0 0
0.029175 0.048706
1.822998 5.817139 0.007324
0.000978 1 -0.000001
0 0 0 0
0.056396 0.048706
1.822998 5.817139 0.061768
0.000978 1 -0.000001
0 0 0 0
0.056396 0.021606
1.877686 5.817139 0.061768
0.000978 1 -0.000001
0 0 0 0
0.029175 0.021606
1.87915 5.817139 -0.084717
0.000978 1 -0.000001
0 0 0 0
0.029175 0.048706
1.824463 5.817139 -0.084717
0.000978 1 -0.000001
0 0 0 0
0.056396 0.048706
1.824463 5.817139 -0.030273
0.000978 1 -0.000001
0 0 0 0
0.056396 0.021606
1.87915 5.817139 -0.030273
0.000978 1 -0.000001
0 0 0 0
0.029175 0.021606
2.33667 4.842285 -3.282471
0.001382 -0.001382 0.999998
0 0 0 0
0.029175 0.021606
2.280029 4.842285 -3.282471
0.001382 -0.001382 0.999998
0 0 0 0
0.029175 0.048706
2.280029 4.790527 -3.282471
0.001382 -0.001382 0.999998
0 0 0 0
0.056396 0.048706
2.33667 4.790527 -3.282471
0.001382 -0.001382 0.999998
0 0 0 0
0.056396 0.021606
-1.835693 5.813965 -0.084717
0.000978 1 -0.000001
0 0 0 0
0.029175 0.048706
-1.890137 5.813965 -0.084717
0.000978 1 -0.000001
0 0 0 0
0.056396 0.048706
-1.890137 5.813965 -0.030273
0.000978 1 -0.000001
0 0 0 0
0.056396 0.021606
-1.835693 5.813965 -0.030273
0.000978 1 -0.000001
0 0 0 0
0.029175 0.021606
-0.721924 5.811279 -1.800049
0.000978 1 -0.000001
0 0 0 0
0.029175 0.048706
-0.776611 5.811279 -1.800049
0.000978 1 -0.000001
0 0 0 0
0.056396 0.048706
-0.776611 5.811279 -1.745361
0.000978 1 -0.000001
0 0 0 0
0.056396 0.021606
-0.721924 5.811279 -1.745361
0.000978 1 -0.000001
0 0 0 0
0.029175 0.021606
2.002197 4.886475 3.123047
-1 0.000978 -0.000001
0 0 0 0
0.056396 0.048706
2.002197 4.886475 3.1604
-1 0.000978 -0.000001
0 0 0 0
0.056396 0.021606
2.002197 4.921143 3.1604
-1 0.000978 -0.000001
0 0 0 0
0.029175 0.021606
2.002197 4.921143 3.123047
-1 0.000978 -0.000001
0 0 0 0
0.029175 0.048706
2.134277 4.864746 -3.282471
0.001382 -0.001382 0.999998
0 0 0 0
0.056396 0.021606
2.134277 4.91626 -3.282471
0.001382 -0.001382 0.999998
0 0 0 0
0.029175 0.021606
2.077637 4.91626 -3.282471
0.001382 -0.001382 0.999998
0 0 0 0
0.029175 0.048706
2.077637 4.864746 -3.282471
0.001382 -0.001382 0.999998
0 0 0 0
0.056396 0.048706
2.070801 5.019287 3.307617
1 0.000978 -0.000001
0 0 0 0
0.056396 0.021606
2.070801 5.053955 3.307617
1 0.000978 -0.000001
0 0 0 0
0.029175 0.021606
2.070801 5.053955 3.344971
1 0.000978 -0.000001
0 0 0 0
0.029175 0.048706
2.070801 5.019287 3.344971
1 0.000978 -0.000001
0 0 0 0
0.056396 0.048706
2.070801 5.053955 3.1604
1 -0.000977 0.000001
0 0 0 0
0.029175 0.048706
2.070801 5.019287 3.1604
1 -0.000977 0.000001
0 0 0 0
0.056396 0.048706
2.070801 5.019287 3.123047
1 -0.000977 0.000001
0 0 0 0
0.056396 0.021606
2.070801 5.053955 3.123047
1 -0.000977 0.000001
0 0 0 0
0.029175 0.021606
2.145996 5.093018 -3.407959
-0.001382 -0.001382 -0.999998
0 0 0 0
0.056396 0.021606
2.145996 5.144531 -3.407959
-0.001382 -0.001382 -0.999998
0 0 0 0
0.029175 0.021606
2.202637 5.144531 -3.407959
-0.001382 -0.001382 -0.999998
0 0 0 0
0.029175 0.048706
2.202637 5.093018 -3.407959
-0.001382 -0.001382 -0.999998
0 0 0 0
0.056396 0.048706
2.070801 4.921143 3.307617
1 -0.000977 0.000001
0 0 0 0
0.029175 0.021606
2.070801 4.921143 3.344971
1 -0.000977 0.000001
0 0 0 0
0.029175 0.048706
2.070801 4.886475 3.344971
1 -0.000977 0.000001
0 0 0 0
0.056396 0.048706
2.070801 4.886475 3.307617
1 -0.000977 0.000001
0 0 0 0
0.056396 0.021606
2.136475 4.841064 -3.282471
0.001382 -0.001382 0.999998
0 0 0 0
0.029175 0.048706
2.136475 4.789551 -3.282471
0.001382 -0.001382 0.999998
0 0 0 0
0.056396 0.048706
2.193115 4.789551 -3.282471
0.001382 -0.001382 0.999998
0 0 0 0
0.056396 0.021606
2.193115 4.841064 -3.282471
0.001382 -0.001382 0.999998
0 0 0 0
0.029175 0.021606
2.355713 2.903076 4.385986
-0.001382 0.001382 0.999998
0 0 0 0
0.056396 0.048706
2.355713 2.851562 4.385986
-0.001382 0.001382 0.999998
0 0 0 0
0.056396 0.021606
2.410156 2.851562 4.385986
-0.001382 0.001382 0.999998
0 0 0 0
0.029175 0.021606
2.410156 2.903076 4.385986
-0.001382 0.001382 0.999998
0 0 0 0
0.029175 0.048706
2.355713 1.248047 4.385986
-0.001382 0.001382 0.999998
0 0 0 0
0.056396 0.048706
2.355713 1.196777 4.385986
-0.001382 0.001382 0.999998
0 0 0 0
0.056396 0.021606
2.4104 1.196777 4.385986
-0.001382 0.001382 0.999998
0 0 0 0
0.029175 0.021606
2.4104 1.248047 4.385986
-0.001382 0.001382 0.999998
0 0 0 0
0.029175 0.048706
2.410156 1.196777 -4.378174
0.001382 -0.001382 -0.999998
0 0 0 0
0.056396 0.021606
2.355713 1.196777 -4.378174
0.001382 -0.001382 -0.999998
0 0 0 0
0.029175 0.021606
2.355713 1.248047 -4.378174
0.001382 -0.001382 -0.999998
0 0 0 0
0.029175 0.048706
2.4104 1.248047 -4.378174
0.001382 -0.001382 -0.999998
0 0 0 0
0.056396 0.048706
2.355713 2.903076 -4.378174
0.001382 -0.001382 -0.999998
0 0 0 0
0.029175 0.048706
2.410156 2.903076 -4.378174
0.001382 -0.001382 -0.999998
0 0 0 0
0.056396 0.048706
2.410156 2.851562 -4.378174
0.001382 -0.001382 -0.999998
0 0 0 0
0.056396 0.021606
2.355713 2.851562 -4.378174
0.001382 -0.001382 -0.999998
0 0 0 0
0.029175 0.021606
-2.424072 1.196777 -4.378174
0.001382 -0.001382 -0.999998
0 0 0 0
0.029175 0.021606
-2.424072 1.248047 -4.378174
0.001382 -0.001382 -0.999998
0 0 0 0
0.029175 0.048706
-2.369385 1.248047 -4.378174
0.001382 -0.001382 -0.999998
0 0 0 0
0.056396 0.048706
-2.369385 1.196777 -4.378174
0.001382 -0.001382 -0.999998
0 0 0 0
0.056396 0.021606
-2.424072 2.851562 -4.378174
0.001382 0.001382 -0.999998
0 0 0 0
0.029175 0.021606
-2.424072 2.903076 -4.378174
0.001382 0.001382 -0.999998
0 0 0 0
0.029175 0.048706
-2.369385 2.903076 -4.378174
0.001382 0.001382 -0.999998
0 0 0 0
0.056396 0.048706
-2.369385 2.851562 -4.378174
0.001382 0.001382 -0.999998
0 0 0 0
0.056396 0.021606
-2.369385 2.851562 4.385986
0.001382 0.001382 0.999998
0 0 0 0
0.029175 0.021606
-2.369385 2.903076 4.385986
0.001382 0.001382 0.999998
0 0 0 0
0.029175 0.048706
-2.424072 2.903076 4.385986
0.001382 0.001382 0.999998
0 0 0 0
0.056396 0.048706
-2.424072 2.851562 4.385986
0.001382 0.001382 0.999998
0 0 0 0
0.056396 0.021606
-2.369385 1.196777 4.385986
-0.001382 -0.001382 0.999998
0 0 0 0
0.029175 0.021606
-2.369385 1.248047 4.385986
-0.001382 -0.001382 0.999998
0 0 0 0
0.029175 0.048706
-2.424072 1.248047 4.385986
-0.001382 -0.001382 0.999998
0 0 0 0
0.056396 0.048706
-2.424072 1.196777 4.385986
-0.001382 -0.001382 0.999998
0 0 0 0
0.056396 0.021606
-2.296875 4.66748 -2.421631
0.000978 1 -0.000001
0 0 0 0
0.056396 0.048706
-2.296875 4.66748 -2.367188
0.000978 1 -0.000001
0 0 0 0
0.056396 0.021606
-2.242188 4.66748 -2.367188
0.000978 1 -0.000001
0 0 0 0
0.029175 0.021606
-2.242188 4.66748 -2.421631
0.000978 1 -0.000001
0 0 0 0
0.029175 0.048706
-2.369385 4.66748 -2.148193
0.000978 1 -0.000001
0 0 0 0
0.056396 0.021606
-2.314697 4.66748 -2.148193
0.000978 1 -0.000001
0 0 0 0
0.029175 0.021606
-2.314697 4.66748 -2.202637
0.000978 1 -0.000001
0 0 0 0
0.029175 0.048706
-2.369385 4.66748 -2.202637
0.000978 1 -0.000001
0 0 0 0
0.056396 0.048706
-2.369385 4.66748 -1.640625
0.000978 1 -0.000001
0 0 0 0
0.056396 0.048706
-2.369385 4.66748 -1.586182
0.000978 1 -0.000001
0 0 0 0
0.056396 0.021606
-2.314697 4.66748 -1.586182
0.000978 1 -0.000001
0 0 0 0
0.029175 0.021606
-2.314697 4.66748 -1.640625
0.000978 1 -0.000001
0 0 0 0
0.029175 0.048706
-2.314697 4.66748 -1.021729
0.000978 1 -0.000001
0 0 0 0
0.029175 0.048706
-2.369385 4.66748 -1.021729
0.000978 1 -0.000001
0 0 0 0
0.056396 0.048706
-2.369385 4.66748 -0.967285
0.000978 1 -0.000001
0 0 0 0
0.056396 0.021606
-2.314697 4.66748 -0.967285
0.000978 1 -0.000001
0 0 0 0
0.029175 0.021606
-2.314697 4.66748 -0.213379
0.000978 1 -0.000001
0 0 0 0
0.029175 0.021606
-2.314697 4.66748 -0.267822
0.000978 1 -0.000001
0 0 0 0
0.029175 0.048706
-2.369385 4.66748 -0.267822
0.000978 1 -0.000001
0 0 0 0
0.056396 0.048706
-2.369385 4.66748 -0.213379
0.000978 1 -0.000001
0 0 0 0
0.056396 0.021606
-2.369385 4.66748 0.581543
0.000978 1 -0.000001
0 0 0 0
0.056396 0.048706
-2.369385 4.66748 0.635986
0.000978 1 -0.000001
0 0 0 0
0.056396 0.021606
-2.314697 4.66748 0.635986
0.000978 1 -0.000001
0 0 0 0
0.029175 0.021606
-2.314697 4.66748 0.581543
0.000978 1 -0.000001
0 0 0 0
0.029175 0.048706
-2.314697 4.66748 1.304199
0.000978 1 -0.000001
0 0 0 0
0.029175 0.048706
-2.369385 4.66748 1.304199
0.000978 1 -0.000001
0 0 0 0
0.056396 0.048706
-2.369385 4.66748 1.358643
0.000978 1 -0.000001
0 0 0 0
0.056396 0.021606
-2.314697 4.66748 1.358643
0.000978 1 -0.000001
0 0 0 0
0.029175 0.021606
-2.314697 4.66748 2.058105
0.000978 1 -0.000001
0 0 0 0
0.029175 0.048706
-2.369385 4.66748 2.058105
0.000978 1 -0.000001
0 0 0 0
0.056396 0.048706
-2.369385 4.66748 2.112549
0.000978 1 -0.000001
0 0 0 0
0.056396 0.021606
-2.314697 4.66748 2.112549
0.000978 1 -0.000001
0 0 0 0
0.029175 0.021606
-2.242188 4.66748 2.38916
0.000978 1 -0.000001
0 0 0 0
0.029175 0.048706
-2.296875 4.66748 2.38916
0.000978 1 -0.000001
0 0 0 0
0.056396 0.048706
-2.296875 4.66748 2.443604
0.000978 1 -0.000001
0 0 0 0
0.056396 0.021606
-2.242188 4.66748 2.443604
0.000978 1 -0.000001
0 0 0 0
0.029175 0.021606
-2.369385 4.125977 4.385986
-0.001382 -0.001382 0.999998
0 0 0 0
0.029175 0.021606
-2.369385 4.177246 4.385986
-0.001382 -0.001382 0.999998
0 0 0 0
0.029175 0.048706
-2.424072 4.177246 4.385986
-0.001382 -0.001382 0.999998
0 0 0 0
0.056396 0.048706
-2.424072 4.125977 4.385986
-0.001382 -0.001382 0.999998
0 0 0 0
0.056396 0.021606
-1.663574 4.66748 2.443604
0.000978 1 -0.000001
0 0 0 0
0.029175 0.021606
-1.663574 4.66748 2.38916
0.000978 1 -0.000001
0 0 0 0
0.029175 0.048706
-1.718262 4.66748 2.38916
0.000978 1 -0.000001
0 0 0 0
0.056396 0.048706
-1.718262 4.66748 2.443604
0.000978 1 -0.000001
0 0 0 0
0.056396 0.021606
-1.01416 4.66748 2.443604
0.000978 1 -0.000001
0 0 0 0
0.029175 0.021606
-1.01416 4.66748 2.38916
0.000978 1 -0.000001
0 0 0 0
0.029175 0.048706
-1.068848 4.66748 2.38916
0.000978 1 -0.000001
0 0 0 0
0.056396 0.048706
-1.068848 4.66748 2.443604
0.000978 1 -0.000001
0 0 0 0
0.056396 0.021606
-0.835205 4.7146 1.968018
-0.137896 0.880411 0.45372
0 0 0 0
0.056396 0.048706
-0.851807 4.689209 2.012451
-0.137896 0.880411 0.45372
0 0 0 0
0.056396 0.021606
-0.800293 4.687988 2.030273
-0.137896 0.880411 0.45372
0 0 0 0
0.029175 0.021606
-0.783691 4.713623 1.98584
-0.137896 0.880411 0.45372
0 0 0 0
0.029175 0.048706
-1.284912 4.716797 1.710449
-0.281391 0.880926 0.38051
0 0 0 0
0.056396 0.048706
-1.315674 4.691162 1.746582
-0.281391 0.880926 0.38051
0 0 0 0
0.056396 0.021606
-1.273438 4.690186 1.780518
-0.281391 0.880926 0.38051
0 0 0 0
0.029175 0.021606
-1.242676 4.715576 1.744385
-0.281391 0.880926 0.38051
0 0 0 0
0.029175 0.048706
-1.679199 4.7229 1.316162
-0.370163 0.8815 0.293151
0 0 0 0
0.056396 0.048706
-1.71875 4.697266 1.343262
-0.370163 0.8815 0.293151
0 0 0 0
0.056396 0.021606
-1.686768 4.696045 1.386719
-0.370163 0.8815 0.293151
0 0 0 0
0.029175 0.021606
-1.647461 4.72168 1.359619
-0.370163 0.8815 0.293151
0 0 0 0
0.029175 0.048706
-2.009033 4.7146 0.815186
-0.413869 0.882848 0.222021
0 0 0 0
0.056396 0.048706
-2.05249 4.689209 0.834961
-0.413869 0.882848 0.222021
0 0 0 0
0.056396 0.021606
-2.029053 4.687988 0.883301
-0.413869 0.882848 0.222021
0 0 0 0
0.029175 0.021606
-1.985352 4.713623 0.863525
-0.413869 0.882848 0.222021
0 0 0 0
0.029175 0.048706
-2.141357 4.716797 0.320801
-0.465125 0.88283 0.065343
0 0 0 0
0.056396 0.048706
-2.189209 4.691162 0.324707
-0.465125 0.88283 0.065343
0 0 0 0
0.056396 0.021606
-2.183838 4.690186 0.378174
-0.465125 0.88283 0.065343
0 0 0 0
0.029175 0.021606
-2.135986 4.715576 0.374023
-0.465125 0.88283 0.065343
0 0 0 0
0.029175 0.048706
-0.241455 4.7229 2.093262
-0.058134 0.879123 0.473037
0 0 0 0
0.056396 0.048706
-0.249756 4.697266 2.139893
-0.058134 0.879123 0.473037
0 0 0 0
0.056396 0.021606
-0.196045 4.696045 2.148438
-0.058134 0.879123 0.473037
0 0 0 0
0.029175 0.021606
-0.1875 4.72168 2.102051
-0.058134 0.879123 0.473037
0 0 0 0
0.029175 0.048706
-0.376221 4.677734 2.841064
0.000978 1 -0.000001
0 0 0 0
0.029175 0.048706
-0.430664 4.677734 2.841064
0.000978 1 -0.000001
0 0 0 0
0.056396 0.048706
-0.430664 4.677734 2.895508
0.000978 1 -0.000001
0 0 0 0
0.056396 0.021606
-0.376221 4.677734 2.895508
0.000978 1 -0.000001
0 0 0 0
0.029175 0.021606
-0.376221 4.677734 2.547363
0.000978 1 -0.000001
0 0 0 0
0.029175 0.048706
-0.430664 4.677734 2.547363
0.000978 1 -0.000001
0 0 0 0
0.056396 0.048706
-0.430664 4.677734 2.601807
0.000978 1 -0.000001
0 0 0 0
0.056396 0.021606
-0.376221 4.677734 2.601807
0.000978 1 -0.000001
0 0 0 0
0.029175 0.021606
-0.376221 4.677734 2.251709
0.000978 1 -0.000001
0 0 0 0
0.029175 0.048706
-0.430664 4.677734 2.251709
0.000978 1 -0.000001
0 0 0 0
0.056396 0.048706
-0.430664 4.677734 2.306152
0.000978 1 -0.000001
0 0 0 0
0.056396 0.021606
-0.376221 4.677734 2.306152
0.000978 1 -0.000001
0 0 0 0
0.029175 0.021606
-0.000977 4.669678 3.150635
0.000978 1 -0.000001
0 0 0 0
0.029175 0.021606
-0.000977 4.669678 3.096191
0.000978 1 -0.000001
0 0 0 0
0.029175 0.048706
-0.05542 4.669678 3.096191
0.000978 1 -0.000001
0 0 0 0
0.056396 0.048706
-0.05542 4.669678 3.150635
0.000978 1 -0.000001
0 0 0 0
0.056396 0.021606
0.210938 4.669678 3.096191
0.000978 1 -0.000001
0 0 0 0
0.029175 0.048706
0.156494 4.669678 3.096191
0.000978 1 -0.000001
0 0 0 0
0.056396 0.048706
0.156494 4.669678 3.150635
0.000978 1 -0.000001
0 0 0 0
0.056396 0.021606
0.210938 4.669678 3.150635
0.000978 1 -0.000001
0 0 0 0
0.029175 0.021606
0.220703 4.669678 3.309082
0.000978 1 -0.000001
0 0 0 0
0.029175 0.048706
0.166016 4.669678 3.309082
0.000978 1 -0.000001
0 0 0 0
0.056396 0.048706
0.166016 4.669678 3.363525
0.000978 1 -0.000001
0 0 0 0
0.056396 0.021606
0.220703 4.669678 3.363525
0.000978 1 -0.000001
0 0 0 0
0.029175 0.021606
-0.05542 4.669678 3.309082
0.000978 1 -0.000001
0 0 0 0
0.056396 0.048706
-0.05542 4.669678 3.363525
0.000978 1 -0.000001
0 0 0 0
0.056396 0.021606
-0.000977 4.669678 3.363525
0.000978 1 -0.000001
0 0 0 0
0.029175 0.021606
-0.000977 4.669678 3.309082
0.000978 1 -0.000001
0 0 0 0
0.029175 0.048706
0.00708 4.677734 2.841064
0.000978 1 -0.000001
0 0 0 0
0.029175 0.048706
-0.047607 4.677734 2.841064
0.000978 1 -0.000001
0 0 0 0
0.056396 0.048706
-0.047607 4.677734 2.895508
0.000978 1 -0.000001
0 0 0 0
0.056396 0.021606
0.00708 4.677734 2.895508
0.000978 1 -0.000001
0 0 0 0
0.029175 0.021606
0.412598 4.677734 2.841064
0.000978 1 -0.000001
0 0 0 0
0.029175 0.048706
0.35791 4.677734 2.841064
0.000978 1 -0.000001
0 0 0 0
0.056396 0.048706
0.35791 4.677734 2.895508
0.000978 1 -0.000001
0 0 0 0
0.056396 0.021606
0.412598 4.677734 2.895508
0.000978 1 -0.000001
0 0 0 0
0.029175 0.021606
0.412598 4.677734 2.601807
0.000978 1 -0.000001
0 0 0 0
0.029175 0.021606
0.412598 4.677734 2.547363
0.000978 1 -0.000001
0 0 0 0
0.029175 0.048706
0.35791 4.677734 2.547363
0.000978 1 -0.000001
0 0 0 0
0.056396 0.048706
0.35791 4.677734 2.601807
0.000978 1 -0.000001
0 0 0 0
0.056396 0.021606
0.661621 4.66748 2.38916
0.000978 1 -0.000001
0 0 0 0
0.029175 0.048706
0.607178 4.66748 2.38916
0.000978 1 -0.000001
0 0 0 0
0.056396 0.048706
0.607178 4.66748 2.443604
0.000978 1 -0.000001
0 0 0 0
0.056396 0.021606
0.661621 4.66748 2.443604
0.000978 1 -0.000001
0 0 0 0
0.029175 0.021606
0.412598 4.677734 2.306152
0.000978 1 -0.000001
0 0 0 0
0.029175 0.021606
0.412598 4.677734 2.251709
0.000978 1 -0.000001
0 0 0 0
0.029175 0.048706
0.35791 4.677734 2.251709
0.000978 1 -0.000001
0 0 0 0
0.056396 0.048706
0.35791 4.677734 2.306152
0.000978 1 -0.000001
0 0 0 0
0.056396 0.021606
0.325439 4.691162 2.145264
0.06281 0.88053 0.469811
0 0 0 0
0.056396 0.021606
0.379883 4.690186 2.139893
0.06281 0.88053 0.469811
0 0 0 0
0.029175 0.021606
0.375732 4.715576 2.092773
0.06281 0.88053 0.469811
0 0 0 0
0.029175 0.048706
0.321289 4.716797 2.098145
0.06281 0.88053 0.469811
0 0 0 0
0.056396 0.048706
0.844971 4.689209 2.010986
0.217972 0.880048 0.421904
0 0 0 0
0.056396 0.021606
0.894287 4.687988 1.987793
0.217972 0.880048 0.421904
0 0 0 0
0.029175 0.021606
0.873779 4.713623 1.945068
0.217972 0.880048 0.421904
0 0 0 0
0.029175 0.048706
0.824707 4.7146 1.968262
0.217972 0.880048 0.421904
0 0 0 0
0.056396 0.048706
1.362305 4.697266 1.683105
0.287678 0.881373 0.374731
0 0 0 0
0.056396 0.021606
1.406738 4.696045 1.651855
0.287678 0.881373 0.374731
0 0 0 0
0.029175 0.021606
1.37915 4.72168 1.613037
0.287678 0.881373 0.374731
0 0 0 0
0.029175 0.048706
1.334717 4.7229 1.644287
0.287678 0.881373 0.374731
0 0 0 0
0.056396 0.048706
1.772949 4.691162 1.287354
0.373798 0.881809 0.287555
0 0 0 0
0.056396 0.021606
1.807617 4.690186 1.246094
0.373798 0.881809 0.287555
0 0 0 0
0.029175 0.021606
1.770752 4.715576 1.215576
0.373798 0.881809 0.287555
0 0 0 0
0.029175 0.048706
1.736328 4.716797 1.25708
0.373798 0.881809 0.287555
0 0 0 0
0.056396 0.048706
2.043701 4.689209 0.831787
0.448114 0.882649 0.141862
0 0 0 0
0.056396 0.021606
2.061768 4.687988 0.78125
0.448114 0.882649 0.141862
0 0 0 0
0.029175 0.021606
2.016602 4.713623 0.764893
0.448114 0.882649 0.141862
0 0 0 0
0.029175 0.048706
1.998535 4.7146 0.81543
0.448114 0.882649 0.141862
0 0 0 0
0.056396 0.048706
2.038086 4.66748 2.38916
0.000978 1 -0.000001
0 0 0 0
0.029175 0.048706
1.983398 4.66748 2.38916
0.000978 1 -0.000001
0 0 0 0
0.056396 0.048706
1.983398 4.66748 2.443604
0.000978 1 -0.000001
0 0 0 0
0.056396 0.021606
2.038086 4.66748 2.443604
0.000978 1 -0.000001
0 0 0 0
0.029175 0.021606
2.323242 4.66748 2.058105
0.000978 1 -0.000001
0 0 0 0
0.056396 0.048706
2.323242 4.66748 2.112549
0.000978 1 -0.000001
0 0 0 0
0.056396 0.021606
2.37793 4.66748 2.112549
0.000978 1 -0.000001
0 0 0 0
0.029175 0.021606
2.37793 4.66748 2.058105
0.000978 1 -0.000001
0 0 0 0
0.029175 0.048706
2.323242 4.66748 1.136963
0.000978 1 -0.000001
0 0 0 0
0.056396 0.048706
2.323242 4.66748 1.191406
0.000978 1 -0.000001
0 0 0 0
0.056396 0.021606
2.37793 4.66748 1.191406
0.000978 1 -0.000001
0 0 0 0
0.029175 0.021606
2.37793 4.66748 1.136963
0.000978 1 -0.000001
0 0 0 0
0.029175 0.048706
2.173584 4.697266 0.240479
0.466021 0.882722 0.060229
0 0 0 0
0.056396 0.021606
2.182373 4.696045 0.187744
0.466021 0.882722 0.060229
0 0 0 0
0.029175 0.021606
2.13501 4.72168 0.179443
0.466021 0.882722 0.060229
0 0 0 0
0.029175 0.048706
2.126221 4.7229 0.232422
0.466021 0.882722 0.060229
0 0 0 0
0.056396 0.048706
2.323242 4.66748 0.179199
0.000978 1 -0.000001
0 0 0 0
0.056396 0.048706
2.323242 4.66748 0.233643
0.000978 1 -0.000001
0 0 0 0
0.056396 0.021606
2.37793 4.66748 0.233643
0.000978 1 -0.000001
0 0 0 0
0.029175 0.021606
2.37793 4.66748 0.179199
0.000978 1 -0.000001
0 0 0 0
0.029175 0.048706
2.37793 4.66748 -0.619141
0.000978 1 -0.000001
0 0 0 0
0.029175 0.048706
2.323242 4.66748 -0.619141
0.000978 1 -0.000001
0 0 0 0
0.056396 0.048706
2.323242 4.66748 -0.564697
0.000978 1 -0.000001
0 0 0 0
0.056396 0.021606
2.37793 4.66748 -0.564697
0.000978 1 -0.000001
0 0 0 0
0.029175 0.021606
2.131104 4.725098 -0.320312
0.465125 0.88283 -0.065343
0 0 0 0
0.056519 0.050659
2.178955 4.699463 -0.324463
0.465125 0.88283 -0.065343
0 0 0 0
0.056519 0.023438
2.173584 4.698242 -0.377686
0.465125 0.88283 -0.065343
0 0 0 0
0.029297 0.023438
2.125732 4.723877 -0.373779
0.465125 0.88283 -0.065343
0 0 0 0
0.029297 0.050659
2.00293 4.7146 -0.814697
0.413869 0.882848 -0.222021
0 0 0 0
0.056396 0.048706
2.046631 4.689209 -0.834717
0.413869 0.882848 -0.222021
0 0 0 0
0.056396 0.021606
2.022949 4.687988 -0.883057
0.413869 0.882848 -0.222021
0 0 0 0
0.029175 0.021606
1.979248 4.713623 -0.863037
0.413869 0.882848 -0.222021
0 0 0 0
0.029175 0.048706
2.323242 4.66748 -1.44873
0.000978 1 -0.000001
0 0 0 0
0.056396 0.048706
2.323242 4.66748 -1.394287
0.000978 1 -0.000001
0 0 0 0
0.056396 0.021606
2.37793 4.66748 -1.394287
0.000978 1 -0.000001
0 0 0 0
0.029175 0.021606
2.37793 4.66748 -1.44873
0.000978 1 -0.000001
0 0 0 0
0.029175 0.048706
2.323242 4.66748 -2.148193
0.000978 1 -0.000001
0 0 0 0
0.056396 0.021606
2.37793 4.66748 -2.148193
0.000978 1 -0.000001
0 0 0 0
0.029175 0.021606
2.37793 4.66748 -2.202637
0.000978 1 -0.000001
0 0 0 0
0.029175 0.048706
2.323242 4.66748 -2.202637
0.000978 1 -0.000001
0 0 0 0
0.056396 0.048706
1.723389 4.66748 -2.38208
0.000978 1 -0.000001
0 0 0 0
0.056396 0.048706
1.723389 4.66748 -2.327637
0.000978 1 -0.000001
0 0 0 0
0.056396 0.021606
1.778076 4.66748 -2.327637
0.000978 1 -0.000001
0 0 0 0
0.029175 0.021606
1.778076 4.66748 -2.38208
0.000978 1 -0.000001
0 0 0 0
0.029175 0.048706
1.681396 4.7229 -1.329834
0.370163 0.8815 -0.293151
0 0 0 0
0.056396 0.048706
1.720703 4.697266 -1.356689
0.370163 0.8815 -0.293151
0 0 0 0
0.056396 0.021606
1.688965 4.696045 -1.400391
0.370163 0.8815 -0.293151
0 0 0 0
0.029175 0.021606
1.649414 4.72168 -1.373291
0.370163 0.8815 -0.293151
0 0 0 0
0.029175 0.048706
1.274658 4.716797 -1.754395
0.281391 0.880926 -0.38051
0 0 0 0
0.056396 0.048706
1.305664 4.691162 -1.790527
0.281391 0.880926 -0.38051
0 0 0 0
0.056396 0.021606
1.263428 4.690186 -1.824463
0.281391 0.880926 -0.38051
0 0 0 0
0.029175 0.021606
1.232422 4.715576 -1.78833
0.281391 0.880926 -0.38051
0 0 0 0
0.029175 0.048706
1.119385 4.66748 -2.38208
0.000978 1 -0.000001
0 0 0 0
0.029175 0.048706
1.064697 4.66748 -2.38208
0.000978 1 -0.000001
0 0 0 0
0.056396 0.048706
1.064697 4.66748 -2.327637
0.000978 1 -0.000001
0 0 0 0
0.056396 0.021606
1.119385 4.66748 -2.327637
0.000978 1 -0.000001
0 0 0 0
0.029175 0.021606
0.825195 4.7146 -2.011963
0.137896 0.880411 -0.45372
0 0 0 0
0.056396 0.048706
0.841553 4.689209 -2.056396
0.137896 0.880411 -0.45372
0 0 0 0
0.056396 0.021606
0.790039 4.687988 -2.074219
0.137896 0.880411 -0.45372
0 0 0 0
0.029175 0.021606
0.773682 4.713623 -2.029785
0.137896 0.880411 -0.45372
0 0 0 0
0.029175 0.048706
0.231201 4.7229 -2.144531
0.058134 0.879123 -0.473037
0 0 0 0
0.056396 0.048706
0.239746 4.697266 -2.191162
0.058134 0.879123 -0.473037
0 0 0 0
0.056396 0.021606
0.185791 4.696045 -2.199951
0.058134 0.879123 -0.473037
0 0 0 0
0.029175 0.021606
0.17749 4.72168 -2.15332
0.058134 0.879123 -0.473037
0 0 0 0
0.029175 0.048706
-0.335693 4.691162 -2.196533
-0.06281 0.88053 -0.469811
0 0 0 0
0.056396 0.021606
-0.389893 4.690186 -2.191406
-0.06281 0.88053 -0.469811
0 0 0 0
0.029175 0.021606
-0.385742 4.715576 -2.144287
-0.06281 0.88053 -0.469811
0 0 0 0
0.029175 0.048706
-0.331543 4.716797 -2.149414
-0.06281 0.88053 -0.469811
0 0 0 0
0.056396 0.048706
-0.855225 4.689209 -2.036865
-0.217972 0.880048 -0.421904
0 0 0 0
0.056396 0.021606
-0.904297 4.687988 -2.013672
-0.217972 0.880048 -0.421904
0 0 0 0
0.029175 0.021606
-0.884033 4.713623 -1.970947
-0.217972 0.880048 -0.421904
0 0 0 0
0.029175 0.048706
-0.834961 4.7146 -1.994141
-0.217972 0.880048 -0.421904
0 0 0 0
0.056396 0.048706
-1.372559 4.697266 -1.708984
-0.287678 0.881373 -0.374731
0 0 0 0
0.056396 0.021606
-1.416992 4.696045 -1.677734
-0.287678 0.881373 -0.374731
0 0 0 0
0.029175 0.021606
-1.389404 4.72168 -1.638916
-0.287678 0.881373 -0.374731
0 0 0 0
0.029175 0.048706
-1.344971 4.7229 -1.670166
-0.287678 0.881373 -0.374731
0 0 0 0
0.056396 0.048706
-1.068848 4.66748 -2.38208
0.000978 1 -0.000001
0 0 0 0
0.056396 0.048706
-1.068848 4.66748 -2.327637
0.000978 1 -0.000001
0 0 0 0
0.056396 0.021606
-1.01416 4.66748 -2.327637
0.000978 1 -0.000001
0 0 0 0
0.029175 0.021606
-1.01416 4.66748 -2.38208
0.000978 1 -0.000001
0 0 0 0
0.029175 0.048706
-1.783203 4.691162 -1.287109
-0.373798 0.881809 -0.287555
0 0 0 0
0.056396 0.021606
-1.817871 4.690186 -1.245605
-0.373798 0.881809 -0.287555
0 0 0 0
0.029175 0.021606
-1.781006 4.715576 -1.215088
-0.373798 0.881809 -0.287555
0 0 0 0
0.029175 0.048706
-1.746338 4.716797 -1.256592
-0.373798 0.881809 -0.287555
0 0 0 0
0.056396 0.048706
-2.053955 4.690186 -0.831299
-0.448114 0.882649 -0.141862
0 0 0 0
0.056519 0.021973
-2.072021 4.689209 -0.780762
-0.448114 0.882649 -0.141862
0 0 0 0
0.029297 0.021973
-2.026855 4.7146 -0.764648
-0.448114 0.882649 -0.141862
0 0 0 0
0.029297 0.049194
-2.008789 4.71582 -0.815186
-0.448114 0.882649 -0.141862
0 0 0 0
0.056519 0.049194
-2.183838 4.698242 -0.240234
-0.466021 0.882722 -0.060229
0 0 0 0
0.056396 0.021606
-2.192627 4.697021 -0.187256
-0.466021 0.882722 -0.060229
0 0 0 0
0.029297 0.021606
-2.145264 4.722656 -0.178955
-0.466021 0.882722 -0.060229
0 0 0 0
0.029297 0.048828
-2.13623 4.723633 -0.231934
-0.466021 0.882722 -0.060229
0 0 0 0
0.056396 0.048828
2.355713 4.177246 4.385986
-0.001382 -0.001382 0.999998
0 0 0 0
0.056396 0.048706
2.355713 4.125977 4.385986
-0.001382 -0.001382 0.999998
0 0 0 0
0.056396 0.021606
2.410156 4.125977 4.385986
-0.001382 -0.001382 0.999998
0 0 0 0
0.029175 0.021606
2.410156 4.177246 4.385986
-0.001382 -0.001382 0.999998
0 0 0 0
0.029175 0.048706
-2.424072 4.125977 -4.378174
-0.001382 0.001382 -0.999998
0 0 0 0
0.029175 0.021606
-2.424072 4.177246 -4.378174
-0.001382 0.001382 -0.999998
0 0 0 0
0.029175 0.048706
-2.369385 4.177246 -4.378174
-0.001382 0.001382 -0.999998
0 0 0 0
0.056396 0.048706
-2.369385 4.125977 -4.378174
-0.001382 0.001382 -0.999998
0 0 0 0
0.056396 0.021606
2.410156 4.177246 -4.378174
0.001382 -0.001382 -0.999998
0 0 0 0
0.056396 0.048706
2.4104 4.125977 -4.378174
0.001382 -0.001382 -0.999998
0 0 0 0
0.056396 0.021606
2.355713 4.125977 -4.378174
0.001382 -0.001382 -0.999998
0 0 0 0
0.029175 0.021606
2.355713 4.177246 -4.378174
0.001382 -0.001382 -0.999998
0 0 0 0
0.029175 0.048706
2.414551 4.91626 -3.282471
0.001382 -0.001382 0.999998
0 0 0 0
0.029175 0.021606
2.35791 4.91626 -3.282471
0.001382 -0.001382 0.999998
0 0 0 0
0.029175 0.048706
2.35791 4.864746 -3.282471
0.001382 -0.001382 0.999998
0 0 0 0
0.056396 0.048706
2.414551 4.864746 -3.282471
0.001382 -0.001382 0.999998
0 0 0 0
0.056396 0.021606
2.289551 5.091797 -3.407959
-0.001382 -0.001382 -0.999998
0 0 0 0
0.056396 0.021606
2.289551 5.143311 -3.407959
-0.001382 -0.001382 -0.999998
0 0 0 0
0.029175 0.021606
2.346191 5.143311 -3.407959
-0.001382 -0.001382 -0.999998
0 0 0 0
0.029175 0.048706
2.346191 5.091797 -3.407959
-0.001382 -0.001382 -0.999998
0 0 0 0
0.056396 0.048706
2.348389 5 -3.407959
-0.001382 -0.001382 -0.999998
0 0 0 0
0.056396 0.021606
2.348389 5.051758 -3.407959
-0.001382 -0.001382 -0.999998
0 0 0 0
0.029175 0.021606
2.405029 5.051758 -3.407959
-0.001382 -0.001382 -0.999998
0 0 0 0
0.029175 0.048706
2.405029 5 -3.407959
-0.001382 -0.001382 -0.999998
0 0 0 0
0.056396 0.048706
2.193115 5.091797 -3.282471
0.001382 -0.001382 0.999998
0 0 0 0
0.056396 0.021606
2.193115 5.143311 -3.282471
0.001382 -0.001382 0.999998
0 0 0 0
0.029175 0.021606
2.136475 5.143311 -3.282471
0.001382 -0.001382 0.999998
0 0 0 0
0.029175 0.048706
2.136475 5.091797 -3.282471
0.001382 -0.001382 0.999998
0 0 0 0
0.056396 0.048706
2.346191 4.841064 -3.407959
-0.001382 -0.001382 -0.999998
0 0 0 0
0.029175 0.048706
2.346191 4.789551 -3.407959
-0.001382 -0.001382 -0.999998
0 0 0 0
0.056396 0.048706
2.289551 4.789551 -3.407959
-0.001382 -0.001382 -0.999998
0 0 0 0
0.056396 0.021606
2.289551 4.841064 -3.407959
-0.001382 -0.001382 -0.999998
0 0 0 0
0.029175 0.021606
1.882324 5.817139 0.470215
0.000978 1 -0.000001
0 0 0 0
0.029175 0.048706
1.827881 5.817139 0.470215
0.000978 1 -0.000001
0 0 0 0
0.056396 0.048706
1.827881 5.817139 0.524658
0.000978 1 -0.000001
0 0 0 0
0.056396 0.021606
1.882324 5.817139 0.524658
0.000978 1 -0.000001
0 0 0 0
0.029175 0.021606
-1.258057 5.811523 1.40332
0.000978 1 -0.000001
0 0 0 0
0.029175 0.048706
-1.3125 5.811523 1.40332
0.000978 1 -0.000001
0 0 0 0
0.056396 0.048706
-1.3125 5.811523 1.458008
0.000978 1 -0.000001
0 0 0 0
0.056396 0.021606
-1.258057 5.811523 1.458008
0.000978 1 -0.000001
0 0 0 0
0.029175 0.021606
2.002197 4.921143 3.344971
-1 -0.000977 0.000001
0 0 0 0
0.029175 0.021606
2.002197 4.921143 3.307617
-1 -0.000977 0.000001
0 0 0 0
0.029175 0.048706
2.002197 4.886475 3.307617
-1 -0.000977 0.000001
0 0 0 0
0.056396 0.048706
2.002197 4.886475 3.344971
-1 -0.000977 0.000001
0 0 0 0
0.056396 0.021606
2.405029 4.864746 -3.407959
-0.001382 -0.001382 -0.999998
0 0 0 0
0.056396 0.048706
2.348389 4.864746 -3.407959
-0.001382 -0.001382 -0.999998
0 0 0 0
0.056396 0.021606
2.348389 4.91626 -3.407959
-0.001382 -0.001382 -0.999998
0 0 0 0
0.029175 0.021606
2.405029 4.91626 -3.407959
-0.001382 -0.001382 -0.999998
0 0 0 0
0.029175 0.048706
-0.899414 5.811523 1.662354
0.000978 1 -0.000001
0 0 0 0
0.029175 0.048706
-0.953857 5.811523 1.662354
0.000978 1 -0.000001
0 0 0 0
0.056396 0.048706
-0.953857 5.811523 1.716797
0.000978 1 -0.000001
0 0 0 0
0.056396 0.021606
-0.899414 5.811523 1.716797
0.000978 1 -0.000001
0 0 0 0
0.029175 0.021606
-1.838867 5.813965 0.474854
0.000978 1 -0.000001
0 0 0 0
0.029175 0.048706
-1.893555 5.813965 0.474854
0.000978 1 -0.000001
0 0 0 0
0.056396 0.048706
-1.893555 5.813965 0.529297
0.000978 1 -0.000001
0 0 0 0
0.056396 0.021606
-1.838867 5.813965 0.529297
0.000978 1 -0.000001
0 0 0 0
0.029175 0.021606
2.002197 5.053955 3.307617
-1 -0.000977 0.000001
0 0 0 0
0.029175 0.048706
2.002197 5.019287 3.307617
-1 -0.000977 0.000001
0 0 0 0
0.056396 0.048706
2.002197 5.019287 3.344971
-1 -0.000977 0.000001
0 0 0 0
0.056396 0.021606
2.002197 5.053955 3.344971
-1 -0.000977 0.000001
0 0 0 0
0.029175 0.021606
2.068115 5 -3.407959
-0.001382 -0.001382 -0.999998
0 0 0 0
0.056396 0.021606
2.068115 5.051758 -3.407959
-0.001382 -0.001382 -0.999998
0 0 0 0
0.029175 0.021606
2.124756 5.051758 -3.407959
-0.001382 -0.001382 -0.999998
0 0 0 0
0.029175 0.048706
2.124756 5 -3.407959
-0.001382 -0.001382 -0.999998
0 0 0 0
0.056396 0.048706
1.885498 5.817139 -0.510986
0.000978 1 -0.000001
0 0 0 0
0.029175 0.048706
1.831055 5.817139 -0.510986
0.000978 1 -0.000001
0 0 0 0
0.056396 0.048706
1.831055 5.817139 -0.456543
0.000978 1 -0.000001
0 0 0 0
0.056396 0.021606
1.885498 5.817139 -0.456543
0.000978 1 -0.000001
0 0 0 0
0.029175 0.021606
0.878418 5.811035 -1.758789
0.000978 1 -0.000001
0 0 0 0
0.029175 0.048706
0.823975 5.811035 -1.758789
0.000978 1 -0.000001
0 0 0 0
0.056396 0.048706
0.823975 5.811035 -1.704102
0.000978 1 -0.000001
0 0 0 0
0.056396 0.021606
0.878418 5.811035 -1.704102
0.000978 1 -0.000001
0 0 0 0
0.029175 0.021606
2.070801 4.921143 3.123047
1 -0.000977 0.000001
0 0 0 0
0.029175 0.021606
2.070801 4.921143 3.1604
1 -0.000977 0.000001
0 0 0 0
0.029175 0.048706
2.070801 4.886475 3.1604
1 -0.000977 0.000001
0 0 0 0
0.056396 0.048706
2.070801 4.886475 3.123047
1 -0.000977 0.000001
0 0 0 0
0.056396 0.021606
-1.835449 5.813965 0.007324
0.000978 1 -0.000001
0 0 0 0
0.029175 0.048706
-1.890137 5.813965 0.007324
0.000978 1 -0.000001
0 0 0 0
0.056396 0.048706
-1.890137 5.813965 0.061768
0.000978 1 -0.000001
0 0 0 0
0.056396 0.021606
-1.835449 5.813965 0.061768
0.000978 1 -0.000001
0 0 0 0
0.029175 0.021606
-1.257568 5.813965 -1.463623
0.000978 1 -0.000001
0 0 0 0
0.029175 0.048706
-1.312256 5.813965 -1.463623
0.000978 1 -0.000001
0 0 0 0
0.056396 0.048706
-1.312256 5.813965 -1.40918
0.000978 1 -0.000001
0 0 0 0
0.056396 0.021606
-1.257568 5.813965 -1.40918
0.000978 1 -0.000001
0 0 0 0
0.029175 0.021606
250
2 1 0
3 2 0
4 2 3
5 4 3
8 7 6
7 9 6
6 9 10
9 11 10
14 13 12
13 15 12
13 16 15
16 17 15
20 19 18
19 21 18
19 22 21
22 23 21
26 25 24
27 26 24
27 24 28
29 27 28
32 31 30
33 32 30
33 30 34
35 33 34
38 37 36
37 39 36
36 39 40
39 41 40
44 43 42
43 45 42
42 45 46
45 47 46
50 49 48
51 50 48
54 53 52
55 54 52
58 57 56
59 58 56
62 61 60
63 62 60
66 65 64
67 66 64
70 69 68
71 70 68
74 73 72
75 74 72
78 77 76
79 78 76
82 81 80
83 82 80
86 85 84
87 86 84
90 89 88
91 90 88
94 93 92
95 94 92
98 97 96
99 98 96
102 101 100
103 102 100
106 105 104
107 106 104
110 109 108
111 110 108
114 113 112
115 114 112
118 117 116
119 118 116
122 121 120
123 122 120
126 125 124
127 126 124
130 129 128
131 130 128
134 133 132
135 134 132
138 137 136
139 138 136
142 141 140
143 142 140
146 145 144
147 146 144
150 149 148
151 150 148
154 153 152
155 154 152
158 157 156
159 158 156
162 161 160
163 162 160
166 165 164
167 166 164
170 169 168
171 170 168
174 173 172
175 174 172
178 177 176
179 178 176
182 181 180
183 182 180
186 185 184
187 186 184
190 189 188
191 190 188
194 193 192
195 194 192
198 197 196
199 198 196
202 201 200
203 202 200
206 205 204
207 206 204
210 209 208
211 210 208
214 213 212
215 214 212
218 217 216
219 218 216
222 221 220
223 222 220
226 225 224
227 226 224
230 229 228
231 230 228
234 233 232
235 234 232
238 237 236
239 238 236
242 241 240
243 242 240
246 245 244
247 246 244
250 249 248
251 250 248
254 253 252
255 254 252
258 257 256
259 258 256
262 261 260
263 262 260
266 265 264
267 266 264
270 269 268
271 270 268
274 273 272
275 274 272
278 277 276
279 278 276
282 281 280
283 282 280
286 285 284
287 286 284
290 289 288
291 290 288
294 293 292
295 294 292
298 297 296
299 298 296
302 301 300
303 302 300
306 305 304
307 306 304
310 309 308
311 310 308
314 313 312
315 314 312
318 317 316
319 318 316
322 321 320
323 322 320
326 325 324
327 326 324
330 329 328
331 330 328
334 333 332
335 334 332
338 337 336
339 338 336
342 341 340
343 342 340
346 345 344
347 346 344
350 349 348
351 350 348
354 353 352
355 354 352
358 357 356
359 358 356
362 361 360
363 362 360
366 365 364
367 366 364
370 369 368
371 370 368
374 373 372
375 374 372
378 377 376
379 378 376
382 381 380
383 382 380
386 385 384
387 386 384
390 389 388
391 390 388
394 393 392
395 394 392
398 397 396
399 398 396
402 401 400
403 402 400
406 405 404
407 406 404
410 409 408
411 410 408
414 413 412
415 414 412
418 417 416
419 418 416
422 421 420
423 422 420
426 425 424
427 426 424
430 429 428
431 430 428
434 433 432
435 434 432
438 437 436
439 438 436
442 441 440
443 442 440
446 445 444
447 446 444
450 449 448
451 450 448
454 453 452
455 454 452
458 457 456
459 458 456
462 461 460
463 462 460
466 465 464
467 466 464
470 469 468
471 470 468
474 473 472
475 474 472
478 477 476
479 478 476
482 481 480
483 482 480
sm09_material\environment\template\architecture\gbl_arch_concrete_trim_02\rv_gbl_arch_painted_rusted_metal_trim_white.material
1
0
510
-0.005371 5.42334 2.154785
0.001362 -0.336444 -0.941703
0 0 0 0
0.873901 0.099365
0.117676 5.418945 2.196045
0.092063 -0.969373 -0.227685
0 0 0 0
0.803101 0.09668
-0.005371 5.418945 2.172119
0.001091 -0.969569 -0.244816
0 0 0 0
0.871216 0.09668
0.124512 5.42334 2.180176
0.35449 -0.335762 -0.872697
0 0 0 0
0.803101 0.099365
0.222168 5.418945 2.264404
0.170359 -0.970303 -0.171729
0 0 0 0
0.731689 0.09668
0.234375 5.42334 2.252441
0.660771 -0.337334 -0.670513
0 0 0 0
0.731567 0.099365
0.291748 5.418945 2.366943
0.221912 -0.970482 -0.094445
0 0 0 0
0.6604 0.09668
0.307861 5.42334 2.360352
0.866905 -0.339224 -0.365244
0 0 0 0
0.660278 0.099365
0.316406 5.418945 2.487793
0.241386 -0.970429 0.000505
0 0 0 0
0.589478 0.09668
0.33374 5.42334 2.487793
0.94056 -0.339619 -0.002483
0 0 0 0
0.589478 0.099365
0.333008 5.45874 2.487793
0.999747 0.022477 0.000506
0 0 0 0
0.589478 0.120972
0.307129 5.45874 2.36084
0.920683 0.024198 -0.389561
0 0 0 0
0.6604 0.120972
0.233887 5.45874 2.25293
0.699994 0.021755 -0.713818
0 0 0 0
0.731567 0.120972
0.124023 5.45874 2.180908
0.375818 0.023065 -0.926406
0 0 0 0
0.803345 0.120972
-0.005371 5.45874 2.155762
0.001382 0.0235 -0.999723
0 0 0 0
0.875366 0.120972
0.307861 5.42334 2.615234
0.866905 -0.339224 0.365244
0 0 0 0
0.518555 0.099365
0.307129 5.45874 2.61499
0.920683 0.024198 0.389561
0 0 0 0
0.518555 0.120972
0.234375 5.42334 2.723389
0.660771 -0.337334 0.670513
0 0 0 0
0.447266 0.099365
0.233887 5.45874 2.722656
0.699994 0.021755 0.713818
0 0 0 0
0.447266 0.120972
0.124512 5.42334 2.79541
0.35449 -0.335762 0.872697
0 0 0 0
0.375366 0.099365
0.124023 5.45874 2.794678
0.375818 0.023065 0.926406
0 0 0 0
0.375366 0.120972
-0.005371 5.42334 2.820801
0.001362 -0.336444 0.941703
0 0 0 0
0.303101 0.099365
-0.005371 5.45874 2.820068
-0.001382 0.0235 0.999723
0 0 0 0
0.303101 0.120972
0.117676 5.418945 2.779785
0.092063 -0.969373 0.227685
0 0 0 0
0.375244 0.09668
-0.005371 5.418945 2.803711
0.001091 -0.969569 0.244816
0 0 0 0
0.303101 0.09668
0.222168 5.418945 2.711182
0.170359 -0.970303 0.171729
0 0 0 0
0.447144 0.09668
0.291748 5.418945 2.608643
0.221912 -0.970482 0.094445
0 0 0 0
0.518433 0.09668
-0.005371 5.42334 2.154785
0.001362 -0.336444 -0.941703
0 0 0 0
0.041016 0.099365
-0.005371 5.418945 2.172119
0.001091 -0.969569 -0.244816
0 0 0 0
0.043701 0.09668
-0.128418 5.418945 2.196045
-0.092063 -0.969373 -0.227685
0 0 0 0
0.111816 0.09668
-0.13501 5.42334 2.180176
-0.35449 -0.335762 -0.872697
0 0 0 0
0.111938 0.099365
-0.232666 5.418945 2.264404
-0.170358 -0.970303 -0.171729
0 0 0 0
0.183228 0.09668
-0.245117 5.42334 2.252441
-0.660771 -0.337334 -0.670513
0 0 0 0
0.183472 0.099365
-0.30249 5.418945 2.366943
-0.221912 -0.970482 -0.094445
0 0 0 0
0.254517 0.09668
-0.318604 5.42334 2.360352
-0.866905 -0.339224 -0.365245
0 0 0 0
0.254639 0.099365
-0.326904 5.418945 2.487793
-0.241386 -0.970429 -0.000505
0 0 0 0
0.325439 0.09668
-0.344238 5.42334 2.487793
-0.94056 -0.339619 0.002483
0 0 0 0
0.325439 0.099365
-0.343506 5.45874 2.487793
-0.999747 0.022477 -0.000505
0 0 0 0
0.325439 0.120972
-0.317627 5.45874 2.36084
-0.920708 0.021894 -0.389638
0 0 0 0
0.254639 0.120972
-0.244385 5.45874 2.25293
-0.699994 0.021755 -0.713818
0 0 0 0
0.18335 0.120972
-0.134766 5.45874 2.180908
-0.375818 0.023065 -0.926406
0 0 0 0
0.111572 0.120972
-0.005371 5.45874 2.155762
0.001382 0.0235 -0.999723
0 0 0 0
0.039551 0.120972
-0.318604 5.42334 2.615234
-0.866905 -0.339224 0.365245
0 0 0 0
0.396362 0.099365
-0.317627 5.45874 2.61499
-0.920708 0.021894 0.389638
0 0 0 0
0.396362 0.120972
-0.245117 5.42334 2.723389
-0.660771 -0.337334 0.670513
0 0 0 0
0.467651 0.099365
-0.244385 5.45874 2.722656
-0.699994 0.021755 0.713818
0 0 0 0
0.467651 0.120972
-0.13501 5.42334 2.79541
-0.35449 -0.335762 0.872697
0 0 0 0
0.539551 0.099365
-0.134766 5.45874 2.794678
-0.375818 0.023065 0.926406
0 0 0 0
0.539551 0.120972
-0.005371 5.42334 2.820801
0.001362 -0.336444 0.941703
0 0 0 0
0.611938 0.099365
-0.005371 5.45874 2.820068
-0.001382 0.0235 0.999723
0 0 0 0
0.611938 0.120972
-0.128418 5.418945 2.779785
-0.092063 -0.969373 0.227685
0 0 0 0
0.539673 0.09668
-0.005371 5.418945 2.803711
0.001091 -0.969569 0.244816
0 0 0 0
0.611938 0.09668
-0.232666 5.418945 2.711182
-0.170358 -0.970303 0.171729
0 0 0 0
0.467896 0.09668
-0.30249 5.418945 2.608643
-0.221912 -0.970482 0.094445
0 0 0 0
0.396484 0.09668
0.412354 5.091309 2.608643
0.001382 0.001382 0.999998
0 0 0 0
0.552002 0.217163
0.291748 5.091309 2.608643
0.001382 0.001382 0.999998
0 0 0 0
0.622314 0.217163
0.291748 4.89917 2.608643
0.001382 0.001382 0.999998
0 0 0 0
0.622314 0.096191
0.412354 4.89917 2.608643
0.001382 0.001382 0.999998
0 0 0 0
0.552002 0.096191
0.316406 4.89917 2.487793
0.000978 -1 -0.000001
0 0 0 0
0.772217 0.690186
0.412354 4.89917 2.608643
0.000978 -1 0.000001
0 0 0 0
0.711426 0.6427
0.291748 4.89917 2.608643
0.000978 -1 0.000001
0 0 0 0
0.711426 0.702271
0.412354 4.89917 2.366943
0.000978 -1 -0.000001
0 0 0 0
0.83313 0.6427
0.291748 4.89917 2.366943
0.000978 -1 -0.000001
0 0 0 0
0.83313 0.702271
0.316406 5.091309 2.487793
0.000978 1 0.000001
0 0 0 0
0.772217 0.690186
0.291748 5.091309 2.608643
0.000978 1 -0.000001
0 0 0 0
0.711426 0.702271
0.412354 5.091309 2.608643
0.000978 1 -0.000001
0 0 0 0
0.711426 0.6427
0.412354 5.091309 2.366943
0.000978 1 0.000001
0 0 0 0
0.83313 0.6427
0.291748 5.091309 2.366943
0.000978 1 0.000001
0 0 0 0
0.83313 0.702271
0.412354 4.89917 2.366943
1 0.000978 -0.000001
0 0 0 0
0.409668 0.096191
0.412354 5.091309 2.366943
1 0.000978 -0.000001
0 0 0 0
0.409668 0.217163
0.412354 5.091309 2.608643
1 0.000978 -0.000001
0 0 0 0
0.552002 0.217163
0.412354 4.89917 2.608643
1 0.000978 -0.000001
0 0 0 0
0.552002 0.096191
0.291748 5.091309 2.366943
0.001382 0.001382 -0.999998
0 0 0 0
0.339355 0.217163
0.412354 5.091309 2.366943
0.001382 0.001382 -0.999998
0 0 0 0
0.409668 0.217163
0.412354 4.89917 2.366943
0.001382 0.001382 -0.999998
0 0 0 0
0.409668 0.096191
0.291748 4.89917 2.366943
0.001382 0.001382 -0.999998
0 0 0 0
0.339355 0.096191
-0.005127 5.550049 2.859131
0.001377 0.172156 0.985069
0 0 0 0
0.667114 0.0448
-0.005127 5.453857 2.864502
0.001382 0.056656 0.998393
0 0 0 0
0.667114 0.091553
0.105469 5.453857 2.845459
0.304457 0.058707 0.950715
0 0 0 0
0.718872 0.091553
0.104736 5.550049 2.839844
0.300735 0.172821 0.937919
0 0 0 0
0.718872 0.0448
0.206055 5.453857 2.797119
0.582655 0.061817 0.810365
0 0 0 0
0.770264 0.091553
0.202393 5.550049 2.79248
0.573132 0.177055 0.800107
0 0 0 0
0.770264 0.0448
0.276123 5.453857 2.723877
0.806685 0.065274 0.587365
0 0 0 0
0.802856 0.091553
0.271729 5.550049 2.719482
0.796216 0.187706 0.575157
0 0 0 0
0.802856 0.0448
0.258057 5.554932 2.713135
0.805081 0.119226 0.581059
0 0 0 0
0.802856 0.033203
0.192139 5.554932 2.782471
0.577061 0.11699 0.808279
0 0 0 0
0.770264 0.033203
0.099121 5.554932 2.827148
0.301444 0.110484 0.947061
0 0 0 0
0.718872 0.033203
-0.005127 5.554932 2.845215
0.00138 0.1118 0.99373
0 0 0 0
0.667114 0.033203
-0.005127 5.554932 2.845215
0.00138 0.1118 0.99373
0 0 0 0
0.435791 0.091553
0.097656 5.707764 2.825195
0.30192 0.015028 0.953215
0 0 0 0
0.473022 0.033325
-0.005127 5.707764 2.843262
0.001382 0.015206 0.999883
0 0 0 0
0.435791 0.033325
0.099121 5.554932 2.827148
0.301444 0.110484 0.947061
0 0 0 0
0.473022 0.091553
0.190674 5.707764 2.780762
0.580614 0.014482 0.81405
0 0 0 0
0.510132 0.033325
0.192139 5.554932 2.782471
0.577061 0.11699 0.808279
0 0 0 0
0.510132 0.091553
0.255371 5.707764 2.712891
0.809152 0.016011 0.587381
0 0 0 0
0.533691 0.033325
0.258057 5.554932 2.713135
0.805081 0.119226 0.581059
0 0 0 0
0.533691 0.091553
0.317383 5.453613 2.644775
0.928605 0.065105 0.365313
0 0 0 0
0.215698 0.091553
0.271729 5.550049 2.719482
0.796216 0.187706 0.575157
0 0 0 0
0.16748 0.0448
0.276123 5.453857 2.723877
0.806685 0.065274 0.587365
0 0 0 0
0.16748 0.091553
0.312256 5.550049 2.640625
0.913801 0.196871 0.355261
0 0 0 0
0.215698 0.0448
0.341797 5.453613 2.557373
0.974659 0.065695 0.213833
0 0 0 0
0.258911 0.091553
0.336182 5.550049 2.553711
0.956988 0.202997 0.207282
0 0 0 0
0.258911 0.0448
0.355713 5.453857 2.470703
0.985005 0.045397 0.166446
0 0 0 0
0.302124 0.091553
0.349121 5.550049 2.469482
0.961949 0.220205 0.161753
0 0 0 0
0.302124 0.0448
0.508301 5.550049 1.542725
0.962278 0.218173 0.162548
0 0 0 0
0.789917 0.0448
0.525391 5.453857 1.449707
0.985741 0.005283 0.168189
0 0 0 0
0.838867 0.091553
0.488037 5.554932 1.54248
0.977005 0.138066 0.162479
0 0 0 0
0.789917 0.033203
0.333252 5.554932 2.469971
0.979917 0.112865 0.16439
0 0 0 0
0.302124 0.033203
0.320801 5.554932 2.55249
0.970595 0.119309 0.209071
0 0 0 0
0.258911 0.033203
0.297607 5.554932 2.636719
0.924852 0.11974 0.360987
0 0 0 0
0.215698 0.033203
0.258057 5.554932 2.713135
0.805081 0.119226 0.581059
0 0 0 0
0.16748 0.033203
0.294434 5.707764 2.637451
0.930814 0.017132 0.365092
0 0 0 0
0.170166 0.033325
0.255371 5.707764 2.712891
0.809152 0.016011 0.587381
0 0 0 0
0.135376 0.033325
0.258057 5.554932 2.713135
0.805081 0.119226 0.581059
0 0 0 0
0.135376 0.091553
0.297607 5.554932 2.636719
0.924852 0.11974 0.360987
0 0 0 0
0.170166 0.091553
0.317383 5.707764 2.553955
0.977492 0.018281 0.210179
0 0 0 0
0.201294 0.033325
0.320801 5.554932 2.55249
0.970595 0.119309 0.209071
0 0 0 0
0.201294 0.091553
0.330322 5.707764 2.469482
0.986236 0.017932 0.164367
0 0 0 0
0.232422 0.033325
0.333252 5.554932 2.469971
0.979917 0.112865 0.16439
0 0 0 0
0.232422 0.091553
0.488037 5.554932 1.54248
0.977005 0.138066 0.162479
0 0 0 0
0.583984 0.091553
0.500977 5.707764 1.449707
0.986262 0.015822 0.164428
0 0 0 0
0.583984 0.033325
0.642822 5.554932 0.615234
0.974595 0.164706 0.151777
0 0 0 0
0.935547 0.091553
0.640869 5.707764 0.614746
0.988019 0.01365 0.153726
0 0 0 0
0.935547 0.033203
-0.005127 5.453857 0.680664
0.001382 0.012442 0.999922
0 0 0 0
0.810303 0.094604
0.219482 5.707764 0.677979
-0.169418 0.012396 0.985466
0 0 0 0
0.701904 0.216064
-0.005127 5.707764 0.677734
0.001382 0.012442 0.999922
0 0 0 0
0.809692 0.216064
0.220215 5.453857 0.680664
-0.172153 0.012395 0.984992
0 0 0 0
0.701904 0.094604
0.256348 5.707764 0.71875
-0.998292 -0.009048 -0.057714
0 0 0 0
0.673706 0.216064
0.259277 5.453857 0.730469
-0.998048 -0.011078 -0.061467
0 0 0 0
0.673706 0.094604
0.17334 5.707764 1.449707
-0.993462 -0.009285 -0.113785
0 0 0 0
0.324829 0.216064
0.175049 5.453857 1.449707
-0.993462 -0.009285 -0.113785
0 0 0 0
0.324951 0.094604
0.640869 5.707764 0.614746
-0.000977 1 0.000001
0 0 0 0
0.610474 0.845825
0.219482 5.707764 0.677979
0.000978 1 -0.000001
0 0 0 0
0.594727 0.740479
0.256348 5.707764 0.71875
-0.000977 1 0.000001
0 0 0 0
0.584473 0.749756
0.726074 5.707764 -0.005859
-0.000979 0.999992 0.003905
0 0 0 0
0.765625 0.867188
-0.005127 5.707764 -0.005859
0.000979 0.999992 0.003905
0 0 0 0
0.765625 0.684326
-0.005127 5.707764 0.677734
0.000978 1 -0.000001
0 0 0 0
0.594849 0.684326
-0.229736 5.707764 0.677979
0.000978 1 -0.000001
0 0 0 0
0.594727 0.628174
-0.736084 5.707764 -0.005859
0.000979 0.999992 0.003905
0 0 0 0
0.765625 0.501587
-0.651123 5.707764 0.614746
0.000978 1 0.000001
0 0 0 0
0.610474 0.522949
-0.266602 5.707764 0.71875
0.000978 1 0.000001
0 0 0 0
0.584473 0.619019
-0.51123 5.707764 1.449707
0.000978 1 0.000001
0 0 0 0
0.401733 0.557739
-0.18335 5.707764 1.449707
0.000978 1 0.000001
0 0 0 0
0.401733 0.639771
-0.126221 5.707764 1.953857
0.000978 1 0.000001
0 0 0 0
0.275757 0.654053
-0.340576 5.707764 2.469482
0.000978 1 0.000001
0 0 0 0
0.146851 0.600464
-0.085449 5.707764 2.015625
0.000978 1 -0.000001
0 0 0 0
0.260376 0.664307
-0.005127 5.707764 2.039307
0.000978 1 -0.000001
0 0 0 0
0.254395 0.684326
-0.005127 5.707764 2.469482
0.000978 1 0.000001
0 0 0 0
0.146851 0.684326
-0.327637 5.707764 2.553955
0.000978 1 0.000001
0 0 0 0
0.126587 0.604614
-0.005127 5.707764 2.550537
0.000978 1 0.000001
0 0 0 0
0.126587 0.684326
-0.304688 5.707764 2.637451
0.000978 1 -0.000001
0 0 0 0
0.106323 0.608643
-0.005127 5.707764 2.631836
0.000978 1 -0.000001
0 0 0 0
0.106323 0.684326
-0.265625 5.707764 2.712891
0.000978 1 -0.000001
0 0 0 0
0.08606 0.619141
-0.005127 5.707764 2.712891
0.000978 1 -0.000001
0 0 0 0
0.08606 0.684326
-0.200928 5.707764 2.780762
0.000978 1 -0.000001
0 0 0 0
0.06897 0.635376
-0.005127 5.707764 2.780762
0.000978 1 -0.000001
0 0 0 0
0.06897 0.684326
-0.107666 5.707764 2.825195
0.000978 1 -0.000001
0 0 0 0
0.057983 0.658691
-0.005127 5.707764 2.825195
0.000978 1 -0.000001
0 0 0 0
0.057983 0.684326
-0.005127 5.707764 2.843262
0.000978 1 -0.000001
0 0 0 0
0.053345 0.684326
0.097656 5.707764 2.825195
0.000978 1 -0.000001
0 0 0 0
0.057983 0.709961
0.190674 5.707764 2.780762
0.000978 1 -0.000001
0 0 0 0
0.06897 0.733398
0.255371 5.707764 2.712891
-0.000977 1 -0.000001
0 0 0 0
0.08606 0.749512
0.294434 5.707764 2.637451
-0.000977 1 -0.000001
0 0 0 0
0.106323 0.760132
0.317383 5.707764 2.553955
-0.000977 1 0.000001
0 0 0 0
0.126587 0.76416
0.330322 5.707764 2.469482
-0.000977 1 0.000001
0 0 0 0
0.146851 0.768188
0.075439 5.707764 2.015625
0.000978 1 -0.000001
0 0 0 0
0.260376 0.704468
0.115967 5.707764 1.953857
-0.000977 1 -0.000001
0 0 0 0
0.275757 0.7146
0.500977 5.707764 1.449707
-0.000977 1 0.000001
0 0 0 0
0.401733 0.810913
0.17334 5.707764 1.449707
-0.000977 1 0.000001
0 0 0 0
0.401733 0.729004
0.721436 5.709961 -0.136963
-0.000977 1 -0.000001
0 0 0 0
0.797241 0.864258
-0.005127 5.707764 -0.132324
0.000978 1 -0.000001
0 0 0 0
0.797241 0.684326
0.703369 5.707764 -0.258789
-0.000981 0.999969 -0.007804
0 0 0 0
0.828979 0.86145
-0.005127 5.707764 -0.258789
0.000979 0.999992 -0.003905
0 0 0 0
0.828979 0.684326
0.665527 5.707764 -0.358643
0.000978 1 0.000001
0 0 0 0
0.853027 0.849609
-0.005127 5.707764 -0.35498
0.000978 1 0.000001
0 0 0 0
0.852905 0.684326
0.608643 5.707764 -0.451172
0.000978 1 0.000001
0 0 0 0
0.877075 0.837769
-0.005127 5.707764 -0.451172
0.000978 1 0.000001
0 0 0 0
0.876953 0.684326
0.54541 5.707764 -0.538086
0.000978 1 -0.000001
0 0 0 0
0.897339 0.82019
-0.005127 5.707764 -0.532471
0.000978 1 -0.000001
0 0 0 0
0.897339 0.684326
0.468262 5.707764 -0.613525
0.000978 1 -0.000001
0 0 0 0
0.917603 0.802734
-0.005127 5.707764 -0.613525
0.000978 1 -0.000001
0 0 0 0
0.917603 0.684326
0.360107 5.707764 -0.694336
0.000978 1 0.000001
0 0 0 0
0.93457 0.773804
-0.005127 5.707764 -0.681641
0.000978 1 0.000001
0 0 0 0
0.93457 0.684326
0.236572 5.707764 -0.749512
0.000978 1 0.000001
0 0 0 0
0.95166 0.744751
-0.005127 5.707764 -0.749512
0.000978 1 0.000001
0 0 0 0
0.95166 0.684326
0.117188 5.707764 -0.789307
0.000978 1 -0.000001
0 0 0 0
0.95813 0.7146
-0.005127 5.707764 -0.789307
0.000978 1 -0.000001
0 0 0 0
0.959717 0.684326
-0.005127 5.707764 -0.802002
0.000978 1 -0.000001
0 0 0 0
0.964722 0.684326
-0.127197 5.707764 -0.789307
0.000978 1 -0.000001
0 0 0 0
0.95813 0.654175
-0.246582 5.707764 -0.749512
0.000978 1 -0.000001
0 0 0 0
0.95166 0.623901
-0.370117 5.707764 -0.694336
0.000978 1 -0.000001
0 0 0 0
0.93457 0.594971
-0.478516 5.707764 -0.613525
0.000978 1 -0.000001
0 0 0 0
0.917603 0.56604
-0.55542 5.707764 -0.538086
0.000978 1 -0.000001
0 0 0 0
0.897339 0.548462
-0.618896 5.707764 -0.451172
0.000978 1 0.000001
0 0 0 0
0.877075 0.530884
-0.675537 5.707764 -0.358643
0.000978 1 0.000001
0 0 0 0
0.853027 0.519165
-0.713379 5.707764 -0.258789
0.000981 0.999969 -0.007804
0 0 0 0
0.828979 0.507324
-0.731445 5.709961 -0.136963
0.000978 1 -0.000001
0 0 0 0
0.797241 0.504395
0.664062 5.453857 0.615479
0.000978 -1 -0.000001
0 0 0 0
0.616821 0.52417
0.259277 5.453857 0.730469
0.000978 -1 -0.000001
0 0 0 0
0.588013 0.625366
0.220215 5.453857 0.680664
0.000978 -1 -0.000001
0 0 0 0
0.600464 0.635132
0.525391 5.453857 1.449707
0.000978 -1 -0.000001
0 0 0 0
0.408203 0.558472
0.175049 5.453857 1.449707
0.000978 -1 -0.000001
0 0 0 0
0.408203 0.646118
0.115967 5.453857 1.953857
0.000978 -1 0.000001
0 0 0 0
0.282227 0.661011
0.355713 5.453857 2.470703
-0.000977 -1 0.000001
0 0 0 0
0.152954 0.601196
0.075439 5.453857 2.015625
0.000978 -1 -0.000001
0 0 0 0
0.266724 0.671265
-0.005127 5.453857 2.039307
0.000978 -1 -0.000001
0 0 0 0
0.260864 0.691406
-0.005127 5.453857 2.470703
0.000978 -1 0.000001
0 0 0 0
0.152954 0.691406
0.341797 5.453613 2.557373
-0.000977 -1 0.000001
0 0 0 0
0.132202 0.605469
-0.005127 5.453857 2.553711
0.000978 -1 0.000001
0 0 0 0
0.132202 0.691406
0.317383 5.453613 2.644775
-0.000977 -1 -0.000001
0 0 0 0
0.11145 0.609863
-0.005127 5.453857 2.638916
0.000978 -1 -0.000001
0 0 0 0
0.11145 0.691406
0.276123 5.453857 2.723877
-0.000977 -1 -0.000001
0 0 0 0
0.089722 0.621094
-0.005127 5.453857 2.723877
0.000978 -1 -0.000001
0 0 0 0
0.089722 0.691406
0.206055 5.453857 2.797119
0.000978 -1 -0.000001
0 0 0 0
0.071411 0.638672
-0.005127 5.453857 2.797119
0.000978 -1 0.000001
0 0 0 0
0.071411 0.691406
0.105469 5.453857 2.845459
0.000978 -1 -0.000001
0 0 0 0
0.059326 0.663696
-0.005127 5.453857 2.845459
0.000978 -1 -0.000001
0 0 0 0
0.059326 0.691406
-0.005127 5.453857 2.864502
0.000978 -1 -0.000001
0 0 0 0
0.054443 0.691406
-0.115723 5.453857 2.845459
0.000978 -1 -0.000001
0 0 0 0
0.059326 0.718994
-0.216309 5.453857 2.797119
0.000978 -1 0.000001
0 0 0 0
0.071411 0.744141
-0.286377 5.453857 2.723877
0.000978 -1 -0.000001
0 0 0 0
0.089722 0.761597
-0.327637 5.453613 2.644775
0.000978 -1 -0.000001
0 0 0 0
0.11145 0.772827
-0.352051 5.453613 2.557373
0.000978 -1 0.000001
0 0 0 0
0.132202 0.777222
-0.365967 5.453857 2.470703
0.000978 -1 0.000001
0 0 0 0
0.152954 0.781616
-0.085449 5.453857 2.015625
0.000978 -1 -0.000001
0 0 0 0
0.266724 0.711548
-0.126221 5.453857 1.953857
0.000978 -1 0.000001
0 0 0 0
0.282227 0.72168
-0.535645 5.453857 1.449707
0.000978 -1 0.000001
0 0 0 0
0.408203 0.824219
-0.185059 5.453857 1.449707
0.000978 -1 0.000001
0 0 0 0
0.408203 0.736694
-0.269287 5.453857 0.730469
0.000978 -1 -0.000001
0 0 0 0
0.588013 0.757324
-0.674316 5.453857 0.615479
0.000978 -1 -0.000001
0 0 0 0
0.616821 0.858521
-0.230469 5.453857 0.680664
0.000978 -1 -0.000001
0 0 0 0
0.600464 0.747559
-0.005127 5.707764 2.039307
0.001382 0.001382 -0.999998
0 0 0 0
0.263306 0.215454
0.075439 5.707764 2.015625
-0.578267 0.001317 -0.815846
0 0 0 0
0.300537 0.215454
0.075439 5.453857 2.015625
-0.578267 0.001317 -0.815846
0 0 0 0
0.300537 0.093994
-0.005127 5.453857 2.039307
0.001382 0.001382 -0.999998
0 0 0 0
0.263306 0.093994
0.115967 5.707764 1.953857
-0.985133 -0.003174 -0.171767
0 0 0 0
0.701904 0.216064
0.075439 5.453857 2.015625
-0.578267 0.001317 -0.815846
0 0 0 0
0.666504 0.094604
0.075439 5.707764 2.015625
-0.578267 0.001317 -0.815846
0 0 0 0
0.666504 0.216064
0.115967 5.453857 1.953857
-0.985133 -0.003174 -0.171767
0 0 0 0
0.701904 0.094604
0.17334 5.707764 1.449707
-0.993462 -0.009285 -0.113785
0 0 0 0
0.944946 0.216064
0.175049 5.453857 1.449707
-0.993462 -0.009285 -0.113785
0 0 0 0
0.945068 0.094604
0.751709 5.453857 -0.005615
0.993373 -0.017536 0.113586
0 0 0 0
0.366211 0.091553
0.667236 5.550049 0.615723
0.965821 0.210782 0.150867
0 0 0 0
0.04187 0.0448
0.664062 5.453857 0.615479
0.988019 -0.01365 0.153726
0 0 0 0
0.04187 0.091553
0.752441 5.550049 -0.005615
0.973386 0.200857 0.110345
0 0 0 0
0.366211 0.0448
0.751709 5.550049 -0.138428
0.973139 0.211374 -0.091226
0 0 0 0
0.432495 0.0448
0.750488 5.453857 -0.138428
0.995719 -0.013276 -0.091479
0 0 0 0
0.432495 0.091553
0.124512 4.890625 2.79541
0.375203 0.112425 0.9201
0 0 0 0
0.375366 0.099365
0.222168 4.89502 2.711182
0.170359 0.970303 0.171729
0 0 0 0
0.447144 0.09668
0.117676 4.89502 2.779785
0.092063 0.969373 0.227685
0 0 0 0
0.375244 0.09668
-0.005371 4.890625 2.820801
0.00138 0.1118 0.99373
0 0 0 0
0.303101 0.099365
-0.005371 4.89502 2.803711
0.001091 0.969569 0.244816
0 0 0 0
0.303101 0.09668
0.123535 4.784424 2.793213
0.372289 -0.136732 0.91799
0 0 0 0
0.375366 0.164185
-0.005371 4.784424 2.818359
0.001379 -0.136539 0.990634
0 0 0 0
0.303101 0.164185
0.11377 4.70166 2.770264
0.361182 -0.288677 0.886686
0 0 0 0
0.375244 0.214722
-0.005371 4.70166 2.793701
0.001368 -0.285895 0.95826
0 0 0 0
0.303101 0.214722
0.214844 4.70166 2.704102
0.670917 -0.287898 0.683363
0 0 0 0
0.447021 0.214722
0.232666 4.784424 2.72168
0.693472 -0.139205 0.706907
0 0 0 0
0.447266 0.164185
0.234375 4.890625 2.723389
0.696443 0.111175 0.708948
0 0 0 0
0.447266 0.099365
0.305664 4.784424 2.614258
0.912307 -0.139205 0.38512
0 0 0 0
0.518555 0.164185
0.307861 4.890625 2.615234
0.915133 0.11396 0.38671
0 0 0 0
0.518555 0.099365
0.331299 4.784424 2.487793
0.990183 -0.139779 -0.000085
0 0 0 0
0.589478 0.164185
0.33374 4.890625 2.487793
0.993667 0.112362 -0.000941
0 0 0 0
0.589478 0.099365
0.307861 4.890625 2.360352
0.915133 0.11396 -0.38671
0 0 0 0
0.660278 0.099365
0.305664 4.784424 2.361328
0.912307 -0.139205 -0.38512
0 0 0 0
0.6604 0.164185
0.234375 4.890625 2.252441
0.696443 0.111175 -0.708948
0 0 0 0
0.731567 0.099365
0.232666 4.784424 2.25415
0.693472 -0.139205 -0.706907
0 0 0 0
0.731689 0.164185
0.282227 4.70166 2.37085
0.881064 -0.289869 -0.373768
0 0 0 0
0.660522 0.214722
0.214844 4.70166 2.271729
0.670917 -0.287898 -0.683363
0 0 0 0
0.731934 0.214722
0.123535 4.784424 2.182373
0.372289 -0.136732 -0.91799
0 0 0 0
0.803955 0.164185
0.11377 4.70166 2.205322
0.361182 -0.288677 -0.886686
0 0 0 0
0.803833 0.214722
0.306152 4.70166 2.487793
0.956219 -0.29264 0.002483
0 0 0 0
0.589478 0.214722
0.282227 4.70166 2.60498
0.881064 -0.289869 0.373768
0 0 0 0
0.518433 0.214722
0.117676 4.89502 2.196045
0.092063 0.969373 -0.227685
0 0 0 0
0.803101 0.09668
-0.005371 4.890625 2.154785
0.00138 0.1118 -0.99373
0 0 0 0
0.873901 0.099365
-0.005371 4.89502 2.172119
0.001091 0.969569 -0.244816
0 0 0 0
0.871216 0.09668
0.124512 4.890625 2.180176
0.375203 0.112425 -0.9201
0 0 0 0
0.803101 0.099365
0.222168 4.89502 2.264404
0.170359 0.970303 -0.171729
0 0 0 0
0.731689 0.09668
0.72876 5.550049 -0.268799
0.948364 0.199713 -0.246414
0 0 0 0
0.498779 0.0448
0.726807 5.453857 -0.268799
0.966814 -0.020803 -0.254631
0 0 0 0
0.498779 0.091553
0.692139 5.550049 -0.371094
0.888828 0.182891 -0.420161
0 0 0 0
0.553101 0.0448
0.687744 5.453857 -0.372559
0.90166 -0.031576 -0.431291
0 0 0 0
0.553101 0.091553
0.63623 5.550049 -0.466064
0.821004 0.18797 -0.539092
0 0 0 0
0.607422 0.0448
0.629883 5.453857 -0.469238
0.833897 -0.032869 -0.55094
0 0 0 0
0.607422 0.091553
0.566895 5.550049 -0.560303
0.739743 0.209031 -0.639599
0 0 0 0
0.661865 0.0448
0.564453 5.453857 -0.559814
0.755689 -0.021376 -0.654582
0 0 0 0
0.661865 0.091553
0.484863 5.453857 -0.638672
0.645234 -0.011684 -0.763896
0 0 0 0
0.716431 0.091553
0.482178 5.550049 -0.641846
0.623953 0.231237 -0.746467
0 0 0 0
0.716431 0.0448
0.372559 5.453857 -0.721924
0.505617 -0.017343 -0.862584
0 0 0 0
0.781494 0.091553
0.372314 5.550049 -0.723633
0.489628 0.224247 -0.842602
0 0 0 0
0.781494 0.0448
0.361084 5.554932 -0.698486
0.495057 0.208375 -0.843504
0 0 0 0
0.781494 0.033203
0.468018 5.554932 -0.619141
0.627683 0.198011 -0.752865
0 0 0 0
0.716431 0.033203
0.55127 5.554932 -0.54126
0.734018 0.204521 -0.647603
0 0 0 0
0.661865 0.033203
0.619141 5.554932 -0.450928
0.81671 0.200234 -0.541194
0 0 0 0
0.607422 0.033203
0.671631 5.554932 -0.358643
0.887859 0.194328 -0.417065
0 0 0 0
0.553101 0.033203
0.705566 5.554932 -0.259277
0.953013 0.190168 -0.235803
0 0 0 0
0.498779 0.033203
0.727051 5.554932 -0.133301
0.978747 0.18638 -0.085539
0 0 0 0
0.432495 0.033203
0.728271 5.554932 -0.005615
0.978183 0.177945 0.107211
0 0 0 0
0.366211 0.033203
0.642822 5.554932 0.615234
0.974595 0.164706 0.151777
0 0 0 0
0.04187 0.033203
0.240234 5.554932 -0.75293
0.358053 0.206725 -0.910529
0 0 0 0
0.84668 0.033203
0.247314 5.550049 -0.779785
0.352259 0.233489 -0.906309
0 0 0 0
0.84668 0.0448
0.244629 5.453857 -0.77832
0.362745 -0.020379 -0.931666
0 0 0 0
0.84668 0.091553
0.122559 5.550049 -0.821289
0.206168 0.230744 -0.950922
0 0 0 0
0.906616 0.0448
0.121094 5.453857 -0.819336
0.210312 -0.020619 -0.977417
0 0 0 0
0.906616 0.091553
-0.005127 5.550049 -0.834473
0.001373 0.234736 -0.972058
0 0 0 0
0.966675 0.0448
-0.005127 5.453857 -0.832764
0.001382 -0.020735 -0.999784
0 0 0 0
0.966675 0.091553
-0.005127 5.554932 -0.806152
0.001374 0.215758 -0.976446
0 0 0 0
0.966675 0.033203
0.118896 5.554932 -0.793457
0.209035 0.217233 -0.953475
0 0 0 0
0.906616 0.033203
0.667236 5.550049 0.615723
0.965821 0.210782 0.150867
0 0 0 0
0.713501 0.0448
0.525391 5.453857 1.449707
0.985741 0.005283 0.168189
0 0 0 0
0.274902 0.091553
0.664062 5.453857 0.615479
0.988019 -0.01365 0.153726
0 0 0 0
0.713501 0.091553
0.508301 5.550049 1.542725
0.962278 0.218173 0.162548
0 0 0 0
0.22583 0.0448
0.642822 5.554932 0.615234
0.974595 0.164706 0.151777
0 0 0 0
0.713501 0.033203
0.488037 5.554932 1.54248
0.977005 0.138066 0.162479
0 0 0 0
0.22583 0.033203
-0.005127 5.550049 -0.834473
0.001373 0.234736 -0.972058
0 0 0 0
0.966675 0.0448
-0.005127 5.453857 -0.832764
0.001382 -0.020735 -0.999784
0 0 0 0
0.966675 0.091553
-0.131348 5.453857 -0.819336
-0.210312 -0.020619 -0.977417
0 0 0 0
0.906616 0.091553
-0.132812 5.550049 -0.821289
-0.206168 0.230744 -0.950922
0 0 0 0
0.906616 0.0448
-0.005127 5.554932 -0.806152
0.001374 0.215758 -0.976446
0 0 0 0
0.966675 0.033203
-0.12915 5.554932 -0.793457
-0.209035 0.217233 -0.953475
0 0 0 0
0.906616 0.033203
-0.257568 5.550049 -0.779785
-0.352259 0.233489 -0.906309
0 0 0 0
0.84668 0.0448
-0.250244 5.554932 -0.75293
-0.358053 0.206725 -0.910529
0 0 0 0
0.84668 0.033203
-0.382568 5.550049 -0.723633
-0.489628 0.224247 -0.842602
0 0 0 0
0.781494 0.0448
-0.371338 5.554932 -0.698486
-0.495057 0.208375 -0.843504
0 0 0 0
0.781494 0.033203
-0.492188 5.550049 -0.641846
-0.623953 0.231237 -0.746467
0 0 0 0
0.716431 0.0448
-0.478027 5.554932 -0.619141
-0.627683 0.198011 -0.752865
0 0 0 0
0.716431 0.033203
-0.577148 5.550049 -0.560303
-0.739743 0.209031 -0.639599
0 0 0 0
0.661865 0.0448
-0.561523 5.554932 -0.54126
-0.734018 0.204521 -0.647603
0 0 0 0
0.661865 0.033203
-0.646484 5.550049 -0.466064
-0.821004 0.18797 -0.539092
0 0 0 0
0.607422 0.0448
-0.629395 5.554932 -0.450928
-0.81671 0.200234 -0.541194
0 0 0 0
0.607422 0.033203
-0.702393 5.550049 -0.371094
-0.888828 0.182891 -0.420161
0 0 0 0
0.553101 0.0448
-0.681885 5.554932 -0.358643
-0.887859 0.194328 -0.417065
0 0 0 0
0.553101 0.033203
-0.739014 5.550049 -0.268799
-0.948364 0.199713 -0.246414
0 0 0 0
0.498779 0.0448
-0.71582 5.554932 -0.259277
-0.953013 0.190168 -0.235803
0 0 0 0
0.498779 0.033203
-0.761719 5.550049 -0.138428
-0.973139 0.211374 -0.091226
0 0 0 0
0.432495 0.0448
-0.737305 5.554932 -0.133301
-0.978747 0.18638 -0.085539
0 0 0 0
0.432495 0.033203
-0.762695 5.550049 -0.005615
-0.973386 0.200857 0.110345
0 0 0 0
0.366211 0.0448
-0.738281 5.554932 -0.005615
-0.978183 0.177945 0.107211
0 0 0 0
0.366211 0.033203
-0.67749 5.550049 0.615723
-0.965821 0.210782 0.150867
0 0 0 0
0.04187 0.0448
-0.653076 5.554932 0.615234
-0.974595 0.164706 0.151777
0 0 0 0
0.04187 0.033203
-0.761963 5.453857 -0.005615
-0.993373 -0.017536 0.113586
0 0 0 0
0.366211 0.091553
-0.674316 5.453857 0.615479
-0.988019 -0.01365 0.153726
0 0 0 0
0.04187 0.091553
-0.760742 5.453857 -0.138428
-0.995719 -0.013276 -0.091479
0 0 0 0
0.432495 0.091553
-0.736816 5.453857 -0.268799
-0.966814 -0.020803 -0.254631
0 0 0 0
0.498779 0.091553
-0.697998 5.453857 -0.372559
-0.90166 -0.031576 -0.431291
0 0 0 0
0.553101 0.091553
-0.639893 5.453857 -0.469238
-0.833897 -0.032869 -0.55094
0 0 0 0
0.607422 0.091553
-0.574707 5.453857 -0.559814
-0.755689 -0.021376 -0.654582
0 0 0 0
0.661865 0.091553
-0.495117 5.453857 -0.638672
-0.645234 -0.011684 -0.763896
0 0 0 0
0.716431 0.091553
-0.382812 5.453857 -0.721924
-0.505617 -0.017343 -0.862584
0 0 0 0
0.781494 0.091553
-0.254883 5.453857 -0.77832
-0.362745 -0.020379 -0.931666
0 0 0 0
0.84668 0.091553
-0.653076 5.554932 0.615234
-0.974595 0.164706 0.151777
0 0 0 0
0.935547 0.091553
-0.51123 5.707764 1.449707
-0.986262 0.015822 0.164428
0 0 0 0
0.583984 0.033325
-0.651123 5.707764 0.614746
-0.988019 0.01365 0.153726
0 0 0 0
0.935547 0.033203
-0.498291 5.554932 1.54248
-0.977005 0.138066 0.162479
0 0 0 0
0.583984 0.091553
-0.340576 5.707764 2.469482
-0.986236 0.017932 0.164367
0 0 0 0
0.232422 0.033325
-0.343506 5.554932 2.469971
-0.979917 0.112865 0.16439
0 0 0 0
0.232422 0.091553
-0.330811 5.554932 2.55249
-0.970595 0.119309 0.209071
0 0 0 0
0.201294 0.091553
-0.327637 5.707764 2.553955
-0.977492 0.018281 0.21018
0 0 0 0
0.201294 0.033325
-0.307617 5.554932 2.636719
-0.924852 0.11974 0.360987
0 0 0 0
0.170166 0.091553
-0.304688 5.707764 2.637451
-0.930814 0.017132 0.365092
0 0 0 0
0.170166 0.033325
-0.268311 5.554932 2.713135
-0.805081 0.119226 0.581059
0 0 0 0
0.135376 0.091553
-0.265625 5.707764 2.712891
-0.809152 0.016011 0.587381
0 0 0 0
0.135376 0.033325
-0.518311 5.550049 1.542725
-0.962278 0.218173 0.162548
0 0 0 0
0.789917 0.0448
-0.535645 5.453857 1.449707
-0.985741 0.005283 0.168189
0 0 0 0
0.838867 0.091553
-0.365967 5.453857 2.470703
-0.985005 0.045397 0.166446
0 0 0 0
0.302124 0.091553
-0.359375 5.550049 2.469482
-0.961949 0.220205 0.161753
0 0 0 0
0.302124 0.0448
-0.498291 5.554932 1.54248
-0.977005 0.138066 0.162479
0 0 0 0
0.789917 0.033203
-0.343506 5.554932 2.469971
-0.979917 0.112865 0.16439
0 0 0 0
0.302124 0.033203
-0.346436 5.550049 2.553711
-0.956988 0.202997 0.207282
0 0 0 0
0.258911 0.0448
-0.352051 5.453613 2.557373
-0.974659 0.065695 0.213834
0 0 0 0
0.258911 0.091553
-0.32251 5.550049 2.640625
-0.9138 0.196871 0.355261
0 0 0 0
0.215698 0.0448
-0.327637 5.453613 2.644775
-0.928605 0.065105 0.365313
0 0 0 0
0.215698 0.091553
-0.281738 5.550049 2.719482
-0.796216 0.187706 0.575157
0 0 0 0
0.16748 0.0448
-0.286377 5.453857 2.723877
-0.806685 0.065274 0.587365
0 0 0 0
0.16748 0.091553
-0.307617 5.554932 2.636719
-0.924852 0.11974 0.360987
0 0 0 0
0.215698 0.033203
-0.268311 5.554932 2.713135
-0.805081 0.119226 0.581059
0 0 0 0
0.16748 0.033203
-0.330811 5.554932 2.55249
-0.970595 0.119309 0.209071
0 0 0 0
0.258911 0.033203
-0.005127 5.453857 0.680664
0.001382 0.012442 0.999922
0 0 0 0
0.810303 0.094604
-0.005127 5.707764 0.677734
0.001382 0.012442 0.999922
0 0 0 0
0.809692 0.216064
-0.229736 5.707764 0.677979
0.169418 0.012396 0.985466
0 0 0 0
0.701904 0.216064
-0.230469 5.453857 0.680664
0.172153 0.012395 0.984992
0 0 0 0
0.701904 0.094604
-0.266602 5.707764 0.71875
0.998292 -0.009048 -0.057714
0 0 0 0
0.673706 0.216064
-0.269287 5.453857 0.730469
0.998048 -0.011078 -0.061467
0 0 0 0
0.673706 0.094604
-0.18335 5.707764 1.449707
0.993462 -0.009285 -0.113785
0 0 0 0
0.324829 0.216064
-0.185059 5.453857 1.449707
0.993462 -0.009285 -0.113785
0 0 0 0
0.324951 0.094604
-0.005127 5.554932 -0.806152
0.001374 0.215758 -0.976446
0 0 0 0
0.732056 0.091553
-0.005127 5.707764 -0.802002
0.001382 0.026264 -0.999654
0 0 0 0
0.732056 0.033325
0.117188 5.707764 -0.789307
0.213019 0.028861 -0.976622
0 0 0 0
0.688721 0.033325
0.118896 5.554932 -0.793457
0.209035 0.217233 -0.953475
0 0 0 0
0.688721 0.091553
0.236572 5.707764 -0.749512
0.362726 0.028529 -0.931459
0 0 0 0
0.645508 0.033325
0.240234 5.554932 -0.75293
0.358053 0.206725 -0.910529
0 0 0 0
0.645508 0.091553
0.360107 5.707764 -0.694336
0.505582 0.028014 -0.862324
0 0 0 0
0.598511 0.033325
0.361084 5.554932 -0.698486
0.495057 0.208375 -0.843504
0 0 0 0
0.598511 0.091553
0.468018 5.554932 -0.619141
0.627683 0.198011 -0.752865
0 0 0 0
0.551636 0.091553
0.468262 5.707764 -0.613525
0.64065 0.029888 -0.767252
0 0 0 0
0.551636 0.033325
0.55127 5.554932 -0.54126
0.734018 0.204521 -0.647603
0 0 0 0
0.512329 0.091553
0.54541 5.707764 -0.538086
0.749521 0.04157 -0.660674
0 0 0 0
0.512329 0.033325
0.608643 5.707764 -0.451172
0.83196 0.047506 -0.552798
0 0 0 0
0.473022 0.033325
0.619141 5.554932 -0.450928
0.81671 0.200234 -0.541194
0 0 0 0
0.473022 0.091553
0.665527 5.707764 -0.358643
0.902997 0.036213 -0.428119
0 0 0 0
0.43396 0.033325
0.671631 5.554932 -0.358643
0.887859 0.194328 -0.417065
0 0 0 0
0.43396 0.091553
0.703369 5.707764 -0.258789
0.970224 0.025045 -0.24091
0 0 0 0
0.394775 0.033325
0.705566 5.554932 -0.259277
0.953013 0.190168 -0.235803
0 0 0 0
0.394775 0.091553
0.721436 5.709961 -0.136963
0.99552 0.025526 -0.091043
0 0 0 0
0.347046 0.033325
0.727051 5.554932 -0.133301
0.978747 0.18638 -0.085539
0 0 0 0
0.347046 0.091553
0.726074 5.707764 -0.005859
0.993816 0.015448 0.109962
0 0 0 0
0.299194 0.033325
0.728271 5.554932 -0.005615
0.978183 0.177945 0.107211
0 0 0 0
0.299194 0.091553
0.642822 5.554932 0.615234
0.974595 0.164706 0.151777
0 0 0 0
0.06543 0.091553
0.640869 5.707764 0.614746
0.988019 0.01365 0.153726
0 0 0 0
0.06543 0.033325
-0.127197 5.707764 -0.789307
-0.213019 0.028861 -0.976622
0 0 0 0
0.688721 0.033325
-0.005127 5.707764 -0.802002
0.001382 0.026264 -0.999654
0 0 0 0
0.732056 0.033325
-0.005127 5.554932 -0.806152
0.001374 0.215758 -0.976446
0 0 0 0
0.732056 0.091553
-0.12915 5.554932 -0.793457
-0.209035 0.217233 -0.953475
0 0 0 0
0.688721 0.091553
-0.246582 5.707764 -0.749512
-0.362726 0.028529 -0.931459
0 0 0 0
0.645508 0.033325
-0.250244 5.554932 -0.75293
-0.358053 0.206725 -0.910529
0 0 0 0
0.645508 0.091553
-0.370117 5.707764 -0.694336
-0.505582 0.028014 -0.862324
0 0 0 0
0.598511 0.033325
-0.371338 5.554932 -0.698486
-0.495057 0.208375 -0.843504
0 0 0 0
0.598511 0.091553
-0.478027 5.554932 -0.619141
-0.627683 0.198011 -0.752865
0 0 0 0
0.551636 0.091553
-0.478516 5.707764 -0.613525
-0.640649 0.029888 -0.767252
0 0 0 0
0.551636 0.033325
-0.561523 5.554932 -0.54126
-0.734018 0.204521 -0.647603
0 0 0 0
0.512329 0.091553
-0.55542 5.707764 -0.538086
-0.749521 0.04157 -0.660674
0 0 0 0
0.512329 0.033325
-0.618896 5.707764 -0.451172
-0.83196 0.047506 -0.552798
0 0 0 0
0.473022 0.033325
-0.629395 5.554932 -0.450928
-0.81671 0.200234 -0.541194
0 0 0 0
0.473022 0.091553
-0.675537 5.707764 -0.358643
-0.902996 0.036213 -0.428119
0 0 0 0
0.43396 0.033325
-0.681885 5.554932 -0.358643
-0.887859 0.194328 -0.417065
0 0 0 0
0.43396 0.091553
-0.713379 5.707764 -0.258789
-0.970224 0.025045 -0.24091
0 0 0 0
0.394775 0.033325
-0.71582 5.554932 -0.259277
-0.953013 0.190168 -0.235803
0 0 0 0
0.394775 0.091553
-0.731445 5.709961 -0.136963
-0.99552 0.025526 -0.091043
0 0 0 0
0.347046 0.033325
-0.737305 5.554932 -0.133301
-0.978747 0.18638 -0.085539
0 0 0 0
0.347046 0.091553
-0.736084 5.707764 -0.005859
-0.993816 0.015448 0.109963
0 0 0 0
0.299194 0.033325
-0.738281 5.554932 -0.005615
-0.978183 0.177945 0.107211
0 0 0 0
0.299194 0.091553
-0.653076 5.554932 0.615234
-0.974595 0.164706 0.151777
0 0 0 0
0.06543 0.091553
-0.651123 5.707764 0.614746
-0.988019 0.01365 0.153726
0 0 0 0
0.06543 0.033325
-0.005127 5.550049 2.859131
0.001377 0.172156 0.985069
0 0 0 0
0.667114 0.0448
-0.005127 5.554932 2.845215
0.00138 0.1118 0.99373
0 0 0 0
0.667114 0.033203
-0.109375 5.554932 2.827148
-0.301444 0.110484 0.947061
0 0 0 0
0.718872 0.033203
-0.11499 5.550049 2.839844
-0.300735 0.172821 0.937919
0 0 0 0
0.718872 0.0448
-0.202148 5.554932 2.782471
-0.577061 0.11699 0.808279
0 0 0 0
0.770264 0.033203
-0.212646 5.550049 2.79248
-0.573132 0.177055 0.800107
0 0 0 0
0.770264 0.0448
-0.268311 5.554932 2.713135
-0.805081 0.119226 0.581059
0 0 0 0
0.802856 0.033203
-0.281738 5.550049 2.719482
-0.796216 0.187706 0.575157
0 0 0 0
0.802856 0.0448
-0.286377 5.453857 2.723877
-0.806685 0.065274 0.587365
0 0 0 0
0.802856 0.091553
-0.216309 5.453857 2.797119
-0.582655 0.061817 0.810366
0 0 0 0
0.770264 0.091553
-0.115723 5.453857 2.845459
-0.304457 0.058707 0.950715
0 0 0 0
0.718872 0.091553
-0.005127 5.453857 2.864502
0.001382 0.056656 0.998393
0 0 0 0
0.667114 0.091553
-0.005127 5.554932 2.845215
0.00138 0.1118 0.99373
0 0 0 0
0.435791 0.091553
-0.005127 5.707764 2.843262
0.001382 0.015206 0.999883
0 0 0 0
0.435791 0.033325
-0.107666 5.707764 2.825195
-0.30192 0.015028 0.953215
0 0 0 0
0.473022 0.033325
-0.109375 5.554932 2.827148
-0.301444 0.110484 0.947061
0 0 0 0
0.473022 0.091553
-0.200928 5.707764 2.780762
-0.580614 0.014482 0.81405
0 0 0 0
0.510132 0.033325
-0.202148 5.554932 2.782471
-0.577061 0.11699 0.808279
0 0 0 0
0.510132 0.091553
-0.265625 5.707764 2.712891
-0.809152 0.016011 0.587381
0 0 0 0
0.533691 0.033325
-0.268311 5.554932 2.713135
-0.805081 0.119226 0.581059
0 0 0 0
0.533691 0.091553
-0.005127 5.707764 2.039307
0.001382 0.001382 -0.999998
0 0 0 0
0.263306 0.215454
-0.005127 5.453857 2.039307
0.001382 0.001382 -0.999998
0 0 0 0
0.263306 0.093994
-0.085449 5.453857 2.015625
0.578267 0.001317 -0.815846
0 0 0 0
0.300537 0.093994
-0.085449 5.707764 2.015625
0.578267 0.001317 -0.815846
0 0 0 0
0.300537 0.215454
-0.126221 5.707764 1.953857
0.985133 -0.003174 -0.171767
0 0 0 0
0.701904 0.216064
-0.085449 5.707764 2.015625
0.578267 0.001317 -0.815846
0 0 0 0
0.666504 0.216064
-0.085449 5.453857 2.015625
0.578267 0.001317 -0.815846
0 0 0 0
0.666504 0.094604
-0.126221 5.453857 1.953857
0.985133 -0.003174 -0.171767
0 0 0 0
0.701904 0.094604
-0.18335 5.707764 1.449707
0.993462 -0.009285 -0.113785
0 0 0 0
0.944946 0.216064
-0.185059 5.453857 1.449707
0.993462 -0.009285 -0.113785
0 0 0 0
0.945068 0.094604
-0.518311 5.550049 1.542725
-0.962278 0.218173 0.162548
0 0 0 0
0.22583 0.0448
-0.498291 5.554932 1.54248
-0.977005 0.138066 0.162479
0 0 0 0
0.22583 0.033203
-0.653076 5.554932 0.615234
-0.974595 0.164706 0.151777
0 0 0 0
0.713501 0.033203
-0.67749 5.550049 0.615723
-0.965821 0.210782 0.150867
0 0 0 0
0.713501 0.0448
-0.535645 5.453857 1.449707
-0.985741 0.005283 0.168189
0 0 0 0
0.274902 0.091553
-0.674316 5.453857 0.615479
-0.988019 -0.01365 0.153726
0 0 0 0
0.713501 0.091553
-0.005371 4.784424 2.157227
0.001379 -0.136539 -0.990634
0 0 0 0
0.036621 0.164185
-0.005371 4.70166 2.182129
0.001368 -0.285895 -0.95826
0 0 0 0
0.039673 0.214722
-0.124512 4.70166 2.205322
-0.361182 -0.288677 -0.886686
0 0 0 0
0.111084 0.214722
-0.134033 4.784424 2.182373
-0.372289 -0.136732 -0.91799
0 0 0 0
0.111084 0.164185
-0.005371 4.890625 2.154785
0.00138 0.1118 -0.99373
0 0 0 0
0.041016 0.099365
-0.13501 4.890625 2.180176
-0.375203 0.112425 -0.9201
0 0 0 0
0.111938 0.099365
-0.243164 4.784424 2.25415
-0.693472 -0.139205 -0.706907
0 0 0 0
0.183228 0.164185
-0.225342 4.70166 2.271729
-0.670917 -0.287898 -0.683363
0 0 0 0
0.182983 0.214722
-0.292969 4.70166 2.37085
-0.881064 -0.289869 -0.373768
0 0 0 0
0.254395 0.214722
-0.316162 4.784424 2.361328
-0.912307 -0.139205 -0.38512
0 0 0 0
0.254639 0.164185
-0.31665 4.70166 2.487793
-0.956219 -0.29264 -0.002483
0 0 0 0
0.325439 0.214722
-0.341797 4.784424 2.487793
-0.990183 -0.139779 0.000085
0 0 0 0
0.325439 0.164185
-0.318604 4.890625 2.360352
-0.915133 0.11396 -0.38671
0 0 0 0
0.254639 0.099365
-0.344238 4.890625 2.487793
-0.993667 0.112362 0.000941
0 0 0 0
0.325439 0.099365
-0.318604 4.890625 2.615234
-0.915133 0.11396 0.38671
0 0 0 0
0.396362 0.099365
-0.316162 4.784424 2.614258
-0.912307 -0.139205 0.38512
0 0 0 0
0.396362 0.164185
-0.292969 4.70166 2.60498
-0.881064 -0.289869 0.373768
0 0 0 0
0.396606 0.214722
-0.243164 4.784424 2.72168
-0.693472 -0.139205 0.706907
0 0 0 0
0.467651 0.164185
-0.225342 4.70166 2.704102
-0.670917 -0.287898 0.683363
0 0 0 0
0.467896 0.214722
-0.134033 4.784424 2.793213
-0.372289 -0.136732 0.91799
0 0 0 0
0.539551 0.164185
-0.124512 4.70166 2.770264
-0.361182 -0.288677 0.886686
0 0 0 0
0.539795 0.214722
-0.005371 4.784424 2.818359
0.001379 -0.136539 0.990634
0 0 0 0
0.611938 0.164185
-0.005371 4.70166 2.793701
0.001368 -0.285895 0.95826
0 0 0 0
0.611938 0.214722
-0.005371 4.890625 2.820801
0.00138 0.1118 0.99373
0 0 0 0
0.611938 0.099365
-0.13501 4.890625 2.79541
-0.375203 0.112425 0.9201
0 0 0 0
0.539551 0.099365
-0.245117 4.890625 2.723389
-0.696443 0.111175 0.708948
0 0 0 0
0.467651 0.099365
-0.30249 4.89502 2.608643
-0.221912 0.970482 0.094445
0 0 0 0
0.396484 0.09668
-0.232666 4.89502 2.711182
-0.170358 0.970303 0.171729
0 0 0 0
0.467896 0.09668
-0.128418 4.89502 2.779785
-0.092063 0.969373 0.227685
0 0 0 0
0.539673 0.09668
-0.005371 4.89502 2.803711
0.001091 0.969569 0.244816
0 0 0 0
0.611938 0.09668
-0.326904 4.89502 2.487793
-0.241386 0.970429 -0.000506
0 0 0 0
0.325439 0.09668
-0.30249 4.89502 2.366943
-0.221912 0.970482 -0.094445
0 0 0 0
0.254517 0.09668
-0.245117 4.890625 2.252441
-0.696443 0.111175 -0.708948
0 0 0 0
0.183472 0.099365
-0.232666 4.89502 2.264404
-0.170358 0.970303 -0.171729
0 0 0 0
0.183228 0.09668
-0.128418 4.89502 2.196045
-0.092063 0.969373 -0.227685
0 0 0 0
0.111816 0.09668
-0.005371 4.89502 2.172119
0.001091 0.969569 -0.244816
0 0 0 0
0.043701 0.09668
-0.005371 4.784424 2.157227
0.001379 -0.136539 -0.990634
0 0 0 0
0.878296 0.164185
-0.005371 4.70166 2.182129
0.001368 -0.285895 -0.95826
0 0 0 0
0.875366 0.214722
0.291748 4.89502 2.366943
0.221912 0.970482 -0.094445
0 0 0 0
0.6604 0.09668
0.316406 4.89502 2.487793
0.241386 0.970429 -0.000506
0 0 0 0
0.589478 0.09668
0.291748 4.89502 2.608643
0.221912 0.970482 0.094445
0 0 0 0
0.518433 0.09668
544
2 1 0
1 3 0
1 4 3
4 5 3
4 6 5
6 7 5
6 8 7
8 9 7
9 10 7
10 11 7
7 11 5
11 12 5
3 5 12
13 3 12
0 3 13
14 0 13
9 15 10
15 16 10
15 17 16
17 18 16
18 17 19
20 18 19
19 21 20
21 22 20
21 19 23
24 21 23
23 19 25
19 17 25
25 17 26
17 15 26
26 15 8
15 9 8
29 28 27
30 29 27
31 29 30
32 31 30
33 31 32
34 33 32
35 33 34
36 35 34
36 34 37
34 38 37
34 32 38
32 39 38
32 30 39
30 40 39
30 27 40
27 41 40
42 36 37
43 42 37
44 42 43
45 44 43
46 44 45
47 46 45
48 46 47
49 48 47
50 46 48
51 50 48
50 52 46
52 44 46
52 53 44
53 42 44
53 35 42
35 36 42
56 55 54
57 56 54
60 59 58
58 59 61
62 58 61
65 64 63
63 66 65
67 66 63
70 69 68
71 70 68
74 73 72
75 74 72
78 77 76
79 78 76
80 78 79
81 80 79
82 80 81
83 82 81
83 81 84
81 85 84
85 81 79
86 85 79
86 79 76
87 86 76
90 89 88
89 91 88
89 92 91
92 93 91
93 92 94
95 93 94
98 97 96
97 99 96
96 99 100
99 101 100
100 101 102
101 103 102
103 104 102
104 105 102
104 103 106
103 107 106
107 103 101
108 107 101
108 101 99
109 108 99
109 99 97
110 109 97
113 112 111
114 113 111
111 115 114
115 116 114
115 117 116
117 118 116
119 118 117
120 119 117
121 119 120
122 121 120
125 124 123
124 126 123
124 127 126
127 128 126
128 127 129
130 128 129
133 132 131
131 132 134
135 134 132
136 135 132
135 136 137
138 135 137
137 139 138
137 140 139
139 140 141
140 142 141
142 143 141
143 144 141
143 145 144
145 146 144
146 147 144
144 147 148
147 149 148
148 149 150
149 151 150
152 150 151
153 152 151
154 152 153
155 154 153
156 154 155
157 156 155
157 158 156
158 157 159
157 155 159
155 160 159
160 155 153
161 160 153
161 153 151
162 161 151
151 149 162
149 163 162
163 149 147
164 163 147
147 146 164
146 165 164
165 166 164
167 164 166
168 167 166
167 168 133
131 167 133
169 134 135
170 169 135
171 169 170
172 171 170
173 171 172
174 173 172
175 173 174
176 175 174
175 176 177
176 178 177
177 178 179
178 180 179
181 179 180
182 181 180
183 181 182
184 183 182
183 184 185
184 186 185
185 186 187
186 188 187
188 186 184
189 188 184
189 184 182
190 189 182
190 182 180
191 190 180
191 180 178
192 191 178
192 178 176
193 192 176
193 176 174
194 193 174
194 174 172
195 194 172
172 170 195
170 196 195
170 135 196
135 138 196
199 198 197
200 197 198
201 200 198
200 201 202
203 200 202
204 203 202
204 205 203
205 206 203
203 206 207
206 208 207
207 208 209
208 210 209
209 210 211
210 212 211
211 212 213
212 214 213
213 214 215
214 216 215
215 216 217
216 218 217
218 216 214
219 218 214
219 214 212
220 219 212
220 212 210
221 220 210
210 208 221
208 222 221
208 206 222
206 223 222
206 205 223
205 224 223
223 224 225
223 225 226
225 227 226
227 228 226
228 229 226
228 230 229
233 232 231
234 233 231
237 236 235
236 238 235
235 238 239
238 240 239
243 242 241
242 244 241
241 244 245
246 241 245
249 248 247
249 247 250
251 249 250
250 247 252
253 250 252
252 254 253
254 255 253
256 254 252
257 256 252
252 247 257
247 258 257
259 257 258
260 259 258
261 259 260
262 261 260
262 263 261
263 264 261
263 265 264
265 266 264
264 266 267
266 268 267
266 269 268
269 270 268
264 267 271
261 264 271
259 261 271
272 259 271
257 259 272
256 257 272
275 274 273
274 276 273
273 276 277
246 245 278
279 246 278
278 280 279
280 281 279
281 280 282
283 281 282
283 282 284
285 283 284
286 285 284
287 286 284
288 286 287
289 288 287
290 289 287
291 290 287
291 287 284
292 291 284
292 284 282
293 292 282
282 280 293
280 294 293
294 280 278
295 294 278
295 278 245
296 295 245
296 245 244
297 296 244
244 242 297
242 298 297
290 299 289
299 300 289
289 300 288
300 301 288
300 302 301
302 303 301
303 302 304
305 303 304
304 302 306
302 307 306
302 300 307
300 299 307
310 309 308
309 311 308
308 311 312
311 313 312
316 315 314
317 316 314
314 318 317
318 319 317
317 319 320
319 321 320
320 321 322
321 323 322
322 323 324
323 325 324
326 324 325
327 326 325
328 326 327
329 328 327
330 328 329
331 330 329
332 330 331
333 332 331
334 332 333
335 334 333
336 334 335
337 336 335
336 337 338
337 339 338
340 336 338
341 340 338
334 336 340
342 334 340
332 334 342
343 332 342
332 343 330
343 344 330
330 344 328
344 345 328
326 328 345
346 326 345
346 347 326
347 324 326
324 347 348
322 324 348
320 322 348
349 320 348
320 349 317
349 316 317
352 351 350
351 353 350
353 351 354
355 353 354
356 355 354
357 356 354
358 356 357
359 358 357
360 358 359
361 360 359
364 363 362
365 364 362
362 366 365
366 367 365
365 367 368
365 368 364
368 369 364
369 368 370
371 369 370
371 370 372
373 371 372
370 374 372
374 375 372
376 374 370
368 376 370
367 376 368
379 378 377
380 379 377
379 380 381
380 382 381
383 381 382
384 383 382
387 386 385
388 387 385
389 387 388
390 389 388
389 390 391
390 392 391
391 392 393
394 391 393
393 395 394
395 396 394
396 395 397
395 398 397
397 398 399
398 400 399
399 400 401
400 402 401
403 401 402
404 403 402
405 403 404
406 405 404
405 406 407
408 405 407
411 410 409
412 411 409
412 409 413
414 412 413
413 415 414
415 416 414
416 415 417
415 418 417
417 418 419
418 420 419
419 420 421
422 419 421
422 421 423
424 422 423
424 423 425
426 424 425
426 425 427
428 426 427
428 427 429
430 428 429
430 429 431
429 432 431
435 434 433
436 435 433
437 435 436
438 437 436
437 438 439
438 440 439
441 440 438
442 441 438
438 436 442
436 443 442
443 436 433
444 443 433
447 446 445
448 447 445
449 447 448
450 449 448
451 449 450
452 451 450
455 454 453
456 455 453
459 458 457
460 459 457
457 461 460
461 462 460
465 464 463
466 465 463
463 467 466
467 468 466
471 470 469
472 471 469
469 473 472
473 474 472
472 474 475
475 476 472
476 471 472
477 476 475
478 477 475
479 477 478
480 479 478
478 481 480
481 482 480
482 483 480
483 484 480
480 484 479
484 485 479
485 484 486
487 485 486
486 488 487
488 489 487
488 490 489
490 491 489
492 490 488
493 492 488
493 488 486
494 493 486
494 486 484
483 494 484
483 495 494
495 496 494
494 496 493
496 497 493
493 497 492
497 498 492
499 495 483
482 499 483
499 482 481
500 499 481
500 481 501
502 500 501
502 501 474
503 502 474
503 474 473
504 503 473
474 501 475
475 501 478
501 481 478
506 270 505
270 269 505
274 505 269
276 274 269
269 266 276
266 265 276
276 265 277
277 265 507
265 263 507
507 263 508
263 262 508
508 262 260
509 508 260
509 260 258
248 509 258
248 258 247
