0
3
sm00_environment\global\ambient\gbl_amb_Lamp_Post_Central_Park_01\Materials\concrete_base_round.material
1
0
160
-0.352783 -0.141602 0.025391
-0.744345 -0.634788 0.207351
0 0 0 0
0.273743 0.544189
-0.332275 -0.158691 -0.079346
-0.091241 -0.995802 -0.007315
0 0 0 0
0.352478 0.520447
-0.263184 -0.156494 0.058105
-0.10544 -0.994293 0.016243
0 0 0 0
0.243774 0.477051
-0.246094 -0.156982 -0.222656
-0.01882 -0.999463 -0.026838
0 0 0 0
0.455322 0.445801
-0.310547 -0.147705 -0.175049
-0.73841 -0.531423 -0.415139
0 0 0 0
0.424255 0.498657
-0.209961 -0.15918 0.266846
-0.043272 -0.997271 0.059816
0 0 0 0
0.082214 0.450378
-0.311768 -0.146484 0.162598
-0.840616 -0.427642 0.332397
0 0 0 0
0.167786 0.521301
-0.270752 -0.144287 0.228027
-0.810043 -0.07744 0.581235
0 0 0 0
0.114868 0.495789
-0.061035 -0.155518 -0.314209
0.000985 -0.999878 -0.015578
0 0 0 0
0.512634 0.2995
-0.139404 -0.160156 -0.303711
-0.06166 -0.972492 -0.224627
0 0 0 0
0.510071 0.359619
0.145752 -0.155029 0.017334
0.006856 -0.999969 -0.003859
0 0 0 0
0.247803 0.164429
0.048584 -0.156982 -0.335693
0.010918 -0.999462 -0.03092
0 0 0 0
0.521606 0.21521
0.172852 -0.155029 -0.180664
0.018785 -0.999559 -0.022978
0 0 0 0
0.396301 0.13031
0.123535 -0.146729 -0.334229
0.390002 -0.400579 -0.829117
0 0 0 0
0.516052 0.158447
0.200439 -0.125488 -0.291992
0.512822 -0.310841 -0.800244
0 0 0 0
0.481384 0.099976
0.243652 -0.144531 -0.258057
0.423496 -0.682779 -0.595369
0 0 0 0
0.449829 0.07019
0.309082 -0.158203 -0.175781
0.643561 -0.695225 -0.320143
0 0 0 0
0.382446 0.027344
0.324707 -0.153564 -0.017822
0.088014 -0.995843 -0.023467
0 0 0 0
0.262268 0.026672
0.35083 -0.157959 0.049561
0.278411 -0.960073 0.027335
0 0 0 0
0.209534 0.011353
0.311523 -0.158447 0.109131
0.104846 -0.993539 0.043457
0 0 0 0
0.167175 0.045044
0.251953 -0.156738 0.243408
0.237991 -0.942184 0.235903
0 0 0 0
0.069458 0.098999
0.294189 -0.15332 0.196777
0.784889 -0.285967 0.549702
0 0 0 0
0.101868 0.063599
0.083008 -0.158691 0.282471
0.056762 -0.991783 0.114649
0 0 0 0
0.051147 0.229492
0.15332 -0.149414 0.318848
0.170589 -0.721529 0.67104
0 0 0 0
0.01825 0.178528
-0.008545 -0.157227 0.287598
0.000981 -0.999969 -0.007804
0 0 0 0
0.053162 0.299194
-0.008545 -0.157715 0.350342
0.148863 -0.44659 0.882268
0 0 0 0
0.005676 0.303223
-0.107178 -0.158447 0.309326
-0.029557 -0.99576 0.087106
0 0 0 0
0.043152 0.375305
-0.130859 -0.138184 0.330078
-0.371348 -0.293593 0.880854
0 0 0 0
0.024658 0.39679
-0.054932 -0.147461 0.350098
-0.194829 -0.271126 0.94262
0 0 0 0
0.006958 0.339417
-0.298096 0.079102 -0.158447
-0.653265 0.684748 -0.323056
0 0 0 0
0.114319 0.545349
-0.238037 0.072266 -0.249756
-0.695144 0.385365 -0.606851
0 0 0 0
0.031311 0.551758
-0.262207 -0.126953 -0.239746
-0.735479 -0.026584 -0.677026
0 0 0 0
0.050171 0.703552
-0.311279 -0.092041 -0.169189
-0.88877 0.085934 -0.450226
0 0 0 0
0.114929 0.676147
-0.349609 -0.142578 -0.071045
-0.970188 -0.027222 -0.240818
0 0 0 0
0.196472 0.712891
-0.340332 0.064697 -0.038574
-0.955684 0.249172 -0.156784
0 0 0 0
0.211365 0.553101
-0.34375 -0.082764 -0.029541
-0.99501 0.0639 0.076633
0 0 0 0
0.225647 0.664368
-0.337891 -0.026855 0.030273
-0.957233 0.130482 0.258224
0 0 0 0
0.268311 0.6203
-0.299316 0.037109 0.080811
-0.839986 0.463708 0.281776
0 0 0 0
0.306274 0.561401
-0.247314 0.079346 0.217285
-0.812576 0.475792 0.336662
0 0 0 0
0.412354 0.518066
-0.330322 -0.0979 0.08252
-0.944363 0.132679 0.300956
0 0 0 0
0.314026 0.672119
-0.311768 -0.146484 0.162598
-0.840616 -0.427642 0.332397
0 0 0 0
0.383423 0.696533
-0.324219 -0.123291 0.06665
-0.593525 -0.778129 0.205532
0 0 0 0
0.307556 0.698425
-0.263184 -0.156494 0.058105
-0.10544 -0.994293 0.016243
0 0 0 0
0.320251 0.752136
-0.352783 -0.141602 0.025391
-0.744345 -0.634788 0.207351
0 0 0 0
0.267883 0.70697
-0.332275 -0.158691 -0.079346
-0.091241 -0.995802 -0.007315
0 0 0 0
0.189087 0.732056
-0.310547 -0.147705 -0.175049
-0.73841 -0.531423 -0.415139
0 0 0 0
0.112061 0.718567
-0.246094 -0.156982 -0.222656
-0.01882 -0.999463 -0.026838
0 0 0 0
0.052185 0.732361
0.273926 0.076904 -0.182861
0.363486 0.921735 -0.135212
0 0 0 0
0.864746 0.28894
0.194824 0.078125 -0.273926
0.240119 0.892691 -0.381374
0 0 0 0
0.780029 0.255981
0.24585 0.084961 -0.060059
0.096575 0.994624 -0.03738
0 0 0 0
0.890137 0.381714
0.334717 0.035889 -0.064209
0.934214 0.300016 -0.192964
0 0 0 0
0.956055 0.340759
0.306641 0.080078 0.021484
0.310958 0.943205 -0.116919
0 0 0 0
0.959656 0.415894
0.238281 0.088135 0.069824
0.03485 0.998687 0.037548
0 0 0 0
0.930298 0.472473
0.287109 0.079102 0.145508
0.188151 0.945155 0.266984
0 0 0 0
0.990723 0.504883
0.178955 0.06543 0.195557
0.201811 0.940683 0.272741
0 0 0 0
0.93811 0.579529
0.239014 0.065186 0.193604
0.203258 0.833477 0.513812
0 0 0 0
0.978455 0.556885
0.209717 0.028809 0.248535
0.627286 0.508977 0.589452
0 0 0 0
0.985107 0.607544
0.161377 0.049561 0.297607
0.341972 0.662491 0.666454
0 0 0 0
0.961914 0.65564
0.097168 0.078857 0.226074
0.058723 0.992111 0.110757
0 0 0 0
0.891052 0.627808
0.063477 0.047363 0.312012
0.208233 0.715563 0.66679
0 0 0 0
0.903381 0.701172
-0.057617 0.078125 0.332031
0.025079 0.969372 0.244311
0 0 0 0
0.823914 0.753723
-0.008789 0.093994 0.025391
0.010815 0.999874 0.01158
0 0 0 0
0.747986 0.529419
-0.058594 0.086426 -0.213867
0.017211 0.99721 -0.072635
0 0 0 0
0.629028 0.384827
0.066162 0.079102 -0.318359
-0.049955 0.955812 -0.289703
0 0 0 0
0.679321 0.270874
-0.028809 0.050049 -0.304443
-0.187011 0.831294 -0.523428
0 0 0 0
0.612244 0.307312
-0.018311 0.015869 -0.333252
-0.031317 0.339041 -0.94025
0 0 0 0
0.600647 0.27356
-0.069092 0.042969 -0.328857
-0.01458 0.544747 -0.838474
0 0 0 0
0.576111 0.306763
-0.136475 0.082031 -0.276123
0.015871 0.985046 -0.17156
0 0 0 0
0.553406 0.373108
-0.159424 0.071533 -0.305908
-0.35467 0.330579 -0.874601
0 0 0 0
0.526428 0.360779
-0.238037 0.072266 -0.249756
-0.695144 0.385365 -0.606851
0 0 0 0
0.49408 0.426697
-0.298096 0.079102 -0.158447
-0.653265 0.684748 -0.323056
0 0 0 0
0.487183 0.509399
-0.161865 0.094238 -0.080322
-0.032677 0.999124 -0.026143
0 0 0 0
0.607544 0.512634
-0.201172 0.088867 0.049316
-0.056911 0.997441 0.043266
0 0 0 0
0.626587 0.61438
-0.316895 0.079834 -0.010254
-0.214683 0.974641 0.063133
0 0 0 0
0.527893 0.61438
-0.340332 0.064697 -0.038574
-0.955684 0.249172 -0.156784
0 0 0 0
0.495361 0.615173
-0.275391 0.067627 0.071289
-0.433407 0.870073 0.234802
0 0 0 0
0.582458 0.657166
-0.21875 0.082764 0.160645
-0.26035 0.965176 -0.025546
0 0 0 0
0.653992 0.696228
-0.201172 0.07959 0.268066
-0.066937 0.991694 0.109825
0 0 0 0
0.705017 0.761108
-0.111572 0.068359 0.322266
-0.347344 0.31784 0.88223
0 0 0 0
0.784607 0.769653
-0.157959 0.05957 0.306152
-0.474752 0.121697 0.871665
0 0 0 0
0.747559 0.781006
-0.229492 0.043945 0.258789
-0.72762 0.117685 0.67581
0 0 0 0
0.678162 0.786316
-0.247314 0.079346 0.217285
-0.812576 0.475792 0.336662
0 0 0 0
0.656738 0.745422
-0.299316 0.037109 0.080811
-0.839986 0.463708 0.281776
0 0 0 0
0.562561 0.680359
0.083008 -0.158691 0.282471
0.056762 -0.991783 0.114649
0 0 0 0
0.630737 0.790466
0.15332 -0.149414 0.318848
0.170589 -0.721529 0.67104
0 0 0 0
0.570068 0.791748
0.120361 -0.110352 0.313965
-0.067395 -0.188431 0.979771
0 0 0 0
0.591248 0.824646
0.147949 -0.030518 0.316406
0.331005 0.058573 0.94181
0 0 0 0
0.562256 0.881958
0.12915 -0.023438 0.321045
0.168954 0.146977 0.974604
0 0 0 0
0.575867 0.889465
0.161377 0.049561 0.297607
0.341972 0.662491 0.666454
0 0 0 0
0.539001 0.941162
0.196045 -0.106445 0.293457
0.624726 0.032606 0.780163
0 0 0 0
0.529053 0.819885
0.251953 -0.156738 0.243408
0.237991 -0.942184 0.235903
0 0 0 0
0.476135 0.775818
0.285889 -0.025391 0.194824
0.802799 0.075224 0.591486
0 0 0 0
0.422363 0.871338
0.294189 -0.15332 0.196777
0.784889 -0.285967 0.549702
0 0 0 0
0.427124 0.773804
0.324219 -0.114746 0.143799
0.925784 -0.024091 0.377284
0 0 0 0
0.378967 0.799988
0.311523 -0.158447 0.109131
0.104846 -0.993539 0.043457
0 0 0 0
0.359192 0.761475
0.341553 -0.109619 0.088867
0.961419 0.001104 0.275087
0 0 0 0
0.3349 0.801208
0.35083 -0.157959 0.049561
0.278411 -0.960073 0.027335
0 0 0 0
0.304077 0.764221
0.354492 -0.127441 0.009766
0.999705 -0.006922 -0.023276
0 0 0 0
0.272888 0.78717
0.324707 -0.153564 -0.017822
0.088014 -0.995843 -0.023467
0 0 0 0
0.248535 0.757202
0.344971 -0.132812 -0.079346
0.964762 -0.08413 -0.249311
0 0 0 0
0.205383 0.786377
0.309082 -0.158203 -0.175781
0.643561 -0.695225 -0.320143
0 0 0 0
0.127014 0.768372
0.285645 0.04834 -0.195312
0.851942 0.173256 -0.494143
0 0 0 0
0.11145 0.926575
0.334717 0.035889 -0.064209
0.934214 0.300016 -0.192964
0 0 0 0
0.217529 0.914978
0.337646 0.070068 0.061279
0.952424 0.289512 0.095247
0 0 0 0
0.312256 0.936584
0.306641 0.080078 0.021484
0.310958 0.943205 -0.116919
0 0 0 0
0.288208 0.968689
0.287109 0.079102 0.145508
0.188151 0.945155 0.266984
0 0 0 0
0.385376 0.958801
0.312744 0.057861 0.144775
0.881077 0.190725 0.432813
0 0 0 0
0.376343 0.932129
0.265625 0.047119 0.196289
0.606021 0.371268 0.70349
0 0 0 0
0.428345 0.928528
0.239014 0.065186 0.193604
0.203258 0.833477 0.513812
0 0 0 0
0.439758 0.950378
0.209717 0.028809 0.248535
0.627286 0.508977 0.589452
0 0 0 0
0.487488 0.921509
0.208984 -0.021729 0.269775
0.678084 0.149973 0.71952
0 0 0 0
0.503235 0.882568
0.273926 0.076904 -0.182861
0.363486 0.921735 -0.135212
0 0 0 0
0.115845 0.95105
0.194824 0.078125 -0.273926
0.240119 0.892691 -0.381374
0 0 0 0
0.0224 0.955872
0.262451 -0.049072 -0.23877
0.71634 0.06998 -0.694233
0 0 0 0
0.071411 0.854248
0.200439 -0.125488 -0.291992
0.512822 -0.310841 -0.800244
0 0 0 0
0.005676 0.80072
0.243652 -0.144531 -0.258057
0.423496 -0.682779 -0.595369
0 0 0 0
0.046997 0.783081
0.123535 -0.146729 -0.334229
0.390002 -0.400579 -0.829117
0 0 0 0
0.898926 0.057495
0.194824 0.078125 -0.273926
0.240119 0.892691 -0.381374
0 0 0 0
0.961853 0.231873
0.200439 -0.125488 -0.291992
0.512822 -0.310841 -0.800244
0 0 0 0
0.965088 0.076294
0.086182 0.062012 -0.332031
0.297844 0.189042 -0.935709
0 0 0 0
0.869812 0.217102
0.066162 0.079102 -0.318359
-0.049955 0.955812 -0.289703
0 0 0 0
0.855286 0.237793
-0.034424 -0.052002 -0.349121
-0.092513 0.028997 -0.995289
0 0 0 0
0.77832 0.129395
-0.018311 0.015869 -0.333252
-0.031317 0.339041 -0.94025
0 0 0 0
0.790161 0.182922
-0.069092 0.042969 -0.328857
-0.01458 0.544747 -0.838474
0 0 0 0
0.749512 0.202393
-0.159424 0.071533 -0.305908
-0.35467 0.330579 -0.874601
0 0 0 0
0.677551 0.223511
-0.177734 -0.020264 -0.302002
-0.437802 0.001347 -0.89907
0 0 0 0
0.66394 0.153687
-0.238037 0.072266 -0.249756
-0.695144 0.385365 -0.606851
0 0 0 0
0.602844 0.223633
-0.213379 -0.144287 -0.281006
-0.52245 -0.191785 -0.830822
0 0 0 0
0.633545 0.05957
-0.147217 -0.133301 -0.322754
-0.476969 0.137613 -0.86808
0 0 0 0
0.692322 0.06366
-0.066406 -0.130859 -0.343994
-0.247339 -0.168081 -0.954239
0 0 0 0
0.754211 0.066467
-0.139404 -0.160156 -0.303711
-0.06166 -0.972492 -0.224627
0 0 0 0
0.692078 0.037231
-0.246094 -0.156982 -0.222656
-0.01882 -0.999463 -0.026838
0 0 0 0
0.583496 0.034485
-0.262207 -0.126953 -0.239746
-0.735479 -0.026584 -0.677026
0 0 0 0
0.584961 0.069702
-0.061035 -0.155518 -0.314209
0.000985 -0.999878 -0.015578
0 0 0 0
0.753296 0.029846
-0.040771 -0.148926 -0.349609
-0.03988 -0.199401 -0.979106
0 0 0 0
0.774109 0.05658
0.048096 -0.147705 -0.35083
0.081494 0.006906 -0.99665
0 0 0 0
0.840515 0.056213
0.048584 -0.156982 -0.335693
0.010918 -0.999462 -0.03092
0 0 0 0
0.841248 0.04248
-0.311768 -0.146484 0.162598
-0.840616 -0.427642 0.332397
0 0 0 0
0.990417 0.799622
-0.270752 -0.144287 0.228027
-0.810043 -0.07744 0.581235
0 0 0 0
0.931946 0.805298
-0.247314 0.079346 0.217285
-0.812576 0.475792 0.336662
0 0 0 0
0.941223 0.976257
-0.229492 0.043945 0.258789
-0.72762 0.117685 0.67581
0 0 0 0
0.905396 0.951477
-0.223145 -0.097412 0.274658
-0.604067 -0.009172 0.796881
0 0 0 0
0.884827 0.845215
-0.157959 0.05957 0.306152
-0.474752 0.121697 0.871665
0 0 0 0
0.84137 0.969238
-0.117676 -0.04541 0.330322
-0.406917 0.039205 0.912624
0 0 0 0
0.798401 0.893005
-0.092285 0.023438 0.336914
-0.228991 0.105583 0.967686
0 0 0 0
0.78418 0.94696
-0.111572 0.068359 0.322266
-0.347344 0.31784 0.88223
0 0 0 0
0.804565 0.979736
-0.057617 0.078125 0.332031
0.025079 0.969372 0.244311
0 0 0 0
0.763489 0.991943
-0.013184 -0.004639 0.344482
0.078594 0.119959 0.989663
0 0 0 0
0.722107 0.932922
0.063477 0.047363 0.312012
0.208233 0.715563 0.66679
0 0 0 0
0.667297 0.983215
0.161377 0.049561 0.297607
0.341972 0.662491 0.666454
0 0 0 0
0.59259 0.994324
0.12915 -0.023438 0.321045
0.168954 0.146977 0.974604
0 0 0 0
0.611633 0.933655
0.101807 -0.079834 0.332275
0.272113 -0.102555 0.956785
0 0 0 0
0.627563 0.887878
0.120361 -0.110352 0.313965
-0.067395 -0.188431 0.979771
0 0 0 0
0.605225 0.867126
0.083008 -0.158691 0.282471
0.056762 -0.991783 0.114649
0 0 0 0
0.617432 0.816162
-0.008545 -0.157715 0.350342
0.148863 -0.44659 0.882268
0 0 0 0
0.704285 0.817871
-0.069336 -0.091309 0.342285
-0.144756 0.028951 0.989044
0 0 0 0
0.756836 0.862305
-0.054932 -0.147461 0.350098
-0.194829 -0.271126 0.94262
0 0 0 0
0.740479 0.820984
-0.130859 -0.138184 0.330078
-0.371348 -0.293593 0.880854
0 0 0 0
0.800659 0.821533
-0.209961 -0.15918 0.266846
-0.043272 -0.997271 0.059816
0 0 0 0
0.876038 0.797852
-0.066895 -0.025635 0.344482
-0.098008 0.045553 0.994143
0 0 0 0
0.760376 0.912048
200
2 1 0
2 3 1
3 4 1
5 3 2
6 5 2
5 6 7
8 3 5
8 9 3
5 10 8
10 11 8
11 10 12
11 12 13
14 13 12
12 15 14
15 12 16
17 16 12
12 10 17
10 18 17
19 18 10
20 19 10
21 19 20
20 10 22
23 20 22
22 10 24
24 25 22
26 25 24
24 10 26
5 26 10
5 27 26
27 28 26
28 25 26
31 30 29
32 31 29
29 33 32
29 34 33
35 33 34
36 35 34
34 37 36
36 37 38
39 36 38
38 40 39
40 41 39
40 42 41
42 43 41
43 39 41
35 39 43
39 35 36
43 33 35
43 44 33
44 45 33
32 33 45
45 31 32
45 46 31
49 48 47
50 49 47
49 50 51
52 49 51
51 53 52
54 52 53
54 53 55
54 55 56
54 56 57
58 54 57
58 57 59
58 59 60
60 61 58
58 61 52
54 58 52
52 61 49
61 48 49
61 62 48
62 63 48
62 64 63
65 63 64
66 65 64
66 64 62
67 66 62
67 68 66
69 68 67
70 69 67
71 70 67
71 67 62
71 62 61
61 72 71
72 73 71
71 73 70
73 74 70
74 73 75
72 75 73
76 75 72
77 76 72
61 77 72
60 77 61
77 60 78
77 78 79
77 79 80
80 81 77
77 81 76
81 82 76
76 82 75
82 74 75
85 84 83
86 84 85
87 86 85
87 88 86
86 88 89
86 89 84
90 84 89
90 89 91
91 92 90
93 92 91
94 92 93
94 93 95
94 95 96
97 96 95
96 97 98
97 99 98
99 100 98
100 99 101
102 101 99
97 102 99
97 103 102
104 102 103
105 104 103
105 103 106
103 95 106
97 95 103
106 95 91
95 93 91
107 106 91
106 107 105
107 108 105
108 107 109
107 91 109
110 109 91
110 91 89
110 89 88
88 109 110
111 101 102
101 111 112
101 112 113
113 112 114
115 113 114
100 113 115
101 113 100
118 117 116
116 117 119
120 119 117
119 120 121
120 122 121
121 122 123
123 124 121
124 125 121
125 124 126
126 127 125
125 127 121
121 127 128
129 121 128
130 129 128
130 128 127
130 127 131
131 127 132
127 126 132
130 133 129
133 134 129
134 121 129
134 119 121
134 135 119
135 116 119
136 116 135
136 135 134
136 134 133
139 138 137
140 138 139
138 140 141
140 142 141
143 141 142
144 143 142
145 144 142
145 146 144
144 146 147
148 147 146
148 149 147
147 149 150
147 150 151
152 151 150
153 151 152
154 151 153
154 147 151
154 155 147
155 154 156
155 156 157
143 155 157
157 141 143
141 157 158
138 141 158
155 143 159
159 143 144
159 144 147
155 159 147
sm01_environment\global\ambient\gbl_amb_Lamp_Post_Central_Park_01\Materials\gbl_amb_Lamp_Post_Central_Park_01.material
1
0
5477
-0.035645 3.352295 0.151611
-0.205479 0.412301 0.887573
0 0 0 0
0.546875 0.175049
-0.037109 3.339355 0.157227
-0.205479 0.412301 0.887573
0 0 0 0
0.546875 0.167175
0 3.339355 0.161621
0.001351 0.412161 0.91111
0 0 0 0
0.526733 0.167175
0 3.352295 0.155762
0.001351 0.412161 0.91111
0 0 0 0
0.526733 0.175049
0.035645 3.352295 0.151611
0.205479 0.412301 0.887573
0 0 0 0
0.506653 0.175049
0.037109 3.339355 0.157227
0.205479 0.412301 0.887573
0 0 0 0
0.506653 0.167175
0.071045 3.339355 0.14502
0.399432 0.412614 0.81866
0 0 0 0
0.487122 0.167175
0.068359 3.352295 0.139893
0.399432 0.412614 0.81866
0 0 0 0
0.487122 0.175049
0.101074 3.339355 0.125977
0.569216 0.410603 0.712319
0 0 0 0
0.467957 0.167175
0.097412 3.352295 0.121338
0.569216 0.410603 0.712319
0 0 0 0
0.467957 0.175049
0.121338 3.352295 0.097412
0.71138 0.412625 0.568927
0 0 0 0
0.448853 0.175049
0.125977 3.339355 0.101074
0.71138 0.412625 0.568927
0 0 0 0
0.448853 0.167175
0.139893 3.352295 0.068359
0.819819 0.410487 0.399246
0 0 0 0
0.429626 0.175049
0.14502 3.339355 0.071045
0.819819 0.410487 0.399246
0 0 0 0
0.429626 0.167175
0.151611 3.352295 0.035645
0.887891 0.4112 0.206311
0 0 0 0
0.410156 0.175049
0.157227 3.339355 0.037109
0.887891 0.4112 0.206311
0 0 0 0
0.410156 0.167175
0.161377 3.339355 0
0.911167 0.412031 0.002415
0 0 0 0
0.390015 0.167175
0.155762 3.352295 0
0.911167 0.412031 0.002415
0 0 0 0
0.390015 0.175049
0.151611 3.352295 -0.035645
0.887891 0.4112 -0.206311
0 0 0 0
0.369934 0.175049
0.157227 3.339355 -0.037109
0.887891 0.4112 -0.206311
0 0 0 0
0.369934 0.167175
0.14502 3.339355 -0.071045
0.819819 0.410487 -0.399246
0 0 0 0
0.350403 0.167175
0.139893 3.352295 -0.068359
0.819819 0.410487 -0.399246
0 0 0 0
0.350403 0.175049
0.125977 3.339355 -0.101074
0.71138 0.412625 -0.568927
0 0 0 0
0.331238 0.167175
0.121338 3.352295 -0.097412
0.71138 0.412625 -0.568927
0 0 0 0
0.331238 0.175049
0.097412 3.352295 -0.121338
0.569216 0.410603 -0.712319
0 0 0 0
0.312134 0.175049
0.101074 3.339355 -0.125977
0.569216 0.410603 -0.712319
0 0 0 0
0.312134 0.167175
0.068359 3.352295 -0.139893
0.399432 0.412614 -0.81866
0 0 0 0
0.292908 0.175049
0.071045 3.339355 -0.14502
0.399432 0.412614 -0.81866
0 0 0 0
0.292908 0.167175
0.035645 3.352295 -0.151611
0.205479 0.412301 -0.887573
0 0 0 0
0.273438 0.175049
0.037109 3.339355 -0.157227
0.205479 0.412301 -0.887573
0 0 0 0
0.273438 0.167175
0 3.339355 -0.161377
-0.001351 0.412161 -0.91111
0 0 0 0
0.253296 0.167175
0 3.352295 -0.155762
-0.001351 0.412161 -0.91111
0 0 0 0
0.253296 0.175049
-0.035645 3.352295 -0.151611
-0.205479 0.412301 -0.887573
0 0 0 0
0.233215 0.175049
-0.037109 3.339355 -0.157227
-0.205479 0.412301 -0.887573
0 0 0 0
0.233215 0.167175
-0.071045 3.339355 -0.14502
-0.399432 0.412614 -0.81866
0 0 0 0
0.213684 0.167175
-0.068359 3.352295 -0.139893
-0.399432 0.412614 -0.81866
0 0 0 0
0.213684 0.175049
-0.101074 3.339355 -0.125977
-0.569216 0.410603 -0.712319
0 0 0 0
0.194519 0.167175
-0.097412 3.352295 -0.121338
-0.569216 0.410603 -0.712319
0 0 0 0
0.194519 0.175049
-0.121338 3.352295 -0.097412
-0.71138 0.412625 -0.568927
0 0 0 0
0.175415 0.175049
-0.125977 3.339355 -0.101074
-0.71138 0.412625 -0.568927
0 0 0 0
0.175415 0.167175
-0.139893 3.352295 -0.068359
-0.819818 0.410487 -0.399246
0 0 0 0
0.156189 0.175049
-0.14502 3.339355 -0.071045
-0.819818 0.410487 -0.399246
0 0 0 0
0.156189 0.167175
-0.151611 3.352295 -0.035645
-0.887891 0.4112 -0.206312
0 0 0 0
0.136719 0.175049
-0.157227 3.339355 -0.037109
-0.887891 0.4112 -0.206312
0 0 0 0
0.136719 0.167175
-0.161377 3.339355 0
-0.911167 0.412031 -0.002415
0 0 0 0
0.116577 0.167175
-0.155762 3.352295 0
-0.911167 0.412031 -0.002415
0 0 0 0
0.116577 0.175049
-0.151611 3.352295 0.035645
-0.887891 0.4112 0.206312
0 0 0 0
0.096497 0.175049
-0.157227 3.339355 0.037109
-0.887891 0.4112 0.206312
0 0 0 0
0.096497 0.167175
-0.14502 3.339355 0.071045
-0.819818 0.410487 0.399246
0 0 0 0
0.076965 0.167175
-0.139893 3.352295 0.068359
-0.819818 0.410487 0.399246
0 0 0 0
0.076965 0.175049
-0.125977 3.339355 0.101074
-0.71138 0.412625 0.568927
0 0 0 0
0.0578 0.167175
-0.121338 3.352295 0.097412
-0.71138 0.412625 0.568927
0 0 0 0
0.0578 0.175049
-0.097412 3.352295 0.121338
-0.569216 0.410603 0.712319
0 0 0 0
0.038696 0.175049
-0.101074 3.339355 0.125977
-0.569216 0.410603 0.712319
0 0 0 0
0.038696 0.167175
-0.068359 3.352295 0.139893
-0.399432 0.412614 0.81866
0 0 0 0
0.01947 0.175049
-0.071045 3.339355 0.14502
-0.399432 0.412614 0.81866
0 0 0 0
0.01947 0.167175
-0.035645 3.352295 0.151611
-0.205479 0.412301 0.887573
0 0 0 0
0.000366 0.175049
-0.037109 3.339355 0.157227
-0.205479 0.412301 0.887573
0 0 0 0
0.000366 0.167175
-0.035645 3.352295 0.151611
-0.146026 -0.76258 0.630197
0 0 0 0
0.546875 0.175049
0 3.357666 0.162109
-0.001254 -0.763668 0.645608
0 0 0 0
0.526733 0.179749
-0.037109 3.357666 0.157715
-0.146026 -0.76258 0.630197
0 0 0 0
0.546875 0.179749
0 3.352295 0.155762
-0.001254 -0.763668 0.645608
0 0 0 0
0.526733 0.175049
0.035645 3.352295 0.151611
0.146026 -0.76258 0.630197
0 0 0 0
0.506653 0.175049
0.037109 3.357666 0.157715
0.146026 -0.76258 0.630197
0 0 0 0
0.506653 0.179749
0.071289 3.357666 0.145508
0.283881 -0.76316 0.580516
0 0 0 0
0.487122 0.179749
0.068359 3.352295 0.139893
0.283881 -0.76316 0.580516
0 0 0 0
0.487122 0.175049
0.101318 3.357666 0.126465
0.403964 -0.763575 0.503752
0 0 0 0
0.467957 0.179749
0.097412 3.352295 0.121338
0.403964 -0.763575 0.503752
0 0 0 0
0.467957 0.175049
0.121338 3.352295 0.097412
0.503884 -0.763355 0.404215
0 0 0 0
0.448853 0.175049
0.126465 3.357666 0.101318
0.503884 -0.763355 0.404215
0 0 0 0
0.448853 0.179749
0.139893 3.352295 0.068359
0.581299 -0.762886 0.283015
0 0 0 0
0.429626 0.175049
0.145508 3.357666 0.071289
0.581299 -0.762886 0.283015
0 0 0 0
0.429626 0.179749
0.151611 3.352295 0.035645
0.629201 -0.763207 0.147045
0 0 0 0
0.410156 0.175049
0.157715 3.357666 0.037109
0.629201 -0.763207 0.147045
0 0 0 0
0.410156 0.179749
0.162109 3.357666 0
0.64603 -0.763312 -0.000337
0 0 0 0
0.390015 0.179749
0.155762 3.352295 0
0.64603 -0.763312 0.000337
0 0 0 0
0.390015 0.175049
0.151611 3.352295 -0.035645
0.629201 -0.763207 -0.147045
0 0 0 0
0.369934 0.175049
0.157715 3.357666 -0.037109
0.629201 -0.763207 -0.147045
0 0 0 0
0.369934 0.179749
0.145508 3.357666 -0.071289
0.581299 -0.762886 -0.283015
0 0 0 0
0.350403 0.179749
0.139893 3.352295 -0.068359
0.581299 -0.762886 -0.283015
0 0 0 0
0.350403 0.175049
0.126465 3.357666 -0.101318
0.503884 -0.763355 -0.404215
0 0 0 0
0.331238 0.179749
0.121338 3.352295 -0.097412
0.503884 -0.763355 -0.404215
0 0 0 0
0.331238 0.175049
0.097412 3.352295 -0.121338
0.403964 -0.763575 -0.503752
0 0 0 0
0.312134 0.175049
0.101318 3.357666 -0.126465
0.403964 -0.763575 -0.503752
0 0 0 0
0.312134 0.179749
0.068359 3.352295 -0.139893
0.283881 -0.76316 -0.580516
0 0 0 0
0.292908 0.175049
0.071289 3.357666 -0.145508
0.283881 -0.76316 -0.580516
0 0 0 0
0.292908 0.179749
0.035645 3.352295 -0.151611
0.146026 -0.76258 -0.630197
0 0 0 0
0.273438 0.175049
0.037109 3.357666 -0.157715
0.146026 -0.76258 -0.630197
0 0 0 0
0.273438 0.179749
0 3.357666 -0.162109
-0.001254 -0.763668 -0.645608
0 0 0 0
0.253296 0.179749
0 3.352295 -0.155762
-0.001254 -0.763668 -0.645608
0 0 0 0
0.253296 0.175049
-0.035645 3.352295 -0.151611
-0.146026 -0.76258 -0.630197
0 0 0 0
0.233215 0.175049
-0.037109 3.357666 -0.157715
-0.146026 -0.76258 -0.630197
0 0 0 0
0.233215 0.179749
-0.071289 3.357666 -0.145508
-0.283881 -0.76316 -0.580516
0 0 0 0
0.213684 0.179749
-0.068359 3.352295 -0.139893
-0.283881 -0.76316 -0.580516
0 0 0 0
0.213684 0.175049
-0.101318 3.357666 -0.126465
-0.403964 -0.763575 -0.503752
0 0 0 0
0.194519 0.179749
-0.097412 3.352295 -0.121338
-0.403964 -0.763575 -0.503752
0 0 0 0
0.194519 0.175049
-0.121338 3.352295 -0.097412
-0.503884 -0.763355 -0.404215
0 0 0 0
0.175415 0.175049
-0.126465 3.357666 -0.101318
-0.503884 -0.763355 -0.404215
0 0 0 0
0.175415 0.179749
-0.139893 3.352295 -0.068359
-0.581299 -0.762886 -0.283015
0 0 0 0
0.156189 0.175049
-0.145508 3.357666 -0.071289
-0.581299 -0.762886 -0.283015
0 0 0 0
0.156189 0.179749
-0.151611 3.352295 -0.035645
-0.629201 -0.763207 -0.147045
0 0 0 0
0.136719 0.175049
-0.157715 3.357666 -0.037109
-0.629201 -0.763207 -0.147045
0 0 0 0
0.136719 0.179749
-0.162109 3.357666 0
-0.64603 -0.763312 0.000337
0 0 0 0
0.116577 0.179749
-0.155762 3.352295 0
-0.64603 -0.763312 -0.000337
0 0 0 0
0.116577 0.175049
-0.151611 3.352295 0.035645
-0.629201 -0.763207 0.147045
0 0 0 0
0.096497 0.175049
-0.157715 3.357666 0.037109
-0.629201 -0.763207 0.147045
0 0 0 0
0.096497 0.179749
-0.145508 3.357666 0.071289
-0.581299 -0.762886 0.283015
0 0 0 0
0.076965 0.179749
-0.139893 3.352295 0.068359
-0.581299 -0.762886 0.283015
0 0 0 0
0.076965 0.175049
-0.126465 3.357666 0.101318
-0.503884 -0.763355 0.404215
0 0 0 0
0.0578 0.179749
-0.121338 3.352295 0.097412
-0.503884 -0.763355 0.404215
0 0 0 0
0.0578 0.175049
-0.097412 3.352295 0.121338
-0.403964 -0.763575 0.503752
0 0 0 0
0.038696 0.175049
-0.101318 3.357666 0.126465
-0.403964 -0.763575 0.503752
0 0 0 0
0.038696 0.179749
-0.068359 3.352295 0.139893
-0.283881 -0.76316 0.580516
0 0 0 0
0.01947 0.175049
-0.071289 3.357666 0.145508
-0.283881 -0.76316 0.580516
0 0 0 0
0.01947 0.179749
-0.035645 3.352295 0.151611
-0.146026 -0.76258 0.630197
0 0 0 0
0.000366 0.175049
-0.037109 3.357666 0.157715
-0.146026 -0.76258 0.630197
0 0 0 0
0.000366 0.179749
0 3.357666 0.162109
0.001373 0.232029 0.972708
0 0 0 0
0.526733 0.179749
-0.036377 3.372803 0.154297
-0.191546 0.529724 0.826258
0 0 0 0
0.546875 0.188293
-0.037109 3.357666 0.157715
-0.219617 0.233258 0.947291
0 0 0 0
0.546875 0.179749
0 3.372803 0.158447
0.001329 0.530193 0.847876
0 0 0 0
0.526733 0.188293
-0.03418 3.377686 0.14502
-0.102031 0.892481 0.439394
0 0 0 0
0.546875 0.194275
0 3.377686 0.148926
0.001178 0.8918 0.452428
0 0 0 0
0.526733 0.194275
0.03418 3.377686 0.14502
0.102031 0.892481 0.439394
0 0 0 0
0.506653 0.194275
0.036377 3.372803 0.154297
0.191546 0.529724 0.826258
0 0 0 0
0.506653 0.188293
0.037109 3.357666 0.157715
0.219617 0.233258 0.947291
0 0 0 0
0.506653 0.179749
0.071289 3.357666 0.145508
0.426893 0.231512 0.874165
0 0 0 0
0.487122 0.179749
0.06958 3.372803 0.142334
0.372341 0.530619 0.761449
0 0 0 0
0.487122 0.188293
0.101318 3.357666 0.126465
0.608072 0.232079 0.759202
0 0 0 0
0.467957 0.179749
0.099121 3.372803 0.123779
0.53043 0.53043 0.661278
0 0 0 0
0.467957 0.188293
0.126465 3.357666 0.101318
0.759737 0.231763 0.607523
0 0 0 0
0.448853 0.179749
0.123779 3.372803 0.099121
0.661377 0.530794 0.529941
0 0 0 0
0.448853 0.188293
0.142334 3.372803 0.06958
0.761584 0.530246 0.372598
0 0 0 0
0.429626 0.188293
0.145508 3.357666 0.071289
0.874342 0.232302 0.426101
0 0 0 0
0.429626 0.179749
0.154297 3.372803 0.036377
0.826436 0.529985 0.190052
0 0 0 0
0.410156 0.188293
0.157715 3.357666 0.037109
0.947247 0.232221 0.220897
0 0 0 0
0.410156 0.179749
0.162109 3.357666 0
0.972785 0.231709 -0.00032
0 0 0 0
0.390015 0.179749
0.158447 3.372803 0
0.847504 0.53079 -0.000009
0 0 0 0
0.390015 0.188293
0.154297 3.372803 -0.036377
0.826436 0.529985 -0.190052
0 0 0 0
0.369934 0.188293
0.157715 3.357666 -0.037109
0.947247 0.232221 -0.220897
0 0 0 0
0.369934 0.179749
0.145508 3.357666 -0.071289
0.874342 0.232302 -0.426101
0 0 0 0
0.350403 0.179749
0.142334 3.372803 -0.06958
0.761584 0.530246 -0.372598
0 0 0 0
0.350403 0.188293
0.126465 3.357666 -0.101318
0.759737 0.231763 -0.607523
0 0 0 0
0.331238 0.179749
0.123779 3.372803 -0.099121
0.661377 0.530794 -0.529941
0 0 0 0
0.331238 0.188293
0.101318 3.357666 -0.126465
0.608072 0.232079 -0.759202
0 0 0 0
0.312134 0.179749
0.099121 3.372803 -0.123779
0.53043 0.53043 -0.661278
0 0 0 0
0.312134 0.188293
0.06958 3.372803 -0.142334
0.372341 0.530619 -0.761449
0 0 0 0
0.292908 0.188293
0.071289 3.357666 -0.145508
0.426893 0.231512 -0.874165
0 0 0 0
0.292908 0.179749
0.036377 3.372803 -0.154297
0.191546 0.529724 -0.826258
0 0 0 0
0.273438 0.188293
0.037109 3.357666 -0.157715
0.219617 0.233258 -0.947291
0 0 0 0
0.273438 0.179749
0 3.357666 -0.162109
-0.001373 0.232029 -0.972708
0 0 0 0
0.253296 0.179749
0 3.372803 -0.158447
-0.001329 0.530193 -0.847876
0 0 0 0
0.253296 0.188293
-0.036377 3.372803 -0.154297
-0.191546 0.529724 -0.826258
0 0 0 0
0.233215 0.188293
-0.037109 3.357666 -0.157715
-0.219617 0.233258 -0.947291
0 0 0 0
0.233215 0.179749
-0.071289 3.357666 -0.145508
-0.426893 0.231512 -0.874165
0 0 0 0
0.213684 0.179749
-0.06958 3.372803 -0.142334
-0.372341 0.530619 -0.76145
0 0 0 0
0.213684 0.188293
-0.101318 3.357666 -0.126465
-0.608072 0.232079 -0.759202
0 0 0 0
0.194519 0.179749
-0.099121 3.372803 -0.123779
-0.530429 0.53043 -0.661278
0 0 0 0
0.194519 0.188293
-0.126465 3.357666 -0.101318
-0.759737 0.231763 -0.607524
0 0 0 0
0.175415 0.179749
-0.123779 3.372803 -0.099121
-0.661377 0.530794 -0.529941
0 0 0 0
0.175415 0.188293
-0.142334 3.372803 -0.06958
-0.761584 0.530246 -0.372598
0 0 0 0
0.156189 0.188293
-0.145508 3.357666 -0.071289
-0.874342 0.232302 -0.426101
0 0 0 0
0.156189 0.179749
-0.154297 3.372803 -0.036377
-0.826436 0.529985 -0.190052
0 0 0 0
0.136719 0.188293
-0.157715 3.357666 -0.037109
-0.947247 0.232221 -0.220897
0 0 0 0
0.136719 0.179749
-0.162109 3.357666 0
-0.972785 0.231709 0.00032
0 0 0 0
0.116577 0.179749
-0.158447 3.372803 0
-0.847504 0.53079 -0.000009
0 0 0 0
0.116577 0.188293
-0.154297 3.372803 0.036377
-0.826436 0.529985 0.190052
0 0 0 0
0.096497 0.188293
-0.157715 3.357666 0.037109
-0.947247 0.232221 0.220897
0 0 0 0
0.096497 0.179749
-0.145508 3.357666 0.071289
-0.874342 0.232302 0.426101
0 0 0 0
0.076965 0.179749
-0.142334 3.372803 0.06958
-0.761584 0.530246 0.372598
0 0 0 0
0.076965 0.188293
-0.126465 3.357666 0.101318
-0.759737 0.231763 0.607524
0 0 0 0
0.0578 0.179749
-0.123779 3.372803 0.099121
-0.661377 0.530794 0.529941
0 0 0 0
0.0578 0.188293
-0.101318 3.357666 0.126465
-0.608072 0.232079 0.759202
0 0 0 0
0.038696 0.179749
-0.099121 3.372803 0.123779
-0.530429 0.53043 0.661278
0 0 0 0
0.038696 0.188293
-0.06958 3.372803 0.142334
-0.372341 0.530619 0.76145
0 0 0 0
0.01947 0.188293
-0.071289 3.357666 0.145508
-0.426893 0.231512 0.874165
0 0 0 0
0.01947 0.179749
-0.036377 3.372803 0.154297
-0.191546 0.529724 0.826258
0 0 0 0
0.000366 0.188293
-0.037109 3.357666 0.157715
-0.219617 0.233258 0.947291
0 0 0 0
0.000366 0.179749
-0.03418 3.377686 0.14502
-0.102031 0.892481 0.439394
0 0 0 0
0.000366 0.194275
-0.06543 3.377686 0.133789
-0.198067 0.893037 0.404047
0 0 0 0
0.01947 0.194275
-0.093018 3.377686 0.116211
-0.283009 0.892218 0.351928
0 0 0 0
0.038696 0.194275
-0.116211 3.377686 0.093018
-0.350812 0.893076 0.281684
0 0 0 0
0.0578 0.194275
-0.133789 3.377686 0.06543
-0.40525 0.892834 0.196519
0 0 0 0
0.076965 0.194275
-0.14502 3.377686 0.03418
-0.440334 0.891958 0.102555
0 0 0 0
0.096497 0.194275
-0.148926 3.377686 0
-0.45073 0.89266 0.000419
0 0 0 0
0.116577 0.194275
-0.14502 3.377686 -0.03418
-0.440334 0.891958 -0.102555
0 0 0 0
0.136719 0.194275
-0.133789 3.377686 -0.06543
-0.40525 0.892834 -0.196519
0 0 0 0
0.156189 0.194275
-0.116211 3.377686 -0.093018
-0.350812 0.893076 -0.281684
0 0 0 0
0.175415 0.194275
-0.093018 3.377686 -0.116211
-0.283009 0.892218 -0.351928
0 0 0 0
0.194519 0.194275
-0.06543 3.377686 -0.133789
-0.198067 0.893037 -0.404047
0 0 0 0
0.213684 0.194275
-0.03418 3.377686 -0.14502
-0.102031 0.892481 -0.439394
0 0 0 0
0.233215 0.194275
0 3.377686 -0.148926
-0.001178 0.8918 -0.452428
0 0 0 0
0.253296 0.194275
0.03418 3.377686 -0.14502
0.102031 0.892481 -0.439394
0 0 0 0
0.273438 0.194275
0.06543 3.377686 -0.133789
0.198067 0.893037 -0.404047
0 0 0 0
0.292908 0.194275
0.093018 3.377686 -0.116211
0.283009 0.892218 -0.351928
0 0 0 0
0.312134 0.194275
0.116211 3.377686 -0.093018
0.350812 0.893076 -0.281684
0 0 0 0
0.331238 0.194275
0.133789 3.377686 -0.06543
0.40525 0.892834 -0.196519
0 0 0 0
0.350403 0.194275
0.14502 3.377686 -0.03418
0.440334 0.891958 -0.102555
0 0 0 0
0.369934 0.194275
0.148926 3.377686 0
0.45073 0.89266 0.000419
0 0 0 0
0.390015 0.194275
0.14502 3.377686 0.03418
0.440334 0.891958 0.102555
0 0 0 0
0.410156 0.194275
0.133789 3.377686 0.06543
0.40525 0.892834 0.196519
0 0 0 0
0.429626 0.194275
0.116211 3.377686 0.093018
0.350812 0.893076 0.281684
0 0 0 0
0.448853 0.194275
0.093018 3.377686 0.116211
0.283009 0.892218 0.351928
0 0 0 0
0.467957 0.194275
0.06543 3.377686 0.133789
0.198067 0.893037 0.404047
0 0 0 0
0.487122 0.194275
0 3.377686 0.148926
-0.001352 0.407002 0.913426
0 0 0 0
0.604736 0.810242
-0.030518 3.412354 0.129883
-0.188449 0.544263 0.817475
0 0 0 0
0.622009 0.831543
-0.03418 3.377686 0.14502
-0.205606 0.407181 0.889905
0 0 0 0
0.626404 0.812683
-0.06543 3.377686 0.133789
-0.399693 0.407608 0.821037
0 0 0 0
0.646423 0.819763
-0.058594 3.412354 0.119873
-0.368861 0.54488 0.753025
0 0 0 0
0.637939 0.837158
-0.093018 3.377686 0.116211
-0.571693 0.407987 0.711838
0 0 0 0
0.664124 0.830994
-0.083496 3.412354 0.104004
-0.524347 0.544466 0.654689
0 0 0 0
0.652039 0.846069
-0.104004 3.412354 0.083496
-0.653274 0.544596 0.525974
0 0 0 0
0.663757 0.857788
-0.116211 3.377686 0.093018
-0.711961 0.40806 0.571488
0 0 0 0
0.678833 0.845703
-0.119873 3.412354 0.058594
-0.753341 0.545286 0.367614
0 0 0 0
0.672668 0.871887
-0.133789 3.377686 0.06543
-0.820215 0.408372 0.400599
0 0 0 0
0.690063 0.863403
-0.129883 3.412354 0.030518
-0.817321 0.544526 0.188355
0 0 0 0
0.678284 0.887817
-0.14502 3.377686 0.03418
-0.889945 0.406863 0.206059
0 0 0 0
0.697144 0.883423
-0.148926 3.377686 0
-0.91296 0.408043 0.002055
0 0 0 0
0.699585 0.90509
-0.133301 3.412354 0
-0.838465 0.544953 0.00175
0 0 0 0
0.680298 0.90509
-0.129883 3.412354 -0.030518
-0.817321 0.544526 -0.188355
0 0 0 0
0.678345 0.922424
-0.14502 3.377686 -0.03418
-0.889945 0.406863 -0.206059
0 0 0 0
0.697144 0.926819
-0.133789 3.377686 -0.06543
-0.820215 0.408372 -0.400599
0 0 0 0
0.690063 0.946777
-0.119873 3.412354 -0.058594
-0.753341 0.545286 -0.367614
0 0 0 0
0.672668 0.938354
-0.116211 3.377686 -0.093018
-0.711961 0.40806 -0.571488
0 0 0 0
0.678833 0.964478
-0.104004 3.412354 -0.083496
-0.653274 0.544596 -0.525974
0 0 0 0
0.663757 0.952393
-0.083496 3.412354 -0.104004
-0.524347 0.544466 -0.654689
0 0 0 0
0.652039 0.964172
-0.093018 3.377686 -0.116211
-0.571693 0.407987 -0.711838
0 0 0 0
0.664124 0.979248
-0.058594 3.412354 -0.119873
-0.368861 0.54488 -0.753025
0 0 0 0
0.637939 0.973083
-0.06543 3.377686 -0.133789
-0.399693 0.407608 -0.821037
0 0 0 0
0.646423 0.990417
-0.030518 3.412354 -0.129883
-0.188449 0.544263 -0.817475
0 0 0 0
0.622009 0.978699
-0.03418 3.377686 -0.14502
-0.205606 0.407181 -0.889905
0 0 0 0
0.626404 0.997498
0 3.377686 -0.148926
-0.001352 0.407002 -0.913426
0 0 0 0
0.604736 1
0 3.412354 -0.133301
-0.001325 0.544764 -0.838588
0 0 0 0
0.604736 0.980713
0.030518 3.412354 -0.129883
0.188449 0.544263 -0.817475
0 0 0 0
0.587402 0.978699
0.03418 3.377686 -0.14502
0.205606 0.407181 -0.889905
0 0 0 0
0.583008 0.997498
0.06543 3.377686 -0.133789
0.399693 0.407608 -0.821037
0 0 0 0
0.563049 0.990417
0.058594 3.412354 -0.119873
0.368862 0.54488 -0.753025
0 0 0 0
0.571472 0.973083
0.093018 3.377686 -0.116211
0.571693 0.407987 -0.711838
0 0 0 0
0.545349 0.979248
0.005371 1.263184 -0.062744
0.087008 0.01243 -0.99613
0 0 0 0
0.756287 0.175171
0.005371 1.250244 -0.061768
0.086743 -0.155587 -0.984006
0 0 0 0
0.755981 0.167908
-0.016113 1.250244 -0.060059
-0.255547 -0.154421 -0.954384
0 0 0 0
0.7453 0.167908
-0.016357 1.263184 -0.060791
-0.259033 0.012335 -0.96579
0 0 0 0
0.745605 0.175171
-0.035645 1.250244 -0.050781
-0.566723 -0.153844 -0.809418
0 0 0 0
0.734619 0.167908
-0.036133 1.263184 -0.051514
-0.573513 0.011866 -0.819111
0 0 0 0
0.734924 0.175171
-0.050781 1.250244 -0.035645
-0.80886 -0.155409 -0.567093
0 0 0 0
0.723938 0.167908
-0.051514 1.263184 -0.036133
-0.81821 0.01104 -0.574814
0 0 0 0
0.724243 0.175171
-0.060059 1.250244 -0.016113
-0.95423 -0.154474 -0.256091
0 0 0 0
0.713318 0.167908
-0.060791 1.263184 -0.016357
-0.966008 0.012061 -0.258232
0 0 0 0
0.713623 0.175171
-0.061768 1.250244 0.005371
-0.984213 -0.155723 0.084117
0 0 0 0
0.702759 0.167908
-0.062744 1.263184 0.005371
-0.996076 0.011215 0.087794
0 0 0 0
0.703064 0.175171
-0.056396 1.250244 0.026123
-0.895145 -0.154817 0.418029
0 0 0 0
0.6922 0.167908
-0.056885 1.263184 0.026611
-0.906052 0.010495 0.423036
0 0 0 0
0.692566 0.175171
-0.043945 1.250244 0.043945
-0.699305 -0.154127 0.698009
0 0 0 0
0.681763 0.167847
-0.044434 1.263184 0.044434
-0.70641 0.011497 0.70771
0 0 0 0
0.68219 0.175232
-0.026123 1.250244 0.056396
-0.418488 -0.154746 0.894942
0 0 0 0
0.671509 0.167908
-0.026611 1.263184 0.056885
-0.42244 0.012147 0.906309
0 0 0 0
0.671875 0.175293
-0.005371 1.250244 0.061768
-0.086743 -0.155587 0.984006
0 0 0 0
0.661682 0.168213
-0.005371 1.263184 0.062744
-0.087008 0.01243 0.99613
0 0 0 0
0.661682 0.175415
-0.009521 1.223877 0.054443
-0.21969 -0.227877 0.948582
0 0 0 0
0.661682 0.152893
-0.019043 1.223877 0.052002
-0.283943 -0.226882 0.931612
0 0 0 0
0.667053 0.152893
-0.027588 1.223877 0.048096
-0.5309 -0.227905 0.816213
0 0 0 0
0.672363 0.152893
-0.035645 1.223877 0.04248
-0.58526 -0.228108 0.778099
0 0 0 0
0.677734 0.152893
-0.04248 1.223877 0.035645
-0.778867 -0.227631 0.584422
0 0 0 0
0.683105 0.152893
-0.048096 1.223877 0.027588
-0.81629 -0.228561 0.530499
0 0 0 0
0.688477 0.152893
-0.052002 1.223877 0.019043
-0.931546 -0.227071 0.284008
0 0 0 0
0.693787 0.152893
-0.054443 1.223877 0.009521
-0.948736 -0.22774 0.219169
0 0 0 0
0.699158 0.152893
-0.05542 1.223877 0
-0.972244 -0.22776 -0.053547
0 0 0 0
0.704529 0.152893
-0.054443 1.223877 -0.009521
-0.966389 -0.228419 -0.117974
0 0 0 0
0.709839 0.152893
-0.052002 1.223877 -0.019043
-0.895288 -0.228706 -0.382299
0 0 0 0
0.71521 0.152893
-0.048096 1.223877 -0.027588
-0.867411 -0.228884 -0.441825
0 0 0 0
0.720581 0.152893
-0.04248 1.223877 -0.035645
-0.71237 -0.228211 -0.663663
0 0 0 0
0.725952 0.152893
-0.035645 1.223877 -0.04248
-0.663809 -0.228944 -0.711998
0 0 0 0
0.731262 0.152893
-0.027588 1.223877 -0.048096
-0.442148 -0.228421 -0.867369
0 0 0 0
0.736633 0.152893
-0.019043 1.223877 -0.052002
-0.380935 -0.227484 -0.896181
0 0 0 0
0.742004 0.152893
-0.009521 1.223877 -0.054443
-0.116516 -0.228919 -0.966447
0 0 0 0
0.747314 0.152893
0 1.223877 -0.05542
-0.050799 -0.226536 -0.972677
0 0 0 0
0.752686 0.152893
0.009521 1.223877 -0.054443
0.21969 -0.227877 -0.948582
0 0 0 0
0.758057 0.152893
0.026123 1.250244 -0.056396
0.418488 -0.154746 -0.894942
0 0 0 0
0.766724 0.167908
0.019043 1.223877 -0.052002
0.283943 -0.226882 -0.931612
0 0 0 0
0.763428 0.152893
0.027588 1.223877 -0.048096
0.5309 -0.227905 -0.816213
0 0 0 0
0.768738 0.152893
0.043945 1.250244 -0.043945
0.699305 -0.154127 -0.698009
0 0 0 0
0.777466 0.167908
0.035645 1.223877 -0.04248
0.58526 -0.228108 -0.778099
0 0 0 0
0.774109 0.152893
0.04248 1.223877 -0.035645
0.778867 -0.227631 -0.584422
0 0 0 0
0.77948 0.152893
0.056396 1.250244 -0.026123
0.895145 -0.154817 -0.418029
0 0 0 0
0.788208 0.167908
0.048096 1.223877 -0.027588
0.81629 -0.228561 -0.530499
0 0 0 0
0.784851 0.152893
0.052002 1.223877 -0.019043
0.931546 -0.227071 -0.284008
0 0 0 0
0.790161 0.152893
0.061768 1.250244 -0.005371
0.984213 -0.155723 -0.084117
0 0 0 0
0.799011 0.167908
0.054443 1.223877 -0.009521
0.948736 -0.22774 -0.219169
0 0 0 0
0.795532 0.152893
0.05542 1.223877 0
0.972244 -0.22776 0.053547
0 0 0 0
0.800903 0.152893
0.060059 1.250244 0.016113
0.95423 -0.154474 0.256091
0 0 0 0
0.809814 0.167908
0.054443 1.223877 0.009521
0.966389 -0.228419 0.117974
0 0 0 0
0.806213 0.152893
0.052002 1.223877 0.019043
0.895288 -0.228706 0.382299
0 0 0 0
0.811584 0.152893
-0.009521 1.223877 0.054443
-0.111346 0.76191 0.63804
0 0 0 0
0.762146 0.117554
0 1.212891 0.068359
0.031731 0.122787 0.991926
0 0 0 0
0.767029 0.127014
0 1.223877 0.05542
-0.001254 0.763668 0.645607
0 0 0 0
0.767029 0.117554
-0.011963 1.212891 0.067383
-0.201759 0.124899 0.971439
0 0 0 0
0.762146 0.127258
-0.019043 1.223877 0.052002
-0.221879 0.762323 0.607975
0 0 0 0
0.756409 0.117554
-0.023438 1.212891 0.064209
-0.309293 0.12399 0.942849
0 0 0 0
0.756714 0.127136
-0.027588 1.223877 0.048096
-0.323506 0.762986 0.55964
0 0 0 0
0.750732 0.117554
-0.03418 1.212891 0.059326
-0.524134 0.123404 0.842647
0 0 0 0
0.751099 0.127136
-0.035645 1.223877 0.04248
-0.414708 0.763684 0.494777
0 0 0 0
0.745056 0.117554
-0.043945 1.212891 0.05249
-0.61416 0.123875 0.779398
0 0 0 0
0.745422 0.127075
-0.04248 1.223877 0.035645
-0.494616 0.76229 0.417455
0 0 0 0
0.739319 0.117554
-0.05249 1.212891 0.043945
-0.780794 0.122891 0.612584
0 0 0 0
0.739685 0.127136
-0.048096 1.223877 0.027588
-0.558896 0.763563 0.32343
0 0 0 0
0.733643 0.117554
-0.059326 1.212891 0.03418
-0.843236 0.124254 0.522985
0 0 0 0
0.733948 0.127075
-0.052002 1.223877 0.019043
-0.607748 0.763193 0.219498
0 0 0 0
0.727905 0.117554
-0.064209 1.212891 0.023438
-0.942867 0.12415 0.309173
0 0 0 0
0.728271 0.127136
-0.054443 1.223877 0.009521
-0.636692 0.762586 0.114396
0 0 0 0
0.722229 0.117554
-0.067383 1.212891 0.011963
-0.971006 0.123387 0.204752
0 0 0 0
0.722534 0.127075
-0.05542 1.223877 0
-0.64603 0.763312 0.000337
0 0 0 0
0.716553 0.117554
-0.068359 1.212891 0
-0.991772 0.124096 -0.03144
0 0 0 0
0.716858 0.127136
-0.054443 1.223877 -0.009521
-0.636692 0.762586 -0.114396
0 0 0 0
0.710815 0.117554
-0.067383 1.212891 -0.011963
-0.982278 0.12422 -0.140356
0 0 0 0
0.711121 0.127075
-0.052002 1.223877 -0.019043
-0.607748 0.763193 -0.219498
0 0 0 0
0.705139 0.117554
-0.064209 1.212891 -0.023438
-0.920854 0.124687 -0.369434
0 0 0 0
0.705444 0.127136
-0.048096 1.223877 -0.027588
-0.558896 0.763563 -0.32343
0 0 0 0
0.699463 0.117554
-0.059326 1.212891 -0.03418
-0.875138 0.124343 -0.467625
0 0 0 0
0.699707 0.127075
-0.04248 1.223877 -0.035645
-0.494616 0.76229 -0.417455
0 0 0 0
0.693726 0.117554
-0.05249 1.212891 -0.043945
-0.739601 0.124737 -0.661385
0 0 0 0
0.694031 0.127136
-0.035645 1.223877 -0.04248
-0.414708 0.763684 -0.494777
0 0 0 0
0.688049 0.117554
-0.043945 1.212891 -0.05249
-0.661462 0.122493 -0.739908
0 0 0 0
0.688354 0.127075
-0.027588 1.223877 -0.048096
-0.323506 0.762986 -0.55964
0 0 0 0
0.682312 0.117554
-0.03418 1.212891 -0.059326
-0.469697 0.12445 -0.874012
0 0 0 0
0.682617 0.127136
-0.019043 1.223877 -0.052002
-0.221879 0.762323 -0.607975
0 0 0 0
0.676636 0.117554
-0.023438 1.212891 -0.064209
-0.369859 0.123286 -0.920872
0 0 0 0
0.676941 0.127075
-0.009521 1.223877 -0.054443
-0.111346 0.76191 -0.63804
0 0 0 0
0.670959 0.117554
-0.011963 1.212891 -0.067383
-0.141757 0.122489 -0.982294
0 0 0 0
0.671265 0.127136
0 1.223877 -0.05542
-0.001254 0.763668 -0.645607
0 0 0 0
0.665222 0.117554
0 1.212891 -0.068359
-0.031731 0.122787 -0.991926
0 0 0 0
0.665527 0.127075
0.009521 1.223877 -0.054443
0.111347 0.76191 -0.63804
0 0 0 0
0.659546 0.117554
0.011963 1.212891 -0.067383
0.201759 0.124899 -0.971439
0 0 0 0
0.659851 0.127136
0.019043 1.223877 -0.052002
0.221879 0.762323 -0.607975
0 0 0 0
0.653809 0.117554
0.023438 1.212891 -0.064209
0.309293 0.12399 -0.942849
0 0 0 0
0.654114 0.127075
0.027588 1.223877 -0.048096
0.323506 0.762986 -0.559639
0 0 0 0
0.648132 0.117554
0.03418 1.212891 -0.059326
0.524134 0.123404 -0.842647
0 0 0 0
0.648438 0.127136
0.035645 1.223877 -0.04248
0.414708 0.763684 -0.494777
0 0 0 0
0.642456 0.117554
0.043945 1.212891 -0.05249
0.614161 0.123875 -0.779398
0 0 0 0
0.642761 0.127075
0.04248 1.223877 -0.035645
0.494616 0.76229 -0.417455
0 0 0 0
0.636719 0.117554
0.05249 1.212891 -0.043945
0.780794 0.122891 -0.612584
0 0 0 0
0.637024 0.127136
0.048096 1.223877 -0.027588
0.558896 0.763563 -0.32343
0 0 0 0
0.631042 0.117554
0.059326 1.212891 -0.03418
0.843236 0.124254 -0.522985
0 0 0 0
0.631348 0.127075
0.052002 1.223877 -0.019043
0.607748 0.763193 -0.219498
0 0 0 0
0.625366 0.117554
0.064209 1.212891 -0.023438
0.942867 0.12415 -0.309173
0 0 0 0
0.625671 0.127136
0.054443 1.223877 -0.009521
0.636692 0.762586 -0.114396
0 0 0 0
0.619629 0.117554
0.067383 1.212891 -0.011963
0.971006 0.123387 -0.204752
0 0 0 0
0.619934 0.127075
0.05542 1.223877 0
0.64603 0.763312 -0.000337
0 0 0 0
0.613953 0.117554
0.068359 1.212891 0
0.991772 0.124096 0.03144
0 0 0 0
0.614258 0.127136
0.054443 1.223877 0.009521
0.636692 0.762586 0.114396
0 0 0 0
0.608215 0.117554
0.067383 1.212891 0.011963
0.982278 0.12422 0.140356
0 0 0 0
0.608521 0.127075
0.052002 1.223877 0.019043
0.607748 0.763193 0.219498
0 0 0 0
0.602539 0.117554
0.064209 1.212891 0.023438
0.920854 0.124687 0.369434
0 0 0 0
0.602844 0.127136
0.048096 1.223877 0.027588
0.558896 0.763563 0.32343
0 0 0 0
0.596863 0.117554
0.059326 1.212891 0.03418
0.875138 0.124343 0.467625
0 0 0 0
0.597168 0.127075
0.04248 1.223877 0.035645
0.494616 0.76229 0.417455
0 0 0 0
0.591125 0.117554
0.05249 1.212891 0.043945
0.739601 0.124737 0.661385
0 0 0 0
0.591431 0.127075
0.035645 1.223877 0.04248
0.414708 0.763684 0.494777
0 0 0 0
0.585449 0.117554
0.043945 1.212891 0.05249
0.661462 0.122493 0.739908
0 0 0 0
0.585754 0.127075
0.027588 1.223877 0.048096
0.323506 0.762986 0.559639
0 0 0 0
0.579712 0.117554
0.03418 1.212891 0.059326
0.469697 0.12445 0.874012
0 0 0 0
0.580017 0.127075
0.019043 1.223877 0.052002
0.221879 0.762323 0.607975
0 0 0 0
0.574036 0.117554
0.023438 1.212891 0.064209
0.369859 0.123286 0.920872
0 0 0 0
0.574158 0.127014
0.009521 1.223877 0.054443
0.111347 0.76191 0.63804
0 0 0 0
0.568359 0.117554
0.011963 1.212891 0.067383
0.141757 0.122489 0.982294
0 0 0 0
0.568237 0.127075
0 1.223877 0.05542
-0.001254 0.763668 0.645607
0 0 0 0
0.561829 0.117554
0 1.212891 0.068359
0.031731 0.122787 0.991926
0 0 0 0
0.561829 0.127014
0.015625 1.199707 0.058594
0.248011 -0.2968 0.922171
0 0 0 0
0.571167 0.135681
-0.005371 1.199707 0.060303
-0.083298 -0.296321 0.951449
0 0 0 0
0.561829 0.136047
0.015381 1.185059 0.057129
0.258772 -0.088996 0.96183
0 0 0 0
0.571167 0.144287
-0.005127 1.185059 0.059082
-0.086922 -0.089681 0.99217
0 0 0 0
0.561829 0.144287
0.033936 1.185059 0.048584
0.570434 -0.090901 0.816297
0 0 0 0
0.58252 0.144287
0.034668 1.199707 0.049561
0.546909 -0.296297 0.783006
0 0 0 0
0.582458 0.135803
0.048584 1.185059 0.033936
0.815117 -0.089479 0.572344
0 0 0 0
0.593933 0.144287
0.049561 1.199707 0.034668
0.781918 -0.297932 0.547577
0 0 0 0
0.593811 0.135803
0.057129 1.185059 0.015381
0.961718 -0.091018 0.258484
0 0 0 0
0.605347 0.144287
0.058594 1.199707 0.015625
0.922591 -0.295884 0.247545
0 0 0 0
0.605225 0.135803
0.059082 1.185059 -0.005127
0.991997 -0.090738 -0.087794
0 0 0 0
0.61676 0.144287
0.060303 1.199707 -0.005371
0.951472 -0.296127 -0.083727
0 0 0 0
0.616638 0.135803
0.053711 1.185059 -0.024902
0.902887 -0.089706 -0.420414
0 0 0 0
0.628113 0.144287
0.054932 1.199707 -0.025635
0.865128 -0.297641 -0.403688
0 0 0 0
0.627991 0.135803
0.041748 1.185059 -0.041748
0.703313 -0.090626 -0.70508
0 0 0 0
0.639526 0.144287
0.042725 1.199707 -0.042725
0.674464 -0.297372 -0.675772
0 0 0 0
0.639404 0.135803
0.024902 1.185059 -0.053711
0.421973 -0.090327 -0.902097
0 0 0 0
0.65094 0.144287
0.025635 1.199707 -0.054932
0.404462 -0.297673 -0.864755
0 0 0 0
0.650818 0.135803
0.005127 1.185059 -0.059082
0.086922 -0.089681 -0.99217
0 0 0 0
0.662354 0.144287
0.005371 1.199707 -0.060303
0.083298 -0.296321 -0.951449
0 0 0 0
0.662231 0.135803
-0.015381 1.185059 -0.057129
-0.258772 -0.088996 -0.96183
0 0 0 0
0.673706 0.144287
-0.015625 1.199707 -0.058594
-0.248011 -0.2968 -0.922171
0 0 0 0
0.673645 0.135803
-0.033936 1.185059 -0.048584
-0.570434 -0.090901 -0.816298
0 0 0 0
0.68512 0.144287
-0.034668 1.199707 -0.049561
-0.546909 -0.296297 -0.783007
0 0 0 0
0.684998 0.135803
-0.048584 1.185059 -0.033936
-0.815117 -0.089479 -0.572344
0 0 0 0
0.696533 0.144287
-0.049561 1.199707 -0.034668
-0.781918 -0.297932 -0.547577
0 0 0 0
0.696411 0.135803
-0.057129 1.185059 -0.015381
-0.961718 -0.091018 -0.258484
0 0 0 0
0.707947 0.144287
-0.058594 1.199707 -0.015625
-0.922591 -0.295884 -0.247545
0 0 0 0
0.707825 0.135803
-0.059082 1.185059 0.005127
-0.991997 -0.090738 0.087794
0 0 0 0
0.71936 0.144287
-0.060303 1.199707 0.005371
-0.951472 -0.296127 0.083727
0 0 0 0
0.719238 0.135803
-0.053711 1.185059 0.024902
-0.902887 -0.089706 0.420414
0 0 0 0
0.730713 0.144287
-0.054932 1.199707 0.025635
-0.865128 -0.297641 0.403688
0 0 0 0
0.730652 0.135803
-0.041748 1.185059 0.041748
-0.703313 -0.090626 0.70508
0 0 0 0
0.742126 0.144287
-0.042725 1.199707 0.042725
-0.674464 -0.297372 0.675772
0 0 0 0
0.742065 0.135803
-0.024902 1.185059 0.053711
-0.421973 -0.090327 0.902097
0 0 0 0
0.75354 0.144287
-0.025635 1.199707 0.054932
-0.404462 -0.297673 0.864755
0 0 0 0
0.753662 0.135864
-0.005127 1.185059 0.059082
-0.086922 -0.089681 0.99217
0 0 0 0
0.767029 0.144287
-0.005371 1.199707 0.060303
-0.083298 -0.296321 0.951449
0 0 0 0
0.767029 0.136047
0 1.135742 0.092285
0.001122 0.948184 0.31772
0 0 0 0
0.009399 0.531128
0.017822 1.132324 0.100586
0.054868 0.948433 0.312193
0 0 0 0
0.000366 0.52533
0.016113 1.135742 0.09082
0.054868 0.948433 0.312193
0 0 0 0
0.000366 0.531128
0 1.132324 0.102295
0.001122 0.948184 0.31772
0 0 0 0
0.009399 0.52533
-0.016113 1.135742 0.09082
-0.054868 0.948433 0.312193
0 0 0 0
0.018799 0.531128
-0.017822 1.132324 0.100586
-0.054868 0.948433 0.312193
0 0 0 0
0.018799 0.52533
-0.031494 1.135742 0.08667
-0.107934 0.949148 0.29575
0 0 0 0
0.028198 0.531128
-0.034912 1.132324 0.095947
-0.107934 0.949148 0.29575
0 0 0 0
0.028198 0.52533
-0.046143 1.135742 0.079834
-0.157863 0.948284 0.275386
0 0 0 0
0.037598 0.531128
-0.051025 1.132324 0.088623
-0.157863 0.948284 0.275386
0 0 0 0
0.037598 0.52533
-0.059326 1.135742 0.070557
-0.20369 0.948738 0.241674
0 0 0 0
0.046936 0.531128
-0.065674 1.132324 0.078369
-0.20369 0.948738 0.241674
0 0 0 0
0.046936 0.52533
-0.070557 1.135742 0.059326
-0.241257 0.948944 0.203223
0 0 0 0
0.056335 0.531128
-0.078369 1.132324 0.065674
-0.241257 0.948944 0.203223
0 0 0 0
0.056335 0.52533
-0.079834 1.135742 0.046143
-0.274691 0.948262 0.1592
0 0 0 0
0.065735 0.531128
-0.088623 1.132324 0.051025
-0.274691 0.948262 0.1592
0 0 0 0
0.065735 0.52533
-0.08667 1.135742 0.031494
-0.29759 0.948374 0.109664
0 0 0 0
0.075134 0.531128
-0.095947 1.132324 0.034912
-0.29759 0.948374 0.109664
0 0 0 0
0.075134 0.52533
-0.09082 1.135742 0.016113
-0.312146 0.948483 0.054258
0 0 0 0
0.084534 0.531128
-0.100586 1.132324 0.017822
-0.312146 0.948483 0.054258
0 0 0 0
0.084534 0.52533
-0.092285 1.135742 0
-0.315641 0.948878 0.000613
0 0 0 0
0.093933 0.531128
-0.102295 1.132324 0
-0.315641 0.948878 0.000613
0 0 0 0
0.093933 0.52533
-0.09082 1.135742 -0.016113
-0.312146 0.948483 -0.054258
0 0 0 0
0.103333 0.531128
-0.100586 1.132324 -0.017822
-0.312146 0.948483 -0.054258
0 0 0 0
0.103333 0.52533
-0.08667 1.135742 -0.031494
-0.29759 0.948374 -0.109664
0 0 0 0
0.112732 0.531128
-0.095947 1.132324 -0.034912
-0.29759 0.948374 -0.109664
0 0 0 0
0.112732 0.52533
-0.079834 1.135742 -0.046143
-0.274691 0.948262 -0.1592
0 0 0 0
0.12207 0.531128
-0.088623 1.132324 -0.051025
-0.274691 0.948262 -0.1592
0 0 0 0
0.12207 0.52533
-0.070557 1.135742 -0.059326
-0.241257 0.948944 -0.203223
0 0 0 0
0.13147 0.531128
-0.078369 1.132324 -0.065674
-0.241257 0.948944 -0.203223
0 0 0 0
0.13147 0.52533
-0.059326 1.135742 -0.070557
-0.20369 0.948738 -0.241674
0 0 0 0
0.140869 0.531128
-0.065674 1.132324 -0.078369
-0.20369 0.948738 -0.241674
0 0 0 0
0.140869 0.52533
-0.046143 1.135742 -0.079834
-0.157863 0.948284 -0.275386
0 0 0 0
0.150269 0.531128
-0.051025 1.132324 -0.088623
-0.157863 0.948284 -0.275386
0 0 0 0
0.150269 0.52533
-0.031494 1.135742 -0.08667
-0.107934 0.949148 -0.29575
0 0 0 0
0.159668 0.531128
-0.034912 1.132324 -0.095947
-0.107934 0.949148 -0.29575
0 0 0 0
0.159668 0.52533
0.083496 3.412354 -0.104004
0.524347 0.544466 -0.654689
0 0 0 0
0.557434 0.964172
0.104004 3.412354 -0.083496
0.653274 0.544596 -0.525974
0 0 0 0
0.545654 0.952393
0.116211 3.377686 -0.093018
0.711961 0.40806 -0.571488
0 0 0 0
0.530579 0.964478
0.119873 3.412354 -0.058594
0.753341 0.545286 -0.367614
0 0 0 0
0.536743 0.938354
0.133789 3.377686 -0.06543
0.820215 0.408372 -0.400599
0 0 0 0
0.519409 0.946777
0.129883 3.412354 -0.030518
0.817321 0.544526 -0.188355
0 0 0 0
0.531128 0.922424
0.14502 3.377686 -0.03418
0.889945 0.406863 -0.206059
0 0 0 0
0.512329 0.926819
0.148926 3.377686 0
0.91296 0.408043 -0.002055
0 0 0 0
0.509827 0.90509
0.133301 3.412354 0
0.838465 0.544953 -0.00175
0 0 0 0
0.529114 0.90509
0.129883 3.412354 0.030518
0.817321 0.544526 0.188355
0 0 0 0
0.531128 0.887817
0.14502 3.377686 0.03418
0.889945 0.406863 0.206059
0 0 0 0
0.512329 0.883423
0.133789 3.377686 0.06543
0.820215 0.408372 0.400599
0 0 0 0
0.519409 0.863403
0.119873 3.412354 0.058594
0.753341 0.545286 0.367614
0 0 0 0
0.536743 0.871887
0.116211 3.377686 0.093018
0.711961 0.40806 0.571488
0 0 0 0
0.530579 0.845703
0.104004 3.412354 0.083496
0.653274 0.544596 0.525974
0 0 0 0
0.545654 0.857788
0.083496 3.412354 0.104004
0.524347 0.544466 0.654689
0 0 0 0
0.557434 0.846069
0.093018 3.377686 0.116211
0.571693 0.407987 0.711838
0 0 0 0
0.545349 0.830994
0.058594 3.412354 0.119873
0.368862 0.54488 0.753025
0 0 0 0
0.571472 0.837158
0.06543 3.377686 0.133789
0.399693 0.407608 0.821037
0 0 0 0
0.563049 0.819763
0.030518 3.412354 0.129883
0.188449 0.544263 0.817475
0 0 0 0
0.587402 0.831543
0.03418 3.377686 0.14502
0.205606 0.407181 0.889905
0 0 0 0
0.583008 0.812683
0 3.412354 0.133301
0.001325 0.544764 0.838588
0 0 0 0
0.604736 0.829529
-0.024902 3.436035 0.106201
-0.142925 0.774282 0.61649
0 0 0 0
0.617676 0.850281
-0.047852 3.436035 0.0979
-0.277848 0.774793 0.567888
0 0 0 0
0.629517 0.854492
-0.068115 3.436035 0.084961
-0.395329 0.775131 0.492836
0 0 0 0
0.639954 0.861145
-0.084961 3.436035 0.068115
-0.493089 0.774855 0.395554
0 0 0 0
0.648682 0.869873
-0.0979 3.436035 0.047852
-0.568891 0.774355 0.277014
0 0 0 0
0.655334 0.88031
-0.106201 3.436035 0.024902
-0.617255 0.773919 0.141579
0 0 0 0
0.659546 0.892151
-0.108887 3.436035 0
-0.63313 0.774043 0.002139
0 0 0 0
0.661011 0.90509
-0.106201 3.436035 -0.024902
-0.617255 0.773919 -0.141579
0 0 0 0
0.659546 0.91803
-0.0979 3.436035 -0.047852
-0.568891 0.774355 -0.277014
0 0 0 0
0.655334 0.929932
-0.084961 3.436035 -0.068115
-0.493089 0.774855 -0.395554
0 0 0 0
0.648682 0.940369
-0.068115 3.436035 -0.084961
-0.395329 0.775131 -0.492836
0 0 0 0
0.639954 0.949097
-0.047852 3.436035 -0.0979
-0.277848 0.774793 -0.567888
0 0 0 0
0.629517 0.955688
-0.024902 3.436035 -0.106201
-0.142925 0.774282 -0.61649
0 0 0 0
0.617676 0.9599
0 3.436035 -0.108887
-0.001249 0.773436 -0.633873
0 0 0 0
0.604736 0.961426
0.024902 3.436035 -0.106201
0.142925 0.774282 -0.61649
0 0 0 0
0.591797 0.9599
0.047852 3.436035 -0.0979
0.277848 0.774793 -0.567888
0 0 0 0
0.579895 0.955688
0.068115 3.436035 -0.084961
0.395329 0.775131 -0.492836
0 0 0 0
0.569458 0.949097
0.084961 3.436035 -0.068115
0.493089 0.774855 -0.395554
0 0 0 0
0.56073 0.940369
0.0979 3.436035 -0.047852
0.568891 0.774355 -0.277014
0 0 0 0
0.554138 0.929932
0.106201 3.436035 -0.024902
0.617255 0.773919 -0.141579
0 0 0 0
0.549927 0.91803
0.108887 3.436035 0
0.63313 0.774043 0.002139
0 0 0 0
0.548401 0.90509
0.106201 3.436035 0.024902
0.617255 0.773919 0.141579
0 0 0 0
0.549927 0.892151
0.0979 3.436035 0.047852
0.568891 0.774355 0.277014
0 0 0 0
0.554138 0.88031
0.084961 3.436035 0.068115
0.493089 0.774855 0.395554
0 0 0 0
0.56073 0.869873
0.068115 3.436035 0.084961
0.395329 0.775131 0.492836
0 0 0 0
0.569458 0.861145
0.047852 3.436035 0.0979
0.277848 0.774793 0.567888
0 0 0 0
0.579895 0.854492
0.024902 3.436035 0.106201
0.142925 0.774282 0.61649
0 0 0 0
0.591797 0.850281
0 3.436035 0.108887
-0.001249 0.773436 0.633873
0 0 0 0
0.604736 0.848816
-0.020264 3.447998 0.085693
-0.110638 0.869638 0.481132
0 0 0 0
0.614563 0.863586
0 3.447998 0.087891
-0.001195 0.86891 0.494969
0 0 0 0
0.604736 0.862427
0.020264 3.447998 0.085693
0.110638 0.869638 0.481132
0 0 0 0
0.59491 0.863586
0.038574 3.447998 0.079102
0.21742 0.868503 0.445456
0 0 0 0
0.585876 0.86676
0.054932 3.447998 0.068604
0.309589 0.868921 0.386175
0 0 0 0
0.578003 0.871765
0.068604 3.447998 0.054932
0.385901 0.869117 0.30938
0 0 0 0
0.571411 0.878357
0.079102 3.447998 0.038574
0.443084 0.869996 0.216295
0 0 0 0
0.566345 0.886292
0.085693 3.447998 0.020264
0.481506 0.869186 0.112554
0 0 0 0
0.563171 0.895264
0.087891 3.447998 0
0.493925 0.869504 0.00113
0 0 0 0
0.562012 0.90509
0.085693 3.447998 -0.020264
0.481506 0.869186 -0.112554
0 0 0 0
0.563171 0.914917
0.079102 3.447998 -0.038574
0.443084 0.869996 -0.216295
0 0 0 0
0.566345 0.92395
0.068604 3.447998 -0.054932
0.385901 0.869117 -0.30938
0 0 0 0
0.571411 0.931824
0.054932 3.447998 -0.068604
0.309589 0.868921 -0.386175
0 0 0 0
0.578003 0.938416
0.038574 3.447998 -0.079102
0.21742 0.868503 -0.445456
0 0 0 0
0.585876 0.943481
0.020264 3.447998 -0.085693
0.110638 0.869638 -0.481132
0 0 0 0
0.59491 0.946655
0 3.447998 -0.087891
0.001195 0.86891 -0.494969
0 0 0 0
0.604736 0.947815
-0.020264 3.447998 -0.085693
-0.110638 0.869638 -0.481132
0 0 0 0
0.614563 0.946655
-0.038574 3.447998 -0.079102
-0.21742 0.868503 -0.445456
0 0 0 0
0.623535 0.943481
-0.054932 3.447998 -0.068604
-0.309589 0.868921 -0.386175
0 0 0 0
0.63147 0.938416
-0.068604 3.447998 -0.054932
-0.385901 0.869117 -0.30938
0 0 0 0
0.638062 0.931824
-0.079102 3.447998 -0.038574
-0.443084 0.869996 -0.216295
0 0 0 0
0.643066 0.92395
-0.085693 3.447998 -0.020264
-0.481506 0.869186 -0.112554
0 0 0 0
0.64624 0.914917
-0.087891 3.447998 0
-0.493925 0.869504 -0.00113
0 0 0 0
0.6474 0.90509
-0.085693 3.447998 0.020264
-0.481506 0.869186 0.112554
0 0 0 0
0.64624 0.895264
-0.079102 3.447998 0.038574
-0.443084 0.869996 0.216295
0 0 0 0
0.643066 0.886292
-0.068604 3.447998 0.054932
-0.385901 0.869117 0.30938
0 0 0 0
0.638062 0.878357
-0.054932 3.447998 0.068604
-0.309589 0.868921 0.386175
0 0 0 0
0.63147 0.871765
-0.038574 3.447998 0.079102
-0.21742 0.868503 0.445456
0 0 0 0
0.623535 0.86676
0 3.447998 0.087891
-0.001381 -0.100788 0.994907
0 0 0 0
0.319153 0.638916
0 3.457275 0.088867
-0.001381 -0.100788 0.994907
0 0 0 0
0.319153 0.633789
-0.020264 3.457275 0.08667
-0.22361 -0.100145 0.96952
0 0 0 0
0.307434 0.633789
-0.020264 3.447998 0.085693
-0.22361 -0.100145 0.96952
0 0 0 0
0.307434 0.638916
-0.039062 3.457275 0.079834
-0.437183 -0.100888 0.893696
0 0 0 0
0.296021 0.633789
-0.038574 3.447998 0.079102
-0.437183 -0.100888 0.893696
0 0 0 0
0.296021 0.638916
-0.055664 3.457275 0.069336
-0.621551 -0.100334 0.776922
0 0 0 0
0.284851 0.633789
-0.054932 3.447998 0.068604
-0.621551 -0.100334 0.776922
0 0 0 0
0.284851 0.638916
-0.069336 3.457275 0.055664
-0.775805 -0.100867 0.622858
0 0 0 0
0.273682 0.633789
-0.068604 3.447998 0.054932
-0.775805 -0.100867 0.622858
0 0 0 0
0.273682 0.638916
-0.079834 3.457275 0.039062
-0.894023 -0.099596 0.436811
0 0 0 0
0.262512 0.633789
-0.079102 3.447998 0.038574
-0.894023 -0.099596 0.436811
0 0 0 0
0.262512 0.638916
-0.08667 3.457275 0.020264
-0.969644 -0.100532 0.2229
0 0 0 0
0.251099 0.633789
-0.085693 3.447998 0.020264
-0.969644 -0.100532 0.2229
0 0 0 0
0.251099 0.638916
-0.088867 3.457275 0
-0.994909 -0.100763 0.001558
0 0 0 0
0.23938 0.633789
-0.087891 3.447998 0
-0.994909 -0.100763 -0.001558
0 0 0 0
0.23938 0.638916
-0.08667 3.457275 -0.020264
-0.969644 -0.100532 -0.2229
0 0 0 0
0.227661 0.633789
-0.085693 3.447998 -0.020264
-0.969644 -0.100532 -0.2229
0 0 0 0
0.227661 0.638916
-0.079834 3.457275 -0.039062
-0.894023 -0.099596 -0.436811
0 0 0 0
0.216248 0.633789
-0.079102 3.447998 -0.038574
-0.894023 -0.099596 -0.436811
0 0 0 0
0.216248 0.638916
-0.069336 3.457275 -0.055664
-0.775805 -0.100867 -0.622858
0 0 0 0
0.205078 0.633789
-0.068604 3.447998 -0.054932
-0.775805 -0.100867 -0.622858
0 0 0 0
0.205078 0.638916
-0.055664 3.457275 -0.069336
-0.621551 -0.100334 -0.776922
0 0 0 0
0.193909 0.633789
-0.054932 3.447998 -0.068604
-0.621551 -0.100334 -0.776922
0 0 0 0
0.193909 0.638916
-0.039062 3.457275 -0.079834
-0.437183 -0.100888 -0.893696
0 0 0 0
0.182678 0.633789
-0.038574 3.447998 -0.079102
-0.437183 -0.100888 -0.893696
0 0 0 0
0.182678 0.638916
-0.020264 3.457275 -0.08667
-0.22361 -0.100145 -0.96952
0 0 0 0
0.171326 0.633789
-0.020264 3.447998 -0.085693
-0.22361 -0.100145 -0.96952
0 0 0 0
0.171326 0.638916
0 3.457275 -0.088867
0.001381 -0.100788 -0.994907
0 0 0 0
0.159607 0.633789
0 3.447998 -0.087891
0.001381 -0.100788 -0.994907
0 0 0 0
0.159607 0.638916
0.020264 3.457275 -0.08667
0.223611 -0.100145 -0.96952
0 0 0 0
0.147827 0.633789
0.020264 3.447998 -0.085693
0.223611 -0.100145 -0.96952
0 0 0 0
0.147827 0.638916
0.039062 3.457275 -0.079834
0.437183 -0.100888 -0.893696
0 0 0 0
0.136475 0.633789
0.038574 3.447998 -0.079102
0.437183 -0.100888 -0.893696
0 0 0 0
0.136475 0.638916
0.055664 3.457275 -0.069336
0.621551 -0.100334 -0.776922
0 0 0 0
0.125244 0.633789
0.054932 3.447998 -0.068604
0.621551 -0.100334 -0.776922
0 0 0 0
0.125244 0.638916
0.069336 3.457275 -0.055664
0.775805 -0.100867 -0.622858
0 0 0 0
0.114136 0.633789
0.068604 3.447998 -0.054932
0.775805 -0.100867 -0.622858
0 0 0 0
0.114136 0.638916
0.079102 3.447998 -0.038574
0.894023 -0.099596 -0.436811
0 0 0 0
0.102905 0.638916
0.079834 3.457275 -0.039062
0.894023 -0.099596 -0.436811
0 0 0 0
0.102905 0.633789
0.08667 3.457275 -0.020264
0.969644 -0.100532 -0.2229
0 0 0 0
0.091553 0.633789
0.085693 3.447998 -0.020264
0.969644 -0.100532 -0.2229
0 0 0 0
0.091553 0.638916
0.088867 3.457275 0
0.994909 -0.100763 0.001558
0 0 0 0
0.079773 0.633789
0.087891 3.447998 0
0.994909 -0.100763 0.001558
0 0 0 0
0.079773 0.638916
0.08667 3.457275 0.020264
0.969644 -0.100532 0.2229
0 0 0 0
0.068054 0.633789
0.085693 3.447998 0.020264
0.969644 -0.100532 0.2229
0 0 0 0
0.068054 0.638916
0.079834 3.457275 0.039062
0.894023 -0.099596 0.436811
0 0 0 0
0.056702 0.633789
0.079102 3.447998 0.038574
0.894023 -0.099596 0.436811
0 0 0 0
0.056702 0.638916
0.069336 3.457275 0.055664
0.775805 -0.100867 0.622858
0 0 0 0
0.045471 0.633789
0.068604 3.447998 0.054932
0.775805 -0.100867 0.622858
0 0 0 0
0.045471 0.638916
0.055664 3.457275 0.069336
0.621551 -0.100334 0.776922
0 0 0 0
0.034302 0.633789
0.054932 3.447998 0.068604
0.621551 -0.100334 0.776922
0 0 0 0
0.034302 0.638916
0.038574 3.447998 0.079102
0.437183 -0.100888 0.893696
0 0 0 0
0.023132 0.638916
0.039062 3.457275 0.079834
0.437183 -0.100888 0.893696
0 0 0 0
0.023132 0.633789
0.020264 3.457275 0.08667
0.223611 -0.100145 0.96952
0 0 0 0
0.011719 0.633789
0.020264 3.447998 0.085693
0.223611 -0.100145 0.96952
0 0 0 0
0.011719 0.638916
0 3.457275 0.088867
-0.001381 -0.100788 0.994907
0 0 0 0
0.000366 0.633789
0 3.447998 0.087891
-0.001381 -0.100788 0.994907
0 0 0 0
0.000366 0.638916
-0.020264 3.457275 0.08667
-0.102031 -0.892481 0.439394
0 0 0 0
0.307434 0.633789
0 3.457275 0.088867
0.001177 -0.893264 0.449531
0 0 0 0
0.319153 0.633789
0 3.462158 0.098633
0.001177 -0.893264 0.449531
0 0 0 0
0.319153 0.627747
-0.022705 3.462158 0.095947
-0.102031 -0.892481 0.439394
0 0 0 0
0.307434 0.627747
-0.043213 3.462158 0.088623
-0.198067 -0.893037 0.404047
0 0 0 0
0.296021 0.627747
-0.039062 3.457275 0.079834
-0.198067 -0.893037 0.404047
0 0 0 0
0.296021 0.633789
-0.061523 3.462158 0.076904
-0.283009 -0.892218 0.351928
0 0 0 0
0.284851 0.627747
-0.055664 3.457275 0.069336
-0.283009 -0.892218 0.351928
0 0 0 0
0.284851 0.633789
-0.076904 3.462158 0.061523
-0.350812 -0.893076 0.281685
0 0 0 0
0.273682 0.627747
-0.069336 3.457275 0.055664
-0.350812 -0.893076 0.281685
0 0 0 0
0.273682 0.633789
-0.079834 3.457275 0.039062
-0.40525 -0.892834 0.196519
0 0 0 0
0.262512 0.633789
-0.088623 3.462158 0.043213
-0.40525 -0.892834 0.196519
0 0 0 0
0.262512 0.627747
-0.08667 3.457275 0.020264
-0.437945 -0.893325 0.100866
0 0 0 0
0.251099 0.633789
-0.095947 3.462158 0.022705
-0.437945 -0.893325 0.100866
0 0 0 0
0.251099 0.627747
-0.098633 3.462158 0
-0.45073 -0.89266 -0.000419
0 0 0 0
0.23938 0.627747
-0.088867 3.457275 0
-0.45073 -0.89266 -0.000419
0 0 0 0
0.23938 0.633789
-0.08667 3.457275 -0.020264
-0.437945 -0.893325 -0.100866
0 0 0 0
0.227661 0.633789
-0.095947 3.462158 -0.022705
-0.437945 -0.893325 -0.100866
0 0 0 0
0.227661 0.627747
-0.088623 3.462158 -0.043213
-0.40525 -0.892834 -0.196519
0 0 0 0
0.216248 0.627747
-0.079834 3.457275 -0.039062
-0.40525 -0.892834 -0.196519
0 0 0 0
0.216248 0.633789
-0.076904 3.462158 -0.061523
-0.350812 -0.893076 -0.281685
0 0 0 0
0.205078 0.627747
-0.069336 3.457275 -0.055664
-0.350812 -0.893076 -0.281685
0 0 0 0
0.205078 0.633789
-0.061523 3.462158 -0.076904
-0.283009 -0.892218 -0.351928
0 0 0 0
0.193909 0.627747
-0.055664 3.457275 -0.069336
-0.283009 -0.892218 -0.351928
0 0 0 0
0.193909 0.633789
-0.039062 3.457275 -0.079834
-0.198067 -0.893037 -0.404047
0 0 0 0
0.182678 0.633789
-0.043213 3.462158 -0.088623
-0.198067 -0.893037 -0.404047
0 0 0 0
0.182678 0.627747
-0.020264 3.457275 -0.08667
-0.102031 -0.892481 -0.439394
0 0 0 0
0.171326 0.633789
-0.022705 3.462158 -0.095947
-0.102031 -0.892481 -0.439394
0 0 0 0
0.171326 0.627747
0 3.462158 -0.098633
-0.001177 -0.893264 -0.449531
0 0 0 0
0.159607 0.627747
0 3.457275 -0.088867
-0.001177 -0.893264 -0.449531
0 0 0 0
0.159607 0.633789
0.020264 3.457275 -0.08667
0.102031 -0.892481 -0.439394
0 0 0 0
0.147827 0.633789
0.022705 3.462158 -0.095947
0.102031 -0.892481 -0.439394
0 0 0 0
0.147827 0.627747
0.043213 3.462158 -0.088623
0.198067 -0.893037 -0.404047
0 0 0 0
0.136475 0.627747
0.039062 3.457275 -0.079834
0.198067 -0.893037 -0.404047
0 0 0 0
0.136475 0.633789
0.061523 3.462158 -0.076904
0.283009 -0.892218 -0.351928
0 0 0 0
0.125244 0.627747
0.055664 3.457275 -0.069336
0.283009 -0.892218 -0.351928
0 0 0 0
0.125244 0.633789
0.076904 3.462158 -0.061523
0.350812 -0.893076 -0.281684
0 0 0 0
0.114136 0.627747
0.069336 3.457275 -0.055664
0.350812 -0.893076 -0.281684
0 0 0 0
0.114136 0.633789
0.079834 3.457275 -0.039062
0.40525 -0.892834 -0.196519
0 0 0 0
0.102905 0.633789
0.088623 3.462158 -0.043213
0.40525 -0.892834 -0.196519
0 0 0 0
0.102905 0.627747
0.08667 3.457275 -0.020264
0.437945 -0.893325 -0.100866
0 0 0 0
0.091553 0.633789
0.095947 3.462158 -0.022705
0.437945 -0.893325 -0.100866
0 0 0 0
0.091553 0.627747
0.098633 3.462158 0
0.45073 -0.89266 -0.000419
0 0 0 0
0.079773 0.627747
0.088867 3.457275 0
0.45073 -0.89266 -0.000419
0 0 0 0
0.079773 0.633789
0.08667 3.457275 0.020264
0.437945 -0.893325 0.100866
0 0 0 0
0.068054 0.633789
0.095947 3.462158 0.022705
0.437945 -0.893325 0.100866
0 0 0 0
0.068054 0.627747
0.088623 3.462158 0.043213
0.40525 -0.892834 0.196519
0 0 0 0
0.056702 0.627747
0.079834 3.457275 0.039062
0.40525 -0.892834 0.196519
0 0 0 0
0.056702 0.633789
0.076904 3.462158 0.061523
0.350812 -0.893076 0.281684
0 0 0 0
0.045471 0.627747
0.069336 3.457275 0.055664
0.350812 -0.893076 0.281684
0 0 0 0
0.045471 0.633789
0.061523 3.462158 0.076904
0.283009 -0.892218 0.351928
0 0 0 0
0.034302 0.627747
0.055664 3.457275 0.069336
0.283009 -0.892218 0.351928
0 0 0 0
0.034302 0.633789
0.039062 3.457275 0.079834
0.198067 -0.893037 0.404047
0 0 0 0
0.023132 0.633789
0.043213 3.462158 0.088623
0.198067 -0.893037 0.404047
0 0 0 0
0.023132 0.627747
0.020264 3.457275 0.08667
0.102031 -0.892481 0.439394
0 0 0 0
0.011719 0.633789
0.022705 3.462158 0.095947
0.102031 -0.892481 0.439394
0 0 0 0
0.011719 0.627747
0 3.462158 0.098633
0.001177 -0.893264 0.449531
0 0 0 0
0.000366 0.627747
0 3.457275 0.088867
0.001177 -0.893264 0.449531
0 0 0 0
0.000366 0.633789
-0.006348 3.486328 0.05542
-0.029756 0.962103 0.271059
0 0 0 0
0.630188 0.69873
0.005371 3.497314 0.014893
0.088598 0.963643 0.252078
0 0 0 0
0.623718 0.721558
-0.001709 3.497314 0.015869
-0.029677 0.963965 0.26437
0 0 0 0
0.627563 0.721069
-0.008545 3.497314 0.013428
-0.141732 0.963991 0.225017
0 0 0 0
0.631165 0.722351
-0.029785 3.486328 0.047119
-0.146403 0.961925 0.230796
0 0 0 0
0.643188 0.703369
-0.047119 3.486328 0.029785
-0.231297 0.961817 0.146319
0 0 0 0
0.652771 0.712952
-0.013428 3.497314 0.008545
-0.226578 0.96374 0.140953
0 0 0 0
0.633789 0.724976
-0.05542 3.486328 0.006348
-0.272889 0.961561 0.030523
0 0 0 0
0.65741 0.725952
-0.015869 3.497314 0.001709
-0.265006 0.96375 0.030958
0 0 0 0
0.635071 0.728577
-0.014893 3.497314 -0.005371
-0.251891 0.963711 -0.088383
0 0 0 0
0.634644 0.732422
-0.016113 1.135742 -0.09082
-0.054868 0.948433 -0.312193
0 0 0 0
0.169067 0.531128
-0.017822 1.132324 -0.100586
-0.054868 0.948433 -0.312193
0 0 0 0
0.169067 0.52533
0 1.135742 -0.092285
-0.001122 0.948184 -0.31772
0 0 0 0
0.178467 0.531128
0 1.132324 -0.102295
-0.001122 0.948184 -0.31772
0 0 0 0
0.178467 0.52533
0.016113 1.135742 -0.09082
0.054868 0.948433 -0.312193
0 0 0 0
0.187866 0.531128
0.017822 1.132324 -0.100586
0.054868 0.948433 -0.312193
0 0 0 0
0.187866 0.52533
0.031494 1.135742 -0.08667
0.107934 0.949148 -0.29575
0 0 0 0
0.197205 0.531128
0.034912 1.132324 -0.095947
0.107934 0.949148 -0.29575
0 0 0 0
0.197205 0.52533
0.046143 1.135742 -0.079834
0.157863 0.948284 -0.275386
0 0 0 0
0.206604 0.531128
0.051025 1.132324 -0.088623
0.157863 0.948284 -0.275386
0 0 0 0
0.206604 0.52533
0.059326 1.135742 -0.070557
0.20369 0.948738 -0.241674
0 0 0 0
0.216003 0.531128
0.065674 1.132324 -0.078369
0.20369 0.948738 -0.241674
0 0 0 0
0.216003 0.52533
0.070557 1.135742 -0.059326
0.241257 0.948944 -0.203223
0 0 0 0
0.225403 0.531128
0.078369 1.132324 -0.065674
0.241257 0.948944 -0.203223
0 0 0 0
0.225403 0.52533
0.079834 1.135742 -0.046143
0.274691 0.948262 -0.1592
0 0 0 0
0.234802 0.531128
0.088623 1.132324 -0.051025
0.274691 0.948262 -0.1592
0 0 0 0
0.234802 0.52533
0.08667 1.135742 -0.031494
0.29759 0.948374 -0.109664
0 0 0 0
0.244202 0.531128
0.095947 1.132324 -0.034912
0.29759 0.948374 -0.109664
0 0 0 0
0.244202 0.52533
0.09082 1.135742 -0.016113
0.312146 0.948483 -0.054258
0 0 0 0
0.253601 0.531128
0.100586 1.132324 -0.017822
0.312146 0.948483 -0.054258
0 0 0 0
0.253601 0.52533
0.092285 1.135742 0
0.315641 0.948878 0.000613
0 0 0 0
0.263 0.531128
0.102295 1.132324 0
0.315641 0.948878 0.000613
0 0 0 0
0.263 0.52533
0.09082 1.135742 0.016113
0.312146 0.948483 0.054258
0 0 0 0
0.2724 0.531128
0.100586 1.132324 0.017822
0.312146 0.948483 0.054258
0 0 0 0
0.2724 0.52533
0.08667 1.135742 0.031494
0.29759 0.948374 0.109664
0 0 0 0
0.281738 0.531128
0.095947 1.132324 0.034912
0.29759 0.948374 0.109664
0 0 0 0
0.281738 0.52533
0.079834 1.135742 0.046143
0.274691 0.948262 0.1592
0 0 0 0
0.291138 0.531128
0.088623 1.132324 0.051025
0.274691 0.948262 0.1592
0 0 0 0
0.291138 0.52533
0.070557 1.135742 0.059326
0.241257 0.948944 0.203223
0 0 0 0
0.300537 0.531128
0.078369 1.132324 0.065674
0.241257 0.948944 0.203223
0 0 0 0
0.300537 0.52533
0.059326 1.135742 0.070557
0.20369 0.948738 0.241674
0 0 0 0
0.309937 0.531128
0.065674 1.132324 0.078369
0.20369 0.948738 0.241674
0 0 0 0
0.309937 0.52533
0.046143 1.135742 0.079834
0.157863 0.948284 0.275386
0 0 0 0
0.319336 0.531128
0.051025 1.132324 0.088623
0.157863 0.948284 0.275386
0 0 0 0
0.319336 0.52533
0.031494 1.135742 0.08667
0.107934 0.949148 0.29575
0 0 0 0
0.328735 0.531128
0.034912 1.132324 0.095947
0.107934 0.949148 0.29575
0 0 0 0
0.328735 0.52533
0.016113 1.135742 0.09082
0.054868 0.948433 0.312193
0 0 0 0
0.338135 0.531128
0.017822 1.132324 0.100586
0.054868 0.948433 0.312193
0 0 0 0
0.338135 0.52533
-0.102295 1.132324 0
-0.991188 -0.115958 0.064035
0 0 0 0
0.508911 0.757507
-0.098389 1.120605 0.026367
-0.960654 -0.108443 0.255701
0 0 0 0
0.500854 0.739929
-0.100586 1.132324 0.017822
-0.987211 -0.116324 0.109007
0 0 0 0
0.500977 0.749512
-0.101318 1.120605 -0.008789
-0.990115 -0.109106 -0.088138
0 0 0 0
0.518494 0.757629
-0.100586 1.132324 -0.017822
-0.964452 -0.116343 -0.237271
0 0 0 0
0.51532 0.766663
-0.095947 1.132324 -0.034912
-0.953604 -0.116024 -0.277809
0 0 0 0
0.520081 0.776855
-0.092285 1.120605 -0.042969
-0.900671 -0.10836 -0.420773
0 0 0 0
0.529053 0.780273
-0.088623 1.132324 -0.051025
-0.824818 -0.115743 -0.553425
0 0 0 0
0.522949 0.787659
-0.078369 1.132324 -0.065674
-0.80152 -0.116965 -0.586418
0 0 0 0
0.523926 0.798889
-0.072021 1.120605 -0.072021
-0.702882 -0.10843 -0.702993
0 0 0 0
0.53125 0.805115
-0.065674 1.132324 -0.078369
-0.586475 -0.11677 -0.801506
0 0 0 0
0.522949 0.809998
-0.051025 1.132324 -0.088623
-0.553313 -0.114888 -0.825012
0 0 0 0
0.520081 0.820862
-0.042969 1.120605 -0.092285
-0.41919 -0.109178 -0.90131
0 0 0 0
0.52478 0.829224
-0.034912 1.132324 -0.095947
-0.277365 -0.116138 -0.953719
0 0 0 0
0.51532 0.831055
-0.017822 1.132324 -0.100586
-0.237026 -0.116458 -0.964498
0 0 0 0
0.508911 0.840271
-0.008789 1.120605 -0.101318
-0.08688 -0.108944 -0.990244
0 0 0 0
0.510437 0.849731
0 1.132324 -0.102295
0.064827 -0.11724 -0.990985
0 0 0 0
0.500977 0.848145
0.017822 1.132324 -0.100586
0.108859 -0.117127 -0.987133
0 0 0 0
0.49176 0.854614
0.026367 1.120605 -0.098389
0.258645 -0.108111 -0.959904
0 0 0 0
0.48999 0.864014
0.034912 1.132324 -0.095947
0.401109 -0.114795 -0.908809
0 0 0 0
0.481628 0.859375
0.051025 1.132324 -0.088623
0.439512 -0.116934 -0.890593
0 0 0 0
0.470764 0.862244
0.05835 1.120605 -0.083496
0.570115 -0.109283 -0.814264
0 0 0 0
0.465881 0.870483
0.065674 1.132324 -0.078369
0.687742 -0.116545 -0.716539
0 0 0 0
0.459595 0.86322
0.078369 1.132324 -0.065674
0.71736 -0.115539 -0.687055
0 0 0 0
0.448364 0.862244
0.083496 1.120605 -0.05835
0.814475 -0.109005 -0.569868
0 0 0 0
0.440979 0.868347
0.088623 1.132324 -0.051025
0.890374 -0.116136 -0.440166
0 0 0 0
0.437561 0.859375
0.095947 1.132324 -0.034912
0.908404 -0.116877 -0.401425
0 0 0 0
0.427368 0.854614
0.098389 1.120605 -0.026367
0.960654 -0.108443 -0.255701
0 0 0 0
0.418335 0.857788
0.100586 1.132324 -0.017822
0.987211 -0.116324 -0.109007
0 0 0 0
0.418213 0.848206
0.102295 1.132324 0
0.991188 -0.115958 -0.064035
0 0 0 0
0.410278 0.84021
0.101318 1.120605 0.008789
0.990115 -0.109106 0.088138
0 0 0 0
0.400696 0.840088
0.100586 1.132324 0.017822
0.964452 -0.116343 0.237271
0 0 0 0
0.40387 0.831055
0.095947 1.132324 0.034912
0.953604 -0.116024 0.277809
0 0 0 0
0.399109 0.820862
0.092285 1.120605 0.042969
0.900671 -0.10836 0.420773
0 0 0 0
0.390137 0.817505
0.088623 1.132324 0.051025
0.824818 -0.115743 0.553425
0 0 0 0
0.396179 0.810059
0.078369 1.132324 0.065674
0.80152 -0.116965 0.586418
0 0 0 0
0.395203 0.798828
0.072021 1.120605 0.072021
0.702882 -0.10843 0.702993
0 0 0 0
0.387939 0.792603
0.065674 1.132324 0.078369
0.586475 -0.11677 0.801506
0 0 0 0
0.396179 0.78772
0.051025 1.132324 0.088623
0.553314 -0.114888 0.825012
0 0 0 0
0.399109 0.776855
0.042969 1.120605 0.092285
0.41919 -0.109178 0.90131
0 0 0 0
0.394409 0.768494
0.034912 1.132324 0.095947
0.277365 -0.116138 0.953719
0 0 0 0
0.403809 0.766663
0.017822 1.132324 0.100586
0.237026 -0.116458 0.964498
0 0 0 0
0.410278 0.757446
0.008789 1.120605 0.101318
0.08688 -0.108944 0.990244
0 0 0 0
0.408752 0.747986
0 1.132324 0.102295
-0.064827 -0.11724 0.990985
0 0 0 0
0.418213 0.749573
-0.017822 1.132324 0.100586
-0.108859 -0.117127 0.987133
0 0 0 0
0.427429 0.743103
-0.026367 1.120605 0.098389
-0.258645 -0.108111 0.959904
0 0 0 0
0.429199 0.733704
-0.034912 1.132324 0.095947
-0.401109 -0.114795 0.908809
0 0 0 0
0.437561 0.738403
-0.051025 1.132324 0.088623
-0.439512 -0.116934 0.890593
0 0 0 0
0.448425 0.735474
-0.05835 1.120605 0.083496
-0.570115 -0.109283 0.814264
0 0 0 0
0.453308 0.727234
-0.065674 1.132324 0.078369
-0.687742 -0.116545 0.716539
0 0 0 0
0.459595 0.734497
-0.078369 1.132324 0.065674
-0.71736 -0.115539 0.687055
0 0 0 0
0.470764 0.735474
-0.083496 1.120605 0.05835
-0.814475 -0.109005 0.569868
0 0 0 0
0.47821 0.72937
-0.088623 1.132324 0.051025
-0.890374 -0.116136 0.440167
0 0 0 0
0.481567 0.738342
-0.095947 1.132324 0.034912
-0.908404 -0.116877 0.401425
0 0 0 0
0.49176 0.743103
-0.101318 1.120605 -0.008789
-0.539008 0.841013 -0.046561
0 0 0 0
0.674194 0.545898
-0.123779 1.105713 0
-0.548278 0.835802 0.028734
0 0 0 0
0.682556 0.532593
-0.12207 1.105713 0.021484
-0.543917 0.836562 0.06571
0 0 0 0
0.673889 0.523987
-0.098389 1.120605 0.026367
-0.523112 0.840529 0.140945
0 0 0 0
0.660583 0.532288
-0.116455 1.105713 0.042236
-0.504912 0.836495 0.212931
0 0 0 0
0.663879 0.516968
-0.107178 1.105713 0.062012
-0.488499 0.836023 0.249869
0 0 0 0
0.652771 0.51178
-0.083496 1.120605 0.05835
-0.444251 0.840385 0.310473
0 0 0 0
0.643127 0.52417
-0.094971 1.105713 0.07959
-0.400154 0.835853 0.375801
0 0 0 0
0.640991 0.508667
-0.07959 1.105713 0.094971
-0.373696 0.836477 0.400821
0 0 0 0
0.628784 0.507629
-0.05835 1.120605 0.083496
-0.311325 0.839991 0.444401
0 0 0 0
0.623962 0.522522
-0.062012 1.105713 0.107178
-0.249273 0.836079 0.488708
0 0 0 0
0.616577 0.508667
-0.042236 1.105713 0.116455
-0.21467 0.835893 0.505174
0 0 0 0
0.604797 0.511841
-0.026367 1.120605 0.098389
-0.14113 0.840748 0.52271
0 0 0 0
0.605347 0.527527
-0.021484 1.105713 0.12207
-0.066794 0.836751 0.543495
0 0 0 0
0.59375 0.517029
0 1.105713 0.123779
-0.027977 0.835676 0.548509
0 0 0 0
0.583679 0.524048
0.008789 1.120605 0.101318
0.047304 0.84056 0.53965
0 0 0 0
0.5896 0.538574
0.021484 1.105713 0.12207
0.124686 0.836489 0.533611
0 0 0 0
0.575073 0.532654
0.042236 1.105713 0.116455
0.160508 0.836332 0.5242
0 0 0 0
0.568054 0.542725
0.042969 1.120605 0.092285
0.22792 0.841275 0.490214
0 0 0 0
0.578552 0.554321
0.062012 1.105713 0.107178
0.298675 0.836998 0.458505
0 0 0 0
0.562866 0.553772
0.07959 1.105713 0.094971
0.329479 0.83601 0.438783
0 0 0 0
0.559692 0.565613
0.072021 1.120605 0.072021
0.382867 0.840469 0.383438
0 0 0 0
0.573547 0.572937
0.094971 1.105713 0.07959
0.438652 0.835582 0.330738
0 0 0 0
0.558594 0.577759
0.107178 1.105713 0.062012
0.459967 0.836405 0.298089
0 0 0 0
0.559692 0.589966
0.092285 1.120605 0.042969
0.491105 0.84019 0.229994
0 0 0 0
0.575195 0.592102
0.116455 1.105713 0.042236
0.524936 0.836321 0.158145
0 0 0 0
0.562866 0.601746
0.12207 1.105713 0.021484
0.533786 0.836438 0.124273
0 0 0 0
0.567993 0.612854
0.101318 1.120605 0.008789
0.539008 0.841013 0.04656
0 0 0 0
0.583374 0.609558
0.123779 1.105713 0
0.548278 0.835802 -0.028734
0 0 0 0
0.575012 0.622864
0.12207 1.105713 -0.021484
0.543917 0.836562 -0.06571
0 0 0 0
0.583679 0.631531
0.098389 1.120605 -0.026367
0.523112 0.840529 -0.140945
0 0 0 0
0.596985 0.623169
0.116455 1.105713 -0.042236
0.504912 0.836495 -0.212931
0 0 0 0
0.593689 0.63855
0.107178 1.105713 -0.062012
0.4885 0.836023 -0.249869
0 0 0 0
0.604797 0.643677
0.083496 1.120605 -0.05835
0.444252 0.840385 -0.310473
0 0 0 0
0.614441 0.631287
0.094971 1.105713 -0.07959
0.400154 0.835853 -0.375801
0 0 0 0
0.616577 0.646851
0.07959 1.105713 -0.094971
0.373696 0.836477 -0.400821
0 0 0 0
0.628784 0.647888
0.05835 1.120605 -0.083496
0.311325 0.839991 -0.444401
0 0 0 0
0.633606 0.632996
0.062012 1.105713 -0.107178
0.249273 0.836079 -0.488708
0 0 0 0
0.64093 0.646851
0.042236 1.105713 -0.116455
0.21467 0.835893 -0.505174
0 0 0 0
0.652771 0.643616
0.026367 1.120605 -0.098389
0.14113 0.840748 -0.52271
0 0 0 0
0.652161 0.627991
0.021484 1.105713 -0.12207
0.066794 0.836751 -0.543495
0 0 0 0
0.663818 0.638489
0 1.105713 -0.123779
0.027978 0.835676 -0.548509
0 0 0 0
0.673828 0.63147
-0.008789 1.120605 -0.101318
-0.047304 0.84056 -0.53965
0 0 0 0
0.667969 0.616882
-0.021484 1.105713 -0.12207
-0.124686 0.836489 -0.533611
0 0 0 0
0.682495 0.622803
-0.042236 1.105713 -0.116455
-0.160508 0.836332 -0.5242
0 0 0 0
0.689514 0.612793
-0.042969 1.120605 -0.092285
-0.22792 0.841275 -0.490214
0 0 0 0
0.679016 0.601135
-0.062012 1.105713 -0.107178
-0.298675 0.836998 -0.458505
0 0 0 0
0.694702 0.601685
-0.07959 1.105713 -0.094971
-0.329479 0.83601 -0.438783
0 0 0 0
0.697876 0.589905
-0.072021 1.120605 -0.072021
-0.382867 0.840469 -0.383438
0 0 0 0
0.684021 0.58252
-0.094971 1.105713 -0.07959
-0.438652 0.835582 -0.330738
0 0 0 0
0.698914 0.577698
-0.107178 1.105713 -0.062012
-0.459967 0.836405 -0.298089
0 0 0 0
0.697876 0.565552
-0.092285 1.120605 -0.042969
-0.491105 0.84019 -0.229994
0 0 0 0
0.682312 0.563354
-0.116455 1.105713 -0.042236
-0.524936 0.836321 -0.158145
0 0 0 0
0.694702 0.553711
-0.12207 1.105713 -0.021484
-0.533786 0.836438 -0.124273
0 0 0 0
0.689575 0.542664
-0.021484 1.105713 0.12207
-0.172048 0.070196 0.982584
0 0 0 0
0.011963 0.589661
0 1.077393 0.125732
-0.001382 -0.029028 0.999578
0 0 0 0
0.000366 0.573975
0 1.105713 0.123779
-0.001382 0.07046 0.997514
0 0 0 0
0.000366 0.589661
-0.021973 1.077393 0.124023
-0.174871 -0.028916 0.984167
0 0 0 0
0.011963 0.573975
-0.042236 1.105713 0.116455
-0.341506 0.06939 0.937315
0 0 0 0
0.023926 0.589661
-0.042969 1.077393 0.118164
-0.341688 -0.028587 0.939379
0 0 0 0
0.023926 0.573975
-0.062012 1.105713 0.107178
-0.497851 0.07074 0.864373
0 0 0 0
0.03595 0.589661
-0.062988 1.077393 0.108887
-0.500632 -0.028035 0.865206
0 0 0 0
0.03595 0.573975
-0.07959 1.105713 0.094971
-0.640217 0.071424 0.764867
0 0 0 0
0.047913 0.589661
-0.080811 1.077393 0.096436
-0.642905 -0.029872 0.765363
0 0 0 0
0.047913 0.573975
-0.094971 1.105713 0.07959
-0.76491 0.071358 0.640172
0 0 0 0
0.059875 0.589661
-0.096436 1.077393 0.080811
-0.765516 -0.028816 0.642771
0 0 0 0
0.059875 0.573975
-0.107178 1.105713 0.062012
-0.863172 0.070634 0.499945
0 0 0 0
0.071838 0.589661
-0.108887 1.077393 0.062988
-0.865557 -0.029929 0.499914
0 0 0 0
0.071838 0.573975
-0.116455 1.105713 0.042236
-0.937894 0.071275 0.339521
0 0 0 0
0.083862 0.589661
-0.118164 1.077393 0.042969
-0.939012 -0.028318 0.342717
0 0 0 0
0.083862 0.573975
-0.12207 1.105713 0.021484
-0.98208 0.070981 0.174588
0 0 0 0
0.095825 0.589661
-0.124023 1.077393 0.021973
-0.984218 -0.028605 0.174633
0 0 0 0
0.095825 0.573975
-0.123779 1.105713 0
-0.99744 0.071455 0.002713
0 0 0 0
0.107788 0.589661
-0.125732 1.077393 0
-0.999598 -0.028337 -0.000804
0 0 0 0
0.107788 0.573975
-0.12207 1.105713 -0.021484
-0.98208 0.070981 -0.174588
0 0 0 0
0.119751 0.589661
-0.124023 1.077393 -0.021973
-0.984218 -0.028605 -0.174633
0 0 0 0
0.119751 0.573975
-0.116455 1.105713 -0.042236
-0.937894 0.071275 -0.339521
0 0 0 0
0.131775 0.589661
-0.118164 1.077393 -0.042969
-0.939012 -0.028318 -0.342717
0 0 0 0
0.131775 0.573975
-0.107178 1.105713 -0.062012
-0.863172 0.070634 -0.499945
0 0 0 0
0.143738 0.589661
-0.108887 1.077393 -0.062988
-0.865557 -0.029929 -0.499914
0 0 0 0
0.143738 0.573975
-0.094971 1.105713 -0.07959
-0.76491 0.071358 -0.640172
0 0 0 0
0.155701 0.589661
-0.096436 1.077393 -0.080811
-0.765516 -0.028816 -0.642771
0 0 0 0
0.155701 0.573975
-0.07959 1.105713 -0.094971
-0.640217 0.071424 -0.764867
0 0 0 0
0.167664 0.589661
-0.080811 1.077393 -0.096436
-0.642905 -0.029872 -0.765363
0 0 0 0
0.167664 0.573975
-0.062012 1.105713 -0.107178
-0.497851 0.07074 -0.864373
0 0 0 0
0.179688 0.589661
-0.062988 1.077393 -0.108887
-0.500632 -0.028035 -0.865206
0 0 0 0
0.179688 0.573975
-0.042236 1.105713 -0.116455
-0.341506 0.06939 -0.937315
0 0 0 0
0.19165 0.589661
-0.042969 1.077393 -0.118164
-0.341688 -0.028587 -0.939379
0 0 0 0
0.19165 0.573975
-0.021484 1.105713 -0.12207
-0.172048 0.070196 -0.982584
0 0 0 0
0.203613 0.589661
-0.021973 1.077393 -0.124023
-0.174871 -0.028916 -0.984167
0 0 0 0
0.203613 0.573975
0 1.105713 -0.123779
0.001382 0.07046 -0.997514
0 0 0 0
0.215576 0.589661
0 1.077393 -0.125732
0.001382 -0.029028 -0.999578
0 0 0 0
0.215576 0.573975
0.021484 1.105713 -0.12207
0.172048 0.070196 -0.982584
0 0 0 0
0.2276 0.589661
0.021973 1.077393 -0.124023
0.174871 -0.028916 -0.984167
0 0 0 0
0.2276 0.573975
0.042236 1.105713 -0.116455
0.341506 0.06939 -0.937315
0 0 0 0
0.239563 0.589661
0.042969 1.077393 -0.118164
0.341688 -0.028587 -0.939379
0 0 0 0
0.239563 0.573975
0.062012 1.105713 -0.107178
0.497851 0.07074 -0.864373
0 0 0 0
0.251526 0.589661
0.062988 1.077393 -0.108887
0.500633 -0.028035 -0.865206
0 0 0 0
0.251526 0.573975
0.07959 1.105713 -0.094971
0.640217 0.071424 -0.764866
0 0 0 0
0.263489 0.589661
0.080811 1.077393 -0.096436
0.642905 -0.029872 -0.765363
0 0 0 0
0.263489 0.573975
0.094971 1.105713 -0.07959
0.76491 0.071358 -0.640172
0 0 0 0
0.275452 0.589661
0.096436 1.077393 -0.080811
0.765516 -0.028816 -0.642771
0 0 0 0
0.275452 0.573975
0.107178 1.105713 -0.062012
0.863172 0.070634 -0.499945
0 0 0 0
0.287476 0.589661
0.108887 1.077393 -0.062988
0.865558 -0.029929 -0.499914
0 0 0 0
0.287476 0.573975
0.116455 1.105713 -0.042236
0.937894 0.071275 -0.339521
0 0 0 0
0.299438 0.589661
0.118164 1.077393 -0.042969
0.939012 -0.028318 -0.342717
0 0 0 0
0.299438 0.573975
0.12207 1.105713 -0.021484
0.98208 0.070981 -0.174588
0 0 0 0
0.311401 0.589661
0.124023 1.077393 -0.021973
0.984218 -0.028605 -0.174633
0 0 0 0
0.311401 0.573975
0.123779 1.105713 0
0.99744 0.071455 -0.002713
0 0 0 0
0.323364 0.589661
0.125732 1.077393 0
0.999598 -0.028337 0.000804
0 0 0 0
0.323364 0.573975
0.12207 1.105713 0.021484
0.98208 0.070981 0.174588
0 0 0 0
0.335388 0.589661
0.124023 1.077393 0.021973
0.984218 -0.028605 0.174633
0 0 0 0
0.335388 0.573975
0.116455 1.105713 0.042236
0.937894 0.071275 0.339521
0 0 0 0
0.347351 0.589661
0.118164 1.077393 0.042969
0.939012 -0.028318 0.342717
0 0 0 0
0.347351 0.573975
0.107178 1.105713 0.062012
0.863172 0.070634 0.499945
0 0 0 0
0.359314 0.589661
0.108887 1.077393 0.062988
0.865558 -0.029929 0.499914
0 0 0 0
0.359314 0.573975
0.094971 1.105713 0.07959
0.76491 0.071358 0.640172
0 0 0 0
0.371277 0.589661
0.096436 1.077393 0.080811
0.765516 -0.028816 0.642771
0 0 0 0
0.371277 0.573975
0.07959 1.105713 0.094971
0.640217 0.071424 0.764866
0 0 0 0
0.383301 0.589661
0.080811 1.077393 0.096436
0.642905 -0.029872 0.765363
0 0 0 0
0.383301 0.573975
0.062012 1.105713 0.107178
0.497851 0.07074 0.864373
0 0 0 0
0.395264 0.589661
0.062988 1.077393 0.108887
0.500633 -0.028035 0.865206
0 0 0 0
0.395264 0.573975
0.042236 1.105713 0.116455
0.341506 0.06939 0.937315
0 0 0 0
0.407227 0.589661
0.042969 1.077393 0.118164
0.341688 -0.028587 0.939379
0 0 0 0
0.407227 0.573975
0.021484 1.105713 0.12207
0.172048 0.070196 0.982584
0 0 0 0
0.419189 0.589661
0.021973 1.077393 0.124023
0.174871 -0.028916 0.984167
0 0 0 0
0.419189 0.573975
0 1.105713 0.123779
-0.001382 0.07046 0.997514
0 0 0 0
0.431213 0.589661
0 1.077393 0.125732
-0.001382 -0.029028 0.999578
0 0 0 0
0.431213 0.573975
0.02124 1.049072 0.120361
0.171797 -0.127817 0.976805
0 0 0 0
0.419189 0.558105
0 1.049072 0.12207
0.00138 -0.128299 0.991735
0 0 0 0
0.431213 0.558105
0.041748 1.049072 0.114746
0.338331 -0.129082 0.932132
0 0 0 0
0.407227 0.558105
0.061035 1.049072 0.105713
0.497058 -0.126596 0.858433
0 0 0 0
0.395264 0.558105
0.078613 1.049072 0.093506
0.636789 -0.128395 0.760272
0 0 0 0
0.383301 0.558105
0.093506 1.049072 0.078613
0.759351 -0.128852 0.637795
0 0 0 0
0.371277 0.558105
0.105713 1.049072 0.061035
0.859381 -0.127891 0.495083
0 0 0 0
0.359314 0.558105
0.114746 1.049072 0.041748
0.931475 -0.127894 0.340584
0 0 0 0
0.347351 0.558105
0.120361 1.049072 0.02124
0.976747 -0.128046 0.171958
0 0 0 0
0.335388 0.558105
0.12207 1.049072 0
0.991774 -0.128002 -0.000819
0 0 0 0
0.323364 0.558105
0.120361 1.049072 -0.02124
0.976747 -0.128046 -0.171958
0 0 0 0
0.311401 0.558105
0.114746 1.049072 -0.041748
0.931475 -0.127894 -0.340584
0 0 0 0
0.299438 0.558105
0.105713 1.049072 -0.061035
0.859381 -0.127891 -0.495083
0 0 0 0
0.287476 0.558105
0.093506 1.049072 -0.078613
0.759351 -0.128852 -0.637795
0 0 0 0
0.275452 0.558105
0.078613 1.049072 -0.093506
0.636789 -0.128395 -0.760272
0 0 0 0
0.263489 0.558105
0.061035 1.049072 -0.105713
0.497058 -0.126596 -0.858433
0 0 0 0
0.251526 0.558105
0.041748 1.049072 -0.114746
0.338331 -0.129082 -0.932132
0 0 0 0
0.239563 0.558105
0.02124 1.049072 -0.120361
0.171797 -0.127817 -0.976805
0 0 0 0
0.2276 0.558105
0 1.049072 -0.12207
-0.00138 -0.128299 -0.991735
0 0 0 0
0.215576 0.558105
-0.02124 1.049072 -0.120361
-0.171797 -0.127817 -0.976805
0 0 0 0
0.203613 0.558105
-0.05249 3.486328 -0.018799
-0.258097 0.961999 -0.089124
0 0 0 0
0.655823 0.73999
-0.039551 3.486328 -0.039551
-0.193251 0.961982 -0.192987
0 0 0 0
0.64856 0.751465
-0.01123 3.497314 -0.01123
-0.188541 0.964009 -0.187453
0 0 0 0
0.632629 0.735535
-0.005371 3.497314 -0.014893
-0.088598 0.963643 -0.252078
0 0 0 0
0.629456 0.737549
-0.018799 3.486328 -0.05249
-0.091018 0.961718 -0.258484
0 0 0 0
0.637024 0.758728
0.006348 3.486328 -0.05542
0.029756 0.962103 -0.271059
0 0 0 0
0.623047 0.760315
0.001709 3.497314 -0.015869
0.029677 0.963965 -0.26437
0 0 0 0
0.62561 0.737976
0.008545 3.497314 -0.013428
0.141732 0.963991 -0.225017
0 0 0 0
0.62207 0.736694
0.029785 3.486328 -0.047119
0.146403 0.961925 -0.230796
0 0 0 0
0.609985 0.755737
0.047119 3.486328 -0.029785
0.231297 0.961817 -0.146319
0 0 0 0
0.600403 0.746155
0.013428 3.497314 -0.008545
0.226578 0.96374 -0.140953
0 0 0 0
0.619446 0.73407
0.05542 3.486328 -0.006348
0.272889 0.961561 -0.030523
0 0 0 0
0.595825 0.733093
0.015869 3.497314 -0.001709
0.265006 0.96375 -0.030958
0 0 0 0
0.618164 0.73053
0.014893 3.497314 0.005371
0.251891 0.963711 0.088383
0 0 0 0
0.618591 0.726685
0.05249 3.486328 0.018799
0.258097 0.961999 0.089124
0 0 0 0
0.597412 0.719116
0.039551 3.486328 0.039551
0.193251 0.961982 0.192987
0 0 0 0
0.604675 0.707581
0.01123 3.497314 0.01123
0.188541 0.964009 0.187453
0 0 0 0
0.620605 0.723511
0.018799 3.486328 0.05249
0.091018 0.961718 0.258484
0 0 0 0
0.61615 0.700317
0 3.483398 0.064453
0.003545 0.887359 0.461066
0 0 0 0
0.626587 0.693237
-0.014893 3.483398 0.062744
-0.107019 0.887905 0.447406
0 0 0 0
0.634888 0.694214
-0.02832 3.483398 0.058105
-0.198892 0.887454 0.415773
0 0 0 0
0.642578 0.69696
-0.040283 3.483398 0.050293
-0.292652 0.887066 0.357027
0 0 0 0
0.649292 0.701233
-0.050293 3.483398 0.040283
-0.356599 0.88761 0.291523
0 0 0 0
0.654907 0.706848
-0.058105 3.483398 0.02832
-0.416325 0.887233 0.198721
0 0 0 0
0.65918 0.713562
-0.062744 3.483398 0.014893
-0.447499 0.887796 0.107532
0 0 0 0
0.661926 0.721252
-0.064453 3.483398 0
-0.460859 0.887471 -0.001948
0 0 0 0
0.662903 0.729553
-0.062744 3.483398 -0.014893
-0.44958 0.887894 -0.097579
0 0 0 0
0.661926 0.737854
-0.058105 3.483398 -0.02832
-0.413095 0.887351 -0.204844
0 0 0 0
0.65918 0.745483
-0.050293 3.483398 -0.040283
-0.362311 0.887496 -0.28475
0 0 0 0
0.654907 0.752258
-0.040283 3.483398 -0.050293
-0.284256 0.887016 -0.363869
0 0 0 0
0.649292 0.757874
-0.02832 3.483398 -0.058105
-0.205726 0.886828 -0.413778
0 0 0 0
0.642578 0.762146
-0.014893 3.483398 -0.062744
-0.099998 0.888214 -0.448415
0 0 0 0
0.634949 0.764893
0 3.483398 -0.064453
-0.003545 0.887359 -0.461066
0 0 0 0
0.626587 0.765808
0.014893 3.483398 -0.062744
0.107019 0.887905 -0.447406
0 0 0 0
0.618286 0.764893
0.02832 3.483398 -0.058105
0.198892 0.887454 -0.415773
0 0 0 0
0.610657 0.762146
0.040283 3.483398 -0.050293
0.292652 0.887066 -0.357027
0 0 0 0
0.603943 0.757874
0.050293 3.483398 -0.040283
0.356599 0.88761 -0.291523
0 0 0 0
0.598267 0.752197
0.058105 3.483398 -0.02832
0.416325 0.887233 -0.198721
0 0 0 0
0.593994 0.745483
0.062744 3.483398 -0.014893
0.447499 0.887796 -0.107532
0 0 0 0
0.591248 0.737854
0.064453 3.483398 0
0.460859 0.887471 0.001948
0 0 0 0
0.590332 0.729553
0.062744 3.483398 0.014893
0.44958 0.887894 0.097579
0 0 0 0
0.591248 0.721191
0.058105 3.483398 0.02832
0.413096 0.887351 0.204844
0 0 0 0
0.593994 0.713562
0.050293 3.483398 0.040283
0.362311 0.887496 0.28475
0 0 0 0
0.598267 0.706848
0.040283 3.483398 0.050293
0.284256 0.887016 0.363868
0 0 0 0
0.603882 0.701233
0.02832 3.483398 0.058105
0.205726 0.886828 0.413778
0 0 0 0
0.610657 0.69696
0.014893 3.483398 0.062744
0.099998 0.888214 0.448415
0 0 0 0
0.618286 0.694214
0 3.502686 0.025391
0.024954 -0.878148 0.477738
0 0 0 0
0.451294 0.784119
-0.001709 3.497314 0.015869
-0.050876 -0.88383 0.465033
0 0 0 0
0.454773 0.790222
0.005371 3.497314 0.014893
0.153915 -0.882368 0.444677
0 0 0 0
0.458496 0.787842
-0.005859 3.502686 0.024658
-0.133482 -0.877674 0.460294
0 0 0 0
0.448608 0.786804
-0.008545 3.497314 0.013428
-0.25087 -0.882093 0.398719
0 0 0 0
0.452454 0.793884
-0.01123 3.502686 0.022705
-0.186681 -0.87705 0.442643
0 0 0 0
0.446655 0.789978
-0.015869 3.502686 0.019775
-0.320271 -0.87647 0.359481
0 0 0 0
0.445496 0.793396
-0.013428 3.497314 0.008545
-0.398972 -0.882111 0.250404
0 0 0 0
0.451965 0.798096
-0.019775 3.502686 0.015869
-0.358252 -0.877101 0.319921
0 0 0 0
0.445068 0.796997
-0.022705 3.502686 0.01123
-0.441615 -0.87791 0.185068
0 0 0 0
0.445496 0.800659
-0.024658 3.502686 0.005859
-0.461025 -0.8773 0.133423
0 0 0 0
0.446716 0.804138
-0.015869 3.497314 0.001709
-0.466155 -0.883189 0.051736
0 0 0 0
0.45343 0.802185
-0.025391 3.502686 0
-0.478075 -0.877955 -0.025294
0 0 0 0
0.44873 0.807373
-0.014893 3.497314 -0.005371
-0.444033 -0.882818 -0.153191
0 0 0 0
0.456543 0.805298
-0.024658 3.502686 -0.005859
-0.471108 -0.878114 -0.083506
0 0 0 0
0.451416 0.810059
-0.022705 3.502686 -0.01123
-0.419811 -0.877589 -0.231507
0 0 0 0
0.45459 0.812012
-0.01123 3.497314 -0.01123
-0.332688 -0.883034 -0.331013
0 0 0 0
0.460571 0.806702
-0.019775 3.502686 -0.015869
-0.390401 -0.87702 -0.280041
0 0 0 0
0.458069 0.813171
-0.015869 3.502686 -0.019775
-0.280072 -0.877098 -0.390203
0 0 0 0
0.46167 0.813599
-0.01123 3.502686 -0.022705
-0.231834 -0.87724 -0.42036
0 0 0 0
0.465271 0.813171
-0.005371 3.497314 -0.014893
-0.153915 -0.882368 -0.444677
0 0 0 0
0.464844 0.806213
-0.005859 3.502686 -0.024658
-0.081799 -0.878449 -0.470782
0 0 0 0
0.46875 0.812012
0 3.502686 -0.025391
-0.024954 -0.878148 -0.477738
0 0 0 0
0.471985 0.809937
0.001709 3.497314 -0.015869
0.050876 -0.88383 -0.465033
0 0 0 0
0.468567 0.803833
0.005859 3.502686 -0.024658
0.133482 -0.877674 -0.460294
0 0 0 0
0.47467 0.807251
0.008545 3.497314 -0.013428
0.25087 -0.882093 -0.398719
0 0 0 0
0.470825 0.800171
0.01123 3.502686 -0.022705
0.186681 -0.87705 -0.442643
0 0 0 0
0.476624 0.804077
0.015869 3.502686 -0.019775
0.319924 -0.877798 -0.356538
0 0 0 0
0.477783 0.800659
0.013428 3.497314 -0.008545
0.398972 -0.882111 -0.250404
0 0 0 0
0.471313 0.795959
0.019775 3.502686 -0.015869
0.358252 -0.877101 -0.319921
0 0 0 0
0.47821 0.797058
0.022705 3.502686 -0.01123
0.441615 -0.87791 -0.185068
0 0 0 0
0.477783 0.793396
0.024658 3.502686 -0.005859
0.461025 -0.8773 -0.133423
0 0 0 0
0.476624 0.789917
0.015869 3.497314 -0.001709
0.466155 -0.883189 -0.051736
0 0 0 0
0.469849 0.79187
0.025391 3.502686 0
0.478075 -0.877955 0.025294
0 0 0 0
0.474548 0.786682
0.014893 3.497314 0.005371
0.444033 -0.882818 0.153191
0 0 0 0
0.466736 0.788757
0.024658 3.502686 0.005859
0.471109 -0.878114 0.083506
0 0 0 0
0.471863 0.783997
0.022705 3.502686 0.01123
0.419811 -0.877589 0.231507
0 0 0 0
0.468689 0.782043
0.01123 3.497314 0.01123
0.332688 -0.883034 0.331013
0 0 0 0
0.462708 0.787415
0.019775 3.502686 0.015869
0.390401 -0.87702 0.280041
0 0 0 0
0.465271 0.780884
0.015869 3.502686 0.019775
0.280072 -0.877098 0.390203
0 0 0 0
0.46167 0.780457
0.01123 3.502686 0.022705
0.231834 -0.87724 0.42036
0 0 0 0
0.458008 0.780884
0.005859 3.502686 0.024658
0.081799 -0.878449 0.470782
0 0 0 0
0.454529 0.782043
0 3.462158 0.098633
-0.001321 0.561605 0.827405
0 0 0 0
0.512207 0.444397
-0.022217 3.465088 0.093994
-0.121857 0.843344 0.523375
0 0 0 0
0.524719 0.450439
-0.022705 3.462158 0.095947
-0.185182 0.563427 0.805144
0 0 0 0
0.525757 0.445923
0 3.465088 0.096436
0.001212 0.842657 0.538449
0 0 0 0
0.512207 0.448975
0.022217 3.465088 0.093994
0.121857 0.843344 0.523375
0 0 0 0
0.499756 0.450439
0.022705 3.462158 0.095947
0.185182 0.563427 0.805144
0 0 0 0
0.498718 0.445923
0.043213 3.462158 0.088623
0.362546 0.563818 0.742071
0 0 0 0
0.486267 0.450378
0.04248 3.465088 0.08667
0.237013 0.842052 0.484534
0 0 0 0
0.488281 0.454468
0.061523 3.462158 0.076904
0.517696 0.562822 0.644377
0 0 0 0
0.47522 0.457336
0.060303 3.465088 0.075195
0.336724 0.842392 0.420704
0 0 0 0
0.478149 0.460938
0.076904 3.462158 0.061523
0.644361 0.562461 0.518108
0 0 0 0
0.466064 0.466492
0.075195 3.465088 0.060303
0.419515 0.842422 0.33813
0 0 0 0
0.469666 0.46936
0.08667 3.465088 0.04248
0.483776 0.842531 0.236858
0 0 0 0
0.463257 0.479492
0.088623 3.462158 0.043213
0.742884 0.562584 0.362798
0 0 0 0
0.459106 0.477478
0.095947 3.462158 0.022705
0.805536 0.562917 0.18503
0 0 0 0
0.454651 0.489929
0.093994 3.465088 0.022217
0.52515 0.842104 0.122797
0 0 0 0
0.459167 0.490967
0.098633 3.462158 0
0.826743 0.562577 -0.001795
0 0 0 0
0.453125 0.503479
0.096436 3.465088 0
0.539025 0.842288 -0.001535
0 0 0 0
0.457703 0.503479
0.093994 3.465088 -0.022217
0.52515 0.842104 -0.122797
0 0 0 0
0.459167 0.515991
0.095947 3.462158 -0.022705
0.805536 0.562917 -0.18503
0 0 0 0
0.454651 0.517029
0.088623 3.462158 -0.043213
0.742884 0.562584 -0.362798
0 0 0 0
0.459106 0.52948
0.08667 3.465088 -0.04248
0.483776 0.842531 -0.236858
0 0 0 0
0.463257 0.527466
0.076904 3.462158 -0.061523
0.644361 0.562461 -0.518108
0 0 0 0
0.466064 0.540466
0.075195 3.465088 -0.060303
0.419515 0.842422 -0.33813
0 0 0 0
0.469666 0.537598
0.061523 3.462158 -0.076904
0.517696 0.562822 -0.644377
0 0 0 0
0.47522 0.549622
0.060303 3.465088 -0.075195
0.336724 0.842392 -0.420704
0 0 0 0
0.478149 0.546021
0.04248 3.465088 -0.08667
0.237013 0.842052 -0.484534
0 0 0 0
0.488281 0.55249
0.043213 3.462158 -0.088623
0.362546 0.563818 -0.742071
0 0 0 0
0.486267 0.55658
0.022705 3.462158 -0.095947
0.185182 0.563427 -0.805144
0 0 0 0
0.498718 0.561035
0.022217 3.465088 -0.093994
0.121857 0.843344 -0.523375
0 0 0 0
0.499756 0.55658
0 3.462158 -0.098633
0.001321 0.561605 -0.827405
0 0 0 0
0.512207 0.562561
0 3.465088 -0.096436
0.001212 0.842657 -0.538449
0 0 0 0
0.512207 0.557983
-0.022217 3.465088 -0.093994
-0.121857 0.843344 -0.523375
0 0 0 0
0.524719 0.55658
-0.022705 3.462158 -0.095947
-0.185182 0.563427 -0.805144
0 0 0 0
0.525757 0.561035
-0.043213 3.462158 -0.088623
-0.362546 0.563818 -0.742071
0 0 0 0
0.538208 0.55658
-0.04248 3.465088 -0.08667
-0.237013 0.842052 -0.484534
0 0 0 0
0.536194 0.55249
-0.061523 3.462158 -0.076904
-0.517696 0.562822 -0.644377
0 0 0 0
0.549194 0.549622
-0.060303 3.465088 -0.075195
-0.336724 0.842392 -0.420704
0 0 0 0
0.546326 0.546021
-0.076904 3.462158 -0.061523
-0.644361 0.562461 -0.518108
0 0 0 0
0.55835 0.540466
-0.075195 3.465088 -0.060303
-0.419515 0.842422 -0.33813
0 0 0 0
0.55481 0.537598
-0.08667 3.465088 -0.04248
-0.483776 0.842531 -0.236858
0 0 0 0
0.561218 0.527466
-0.088623 3.462158 -0.043213
-0.742884 0.562584 -0.362798
0 0 0 0
0.565369 0.52948
-0.095947 3.462158 -0.022705
-0.805536 0.562917 -0.18503
0 0 0 0
0.569763 0.517029
-0.093994 3.465088 -0.022217
-0.52515 0.842104 -0.122797
0 0 0 0
0.565308 0.515991
-0.098633 3.462158 0
-0.826743 0.562577 0.001795
0 0 0 0
0.57135 0.503479
-0.096436 3.465088 0
-0.539025 0.842288 0.001536
0 0 0 0
0.566711 0.503479
-0.093994 3.465088 0.022217
-0.52515 0.842104 0.122797
0 0 0 0
0.565308 0.491028
-0.095947 3.462158 0.022705
-0.805536 0.562917 0.18503
0 0 0 0
0.569763 0.489929
-0.088623 3.462158 0.043213
-0.742884 0.562584 0.362798
0 0 0 0
0.565369 0.477478
-0.08667 3.465088 0.04248
-0.483776 0.842531 0.236858
0 0 0 0
0.561218 0.479492
-0.076904 3.462158 0.061523
-0.644361 0.562461 0.518108
0 0 0 0
0.558411 0.466492
-0.075195 3.465088 0.060303
-0.419515 0.842422 0.33813
0 0 0 0
0.55481 0.46936
-0.061523 3.462158 0.076904
-0.517696 0.562822 0.644377
0 0 0 0
0.549194 0.457336
-0.060303 3.465088 0.075195
-0.336724 0.842392 0.420704
0 0 0 0
0.546326 0.460938
-0.04248 3.465088 0.08667
-0.237013 0.842052 0.484534
0 0 0 0
0.536194 0.454468
-0.043213 3.462158 0.088623
-0.362546 0.563818 0.742071
0 0 0 0
0.538208 0.450378
-0.014893 3.483398 0.062744
-0.107019 0.887905 0.447406
0 0 0 0
0.519714 0.471802
-0.02832 3.483398 0.058105
-0.198892 0.887454 0.415773
0 0 0 0
0.526611 0.474243
-0.040283 3.483398 0.050293
-0.292652 0.887066 0.357027
0 0 0 0
0.532654 0.478027
-0.050293 3.483398 0.040283
-0.356599 0.88761 0.291523
0 0 0 0
0.537659 0.483093
-0.058105 3.483398 0.02832
-0.416325 0.887233 0.198721
0 0 0 0
0.541504 0.489136
-0.062744 3.483398 0.014893
-0.447499 0.887796 0.107532
0 0 0 0
0.543945 0.495972
-0.064453 3.483398 0
-0.460859 0.887471 -0.001948
0 0 0 0
0.5448 0.503479
-0.062744 3.483398 -0.014893
-0.44958 0.887894 -0.097579
0 0 0 0
0.543945 0.510986
-0.058105 3.483398 -0.02832
-0.413095 0.887351 -0.204844
0 0 0 0
0.541504 0.517822
-0.050293 3.483398 -0.040283
-0.362311 0.887496 -0.28475
0 0 0 0
0.537659 0.523865
-0.040283 3.483398 -0.050293
-0.284256 0.887016 -0.363869
0 0 0 0
0.532593 0.528931
-0.02832 3.483398 -0.058105
-0.205726 0.886828 -0.413778
0 0 0 0
0.52655 0.532776
-0.014893 3.483398 -0.062744
-0.099998 0.888214 -0.448415
0 0 0 0
0.519714 0.535217
0 3.483398 -0.064453
-0.003545 0.887359 -0.461066
0 0 0 0
0.512207 0.536072
0.014893 3.483398 -0.062744
0.107019 0.887905 -0.447406
0 0 0 0
0.504761 0.535156
0.02832 3.483398 -0.058105
0.198892 0.887454 -0.415773
0 0 0 0
0.497864 0.532776
0.040283 3.483398 -0.050293
0.292652 0.887066 -0.357027
0 0 0 0
0.491821 0.528931
0.050293 3.483398 -0.040283
0.356599 0.88761 -0.291523
0 0 0 0
0.486816 0.523865
0.058105 3.483398 -0.02832
0.416325 0.887233 -0.198721
0 0 0 0
0.482971 0.517822
0.062744 3.483398 -0.014893
0.447499 0.887796 -0.107532
0 0 0 0
0.48053 0.510986
0.064453 3.483398 0
0.460859 0.887471 0.001948
0 0 0 0
0.479675 0.503479
0.062744 3.483398 0.014893
0.44958 0.887894 0.097579
0 0 0 0
0.48053 0.495972
0.058105 3.483398 0.02832
0.413096 0.887351 0.204844
0 0 0 0
0.482971 0.489136
0.050293 3.483398 0.040283
0.362311 0.887496 0.28475
0 0 0 0
0.486816 0.483093
0.040283 3.483398 0.050293
0.284256 0.887016 0.363868
0 0 0 0
0.491821 0.478027
0.02832 3.483398 0.058105
0.205726 0.886828 0.413778
0 0 0 0
0.497864 0.474243
0.014893 3.483398 0.062744
0.099998 0.888214 0.448415
0 0 0 0
0.504761 0.471802
0 3.483398 0.064453
0.003545 0.887359 0.461066
0 0 0 0
0.512207 0.470947
0 3.339355 0.161621
-0.012297 -0.951345 -0.307882
0 0 0 0
0.492249 0.573059
-0.037109 3.339355 0.157227
0.081248 -0.951606 -0.296385
0 0 0 0
0.475525 0.574951
-0.008057 3.369385 0.069092
0.027222 -0.970188 -0.240818
0 0 0 0
0.488708 0.615723
0.023438 3.369385 0.06543
-0.079124 -0.970088 -0.229497
0 0 0 0
0.502441 0.617249
0.037109 3.339355 0.157227
-0.056891 -0.951528 -0.302255
0 0 0 0
0.508911 0.574951
0.071045 3.339355 0.14502
-0.146597 -0.951225 -0.271441
0 0 0 0
0.524231 0.580444
0.049072 3.369385 0.049072
-0.172429 -0.970046 -0.171109
0 0 0 0
0.513672 0.62439
0.101074 3.339355 0.125977
-0.184537 -0.951074 -0.247797
0 0 0 0
0.53772 0.58905
0.125977 3.339355 0.101074
-0.247697 -0.951453 -0.182714
0 0 0 0
0.549011 0.600342
0.14502 3.339355 0.071045
-0.271072 -0.951367 -0.146357
0 0 0 0
0.557617 0.613831
0.06543 3.369385 0.023438
-0.228586 -0.970219 -0.08015
0 0 0 0
0.520813 0.63562
0.157227 3.339355 0.037109
-0.302429 -0.951496 -0.056491
0 0 0 0
0.56311 0.629211
0.161377 3.339355 0
-0.307926 -0.951323 -0.012872
0 0 0 0
0.565063 0.645874
0.069092 3.369385 -0.008057
-0.24081 -0.970176 0.027748
0 0 0 0
0.522339 0.649353
0.157227 3.339355 -0.037109
-0.298008 -0.950982 0.082611
0 0 0 0
0.56311 0.662537
0.058594 3.369385 -0.037354
-0.204808 -0.969979 0.13113
0 0 0 0
0.517883 0.662109
0.14502 3.339355 -0.071045
-0.283086 -0.950877 0.125282
0 0 0 0
0.557617 0.677856
0.125977 3.339355 -0.101074
-0.232678 -0.951086 0.203216
0 0 0 0
0.549011 0.691406
0.101074 3.339355 -0.125977
-0.202866 -0.951411 0.231652
0 0 0 0
0.53772 0.702698
0.037354 3.369385 -0.058594
-0.129938 -0.969705 0.206854
0 0 0 0
0.508484 0.671509
0.071045 3.339355 -0.14502
-0.125103 -0.951008 0.282724
0 0 0 0
0.524231 0.711304
0.037109 3.339355 -0.157227
-0.081248 -0.951606 0.296385
0 0 0 0
0.508911 0.716736
0.008057 3.369385 -0.069092
-0.027222 -0.970188 0.240818
0 0 0 0
0.495728 0.676025
0 3.339355 -0.161377
0.012297 -0.951345 0.307882
0 0 0 0
0.492188 0.718689
-0.023438 3.369385 -0.06543
0.079125 -0.970088 0.229497
0 0 0 0
0.481995 0.674438
-0.037109 3.339355 -0.157227
0.056891 -0.951528 0.302255
0 0 0 0
0.475525 0.716736
-0.071045 3.339355 -0.14502
0.146597 -0.951225 0.271441
0 0 0 0
0.460205 0.711304
-0.049072 3.369385 -0.049072
0.172429 -0.970046 0.171109
0 0 0 0
0.470764 0.667297
-0.101074 3.339355 -0.125977
0.184537 -0.951074 0.247797
0 0 0 0
0.446716 0.702698
-0.125977 3.339355 -0.101074
0.247697 -0.951453 0.182714
0 0 0 0
0.435425 0.691406
-0.14502 3.339355 -0.071045
0.271072 -0.951367 0.146357
0 0 0 0
0.426819 0.677856
-0.06543 3.369385 -0.023438
0.228586 -0.970219 0.08015
0 0 0 0
0.463623 0.656067
-0.157227 3.339355 -0.037109
0.302429 -0.951496 0.056491
0 0 0 0
0.421326 0.662537
-0.161377 3.339355 0
0.307926 -0.951323 0.012872
0 0 0 0
0.419373 0.645874
-0.069092 3.369385 0.008057
0.24081 -0.970176 -0.027748
0 0 0 0
0.462097 0.642334
-0.157227 3.339355 0.037109
0.298008 -0.950982 -0.082611
0 0 0 0
0.421326 0.629211
-0.058594 3.369385 0.037354
0.204808 -0.969979 -0.13113
0 0 0 0
0.466553 0.629578
-0.14502 3.339355 0.071045
0.283086 -0.950877 -0.125282
0 0 0 0
0.426819 0.613831
-0.125977 3.339355 0.101074
0.232678 -0.951086 -0.203216
0 0 0 0
0.435425 0.600342
-0.101074 3.339355 0.125977
0.202866 -0.951411 -0.231652
0 0 0 0
0.446716 0.58905
-0.037354 3.369385 0.058594
0.129938 -0.969705 -0.206854
0 0 0 0
0.475952 0.620239
-0.071045 3.339355 0.14502
0.125104 -0.951008 -0.282724
0 0 0 0
0.460205 0.580444
-0.041748 1.049072 -0.114746
-0.338331 -0.129082 -0.932132
0 0 0 0
0.19165 0.558105
-0.061035 1.049072 -0.105713
-0.497058 -0.126596 -0.858433
0 0 0 0
0.179688 0.558105
-0.078613 1.049072 -0.093506
-0.636789 -0.128395 -0.760272
0 0 0 0
0.167664 0.558105
-0.093506 1.049072 -0.078613
-0.759351 -0.128852 -0.637795
0 0 0 0
0.155701 0.558105
-0.105713 1.049072 -0.061035
-0.859381 -0.127891 -0.495083
0 0 0 0
0.143738 0.558105
-0.114746 1.049072 -0.041748
-0.931475 -0.127894 -0.340584
0 0 0 0
0.131775 0.558105
-0.120361 1.049072 -0.02124
-0.976747 -0.128046 -0.171958
0 0 0 0
0.119751 0.558105
-0.12207 1.049072 0
-0.991774 -0.128002 0.000819
0 0 0 0
0.107788 0.558105
-0.120361 1.049072 0.02124
-0.976747 -0.128046 0.171958
0 0 0 0
0.095825 0.558105
-0.114746 1.049072 0.041748
-0.931475 -0.127894 0.340584
0 0 0 0
0.083862 0.558105
-0.105713 1.049072 0.061035
-0.859381 -0.127891 0.495083
0 0 0 0
0.071838 0.558105
-0.093506 1.049072 0.078613
-0.759351 -0.128852 0.637795
0 0 0 0
0.059875 0.558105
-0.078613 1.049072 0.093506
-0.636789 -0.128395 0.760272
0 0 0 0
0.047913 0.558105
-0.061035 1.049072 0.105713
-0.497058 -0.126596 0.858433
0 0 0 0
0.03595 0.558105
-0.041748 1.049072 0.114746
-0.338331 -0.129082 0.932132
0 0 0 0
0.023926 0.558105
-0.02124 1.049072 0.120361
-0.171797 -0.127817 0.976805
0 0 0 0
0.011963 0.558105
0 1.049072 0.12207
0.00138 -0.128299 0.991735
0 0 0 0
0.000366 0.558105
-0.12207 1.049072 0
-0.346814 -0.937682 0.021717
0 0 0 0
0.650146 0.66217
-0.101562 1.04248 0.0271
-0.33146 -0.939305 0.088543
0 0 0 0
0.661255 0.678833
-0.120361 1.049072 0.02124
-0.345722 -0.937533 0.038832
0 0 0 0
0.66156 0.667236
-0.104736 1.04248 -0.009277
-0.342153 -0.939186 -0.02933
0 0 0 0
0.641724 0.670166
-0.120361 1.049072 -0.02124
-0.338282 -0.937639 -0.079989
0 0 0 0
0.638062 0.659119
-0.114746 1.049072 -0.041748
-0.333058 -0.937687 -0.099069
0 0 0 0
0.625549 0.658264
-0.095215 1.04248 -0.044434
-0.310913 -0.939021 -0.146877
0 0 0 0
0.620361 0.66864
-0.105713 1.049072 -0.061035
-0.291173 -0.937513 -0.190495
0 0 0 0
0.613159 0.659546
-0.093506 1.049072 -0.078613
-0.278225 -0.9378 -0.207657
0 0 0 0
0.601135 0.663025
-0.074219 1.04248 -0.074219
-0.243142 -0.938769 -0.24412
0 0 0 0
0.599854 0.674561
-0.078613 1.049072 -0.093506
-0.206634 -0.938143 -0.277832
0 0 0 0
0.589905 0.668518
-0.061035 1.049072 -0.105713
-0.192007 -0.937839 -0.289122
0 0 0 0
0.579834 0.675842
-0.044434 1.04248 -0.095215
-0.144409 -0.939218 -0.311474
0 0 0 0
0.58252 0.687134
-0.041748 1.049072 -0.114746
-0.100429 -0.937715 -0.332573
0 0 0 0
0.571106 0.684814
-0.02124 1.049072 -0.120361
-0.080296 -0.937535 -0.338497
0 0 0 0
0.564148 0.69519
-0.009277 1.04248 -0.104736
-0.030582 -0.938977 -0.342617
0 0 0 0
0.570557 0.704895
0 1.049072 -0.12207
0.021549 -0.937938 -0.346134
0 0 0 0
0.559082 0.706604
0.02124 1.049072 -0.120361
0.039683 -0.93765 -0.345308
0 0 0 0
0.556091 0.71875
0.0271 1.04248 -0.101562
0.089092 -0.939416 -0.330998
0 0 0 0
0.56543 0.725647
0.041748 1.049072 -0.114746
0.138103 -0.937531 -0.319317
0 0 0 0
0.555237 0.731201
0.061035 1.049072 -0.105713
0.155642 -0.937208 -0.312117
0 0 0 0
0.55658 0.743652
0.060303 1.04248 -0.086182
0.198011 -0.939169 -0.28063
0 0 0 0
0.567749 0.746887
0.078613 1.049072 -0.093506
0.239572 -0.937503 -0.252376
0 0 0 0
0.560059 0.755615
0.093506 1.049072 -0.078613
0.2536 -0.937124 -0.239763
0 0 0 0
0.565552 0.766846
0.086182 1.04248 -0.060303
0.281504 -0.938704 -0.198973
0 0 0 0
0.577148 0.766113
0.105713 1.049072 -0.061035
0.309891 -0.938077 -0.15485
0 0 0 0
0.572876 0.776917
0.114746 1.049072 -0.041748
0.32009 -0.937331 -0.137673
0 0 0 0
0.581909 0.785583
0.101562 1.04248 -0.0271
0.33146 -0.939305 -0.088543
0 0 0 0
0.592529 0.780945
0.120361 1.049072 -0.02124
0.345722 -0.937533 -0.038832
0 0 0 0
0.592285 0.792542
0.12207 1.049072 0
0.346814 -0.937682 -0.021717
0 0 0 0
0.603699 0.797607
0.104736 1.04248 0.009277
0.342153 -0.939186 0.02933
0 0 0 0
0.612122 0.789612
0.120361 1.049072 0.02124
0.338282 -0.937639 0.079989
0 0 0 0
0.615784 0.800659
0.114746 1.049072 0.041748
0.333058 -0.937687 0.099069
0 0 0 0
0.628235 0.801514
0.095215 1.04248 0.044434
0.310913 -0.939021 0.146877
0 0 0 0
0.633423 0.791077
0.105713 1.049072 0.061035
0.291173 -0.937513 0.190495
0 0 0 0
0.640686 0.800171
0.093506 1.049072 0.078613
0.278225 -0.9378 0.207657
0 0 0 0
0.65271 0.796753
0.074219 1.04248 0.074219
0.243142 -0.938769 0.24412
0 0 0 0
0.653992 0.785217
0.078613 1.049072 0.093506
0.206635 -0.938143 0.277832
0 0 0 0
0.66394 0.79126
0.061035 1.049072 0.105713
0.192007 -0.937839 0.289122
0 0 0 0
0.674011 0.783936
0.044434 1.04248 0.095215
0.144409 -0.939218 0.311474
0 0 0 0
0.671326 0.772644
0.041748 1.049072 0.114746
0.100429 -0.937715 0.332573
0 0 0 0
0.682678 0.774963
0.02124 1.049072 0.120361
0.080296 -0.937535 0.338497
0 0 0 0
0.689697 0.764587
0.009277 1.04248 0.104736
0.030582 -0.938977 0.342617
0 0 0 0
0.683228 0.754883
0 1.049072 0.12207
-0.021549 -0.937938 0.346134
0 0 0 0
0.694763 0.753174
-0.02124 1.049072 0.120361
-0.039683 -0.93765 0.345308
0 0 0 0
0.697754 0.741028
-0.0271 1.04248 0.101562
-0.089092 -0.939416 0.330998
0 0 0 0
0.688416 0.734131
-0.041748 1.049072 0.114746
-0.138103 -0.937531 0.319317
0 0 0 0
0.698608 0.728577
-0.061035 1.049072 0.105713
-0.155641 -0.937208 0.312117
0 0 0 0
0.697266 0.716125
-0.060303 1.04248 0.086182
-0.198011 -0.939169 0.28063
0 0 0 0
0.686096 0.712891
-0.078613 1.049072 0.093506
-0.239572 -0.937503 0.252376
0 0 0 0
0.693787 0.704163
-0.093506 1.049072 0.078613
-0.2536 -0.937124 0.239763
0 0 0 0
0.688293 0.692932
-0.086182 1.04248 0.060303
-0.281504 -0.938704 0.198973
0 0 0 0
0.676697 0.693665
-0.105713 1.049072 0.061035
-0.309891 -0.938077 0.15485
0 0 0 0
0.680908 0.682861
-0.114746 1.049072 0.041748
-0.32009 -0.937331 0.137673
0 0 0 0
0.671936 0.674194
-0.104736 1.04248 -0.009277
-0.988726 0.123209 -0.085088
0 0 0 0
0.641724 0.670166
-0.104004 1.032471 0.018311
-0.936671 -0.326746 0.126031
0 0 0 0
0.653931 0.68103
-0.101562 1.04248 0.0271
-0.958659 0.123804 0.256214
0 0 0 0
0.661255 0.678833
-0.105469 1.032471 0
-0.944219 -0.327343 0.036011
0 0 0 0
0.64502 0.677063
-0.104004 1.032471 -0.018311
-0.923904 -0.326525 -0.199455
0 0 0 0
0.635559 0.674683
-0.095215 1.04248 -0.044434
-0.899823 0.124555 -0.418097
0 0 0 0
0.620361 0.66864
-0.099121 1.032471 -0.036133
-0.899839 -0.327315 -0.288366
0 0 0 0
0.625854 0.674011
-0.091309 1.032471 -0.052734
-0.799516 -0.327238 -0.503675
0 0 0 0
0.61615 0.675049
-0.074219 1.04248 -0.074219
-0.702451 0.123662 -0.700907
0 0 0 0
0.599854 0.674561
-0.080811 1.032471 -0.067871
-0.747937 -0.325457 -0.578506
0 0 0 0
0.60675 0.677734
-0.067871 1.032471 -0.080811
-0.577686 -0.326967 -0.747911
0 0 0 0
0.598022 0.682007
-0.044434 1.04248 -0.095215
-0.419009 0.122604 -0.899666
0 0 0 0
0.58252 0.687134
-0.052734 1.032471 -0.091309
-0.504795 -0.326478 -0.799121
0 0 0 0
0.590149 0.687744
-0.036133 1.032471 -0.099121
-0.287016 -0.327441 -0.900224
0 0 0 0
0.583374 0.694702
-0.009277 1.04248 -0.104736
-0.086845 0.122685 -0.988639
0 0 0 0
0.570557 0.704895
-0.018311 1.032471 -0.104004
-0.199309 -0.326759 -0.923853
0 0 0 0
0.577942 0.70282
0 1.032471 -0.105469
0.036806 -0.3258 -0.944722
0 0 0 0
0.573975 0.711731
0.0271 1.04248 -0.101562
0.255827 0.124494 -0.958673
0 0 0 0
0.56543 0.725647
0.018311 1.032471 -0.104004
0.126499 -0.327809 -0.936237
0 0 0 0
0.571655 0.721191
0.036133 1.032471 -0.099121
0.357429 -0.3253 -0.875457
0 0 0 0
0.570984 0.730896
0.060303 1.04248 -0.086182
0.569794 0.125013 -0.812223
0 0 0 0
0.567749 0.746887
0.052734 1.032471 -0.091309
0.441037 -0.327135 -0.835745
0 0 0 0
0.572021 0.740601
0.067871 1.032471 -0.080811
0.635794 -0.327453 -0.698957
0 0 0 0
0.574707 0.749939
0.086182 1.04248 -0.060303
0.812118 0.123716 -0.570227
0 0 0 0
0.577148 0.766113
0.080811 1.032471 -0.067871
0.698989 -0.326362 -0.63632
0 0 0 0
0.579041 0.758728
0.091309 1.032471 -0.052734
0.836321 -0.327256 -0.439853
0 0 0 0
0.584778 0.766541
0.101562 1.04248 -0.0271
0.958659 0.123804 -0.256214
0 0 0 0
0.592529 0.780945
0.099121 1.032471 -0.036133
0.874088 -0.327071 -0.35916
0 0 0 0
0.591797 0.773315
0.104004 1.032471 -0.018311
0.936671 -0.326746 -0.126031
0 0 0 0
0.599854 0.778748
0.104736 1.04248 0.009277
0.988726 0.123209 0.085088
0 0 0 0
0.612122 0.789612
0.105469 1.032471 0
0.944219 -0.327343 -0.036011
0 0 0 0
0.608826 0.782715
0.104004 1.032471 0.018311
0.923904 -0.326525 0.199455
0 0 0 0
0.618225 0.785095
0.095215 1.04248 0.044434
0.899823 0.124555 0.418097
0 0 0 0
0.633423 0.791077
0.099121 1.032471 0.036133
0.899839 -0.327315 0.288366
0 0 0 0
0.627991 0.785767
0.091309 1.032471 0.052734
0.799516 -0.327238 0.503675
0 0 0 0
0.637634 0.784729
0.074219 1.04248 0.074219
0.702451 0.123662 0.700906
0 0 0 0
0.653992 0.785217
0.080811 1.032471 0.067871
0.747937 -0.325457 0.578506
0 0 0 0
0.647034 0.782043
0.067871 1.032471 0.080811
0.577686 -0.326967 0.747911
0 0 0 0
0.655823 0.777771
0.044434 1.04248 0.095215
0.419009 0.122604 0.899666
0 0 0 0
0.671326 0.772644
0.052734 1.032471 0.091309
0.504795 -0.326478 0.799121
0 0 0 0
0.663696 0.772034
0.036133 1.032471 0.099121
0.287016 -0.327441 0.900224
0 0 0 0
0.670471 0.765076
0.009277 1.04248 0.104736
0.086845 0.122685 0.988639
0 0 0 0
0.683228 0.754883
0.018311 1.032471 0.104004
0.199309 -0.326759 0.923853
0 0 0 0
0.675903 0.756958
0 1.032471 0.105469
-0.036806 -0.3258 0.944722
0 0 0 0
0.679871 0.748047
-0.0271 1.04248 0.101562
-0.255827 0.124494 0.958673
0 0 0 0
0.688416 0.734131
-0.018311 1.032471 0.104004
-0.126499 -0.327809 0.936237
0 0 0 0
0.68219 0.738586
-0.036133 1.032471 0.099121
-0.357428 -0.3253 0.875457
0 0 0 0
0.682861 0.728882
-0.060303 1.04248 0.086182
-0.569794 0.125013 0.812223
0 0 0 0
0.686096 0.712891
-0.052734 1.032471 0.091309
-0.441037 -0.327135 0.835745
0 0 0 0
0.681824 0.719177
-0.067871 1.032471 0.080811
-0.635794 -0.327453 0.698957
0 0 0 0
0.679077 0.709839
-0.086182 1.04248 0.060303
-0.812118 0.123716 0.570227
0 0 0 0
0.676697 0.693665
-0.080811 1.032471 0.067871
-0.698989 -0.326362 0.63632
0 0 0 0
0.674805 0.70105
-0.091309 1.032471 0.052734
-0.836321 -0.327256 0.439853
0 0 0 0
0.669067 0.693237
-0.099121 1.032471 0.036133
-0.874088 -0.327071 0.35916
0 0 0 0
0.662048 0.686462
-0.089844 1.022461 0.032715
-0.663744 -0.70734 0.243134
0 0 0 0
0.657166 0.692505
-0.093994 1.022461 0.016602
-0.696677 -0.707028 0.12146
0 0 0 0
0.650208 0.687805
-0.095459 1.022461 0
-0.707106 -0.707106 -0.001023
0 0 0 0
0.642517 0.684387
-0.093994 1.022461 -0.016602
-0.696677 -0.707028 -0.12146
0 0 0 0
0.634338 0.682373
-0.089844 1.022461 -0.032715
-0.663744 -0.70734 -0.243134
0 0 0 0
0.625977 0.681763
-0.082764 1.022461 -0.047852
-0.613065 -0.706333 -0.3539
0 0 0 0
0.617615 0.682617
-0.073242 1.022461 -0.061523
-0.541369 -0.706493 -0.455837
0 0 0 0
0.609558 0.684937
-0.061523 1.022461 -0.073242
-0.455026 -0.707413 -0.54085
0 0 0 0
0.602051 0.68866
-0.047852 1.022461 -0.082764
-0.353825 -0.706409 -0.61302
0 0 0 0
0.595215 0.693542
-0.032715 1.022461 -0.089844
-0.240873 -0.707486 -0.664413
0 0 0 0
0.589417 0.699585
-0.016602 1.022461 -0.093994
-0.123508 -0.706671 -0.696679
0 0 0 0
0.584717 0.706543
0 1.022461 -0.095459
-0.001277 -0.706425 -0.707786
0 0 0 0
0.581299 0.714233
0.016602 1.022461 -0.093994
0.123508 -0.706671 -0.696679
0 0 0 0
0.579285 0.722351
0.032715 1.022461 -0.089844
0.240873 -0.707486 -0.664413
0 0 0 0
0.578735 0.730774
0.047852 1.022461 -0.082764
0.353825 -0.706409 -0.61302
0 0 0 0
0.579651 0.739075
0.061523 1.022461 -0.073242
0.455026 -0.707413 -0.54085
0 0 0 0
0.58197 0.747131
0.073242 1.022461 -0.061523
0.541369 -0.706493 -0.455837
0 0 0 0
0.585693 0.7547
0.082764 1.022461 -0.047852
0.613065 -0.706333 -0.3539
0 0 0 0
0.590637 0.761475
0.089844 1.022461 -0.032715
0.663744 -0.70734 -0.243134
0 0 0 0
0.59668 0.767273
0.093994 1.022461 -0.016602
0.696677 -0.707028 -0.12146
0 0 0 0
0.603638 0.771973
0.095459 1.022461 0
0.707106 -0.707106 0.001023
0 0 0 0
0.611328 0.775391
0.093994 1.022461 0.016602
0.696677 -0.707028 0.12146
0 0 0 0
0.619446 0.777405
0.089844 1.022461 0.032715
0.663744 -0.70734 0.243134
0 0 0 0
0.627869 0.778015
0.082764 1.022461 0.047852
0.613065 -0.706333 0.3539
0 0 0 0
0.636169 0.7771
0.073242 1.022461 0.061523
0.541369 -0.706493 0.455837
0 0 0 0
0.644287 0.774841
0.061523 1.022461 0.073242
0.455026 -0.707413 0.54085
0 0 0 0
0.651794 0.771118
0.047852 1.022461 0.082764
0.353825 -0.706409 0.61302
0 0 0 0
0.658569 0.766235
0.032715 1.022461 0.089844
0.240873 -0.707486 0.664413
0 0 0 0
0.664429 0.760193
0.016602 1.022461 0.093994
0.123508 -0.706671 0.696679
0 0 0 0
0.669128 0.753235
0 1.022461 0.095459
0.001277 -0.706425 0.707786
0 0 0 0
0.672485 0.745544
-0.016602 1.022461 0.093994
-0.123508 -0.706671 0.696679
0 0 0 0
0.6745 0.737427
-0.032715 1.022461 0.089844
-0.240873 -0.707486 0.664413
0 0 0 0
0.67511 0.729004
-0.047852 1.022461 0.082764
-0.353825 -0.706409 0.61302
0 0 0 0
0.674194 0.720703
-0.061523 1.022461 0.073242
-0.455026 -0.707413 0.54085
0 0 0 0
0.671875 0.712646
-0.073242 1.022461 0.061523
-0.541369 -0.706493 0.455837
0 0 0 0
0.668152 0.705078
-0.082764 1.022461 0.047852
-0.613065 -0.706333 0.3539
0 0 0 0
0.663208 0.698303
-0.032715 1.022461 0.089844
-0.341725 0.001361 0.939799
0 0 0 0
0.369263 0.990784
-0.016602 0.356201 0.093994
-0.174889 0.001377 0.984587
0 0 0 0
0.000366 0.999512
-0.016602 1.022461 0.093994
-0.174889 0.001377 0.984587
0 0 0 0
0.369263 0.999512
-0.032715 0.356201 0.089844
-0.341725 0.001361 0.939799
0 0 0 0
0.000366 0.990784
-0.047852 1.022461 0.082764
-0.500689 0.001335 0.865626
0 0 0 0
0.369263 0.981506
-0.047852 0.356201 0.082764
-0.500689 0.001335 0.865626
0 0 0 0
0.000366 0.981506
-0.061523 1.022461 0.073242
-0.642997 0.001299 0.765868
0 0 0 0
0.369263 0.97229
-0.061523 0.356201 0.073242
-0.642997 0.001299 0.765868
0 0 0 0
0.000366 0.97229
-0.073242 1.022461 0.061523
-0.765633 0.001253 0.643276
0 0 0 0
0.369263 0.963074
-0.073242 0.356201 0.061523
-0.765633 0.001253 0.643276
0 0 0 0
0.000366 0.963074
-0.082764 1.022461 0.047852
-0.865729 0.001197 0.500511
0 0 0 0
0.369263 0.953857
-0.082764 0.356201 0.047852
-0.865729 0.001197 0.500511
0 0 0 0
0.000366 0.953857
-0.089844 1.022461 0.032715
-0.93922 0.001133 0.343313
0 0 0 0
0.369263 0.944641
-0.089844 0.356201 0.032715
-0.93922 0.001133 0.343313
0 0 0 0
0.000366 0.944641
-0.093994 1.022461 0.016602
-0.984509 0.00106 0.175329
0 0 0 0
0.369263 0.935364
-0.093994 0.356201 0.016602
-0.984509 0.00106 0.175329
0 0 0 0
0.000366 0.935364
-0.095459 1.022461 0
-1 0.000978 -0.000001
0 0 0 0
0.369263 0.926147
-0.095459 0.356201 0
-1 0.000978 -0.000001
0 0 0 0
0.000366 0.926147
-0.093994 1.022461 -0.016602
-0.984509 0.00106 -0.175329
0 0 0 0
0.369263 0.916931
-0.093994 0.356201 -0.016602
-0.984509 0.00106 -0.175329
0 0 0 0
0.000366 0.916931
-0.089844 1.022461 -0.032715
-0.93922 0.001133 -0.343313
0 0 0 0
0.369263 0.907715
-0.089844 0.356201 -0.032715
-0.93922 0.001133 -0.343313
0 0 0 0
0.000366 0.907715
-0.082764 1.022461 -0.047852
-0.865729 0.001197 -0.500511
0 0 0 0
0.369263 0.898438
-0.082764 0.356201 -0.047852
-0.865729 0.001197 -0.500511
0 0 0 0
0.000366 0.898438
-0.073242 1.022461 -0.061523
-0.765633 0.001253 -0.643276
0 0 0 0
0.369263 0.889221
-0.073242 0.356201 -0.061523
-0.765633 0.001253 -0.643276
0 0 0 0
0.000366 0.889221
-0.061523 1.022461 -0.073242
-0.642997 0.001299 -0.765868
0 0 0 0
0.369263 0.880005
-0.061523 0.356201 -0.073242
-0.642997 0.001299 -0.765868
0 0 0 0
0.000366 0.880005
-0.047852 1.022461 -0.082764
-0.500689 0.001335 -0.865626
0 0 0 0
0.369263 0.870789
-0.047852 0.356201 -0.082764
-0.500689 0.001335 -0.865626
0 0 0 0
0.000366 0.870789
-0.032715 1.022461 -0.089844
-0.341725 0.001361 -0.939799
0 0 0 0
0.369263 0.861511
-0.032715 0.356201 -0.089844
-0.341725 0.001361 -0.939799
0 0 0 0
0.000366 0.861511
-0.016602 1.022461 -0.093994
-0.174889 0.001377 -0.984587
0 0 0 0
0.369263 0.852295
-0.016602 0.356201 -0.093994
-0.174889 0.001377 -0.984587
0 0 0 0
0.000366 0.852295
0 1.022461 -0.095459
0.001382 0.001382 -0.999998
0 0 0 0
0.369263 0.843079
0 0.356201 -0.095459
0.001382 0.001382 -0.999998
0 0 0 0
0.000366 0.843079
0.016602 1.022461 -0.093994
0.174889 0.001377 -0.984587
0 0 0 0
0.369263 0.833862
0.016602 0.356201 -0.093994
0.174889 0.001377 -0.984587
0 0 0 0
0.000366 0.833862
0.032715 1.022461 -0.089844
0.341725 0.001361 -0.939799
0 0 0 0
0.369263 0.824585
0.032715 0.356201 -0.089844
0.341725 0.001361 -0.939799
0 0 0 0
0.000366 0.824585
0.047852 1.022461 -0.082764
0.500689 0.001335 -0.865626
0 0 0 0
0.369263 0.815369
0.047852 0.356201 -0.082764
0.500689 0.001335 -0.865626
0 0 0 0
0.000366 0.815369
0.061523 1.022461 -0.073242
0.642997 0.001299 -0.765868
0 0 0 0
0.369263 0.806152
0.061523 0.356201 -0.073242
0.642997 0.001299 -0.765868
0 0 0 0
0.000366 0.806152
0 3.369385 0
0.000978 -1 -0.000001
0 0 0 0
0.492188 0.645874
0.015869 3.502686 0.019775
0.617647 -0.162539 0.769476
0 0 0 0
0.767578 0.000305
0.018066 3.523438 0.022461
0.617647 -0.162539 0.769476
0 0 0 0
0.755981 0.000305
0.012695 3.523438 0.025879
0.433645 -0.162449 0.886319
0 0 0 0
0.755981 0.003235
0.01123 3.502686 0.022705
0.433645 -0.162449 0.886319
0 0 0 0
0.767578 0.003357
0.006592 3.523438 0.028076
0.223131 -0.162899 0.961081
0 0 0 0
0.755981 0.006653
0.005859 3.502686 0.024658
0.223131 -0.162899 0.961081
0 0 0 0
0.767578 0.006714
0 3.523438 0.028809
0.001378 -0.16395 0.986468
0 0 0 0
0.755981 0.010132
0 3.502686 0.025391
0.001378 -0.16395 0.986468
0 0 0 0
0.767578 0.010132
-0.006592 3.523438 0.028076
-0.223131 -0.162899 0.961081
0 0 0 0
0.755981 0.013611
-0.005859 3.502686 0.024658
-0.223131 -0.162899 0.961081
0 0 0 0
0.767578 0.013611
-0.012695 3.523438 0.025879
-0.433645 -0.162449 0.886319
0 0 0 0
0.755981 0.016968
-0.01123 3.502686 0.022705
-0.433645 -0.162449 0.886319
0 0 0 0
0.767578 0.016968
-0.018066 3.523438 0.022461
-0.617647 -0.162539 0.769476
0 0 0 0
0.755981 0.020264
-0.015869 3.502686 0.019775
-0.617647 -0.162539 0.769476
0 0 0 0
0.767578 0.020264
-0.022461 3.523438 0.018066
-0.769545 -0.16286 0.617476
0 0 0 0
0.755981 0.02356
-0.019775 3.502686 0.015869
-0.769545 -0.16286 0.617476
0 0 0 0
0.767578 0.02356
-0.022705 3.502686 0.01123
-0.886114 -0.162708 0.433967
0 0 0 0
0.767578 0.026855
-0.025879 3.523438 0.012695
-0.886114 -0.162708 0.433967
0 0 0 0
0.755981 0.026855
-0.028076 3.523438 0.006592
-0.961047 -0.163237 0.22303
0 0 0 0
0.755981 0.030212
-0.024658 3.502686 0.005859
-0.961047 -0.163237 0.22303
0 0 0 0
0.767578 0.030212
-0.028809 3.523438 0
-0.986578 -0.163289 0.000534
0 0 0 0
0.755981 0.03363
-0.025391 3.502686 0
-0.986578 -0.163289 0.000534
0 0 0 0
0.767578 0.03363
-0.028076 3.523438 -0.006592
-0.961047 -0.163237 -0.22303
0 0 0 0
0.755981 0.037109
-0.024658 3.502686 -0.005859
-0.961047 -0.163237 -0.22303
0 0 0 0
0.767578 0.037109
-0.025879 3.523438 -0.012695
-0.886114 -0.162708 -0.433967
0 0 0 0
0.755981 0.040466
-0.022705 3.502686 -0.01123
-0.886114 -0.162708 -0.433967
0 0 0 0
0.767578 0.040466
-0.022461 3.523438 -0.018066
-0.769545 -0.16286 -0.617476
0 0 0 0
0.755981 0.043762
-0.019775 3.502686 -0.015869
-0.769545 -0.16286 -0.617476
0 0 0 0
0.767578 0.043762
-0.018066 3.523438 -0.022461
-0.617647 -0.162539 -0.769476
0 0 0 0
0.755981 0.047058
-0.015869 3.502686 -0.019775
-0.617647 -0.162539 -0.769476
0 0 0 0
0.767578 0.047058
-0.01123 3.502686 -0.022705
-0.433645 -0.162449 -0.886319
0 0 0 0
0.767578 0.050354
-0.012695 3.523438 -0.025879
-0.433645 -0.162449 -0.886319
0 0 0 0
0.755981 0.050354
-0.006592 3.523438 -0.028076
-0.223131 -0.162899 -0.961081
0 0 0 0
0.755981 0.053711
-0.005859 3.502686 -0.024658
-0.223131 -0.162899 -0.961081
0 0 0 0
0.767578 0.053711
0 3.523438 -0.028809
-0.001378 -0.16395 -0.986468
0 0 0 0
0.755981 0.057129
0 3.502686 -0.025391
-0.001378 -0.16395 -0.986468
0 0 0 0
0.767578 0.057129
0.006592 3.523438 -0.028076
0.223131 -0.162899 -0.961081
0 0 0 0
0.755981 0.060608
0.005859 3.502686 -0.024658
0.223131 -0.162899 -0.961081
0 0 0 0
0.767578 0.060608
0.012695 3.523438 -0.025879
0.433645 -0.162449 -0.886319
0 0 0 0
0.755981 0.063965
0.01123 3.502686 -0.022705
0.433645 -0.162449 -0.886319
0 0 0 0
0.767578 0.063965
0.018066 3.523438 -0.022461
0.617647 -0.162539 -0.769476
0 0 0 0
0.755981 0.067261
0.015869 3.502686 -0.019775
0.617647 -0.162539 -0.769476
0 0 0 0
0.767578 0.067261
0.022461 3.523438 -0.018066
0.769545 -0.16286 -0.617476
0 0 0 0
0.755981 0.070557
0.019775 3.502686 -0.015869
0.769545 -0.16286 -0.617476
0 0 0 0
0.767578 0.070557
0.022705 3.502686 -0.01123
0.886114 -0.162708 -0.433967
0 0 0 0
0.767578 0.073853
0.025879 3.523438 -0.012695
0.886114 -0.162708 -0.433967
0 0 0 0
0.755981 0.073853
0.028076 3.523438 -0.006592
0.961047 -0.163237 -0.22303
0 0 0 0
0.755981 0.077209
0.024658 3.502686 -0.005859
0.961047 -0.163237 -0.22303
0 0 0 0
0.767578 0.077209
0.028809 3.523438 0
0.986578 -0.163289 0.000534
0 0 0 0
0.755981 0.080688
0.025391 3.502686 0
0.986578 -0.163289 0.000534
0 0 0 0
0.767578 0.080688
0.028076 3.523438 0.006592
0.961047 -0.163237 0.22303
0 0 0 0
0.755981 0.084167
0.024658 3.502686 0.005859
0.961047 -0.163237 0.22303
0 0 0 0
0.767578 0.084106
0.025879 3.523438 0.012695
0.886114 -0.162708 0.433967
0 0 0 0
0.755981 0.087524
0.022705 3.502686 0.01123
0.886114 -0.162708 0.433967
0 0 0 0
0.767578 0.087463
0.022461 3.523438 0.018066
0.769545 -0.16286 0.617476
0 0 0 0
0.755981 0.09082
0.019775 3.502686 0.015869
0.769545 -0.16286 0.617476
0 0 0 0
0.767578 0.090759
0.018066 3.523438 0.022461
0.617647 -0.162539 0.769476
0 0 0 0
0.755981 0.094116
0.015869 3.502686 0.019775
0.617647 -0.162539 0.769476
0 0 0 0
0.767578 0.094116
0.018066 3.523438 0.022461
0.154869 0.968733 0.193836
0 0 0 0
0.999695 0.201172
0.014404 3.524902 0.017822
0.154869 0.968733 0.193836
0 0 0 0
0.999695 0.197754
0.01001 3.524902 0.020508
0.109113 0.969056 0.221417
0 0 0 0
0.996826 0.197754
0.012695 3.523438 0.025879
0.109113 0.969056 0.221417
0 0 0 0
0.996826 0.201172
0.005127 3.524902 0.022217
0.055567 0.968601 0.242331
0 0 0 0
0.993652 0.197754
0.006592 3.523438 0.028076
0.055567 0.968601 0.242331
0 0 0 0
0.993652 0.201172
0 3.524902 0.022949
0.001092 0.968706 0.24821
0 0 0 0
0.990356 0.197754
0 3.523438 0.028809
0.001092 0.968706 0.24821
0 0 0 0
0.990356 0.201172
-0.005127 3.524902 0.022217
-0.055567 0.968601 0.242331
0 0 0 0
0.987061 0.197754
-0.006592 3.523438 0.028076
-0.055567 0.968601 0.242331
0 0 0 0
0.987061 0.201172
-0.01001 3.524902 0.020508
-0.109113 0.969056 0.221417
0 0 0 0
0.983826 0.197754
-0.012695 3.523438 0.025879
-0.109113 0.969056 0.221417
0 0 0 0
0.983826 0.201172
-0.018066 3.523438 0.022461
-0.154869 0.968733 0.193836
0 0 0 0
0.980713 0.201172
-0.014404 3.524902 0.017822
-0.154869 0.968733 0.193836
0 0 0 0
0.980713 0.197754
-0.017822 3.524902 0.014404
-0.194203 0.968918 0.153245
0 0 0 0
0.977539 0.197754
-0.022461 3.523438 0.018066
-0.194203 0.968918 0.153245
0 0 0 0
0.977539 0.201172
-0.020508 3.524902 0.01001
-0.223372 0.968632 0.108892
0 0 0 0
0.974426 0.197754
-0.025879 3.523438 0.012695
-0.223372 0.968632 0.108892
0 0 0 0
0.974426 0.201172
-0.022217 3.524902 0.005127
-0.241937 0.96875 0.054679
0 0 0 0
0.971191 0.197754
-0.028076 3.523438 0.006592
-0.241937 0.96875 0.054679
0 0 0 0
0.971191 0.201172
-0.022949 3.524902 0
-0.247364 0.968923 -0.000419
0 0 0 0
0.967896 0.197754
-0.028809 3.523438 0
-0.247364 0.968923 -0.000419
0 0 0 0
0.967896 0.201172
-0.022217 3.524902 -0.005127
-0.241937 0.96875 -0.054679
0 0 0 0
0.9646 0.197754
-0.028076 3.523438 -0.006592
-0.241937 0.96875 -0.054679
0 0 0 0
0.9646 0.201172
-0.020508 3.524902 -0.01001
-0.223372 0.968632 -0.108892
0 0 0 0
0.961426 0.197754
-0.025879 3.523438 -0.012695
-0.223372 0.968632 -0.108892
0 0 0 0
0.961426 0.201172
-0.022461 3.523438 -0.018066
-0.194203 0.968918 -0.153245
0 0 0 0
0.958252 0.201172
-0.017822 3.524902 -0.014404
-0.194203 0.968918 -0.153245
0 0 0 0
0.958252 0.197754
-0.014404 3.524902 -0.017822
-0.154869 0.968733 -0.193836
0 0 0 0
0.955139 0.197754
-0.018066 3.523438 -0.022461
-0.154869 0.968733 -0.193836
0 0 0 0
0.955139 0.201172
-0.01001 3.524902 -0.020508
-0.109113 0.969056 -0.221417
0 0 0 0
0.951965 0.197754
-0.012695 3.523438 -0.025879
-0.109113 0.969056 -0.221417
0 0 0 0
0.951965 0.201172
-0.005127 3.524902 -0.022217
-0.055567 0.968601 -0.242331
0 0 0 0
0.948792 0.197754
-0.006592 3.523438 -0.028076
-0.055567 0.968601 -0.242331
0 0 0 0
0.948792 0.201172
0 3.523438 -0.028809
0.001092 0.968706 -0.24821
0 0 0 0
0.945496 0.201172
0 3.524902 -0.022949
0.001092 0.968706 -0.24821
0 0 0 0
0.945496 0.197754
0.005127 3.524902 -0.022217
0.055567 0.968601 -0.242331
0 0 0 0
0.942139 0.197754
0.006592 3.523438 -0.028076
0.055567 0.968601 -0.242331
0 0 0 0
0.942139 0.201172
0.01001 3.524902 -0.020508
0.109113 0.969056 -0.221417
0 0 0 0
0.938965 0.197754
0.012695 3.523438 -0.025879
0.109113 0.969056 -0.221417
0 0 0 0
0.938965 0.201172
0.018066 3.523438 -0.022461
0.154869 0.968733 -0.193836
0 0 0 0
0.935791 0.201172
0.014404 3.524902 -0.017822
0.154869 0.968733 -0.193836
0 0 0 0
0.935791 0.197754
0.017822 3.524902 -0.014404
0.194203 0.968918 -0.153245
0 0 0 0
0.932678 0.197754
0.022461 3.523438 -0.018066
0.194203 0.968918 -0.153245
0 0 0 0
0.932678 0.201172
0.020508 3.524902 -0.01001
0.223372 0.968632 -0.108892
0 0 0 0
0.929504 0.197754
0.025879 3.523438 -0.012695
0.223372 0.968632 -0.108892
0 0 0 0
0.929504 0.201172
0.022217 3.524902 -0.005127
0.241937 0.96875 -0.054679
0 0 0 0
0.926331 0.197754
0.028076 3.523438 -0.006592
0.241937 0.96875 -0.054679
0 0 0 0
0.926331 0.201172
0.022949 3.524902 0
0.247364 0.968923 -0.000419
0 0 0 0
0.923035 0.197754
0.028809 3.523438 0
0.247364 0.968923 -0.000419
0 0 0 0
0.923035 0.201172
0.022217 3.524902 0.005127
0.241937 0.96875 0.054679
0 0 0 0
0.919739 0.197754
0.028076 3.523438 0.006592
0.241937 0.96875 0.054679
0 0 0 0
0.919739 0.201172
0.020508 3.524902 0.01001
0.223372 0.968632 0.108892
0 0 0 0
0.916504 0.197754
0.025879 3.523438 0.012695
0.223372 0.968632 0.108892
0 0 0 0
0.916504 0.201172
0.022461 3.523438 0.018066
0.194203 0.968918 0.153245
0 0 0 0
0.913391 0.201172
0.017822 3.524902 0.014404
0.194203 0.968918 0.153245
0 0 0 0
0.913391 0.197754
0.014404 3.524902 0.017822
0.154869 0.968733 0.193836
0 0 0 0
0.910217 0.197754
0.018066 3.523438 0.022461
0.154869 0.968733 0.193836
0 0 0 0
0.910217 0.201172
-0.009277 3.524902 0.021484
-0.377167 0.158167 0.912539
0 0 0 0
0.633118 0.160095
-0.012695 3.53125 0.018555
-0.525978 0.287255 0.80052
0 0 0 0
0.634949 0.167114
-0.013184 3.524902 0.019531
-0.547764 0.14915 0.823231
0 0 0 0
0.637939 0.162781
-0.008789 3.531494 0.020508
-0.362938 0.314725 0.877055
0 0 0 0
0.630981 0.165161
-0.004639 3.524902 0.022949
-0.193329 0.163164 0.967472
0 0 0 0
0.627747 0.158325
-0.004639 3.531738 0.021973
-0.185792 0.332256 0.924709
0 0 0 0
0.626587 0.164001
0 3.524902 0.023438
0.001378 0.166686 0.986009
0 0 0 0
0.621948 0.157715
0 3.531982 0.022217
-0.001362 0.339085 0.940755
0 0 0 0
0.621948 0.163574
0.004639 3.531738 0.021973
0.185792 0.332256 0.924709
0 0 0 0
0.61731 0.16394
0.004639 3.524902 0.022949
0.193329 0.163164 0.967472
0 0 0 0
0.61615 0.158325
0.008789 3.531494 0.020508
0.362938 0.314725 0.877055
0 0 0 0
0.612915 0.165161
0.009277 3.524902 0.021484
0.377167 0.158167 0.912539
0 0 0 0
0.610779 0.160095
0.012695 3.53125 0.018555
0.525978 0.287255 0.80052
0 0 0 0
0.608887 0.167114
0.013184 3.524902 0.019531
0.547764 0.14915 0.823231
0 0 0 0
0.605957 0.162781
0.015869 3.531006 0.015869
0.680606 0.269961 0.6811
0 0 0 0
0.605469 0.1698
0.016602 3.524902 0.016602
0.699584 0.146543 0.699362
0 0 0 0
0.601868 0.166199
0.019531 3.524902 0.013184
0.823268 0.149575 0.547592
0 0 0 0
0.59845 0.170288
0.018555 3.53125 0.012695
0.800679 0.286215 0.526303
0 0 0 0
0.602783 0.173218
0.021484 3.524902 0.009277
0.912301 0.157214 0.37814
0 0 0 0
0.595764 0.175049
0.020508 3.531494 0.008789
0.877497 0.313799 0.362668
0 0 0 0
0.60083 0.177246
0.022949 3.524902 0.004639
0.967808 0.163258 0.191558
0 0 0 0
0.593994 0.180481
0.021973 3.531738 0.004639
0.925093 0.331075 0.185993
0 0 0 0
0.59967 0.181641
0.023438 3.524902 0
0.986262 0.165191 0.000108
0 0 0 0
0.593384 0.186279
0.022217 3.531982 0
0.94141 0.337265 -0.000129
0 0 0 0
0.599243 0.186279
0.021973 3.531738 -0.004639
0.925093 0.331075 -0.185993
0 0 0 0
0.59967 0.190918
0.022949 3.524902 -0.004639
0.967808 0.163258 -0.191558
0 0 0 0
0.593994 0.192017
0.020508 3.531494 -0.008789
0.877497 0.313799 -0.362668
0 0 0 0
0.60083 0.195312
0.021484 3.524902 -0.009277
0.912301 0.157214 -0.37814
0 0 0 0
0.595764 0.197449
0.018555 3.53125 -0.012695
0.800679 0.286215 -0.526303
0 0 0 0
0.602783 0.19928
0.019531 3.524902 -0.013184
0.823268 0.149575 -0.547592
0 0 0 0
0.59845 0.202271
0.015869 3.531006 -0.015869
0.680606 0.269961 -0.6811
0 0 0 0
0.605469 0.202698
0.016602 3.524902 -0.016602
0.699584 0.146543 -0.699362
0 0 0 0
0.601868 0.20636
0.013184 3.524902 -0.019531
0.547764 0.14915 -0.823231
0 0 0 0
0.605957 0.209778
0.012695 3.53125 -0.018555
0.525978 0.287255 -0.80052
0 0 0 0
0.608887 0.205383
0.009277 3.524902 -0.021484
0.377167 0.158167 -0.912539
0 0 0 0
0.610718 0.212463
0.008789 3.531494 -0.020508
0.362938 0.314725 -0.877055
0 0 0 0
0.612915 0.207397
0.004639 3.524902 -0.022949
0.193329 0.163164 -0.967472
0 0 0 0
0.61615 0.214233
0.004639 3.531738 -0.021973
0.185792 0.332256 -0.924709
0 0 0 0
0.61731 0.208557
0 3.524902 -0.023438
0.001378 0.166686 -0.986009
0 0 0 0
0.621948 0.214844
0 3.531982 -0.022217
0.001362 0.339085 -0.940755
0 0 0 0
0.621948 0.208984
-0.004639 3.531738 -0.021973
-0.185792 0.332256 -0.924709
0 0 0 0
0.626587 0.208557
-0.004639 3.524902 -0.022949
-0.193329 0.163164 -0.967472
0 0 0 0
0.627747 0.214233
-0.008789 3.531494 -0.020508
-0.362938 0.314725 -0.877055
0 0 0 0
0.630981 0.207397
-0.009277 3.524902 -0.021484
-0.377167 0.158167 -0.912539
0 0 0 0
0.633118 0.212463
-0.012695 3.53125 -0.018555
-0.525978 0.287255 -0.80052
0 0 0 0
0.634949 0.205383
-0.013184 3.524902 -0.019531
-0.547764 0.14915 -0.823231
0 0 0 0
0.637939 0.209778
-0.015869 3.531006 -0.015869
-0.680605 0.269961 -0.6811
0 0 0 0
0.638367 0.202698
-0.016602 3.524902 -0.016602
-0.699584 0.146543 -0.699362
0 0 0 0
0.642029 0.20636
-0.019531 3.524902 -0.013184
-0.823268 0.149575 -0.547592
0 0 0 0
0.645447 0.202271
-0.018555 3.53125 -0.012695
-0.800679 0.286215 -0.526303
0 0 0 0
0.641052 0.19928
-0.021484 3.524902 -0.009277
-0.912301 0.157214 -0.378141
0 0 0 0
0.648132 0.197449
-0.020508 3.531494 -0.008789
-0.877497 0.313799 -0.362668
0 0 0 0
0.643066 0.195312
-0.022949 3.524902 -0.004639
-0.967808 0.163258 -0.191558
0 0 0 0
0.649902 0.192078
-0.021973 3.531738 -0.004639
-0.925093 0.331075 -0.185993
0 0 0 0
0.644226 0.190918
-0.023438 3.524902 0
-0.986262 0.165191 0.000108
0 0 0 0
0.650513 0.186279
-0.022217 3.531982 0
-0.94141 0.337265 0.000129
0 0 0 0
0.644653 0.186279
-0.021973 3.531738 0.004639
-0.925093 0.331075 0.185993
0 0 0 0
0.644226 0.181641
-0.022949 3.524902 0.004639
-0.967808 0.163258 0.191558
0 0 0 0
0.649902 0.180481
-0.020508 3.531494 0.008789
-0.877497 0.313799 0.362668
0 0 0 0
0.643066 0.177246
-0.021484 3.524902 0.009277
-0.912301 0.157214 0.378141
0 0 0 0
0.648132 0.17511
-0.018555 3.53125 0.012695
-0.800679 0.286215 0.526303
0 0 0 0
0.641052 0.173218
-0.019531 3.524902 0.013184
-0.823268 0.149575 0.547592
0 0 0 0
0.645447 0.170288
-0.015869 3.531006 0.015869
-0.680605 0.269961 0.6811
0 0 0 0
0.638367 0.1698
-0.016602 3.524902 0.016602
-0.699584 0.146543 0.699362
0 0 0 0
0.642029 0.166199
-0.01416 3.537354 0.01416
-0.624444 0.467399 0.625786
0 0 0 0
0.634338 0.173889
-0.015625 3.538086 0.011475
-0.710811 0.510784 0.483579
0 0 0 0
0.635559 0.17627
-0.016846 3.538818 0.008057
-0.762701 0.552535 0.336143
0 0 0 0
0.636536 0.179321
-0.017822 3.539551 0.00415
-0.797671 0.577332 0.174381
0 0 0 0
0.637085 0.182739
-0.018066 3.539795 0
-0.808947 0.58788 0.001337
0 0 0 0
0.637329 0.186279
-0.013184 3.544434 0
-0.603593 0.797291 -0.001543
0 0 0 0
0.632141 0.186279
-0.012939 3.543945 0.00415
-0.592757 0.785748 0.176743
0 0 0 0
0.632019 0.182983
-0.012451 3.542969 0.008301
-0.566402 0.75181 0.337595
0 0 0 0
0.631714 0.17981
-0.011719 3.541504 0.011719
-0.510385 0.692923 0.509279
0 0 0 0
0.631409 0.176819
-0.011475 3.538086 0.015625
-0.484336 0.51245 0.709094
0 0 0 0
0.631958 0.172607
-0.008057 3.538818 0.016846
-0.336193 0.551667 0.763307
0 0 0 0
0.628906 0.171692
-0.00415 3.539551 0.017822
-0.174294 0.577921 0.797263
0 0 0 0
0.625488 0.171082
0 3.539795 0.018066
-0.001315 0.587706 0.809074
0 0 0 0
0.621948 0.170898
0.00415 3.539551 0.017822
0.174294 0.577921 0.797263
0 0 0 0
0.618408 0.171082
0.008057 3.538818 0.016846
0.336193 0.551667 0.763307
0 0 0 0
0.61499 0.171692
0.011475 3.538086 0.015625
0.484336 0.51245 0.709094
0 0 0 0
0.611938 0.172607
0.01416 3.537354 0.01416
0.624444 0.467399 0.625786
0 0 0 0
0.609558 0.173889
0.015625 3.538086 0.011475
0.710811 0.510784 0.483579
0 0 0 0
0.608276 0.17627
0.016846 3.538818 0.008057
0.762701 0.552535 0.336143
0 0 0 0
0.607361 0.179321
0.017822 3.539551 0.00415
0.797671 0.577332 0.174381
0 0 0 0
0.60675 0.182739
0.018066 3.539795 0
0.808947 0.58788 -0.001337
0 0 0 0
0.606567 0.186279
0.017822 3.539551 -0.00415
0.797671 0.577332 -0.174381
0 0 0 0
0.60675 0.189819
0.016846 3.538818 -0.008057
0.762701 0.552535 -0.336143
0 0 0 0
0.607361 0.193237
0.015625 3.538086 -0.011475
0.710811 0.510784 -0.483579
0 0 0 0
0.608276 0.196289
0.01416 3.537354 -0.01416
0.624444 0.467399 -0.625786
0 0 0 0
0.609558 0.198669
0.011475 3.538086 -0.015625
0.484336 0.51245 -0.709094
0 0 0 0
0.611938 0.19989
0.008057 3.538818 -0.016846
0.336193 0.551667 -0.763307
0 0 0 0
0.61499 0.200867
0.00415 3.539551 -0.017822
0.174294 0.577921 -0.797263
0 0 0 0
0.618408 0.201416
0 3.539795 -0.018066
0.001315 0.587706 -0.809074
0 0 0 0
0.621948 0.20166
-0.00415 3.539551 -0.017822
-0.174294 0.577921 -0.797263
0 0 0 0
0.625488 0.201416
-0.008057 3.538818 -0.016846
-0.336193 0.551667 -0.763307
0 0 0 0
0.628906 0.200867
-0.011475 3.538086 -0.015625
-0.484336 0.51245 -0.709094
0 0 0 0
0.631958 0.19989
-0.01416 3.537354 -0.01416
-0.624444 0.467399 -0.625786
0 0 0 0
0.634338 0.198669
0.073242 1.022461 -0.061523
0.765633 0.001253 -0.643276
0 0 0 0
0.369263 0.796936
0.073242 0.356201 -0.061523
0.765633 0.001253 -0.643276
0 0 0 0
0.000366 0.796936
0.082764 1.022461 -0.047852
0.86573 0.001197 -0.500511
0 0 0 0
0.369263 0.787659
0.082764 0.356201 -0.047852
0.86573 0.001197 -0.500511
0 0 0 0
0.000366 0.787659
0.089844 1.022461 -0.032715
0.93922 0.001133 -0.343313
0 0 0 0
0.369263 0.778442
0.089844 0.356201 -0.032715
0.93922 0.001133 -0.343313
0 0 0 0
0.000366 0.778442
0.093994 1.022461 -0.016602
0.984509 0.00106 -0.175329
0 0 0 0
0.369263 0.769226
0.093994 0.356201 -0.016602
0.984509 0.00106 -0.175329
0 0 0 0
0.000366 0.769226
0.095459 1.022461 0
1 0.000978 -0.000001
0 0 0 0
0.369263 0.76001
0.095459 0.356201 0
1 0.000978 -0.000001
0 0 0 0
0.000366 0.76001
0.093994 1.022461 0.016602
0.984509 0.00106 0.175329
0 0 0 0
0.369263 0.750732
0.093994 0.356201 0.016602
0.984509 0.00106 0.175329
0 0 0 0
0.000366 0.750732
0.089844 1.022461 0.032715
0.93922 0.001133 0.343313
0 0 0 0
0.369263 0.741516
0.089844 0.356201 0.032715
0.93922 0.001133 0.343313
0 0 0 0
0.000366 0.741516
0.082764 1.022461 0.047852
0.86573 0.001197 0.500511
0 0 0 0
0.369263 0.7323
0.082764 0.356201 0.047852
0.86573 0.001197 0.500511
0 0 0 0
0.000366 0.7323
0.073242 1.022461 0.061523
0.765633 0.001253 0.643276
0 0 0 0
0.369263 0.723083
0.073242 0.356201 0.061523
0.765633 0.001253 0.643276
0 0 0 0
0.000366 0.723083
0.061523 1.022461 0.073242
0.642997 0.001299 0.765868
0 0 0 0
0.369263 0.713806
0.061523 0.356201 0.073242
0.642997 0.001299 0.765868
0 0 0 0
0.000366 0.713806
0.047852 1.022461 0.082764
0.500689 0.001335 0.865626
0 0 0 0
0.369263 0.70459
0.047852 0.356201 0.082764
0.500689 0.001335 0.865626
0 0 0 0
0.000366 0.70459
0.032715 1.022461 0.089844
0.341725 0.001361 0.939799
0 0 0 0
0.369263 0.695374
0.032715 0.356201 0.089844
0.341725 0.001361 0.939799
0 0 0 0
0.000366 0.695374
0.016602 1.022461 0.093994
0.174889 0.001377 0.984587
0 0 0 0
0.369263 0.686157
0.016602 0.356201 0.093994
0.174889 0.001377 0.984587
0 0 0 0
0.000366 0.686157
0 1.022461 0.095459
-0.001382 0.001382 0.999998
0 0 0 0
0.369263 0.67688
0 0.356201 0.095459
-0.001382 0.001382 0.999998
0 0 0 0
0.000366 0.67688
-0.016602 1.022461 0.093994
-0.174889 0.001377 0.984587
0 0 0 0
0.369263 0.667664
-0.016602 0.356201 0.093994
-0.174889 0.001377 0.984587
0 0 0 0
0.000366 0.667664
-0.032715 0.356201 0.089844
-0.133904 0.919017 0.370779
0 0 0 0
0.362488 0.503662
-0.020752 0.346436 0.116943
-0.067914 0.91972 0.386656
0 0 0 0
0.372864 0.517761
-0.016602 0.356201 0.093994
-0.067914 0.91972 0.386656
0 0 0 0
0.372864 0.503662
-0.040527 0.346436 0.111572
-0.133904 0.919017 0.370779
0 0 0 0
0.362488 0.517761
-0.047852 0.356201 0.082764
-0.195973 0.918694 0.342923
0 0 0 0
0.352173 0.503662
-0.059326 0.346436 0.103027
-0.195973 0.918694 0.342923
0 0 0 0
0.352173 0.517761
-0.061523 0.356201 0.073242
-0.253039 0.919637 0.300398
0 0 0 0
0.341797 0.503662
-0.076416 0.346436 0.091064
-0.253039 0.919637 0.300398
0 0 0 0
0.341797 0.517761
-0.073242 0.356201 0.061523
-0.301161 0.918814 0.255113
0 0 0 0
0.331421 0.503662
-0.091064 0.346436 0.076416
-0.301161 0.918814 0.255113
0 0 0 0
0.331421 0.517761
-0.082764 0.356201 0.047852
-0.341261 0.918945 0.197689
0 0 0 0
0.321106 0.503662
-0.103027 0.346436 0.059326
-0.341261 0.918945 0.197689
0 0 0 0
0.321106 0.517761
-0.089844 0.356201 0.032715
-0.369628 0.919386 0.134554
0 0 0 0
0.31073 0.503662
-0.111572 0.346436 0.040527
-0.369628 0.919386 0.134554
0 0 0 0
0.31073 0.517761
-0.093994 0.356201 0.016602
-0.387323 0.919261 0.070288
0 0 0 0
0.300354 0.503662
-0.116943 0.346436 0.020752
-0.387323 0.919261 0.070288
0 0 0 0
0.300354 0.517761
-0.095459 0.356201 0
-0.394391 0.91894 0.002292
0 0 0 0
0.290039 0.503662
-0.118896 0.346436 0
-0.394391 0.91894 0.002292
0 0 0 0
0.290039 0.517761
-0.093994 0.356201 -0.016602
-0.387323 0.919261 -0.070288
0 0 0 0
0.279663 0.503662
-0.116943 0.346436 -0.020752
-0.387323 0.919261 -0.070288
0 0 0 0
0.279663 0.517761
-0.089844 0.356201 -0.032715
-0.369628 0.919386 -0.134554
0 0 0 0
0.269287 0.503662
-0.111572 0.346436 -0.040527
-0.369628 0.919386 -0.134554
0 0 0 0
0.269287 0.517761
-0.082764 0.356201 -0.047852
-0.341261 0.918945 -0.197689
0 0 0 0
0.258911 0.503662
-0.103027 0.346436 -0.059326
-0.341261 0.918945 -0.197689
0 0 0 0
0.258911 0.517761
-0.073242 0.356201 -0.061523
-0.301161 0.918814 -0.255113
0 0 0 0
0.248596 0.503662
-0.091064 0.346436 -0.076416
-0.301161 0.918814 -0.255113
0 0 0 0
0.248596 0.517761
-0.061523 0.356201 -0.073242
-0.253039 0.919637 -0.300398
0 0 0 0
0.23822 0.503662
-0.076416 0.346436 -0.091064
-0.253039 0.919637 -0.300398
0 0 0 0
0.23822 0.517761
-0.047852 0.356201 -0.082764
-0.195973 0.918694 -0.342923
0 0 0 0
0.227844 0.503662
-0.059326 0.346436 -0.103027
-0.195973 0.918694 -0.342923
0 0 0 0
0.227844 0.517761
-0.032715 0.356201 -0.089844
-0.133904 0.919017 -0.370779
0 0 0 0
0.217529 0.503662
-0.040527 0.346436 -0.111572
-0.133904 0.919017 -0.370779
0 0 0 0
0.217529 0.517761
-0.016602 0.356201 -0.093994
-0.067914 0.91972 -0.386656
0 0 0 0
0.207153 0.503662
-0.020752 0.346436 -0.116943
-0.067914 0.91972 -0.386656
0 0 0 0
0.207153 0.517761
0 0.356201 -0.095459
-0.001154 0.919524 -0.393032
0 0 0 0
0.196777 0.503662
0 0.346436 -0.118896
-0.001154 0.919524 -0.393032
0 0 0 0
0.196777 0.517761
0.016602 0.356201 -0.093994
0.067914 0.91972 -0.386656
0 0 0 0
0.186462 0.503662
0.020752 0.346436 -0.116943
0.067914 0.91972 -0.386656
0 0 0 0
0.186462 0.517761
0.032715 0.356201 -0.089844
0.133904 0.919017 -0.370779
0 0 0 0
0.176086 0.503662
0.040527 0.346436 -0.111572
0.133904 0.919017 -0.370779
0 0 0 0
0.176086 0.517761
0.047852 0.356201 -0.082764
0.195973 0.918694 -0.342923
0 0 0 0
0.16571 0.503662
0.059326 0.346436 -0.103027
0.195973 0.918694 -0.342923
0 0 0 0
0.16571 0.517761
0.061523 0.356201 -0.073242
0.25304 0.919637 -0.300398
0 0 0 0
0.155334 0.503662
0.076416 0.346436 -0.091064
0.25304 0.919637 -0.300398
0 0 0 0
0.155334 0.517761
0.073242 0.356201 -0.061523
0.301161 0.918814 -0.255113
0 0 0 0
0.14502 0.503662
0.091064 0.346436 -0.076416
0.301161 0.918814 -0.255113
0 0 0 0
0.14502 0.517761
0.082764 0.356201 -0.047852
0.341261 0.918945 -0.197689
0 0 0 0
0.134644 0.503662
0.103027 0.346436 -0.059326
0.341261 0.918945 -0.197689
0 0 0 0
0.134644 0.517761
0.089844 0.356201 -0.032715
0.369628 0.919386 -0.134554
0 0 0 0
0.124268 0.503662
0.111572 0.346436 -0.040527
0.369628 0.919386 -0.134554
0 0 0 0
0.124268 0.517761
0.093994 0.356201 -0.016602
0.387323 0.919261 -0.070288
0 0 0 0
0.113953 0.503662
0.116943 0.346436 -0.020752
0.387323 0.919261 -0.070288
0 0 0 0
0.113953 0.517761
0.095459 0.356201 0
0.394391 0.91894 -0.002292
0 0 0 0
0.103577 0.503662
0.118896 0.346436 0
0.394391 0.91894 -0.002292
0 0 0 0
0.103577 0.517761
0.093994 0.356201 0.016602
0.387323 0.919261 0.070288
0 0 0 0
0.093201 0.503662
0.116943 0.346436 0.020752
0.387323 0.919261 0.070288
0 0 0 0
0.093201 0.517761
0.089844 0.356201 0.032715
0.369628 0.919386 0.134554
0 0 0 0
0.082886 0.503662
0.111572 0.346436 0.040527
0.369628 0.919386 0.134554
0 0 0 0
0.082886 0.517761
0.082764 0.356201 0.047852
0.341261 0.918945 0.197689
0 0 0 0
0.07251 0.503662
0.103027 0.346436 0.059326
0.341261 0.918945 0.197689
0 0 0 0
0.07251 0.517761
0.073242 0.356201 0.061523
0.301161 0.918814 0.255113
0 0 0 0
0.062134 0.503662
0.091064 0.346436 0.076416
0.301161 0.918814 0.255113
0 0 0 0
0.062134 0.517761
0.061523 0.356201 0.073242
0.25304 0.919637 0.300398
0 0 0 0
0.051758 0.503662
0.076416 0.346436 0.091064
0.25304 0.919637 0.300398
0 0 0 0
0.051758 0.517761
0.047852 0.356201 0.082764
0.195973 0.918694 0.342923
0 0 0 0
0.041443 0.503662
0.059326 0.346436 0.103027
0.195973 0.918694 0.342923
0 0 0 0
0.041443 0.517761
0.032715 0.356201 0.089844
0.133904 0.919017 0.370779
0 0 0 0
0.031067 0.503662
0.040527 0.346436 0.111572
0.133904 0.919017 0.370779
0 0 0 0
0.031067 0.517761
0.016602 0.356201 0.093994
0.067914 0.91972 0.386656
0 0 0 0
0.020691 0.503662
0.020752 0.346436 0.116943
0.067914 0.91972 0.386656
0 0 0 0
0.020691 0.517761
0 0.356201 0.095459
0.001154 0.919524 0.393032
0 0 0 0
0.010376 0.503662
0 0.346436 0.118896
0.001154 0.919524 0.393032
0 0 0 0
0.010376 0.517761
-0.016602 0.356201 0.093994
-0.067914 0.91972 0.386656
0 0 0 0
0.000366 0.503662
-0.020752 0.346436 0.116943
-0.067914 0.91972 0.386656
0 0 0 0
0.000366 0.517761
-0.040527 0.346436 0.111572
-0.341725 0.001361 0.939799
0 0 0 0
0.401917 0.540894
-0.020752 0.331299 0.116943
-0.174889 0.001377 0.984587
0 0 0 0
0.413452 0.549194
-0.020752 0.346436 0.116943
-0.174889 0.001377 0.984587
0 0 0 0
0.413452 0.540894
-0.040527 0.331299 0.111572
-0.341725 0.001361 0.939799
0 0 0 0
0.401917 0.549194
-0.059326 0.346436 0.103027
-0.500689 0.001335 0.865626
0 0 0 0
0.390442 0.540894
-0.059326 0.331299 0.103027
-0.500689 0.001335 0.865626
0 0 0 0
0.390442 0.549194
-0.076416 0.346436 0.091064
-0.642997 0.001299 0.765868
0 0 0 0
0.378967 0.540894
-0.076416 0.331299 0.091064
-0.642997 0.001299 0.765868
0 0 0 0
0.378967 0.549194
-0.091064 0.346436 0.076416
-0.765633 0.001253 0.643276
0 0 0 0
0.367493 0.540894
-0.091064 0.331299 0.076416
-0.765633 0.001253 0.643276
0 0 0 0
0.367493 0.549194
-0.103027 0.346436 0.059326
-0.865729 -0.001197 0.500511
0 0 0 0
0.356018 0.540894
-0.103027 0.331299 0.059326
-0.865729 -0.001197 0.500511
0 0 0 0
0.356018 0.549194
-0.111572 0.346436 0.040527
-0.93922 -0.001133 0.343313
0 0 0 0
0.344543 0.540894
-0.111572 0.331299 0.040527
-0.93922 -0.001133 0.343313
0 0 0 0
0.344543 0.549194
-0.116943 0.346436 0.020752
-0.984509 0.00106 0.175329
0 0 0 0
0.333069 0.540894
-0.116943 0.331299 0.020752
-0.984509 0.00106 0.175329
0 0 0 0
0.333069 0.549194
-0.118896 0.346436 0
-1 0.000978 -0.000001
0 0 0 0
0.321533 0.540894
-0.118896 0.331299 0
-1 0.000978 -0.000001
0 0 0 0
0.321533 0.549194
-0.116943 0.346436 -0.020752
-0.984509 0.00106 -0.175329
0 0 0 0
0.310059 0.540894
-0.116943 0.331299 -0.020752
-0.984509 0.00106 -0.175329
0 0 0 0
0.310059 0.549194
-0.111572 0.346436 -0.040527
-0.93922 0.001133 -0.343313
0 0 0 0
0.298584 0.540894
-0.111572 0.331299 -0.040527
-0.93922 0.001133 -0.343313
0 0 0 0
0.298584 0.549194
-0.103027 0.346436 -0.059326
-0.865729 0.001197 -0.500511
0 0 0 0
0.287109 0.540894
-0.103027 0.331299 -0.059326
-0.865729 0.001197 -0.500511
0 0 0 0
0.287109 0.549194
-0.091064 0.346436 -0.076416
-0.765633 0.001253 -0.643276
0 0 0 0
0.275635 0.540894
-0.091064 0.331299 -0.076416
-0.765633 0.001253 -0.643276
0 0 0 0
0.275635 0.549194
-0.076416 0.346436 -0.091064
-0.642997 0.001299 -0.765868
0 0 0 0
0.26416 0.540894
-0.076416 0.331299 -0.091064
-0.642997 0.001299 -0.765868
0 0 0 0
0.26416 0.549194
-0.059326 0.346436 -0.103027
-0.500689 0.001335 -0.865626
0 0 0 0
0.252625 0.540894
-0.059326 0.331299 -0.103027
-0.500689 0.001335 -0.865626
0 0 0 0
0.252625 0.549194
-0.040527 0.346436 -0.111572
-0.341725 0.001361 -0.939799
0 0 0 0
0.24115 0.540894
-0.040527 0.331299 -0.111572
-0.341725 0.001361 -0.939799
0 0 0 0
0.24115 0.549194
-0.020752 0.346436 -0.116943
-0.174889 0.001377 -0.984587
0 0 0 0
0.229675 0.540894
-0.020752 0.331299 -0.116943
-0.174889 0.001377 -0.984587
0 0 0 0
0.229675 0.549194
0 0.346436 -0.118896
-0.001382 0.001382 -0.999998
0 0 0 0
0.218201 0.540894
0 0.331299 -0.118896
-0.001382 0.001382 -0.999998
0 0 0 0
0.218201 0.549194
0.020752 0.346436 -0.116943
0.174889 0.001377 -0.984587
0 0 0 0
0.206726 0.540894
0.020752 0.331299 -0.116943
0.174889 0.001377 -0.984587
0 0 0 0
0.206726 0.549194
0.040527 0.346436 -0.111572
0.341725 0.001361 -0.939799
0 0 0 0
0.195251 0.540894
0.040527 0.331299 -0.111572
0.341725 0.001361 -0.939799
0 0 0 0
0.195251 0.549194
0.059326 0.346436 -0.103027
0.500689 0.001335 -0.865626
0 0 0 0
0.183777 0.540894
0.059326 0.331299 -0.103027
0.500689 0.001335 -0.865626
0 0 0 0
0.183777 0.549194
0.076416 0.346436 -0.091064
0.642997 0.001299 -0.765868
0 0 0 0
0.172241 0.540894
0.076416 0.331299 -0.091064
0.642997 0.001299 -0.765868
0 0 0 0
0.172241 0.549194
0.091064 0.346436 -0.076416
0.765633 0.001253 -0.643276
0 0 0 0
0.160767 0.540894
0.091064 0.331299 -0.076416
0.765633 0.001253 -0.643276
0 0 0 0
0.160767 0.549194
0.103027 0.346436 -0.059326
0.86573 0.001197 -0.500511
0 0 0 0
0.149292 0.540894
0.103027 0.331299 -0.059326
0.86573 0.001197 -0.500511
0 0 0 0
0.149292 0.549194
0.111572 0.346436 -0.040527
0.93922 0.001133 -0.343313
0 0 0 0
0.137817 0.540894
0.111572 0.331299 -0.040527
0.93922 0.001133 -0.343313
0 0 0 0
0.137817 0.549194
0.116943 0.346436 -0.020752
0.984509 0.00106 -0.175329
0 0 0 0
0.126343 0.540894
0.116943 0.331299 -0.020752
0.984509 0.00106 -0.175329
0 0 0 0
0.126343 0.549194
0.118896 0.346436 0
1 0.000978 0.000001
0 0 0 0
0.114868 0.540894
0.118896 0.331299 0
1 0.000978 0.000001
0 0 0 0
0.114868 0.549194
0.116943 0.346436 0.020752
0.984509 0.00106 0.175329
0 0 0 0
0.103333 0.540894
0.116943 0.331299 0.020752
0.984509 0.00106 0.175329
0 0 0 0
0.103333 0.549194
0.111572 0.346436 0.040527
0.93922 0.001133 0.343313
0 0 0 0
0.091858 0.540894
0.111572 0.331299 0.040527
0.93922 0.001133 0.343313
0 0 0 0
0.091858 0.549194
0.103027 0.346436 0.059326
0.86573 0.001197 0.500511
0 0 0 0
0.080383 0.540894
0.103027 0.331299 0.059326
0.86573 0.001197 0.500511
0 0 0 0
0.080383 0.549194
0.091064 0.346436 0.076416
0.765633 0.001253 0.643276
0 0 0 0
0.068909 0.540894
0.091064 0.331299 0.076416
0.765633 0.001253 0.643276
0 0 0 0
0.068909 0.549194
0.076416 0.346436 0.091064
0.642997 0.001299 0.765868
0 0 0 0
0.057434 0.540894
0.076416 0.331299 0.091064
0.642997 0.001299 0.765868
0 0 0 0
0.057434 0.549194
0.059326 0.346436 0.103027
0.500689 0.001335 0.865626
0 0 0 0
0.045959 0.540894
0.059326 0.331299 0.103027
0.500689 0.001335 0.865626
0 0 0 0
0.045959 0.549194
0.040527 0.346436 0.111572
0.341725 0.001361 0.939799
0 0 0 0
0.034424 0.540894
0.040527 0.331299 0.111572
0.341725 0.001361 0.939799
0 0 0 0
0.034424 0.549194
0.020752 0.346436 0.116943
0.174889 0.001377 0.984587
0 0 0 0
0.022949 0.540894
0.020752 0.331299 0.116943
0.174889 0.001377 0.984587
0 0 0 0
0.022949 0.549194
0 0.346436 0.118896
-0.001382 0.001382 0.999998
0 0 0 0
0.011475 0.540894
0 0.331299 0.118896
-0.001382 0.001382 0.999998
0 0 0 0
0.011475 0.549194
-0.020752 0.346436 0.116943
-0.174889 0.001377 0.984587
0 0 0 0
0.000366 0.540894
-0.020752 0.331299 0.116943
-0.174889 0.001377 0.984587
0 0 0 0
0.000366 0.549194
-0.040527 0.331299 0.111572
-0.189223 0.832822 0.520195
0 0 0 0
0.012451 0.469727
-0.02417 0.318115 0.136719
-0.096009 0.83248 0.545673
0 0 0 0
0.000366 0.456421
-0.020752 0.331299 0.116943
-0.096009 0.83248 0.545673
0 0 0 0
0.000366 0.469727
-0.047363 0.318115 0.130371
-0.189223 0.832822 0.520195
0 0 0 0
0.012451 0.456421
-0.059326 0.331299 0.103027
-0.2772 0.831602 0.481247
0 0 0 0
0.024902 0.469727
-0.069336 0.318115 0.120117
-0.2772 0.831602 0.481247
0 0 0 0
0.024902 0.456421
-0.076416 0.331299 0.091064
-0.355946 0.832097 0.425344
0 0 0 0
0.037354 0.469727
-0.089355 0.318115 0.106445
-0.355946 0.832097 0.425344
0 0 0 0
0.037354 0.456421
-0.091064 0.331299 0.076416
-0.424654 0.832232 0.356454
0 0 0 0
0.049805 0.469727
-0.106445 0.318115 0.089355
-0.424654 0.832232 0.356454
0 0 0 0
0.049805 0.456421
-0.103027 0.331299 0.059326
-0.48059 0.831919 0.277388
0 0 0 0
0.062256 0.469727
-0.120117 0.318115 0.069336
-0.48059 0.831919 0.277388
0 0 0 0
0.062256 0.456421
-0.111572 0.331299 0.040527
-0.521151 0.83235 0.188668
0 0 0 0
0.074707 0.469727
-0.130371 0.318115 0.047363
-0.521151 0.83235 0.188668
0 0 0 0
0.074707 0.456421
-0.116943 0.331299 0.020752
-0.545691 0.832358 0.09696
0 0 0 0
0.087158 0.469727
-0.136719 0.318115 0.02417
-0.545691 0.832358 0.09696
0 0 0 0
0.087158 0.456421
-0.118896 0.331299 0
-0.554474 0.8322 0.000802
0 0 0 0
0.099609 0.469727
-0.138916 0.318115 0
-0.554474 0.8322 0.000802
0 0 0 0
0.099609 0.456421
-0.116943 0.331299 -0.020752
-0.545691 0.832358 -0.09696
0 0 0 0
0.112061 0.469727
-0.136719 0.318115 -0.02417
-0.545691 0.832358 -0.09696
0 0 0 0
0.112061 0.456421
-0.111572 0.331299 -0.040527
-0.521151 0.83235 -0.188668
0 0 0 0
0.124512 0.469727
-0.130371 0.318115 -0.047363
-0.521151 0.83235 -0.188668
0 0 0 0
0.124512 0.456421
-0.103027 0.331299 -0.059326
-0.48059 0.831919 -0.277388
0 0 0 0
0.136963 0.469727
-0.120117 0.318115 -0.069336
-0.48059 0.831919 -0.277388
0 0 0 0
0.136963 0.456421
-0.091064 0.331299 -0.076416
-0.424654 0.832232 -0.356454
0 0 0 0
0.149414 0.469727
-0.106445 0.318115 -0.089355
-0.424654 0.832232 -0.356454
0 0 0 0
0.149414 0.456421
-0.076416 0.331299 -0.091064
-0.355946 0.832097 -0.425344
0 0 0 0
0.161865 0.469727
-0.089355 0.318115 -0.106445
-0.355946 0.832097 -0.425344
0 0 0 0
0.161865 0.456421
-0.059326 0.331299 -0.103027
-0.2772 0.831602 -0.481247
0 0 0 0
0.174316 0.469727
-0.069336 0.318115 -0.120117
-0.2772 0.831602 -0.481247
0 0 0 0
0.174316 0.456421
-0.040527 0.331299 -0.111572
-0.189223 0.832822 -0.520195
0 0 0 0
0.186768 0.469727
-0.047363 0.318115 -0.130371
-0.189223 0.832822 -0.520195
0 0 0 0
0.186768 0.456421
-0.020752 0.331299 -0.116943
-0.096009 0.83248 -0.545673
0 0 0 0
0.199219 0.469727
-0.02417 0.318115 -0.136719
-0.096009 0.83248 -0.545673
0 0 0 0
0.199219 0.456421
0 0.331299 -0.118896
-0.001219 0.832349 -0.55425
0 0 0 0
0.21167 0.469727
0 0.318115 -0.138916
-0.001219 0.832349 -0.55425
0 0 0 0
0.21167 0.456421
0.020752 0.331299 -0.116943
0.096009 0.83248 -0.545673
0 0 0 0
0.224121 0.469727
0.02417 0.318115 -0.136719
0.096009 0.83248 -0.545673
0 0 0 0
0.224121 0.456421
0.040527 0.331299 -0.111572
0.189223 0.832822 -0.520195
0 0 0 0
0.236572 0.469727
0.047363 0.318115 -0.130371
0.189223 0.832822 -0.520195
0 0 0 0
0.236572 0.456421
0.059326 0.331299 -0.103027
0.277201 0.831602 -0.481247
0 0 0 0
0.249023 0.469727
0.069336 0.318115 -0.120117
0.277201 0.831602 -0.481247
0 0 0 0
0.249023 0.456421
0.076416 0.331299 -0.091064
0.355946 0.832097 -0.425344
0 0 0 0
0.261414 0.469727
0.089355 0.318115 -0.106445
0.355946 0.832097 -0.425344
0 0 0 0
0.261414 0.456421
0.091064 0.331299 -0.076416
0.424654 0.832232 -0.356454
0 0 0 0
0.273865 0.469727
0.106445 0.318115 -0.089355
0.424654 0.832232 -0.356454
0 0 0 0
0.273865 0.456421
0.103027 0.331299 -0.059326
0.48059 0.831919 -0.277388
0 0 0 0
0.286316 0.469727
0.120117 0.318115 -0.069336
0.48059 0.831919 -0.277388
0 0 0 0
0.286316 0.456421
0.111572 0.331299 -0.040527
0.521151 0.83235 -0.188668
0 0 0 0
0.298767 0.469727
0.130371 0.318115 -0.047363
0.521151 0.83235 -0.188668
0 0 0 0
0.298767 0.456421
0.116943 0.331299 -0.020752
0.545691 0.832358 -0.096959
0 0 0 0
0.311218 0.469727
0.136719 0.318115 -0.02417
0.545691 0.832358 -0.096959
0 0 0 0
0.311218 0.456421
0.118896 0.331299 0
0.554474 0.8322 -0.000802
0 0 0 0
0.323669 0.469727
0.138916 0.318115 0
0.554474 0.8322 -0.000802
0 0 0 0
0.323669 0.456421
0.116943 0.331299 0.020752
0.545691 0.832358 0.096959
0 0 0 0
0.336121 0.469727
0.136719 0.318115 0.02417
0.545691 0.832358 0.096959
0 0 0 0
0.336121 0.456421
0.111572 0.331299 0.040527
0.521151 0.83235 0.188668
0 0 0 0
0.348572 0.469727
0.130371 0.318115 0.047363
0.521151 0.83235 0.188668
0 0 0 0
0.348572 0.456421
0.103027 0.331299 0.059326
0.48059 0.831919 0.277388
0 0 0 0
0.361023 0.469727
0.120117 0.318115 0.069336
0.48059 0.831919 0.277388
0 0 0 0
0.361023 0.456421
0.091064 0.331299 0.076416
0.424654 0.832232 0.356454
0 0 0 0
0.373474 0.469727
0.106445 0.318115 0.089355
0.424654 0.832232 0.356454
0 0 0 0
0.373474 0.456421
0.076416 0.331299 0.091064
0.355946 0.832097 0.425344
0 0 0 0
0.385925 0.469727
0.089355 0.318115 0.106445
0.355946 0.832097 0.425344
0 0 0 0
0.385925 0.456421
0.059326 0.331299 0.103027
0.277201 0.831602 0.481247
0 0 0 0
0.398376 0.469727
0.069336 0.318115 0.120117
0.277201 0.831602 0.481247
0 0 0 0
0.398376 0.456421
0.040527 0.331299 0.111572
0.189223 0.832822 0.520195
0 0 0 0
0.410828 0.469727
0.047363 0.318115 0.130371
0.189223 0.832822 0.520195
0 0 0 0
0.410828 0.456421
0.020752 0.331299 0.116943
0.096009 0.83248 0.545673
0 0 0 0
0.423279 0.469727
0.02417 0.318115 0.136719
0.096009 0.83248 0.545673
0 0 0 0
0.423279 0.456421
0 0.331299 0.118896
-0.001219 0.832349 0.55425
0 0 0 0
0.43573 0.469727
0 0.318115 0.138916
0.001219 0.832349 0.55425
0 0 0 0
0.43573 0.456421
-0.020752 0.331299 0.116943
-0.096009 0.83248 0.545673
0 0 0 0
0.448181 0.469727
-0.02417 0.318115 0.136719
-0.096009 0.83248 0.545673
0 0 0 0
0.448181 0.456421
-0.047363 0.318115 0.130371
-0.341412 -0.082972 0.936244
0 0 0 0
0.013306 0.444153
-0.023926 0.298096 0.13501
-0.172002 -0.083937 0.981514
0 0 0 0
0.000366 0.432983
-0.02417 0.318115 0.136719
-0.172002 -0.083937 0.981514
0 0 0 0
0.000366 0.444153
-0.046875 0.298096 0.128906
-0.341412 -0.082972 0.936244
0 0 0 0
0.013306 0.432983
-0.069336 0.318115 0.120117
-0.497703 -0.084062 0.863264
0 0 0 0
0.026672 0.444153
-0.068604 0.298096 0.118896
-0.497703 -0.084062 0.863264
0 0 0 0
0.026672 0.432983
-0.089355 0.318115 0.106445
-0.640053 -0.081792 0.763965
0 0 0 0
0.039978 0.444153
-0.088135 0.298096 0.10498
-0.640053 -0.081792 0.763965
0 0 0 0
0.039978 0.432983
-0.106445 0.318115 0.089355
-0.762673 -0.083906 0.641319
0 0 0 0
0.053345 0.444153
-0.10498 0.298096 0.088135
-0.762673 -0.083906 0.641319
0 0 0 0
0.053345 0.432983
-0.120117 0.318115 0.069336
-0.86282 -0.082572 0.498722
0 0 0 0
0.06665 0.444153
-0.118896 0.298096 0.068604
-0.86282 -0.082572 0.498722
0 0 0 0
0.06665 0.432983
-0.015625 3.538086 -0.011475
-0.710811 0.510784 -0.483579
0 0 0 0
0.635559 0.196289
-0.016846 3.538818 -0.008057
-0.762701 0.552535 -0.336143
0 0 0 0
0.636536 0.193237
-0.017822 3.539551 -0.00415
-0.797671 0.577332 -0.174381
0 0 0 0
0.637085 0.189819
-0.012939 3.543945 -0.00415
-0.592757 0.785748 -0.176743
0 0 0 0
0.632019 0.189514
-0.012451 3.542969 -0.008301
-0.566402 0.75181 -0.337595
0 0 0 0
0.631714 0.192749
-0.011719 3.541504 -0.011719
-0.510385 0.692923 -0.509279
0 0 0 0
0.631409 0.195679
-0.008301 3.542969 -0.012451
-0.336433 0.752386 -0.566328
0 0 0 0
0.628418 0.196045
-0.00415 3.543945 -0.012939
-0.173976 0.785976 -0.593274
0 0 0 0
0.625183 0.19635
0 3.544434 -0.013184
-0.001237 0.79814 -0.602471
0 0 0 0
0.621948 0.196472
0.00415 3.543945 -0.012939
0.173976 0.785976 -0.593274
0 0 0 0
0.618652 0.19635
0.008301 3.542969 -0.012451
0.336433 0.752386 -0.566328
0 0 0 0
0.615479 0.196045
0.011719 3.541504 -0.011719
0.510385 0.692923 -0.509279
0 0 0 0
0.612488 0.195679
0.012451 3.542969 -0.008301
0.566402 0.75181 -0.337595
0 0 0 0
0.612183 0.192749
0.012939 3.543945 -0.00415
0.592757 0.785748 -0.176743
0 0 0 0
0.611877 0.189514
0.013184 3.544434 0
0.603593 0.797291 -0.001543
0 0 0 0
0.611755 0.186279
0.012939 3.543945 0.00415
0.592757 0.785748 0.176743
0 0 0 0
0.611877 0.182983
0.012451 3.542969 0.008301
0.566402 0.75181 0.337595
0 0 0 0
0.612183 0.17981
0.011719 3.541504 0.011719
0.510385 0.692923 0.509279
0 0 0 0
0.612488 0.176819
0.008301 3.542969 0.012451
0.336433 0.752386 0.566328
0 0 0 0
0.615479 0.176453
0.00415 3.543945 0.012939
0.173976 0.785976 0.593274
0 0 0 0
0.618652 0.176208
0 3.544434 0.013184
-0.001237 0.79814 0.602471
0 0 0 0
0.621948 0.176086
-0.00415 3.543945 0.012939
-0.173976 0.785976 0.593274
0 0 0 0
0.625183 0.176208
-0.008301 3.542969 0.012451
-0.336433 0.752386 0.566328
0 0 0 0
0.628418 0.176453
-0.008545 3.544922 0.008545
-0.36166 0.859086 0.362179
0 0 0 0
0.62854 0.179688
-0.009033 3.546143 0.004395
-0.377648 0.907419 0.184319
0 0 0 0
0.628723 0.182922
-0.009277 3.546387 0
-0.386351 0.922351 -0.001199
0 0 0 0
0.628845 0.186279
-0.009033 3.546143 -0.004395
-0.377648 0.907419 -0.184319
0 0 0 0
0.628723 0.189575
-0.008545 3.544922 -0.008545
-0.36166 0.859086 -0.362179
0 0 0 0
0.62854 0.192871
-0.004395 3.546143 -0.009033
-0.184704 0.907457 -0.377368
0 0 0 0
0.625244 0.193054
0 3.546387 -0.009277
-0.001151 0.922111 -0.386924
0 0 0 0
0.621948 0.193115
0.004395 3.546143 -0.009033
0.184704 0.907457 -0.377368
0 0 0 0
0.618591 0.193054
0.008545 3.544922 -0.008545
0.36166 0.859086 -0.362179
0 0 0 0
0.615356 0.192871
0.009033 3.546143 -0.004395
0.377648 0.907419 -0.184319
0 0 0 0
0.615173 0.189575
0.009277 3.546387 0
0.386351 0.922351 -0.001199
0 0 0 0
0.615051 0.186279
0.009033 3.546143 0.004395
0.377648 0.907419 0.184319
0 0 0 0
0.615173 0.182922
0.008545 3.544922 0.008545
0.36166 0.859086 0.362179
0 0 0 0
0.615356 0.179688
0.004395 3.546143 0.009033
0.184704 0.907457 0.377368
0 0 0 0
0.618591 0.179504
0 3.546387 0.009277
0.001151 0.922111 0.386924
0 0 0 0
0.621948 0.179382
-0.004395 3.546143 0.009033
-0.184704 0.907457 0.377368
0 0 0 0
0.625244 0.179504
-0.004639 3.547363 0.004639
-0.193251 0.961982 0.192987
0 0 0 0
0.625366 0.182861
-0.004639 3.547852 0
-0.196492 0.980505 -0.000114
0 0 0 0
0.625427 0.186279
-0.004639 3.547363 -0.004639
-0.193251 0.961982 -0.192987
0 0 0 0
0.625366 0.189697
0 3.547852 -0.004639
0.001069 0.980504 -0.196496
0 0 0 0
0.621948 0.189758
0.004639 3.547363 -0.004639
0.193251 0.961982 -0.192987
0 0 0 0
0.61853 0.189697
0.004639 3.547852 0
0.196492 0.980505 -0.000114
0 0 0 0
0.618469 0.186279
0.004639 3.547363 0.004639
0.193251 0.961982 0.192987
0 0 0 0
0.61853 0.182861
0 3.547852 0.004639
0.001069 0.980504 0.196496
0 0 0 0
0.621948 0.1828
0 3.54834 0
0.000978 1 0.000001
0 0 0 0
0.621948 0.186279
0.071289 2.970459 -0.076416
0.218417 -0.506992 -0.833818
0 0 0 0
0.531372 0.27002
0.055176 2.96875 -0.078369
0.487005 -0.532781 -0.692077
0 0 0 0
0.531372 0.254578
0.074219 3.019775 -0.105713
0.493265 -0.516207 -0.700157
0 0 0 0
0.501099 0.254578
0.094238 3.022705 -0.101074
0.25821 -0.485964 -0.834965
0 0 0 0
0.501099 0.27002
0.08374 3.048584 -0.119141
0.516355 -0.439095 -0.735237
0 0 0 0
0.48291 0.254578
0.106201 3.051025 -0.111816
0.312954 -0.411501 -0.855994
0 0 0 0
0.48291 0.27002
0.091797 3.080566 -0.130371
0.539142 -0.349468 -0.766288
0 0 0 0
0.464111 0.254578
0.117432 3.080566 -0.120605
0.341565 -0.336207 -0.877666
0 0 0 0
0.464111 0.27002
0.111572 3.149658 -0.148193
0.3801 -0.25922 -0.887879
0 0 0 0
0.424561 0.254578
0.137451 3.144775 -0.135742
0.3801 -0.25922 -0.887879
0 0 0 0
0.424561 0.27002
0.151611 3.208984 -0.142822
0.431153 -0.159836 -0.888009
0 0 0 0
0.386475 0.27002
0.126465 3.218506 -0.156982
0.439081 -0.143675 -0.886885
0 0 0 0
0.386475 0.254578
0.156738 3.238281 -0.141602
0.503155 0.012012 -0.864113
0 0 0 0
0.369812 0.27002
0.133057 3.248535 -0.155273
0.488182 0.033437 -0.872101
0 0 0 0
0.369812 0.254578
0.161133 3.266846 -0.135986
0.543141 0.141402 -0.827649
0 0 0 0
0.352417 0.27002
0.136475 3.280762 -0.149658
0.523185 0.165565 -0.835982
0 0 0 0
0.352417 0.254578
0.164795 3.291016 -0.126953
0.581963 0.294222 -0.758124
0 0 0 0
0.337158 0.27002
0.143066 3.306641 -0.138184
0.513158 0.348634 -0.784298
0 0 0 0
0.337158 0.254578
0.168457 3.312988 -0.112793
0.595772 0.45722 -0.660308
0 0 0 0
0.322021 0.27002
0.144043 3.330078 -0.122559
0.574392 0.4734 -0.667807
0 0 0 0
0.322021 0.254578
0.171875 3.329834 -0.096191
0.596594 0.577074 -0.557728
0 0 0 0
0.307678 0.27002
0.147705 3.348633 -0.102051
0.597269 0.585105 -0.548563
0 0 0 0
0.307678 0.254578
0.175293 3.342529 -0.075928
0.612638 0.666317 -0.425084
0 0 0 0
0.293579 0.27002
0.151855 3.361816 -0.079346
0.611696 0.669953 -0.420704
0 0 0 0
0.293579 0.254578
0.178955 3.350342 -0.054688
0.633826 0.724216 -0.271617
0 0 0 0
0.279907 0.27002
0.156006 3.370361 -0.054443
0.63485 0.725072 -0.2669
0 0 0 0
0.279907 0.254578
0.183105 3.352539 -0.031982
0.655763 0.744855 -0.123149
0 0 0 0
0.26593 0.27002
0.160645 3.372803 -0.028076
0.655763 0.744855 -0.123149
0 0 0 0
0.26593 0.254578
0.187012 3.35083 -0.009277
0.69156 0.721412 0.036195
0 0 0 0
0.252136 0.27002
0.165283 3.371094 -0.001709
0.690633 0.722432 0.03342
0 0 0 0
0.252136 0.254578
0.169922 3.362061 0.02417
0.725061 0.660991 0.193331
0 0 0 0
0.237976 0.254578
0.190674 3.342529 0.011963
0.725778 0.659507 0.195693
0 0 0 0
0.237976 0.27002
0.173584 3.348633 0.046631
0.75405 0.577022 0.313775
0 0 0 0
0.223999 0.254578
0.194336 3.329834 0.032471
0.756288 0.569745 0.321588
0 0 0 0
0.223999 0.27002
0.177002 3.330078 0.06665
0.768626 0.471471 0.432354
0 0 0 0
0.209778 0.254578
0.196533 3.312988 0.049072
0.785869 0.455222 0.418548
0 0 0 0
0.209778 0.27002
0.181152 3.306885 0.082031
0.75271 0.350126 0.55753
0 0 0 0
0.194641 0.254578
0.198242 3.29126 0.063721
0.804923 0.294777 0.514981
0 0 0 0
0.194641 0.27002
0.179199 3.280762 0.094727
0.777192 0.16238 0.607952
0 0 0 0
0.179321 0.254578
0.197754 3.266846 0.073486
0.791385 0.139511 0.595186
0 0 0 0
0.179321 0.27002
0.178223 3.248291 0.10083
0.749621 0.031497 0.661118
0 0 0 0
0.161987 0.254578
0.195557 3.238281 0.080322
0.765616 0.011278 0.6432
0 0 0 0
0.161987 0.27002
0.172119 3.218506 0.10498
0.712285 -0.143473 0.68707
0 0 0 0
0.145264 0.254578
0.190918 3.208984 0.083008
0.705332 -0.1614 0.690258
0 0 0 0
0.145264 0.27002
0.155029 3.149658 0.101562
0.66009 -0.256631 0.70599
0 0 0 0
0.107239 0.254578
0.175293 3.144775 0.081299
0.659941 -0.259126 0.705218
0 0 0 0
0.107239 0.27002
0.151367 3.080566 0.07373
0.622022 -0.335918 0.707282
0 0 0 0
0.067688 0.27002
0.130615 3.080566 0.091797
0.765379 -0.350546 0.539734
0 0 0 0
0.067688 0.254578
0.137939 3.051025 0.069336
0.586865 -0.413733 0.695999
0 0 0 0
0.048889 0.27002
0.119141 3.048584 0.08374
0.73538 -0.439302 0.515975
0 0 0 0
0.048889 0.254578
0.122803 3.022705 0.063232
0.526117 -0.485353 0.698307
0 0 0 0
0.03064 0.27002
0.105713 3.019775 0.074463
0.701178 -0.514835 0.493249
0 0 0 0
0.03064 0.254578
0.093018 2.970459 0.047852
0.489467 -0.507359 0.709231
0 0 0 0
0.000366 0.27002
0.078613 2.96875 0.055176
0.692446 -0.532743 0.486522
0 0 0 0
0.000366 0.254578
0.070068 2.974121 -0.070557
0.900701 -0.214562 0.377758
0 0 0 0
0.512573 0.409485
0.071289 2.970459 -0.076416
0.900701 -0.214562 0.377758
0 0 0 0
0.512573 0.405579
0.094238 3.022705 -0.101074
0.894253 -0.213467 0.393376
0 0 0 0
0.478271 0.405579
0.092285 3.026123 -0.095215
0.894478 -0.211212 0.394079
0 0 0 0
0.478271 0.409485
0.106201 3.051025 -0.111816
0.880701 -0.211135 0.424014
0 0 0 0
0.460327 0.405579
0.104004 3.053955 -0.105713
0.880701 -0.211135 0.424014
0 0 0 0
0.460327 0.409485
0.117432 3.080566 -0.120605
0.888448 -0.187471 0.418946
0 0 0 0
0.442261 0.405579
0.115234 3.083008 -0.114502
0.888448 -0.187471 0.418946
0 0 0 0
0.442261 0.409485
0.134766 3.146729 -0.129395
0.887721 -0.160234 0.431597
0 0 0 0
0.404297 0.409485
0.137451 3.144775 -0.135742
0.887721 -0.160234 0.431597
0 0 0 0
0.404297 0.405579
0.148438 3.209717 -0.136475
0.876709 -0.149855 0.457083
0 0 0 0
0.367981 0.409485
0.151611 3.208984 -0.142822
0.876709 -0.149855 0.457083
0 0 0 0
0.367981 0.405579
0.153076 3.238037 -0.135498
0.848819 -0.194596 0.491567
0 0 0 0
0.351746 0.409485
0.156738 3.238281 -0.141602
0.85043 -0.194418 0.488845
0 0 0 0
0.351746 0.405579
0.161133 3.266846 -0.135986
0.826698 -0.262007 0.497919
0 0 0 0
0.335632 0.405579
0.157227 3.265869 -0.130127
0.826698 -0.262007 0.497919
0 0 0 0
0.335632 0.409485
0.160645 3.289062 -0.121582
0.800918 -0.366642 0.473396
0 0 0 0
0.321472 0.409485
0.164795 3.291016 -0.126953
0.801238 -0.364415 0.474574
0 0 0 0
0.321472 0.405579
0.168457 3.312988 -0.112793
0.788555 -0.464333 0.403206
0 0 0 0
0.307251 0.405579
0.164062 3.309814 -0.10791
0.788555 -0.464333 0.403206
0 0 0 0
0.307251 0.409485
0.16748 3.325928 -0.092285
0.785802 -0.54862 0.285537
0 0 0 0
0.294373 0.409485
0.171875 3.329834 -0.096191
0.785802 -0.54862 0.285537
0 0 0 0
0.294373 0.405579
0.175293 3.342529 -0.075928
0.774235 -0.612014 0.161241
0 0 0 0
0.28125 0.405579
0.171143 3.337646 -0.072754
0.774974 -0.610489 0.163457
0 0 0 0
0.28125 0.409485
0.174561 3.345215 -0.052734
0.757354 -0.652687 0.020371
0 0 0 0
0.26886 0.409485
0.178955 3.350342 -0.054688
0.757354 -0.652687 0.020371
0 0 0 0
0.26886 0.405579
0.183105 3.352539 -0.031982
0.733358 -0.669228 -0.119671
0 0 0 0
0.256287 0.405579
0.178223 3.347168 -0.031006
0.733358 -0.669228 -0.119671
0 0 0 0
0.256287 0.409485
0.182129 3.345703 -0.009521
0.704984 -0.654234 -0.273818
0 0 0 0
0.243835 0.409485
0.187012 3.35083 -0.009277
0.704984 -0.654234 -0.273818
0 0 0 0
0.243835 0.405579
0.190674 3.342529 0.011963
0.668138 -0.612168 -0.422898
0 0 0 0
0.231323 0.405579
0.185547 3.337646 0.010742
0.668138 -0.612168 -0.422898
0 0 0 0
0.231323 0.409485
0.188965 3.325684 0.030273
0.638621 -0.551371 -0.536798
0 0 0 0
0.218201 0.409485
0.194336 3.329834 0.032471
0.638621 -0.551371 -0.536798
0 0 0 0
0.218201 0.405579
0.196533 3.312988 0.049072
0.603489 -0.465477 -0.647404
0 0 0 0
0.205261 0.405579
0.190918 3.309814 0.046143
0.603489 -0.465477 -0.647404
0 0 0 0
0.205261 0.409485
0.192383 3.289307 0.060059
0.593144 -0.36511 -0.717548
0 0 0 0
0.191101 0.409485
0.198242 3.29126 0.063721
0.593144 -0.36511 -0.717548
0 0 0 0
0.191101 0.405579
0.197754 3.266846 0.073486
0.60883 -0.262404 -0.748645
0 0 0 0
0.176941 0.405579
0.192139 3.265869 0.069336
0.60883 -0.262404 -0.748645
0 0 0 0
0.176941 0.409485
0.189941 3.238037 0.075684
0.634539 -0.195143 -0.74785
0 0 0 0
0.160767 0.409485
0.195557 3.238281 0.080322
0.634539 -0.195143 -0.74785
0 0 0 0
0.160767 0.405579
0.190918 3.208984 0.083008
0.671568 -0.150236 -0.725552
0 0 0 0
0.144592 0.405579
0.185791 3.209717 0.078125
0.671568 -0.150236 -0.725552
0 0 0 0
0.144592 0.409485
0.175293 3.144775 0.081299
0.688476 -0.159665 -0.707465
0 0 0 0
0.108215 0.405579
0.17041 3.146729 0.076172
0.688476 -0.159665 -0.707465
0 0 0 0
0.108215 0.409485
0.151367 3.080566 0.07373
0.691582 -0.187224 -0.697612
0 0 0 0
0.070312 0.405579
0.147217 3.083008 0.068848
0.691582 -0.187224 -0.697612
0 0 0 0
0.070312 0.409485
0.133789 3.053955 0.064453
0.682095 -0.207816 -0.701113
0 0 0 0
0.052246 0.409485
0.137939 3.051025 0.069336
0.682095 -0.207816 -0.701113
0 0 0 0
0.052246 0.405579
0.119141 3.026123 0.05835
0.707152 -0.21126 -0.674763
0 0 0 0
0.034302 0.409485
0.122803 3.022705 0.063232
0.707152 -0.21126 -0.674763
0 0 0 0
0.034302 0.405579
0.089844 2.974121 0.042725
0.719394 -0.21292 -0.661164
0 0 0 0
0.000366 0.409485
0.093018 2.970459 0.047852
0.719394 -0.21292 -0.661164
0 0 0 0
0.000366 0.405579
0.071045 3.023438 -0.101074
-0.493265 0.516207 0.700157
0 0 0 0
0.031006 0.279053
0.052002 2.972412 -0.073975
-0.487005 0.532781 0.692077
0 0 0 0
0.000366 0.279053
0.070068 2.974121 -0.070557
-0.24933 0.51317 0.821274
0 0 0 0
0.000366 0.294678
0.092285 3.026123 -0.095215
-0.281288 0.489942 0.825127
0 0 0 0
0.031006 0.294678
0.080078 3.051514 -0.114014
-0.513225 0.448911 0.731491
0 0 0 0
0.048889 0.279053
0.104004 3.053955 -0.105713
-0.3404 0.430466 0.835959
0 0 0 0
0.048889 0.294678
0.088623 3.082764 -0.126221
-0.538826 0.354457 0.764217
0 0 0 0
0.067383 0.279053
0.115234 3.083008 -0.114502
-0.372396 0.337692 0.864457
0 0 0 0
0.067383 0.294678
0.108887 3.151611 -0.141846
-0.395598 0.256133 0.881985
0 0 0 0
0.106628 0.279053
0.134766 3.146729 -0.129395
-0.395598 0.256133 0.881985
0 0 0 0
0.106628 0.294678
0.148438 3.209717 -0.136475
-0.431101 0.162502 0.88755
0 0 0 0
0.143982 0.294678
0.123291 3.219238 -0.150879
-0.436492 0.146393 0.887718
0 0 0 0
0.143982 0.279053
0.153076 3.238037 -0.135498
-0.503155 -0.012012 0.864113
0 0 0 0
0.160217 0.294678
0.129883 3.248291 -0.14917
-0.488182 -0.033437 0.872101
0 0 0 0
0.160217 0.279053
0.157227 3.265869 -0.130127
-0.54073 -0.141462 0.829216
0 0 0 0
0.177002 0.294678
0.132812 3.279541 -0.143555
-0.523253 -0.162937 0.836456
0 0 0 0
0.177002 0.279053
0.160645 3.289062 -0.121582
-0.579653 -0.294365 0.759837
0 0 0 0
0.191589 0.294678
0.139648 3.303955 -0.132324
-0.513157 -0.348634 0.784298
0 0 0 0
0.191589 0.279053
0.164062 3.309814 -0.10791
-0.595522 -0.459546 0.658916
0 0 0 0
0.206055 0.294678
0.140381 3.32666 -0.117432
-0.574392 -0.4734 0.667807
0 0 0 0
0.206055 0.279053
0.16748 3.325928 -0.092285
-0.596594 -0.577074 0.557728
0 0 0 0
0.219666 0.294678
0.143555 3.344482 -0.098145
-0.597269 -0.585105 0.548563
0 0 0 0
0.219666 0.279053
0.171143 3.337646 -0.072754
-0.612168 -0.668138 0.422898
0 0 0 0
0.233154 0.294678
0.147461 3.357178 -0.076416
-0.611696 -0.669953 0.420704
0 0 0 0
0.233154 0.279053
0.174561 3.345215 -0.052734
-0.633826 -0.724216 0.271617
0 0 0 0
0.246216 0.294678
0.151611 3.365234 -0.05249
-0.63485 -0.725072 0.2669
0 0 0 0
0.246216 0.279053
-0.130371 0.318115 0.047363
-0.936282 -0.082646 0.341387
0 0 0 0
0.080017 0.444153
-0.128906 0.298096 0.046875
-0.936282 -0.082646 0.341387
0 0 0 0
0.080017 0.432983
-0.136719 0.318115 0.02417
-0.98138 -0.083634 0.172914
0 0 0 0
0.093323 0.444153
-0.13501 0.298096 0.023926
-0.98138 -0.083634 0.172914
0 0 0 0
0.093323 0.432983
-0.138916 0.318115 0
-0.996539 -0.083126 -0.000901
0 0 0 0
0.106689 0.444153
-0.137207 0.298096 0
-0.996539 -0.083126 -0.000901
0 0 0 0
0.106689 0.432983
-0.136719 0.318115 -0.02417
-0.98138 -0.083634 -0.172914
0 0 0 0
0.119995 0.444153
-0.13501 0.298096 -0.023926
-0.98138 -0.083634 -0.172914
0 0 0 0
0.119995 0.432983
-0.130371 0.318115 -0.047363
-0.936282 -0.082646 -0.341387
0 0 0 0
0.133362 0.444153
-0.128906 0.298096 -0.046875
-0.936282 -0.082646 -0.341387
0 0 0 0
0.133362 0.432983
-0.120117 0.318115 -0.069336
-0.86282 -0.082572 -0.498722
0 0 0 0
0.146667 0.444153
-0.118896 0.298096 -0.068604
-0.86282 -0.082572 -0.498722
0 0 0 0
0.146667 0.432983
-0.106445 0.318115 -0.089355
-0.762673 -0.083906 -0.641319
0 0 0 0
0.160034 0.444153
-0.10498 0.298096 -0.088135
-0.762673 -0.083906 -0.641319
0 0 0 0
0.160034 0.432983
-0.089355 0.318115 -0.106445
-0.640053 -0.081792 -0.763965
0 0 0 0
0.17334 0.444153
-0.088135 0.298096 -0.10498
-0.640053 -0.081792 -0.763965
0 0 0 0
0.17334 0.432983
-0.069336 0.318115 -0.120117
-0.497703 -0.084062 -0.863264
0 0 0 0
0.186707 0.444153
-0.068604 0.298096 -0.118896
-0.497703 -0.084062 -0.863264
0 0 0 0
0.186707 0.432983
-0.047363 0.318115 -0.130371
-0.341412 -0.082972 -0.936244
0 0 0 0
0.200012 0.444153
-0.046875 0.298096 -0.128906
-0.341412 -0.082972 -0.936244
0 0 0 0
0.200012 0.432983
-0.02417 0.318115 -0.136719
-0.172002 -0.083937 -0.981514
0 0 0 0
0.213379 0.444153
-0.023926 0.298096 -0.13501
-0.172002 -0.083937 -0.981514
0 0 0 0
0.213379 0.432983
0 0.318115 -0.138916
0.001381 -0.084252 -0.996443
0 0 0 0
0.226685 0.444153
0 0.298096 -0.137207
0.001381 -0.084252 -0.996443
0 0 0 0
0.226685 0.432983
0.02417 0.318115 -0.136719
0.172002 -0.083937 -0.981514
0 0 0 0
0.240051 0.444153
0.023926 0.298096 -0.13501
0.172002 -0.083937 -0.981514
0 0 0 0
0.240051 0.432983
0.047363 0.318115 -0.130371
0.341412 -0.082972 -0.936244
0 0 0 0
0.253357 0.444153
0.046875 0.298096 -0.128906
0.341412 -0.082972 -0.936244
0 0 0 0
0.253357 0.432983
0.069336 0.318115 -0.120117
0.497703 -0.084062 -0.863264
0 0 0 0
0.266724 0.444153
0.068604 0.298096 -0.118896
0.497703 -0.084062 -0.863264
0 0 0 0
0.266724 0.432983
0.089355 0.318115 -0.106445
0.640053 -0.081792 -0.763964
0 0 0 0
0.280029 0.444153
0.088135 0.298096 -0.10498
0.640053 -0.081792 -0.763964
0 0 0 0
0.280029 0.432983
0.106445 0.318115 -0.089355
0.762673 -0.083906 -0.641319
0 0 0 0
0.293335 0.444153
0.10498 0.298096 -0.088135
0.762673 -0.083906 -0.641319
0 0 0 0
0.293335 0.432983
0.120117 0.318115 -0.069336
0.86282 -0.082572 -0.498722
0 0 0 0
0.306702 0.444153
0.118896 0.298096 -0.068604
0.86282 -0.082572 -0.498722
0 0 0 0
0.306702 0.432983
0.130371 0.318115 -0.047363
0.936282 -0.082646 -0.341387
0 0 0 0
0.320007 0.444153
0.128906 0.298096 -0.046875
0.936282 -0.082646 -0.341387
0 0 0 0
0.320007 0.432983
0.136719 0.318115 -0.02417
0.98138 -0.083634 -0.172913
0 0 0 0
0.333374 0.444153
0.13501 0.298096 -0.023926
0.98138 -0.083634 -0.172913
0 0 0 0
0.333374 0.432983
0.138916 0.318115 0
0.996539 -0.083126 0.000901
0 0 0 0
0.34668 0.444153
0.137207 0.298096 0
0.996539 -0.083126 0.000901
0 0 0 0
0.34668 0.432983
0.136719 0.318115 0.02417
0.98138 -0.083634 0.172913
0 0 0 0
0.360046 0.444153
0.13501 0.298096 0.023926
0.98138 -0.083634 0.172913
0 0 0 0
0.360046 0.432983
0.130371 0.318115 0.047363
0.936282 -0.082646 0.341387
0 0 0 0
0.373352 0.444153
0.128906 0.298096 0.046875
0.936282 -0.082646 0.341387
0 0 0 0
0.373352 0.432983
0.120117 0.318115 0.069336
0.86282 -0.082572 0.498722
0 0 0 0
0.386719 0.444153
0.118896 0.298096 0.068604
0.86282 -0.082572 0.498722
0 0 0 0
0.386719 0.432983
0.106445 0.318115 0.089355
0.762673 -0.083906 0.641319
0 0 0 0
0.400024 0.444153
0.10498 0.298096 0.088135
0.762673 -0.083906 0.641319
0 0 0 0
0.400024 0.432983
0.089355 0.318115 0.106445
0.640053 -0.081792 0.763964
0 0 0 0
0.413391 0.444153
0.088135 0.298096 0.10498
0.640053 -0.081792 0.763964
0 0 0 0
0.413391 0.432983
0.069336 0.318115 0.120117
0.497703 -0.084062 0.863264
0 0 0 0
0.426697 0.444153
0.068604 0.298096 0.118896
0.497703 -0.084062 0.863264
0 0 0 0
0.426697 0.432983
0.047363 0.318115 0.130371
0.341412 -0.082972 0.936244
0 0 0 0
0.440063 0.444153
0.046875 0.298096 0.128906
0.341412 -0.082972 0.936244
0 0 0 0
0.440063 0.432983
0.02417 0.318115 0.136719
0.172002 -0.083937 0.981514
0 0 0 0
0.453369 0.444153
0.023926 0.298096 0.13501
0.172002 -0.083937 0.981514
0 0 0 0
0.453369 0.432983
0 0.318115 0.138916
0.001381 -0.084252 0.996443
0 0 0 0
0.466736 0.444153
0 0.298096 0.137207
0.001381 -0.084252 0.996443
0 0 0 0
0.466736 0.432983
-0.02417 0.318115 0.136719
-0.172002 -0.083937 0.981514
0 0 0 0
0.480042 0.444153
-0.023926 0.298096 0.13501
-0.172002 -0.083937 0.981514
0 0 0 0
0.480042 0.432983
-0.046875 0.298096 0.128906
-0.000977 1 -0.000001
0 0 0 0
0.754517 0.519226
-0.025635 0.298096 0.14502
-0.000977 1 -0.000001
0 0 0 0
0.760071 0.505493
-0.023926 0.298096 0.13501
-0.000977 1 -0.000001
0 0 0 0
0.754517 0.505493
-0.050293 0.298096 0.138184
-0.000977 1 -0.000001
0 0 0 0
0.760071 0.519226
-0.068604 0.298096 0.118896
-0.000977 1 0.000001
0 0 0 0
0.754517 0.532959
-0.073486 0.298096 0.127441
-0.000977 1 0.000001
0 0 0 0
0.760071 0.532959
-0.088135 0.298096 0.10498
0.000978 1 0.000001
0 0 0 0
0.754517 0.546692
-0.094482 0.298096 0.112793
0.000978 1 0.000001
0 0 0 0
0.760071 0.546692
-0.10498 0.298096 0.088135
0.000978 1 0.000001
0 0 0 0
0.754517 0.560425
-0.112793 0.298096 0.094482
0.000978 1 0.000001
0 0 0 0
0.760071 0.560425
-0.118896 0.298096 0.068604
0.000978 1 -0.000001
0 0 0 0
0.754517 0.574158
-0.127441 0.298096 0.073486
0.000978 1 -0.000001
0 0 0 0
0.760071 0.574158
-0.128906 0.298096 0.046875
-0.000977 1 0.000001
0 0 0 0
0.754517 0.587891
-0.138184 0.298096 0.050293
-0.000977 1 0.000001
0 0 0 0
0.760071 0.587891
-0.13501 0.298096 0.023926
-0.000977 1 -0.000001
0 0 0 0
0.754517 0.601624
-0.14502 0.298096 0.025635
-0.000977 1 -0.000001
0 0 0 0
0.760071 0.601624
-0.137207 0.298096 0
0.000978 1 -0.000001
0 0 0 0
0.754517 0.615356
-0.147217 0.298096 0
0.000978 1 -0.000001
0 0 0 0
0.760071 0.615356
-0.13501 0.298096 -0.023926
-0.000977 1 0.000001
0 0 0 0
0.754517 0.629089
-0.14502 0.298096 -0.025635
-0.000977 1 0.000001
0 0 0 0
0.760071 0.629089
-0.128906 0.298096 -0.046875
-0.000977 1 0.000001
0 0 0 0
0.754517 0.642822
-0.138184 0.298096 -0.050293
-0.000977 1 0.000001
0 0 0 0
0.760071 0.642822
-0.118896 0.298096 -0.068604
-0.000977 1 0.000001
0 0 0 0
0.754517 0.656555
-0.127441 0.298096 -0.073486
-0.000977 1 0.000001
0 0 0 0
0.760071 0.656555
-0.10498 0.298096 -0.088135
-0.000977 1 0.000001
0 0 0 0
0.754517 0.670288
-0.112793 0.298096 -0.094482
-0.000977 1 0.000001
0 0 0 0
0.760071 0.670288
-0.088135 0.298096 -0.10498
-0.000977 1 0.000001
0 0 0 0
0.754517 0.684021
-0.094482 0.298096 -0.112793
-0.000977 1 0.000001
0 0 0 0
0.760071 0.684021
-0.068604 0.298096 -0.118896
-0.000977 1 0.000001
0 0 0 0
0.754517 0.697815
-0.073486 0.298096 -0.127441
-0.000977 1 0.000001
0 0 0 0
0.760071 0.697815
-0.046875 0.298096 -0.128906
-0.000977 1 0.000001
0 0 0 0
0.754517 0.711548
-0.050293 0.298096 -0.138184
-0.000977 1 0.000001
0 0 0 0
0.760071 0.711548
-0.023926 0.298096 -0.13501
-0.000977 1 0.000001
0 0 0 0
0.754517 0.725281
-0.025635 0.298096 -0.14502
-0.000977 1 0.000001
0 0 0 0
0.760071 0.725281
0 0.298096 -0.137207
0.000978 1 0.000001
0 0 0 0
0.754517 0.739014
0 0.298096 -0.147217
0.000978 1 0.000001
0 0 0 0
0.760071 0.739014
0.023926 0.298096 -0.13501
0.000978 1 0.000001
0 0 0 0
0.754517 0.752747
0.025635 0.298096 -0.14502
0.000978 1 0.000001
0 0 0 0
0.760071 0.752747
0.046875 0.298096 -0.128906
0.000978 1 0.000001
0 0 0 0
0.754517 0.766479
0.050293 0.298096 -0.138184
0.000978 1 0.000001
0 0 0 0
0.760071 0.766479
0.068604 0.298096 -0.118896
0.000978 1 0.000001
0 0 0 0
0.754517 0.780212
0.073486 0.298096 -0.127441
0.000978 1 0.000001
0 0 0 0
0.760071 0.780212
0.088135 0.298096 -0.10498
0.000978 1 0.000001
0 0 0 0
0.754517 0.793945
0.094482 0.298096 -0.112793
0.000978 1 0.000001
0 0 0 0
0.760071 0.793945
0.10498 0.298096 -0.088135
-0.000977 1 0.000001
0 0 0 0
0.754517 0.807678
0.112793 0.298096 -0.094482
-0.000977 1 0.000001
0 0 0 0
0.760071 0.807678
0.118896 0.298096 -0.068604
0.000978 1 -0.000001
0 0 0 0
0.754517 0.821411
0.127441 0.298096 -0.073486
0.000978 1 -0.000001
0 0 0 0
0.760071 0.821411
0.128906 0.298096 -0.046875
0.000978 1 0.000001
0 0 0 0
0.754517 0.835144
0.138184 0.298096 -0.050293
0.000978 1 0.000001
0 0 0 0
0.760071 0.835144
0.13501 0.298096 -0.023926
0.000978 1 0.000001
0 0 0 0
0.754517 0.848877
0.14502 0.298096 -0.025635
0.000978 1 0.000001
0 0 0 0
0.760071 0.848877
0.137207 0.298096 0
-0.000977 1 -0.000001
0 0 0 0
0.754517 0.86261
0.147217 0.298096 0
-0.000977 1 -0.000001
0 0 0 0
0.760071 0.86261
0.13501 0.298096 0.023926
0.000978 1 -0.000001
0 0 0 0
0.754517 0.876343
0.14502 0.298096 0.025635
0.000978 1 -0.000001
0 0 0 0
0.760071 0.876343
0.128906 0.298096 0.046875
0.000978 1 -0.000001
0 0 0 0
0.754517 0.890076
0.138184 0.298096 0.050293
0.000978 1 -0.000001
0 0 0 0
0.760071 0.890076
0.118896 0.298096 0.068604
0.000978 1 -0.000001
0 0 0 0
0.754517 0.90387
0.127441 0.298096 0.073486
0.000978 1 -0.000001
0 0 0 0
0.760071 0.90387
0.10498 0.298096 0.088135
-0.000977 1 -0.000001
0 0 0 0
0.754517 0.917603
0.112793 0.298096 0.094482
-0.000977 1 -0.000001
0 0 0 0
0.760071 0.917603
0.088135 0.298096 0.10498
-0.000977 1 -0.000001
0 0 0 0
0.754517 0.931335
0.094482 0.298096 0.112793
-0.000977 1 -0.000001
0 0 0 0
0.760071 0.931335
0.068604 0.298096 0.118896
-0.000977 1 -0.000001
0 0 0 0
0.754517 0.945068
0.073486 0.298096 0.127441
-0.000977 1 -0.000001
0 0 0 0
0.760071 0.945068
0.046875 0.298096 0.128906
0.000978 1 0.000001
0 0 0 0
0.754517 0.958801
0.050293 0.298096 0.138184
0.000978 1 0.000001
0 0 0 0
0.760071 0.958801
0.023926 0.298096 0.13501
0.000978 1 -0.000001
0 0 0 0
0.754517 0.972534
0.025635 0.298096 0.14502
0.000978 1 -0.000001
0 0 0 0
0.760071 0.972534
0 0.298096 0.137207
0.000978 1 -0.000001
0 0 0 0
0.754517 0.986267
0 0.298096 0.147217
0.000978 1 -0.000001
0 0 0 0
0.760071 0.986267
-0.023926 0.298096 0.13501
-0.000977 1 -0.000001
0 0 0 0
0.754517 0.999512
-0.025635 0.298096 0.14502
-0.000977 1 -0.000001
0 0 0 0
0.760071 0.999512
-0.050293 0.298096 0.138184
-0.324019 0.315953 0.891732
0 0 0 0
0.537415 0.120239
-0.027344 0.26709 0.155029
-0.160669 0.387497 0.907762
0 0 0 0
0.552795 0.138245
-0.025635 0.298096 0.14502
-0.164495 0.316755 0.934135
0 0 0 0
0.552795 0.120239
-0.053955 0.26709 0.147949
-0.316417 0.388512 0.865412
0 0 0 0
0.537415 0.138245
-0.073486 0.298096 0.127441
-0.473723 0.315376 0.822268
0 0 0 0
0.522095 0.120239
-0.078613 0.26709 0.13623
-0.460071 0.389291 0.797989
0 0 0 0
0.522095 0.138245
-0.094482 0.298096 0.112793
-0.610198 0.314733 0.72705
0 0 0 0
0.506714 0.120239
-0.101074 0.26709 0.120605
-0.591193 0.389447 0.706273
0 0 0 0
0.506714 0.138245
-0.112793 0.298096 0.094482
-0.727761 0.316148 0.608617
0 0 0 0
0.491333 0.120239
-0.120605 0.26709 0.101074
-0.706604 0.388447 0.591455
0 0 0 0
0.491333 0.138245
-0.127441 0.298096 0.073486
-0.822444 0.314499 0.474
0 0 0 0
0.476013 0.120239
-0.13623 0.26709 0.078613
-0.797597 0.388755 0.461204
0 0 0 0
0.476013 0.138245
-0.138184 0.298096 0.050293
-0.891837 0.316023 0.323659
0 0 0 0
0.460632 0.120239
-0.147949 0.26709 0.053955
-0.866161 0.38882 0.313982
0 0 0 0
0.460632 0.138245
-0.14502 0.298096 0.025635
-0.934219 0.315629 0.166171
0 0 0 0
0.445312 0.120239
-0.155029 0.26709 0.027344
-0.907074 0.388746 0.161531
0 0 0 0
0.445312 0.138245
-0.147217 0.298096 0
-0.948878 0.315641 -0.000613
0 0 0 0
0.429932 0.120239
-0.157471 0.26709 0
-0.921654 0.388013 -0.000314
0 0 0 0
0.429932 0.138245
-0.14502 0.298096 -0.025635
-0.934219 0.315629 -0.166171
0 0 0 0
0.414612 0.120239
-0.155029 0.26709 -0.027344
-0.907074 0.388746 -0.161531
0 0 0 0
0.414612 0.138245
-0.138184 0.298096 -0.050293
-0.891837 0.316023 -0.323659
0 0 0 0
0.399231 0.120239
-0.147949 0.26709 -0.053955
-0.866161 0.38882 -0.313982
0 0 0 0
0.399231 0.138245
-0.127441 0.298096 -0.073486
-0.822444 0.314499 -0.474
0 0 0 0
0.38385 0.120239
-0.13623 0.26709 -0.078613
-0.797597 0.388755 -0.461204
0 0 0 0
0.38385 0.138245
-0.112793 0.298096 -0.094482
-0.727761 0.316148 -0.608617
0 0 0 0
0.36853 0.120239
-0.120605 0.26709 -0.101074
-0.706604 0.388447 -0.591455
0 0 0 0
0.36853 0.138245
-0.094482 0.298096 -0.112793
-0.610198 0.314733 -0.72705
0 0 0 0
0.353149 0.120239
-0.101074 0.26709 -0.120605
-0.591193 0.389447 -0.706273
0 0 0 0
0.353149 0.138245
-0.073486 0.298096 -0.127441
-0.473723 0.315376 -0.822268
0 0 0 0
0.33783 0.120239
-0.078613 0.26709 -0.13623
-0.460071 0.389291 -0.797989
0 0 0 0
0.33783 0.138245
-0.050293 0.298096 -0.138184
-0.324019 0.315953 -0.891732
0 0 0 0
0.322449 0.120239
-0.053955 0.26709 -0.147949
-0.316417 0.388512 -0.865412
0 0 0 0
0.322449 0.138245
-0.025635 0.298096 -0.14502
-0.164495 0.316755 -0.934135
0 0 0 0
0.307068 0.120239
-0.027344 0.26709 -0.155029
-0.160669 0.387497 -0.907762
0 0 0 0
0.307068 0.138245
0 0.298096 -0.147217
-0.001365 0.315242 -0.94901
0 0 0 0
0.291748 0.120239
0 0.26709 -0.157471
-0.001355 0.388869 -0.921292
0 0 0 0
0.291748 0.138245
0.025635 0.298096 -0.14502
0.164495 0.316755 -0.934135
0 0 0 0
0.276367 0.120239
0.027344 0.26709 -0.155029
0.16067 0.387497 -0.907762
0 0 0 0
0.276367 0.138245
0.050293 0.298096 -0.138184
0.32402 0.315953 -0.891732
0 0 0 0
0.261047 0.120239
0.053955 0.26709 -0.147949
0.316417 0.388512 -0.865412
0 0 0 0
0.261047 0.138245
0.073486 0.298096 -0.127441
0.473724 0.315376 -0.822268
0 0 0 0
0.245667 0.120239
0.078613 0.26709 -0.13623
0.460071 0.389291 -0.797989
0 0 0 0
0.245667 0.138245
0.094482 0.298096 -0.112793
0.610198 0.314733 -0.72705
0 0 0 0
0.230347 0.120239
0.101074 0.26709 -0.120605
0.591193 0.389447 -0.706273
0 0 0 0
0.230347 0.138245
0.112793 0.298096 -0.094482
0.727761 0.316148 -0.608617
0 0 0 0
0.214966 0.120239
0.120605 0.26709 -0.101074
0.706604 0.388447 -0.591455
0 0 0 0
0.214966 0.138245
0.127441 0.298096 -0.073486
0.822444 0.314499 -0.474
0 0 0 0
0.199585 0.120239
0.13623 0.26709 -0.078613
0.797597 0.388755 -0.461204
0 0 0 0
0.199585 0.138245
0.138184 0.298096 -0.050293
0.891837 0.316023 -0.323659
0 0 0 0
0.184265 0.120239
0.147949 0.26709 -0.053955
0.866161 0.38882 -0.313982
0 0 0 0
0.184265 0.138245
0.14502 0.298096 -0.025635
0.934219 0.315629 -0.166171
0 0 0 0
0.168884 0.120239
0.155029 0.26709 -0.027344
0.907074 0.388746 -0.161531
0 0 0 0
0.168884 0.138245
0.147217 0.298096 0
0.948878 0.315641 0.000613
0 0 0 0
0.153564 0.120239
0.157471 0.26709 0
0.921654 0.388013 0.000314
0 0 0 0
0.153564 0.138245
0.14502 0.298096 0.025635
0.934219 0.315629 0.166171
0 0 0 0
0.138184 0.120239
0.155029 0.26709 0.027344
0.907074 0.388746 0.161531
0 0 0 0
0.138184 0.138245
0.138184 0.298096 0.050293
0.891837 0.316023 0.323659
0 0 0 0
0.122864 0.120239
0.147949 0.26709 0.053955
0.866161 0.38882 0.313982
0 0 0 0
0.122864 0.138245
0.127441 0.298096 0.073486
0.822444 0.314499 0.474
0 0 0 0
0.107483 0.120239
0.13623 0.26709 0.078613
0.797597 0.388755 0.461204
0 0 0 0
0.107483 0.138245
0.112793 0.298096 0.094482
0.727761 0.316148 0.608617
0 0 0 0
0.092102 0.120239
0.120605 0.26709 0.101074
0.706604 0.388447 0.591455
0 0 0 0
0.092102 0.138245
0.094482 0.298096 0.112793
0.610198 0.314733 0.72705
0 0 0 0
0.076782 0.120239
0.101074 0.26709 0.120605
0.591193 0.389447 0.706273
0 0 0 0
0.076782 0.138245
0.073486 0.298096 0.127441
0.473724 0.315376 0.822268
0 0 0 0
0.061401 0.120239
0.078613 0.26709 0.13623
0.460071 0.389291 0.797989
0 0 0 0
0.061401 0.138245
0.050293 0.298096 0.138184
0.32402 0.315953 0.891732
0 0 0 0
0.046082 0.120239
0.053955 0.26709 0.147949
0.316417 0.388512 0.865412
0 0 0 0
0.046082 0.138245
0.025635 0.298096 0.14502
0.164495 0.316755 0.934135
0 0 0 0
0.030701 0.120239
0.027344 0.26709 0.155029
0.16067 0.387497 0.907762
0 0 0 0
0.030701 0.138245
0 0.298096 0.147217
-0.001365 0.315242 0.94901
0 0 0 0
0.015381 0.120239
0 0.26709 0.157471
0.001355 0.388869 0.921292
0 0 0 0
0.015381 0.138245
-0.025635 0.298096 0.14502
-0.164495 0.316755 0.934135
0 0 0 0
0.000366 0.120239
-0.027344 0.26709 0.155029
-0.160669 0.387497 0.907762
0 0 0 0
0.000366 0.138245
0 0.238037 0.172119
0.001236 0.799998 0.600001
0 0 0 0
0.015381 0.156311
-0.029785 0.238037 0.169434
-0.104792 0.800115 0.590622
0 0 0 0
0.000366 0.156311
0.029785 0.238037 0.169434
0.104792 0.800115 0.590622
0 0 0 0
0.030701 0.156311
0.058838 0.238037 0.161865
0.204116 0.800573 0.5634
0 0 0 0
0.046082 0.156311
0.086182 0.238037 0.14917
0.299907 0.800957 0.518192
0 0 0 0
0.061401 0.156311
0.110596 0.238037 0.131836
0.386216 0.799596 0.459873
0 0 0 0
0.076782 0.156311
0.131836 0.238037 0.110596
0.45923 0.799912 0.386328
0 0 0 0
0.092102 0.156311
0.14917 0.238037 0.086182
0.520016 0.800624 0.29763
0 0 0 0
0.107483 0.156311
0.161865 0.238037 0.058838
0.563648 0.799843 0.206281
0 0 0 0
0.122864 0.156311
0.169434 0.238037 0.029785
0.590635 0.800181 0.104214
0 0 0 0
0.138184 0.156311
0.172119 0.238037 0
0.599218 0.800586 0.000001
0 0 0 0
0.153564 0.156311
0.169434 0.238037 -0.029785
0.590635 0.800181 -0.104214
0 0 0 0
0.168884 0.156311
0.161865 0.238037 -0.058838
0.563648 0.799843 -0.206281
0 0 0 0
0.184265 0.156311
0.14917 0.238037 -0.086182
0.520016 0.800624 -0.29763
0 0 0 0
0.199585 0.156311
0.131836 0.238037 -0.110596
0.45923 0.799912 -0.386328
0 0 0 0
0.214966 0.156311
0.110596 0.238037 -0.131836
0.386216 0.799596 -0.459873
0 0 0 0
0.230347 0.156311
0.086182 0.238037 -0.14917
0.299907 0.800957 -0.518192
0 0 0 0
0.245667 0.156311
0.058838 0.238037 -0.161865
0.204116 0.800573 -0.5634
0 0 0 0
0.261047 0.156311
0.029785 0.238037 -0.169434
0.104792 0.800115 -0.590622
0 0 0 0
0.276367 0.156311
0 0.238037 -0.172119
-0.001236 0.799998 -0.600001
0 0 0 0
0.291748 0.156311
-0.029785 0.238037 -0.169434
-0.104792 0.800115 -0.590622
0 0 0 0
0.307068 0.156311
-0.058838 0.238037 -0.161865
-0.204115 0.800573 -0.563401
0 0 0 0
0.322449 0.156311
-0.086182 0.238037 -0.14917
-0.299907 0.800957 -0.518192
0 0 0 0
0.33783 0.156311
-0.110596 0.238037 -0.131836
-0.386216 0.799596 -0.459874
0 0 0 0
0.353149 0.156311
-0.131836 0.238037 -0.110596
-0.45923 0.799912 -0.386328
0 0 0 0
0.36853 0.156311
-0.14917 0.238037 -0.086182
-0.520016 0.800624 -0.297631
0 0 0 0
0.38385 0.156311
0.178223 3.347168 -0.031006
-0.654393 -0.745656 0.125565
0 0 0 0
0.259521 0.294678
0.156006 3.367432 -0.0271
-0.655763 -0.744855 0.123149
0 0 0 0
0.259521 0.279053
0.182129 3.345703 -0.009521
-0.69156 -0.721412 -0.036195
0 0 0 0
0.272705 0.294678
0.1604 3.365967 -0.001953
-0.690633 -0.722432 -0.03342
0 0 0 0
0.272705 0.279053
0.164795 3.357422 0.022949
-0.726405 -0.660271 -0.190732
0 0 0 0
0.286194 0.279053
0.185547 3.337646 0.010742
-0.725778 -0.659507 -0.195694
0 0 0 0
0.286194 0.294678
0.168457 3.344482 0.044434
-0.75405 -0.577022 -0.313775
0 0 0 0
0.299622 0.279053
0.188965 3.325684 0.030273
-0.756288 -0.569745 -0.321588
0 0 0 0
0.299622 0.294678
0.171875 3.32666 0.063232
-0.768211 -0.473555 -0.43081
0 0 0 0
0.31311 0.279053
0.190918 3.309814 0.046143
-0.785454 -0.457309 -0.41705
0 0 0 0
0.31311 0.294678
0.176025 3.304199 0.077881
-0.754577 -0.34986 -0.555168
0 0 0 0
0.327576 0.279053
0.192383 3.289307 0.060059
-0.804923 -0.294777 -0.514981
0 0 0 0
0.327576 0.294678
0.173584 3.279541 0.090332
-0.777192 -0.16238 -0.607952
0 0 0 0
0.342163 0.279053
0.192139 3.265869 0.069336
-0.791385 -0.139511 -0.595186
0 0 0 0
0.342163 0.294678
0.172852 3.248047 0.095947
-0.749621 -0.031497 -0.661118
0 0 0 0
0.358948 0.279053
0.189941 3.238037 0.075684
-0.765616 -0.011277 -0.6432
0 0 0 0
0.358948 0.294678
0.166992 3.219238 0.100098
-0.710104 0.146086 -0.688775
0 0 0 0
0.375183 0.279053
0.185791 3.209717 0.078125
-0.705332 0.1614 -0.690258
0 0 0 0
0.375183 0.294678
0.150391 3.151611 0.09668
-0.668737 0.256031 -0.698025
0 0 0 0
0.412537 0.279053
0.17041 3.146729 0.076172
-0.668737 0.256031 -0.698025
0 0 0 0
0.412537 0.294678
0.147217 3.083008 0.068848
-0.65064 0.331027 -0.683439
0 0 0 0
0.451721 0.294678
0.126221 3.082764 0.088623
-0.76802 0.343365 -0.540598
0 0 0 0
0.451721 0.279053
0.133789 3.053955 0.064453
-0.637693 0.424711 -0.642626
0 0 0 0
0.470276 0.294678
0.115723 3.050537 0.081299
-0.729636 0.453168 -0.512122
0 0 0 0
0.470276 0.279053
0.119141 3.026123 0.05835
-0.554985 0.50968 -0.657433
0 0 0 0
0.48822 0.294678
0.101074 3.023438 0.071045
-0.6955 0.526098 -0.489388
0 0 0 0
0.48822 0.279053
0.089844 2.974121 0.042725
-0.512064 0.512064 -0.689623
0 0 0 0
0.517578 0.294678
0.073975 2.972412 0.052002
-0.692446 0.532743 -0.486522
0 0 0 0
0.517578 0.279053
0.108887 3.151611 -0.141846
-0.873364 0.129168 -0.469628
0 0 0 0
0.401367 0.47821
0.091797 3.080566 -0.130371
-0.856165 0.128125 -0.500564
0 0 0 0
0.4422 0.482117
0.088623 3.082764 -0.126221
-0.856165 0.128125 -0.500564
0 0 0 0
0.4422 0.47821
0.111572 3.149658 -0.148193
-0.871828 0.129291 -0.472441
0 0 0 0
0.401367 0.482117
0.123291 3.219238 -0.150879
-0.897541 -0.017599 -0.440579
0 0 0 0
0.362305 0.47821
0.126465 3.218506 -0.156982
-0.897422 -0.029327 -0.440197
0 0 0 0
0.362305 0.482117
0.11377 3.237061 -0.156738
-0.904016 -0.054824 -0.423968
0 0 0 0
0.350464 0.47821
0.116699 3.237061 -0.163086
-0.903897 -0.059482 -0.423594
0 0 0 0
0.350464 0.482117
0.123047 3.273682 -0.157471
-0.881259 0.220024 -0.418296
0 0 0 0
0.329834 0.482117
0.120117 3.272949 -0.151123
-0.881259 0.220024 -0.418296
0 0 0 0
0.329834 0.47821
0.176025 3.304199 0.077881
-0.754577 -0.34986 -0.555168
0 0 0 0
0.605225 0.463623
0.161621 3.326904 0.073486
-0.5812 -0.490819 -0.649078
0 0 0 0
0.593079 0.454651
0.171875 3.32666 0.063232
-0.768211 -0.473555 -0.43081
0 0 0 0
0.590271 0.462158
0.161865 3.294922 0.094971
-0.605823 -0.373697 -0.702374
0 0 0 0
0.614441 0.453857
0.173584 3.279541 0.090332
-0.777192 -0.16238 -0.607952
0 0 0 0
0.620544 0.463013
0.171875 3.32666 0.063232
-0.660238 0.488748 0.570273
0 0 0 0
0.16272 0.47821
0.177002 3.330078 0.06665
-0.660238 0.488748 0.570273
0 0 0 0
0.16272 0.482117
0.173584 3.348633 0.046631
-0.659911 0.53927 0.523168
0 0 0 0
0.177551 0.482117
0.168457 3.344482 0.044434
-0.659911 0.53927 0.523168
0 0 0 0
0.177551 0.47821
0.164795 3.357422 0.022949
-0.671152 0.620149 0.406165
0 0 0 0
0.191895 0.47821
0.169922 3.362061 0.02417
-0.671152 0.620149 0.406165
0 0 0 0
0.191895 0.482117
0.1604 3.365967 -0.001953
-0.703328 0.661633 0.259944
0 0 0 0
0.20697 0.47821
0.165283 3.371094 -0.001709
-0.70397 0.660041 0.262245
0 0 0 0
0.20697 0.482117
0.160645 3.372803 -0.028076
-0.733358 0.669228 0.119671
0 0 0 0
0.221497 0.482117
0.156006 3.367432 -0.0271
-0.733358 0.669228 0.119671
0 0 0 0
0.221497 0.47821
0.151611 3.365234 -0.05249
-0.755393 0.655198 -0.009822
0 0 0 0
0.236145 0.47821
0.156006 3.370361 -0.054443
-0.755393 0.655198 -0.009822
0 0 0 0
0.236145 0.482117
0.151855 3.361816 -0.079346
-0.773547 0.616535 -0.146663
0 0 0 0
0.250549 0.482117
0.147461 3.357178 -0.076416
-0.773547 0.616535 -0.146663
0 0 0 0
0.250549 0.47821
0.147705 3.348633 -0.102051
-0.800589 0.542122 -0.255266
0 0 0 0
0.265015 0.482117
0.143555 3.344482 -0.098145
-0.801191 0.540338 -0.257154
0 0 0 0
0.265015 0.47821
0.140381 3.32666 -0.117432
-0.816371 0.490269 -0.305244
0 0 0 0
0.28009 0.47821
0.144043 3.330078 -0.122559
-0.816371 0.490269 -0.305244
0 0 0 0
0.28009 0.482117
0.166016 3.330322 0.078125
-0.349529 0.866423 -0.356568
0 0 0 0
0.154297 0.482117
0.177002 3.330078 0.06665
-0.349529 0.866423 -0.356568
0 0 0 0
0.16272 0.482117
0.171875 3.32666 0.063232
-0.349529 0.866423 -0.356568
0 0 0 0
0.16272 0.47821
0.161621 3.326904 0.073486
-0.349529 0.866423 -0.356568
0 0 0 0
0.154297 0.47821
0.129883 3.248291 -0.14917
-0.488182 -0.033437 0.872101
0 0 0 0
0.403076 0.682922
0.11377 3.237061 -0.156738
-0.430138 0.001348 0.902762
0 0 0 0
0.410828 0.69165
0.123291 3.219238 -0.150879
-0.436492 0.146393 0.887718
0 0 0 0
0.419556 0.68396
0.120117 3.272949 -0.151123
-0.437183 -0.100888 0.893696
0 0 0 0
0.390442 0.690491
0.132812 3.279541 -0.143555
-0.523253 -0.162937 0.836456
0 0 0 0
0.385376 0.682983
0.047852 2.970459 -0.093018
0.709363 -0.509072 -0.487492
0 0 0 0
0.528259 0.38092
0.074219 3.019775 -0.105713
0.493265 -0.516207 -0.700157
0 0 0 0
0.498535 0.396362
0.055176 2.96875 -0.078369
0.487005 -0.532781 -0.692077
0 0 0 0
0.528259 0.396362
0.063232 3.022705 -0.122803
0.699169 -0.484226 -0.526012
0 0 0 0
0.498535 0.38092
0.08374 3.048584 -0.119141
0.516355 -0.439095 -0.735237
0 0 0 0
0.480286 0.396362
0.069092 3.051025 -0.137939
0.697911 -0.412346 -0.585569
0 0 0 0
0.480286 0.38092
0.091797 3.080566 -0.130371
0.539142 -0.349468 -0.766288
0 0 0 0
0.461548 0.396362
0.07373 3.080566 -0.151367
0.710274 -0.334612 -0.619311
0 0 0 0
0.461548 0.38092
0.101562 3.149658 -0.155029
0.706359 -0.258117 -0.659115
0 0 0 0
0.421936 0.396362
0.081055 3.144775 -0.175293
0.706359 -0.258117 -0.659115
0 0 0 0
0.421936 0.38092
0.083008 3.208984 -0.190918
0.688476 -0.159665 -0.707465
0 0 0 0
0.383911 0.38092
0.10498 3.218506 -0.172119
0.686882 -0.144539 -0.712251
0 0 0 0
0.383911 0.396362
0.080322 3.238281 -0.195312
0.642983 0.011691 -0.765791
0 0 0 0
0.367188 0.38092
0.101074 3.248535 -0.177979
0.656327 0.032363 -0.753782
0 0 0 0
0.367188 0.396362
0.073486 3.266846 -0.197754
0.595268 0.139986 -0.791239
0 0 0 0
0.349854 0.38092
0.094727 3.280762 -0.178955
0.608396 0.165453 -0.776195
0 0 0 0
0.349854 0.396362
0.063721 3.291016 -0.197998
0.515989 0.295414 -0.804044
0 0 0 0
0.334534 0.38092
0.081787 3.306641 -0.181396
0.564837 0.347692 -0.748378
0 0 0 0
0.334534 0.396362
0.049072 3.312988 -0.196533
0.419087 0.458254 -0.783817
0 0 0 0
0.319397 0.38092
0.066406 3.330078 -0.177002
0.435109 0.474074 -0.765463
0 0 0 0
0.319397 0.396362
0.032471 3.329834 -0.194336
0.322131 0.575697 -0.751535
0 0 0 0
0.305054 0.38092
0.045898 3.348633 -0.173584
0.314006 0.585369 -0.747491
0 0 0 0
0.305054 0.396362
0.011963 3.342529 -0.190674
0.193517 0.667698 -0.71884
0 0 0 0
0.290955 0.38092
0.023193 3.361816 -0.169678
0.188344 0.670094 -0.717984
0 0 0 0
0.290955 0.396362
-0.009277 3.350342 -0.187012
0.039365 0.725082 -0.687537
0 0 0 0
0.277283 0.38092
-0.001709 3.370361 -0.165283
0.036827 0.725107 -0.687651
0 0 0 0
0.277283 0.396362
-0.031982 3.352539 -0.183105
-0.114474 0.745966 -0.656073
0 0 0 0
0.263367 0.38092
-0.028076 3.372803 -0.160645
-0.114474 0.745966 -0.656073
0 0 0 0
0.263367 0.396362
-0.054443 3.370361 -0.156006
-0.268592 0.725823 -0.633277
0 0 0 0
0.249451 0.396362
-0.054688 3.350342 -0.178955
-0.271206 0.723632 -0.634668
0 0 0 0
0.249451 0.38092
-0.079346 3.361816 -0.151855
-0.420809 0.669074 -0.612584
0 0 0 0
0.235779 0.396362
-0.075928 3.342529 -0.175293
-0.425702 0.666478 -0.612034
0 0 0 0
0.235779 0.38092
-0.102051 3.348633 -0.147705
-0.549714 0.584302 -0.596997
0 0 0 0
0.22168 0.396362
-0.096191 3.329834 -0.171875
-0.557169 0.576936 -0.59725
0 0 0 0
0.22168 0.38092
-0.122559 3.330078 -0.144043
-0.668496 0.47224 -0.574546
0 0 0 0
0.207336 0.396362
-0.112793 3.312988 -0.168457
-0.660474 0.458011 -0.594979
0 0 0 0
0.207336 0.38092
-0.138184 3.306641 -0.143066
-0.785091 0.34746 -0.512742
0 0 0 0
0.1922 0.396362
-0.126953 3.291016 -0.164795
-0.758517 0.293818 -0.581655
0 0 0 0
0.1922 0.38092
-0.149658 3.280762 -0.136475
-0.836049 0.165279 -0.523168
0 0 0 0
0.176941 0.396362
-0.135986 3.266846 -0.161133
-0.828959 0.139576 -0.541614
0 0 0 0
0.176941 0.38092
-0.155273 3.248535 -0.133057
-0.871857 0.032203 -0.4887
0 0 0 0
0.159607 0.396362
-0.141602 3.238281 -0.156738
-0.864106 0.010786 -0.503194
0 0 0 0
0.159607 0.38092
-0.156982 3.218506 -0.126465
-0.887351 -0.14418 -0.437973
0 0 0 0
0.142883 0.396362
-0.142822 3.208984 -0.151611
-0.887721 -0.160234 -0.431597
0 0 0 0
0.142883 0.38092
-0.148193 3.149658 -0.111572
-0.887867 -0.258435 -0.380663
0 0 0 0
0.104797 0.396362
-0.135742 3.144775 -0.137451
-0.887867 -0.258435 -0.380663
0 0 0 0
0.104797 0.38092
-0.120605 3.080566 -0.117432
-0.877543 -0.336297 -0.341792
0 0 0 0
0.065247 0.38092
-0.130371 3.080566 -0.091797
-0.765379 -0.350546 -0.539734
0 0 0 0
0.065247 0.396362
-0.111816 3.051025 -0.106201
-0.855291 -0.411392 -0.315014
0 0 0 0
0.046448 0.38092
-0.119141 3.048584 -0.08374
-0.73538 -0.439302 -0.515975
0 0 0 0
0.046448 0.396362
-0.101074 3.022705 -0.094238
-0.834718 -0.485913 -0.259103
0 0 0 0
0.028259 0.38092
-0.105713 3.019775 -0.074219
-0.701178 -0.514835 -0.493249
0 0 0 0
0.028259 0.396362
-0.076416 2.970459 -0.071289
-0.832454 -0.508542 -0.22001
0 0 0 0
0.000366 0.38092
-0.078369 2.96875 -0.055176
-0.692446 -0.532743 -0.486522
0 0 0 0
0.000366 0.396362
0.071045 3.023438 -0.101074
-0.493265 0.516207 0.700157
0 0 0 0
0.487915 0.356079
0.042725 2.974121 -0.089844
-0.686842 0.513628 0.514232
0 0 0 0
0.51947 0.371704
0.052002 2.972412 -0.073975
-0.487005 0.532781 0.692077
0 0 0 0
0.51947 0.356079
0.05835 3.026123 -0.119141
-0.681432 0.489514 0.544083
0 0 0 0
0.487915 0.371704
0.080078 3.051514 -0.114014
-0.513225 0.448911 0.731491
0 0 0 0
0.470032 0.356079
0.064209 3.053955 -0.133789
-0.670033 0.429763 0.605276
0 0 0 0
0.470032 0.371704
0.088623 3.082764 -0.126221
-0.538826 0.354457 0.764217
0 0 0 0
0.451477 0.356079
0.068604 3.083008 -0.147217
-0.687854 0.337036 0.642856
0 0 0 0
0.451477 0.371704
0.096436 3.151611 -0.150391
-0.696148 0.256476 0.67052
0 0 0 0
0.412292 0.356079
0.076172 3.146729 -0.17041
-0.696148 0.256476 0.67052
0 0 0 0
0.412292 0.371704
0.078125 3.209717 -0.185791
-0.690516 0.162099 0.70492
0 0 0 0
0.374878 0.371704
0.100098 3.219238 -0.166992
-0.686882 0.14454 0.712251
0 0 0 0
0.374878 0.356079
0.075684 3.238037 -0.189941
-0.642983 -0.011691 0.765791
0 0 0 0
0.358704 0.371704
0.096191 3.248291 -0.172607
-0.656327 -0.032363 0.753782
0 0 0 0
0.358704 0.356079
0.069092 3.265869 -0.192139
-0.597594 -0.139918 0.789497
0 0 0 0
0.341919 0.371704
0.090088 3.279541 -0.173584
-0.610777 -0.162787 0.774888
0 0 0 0
0.341919 0.356079
0.060059 3.289062 -0.192383
-0.518398 -0.29529 0.802538
0 0 0 0
0.327332 0.371704
0.077148 3.303955 -0.17627
-0.564837 -0.347692 0.748378
0 0 0 0
0.327332 0.356079
0.046143 3.309814 -0.190918
-0.419087 -0.458254 0.783817
0 0 0 0
0.312866 0.371704
0.062988 3.32666 -0.171875
-0.432668 -0.474246 0.766739
0 0 0 0
0.312866 0.356079
0.030029 3.325928 -0.188965
-0.321975 -0.578003 0.74983
0 0 0 0
0.299255 0.371704
0.043701 3.344482 -0.168213
-0.314006 -0.585369 0.747491
0 0 0 0
0.299255 0.356079
0.010498 3.337646 -0.185547
-0.190986 -0.667809 0.719413
0 0 0 0
0.285767 0.371704
0.021729 3.357178 -0.164551
-0.188344 -0.670094 0.717984
0 0 0 0
0.285767 0.356079
-0.009521 3.345215 -0.182129
-0.039365 -0.725082 0.687537
0 0 0 0
0.272705 0.371704
-0.001953 3.365234 -0.1604
-0.036827 -0.725107 0.687651
0 0 0 0
0.272705 0.356079
-0.031006 3.347168 -0.178223
0.114474 -0.745965 0.656073
0 0 0 0
0.259399 0.371704
-0.0271 3.367432 -0.156006
0.114474 -0.745965 0.656073
0 0 0 0
0.259399 0.356079
-0.05249 3.365234 -0.151611
0.268592 -0.725823 0.633277
0 0 0 0
0.246155 0.356079
-0.052734 3.345215 -0.174561
0.271206 -0.723632 0.634669
0 0 0 0
0.246155 0.371704
-0.076416 3.357178 -0.147461
0.420809 -0.669074 0.612584
0 0 0 0
0.233093 0.356079
-0.072754 3.337646 -0.171143
0.423391 -0.666748 0.613341
0 0 0 0
0.233093 0.371704
-0.098145 3.344482 -0.143555
0.549714 -0.584302 0.596997
0 0 0 0
0.219604 0.356079
-0.092285 3.325928 -0.16748
0.557169 -0.576936 0.59725
0 0 0 0
0.219604 0.371704
-0.117432 3.32666 -0.140381
0.668182 -0.474471 0.573071
0 0 0 0
0.205994 0.356079
-0.10791 3.309814 -0.164062
0.660474 -0.458011 0.594979
0 0 0 0
0.205994 0.371704
-0.132324 3.303955 -0.139648
0.783331 -0.347746 0.515234
0 0 0 0
0.191528 0.356079
-0.121582 3.289062 -0.160645
0.758517 -0.293818 0.581655
0 0 0 0
0.191528 0.371704
-0.143555 3.279541 -0.132812
0.836191 -0.162894 0.523688
0 0 0 0
0.176941 0.356079
-0.130127 3.265869 -0.157227
0.830561 -0.141862 0.538556
0 0 0 0
0.176941 0.371704
-0.14917 3.248291 -0.129883
0.873421 -0.032172 0.485902
0 0 0 0
0.160156 0.356079
-0.135498 3.238037 -0.153076
0.864095 -0.013183 0.503156
0 0 0 0
0.160156 0.371704
-0.150879 3.219238 -0.123291
0.887205 0.1465 0.437499
0 0 0 0
0.143982 0.356079
-0.136475 3.209717 -0.148438
0.887721 0.160234 0.431597
0 0 0 0
0.143982 0.371704
-0.141846 3.151611 -0.108887
0.882951 0.255075 0.394125
0 0 0 0
0.106567 0.356079
-0.129395 3.146729 -0.134766
0.882682 0.257305 0.393276
0 0 0 0
0.106567 0.371704
-0.114502 3.083008 -0.115234
0.864518 0.337792 0.372163
0 0 0 0
0.067383 0.371704
-0.126221 3.082764 -0.088623
0.765103 0.352845 0.538625
0 0 0 0
0.067383 0.356079
-0.105713 3.053955 -0.104004
0.836504 0.429005 0.340905
0 0 0 0
0.048828 0.371704
-0.114014 3.051514 -0.080078
0.730328 0.448785 0.514989
0 0 0 0
0.048828 0.356079
-0.095215 3.026123 -0.092285
0.825899 0.48979 0.279276
0 0 0 0
0.030945 0.371704
-0.101074 3.023438 -0.071045
0.701178 0.514835 0.493249
0 0 0 0
0.030945 0.356079
-0.070557 2.974121 -0.070068
0.821059 0.512752 0.250893
0 0 0 0
0.000366 0.371704
-0.073975 2.972412 -0.052002
0.692446 0.532743 0.486522
0 0 0 0
0.000366 0.356079
0.063232 3.022705 -0.122803
-0.673248 -0.213344 -0.70797
0 0 0 0
0.710388 0.521851
0.047852 2.970459 -0.093018
-0.660215 -0.214089 -0.719918
0 0 0 0
0.710388 0.487549
0.042725 2.974121 -0.089844
-0.660215 -0.214089 -0.719918
0 0 0 0
0.706421 0.487549
0.05835 3.026123 -0.119141
-0.675404 -0.213218 -0.705952
0 0 0 0
0.706421 0.521851
0.069092 3.051025 -0.137939
-0.698927 -0.209298 -0.683883
0 0 0 0
0.710388 0.539795
0.064209 3.053955 -0.133789
-0.698927 -0.209298 -0.683883
0 0 0 0
0.706421 0.539795
0.07373 3.080566 -0.151367
-0.695821 -0.186994 -0.693446
0 0 0 0
0.710388 0.557861
0.068604 3.083008 -0.147217
-0.695821 -0.186994 -0.693446
0 0 0 0
0.706421 0.557861
0.076172 3.146729 -0.17041
-0.705332 -0.1614 -0.690258
0 0 0 0
0.706421 0.595825
0.081055 3.144775 -0.175293
-0.705332 -0.1614 -0.690258
0 0 0 0
0.710388 0.595825
0.078125 3.209717 -0.185791
-0.726476 -0.150349 -0.670543
0 0 0 0
0.706421 0.632141
0.083008 3.208984 -0.190918
-0.726476 -0.150349 -0.670543
0 0 0 0
0.710388 0.632141
0.075684 3.238037 -0.189941
-0.748383 -0.196154 -0.633598
0 0 0 0
0.706421 0.648376
0.080322 3.238281 -0.195312
-0.748519 -0.19369 -0.634195
0 0 0 0
0.710388 0.648376
0.073486 3.266846 -0.197754
-0.749865 -0.261523 -0.607707
0 0 0 0
0.710388 0.66449
0.069092 3.265869 -0.192139
-0.749676 -0.263936 -0.606897
0 0 0 0
0.706421 0.66449
0.060059 3.289062 -0.192383
-0.716853 -0.366446 -0.59316
0 0 0 0
0.706421 0.67865
0.063721 3.291016 -0.197998
-0.717108 -0.364108 -0.594291
0 0 0 0
0.710388 0.67865
0.049072 3.312988 -0.196533
-0.64546 -0.464582 -0.606255
0 0 0 0
0.710388 0.692871
0.046143 3.309814 -0.190918
-0.64546 -0.464582 -0.606255
0 0 0 0
0.706421 0.692871
0.030029 3.325928 -0.188965
-0.537308 -0.547328 -0.641663
0 0 0 0
0.706421 0.70575
0.032471 3.329834 -0.194336
-0.534797 -0.549827 -0.641625
0 0 0 0
0.710388 0.70575
0.011963 3.342529 -0.190674
-0.413683 -0.611036 -0.674908
0 0 0 0
0.710388 0.718872
0.010498 3.337646 -0.185547
-0.416057 -0.610808 -0.673655
0 0 0 0
0.706421 0.718872
-0.009521 3.345215 -0.182129
-0.274532 -0.652492 -0.706319
0 0 0 0
0.706421 0.731262
-0.009277 3.350342 -0.187012
-0.274532 -0.652492 -0.706319
0 0 0 0
0.710388 0.731262
-0.031982 3.352539 -0.183105
-0.127406 -0.667917 -0.73325
0 0 0 0
0.710388 0.743774
-0.031006 3.347168 -0.178223
-0.127406 -0.667917 -0.73325
0 0 0 0
0.706421 0.743774
-0.052734 3.345215 -0.174561
0.019441 -0.651936 -0.758025
0 0 0 0
0.706421 0.756348
-0.054688 3.350342 -0.178955
0.019441 -0.651936 -0.758025
0 0 0 0
0.710388 0.756348
-0.075928 3.342529 -0.175293
0.162787 -0.610777 -0.774888
0 0 0 0
0.710388 0.768677
-0.072754 3.337646 -0.171143
0.162787 -0.610777 -0.774888
0 0 0 0
0.706421 0.768677
-0.092285 3.325928 -0.16748
0.286128 -0.547431 -0.786416
0 0 0 0
0.706421 0.781799
-0.096191 3.329834 -0.171875
0.285999 -0.549797 -0.784811
0 0 0 0
0.710388 0.781799
-0.112793 3.312988 -0.168457
0.40145 -0.464217 -0.789519
0 0 0 0
0.710388 0.794739
-0.10791 3.309814 -0.164062
0.403932 -0.464064 -0.788342
0 0 0 0
0.706421 0.794739
-0.121582 3.289062 -0.160645
0.473587 -0.366013 -0.801093
0 0 0 0
0.706421 0.808899
-0.126953 3.291016 -0.164795
0.473587 -0.366013 -0.801093
0 0 0 0
0.710388 0.808899
-0.135986 3.266846 -0.161133
0.498033 -0.262887 -0.82635
0 0 0 0
0.710388 0.823059
-0.130127 3.265869 -0.157227
0.498033 -0.262887 -0.82635
0 0 0 0
0.706421 0.823059
-0.135498 3.238037 -0.153076
0.49051 -0.195406 -0.849244
0 0 0 0
0.706421 0.839233
-0.141602 3.238281 -0.156738
0.49051 -0.195406 -0.849244
0 0 0 0
0.710388 0.839233
-0.142822 3.208984 -0.151611
0.456641 -0.151321 -0.876688
0 0 0 0
0.710388 0.855408
-0.136475 3.209717 -0.148438
0.456641 -0.151321 -0.876688
0 0 0 0
0.706421 0.855408
-0.135742 3.144775 -0.137451
0.431153 -0.159836 -0.888009
0 0 0 0
0.710388 0.891724
-0.129395 3.146729 -0.134766
0.431153 -0.159836 -0.888009
0 0 0 0
0.706421 0.891724
-0.120605 3.080566 -0.117432
0.420398 -0.186694 -0.887925
0 0 0 0
0.710388 0.929688
-0.114502 3.083008 -0.115234
0.420398 -0.186694 -0.887925
0 0 0 0
0.706421 0.929688
-0.105713 3.053955 -0.104004
0.424924 -0.210452 -0.880426
0 0 0 0
0.706421 0.947754
-0.111816 3.051025 -0.106201
0.424924 -0.210452 -0.880426
0 0 0 0
0.710388 0.947754
-0.095215 3.026123 -0.092285
0.394212 -0.211233 -0.894415
0 0 0 0
0.706421 0.965698
-0.101074 3.022705 -0.094238
0.394212 -0.211233 -0.894415
0 0 0 0
0.710388 0.965698
-0.070557 2.974121 -0.070068
0.378663 -0.214261 -0.900393
0 0 0 0
0.706421 0.999512
-0.076416 2.970459 -0.071289
0.378663 -0.214261 -0.900393
0 0 0 0
0.710388 0.999512
0.091797 3.080566 -0.130371
0.761313 0.128761 0.635471
0 0 0 0
0.733582 0.999512
0.096436 3.151611 -0.150391
0.739429 0.129747 0.660613
0 0 0 0
0.729675 0.959167
0.088623 3.082764 -0.126221
0.761313 0.128761 0.635471
0 0 0 0
0.729675 0.999512
0.101562 3.149658 -0.155029
0.739429 0.129747 0.660613
0 0 0 0
0.733582 0.959167
0.100098 3.219238 -0.166992
0.718995 -0.019088 0.694753
0 0 0 0
0.729675 0.920105
0.10498 3.218506 -0.172119
0.718934 -0.029266 0.694462
0 0 0 0
0.733582 0.920105
0.108887 3.237061 -0.160156
0.70606 -0.054902 0.706021
0 0 0 0
0.729675 0.908264
0.114014 3.237061 -0.165039
0.705989 -0.060003 0.705677
0 0 0 0
0.733582 0.908264
0.106445 3.273682 -0.169189
0.692075 0.219686 0.687582
0 0 0 0
0.733582 0.887634
0.101562 3.272949 -0.164062
0.692075 0.219686 0.687582
0 0 0 0
0.729675 0.887634
0.045898 3.348633 -0.173584
0.511211 0.541505 0.667409
0 0 0 0
0.733582 0.822815
0.062988 3.32666 -0.171875
0.56373 0.490584 0.664481
0 0 0 0
0.729675 0.837891
0.066406 3.330078 -0.177002
0.56373 0.490584 0.664481
0 0 0 0
0.733582 0.837891
0.043701 3.344482 -0.168213
0.511211 0.541505 0.667409
0 0 0 0
0.729675 0.822815
0.021729 3.357178 -0.164551
0.398936 0.616768 0.678562
0 0 0 0
0.729675 0.80835
0.023193 3.361816 -0.169678
0.398936 0.616768 0.678562
0 0 0 0
0.733582 0.80835
-0.001953 3.365234 -0.1604
0.264415 0.65529 0.707588
0 0 0 0
0.729675 0.793945
-0.001709 3.370361 -0.165283
0.266908 0.655137 0.706793
0 0 0 0
0.733582 0.793945
-0.028076 3.372803 -0.160645
0.127406 0.667917 0.73325
0 0 0 0
0.733582 0.779358
-0.0271 3.367432 -0.156006
0.127406 0.667917 0.73325
0 0 0 0
0.729675 0.779358
-0.05249 3.365234 -0.151611
-0.009063 0.65643 0.754333
0 0 0 0
0.729675 0.764709
-0.054443 3.370361 -0.156006
-0.011652 0.656424 0.754302
0 0 0 0
0.733582 0.764709
-0.079346 3.361816 -0.151855
-0.144537 0.615909 0.774445
0 0 0 0
0.733582 0.750366
-0.076416 3.357178 -0.147461
-0.144537 0.615909 0.774445
0 0 0 0
0.729675 0.750366
-0.102051 3.348633 -0.147705
-0.255786 0.541742 0.80068
0 0 0 0
0.733582 0.735901
-0.098145 3.344482 -0.143555
-0.255786 0.541742 0.80068
0 0 0 0
0.729675 0.735901
-0.117432 3.32666 -0.140381
-0.3043 0.491359 0.816068
0 0 0 0
0.729675 0.720825
-0.122559 3.330078 -0.144043
-0.3043 0.491359 0.816068
0 0 0 0
0.733582 0.720825
0.077148 3.303955 -0.17627
-0.564837 -0.347692 0.748378
0 0 0 0
0.511902 0.515808
0.073242 3.326904 -0.161621
-0.66384 -0.477327 0.575738
0 0 0 0
0.523926 0.525146
0.062988 3.32666 -0.171875
-0.432668 -0.474246 0.766739
0 0 0 0
0.526794 0.5177
0.092285 3.294678 -0.162598
-0.738141 -0.379441 0.557828
0 0 0 0
0.503235 0.524597
0.090088 3.279541 -0.173584
-0.610777 -0.162787 0.774888
0 0 0 0
0.496521 0.516479
0.077881 3.330322 -0.166016
-0.354739 0.869281 0.344253
0 0 0 0
0.733582 0.846375
0.066406 3.330078 -0.177002
-0.354739 0.869281 0.344253
0 0 0 0
0.733582 0.837891
0.062988 3.32666 -0.171875
-0.354739 0.869281 0.344253
0 0 0 0
0.729675 0.837891
0.073242 3.326904 -0.161621
-0.354739 0.869281 0.344253
0 0 0 0
0.729675 0.846375
0.077881 3.330322 -0.166016
0.661507 0.479868 -0.576312
0 0 0 0
0.700867 0.382629
0.081787 3.306641 -0.181396
0.564837 0.347692 -0.748378
0 0 0 0
0.688538 0.392578
0.066406 3.330078 -0.177002
0.435109 0.474074 -0.765463
0 0 0 0
0.704163 0.39093
0.097656 3.297363 -0.166748
0.738422 0.377144 -0.559013
0 0 0 0
0.679565 0.383118
0.094727 3.280762 -0.178955
0.608396 0.165453 -0.776195
0 0 0 0
0.672424 0.392273
0.130615 3.080566 0.091797
-0.6346 0.125882 0.76252
0 0 0 0
0.000366 0.482117
0.150391 3.151611 0.09668
-0.661248 0.130187 0.738784
0 0 0 0
0.040771 0.47821
0.126221 3.082764 0.088623
-0.6346 0.125882 0.76252
0 0 0 0
0.000366 0.47821
0.155029 3.149658 0.101562
-0.661248 0.130187 0.738784
0 0 0 0
0.040771 0.482117
0.166992 3.219238 0.100098
-0.70004 -0.008958 0.714047
0 0 0 0
0.079834 0.47821
0.172119 3.218506 0.10498
-0.700026 -0.014077 0.713978
0 0 0 0
0.079834 0.482117
0.165039 3.237061 0.113037
-0.722753 -0.0597 0.688523
0 0 0 0
0.09137 0.482117
0.160156 3.237061 0.107666
-0.722827 -0.054625 0.688867
0 0 0 0
0.09137 0.47821
0.169189 3.273682 0.106445
-0.708055 0.193797 0.679044
0 0 0 0
0.111938 0.482117
0.164062 3.272949 0.101562
-0.708055 0.193797 0.679044
0 0 0 0
0.111938 0.47821
-0.161865 0.238037 -0.058838
-0.563648 0.799843 -0.206281
0 0 0 0
0.399231 0.156311
-0.169434 0.238037 -0.029785
-0.590635 0.800181 -0.104214
0 0 0 0
0.414612 0.156311
-0.172119 0.238037 0
-0.599218 0.800586 0.000001
0 0 0 0
0.429932 0.156311
-0.169434 0.238037 0.029785
-0.590635 0.800181 0.104214
0 0 0 0
0.445312 0.156311
-0.161865 0.238037 0.058838
-0.563648 0.799843 0.206281
0 0 0 0
0.460632 0.156311
-0.14917 0.238037 0.086182
-0.520016 0.800624 0.297631
0 0 0 0
0.476013 0.156311
-0.131836 0.238037 0.110596
-0.45923 0.799912 0.386328
0 0 0 0
0.491333 0.156311
-0.110596 0.238037 0.131836
-0.386216 0.799596 0.459874
0 0 0 0
0.506714 0.156311
-0.086182 0.238037 0.14917
-0.299907 0.800957 0.518192
0 0 0 0
0.522095 0.156311
-0.058838 0.238037 0.161865
-0.204115 0.800573 0.563401
0 0 0 0
0.537415 0.156311
-0.029785 0.238037 0.169434
-0.104792 0.800115 0.590622
0 0 0 0
0.552795 0.156311
-0.058838 0.238037 0.161865
-0.204115 0.800573 0.563401
0 0 0 0
0.641296 0.089661
-0.035889 0.226318 0.203857
-0.054868 0.948433 0.312193
0 0 0 0
0.659668 0.110107
-0.029785 0.238037 0.169434
-0.104792 0.800115 0.590622
0 0 0 0
0.659668 0.089661
-0.070801 0.226318 0.19458
-0.107934 0.949148 0.29575
0 0 0 0
0.641296 0.110107
-0.086182 0.238037 0.14917
-0.299907 0.800957 0.518192
0 0 0 0
0.622986 0.089661
-0.103516 0.226318 0.179443
-0.157863 0.948284 0.275386
0 0 0 0
0.622986 0.110107
-0.110596 0.238037 0.131836
-0.386216 0.799596 0.459874
0 0 0 0
0.604675 0.089661
-0.133057 0.226318 0.158691
-0.20369 0.948738 0.241674
0 0 0 0
0.604675 0.110107
-0.131836 0.238037 0.110596
-0.45923 0.799912 0.386328
0 0 0 0
0.586365 0.089661
-0.158691 0.226318 0.133057
-0.241257 0.948944 0.203223
0 0 0 0
0.586365 0.110107
-0.14917 0.238037 0.086182
-0.520016 0.800624 0.297631
0 0 0 0
0.568054 0.089661
-0.179443 0.226318 0.103516
-0.274691 0.948262 0.1592
0 0 0 0
0.568054 0.110107
-0.161865 0.238037 0.058838
-0.563648 0.799843 0.206281
0 0 0 0
0.549683 0.089661
-0.19458 0.226318 0.070801
-0.29759 0.948374 0.109664
0 0 0 0
0.549683 0.110107
-0.169434 0.238037 0.029785
-0.590635 0.800181 0.104214
0 0 0 0
0.531372 0.089661
-0.203857 0.226318 0.035889
-0.312146 0.948483 0.054258
0 0 0 0
0.531372 0.110107
-0.172119 0.238037 0
-0.599218 0.800586 0.000001
0 0 0 0
0.513062 0.089661
-0.207031 0.226318 0
-0.315641 0.948878 0.000613
0 0 0 0
0.513062 0.110107
-0.169434 0.238037 -0.029785
-0.590635 0.800181 -0.104214
0 0 0 0
0.494751 0.089661
-0.203857 0.226318 -0.035889
-0.312146 0.948483 -0.054258
0 0 0 0
0.494751 0.110107
-0.161865 0.238037 -0.058838
-0.563648 0.799843 -0.206281
0 0 0 0
0.476379 0.089661
-0.19458 0.226318 -0.070801
-0.29759 0.948374 -0.109664
0 0 0 0
0.476379 0.110107
-0.14917 0.238037 -0.086182
-0.520016 0.800624 -0.297631
0 0 0 0
0.458069 0.089661
-0.179443 0.226318 -0.103516
-0.274691 0.948262 -0.1592
0 0 0 0
0.458069 0.110107
-0.131836 0.238037 -0.110596
-0.45923 0.799912 -0.386328
0 0 0 0
0.439758 0.089661
-0.158691 0.226318 -0.133057
-0.241257 0.948944 -0.203223
0 0 0 0
0.439758 0.110107
-0.110596 0.238037 -0.131836
-0.386216 0.799596 -0.459874
0 0 0 0
0.421448 0.089661
-0.133057 0.226318 -0.158691
-0.20369 0.948738 -0.241674
0 0 0 0
0.421448 0.110107
-0.086182 0.238037 -0.14917
-0.299907 0.800957 -0.518192
0 0 0 0
0.403137 0.089661
-0.103516 0.226318 -0.179443
-0.157863 0.948284 -0.275386
0 0 0 0
0.403137 0.110107
-0.058838 0.238037 -0.161865
-0.204115 0.800573 -0.563401
0 0 0 0
0.384766 0.089661
-0.070801 0.226318 -0.19458
-0.107934 0.949148 -0.29575
0 0 0 0
0.384766 0.110107
-0.029785 0.238037 -0.169434
-0.104792 0.800115 -0.590622
0 0 0 0
0.366455 0.089661
-0.035889 0.226318 -0.203857
-0.054868 0.948433 -0.312193
0 0 0 0
0.366455 0.110107
0 0.238037 -0.172119
-0.001236 0.799998 -0.600001
0 0 0 0
0.348145 0.089661
0 0.226318 -0.207031
0.001122 0.948184 -0.31772
0 0 0 0
0.348145 0.110107
0.029785 0.238037 -0.169434
0.104792 0.800115 -0.590622
0 0 0 0
0.329834 0.089661
0.035889 0.226318 -0.203857
0.054868 0.948433 -0.312193
0 0 0 0
0.329834 0.110107
0.058838 0.238037 -0.161865
0.204116 0.800573 -0.5634
0 0 0 0
0.311523 0.089661
0.070801 0.226318 -0.19458
0.107934 0.949148 -0.29575
0 0 0 0
0.311523 0.110107
0.086182 0.238037 -0.14917
0.299907 0.800957 -0.518192
0 0 0 0
0.293152 0.089661
0.103516 0.226318 -0.179443
0.157863 0.948284 -0.275386
0 0 0 0
0.293152 0.110107
0.110596 0.238037 -0.131836
0.386216 0.799596 -0.459873
0 0 0 0
0.274841 0.089661
0.133057 0.226318 -0.158691
0.20369 0.948738 -0.241674
0 0 0 0
0.274841 0.110107
0.131836 0.238037 -0.110596
0.45923 0.799912 -0.386328
0 0 0 0
0.256531 0.089661
0.158691 0.226318 -0.133057
0.241257 0.948944 -0.203223
0 0 0 0
0.256531 0.110107
0.14917 0.238037 -0.086182
0.520016 0.800624 -0.29763
0 0 0 0
0.23822 0.089661
0.179443 0.226318 -0.103516
0.274691 0.948262 -0.1592
0 0 0 0
0.23822 0.110107
0.161865 0.238037 -0.058838
0.563648 0.799843 -0.206281
0 0 0 0
0.21991 0.089661
0.19458 0.226318 -0.070801
0.29759 0.948374 -0.109664
0 0 0 0
0.21991 0.110107
0.169434 0.238037 -0.029785
0.590635 0.800181 -0.104214
0 0 0 0
0.201538 0.089661
0.203857 0.226318 -0.035889
0.312146 0.948483 -0.054258
0 0 0 0
0.201538 0.110107
0.172119 0.238037 0
0.599218 0.800586 0.000001
0 0 0 0
0.183228 0.089661
0.207031 0.226318 0
0.315641 0.948878 0.000613
0 0 0 0
0.183228 0.110107
0.169434 0.238037 0.029785
0.590635 0.800181 0.104214
0 0 0 0
0.164917 0.089661
0.203857 0.226318 0.035889
0.312146 0.948483 0.054258
0 0 0 0
0.164917 0.110107
0.161865 0.238037 0.058838
0.563648 0.799843 0.206281
0 0 0 0
0.146606 0.089661
0.19458 0.226318 0.070801
0.29759 0.948374 0.109664
0 0 0 0
0.146606 0.110107
0.14917 0.238037 0.086182
0.520016 0.800624 0.29763
0 0 0 0
0.128235 0.089661
0.179443 0.226318 0.103516
0.274691 0.948262 0.1592
0 0 0 0
0.128235 0.110107
0.131836 0.238037 0.110596
0.45923 0.799912 0.386328
0 0 0 0
0.109924 0.089661
0.158691 0.226318 0.133057
0.241257 0.948944 0.203223
0 0 0 0
0.109924 0.110107
0.110596 0.238037 0.131836
0.386216 0.799596 0.459873
0 0 0 0
0.091614 0.089661
0.133057 0.226318 0.158691
0.20369 0.948738 0.241674
0 0 0 0
0.091614 0.110107
0.086182 0.238037 0.14917
0.299907 0.800957 0.518192
0 0 0 0
0.073303 0.089661
0.103516 0.226318 0.179443
0.157863 0.948284 0.275386
0 0 0 0
0.073303 0.110107
0.058838 0.238037 0.161865
0.204116 0.800573 0.5634
0 0 0 0
0.054993 0.089661
0.070801 0.226318 0.19458
0.107934 0.949148 0.29575
0 0 0 0
0.054993 0.110107
0.029785 0.238037 0.169434
0.104792 0.800115 0.590622
0 0 0 0
0.036621 0.089661
0.035889 0.226318 0.203857
0.054868 0.948433 0.312193
0 0 0 0
0.036621 0.110107
0 0.238037 0.172119
0.001236 0.799998 0.600001
0 0 0 0
0.018311 0.089661
0 0.226318 0.207031
0.001122 0.948184 0.31772
0 0 0 0
0.018311 0.110107
-0.029785 0.238037 0.169434
-0.104792 0.800115 0.590622
0 0 0 0
0.000366 0.089661
-0.035889 0.226318 0.203857
-0.054868 0.948433 0.312193
0 0 0 0
0.000366 0.110107
-0.070801 0.226318 0.19458
-0.324019 0.315953 0.891732
0 0 0 0
0.02063 0.013794
-0.036621 0.216309 0.207275
-0.133266 0.64563 0.751932
0 0 0 0
0.000366 0.007935
-0.035889 0.226318 0.203857
-0.164495 0.316755 0.934135
0 0 0 0
0.000366 0.013794
-0.072021 0.216309 0.197754
-0.26016 0.644634 0.718863
0 0 0 0
0.02063 0.007935
-0.103516 0.226318 0.179443
-0.473723 0.315376 0.822268
0 0 0 0
0.041199 0.013794
-0.105225 0.216309 0.182129
-0.381928 0.64411 0.662761
0 0 0 0
0.041199 0.007935
-0.133057 0.226318 0.158691
-0.610031 0.317216 0.72611
0 0 0 0
0.061829 0.013794
-0.135254 0.216309 0.161133
-0.490958 0.645997 0.584506
0 0 0 0
0.061829 0.007935
-0.158691 0.226318 0.133057
-0.725786 0.316368 0.610856
0 0 0 0
0.082397 0.013794
-0.161133 0.216309 0.135254
-0.585861 0.645521 0.489969
0 0 0 0
0.082397 0.007935
-0.179443 0.226318 0.103516
-0.82216 0.316763 0.472984
0 0 0 0
0.103027 0.013794
-0.182129 0.216309 0.105225
-0.661086 0.64499 0.383346
0 0 0 0
0.103027 0.007935
-0.19458 0.226318 0.070801
-0.891837 0.316023 0.323659
0 0 0 0
0.123596 0.013794
-0.197754 0.216309 0.072021
-0.718934 0.644296 0.2608
0 0 0 0
0.123596 0.007935
-0.203857 0.226318 0.035889
-0.934219 0.315629 0.166171
0 0 0 0
0.144226 0.013794
-0.207275 0.216309 0.036621
-0.752737 0.644459 0.134386
0 0 0 0
0.144226 0.007935
-0.207031 0.226318 0
-0.948878 0.315641 0.000613
0 0 0 0
0.164795 0.013794
-0.210449 0.216309 0
-0.764275 0.644887 -0.002185
0 0 0 0
0.164795 0.007935
-0.203857 0.226318 -0.035889
-0.934219 0.315629 -0.166171
0 0 0 0
0.185425 0.013794
-0.207275 0.216309 -0.036621
-0.752737 0.644459 -0.134386
0 0 0 0
0.185425 0.007935
-0.19458 0.226318 -0.070801
-0.891837 0.316023 -0.323659
0 0 0 0
0.206055 0.013794
-0.197754 0.216309 -0.072021
-0.718934 0.644296 -0.2608
0 0 0 0
0.206055 0.007935
-0.179443 0.226318 -0.103516
-0.82216 0.316763 -0.472984
0 0 0 0
0.226624 0.013794
-0.182129 0.216309 -0.105225
-0.661086 0.64499 -0.383346
0 0 0 0
0.226624 0.007935
-0.158691 0.226318 -0.133057
-0.725786 0.316368 -0.610856
0 0 0 0
0.247253 0.013794
-0.161133 0.216309 -0.135254
-0.585861 0.645521 -0.489969
0 0 0 0
0.247253 0.007935
-0.133057 0.226318 -0.158691
-0.610031 0.317216 -0.72611
0 0 0 0
0.267822 0.013794
-0.135254 0.216309 -0.161133
-0.490958 0.645997 -0.584506
0 0 0 0
0.267822 0.007935
-0.103516 0.226318 -0.179443
-0.473723 0.315376 -0.822268
0 0 0 0
0.288452 0.013794
-0.105225 0.216309 -0.182129
-0.381928 0.64411 -0.662761
0 0 0 0
0.288452 0.007935
-0.070801 0.226318 -0.19458
-0.324019 0.315953 -0.891732
0 0 0 0
0.309021 0.013794
-0.072021 0.216309 -0.197754
-0.26016 0.644634 -0.718863
0 0 0 0
0.309021 0.007935
-0.035889 0.226318 -0.203857
-0.164495 0.316755 -0.934135
0 0 0 0
0.329651 0.013794
-0.036621 0.216309 -0.207275
-0.133266 0.64563 -0.751932
0 0 0 0
0.329651 0.007935
0 0.226318 -0.207031
0.001365 0.315242 -0.94901
0 0 0 0
0.350281 0.013794
0 0.216309 -0.210449
0.001298 0.645248 -0.763972
0 0 0 0
0.350281 0.007935
0.035889 0.226318 -0.203857
0.164495 0.316755 -0.934135
0 0 0 0
0.37085 0.013794
0.036621 0.216309 -0.207275
0.133266 0.64563 -0.751932
0 0 0 0
0.37085 0.007935
0.070801 0.226318 -0.19458
0.32402 0.315953 -0.891732
0 0 0 0
0.391479 0.013794
0.072021 0.216309 -0.197754
0.26016 0.644634 -0.718863
0 0 0 0
0.391479 0.007935
0.103516 0.226318 -0.179443
0.473724 0.315376 -0.822268
0 0 0 0
0.412048 0.013794
0.105225 0.216309 -0.182129
0.381928 0.64411 -0.662761
0 0 0 0
0.412048 0.007935
0.133057 0.226318 -0.158691
0.610031 0.317216 -0.72611
0 0 0 0
0.432678 0.013794
0.135254 0.216309 -0.161133
0.490958 0.645997 -0.584506
0 0 0 0
0.432678 0.007935
0.158691 0.226318 -0.133057
0.725786 0.316368 -0.610856
0 0 0 0
0.453247 0.013794
0.161133 0.216309 -0.135254
0.585861 0.645521 -0.489969
0 0 0 0
0.453247 0.007935
0.179443 0.226318 -0.103516
0.82216 0.316763 -0.472983
0 0 0 0
0.473877 0.013794
0.182129 0.216309 -0.105225
0.661086 0.64499 -0.383346
0 0 0 0
0.473877 0.007935
0.19458 0.226318 -0.070801
0.891837 0.316023 -0.323659
0 0 0 0
0.494446 0.013794
0.197754 0.216309 -0.072021
0.718934 0.644296 -0.2608
0 0 0 0
0.494446 0.007935
0.203857 0.226318 -0.035889
0.934219 0.315629 -0.166171
0 0 0 0
0.515076 0.013794
0.207275 0.216309 -0.036621
0.752737 0.644459 -0.134386
0 0 0 0
0.515076 0.007935
0.207031 0.226318 0
0.948878 0.315641 -0.000613
0 0 0 0
0.535706 0.013794
0.210449 0.216309 0
0.764275 0.644887 0.002185
0 0 0 0
0.535706 0.007935
0.203857 0.226318 0.035889
0.934219 0.315629 0.166171
0 0 0 0
0.556274 0.013794
0.207275 0.216309 0.036621
0.752737 0.644459 0.134386
0 0 0 0
0.556274 0.007935
0.19458 0.226318 0.070801
0.891837 0.316023 0.323659
0 0 0 0
0.576904 0.013794
0.197754 0.216309 0.072021
0.718934 0.644296 0.2608
0 0 0 0
0.576904 0.007935
0.179443 0.226318 0.103516
0.82216 0.316763 0.472983
0 0 0 0
0.597473 0.013794
0.182129 0.216309 0.105225
0.661086 0.64499 0.383346
0 0 0 0
0.597473 0.007935
0.158691 0.226318 0.133057
0.725786 0.316368 0.610856
0 0 0 0
0.618103 0.013794
0.161133 0.216309 0.135254
0.585861 0.645521 0.489969
0 0 0 0
0.618103 0.007935
0.133057 0.226318 0.158691
0.610031 0.317216 0.72611
0 0 0 0
0.638672 0.013794
0.135254 0.216309 0.161133
0.490958 0.645997 0.584506
0 0 0 0
0.638672 0.007935
0.103516 0.226318 0.179443
0.473724 0.315376 0.822268
0 0 0 0
0.659302 0.013794
0.105225 0.216309 0.182129
0.381928 0.64411 0.662761
0 0 0 0
0.659302 0.007935
0.070801 0.226318 0.19458
0.32402 0.315953 0.891732
0 0 0 0
0.679871 0.013794
0.072021 0.216309 0.197754
0.26016 0.644634 0.718863
0 0 0 0
0.679871 0.007935
0.035889 0.226318 0.203857
0.164495 0.316755 0.934135
0 0 0 0
0.7005 0.013794
0.036621 0.216309 0.207275
0.133266 0.64563 0.751932
0 0 0 0
0.7005 0.007935
0 0.226318 0.207031
0.001365 0.315242 0.94901
0 0 0 0
0.72113 0.013794
0 0.216309 0.210449
0.001298 0.645248 0.763972
0 0 0 0
0.72113 0.007935
-0.035889 0.226318 0.203857
-0.164495 0.316755 0.934135
0 0 0 0
0.741699 0.013794
-0.036621 0.216309 0.207275
-0.133266 0.64563 0.751932
0 0 0 0
0.741699 0.007935
0 0.208008 0.222168
-0.00123 0.812827 0.582504
0 0 0 0
0.72113 0.000305
-0.038574 0.208008 0.21875
-0.10177 0.812936 0.573392
0 0 0 0
0.741699 0.000305
0.038574 0.208008 0.21875
0.10177 0.812936 0.573392
0 0 0 0
0.7005 0.000305
0.075928 0.208008 0.20874
0.198176 0.813371 0.54695
0 0 0 0
0.679871 0.000305
0.111084 0.208008 0.192383
0.291216 0.813727 0.503033
0 0 0 0
0.659302 0.000305
0.142822 0.208008 0.170166
0.372503 0.814336 0.445082
0 0 0 0
0.638672 0.000305
0.170166 0.208008 0.142822
0.44546 0.814195 0.372361
0 0 0 0
0.618103 0.000305
0.192383 0.208008 0.111084
0.503042 0.813972 0.290514
0 0 0 0
0.597473 0.000305
0.20874 0.208008 0.075928
0.546529 0.813911 0.197115
0 0 0 0
0.576904 0.000305
0.21875 0.208008 0.038574
0.573239 0.813199 0.100522
0 0 0 0
0.556274 0.000305
0.222168 0.208008 0
0.582162 0.81307 0.001857
0 0 0 0
0.535706 0.000305
0.21875 0.208008 -0.038574
0.573239 0.813199 -0.100522
0 0 0 0
0.515076 0.000305
0.20874 0.208008 -0.075928
0.546529 0.813911 -0.197115
0 0 0 0
0.494446 0.000305
0.192383 0.208008 -0.111084
0.503042 0.813972 -0.290514
0 0 0 0
0.473877 0.000305
0.170166 0.208008 -0.142822
0.44546 0.814195 -0.372361
0 0 0 0
0.453247 0.000305
0.142822 0.208008 -0.170166
0.372503 0.814336 -0.445082
0 0 0 0
0.432678 0.000305
0.111084 0.208008 -0.192383
0.291216 0.813727 -0.503033
0 0 0 0
0.412048 0.000305
0.075928 0.208008 -0.20874
0.198176 0.813371 -0.54695
0 0 0 0
0.391479 0.000305
0.038574 0.208008 -0.21875
0.10177 0.812936 -0.573392
0 0 0 0
0.37085 0.000305
0 0.208008 -0.222168
0.00123 0.812827 -0.582504
0 0 0 0
0.350281 0.000305
-0.038574 0.208008 -0.21875
-0.10177 0.812936 -0.573392
0 0 0 0
0.329651 0.000305
-0.075928 0.208008 -0.20874
-0.198176 0.813371 -0.54695
0 0 0 0
0.309021 0.000305
-0.111084 0.208008 -0.192383
-0.291216 0.813727 -0.503033
0 0 0 0
0.288452 0.000305
-0.142822 0.208008 -0.170166
-0.372503 0.814336 -0.445082
0 0 0 0
0.267822 0.000305
-0.170166 0.208008 -0.142822
-0.445459 0.814195 -0.372361
0 0 0 0
0.247253 0.000305
-0.192383 0.208008 -0.111084
-0.503042 0.813972 -0.290514
0 0 0 0
0.226624 0.000305
-0.20874 0.208008 -0.075928
-0.546529 0.813911 -0.197115
0 0 0 0
0.206055 0.000305
-0.21875 0.208008 -0.038574
-0.573239 0.813199 -0.100522
0 0 0 0
0.185425 0.000305
-0.222168 0.208008 0
-0.582162 0.81307 0.001857
0 0 0 0
0.164795 0.000305
-0.21875 0.208008 0.038574
-0.573239 0.813199 0.100522
0 0 0 0
0.144226 0.000305
-0.20874 0.208008 0.075928
-0.546529 0.813911 0.197115
0 0 0 0
0.123596 0.000305
-0.192383 0.208008 0.111084
-0.503042 0.813972 0.290514
0 0 0 0
0.103027 0.000305
-0.170166 0.208008 0.142822
-0.445459 0.814195 0.372361
0 0 0 0
0.082397 0.000305
-0.142822 0.208008 0.170166
-0.372503 0.814336 0.445082
0 0 0 0
0.061829 0.000305
-0.111084 0.208008 0.192383
-0.291216 0.813727 0.503033
0 0 0 0
0.041199 0.000305
-0.075928 0.208008 0.20874
-0.198176 0.813371 0.54695
0 0 0 0
0.02063 0.000305
-0.038574 0.208008 0.21875
-0.10177 0.812936 0.573392
0 0 0 0
0.000366 0.000305
-0.040039 0.119873 0.226807
-0.171422 0.182393 0.968167
0 0 0 0
0.979675 0.999512
-0.040283 0.083252 0.228516
-0.172111 0.045437 0.984029
0 0 0 0
0.999695 0.999512
0 0.083252 0.232178
-0.001382 0.045608 0.998958
0 0 0 0
0.999695 0.978027
0 0.119873 0.230469
-0.001377 0.183083 0.983096
0 0 0 0
0.979675 0.978027
-0.038818 0.126465 0.220459
-0.171947 0.097666 0.980253
0 0 0 0
0.974426 0.999512
0 0.126465 0.223877
-0.001381 0.098033 0.995182
0 0 0 0
0.974426 0.978027
-0.038574 0.208008 0.21875
-0.17488 0.020655 0.984373
0 0 0 0
0.929199 0.999512
0 0.208008 0.222168
0.001382 0.020735 0.999784
0 0 0 0
0.929199 0.978027
0.038818 0.126465 0.220459
0.171947 0.097666 0.980253
0 0 0 0
0.974426 0.956116
0.038574 0.208008 0.21875
0.17488 0.020655 0.984373
0 0 0 0
0.929199 0.956116
0.076416 0.126465 0.210205
0.341276 0.099256 0.934708
0 0 0 0
0.974426 0.934143
0.075928 0.208008 0.20874
0.341706 0.020421 0.939585
0 0 0 0
0.929199 0.934143
0.111816 0.126465 0.193848
0.49753 0.097372 0.861965
0 0 0 0
0.974426 0.912231
0.111084 0.208008 0.192383
0.50066 0.020026 0.865412
0 0 0 0
0.929199 0.912231
0.143799 0.126465 0.171387
0.639766 0.097328 0.762382
0 0 0 0
0.974426 0.890259
0.142822 0.208008 0.170166
0.642958 0.019484 0.765654
0 0 0 0
0.929199 0.890259
0.171387 0.126465 0.143799
0.762284 0.098884 0.639645
0 0 0 0
0.974426 0.868347
0.170166 0.208008 0.142822
0.765569 0.021301 0.643001
0 0 0 0
0.929199 0.868347
0.193848 0.126465 0.111816
0.862325 0.096877 0.497002
0 0 0 0
0.974426 0.846375
0.192383 0.208008 0.111084
0.86565 0.020354 0.500235
0 0 0 0
0.929199 0.846375
0.105713 3.019775 0.074463
0.701178 -0.514835 0.493249
0 0 0 0
0.028931 0.319885
0.07666 2.970459 0.071289
0.832454 -0.508542 0.22001
0 0 0 0
0.000366 0.304443
0.078613 2.96875 0.055176
0.692446 -0.532743 0.486522
0 0 0 0
0.000366 0.319885
0.101074 3.022705 0.094238
0.834718 -0.485913 0.259103
0 0 0 0
0.028931 0.304443
0.119141 3.048584 0.08374
0.73538 -0.439302 0.515975
0 0 0 0
0.04718 0.319885
0.111816 3.051025 0.106201
0.853538 -0.41387 0.31652
0 0 0 0
0.04718 0.304443
0.130615 3.080566 0.091797
0.765379 -0.350546 0.539734
0 0 0 0
0.065918 0.319885
0.12085 3.080566 0.117432
0.876243 -0.336668 0.34475
0 0 0 0
0.065918 0.304443
0.148193 3.149658 0.111572
0.886789 -0.25649 0.38447
0 0 0 0
0.105469 0.319885
0.135742 3.144775 0.137207
0.886515 -0.258711 0.383614
0 0 0 0
0.105469 0.304443
0.142822 3.208984 0.151611
0.887721 -0.160234 0.431597
0 0 0 0
0.143555 0.304443
0.157227 3.218506 0.126465
0.888799 -0.144035 0.435075
0 0 0 0
0.143555 0.319885
0.141846 3.238281 0.156738
0.864106 0.010786 0.503194
0 0 0 0
0.160278 0.304443
0.155273 3.248291 0.133545
0.875006 0.029762 0.483196
0 0 0 0
0.160278 0.319885
0.135986 3.266846 0.161133
0.828959 0.139576 0.541614
0 0 0 0
0.177612 0.304443
0.149902 3.280762 0.136475
0.834501 0.163036 0.526333
0 0 0 0
0.177612 0.319885
0.127197 3.29126 0.164795
0.756621 0.294036 0.58401
0 0 0 0
0.192932 0.304443
0.138672 3.306885 0.142822
0.779507 0.350597 0.519086
0 0 0 0
0.192932 0.319885
0.112793 3.312988 0.168457
0.658717 0.456035 0.598434
0 0 0 0
0.208008 0.304443
0.122559 3.330078 0.144043
0.666482 0.472552 0.576625
0 0 0 0
0.208008 0.319885
0.096436 3.329834 0.171875
0.560269 0.570164 0.600842
0 0 0 0
0.222229 0.304443
0.102539 3.348633 0.147705
0.550946 0.575708 0.604168
0 0 0 0
0.222229 0.319885
0.075928 3.342529 0.175293
0.428822 0.660013 0.616842
0 0 0 0
0.236267 0.304443
0.080322 3.362061 0.151611
0.42651 0.660282 0.618157
0 0 0 0
0.236267 0.319885
0.054688 3.35083 0.179199
0.268956 0.721802 0.637703
0 0 0 0
0.250366 0.304443
0.054443 3.371094 0.156006
0.26652 0.721982 0.638521
0 0 0 0
0.250366 0.319885
0.028076 3.372803 0.160645
0.114474 0.745966 0.656073
0 0 0 0
0.264221 0.319885
0.031982 3.352539 0.183105
0.114474 0.745966 0.656073
0 0 0 0
0.264221 0.304443
0.009277 3.35083 0.187012
-0.036874 0.720954 0.692001
0 0 0 0
0.278137 0.304443
0.001709 3.371094 0.165283
-0.03431 0.723056 0.689937
0 0 0 0
0.278137 0.319885
-0.02417 3.362061 0.169922
-0.193851 0.661148 0.72478
0 0 0 0
0.292236 0.319885
-0.011963 3.342529 0.190674
-0.193961 0.658955 0.726744
0 0 0 0
0.292236 0.304443
-0.046631 3.348633 0.173584
-0.314622 0.57616 0.754356
0 0 0 0
0.306274 0.319885
-0.032471 3.329834 0.194336
-0.322443 0.571073 0.754921
0 0 0 0
0.306274 0.304443
-0.06665 3.330078 0.177002
-0.432838 0.471833 0.768131
0 0 0 0
0.320435 0.319885
-0.049072 3.312988 0.196533
-0.416775 0.45597 0.786378
0 0 0 0
0.320435 0.304443
-0.082031 3.306885 0.181152
-0.55771 0.350672 0.752322
0 0 0 0
0.335571 0.319885
-0.063721 3.29126 0.198242
-0.513698 0.292979 0.806398
0 0 0 0
0.335571 0.304443
-0.094727 3.280762 0.179199
-0.606177 0.162951 0.778458
0 0 0 0
0.350891 0.319885
-0.073486 3.266846 0.197754
-0.595268 0.139986 0.791239
0 0 0 0
0.350891 0.304443
-0.10083 3.248291 0.178223
-0.660788 0.029742 0.749983
0 0 0 0
0.368225 0.319885
-0.080322 3.238281 0.195557
-0.642983 0.011691 0.765791
0 0 0 0
0.368225 0.304443
-0.10498 3.218506 0.172119
-0.686882 -0.144539 0.712251
0 0 0 0
0.384949 0.319885
-0.083008 3.208984 0.190918
-0.688476 -0.159665 0.707465
0 0 0 0
0.384949 0.304443
-0.101562 3.149658 0.155029
-0.704295 -0.258283 0.661255
0 0 0 0
0.423035 0.319885
-0.081299 3.144775 0.175293
-0.704295 -0.258283 0.661255
0 0 0 0
0.423035 0.304443
-0.07373 3.080566 0.151367
-0.708262 -0.334837 0.62149
0 0 0 0
0.462524 0.304443
-0.091797 3.080566 0.130615
-0.538985 -0.351963 0.765256
0 0 0 0
0.462524 0.319885
-0.069336 3.051025 0.137939
-0.695642 -0.414923 0.586448
0 0 0 0
0.481323 0.304443
-0.08374 3.048584 0.119141
-0.516355 -0.439095 0.735237
0 0 0 0
0.481323 0.319885
-0.063232 3.022705 0.122803
-0.699169 -0.484226 0.526012
0 0 0 0
0.499573 0.304443
-0.074463 3.019775 0.105713
-0.493265 -0.516207 0.700157
0 0 0 0
0.499573 0.319885
-0.047852 2.970459 0.093018
-0.709363 -0.509072 0.487492
0 0 0 0
0.52832 0.304443
-0.055176 2.96875 0.078613
-0.487005 -0.532781 0.692077
0 0 0 0
0.52832 0.319885
0.070557 2.974121 0.069824
-0.821059 0.512752 -0.250893
0 0 0 0
0.518738 0.329224
0.101074 3.023438 0.071045
-0.6955 0.526098 -0.489388
0 0 0 0
0.487915 0.344849
0.073975 2.972412 0.052002
-0.692446 0.532743 -0.486522
0 0 0 0
0.518738 0.344849
0.095215 3.026123 0.092285
-0.806107 0.509531 -0.300948
0 0 0 0
0.487915 0.329224
0.115723 3.050537 0.081299
-0.729636 0.453168 -0.512122
0 0 0 0
0.469971 0.344849
0.105957 3.053955 0.104004
-0.819558 0.426446 -0.382712
0 0 0 0
0.469971 0.329224
0.126221 3.082764 0.088623
-0.76802 0.343365 -0.540598
0 0 0 0
0.451416 0.344849
0.114502 3.083008 0.115234
-0.862786 0.332018 -0.381267
0 0 0 0
0.451416 0.329224
0.141846 3.151611 0.108887
-0.882951 0.255075 -0.394125
0 0 0 0
0.412231 0.344849
0.129395 3.146729 0.134521
-0.882682 0.257305 -0.393276
0 0 0 0
0.412231 0.329224
0.136475 3.209717 0.148193
-0.887721 0.160234 -0.431597
0 0 0 0
0.374878 0.329224
0.150879 3.219238 0.123291
-0.888652 0.146352 -0.434601
0 0 0 0
0.374878 0.344849
0.135742 3.238037 0.153076
-0.864106 -0.010786 -0.503194
0 0 0 0
0.358643 0.329224
0.148926 3.248047 0.130127
-0.875006 -0.029762 -0.483196
0 0 0 0
0.358643 0.344849
0.130127 3.265869 0.157227
-0.828959 -0.139576 -0.541614
0 0 0 0
0.341858 0.329224
0.143799 3.279541 0.132812
-0.834641 -0.160647 -0.526845
0 0 0 0
0.341858 0.344849
0.121582 3.289307 0.160645
-0.756621 -0.294036 -0.58401
0 0 0 0
0.327271 0.329224
0.132812 3.304199 0.139404
-0.777728 -0.350882 -0.521556
0 0 0 0
0.327271 0.344849
0.108154 3.309814 0.164062
-0.658717 -0.456035 -0.598434
0 0 0 0
0.312866 0.329224
0.117676 3.32666 0.140381
-0.666482 -0.472552 -0.576625
0 0 0 0
0.312866 0.344849
0.092285 3.325684 0.16748
-0.558097 -0.570471 -0.60257
0 0 0 0
0.299316 0.329224
0.098633 3.344482 0.143311
-0.55064 -0.577863 -0.602387
0 0 0 0
0.299316 0.344849
0.072998 3.337646 0.170898
-0.428822 -0.660013 -0.616842
0 0 0 0
0.285889 0.329224
0.077393 3.357422 0.147217
-0.42651 -0.660282 -0.618157
0 0 0 0
0.285889 0.344849
0.052734 3.345703 0.174561
-0.26652 -0.721982 -0.638521
0 0 0 0
0.272461 0.329224
0.05249 3.365967 0.151611
-0.26652 -0.721982 -0.638521
0 0 0 0
0.272461 0.344849
0.0271 3.367432 0.156006
-0.114474 -0.745965 -0.656073
0 0 0 0
0.259155 0.344849
0.031006 3.347168 0.178223
-0.114474 -0.745965 -0.656073
0 0 0 0
0.259155 0.329224
0.009521 3.345703 0.182129
0.034332 -0.720977 -0.692108
0 0 0 0
0.245911 0.329224
0.001953 3.365967 0.1604
0.03431 -0.723056 -0.689937
0 0 0 0
0.245911 0.344849
-0.022949 3.357422 0.164795
0.193961 -0.658955 -0.726744
0 0 0 0
0.232483 0.344849
-0.010742 3.337646 0.185547
0.193961 -0.658955 -0.726744
0 0 0 0
0.232483 0.329224
-0.044434 3.344482 0.168457
0.314622 -0.57616 -0.754356
0 0 0 0
0.219055 0.344849
-0.030273 3.325684 0.188965
0.322443 -0.571073 -0.754921
0 0 0 0
0.219055 0.329224
-0.063232 3.32666 0.171875
0.432838 -0.471833 -0.768131
0 0 0 0
0.205505 0.344849
-0.046143 3.309814 0.190918
0.416775 -0.45597 -0.786378
0 0 0 0
0.205505 0.329224
-0.077881 3.304199 0.176025
0.555383 -0.350836 -0.753966
0 0 0 0
0.191101 0.344849
-0.060059 3.289307 0.192383
0.513698 -0.292979 -0.806398
0 0 0 0
0.191101 0.329224
-0.090332 3.279541 0.173584
0.606257 -0.160365 -0.778932
0 0 0 0
0.176514 0.344849
-0.069336 3.265869 0.192139
0.595268 -0.139986 -0.791239
0 0 0 0
0.176514 0.329224
-0.095947 3.248047 0.172852
0.660788 -0.029742 -0.749983
0 0 0 0
0.159729 0.344849
-0.075684 3.238037 0.189941
0.642983 -0.011691 -0.765791
0 0 0 0
0.159729 0.329224
-0.100098 3.219238 0.166992
0.689026 0.144453 -0.710194
0 0 0 0
0.143494 0.344849
-0.078125 3.209717 0.185791
0.690516 0.162099 -0.70492
0 0 0 0
0.143494 0.329224
-0.09668 3.151611 0.150391
0.696148 0.256476 -0.67052
0 0 0 0
0.10614 0.344849
-0.076172 3.146729 0.17041
0.696148 0.256476 -0.67052
0 0 0 0
0.10614 0.329224
-0.068848 3.083008 0.147217
0.684344 0.330243 -0.650087
0 0 0 0
0.066956 0.329224
-0.088623 3.082764 0.126221
0.539607 0.341968 -0.769338
0 0 0 0
0.066956 0.344849
-0.064453 3.053955 0.133789
0.641685 0.426539 -0.63742
0 0 0 0
0.048401 0.329224
-0.081299 3.050537 0.115723
0.513026 0.451309 -0.730154
0 0 0 0
0.048401 0.344849
-0.05835 3.026123 0.119141
0.657281 0.508509 -0.556238
0 0 0 0
0.030457 0.329224
-0.071045 3.023438 0.101074
0.490025 0.525664 -0.69538
0 0 0 0
0.030457 0.344849
-0.042725 2.974121 0.089844
0.68875 0.513257 -0.512046
0 0 0 0
0.000366 0.329224
-0.052002 2.972412 0.073975
0.487005 0.532781 -0.692077
0 0 0 0
0.000366 0.344849
0.101074 3.022705 0.094238
-0.394212 -0.211233 0.894415
0 0 0 0
0.478394 0.419678
0.070557 2.974121 0.069824
-0.378663 -0.214261 0.900393
0 0 0 0
0.512695 0.423645
0.07666 2.970459 0.071289
-0.378663 -0.214261 0.900393
0 0 0 0
0.512695 0.419678
0.095215 3.026123 0.092285
-0.396785 -0.21117 0.893291
0 0 0 0
0.478394 0.423645
0.111816 3.051025 0.106201
-0.427535 -0.207736 0.879806
0 0 0 0
0.460449 0.419678
0.105957 3.053955 0.104004
-0.427535 -0.207736 0.879806
0 0 0 0
0.460449 0.423645
0.12085 3.080566 0.117432
-0.42295 -0.186635 0.886725
0 0 0 0
0.442383 0.419678
0.114502 3.083008 0.115234
-0.42295 -0.186635 0.886725
0 0 0 0
0.442383 0.423645
0.129395 3.146729 0.134521
-0.431153 -0.159836 0.888009
0 0 0 0
0.404419 0.423645
0.135742 3.144775 0.137207
-0.431153 -0.159836 0.888009
0 0 0 0
0.404419 0.419678
0.136475 3.209717 0.148193
-0.456641 -0.151321 0.876688
0 0 0 0
0.368103 0.423645
0.142822 3.208984 0.151611
-0.456641 -0.151321 0.876688
0 0 0 0
0.368103 0.419678
0.135742 3.238037 0.153076
-0.49051 -0.195406 0.849245
0 0 0 0
0.351868 0.423645
0.141846 3.238281 0.156738
-0.49051 -0.195406 0.849245
0 0 0 0
0.351868 0.419678
0.135986 3.266846 0.161133
-0.498032 -0.262887 0.82635
0 0 0 0
0.335754 0.419678
0.130127 3.265869 0.157227
-0.498032 -0.262887 0.82635
0 0 0 0
0.335754 0.423645
0.121582 3.289307 0.160645
-0.473587 -0.366013 0.801093
0 0 0 0
0.321594 0.423645
0.127197 3.29126 0.164795
-0.473587 -0.366013 0.801093
0 0 0 0
0.321594 0.419678
0.112793 3.312988 0.168457
-0.403778 -0.466501 0.786982
0 0 0 0
0.307434 0.419678
0.108154 3.309814 0.164062
-0.403778 -0.466501 0.786982
0 0 0 0
0.307434 0.423645
0.092285 3.325684 0.16748
-0.290953 -0.551898 0.781508
0 0 0 0
0.294495 0.423645
0.096436 3.329834 0.171875
-0.288412 -0.552029 0.782357
0 0 0 0
0.294495 0.419678
0.075928 3.342529 0.175293
-0.17053 -0.610524 0.773421
0 0 0 0
0.281372 0.419678
0.072998 3.337646 0.170898
-0.173109 -0.610438 0.772916
0 0 0 0
0.281372 0.423645
0.052734 3.345703 0.174561
-0.019431 -0.654169 0.756099
0 0 0 0
0.26886 0.423645
0.054688 3.35083 0.179199
-0.019431 -0.654169 0.756099
0 0 0 0
0.26886 0.419678
0.031982 3.352539 0.183105
0.127333 -0.670106 0.731262
0 0 0 0
0.256348 0.419678
0.031006 3.347168 0.178223
0.127333 -0.670106 0.731262
0 0 0 0
0.256348 0.423645
0.009521 3.345703 0.182129
0.274375 -0.65467 0.704362
0 0 0 0
0.243835 0.423645
0.009277 3.35083 0.187012
0.274532 -0.652492 0.706319
0 0 0 0
0.243835 0.419678
-0.011963 3.342529 0.190674
0.422928 -0.612299 0.667998
0 0 0 0
0.231323 0.419678
-0.010742 3.337646 0.185547
0.423163 -0.610112 0.669848
0 0 0 0
0.231323 0.423645
-0.030273 3.325684 0.188965
0.536759 -0.551773 0.638307
0 0 0 0
0.218201 0.423645
-0.032471 3.329834 0.194336
0.536759 -0.551773 0.638307
0 0 0 0
0.218201 0.419678
-0.049072 3.312988 0.196533
0.645171 -0.466851 0.604817
0 0 0 0
0.205261 0.419678
-0.046143 3.309814 0.190918
0.647535 -0.464294 0.604259
0 0 0 0
0.205261 0.423645
-0.060059 3.289307 0.192383
0.716853 -0.366446 0.59316
0 0 0 0
0.191101 0.423645
-0.063721 3.29126 0.198242
0.717108 -0.364108 0.594291
0 0 0 0
0.191101 0.419678
-0.073486 3.266846 0.197754
0.749865 -0.261523 0.607707
0 0 0 0
0.176941 0.419678
-0.069336 3.265869 0.192139
0.749865 -0.261523 0.607707
0 0 0 0
0.176941 0.423645
-0.075684 3.238037 0.189941
0.748383 -0.196154 0.633598
0 0 0 0
0.160767 0.423645
-0.080322 3.238281 0.195557
0.748519 -0.19369 0.634195
0 0 0 0
0.160767 0.419678
-0.083008 3.208984 0.190918
0.726476 -0.150349 0.670543
0 0 0 0
0.144592 0.419678
-0.078125 3.209717 0.185791
0.726476 -0.150349 0.670543
0 0 0 0
0.144592 0.423645
-0.081299 3.144775 0.175293
0.707429 -0.161299 0.688133
0 0 0 0
0.108276 0.419678
-0.076172 3.146729 0.17041
0.707429 -0.161299 0.688133
0 0 0 0
0.108276 0.423645
-0.07373 3.080566 0.151367
0.697933 -0.186878 0.691351
0 0 0 0
0.070312 0.419678
-0.068848 3.083008 0.147217
0.697933 -0.186878 0.691351
0 0 0 0
0.070312 0.423645
-0.064453 3.053955 0.133789
0.701024 -0.209166 0.681773
0 0 0 0
0.052246 0.423645
-0.069336 3.051025 0.137939
0.701024 -0.209166 0.681773
0 0 0 0
0.052246 0.419678
-0.05835 3.026123 0.119141
0.675404 -0.213218 0.705952
0 0 0 0
0.034302 0.423645
-0.063232 3.022705 0.122803
0.675404 -0.213218 0.705952
0 0 0 0
0.034302 0.419678
-0.042725 2.974121 0.089844
0.660215 -0.214089 0.719918
0 0 0 0
0.000366 0.423645
-0.047852 2.970459 0.093018
0.660215 -0.214089 0.719918
0 0 0 0
0.000366 0.419678
0.162109 3.237061 0.117188
0.919524 0.001154 0.393032
0 0 0 0
0.239746 0.657898
0.155273 3.248291 0.133545
0.875006 0.029762 0.483196
0 0 0 0
0.247864 0.649475
0.157227 3.218506 0.126465
0.888799 -0.144035 0.435075
0 0 0 0
0.230896 0.650208
0.157471 3.273682 0.123047
0.899999 0.092218 0.426024
0 0 0 0
0.260498 0.657837
0.149902 3.280762 0.136475
0.834501 0.163036 0.526333
0 0 0 0
0.266174 0.650269
0.130615 3.080566 0.091797
0.504467 0.12645 -0.854122
0 0 0 0
0.717896 0.999512
0.126221 3.082764 0.088623
0.504467 0.12645 -0.854122
0 0 0 0
0.721802 0.999512
0.141846 3.151611 0.108887
0.469606 0.129777 -0.873286
0 0 0 0
0.721802 0.959229
0.148193 3.149658 0.111572
0.469606 0.129777 -0.873286
0 0 0 0
0.717896 0.959229
0.150879 3.219238 0.123291
0.435245 -0.009433 -0.900263
0 0 0 0
0.721802 0.920166
0.157227 3.218506 0.126465
0.435237 -0.014822 -0.900194
0 0 0 0
0.717896 0.920166
0.162109 3.237061 0.117188
0.404215 -0.060835 -0.912639
0 0 0 0
0.717896 0.90863
0.155762 3.237061 0.114258
0.404249 -0.055432 -0.912968
0 0 0 0
0.721802 0.90863
0.157471 3.273682 0.123047
0.399721 0.19515 -0.895623
0 0 0 0
0.717896 0.888062
0.151123 3.272949 0.120117
0.399721 0.19515 -0.895623
0 0 0 0
0.721802 0.888062
0.148926 3.248047 0.130127
-0.875006 -0.029762 -0.483196
0 0 0 0
0.604919 0.285828
0.155762 3.237061 0.114258
-0.919524 -0.001154 -0.393032
0 0 0 0
0.611267 0.295349
0.150879 3.219238 0.123291
-0.888652 0.146352 -0.434601
0 0 0 0
0.621033 0.289551
0.151123 3.272949 0.120117
-0.901494 -0.0898 -0.423372
0 0 0 0
0.591248 0.291809
0.143799 3.279541 0.132812
-0.834641 -0.160647 -0.526845
0 0 0 0
0.587341 0.283691
0.102539 3.348633 0.147705
0.268618 0.541167 -0.796858
0 0 0 0
0.717896 0.822449
0.122559 3.330078 0.144043
0.314651 0.488433 -0.813897
0 0 0 0
0.717896 0.837219
0.117676 3.32666 0.140381
0.314651 0.488433 -0.813897
0 0 0 0
0.721802 0.837219
0.098633 3.344482 0.143311
0.268618 0.541167 -0.796858
0 0 0 0
0.721802 0.822449
0.077393 3.357422 0.147217
0.154718 0.620174 -0.769056
0 0 0 0
0.721802 0.808105
0.080322 3.362061 0.151611
0.154718 0.620174 -0.769056
0 0 0 0
0.717896 0.808105
0.05249 3.365967 0.151611
0.006467 0.660879 -0.750465
0 0 0 0
0.721802 0.79303
0.054443 3.371094 0.156006
0.006467 0.660879 -0.750465
0 0 0 0
0.717896 0.79303
0.028076 3.372803 0.160645
-0.127333 0.670106 -0.731262
0 0 0 0
0.717896 0.778442
0.0271 3.367432 0.156006
-0.127333 0.670106 -0.731262
0 0 0 0
0.721802 0.778442
0.001953 3.365967 0.1604
-0.259126 0.659941 -0.705218
0 0 0 0
0.721802 0.763855
0.001709 3.371094 0.165283
-0.261619 0.65979 -0.704438
0 0 0 0
0.717896 0.763855
-0.02417 3.362061 0.169922
-0.40564 0.620465 -0.671178
0 0 0 0
0.717896 0.748779
-0.022949 3.357422 0.164795
-0.40564 0.620465 -0.671178
0 0 0 0
0.721802 0.748779
-0.046631 3.348633 0.173584
-0.522602 0.540232 -0.659574
0 0 0 0
0.717896 0.734497
-0.044434 3.344482 0.168457
-0.522602 0.540232 -0.659574
0 0 0 0
0.721802 0.734497
-0.063232 3.32666 0.171875
-0.570666 0.487522 -0.660804
0 0 0 0
0.721802 0.719666
-0.06665 3.330078 0.177002
-0.570666 0.487522 -0.660804
0 0 0 0
0.717896 0.719666
-0.101074 3.023438 -0.071045
0.701178 0.514835 0.493249
0 0 0 0
0.486694 0.204407
-0.089844 2.974121 -0.042725
0.51437 0.51183 0.688079
0 0 0 0
0.513611 0.219971
-0.073975 2.972412 -0.052002
0.692446 0.532743 0.486522
0 0 0 0
0.513611 0.204407
-0.119141 3.026123 -0.05835
0.543951 0.488161 0.682507
0 0 0 0
0.486694 0.219971
-0.114014 3.051514 -0.080078
0.730328 0.448785 0.514989
0 0 0 0
0.468872 0.204407
-0.133789 3.053955 -0.064209
0.605024 0.430716 0.669649
0 0 0 0
0.468872 0.219971
-0.126221 3.082764 -0.088623
0.765103 0.352845 0.538625
0 0 0 0
0.450317 0.204407
-0.147217 3.083008 -0.068604
0.643762 0.336483 0.687277
0 0 0 0
0.450317 0.219971
-0.150391 3.151611 -0.096436
0.670888 0.255879 0.696014
0 0 0 0
0.411133 0.204407
-0.17041 3.146729 -0.076172
0.670888 0.255879 0.696014
0 0 0 0
0.411133 0.219971
-0.185791 3.209717 -0.078125
0.705332 0.1614 0.690258
0 0 0 0
0.373718 0.219971
-0.166992 3.219238 -0.100098
0.712193 0.145993 0.686635
0 0 0 0
0.373718 0.204407
-0.189941 3.238037 -0.075684
0.765616 -0.011277 0.6432
0 0 0 0
0.357544 0.219971
-0.172607 3.248291 -0.096191
0.7536 -0.033969 0.656455
0 0 0 0
0.357544 0.204407
-0.192139 3.265869 -0.069092
0.789413 -0.14207 0.597196
0 0 0 0
0.340759 0.219971
-0.173584 3.279541 -0.090088
0.775289 -0.162501 0.610344
0 0 0 0
0.340759 0.204407
-0.192383 3.289062 -0.060059
0.803192 -0.295026 0.517535
0 0 0 0
0.326111 0.219971
-0.17627 3.303955 -0.077148
0.74922 -0.348332 0.563324
0 0 0 0
0.326111 0.204407
-0.190918 3.309814 -0.046143
0.783838 -0.457724 0.419626
0 0 0 0
0.311707 0.219971
-0.171875 3.32666 -0.062988
0.766544 -0.47397 0.433317
0 0 0 0
0.311707 0.204407
-0.188965 3.325928 -0.030029
0.750066 -0.576887 0.323422
0 0 0 0
0.298035 0.219971
-0.168213 3.344482 -0.043701
0.747823 -0.584131 0.315518
0 0 0 0
0.298035 0.204407
-0.185547 3.337646 -0.010498
0.720199 -0.666851 0.191375
0 0 0 0
0.284607 0.219971
-0.164551 3.357178 -0.021729
0.719475 -0.668312 0.188982
0 0 0 0
0.284607 0.204407
-0.182129 3.345215 0.009521
0.688416 -0.724282 0.038717
0 0 0 0
0.271545 0.219971
-0.1604 3.365234 0.001953
0.687494 -0.725301 0.035935
0 0 0 0
0.271545 0.204407
-0.178223 3.347168 0.03125
0.658703 -0.745022 -0.105131
0 0 0 0
0.258179 0.219971
-0.156006 3.367432 0.027344
0.658703 -0.745022 -0.105131
0 0 0 0
0.258179 0.204407
-0.174561 3.345703 0.052734
0.637758 -0.72147 -0.269713
0 0 0 0
0.244995 0.219971
-0.151611 3.365967 0.05249
0.638769 -0.722326 -0.264989
0 0 0 0
0.244995 0.204407
-0.147217 3.357422 0.077393
0.617844 -0.65989 -0.427569
0 0 0 0
0.231567 0.204407
-0.170898 3.337646 0.072998
0.617844 -0.65989 -0.427569
0 0 0 0
0.231567 0.219971
-0.143311 3.344482 0.098633
0.60282 -0.576028 -0.552087
0 0 0 0
0.21814 0.204407
-0.16748 3.325684 0.092285
0.60179 -0.570053 -0.559364
0 0 0 0
0.21814 0.219971
-0.140381 3.32666 0.117676
0.576616 -0.473153 -0.666064
0 0 0 0
0.20459 0.204407
-0.164062 3.309814 0.108154
0.597964 -0.456971 -0.658496
0 0 0 0
0.20459 0.219971
-0.139404 3.304199 0.132812
0.520179 -0.350697 -0.778733
0 0 0 0
0.190186 0.204407
-0.160645 3.289307 0.121582
0.584269 -0.294078 -0.756404
0 0 0 0
0.190186 0.219971
-0.132812 3.279541 0.143799
0.525752 -0.160242 -0.835408
0 0 0 0
0.175537 0.204407
-0.157227 3.265869 0.130127
0.54079 -0.138833 -0.829622
0 0 0 0
0.175537 0.219971
-0.130127 3.248047 0.148926
0.483202 -0.030786 -0.874968
0 0 0 0
0.158813 0.204407
-0.153076 3.238037 0.135742
0.503155 -0.012012 -0.864113
0 0 0 0
0.158813 0.219971
-0.123291 3.219238 0.150879
0.436492 0.146393 -0.887718
0 0 0 0
0.142578 0.204407
-0.148193 3.209717 0.136475
0.431153 0.159836 -0.888009
0 0 0 0
0.142578 0.219971
-0.108887 3.151611 0.141846
0.393034 0.25621 -0.883109
0 0 0 0
0.105164 0.204407
-0.134521 3.146729 0.129395
0.393034 0.25621 -0.883109
0 0 0 0
0.105164 0.219971
-0.115234 3.083008 0.114502
0.380367 0.329651 -0.86409
0 0 0 0
0.065979 0.219971
-0.088623 3.082764 0.126221
0.539607 0.341968 -0.769338
0 0 0 0
0.065979 0.204407
-0.104004 3.053955 0.105957
0.381169 0.426013 -0.820502
0 0 0 0
0.047424 0.219971
-0.081299 3.050537 0.115723
0.513026 0.451309 -0.730154
0 0 0 0
0.047424 0.204407
-0.092285 3.026123 0.095215
0.300893 0.508497 -0.80678
0 0 0 0
0.02948 0.219971
-0.071045 3.023438 0.101074
0.490025 0.525664 -0.69538
0 0 0 0
0.02948 0.204407
-0.069824 2.974121 0.070557
0.24933 0.51317 -0.821274
0 0 0 0
0.000366 0.219971
-0.052002 2.972412 0.073975
0.487005 0.532781 -0.692077
0 0 0 0
0.000366 0.204407
-0.122803 3.022705 -0.063232
-0.707152 -0.21126 0.674763
0 0 0 0
0.742859 0.965698
-0.093018 2.970459 -0.047852
-0.719394 -0.21292 0.661164
0 0 0 0
0.742859 0.999512
-0.089844 2.974121 -0.042725
-0.719394 -0.21292 0.661164
0 0 0 0
0.746826 0.999512
-0.119141 3.026123 -0.05835
-0.707152 -0.21126 0.674763
0 0 0 0
0.746826 0.965698
-0.137939 3.051025 -0.069092
-0.684106 -0.2102 0.698437
0 0 0 0
0.742859 0.947754
-0.133789 3.053955 -0.064209
-0.684106 -0.2102 0.698437
0 0 0 0
0.746826 0.947754
-0.151367 3.080566 -0.07373
-0.693704 -0.187109 0.695533
0 0 0 0
0.742859 0.929688
-0.147217 3.083008 -0.068604
-0.693704 -0.187109 0.695533
0 0 0 0
0.746826 0.929688
-0.17041 3.146729 -0.076172
-0.690613 -0.159569 0.705401
0 0 0 0
0.746826 0.891785
-0.175293 3.144775 -0.081055
-0.690613 -0.159569 0.705401
0 0 0 0
0.742859 0.891785
-0.185791 3.209717 -0.078125
-0.671568 -0.150236 0.725552
0 0 0 0
0.746826 0.855408
-0.190918 3.208984 -0.083008
-0.671568 -0.150236 0.725552
0 0 0 0
0.742859 0.855408
-0.189941 3.238037 -0.075684
-0.632292 -0.195248 0.749723
0 0 0 0
0.746826 0.839233
-0.195312 3.238281 -0.080322
-0.632292 -0.195248 0.749723
0 0 0 0
0.742859 0.839233
-0.197754 3.266846 -0.073486
-0.60883 -0.262404 0.748645
0 0 0 0
0.742859 0.823059
-0.192139 3.265869 -0.069092
-0.60883 -0.262404 0.748645
0 0 0 0
0.746826 0.823059
-0.192383 3.289062 -0.060059
-0.593144 -0.36511 0.717548
0 0 0 0
0.746826 0.808899
-0.197998 3.291016 -0.063721
-0.593144 -0.36511 0.717548
0 0 0 0
0.742859 0.808899
-0.196533 3.312988 -0.049072
-0.60592 -0.462908 0.646976
0 0 0 0
0.742859 0.794739
-0.190918 3.309814 -0.046143
-0.60592 -0.462908 0.646976
0 0 0 0
0.746826 0.794739
0.20874 0.208008 0.075928
0.9391 0.021523 0.342969
0 0 0 0
0.929199 0.824463
0.210205 0.126465 0.076416
0.935535 0.098418 0.339246
0 0 0 0
0.974426 0.824463
0.220459 0.126465 0.038818
0.979779 0.098508 0.174152
0 0 0 0
0.974426 0.80249
0.21875 0.208008 0.038574
0.984365 0.020132 0.174985
0 0 0 0
0.929199 0.80249
0.223877 0.126465 0
0.995103 0.098825 0.001948
0 0 0 0
0.974426 0.780579
0.222168 0.208008 0
0.999789 0.020524 -0.000421
0 0 0 0
0.929199 0.780579
0.220459 0.126465 -0.038818
0.979779 0.098508 -0.174152
0 0 0 0
0.974426 0.758606
0.21875 0.208008 -0.038574
0.984365 0.020132 -0.174985
0 0 0 0
0.929199 0.758606
0.210205 0.126465 -0.076416
0.935535 0.098418 -0.339246
0 0 0 0
0.974426 0.736694
0.20874 0.208008 -0.075928
0.9391 0.021523 -0.342969
0 0 0 0
0.929199 0.736694
0.193848 0.126465 -0.111816
0.862325 0.096877 -0.497002
0 0 0 0
0.974426 0.714722
0.192383 0.208008 -0.111084
0.86565 0.020354 -0.500235
0 0 0 0
0.929199 0.714722
0.171387 0.126465 -0.143799
0.762284 0.098884 -0.639645
0 0 0 0
0.974426 0.69281
0.170166 0.208008 -0.142822
0.765569 0.021301 -0.643001
0 0 0 0
0.929199 0.69281
0.143799 0.126465 -0.171387
0.639766 0.097328 -0.762382
0 0 0 0
0.974426 0.670837
0.142822 0.208008 -0.170166
0.642958 0.019484 -0.765654
0 0 0 0
0.929199 0.670837
0.111816 0.126465 -0.193848
0.49753 0.097372 -0.861965
0 0 0 0
0.974426 0.648865
0.111084 0.208008 -0.192383
0.50066 0.020026 -0.865412
0 0 0 0
0.929199 0.648865
0.075928 0.208008 -0.20874
0.341706 0.020421 -0.939585
0 0 0 0
0.929199 0.626953
0.076416 0.126465 -0.210205
0.341276 0.099256 -0.934708
0 0 0 0
0.974426 0.626953
0.038818 0.126465 -0.220459
0.171947 0.097666 -0.980253
0 0 0 0
0.974426 0.60498
0.038574 0.208008 -0.21875
0.17488 0.020655 -0.984373
0 0 0 0
0.929199 0.60498
0 0.126465 -0.223877
0.001381 0.098033 -0.995182
0 0 0 0
0.974426 0.583069
0 0.208008 -0.222168
0.001382 0.020735 -0.999784
0 0 0 0
0.929199 0.583069
-0.038818 0.126465 -0.220459
-0.171947 0.097666 -0.980253
0 0 0 0
0.974426 0.561096
-0.038574 0.208008 -0.21875
-0.17488 0.020655 -0.984373
0 0 0 0
0.929199 0.561096
-0.076416 0.126465 -0.210205
-0.341276 0.099256 -0.934708
0 0 0 0
0.974426 0.539185
-0.075928 0.208008 -0.20874
-0.341706 0.020421 -0.939585
0 0 0 0
0.929199 0.539185
-0.111816 0.126465 -0.193848
-0.49753 0.097372 -0.861965
0 0 0 0
0.974426 0.517212
-0.111084 0.208008 -0.192383
-0.50066 0.020026 -0.865412
0 0 0 0
0.929199 0.517212
-0.143799 0.126465 -0.171387
-0.639766 0.097328 -0.762382
0 0 0 0
0.974426 0.4953
-0.142822 0.208008 -0.170166
-0.642958 0.019484 -0.765654
0 0 0 0
0.929199 0.4953
-0.171387 0.126465 -0.143799
-0.762284 0.098884 -0.639645
0 0 0 0
0.974426 0.473328
-0.170166 0.208008 -0.142822
-0.765569 0.021301 -0.643001
0 0 0 0
0.929199 0.473328
-0.193848 0.126465 -0.111816
-0.862325 0.096877 -0.497002
0 0 0 0
0.974426 0.451416
-0.192383 0.208008 -0.111084
-0.86565 0.020354 -0.500236
0 0 0 0
0.929199 0.451416
-0.20874 0.208008 -0.075928
-0.9391 0.021523 -0.342969
0 0 0 0
0.929199 0.429443
-0.210205 0.126465 -0.076416
-0.935535 0.098418 -0.339246
0 0 0 0
0.974426 0.429443
-0.220459 0.126465 -0.038818
-0.979779 0.098508 -0.174152
0 0 0 0
0.974426 0.407532
-0.21875 0.208008 -0.038574
-0.984365 0.020132 -0.174985
0 0 0 0
0.929199 0.407532
-0.223877 0.126465 0
-0.995103 0.098825 -0.001948
0 0 0 0
0.974426 0.385559
-0.222168 0.208008 0
-0.999789 0.020524 0.000421
0 0 0 0
0.929199 0.385559
-0.220459 0.126465 0.038818
-0.979779 0.098508 0.174152
0 0 0 0
0.974426 0.363647
-0.21875 0.208008 0.038574
-0.984365 0.020132 0.174985
0 0 0 0
0.929199 0.363647
-0.210205 0.126465 0.076416
-0.935535 0.098418 0.339246
0 0 0 0
0.974426 0.341675
-0.20874 0.208008 0.075928
-0.9391 0.021523 0.342969
0 0 0 0
0.929199 0.341675
-0.193848 0.126465 0.111816
-0.862325 0.096877 0.497002
0 0 0 0
0.974426 0.319702
-0.192383 0.208008 0.111084
-0.86565 0.020354 0.500236
0 0 0 0
0.929199 0.319702
-0.171387 0.126465 0.143799
-0.762284 0.098884 0.639645
0 0 0 0
0.974426 0.297791
-0.170166 0.208008 0.142822
-0.765569 0.021301 0.643001
0 0 0 0
0.929199 0.297791
-0.143799 0.126465 0.171387
-0.639766 0.097328 0.762382
0 0 0 0
0.974426 0.275818
-0.142822 0.208008 0.170166
-0.642958 0.019484 0.765654
0 0 0 0
0.929199 0.275818
-0.111816 0.126465 0.193848
-0.49753 0.097372 0.861965
0 0 0 0
0.974426 0.253906
-0.111084 0.208008 0.192383
-0.50066 0.020026 0.865412
0 0 0 0
0.929199 0.253906
-0.075928 0.208008 0.20874
-0.341706 0.020421 0.939585
0 0 0 0
0.929199 0.231934
-0.076416 0.126465 0.210205
-0.341276 0.099256 0.934708
0 0 0 0
0.974426 0.231934
-0.038574 0.208008 0.21875
-0.17488 0.020655 0.984373
0 0 0 0
0.929199 0.210022
-0.038818 0.126465 0.220459
-0.171947 0.097666 0.980253
0 0 0 0
0.974426 0.210022
-0.040039 0.119873 0.226807
-0.171422 0.182393 0.968167
0 0 0 0
0.979675 0.210022
-0.078857 0.119873 0.216553
-0.337561 0.183015 0.923341
0 0 0 0
0.979675 0.231934
-0.115234 0.119873 0.199463
-0.49087 0.182247 0.851958
0 0 0 0
0.979675 0.253906
-0.148193 0.119873 0.176514
-0.632796 0.182463 0.752513
0 0 0 0
0.979675 0.275818
-0.176514 0.119873 0.148193
-0.753119 0.181098 0.632467
0 0 0 0
0.979675 0.297791
-0.199463 0.119873 0.115234
-0.851292 0.182676 0.491865
0 0 0 0
0.979675 0.319702
-0.216553 0.119873 0.078857
-0.923592 0.182005 0.337419
0 0 0 0
0.979675 0.341675
-0.226807 0.119873 0.040039
-0.968322 0.180965 0.172057
0 0 0 0
0.979675 0.363647
-0.230469 0.119873 0
-0.983125 0.18293 -0.001467
0 0 0 0
0.979675 0.385559
-0.226807 0.119873 -0.040039
-0.968322 0.180965 -0.172057
0 0 0 0
0.979675 0.407532
-0.216553 0.119873 -0.078857
-0.923592 0.182005 -0.337419
0 0 0 0
0.979675 0.429443
-0.199463 0.119873 -0.115234
-0.851292 0.182676 -0.491865
0 0 0 0
0.979675 0.451416
-0.176514 0.119873 -0.148193
-0.753119 0.181098 -0.632467
0 0 0 0
0.979675 0.473328
-0.148193 0.119873 -0.176514
-0.632796 0.182463 -0.752513
0 0 0 0
0.979675 0.4953
-0.115234 0.119873 -0.199463
-0.49087 0.182247 -0.851958
0 0 0 0
0.979675 0.517212
-0.078857 0.119873 -0.216553
-0.337561 0.183015 -0.923341
0 0 0 0
0.979675 0.539185
-0.040039 0.119873 -0.226807
-0.171422 0.182393 -0.968167
0 0 0 0
0.979675 0.561096
0 0.119873 -0.230469
0.001377 0.183083 -0.983096
0 0 0 0
0.979675 0.583069
0.040039 0.119873 -0.226807
0.171422 0.182393 -0.968167
0 0 0 0
0.979675 0.60498
0.078857 0.119873 -0.216553
0.337561 0.183015 -0.923341
0 0 0 0
0.979675 0.626953
0.115234 0.119873 -0.199463
0.49087 0.182247 -0.851958
0 0 0 0
0.979675 0.648865
0.148193 0.119873 -0.176514
0.632796 0.182463 -0.752513
0 0 0 0
0.979675 0.670837
0.176514 0.119873 -0.148193
0.75312 0.181098 -0.632467
0 0 0 0
0.979675 0.69281
0.199463 0.119873 -0.115234
0.851292 0.182676 -0.491865
0 0 0 0
0.979675 0.714722
0.216553 0.119873 -0.078857
0.923592 0.182005 -0.337419
0 0 0 0
0.979675 0.736694
0.226807 0.119873 -0.040039
0.968322 0.180965 -0.172057
0 0 0 0
0.979675 0.758606
0.230469 0.119873 0
0.983125 0.18293 -0.001467
0 0 0 0
0.979675 0.780579
0.226807 0.119873 0.040039
0.968322 0.180965 0.172057
0 0 0 0
0.979675 0.80249
0.216553 0.119873 0.078857
0.923592 0.182005 0.337419
0 0 0 0
0.979675 0.824463
0.199463 0.119873 0.115234
0.851292 0.182676 0.491865
0 0 0 0
0.979675 0.846375
0.176514 0.119873 0.148193
0.75312 0.181098 0.632467
0 0 0 0
0.979675 0.868347
0.148193 0.119873 0.176514
0.632796 0.182463 0.752513
0 0 0 0
0.979675 0.890259
0.115234 0.119873 0.199463
0.49087 0.182247 0.851958
0 0 0 0
0.979675 0.912231
0.078857 0.119873 0.216553
0.337561 0.183015 0.923341
0 0 0 0
0.979675 0.934143
0.040039 0.119873 0.226807
0.171422 0.182393 0.968167
0 0 0 0
0.979675 0.956116
0.040283 0.083252 0.228516
0.172111 0.045437 0.984029
0 0 0 0
0.999695 0.956116
0.079346 0.083252 0.218018
0.341633 0.044916 0.938759
0 0 0 0
0.999695 0.934143
0.115967 0.083252 0.200928
0.500532 0.046716 0.864457
0 0 0 0
0.999695 0.912231
0.14917 0.083252 0.177734
0.642784 0.045449 0.764698
0 0 0 0
0.999695 0.890259
0.177734 0.083252 0.14917
0.765329 0.046346 0.641969
0 0 0 0
0.999695 0.868347
0.200928 0.083252 0.115967
0.865352 0.044285 0.499204
0 0 0 0
0.999695 0.846375
0.218018 0.083252 0.079346
0.938659 0.046423 0.341708
0 0 0 0
0.999695 0.824463
0.228516 0.083252 0.040283
0.983769 0.045535 0.173563
0 0 0 0
0.999695 0.80249
0.232178 0.083252 0
0.998941 0.045985 -0.001795
0 0 0 0
0.999695 0.780579
0.228516 0.083252 -0.040283
0.983769 0.045535 -0.173563
0 0 0 0
0.999695 0.758606
0.218018 0.083252 -0.079346
0.938659 0.046423 -0.341708
0 0 0 0
0.999695 0.736694
0.200928 0.083252 -0.115967
0.865352 0.044285 -0.499204
0 0 0 0
0.999695 0.714722
0.177734 0.083252 -0.14917
0.765329 0.046346 -0.641969
0 0 0 0
0.999695 0.69281
0.14917 0.083252 -0.177734
0.642784 0.045449 -0.764698
0 0 0 0
0.999695 0.670837
0.115967 0.083252 -0.200928
0.500532 0.046716 -0.864457
0 0 0 0
0.999695 0.648865
0.079346 0.083252 -0.218018
0.341633 0.044916 -0.938759
0 0 0 0
0.999695 0.626953
0.040283 0.083252 -0.228516
0.172111 0.045437 -0.984029
0 0 0 0
0.999695 0.60498
0 0.083252 -0.232178
0.001382 0.045608 -0.998958
0 0 0 0
0.999695 0.583069
-0.040283 0.083252 -0.228516
-0.172111 0.045437 -0.984029
0 0 0 0
0.999695 0.561096
-0.079346 0.083252 -0.218018
-0.341633 0.044916 -0.938759
0 0 0 0
0.999695 0.539185
-0.115967 0.083252 -0.200928
-0.500532 0.046716 -0.864457
0 0 0 0
0.999695 0.517212
-0.14917 0.083252 -0.177734
-0.642784 0.045449 -0.764698
0 0 0 0
0.999695 0.4953
-0.177734 0.083252 -0.14917
-0.765329 0.046346 -0.641969
0 0 0 0
0.999695 0.473328
-0.200928 0.083252 -0.115967
-0.865352 0.044285 -0.499204
0 0 0 0
0.999695 0.451416
-0.218018 0.083252 -0.079346
-0.938659 0.046423 -0.341708
0 0 0 0
0.999695 0.429443
-0.228516 0.083252 -0.040283
-0.983769 0.045535 -0.173563
0 0 0 0
0.999695 0.407532
-0.232178 0.083252 0
-0.998941 0.045985 0.001795
0 0 0 0
0.999695 0.385559
-0.228516 0.083252 0.040283
-0.983769 0.045535 0.173563
0 0 0 0
0.999695 0.363647
-0.218018 0.083252 0.079346
-0.938659 0.046423 0.341708
0 0 0 0
0.999695 0.341675
-0.200928 0.083252 0.115967
-0.865352 0.044285 0.499204
0 0 0 0
0.999695 0.319702
-0.177734 0.083252 0.14917
-0.765329 0.046346 0.641969
0 0 0 0
0.999695 0.297791
-0.14917 0.083252 0.177734
-0.642784 0.045449 0.764698
0 0 0 0
0.999695 0.275818
-0.115967 0.083252 0.200928
-0.500532 0.046716 0.864457
0 0 0 0
0.999695 0.253906
-0.079346 0.083252 0.218018
-0.341633 0.044916 0.938759
0 0 0 0
0.999695 0.231934
-0.040283 0.083252 0.228516
-0.172111 0.045437 0.984029
0 0 0 0
0.999695 0.210022
-0.057373 2.647949 0.01001
-0.542388 -0.830693 0.125557
0 0 0 0
0.5896 0.590942
-0.048096 2.640869 0.00415
-0.54735 -0.835534 0.047868
0 0 0 0
0.598755 0.590698
-0.043701 2.640869 0.020264
-0.497747 -0.836085 0.230674
0 0 0 0
0.595825 0.57959
-0.05835 2.647949 0
-0.555104 -0.831166 -0.031991
0 0 0 0
0.592651 0.597534
-0.057373 2.647949 -0.01001
-0.552293 -0.830963 -0.066879
0 0 0 0
0.596802 0.603516
-0.046631 2.640869 -0.012451
-0.530169 -0.835512 -0.144362
0 0 0 0
0.605347 0.600098
-0.054688 2.647949 -0.02002
-0.5121 -0.83122 -0.216394
0 0 0 0
0.60199 0.608643
-0.050537 2.647949 -0.029053
-0.495765 -0.830652 -0.253446
0 0 0 0
0.60791 0.612793
-0.039551 2.640869 -0.027588
-0.449673 -0.835427 -0.316
0 0 0 0
0.614807 0.606689
-0.044678 2.647949 -0.037354
-0.40557 -0.830671 -0.381443
0 0 0 0
0.614502 0.615845
-0.037354 2.647949 -0.044678
-0.379102 -0.831242 -0.406593
0 0 0 0
0.621582 0.617737
-0.027588 2.640869 -0.039551
-0.31445 -0.835 -0.451549
0 0 0 0
0.625916 0.60968
-0.029053 2.647949 -0.050537
-0.252266 -0.830925 -0.495909
0 0 0 0
0.628784 0.618347
-0.02002 2.647949 -0.054688
-0.217592 -0.830696 -0.512444
0 0 0 0
0.636047 0.617676
-0.012451 2.640869 -0.046631
-0.141498 -0.835685 -0.530668
0 0 0 0
0.637329 0.608643
-0.01001 2.647949 -0.057373
-0.066964 -0.831575 -0.551361
0 0 0 0
0.643066 0.615784
0 2.647949 -0.05835
-0.030486 -0.830448 -0.556261
0 0 0 0
0.649658 0.612732
0.00415 2.640869 -0.048096
0.047426 -0.83542 -0.547562
0 0 0 0
0.647766 0.603699
0.01001 2.647949 -0.057373
0.125007 -0.831355 -0.5415
0 0 0 0
0.655579 0.608521
0.02002 2.647949 -0.054688
0.163317 -0.831101 -0.5316
0 0 0 0
0.660706 0.603394
0.020264 2.640869 -0.043701
0.233206 -0.835953 -0.496788
0 0 0 0
0.655884 0.595581
0.029053 2.647949 -0.050537
0.304036 -0.831662 -0.464651
0 0 0 0
0.664856 0.597473
0.037354 2.647949 -0.044678
0.334863 -0.830695 -0.444761
0 0 0 0
0.667969 0.590881
0.033936 2.640869 -0.033936
0.388276 -0.835312 -0.389225
0 0 0 0
0.660767 0.585144
0.044678 2.647949 -0.037354
0.443605 -0.831901 -0.333398
0 0 0 0
0.669861 0.583862
0.050537 2.647949 -0.029053
0.465388 -0.831448 -0.303494
0 0 0 0
0.670532 0.576599
0.043701 2.640869 -0.020264
0.497747 -0.836085 -0.230674
0 0 0 0
0.661804 0.57373
0.054688 2.647949 -0.02002
0.53201 -0.8312 -0.16147
0 0 0 0
0.669861 0.569397
0.057373 2.647949 -0.01001
0.542388 -0.830693 -0.125557
0 0 0 0
0.66803 0.562317
0.048096 2.640869 -0.00415
0.54735 -0.835534 -0.047868
0 0 0 0
0.658875 0.562622
0.05835 2.647949 0
0.555104 -0.831166 0.03199
0 0 0 0
0.664978 0.555725
0.057373 2.647949 0.01001
0.552293 -0.830963 0.066879
0 0 0 0
0.660767 0.549805
0.046631 2.640869 0.012451
0.530169 -0.835512 0.144362
0 0 0 0
0.652283 0.553162
0.054688 2.647949 0.02002
0.512101 -0.83122 0.216394
0 0 0 0
0.65564 0.544678
0.050537 2.647949 0.029053
0.495765 -0.830652 0.253446
0 0 0 0
0.649658 0.540466
0.039551 2.640869 0.027588
0.449673 -0.835427 0.316
0 0 0 0
0.642822 0.54657
0.044678 2.647949 0.037354
0.40557 -0.830671 0.381443
0 0 0 0
0.643066 0.537415
0.037354 2.647949 0.044678
0.379102 -0.831242 0.406593
0 0 0 0
0.636047 0.535583
0.027588 2.640869 0.039551
0.31445 -0.835 0.451549
0 0 0 0
0.631714 0.54364
0.029053 2.647949 0.050537
0.252266 -0.830925 0.495909
0 0 0 0
0.628845 0.534973
0.02002 2.647949 0.054688
0.217592 -0.830696 0.512444
0 0 0 0
0.621582 0.535583
0.012451 2.640869 0.046631
0.141498 -0.835685 0.530668
0 0 0 0
0.6203 0.544678
0.01001 2.647949 0.057373
0.066964 -0.831575 0.551361
0 0 0 0
0.614563 0.537476
0 2.647949 0.05835
0.030486 -0.830448 0.556261
0 0 0 0
0.607971 0.540588
-0.00415 2.640869 0.048096
-0.047426 -0.83542 0.547562
0 0 0 0
0.609863 0.549561
-0.01001 2.647949 0.057373
-0.125007 -0.831355 0.5415
0 0 0 0
0.602051 0.544739
-0.02002 2.647949 0.054688
-0.163317 -0.831101 0.5316
0 0 0 0
0.596924 0.549866
-0.020264 2.640869 0.043701
-0.233206 -0.835953 0.496788
0 0 0 0
0.601746 0.557678
-0.029053 2.647949 0.050537
-0.304036 -0.831662 0.464651
0 0 0 0
0.592712 0.555847
-0.037354 2.647949 0.044678
-0.334863 -0.830695 0.444761
0 0 0 0
0.589661 0.562439
-0.033936 2.640869 0.033936
-0.388276 -0.835312 0.389225
0 0 0 0
0.596863 0.568115
-0.044678 2.647949 0.037354
-0.443605 -0.831901 0.333398
0 0 0 0
0.587769 0.569458
-0.050537 2.647949 0.029053
-0.465388 -0.831448 0.303494
0 0 0 0
0.587097 0.57666
-0.054688 2.647949 0.02002
-0.53201 -0.8312 0.16147
0 0 0 0
0.587708 0.583923
-0.048096 2.640869 0.00415
-0.996125 -0.003059 0.087901
0 0 0 0
0.580505 0.449524
-0.044678 2.626709 0.016357
-0.9565 -0.009998 0.291561
0 0 0 0
0.571411 0.454407
-0.043701 2.640869 0.020264
-0.906074 -0.003498 0.423104
0 0 0 0
0.578735 0.457458
-0.046875 2.626709 0.008301
-0.973693 -0.009748 0.227654
0 0 0 0
0.572571 0.449097
-0.047607 2.626709 0
-0.998505 -0.009032 -0.053914
0 0 0 0
0.574707 0.444153
-0.046631 2.640869 -0.012451
-0.966049 -0.00329 -0.258339
0 0 0 0
0.584961 0.442627
-0.188965 3.325928 -0.030029
-0.640986 -0.548897 0.536515
0 0 0 0
0.746826 0.781799
-0.194336 3.329834 -0.032471
-0.640986 -0.548897 0.536515
0 0 0 0
0.742859 0.781799
-0.190674 3.342529 -0.011963
-0.675362 -0.610267 0.414076
0 0 0 0
0.742859 0.768677
-0.185547 3.337646 -0.010498
-0.673565 -0.610745 0.416293
0 0 0 0
0.746826 0.768677
-0.182129 3.345215 0.009521
-0.707139 -0.65198 0.273635
0 0 0 0
0.746826 0.756348
-0.187012 3.350342 0.009277
-0.705609 -0.652606 0.276081
0 0 0 0
0.742859 0.756348
-0.182861 3.352539 0.031982
-0.73094 -0.668377 0.137834
0 0 0 0
0.742859 0.743713
-0.178223 3.347168 0.03125
-0.73094 -0.668377 0.137834
0 0 0 0
0.746826 0.743713
-0.174561 3.345703 0.052734
-0.756414 -0.65385 -0.017841
0 0 0 0
0.746826 0.731262
-0.179199 3.35083 0.054688
-0.756414 -0.65385 -0.017841
0 0 0 0
0.742859 0.731262
-0.175293 3.342529 0.075928
-0.77334 -0.61042 -0.17127
0 0 0 0
0.742859 0.71875
-0.170898 3.337646 0.072998
-0.77334 -0.61042 -0.17127
0 0 0 0
0.746826 0.71875
-0.16748 3.325684 0.092285
-0.782434 -0.551588 -0.289046
0 0 0 0
0.746826 0.705627
-0.171875 3.329834 0.096436
-0.782434 -0.551588 -0.289046
0 0 0 0
0.742859 0.705627
-0.168457 3.312988 0.112793
-0.788124 -0.466393 -0.40167
0 0 0 0
0.742859 0.692749
-0.164062 3.309814 0.108154
-0.786967 -0.464763 -0.405805
0 0 0 0
0.746826 0.692749
-0.160645 3.289307 0.121582
-0.800918 -0.366642 -0.473396
0 0 0 0
0.746826 0.678528
-0.164795 3.29126 0.127197
-0.801238 -0.364415 -0.474574
0 0 0 0
0.742859 0.678528
-0.161133 3.266846 0.135986
-0.826697 -0.262007 -0.497919
0 0 0 0
0.742859 0.664368
-0.157227 3.265869 0.130127
-0.826697 -0.262007 -0.497919
0 0 0 0
0.746826 0.664368
-0.153076 3.238037 0.135742
-0.85043 -0.194418 -0.488846
0 0 0 0
0.746826 0.648254
-0.156738 3.238281 0.141846
-0.85043 -0.194418 -0.488846
0 0 0 0
0.742859 0.648254
-0.151611 3.208984 0.142822
-0.876709 -0.149855 -0.457083
0 0 0 0
0.742859 0.632019
-0.148193 3.209717 0.136475
-0.876709 -0.149855 -0.457083
0 0 0 0
0.746826 0.632019
-0.137207 3.144775 0.135742
-0.887721 -0.160234 -0.431597
0 0 0 0
0.742859 0.595703
-0.134521 3.146729 0.129395
-0.887721 -0.160234 -0.431597
0 0 0 0
0.746826 0.595703
-0.117432 3.080566 0.12085
-0.887218 -0.185372 -0.42247
0 0 0 0
0.742859 0.557739
-0.115234 3.083008 0.114502
-0.887218 -0.185372 -0.42247
0 0 0 0
0.746826 0.557739
-0.104004 3.053955 0.105957
-0.879468 -0.209063 -0.427584
0 0 0 0
0.746826 0.539673
-0.106201 3.051025 0.111816
-0.879468 -0.209063 -0.427584
0 0 0 0
0.742859 0.539673
-0.092285 3.026123 0.095215
-0.893116 -0.211436 -0.397037
0 0 0 0
0.746826 0.521729
-0.094238 3.022705 0.101074
-0.894478 -0.211212 -0.394079
0 0 0 0
0.742859 0.521729
-0.069824 2.974121 0.070557
-0.900701 -0.214562 -0.377758
0 0 0 0
0.746826 0.487427
-0.071289 2.970459 0.07666
-0.900701 -0.214562 -0.377758
0 0 0 0
0.742859 0.487427
-0.093018 2.970459 -0.047852
-0.487119 -0.507576 -0.710691
0 0 0 0
0.52655 0.229614
-0.105713 3.019775 -0.074219
-0.701178 -0.514835 -0.493249
0 0 0 0
0.49939 0.245056
-0.078369 2.96875 -0.055176
-0.692446 -0.532743 -0.486522
0 0 0 0
0.52655 0.245056
-0.122803 3.022705 -0.063232
-0.526117 -0.485353 -0.698307
0 0 0 0
0.49939 0.229614
-0.119141 3.048584 -0.08374
-0.73538 -0.439302 -0.515975
0 0 0 0
0.481201 0.245056
-0.137939 3.051025 -0.069092
-0.584835 -0.41155 -0.698995
0 0 0 0
0.481201 0.229614
-0.130371 3.080566 -0.091797
-0.765379 -0.350546 -0.539734
0 0 0 0
0.462402 0.245056
-0.151367 3.080566 -0.07373
-0.619805 -0.3361 -0.709139
0 0 0 0
0.462402 0.229614
-0.155029 3.149658 -0.101562
-0.659941 -0.259126 -0.705218
0 0 0 0
0.422852 0.245056
-0.175293 3.144775 -0.081055
-0.657768 -0.259275 -0.70719
0 0 0 0
0.422852 0.229614
-0.190918 3.208984 -0.083008
-0.707429 -0.161299 -0.688133
0 0 0 0
0.384766 0.229614
-0.172119 3.218506 -0.10498
-0.712285 -0.143473 -0.68707
0 0 0 0
0.384766 0.245056
-0.195312 3.238281 -0.080322
-0.765616 0.011278 -0.6432
0 0 0 0
0.368042 0.229614
-0.177979 3.248535 -0.101074
-0.753623 0.031453 -0.656554
0 0 0 0
0.368042 0.245056
-0.197754 3.266846 -0.073486
-0.791277 0.141961 -0.59475
0 0 0 0
0.350708 0.229614
-0.178955 3.280762 -0.094727
-0.775168 0.164956 -0.60984
0 0 0 0
0.350708 0.245056
-0.197998 3.291016 -0.063721
-0.804923 0.294777 -0.514981
0 0 0 0
0.335449 0.229614
-0.181396 3.306641 -0.081787
-0.74922 0.348332 -0.563324
0 0 0 0
0.335449 0.245056
-0.196533 3.312988 -0.049072
-0.783838 0.457724 -0.419626
0 0 0 0
0.320312 0.229614
-0.177002 3.330078 -0.066406
-0.766544 0.47397 -0.433317
0 0 0 0
0.320312 0.245056
-0.194336 3.329834 -0.032471
-0.750066 0.576887 -0.323422
0 0 0 0
0.305969 0.229614
-0.173584 3.348633 -0.045898
-0.747823 0.584131 -0.315518
0 0 0 0
0.305969 0.245056
-0.190674 3.342529 -0.011963
-0.720199 0.666851 -0.191375
0 0 0 0
0.29187 0.229614
-0.169678 3.361816 -0.023193
-0.719475 0.668312 -0.188982
0 0 0 0
0.29187 0.245056
-0.187012 3.350342 0.009277
-0.688416 0.724282 -0.038717
0 0 0 0
0.278198 0.229614
-0.165283 3.370361 0.001709
-0.687494 0.725301 -0.035935
0 0 0 0
0.278198 0.245056
-0.182861 3.352539 0.031982
-0.658703 0.745022 0.105131
0 0 0 0
0.264221 0.229614
-0.160645 3.372803 0.028076
-0.658703 0.745022 0.105131
0 0 0 0
0.264221 0.245056
-0.179199 3.35083 0.054688
-0.637758 0.72147 0.269713
0 0 0 0
0.250366 0.229614
-0.156006 3.371094 0.054443
-0.638769 0.722326 0.264989
0 0 0 0
0.250366 0.245056
-0.151611 3.362061 0.080322
-0.617844 0.65989 0.427569
0 0 0 0
0.236267 0.245056
-0.175293 3.342529 0.075928
-0.61831 0.65805 0.429724
0 0 0 0
0.236267 0.229614
-0.147705 3.348633 0.102539
-0.60282 0.576028 0.552087
0 0 0 0
0.22229 0.245056
-0.171875 3.329834 0.096436
-0.60179 0.570053 0.559364
0 0 0 0
0.22229 0.229614
-0.144043 3.330078 0.122559
-0.576863 0.470831 0.667493
0 0 0 0
0.208069 0.245056
-0.168457 3.312988 0.112793
-0.598214 0.454642 0.659879
0 0 0 0
0.208069 0.229614
-0.142822 3.306885 0.138672
-0.520179 0.350697 0.778733
0 0 0 0
0.192932 0.245056
-0.164795 3.29126 0.127197
-0.584269 0.294078 0.756404
0 0 0 0
0.192932 0.229614
-0.136475 3.280762 0.149902
-0.525686 0.16287 0.834942
0 0 0 0
0.177612 0.245056
-0.161133 3.266846 0.135986
-0.543201 0.138774 0.828054
0 0 0 0
0.177612 0.229614
-0.133545 3.248291 0.155273
-0.480701 0.030797 0.876344
0 0 0 0
0.160278 0.245056
-0.156738 3.238281 0.141846
-0.503155 0.012012 0.864113
0 0 0 0
0.160278 0.229614
-0.126465 3.218506 0.157227
-0.43654 -0.143722 0.888131
0 0 0 0
0.143555 0.245056
-0.151611 3.208984 0.142822
-0.431153 -0.159836 0.888009
0 0 0 0
0.143555 0.229614
-0.111572 3.149658 0.148193
-0.382751 -0.25651 0.887527
0 0 0 0
0.10553 0.245056
-0.137207 3.144775 0.135742
-0.382676 -0.259146 0.886793
0 0 0 0
0.10553 0.229614
-0.117432 3.080566 0.12085
-0.346742 -0.336031 0.875701
0 0 0 0
0.065979 0.229614
-0.091797 3.080566 0.130615
-0.538985 -0.351963 0.765256
0 0 0 0
0.065979 0.245056
-0.106201 3.051025 0.111816
-0.31544 -0.413932 0.853908
0 0 0 0
0.04718 0.229614
-0.08374 3.048584 0.119141
-0.516355 -0.439095 0.735237
0 0 0 0
0.04718 0.245056
-0.094238 3.022705 0.101074
-0.25821 -0.485964 0.834965
0 0 0 0
0.028931 0.229614
-0.074463 3.019775 0.105713
-0.493265 -0.516207 0.700157
0 0 0 0
0.028931 0.245056
-0.071289 2.970459 0.07666
-0.218417 -0.506992 0.833818
0 0 0 0
0.000366 0.229614
-0.055176 2.96875 0.078613
-0.487005 -0.532781 0.692077
0 0 0 0
0.000366 0.245056
-0.130371 3.080566 -0.091797
0.636789 0.128395 -0.760272
0 0 0 0
0.4422 0.490295
-0.150391 3.151611 -0.096436
0.661248 0.130187 -0.738784
0 0 0 0
0.401367 0.494202
-0.126221 3.082764 -0.088623
0.636789 0.128395 -0.760272
0 0 0 0
0.4422 0.494202
-0.155029 3.149658 -0.101562
0.661248 0.130187 -0.738784
0 0 0 0
0.401367 0.490295
-0.166992 3.219238 -0.100098
0.693586 -0.019231 -0.720117
0 0 0 0
0.362305 0.494202
-0.172119 3.218506 -0.10498
0.693528 -0.029485 -0.719826
0 0 0 0
0.362305 0.490295
-0.160156 3.237061 -0.108887
0.70606 -0.054902 -0.706021
0 0 0 0
0.350464 0.494202
-0.165039 3.237061 -0.114014
0.705989 -0.060003 -0.705677
0 0 0 0
0.350464 0.490295
-0.169189 3.273682 -0.106445
0.68784 0.219956 -0.691733
0 0 0 0
0.329834 0.490295
-0.164062 3.272949 -0.101562
0.68784 0.219956 -0.691733
0 0 0 0
0.329834 0.494202
-0.117188 3.237061 0.162109
-0.394062 0.001354 0.919083
0 0 0 0
0.318726 0.650269
-0.133545 3.248291 0.155273
-0.480701 0.030797 0.876344
0 0 0 0
0.310913 0.658936
-0.126465 3.218506 0.157227
-0.43654 -0.143722 0.888131
0 0 0 0
0.32782 0.657715
-0.123047 3.273682 0.157471
-0.427095 0.090269 0.899689
0 0 0 0
0.297974 0.65094
-0.136475 3.280762 0.149902
-0.525686 0.16287 0.834942
0 0 0 0
0.292603 0.65863
-0.091797 3.080566 0.130615
0.854662 0.125862 0.503698
0 0 0 0
0.000366 0.490295
-0.088623 3.082764 0.126221
0.854662 0.125862 0.503698
0 0 0 0
0.000366 0.494202
-0.108887 3.151611 0.141846
0.873364 0.129168 0.469628
0 0 0 0
0.040771 0.494202
-0.111572 3.149658 0.148193
0.873364 0.129168 0.469628
0 0 0 0
0.040771 0.490295
-0.123291 3.219238 0.150879
0.900449 -0.008197 0.434884
0 0 0 0
0.079834 0.494202
-0.126465 3.218506 0.157227
0.900413 -0.015222 0.43477
0 0 0 0
0.079834 0.490295
-0.117188 3.237061 0.162109
0.913438 -0.059044 0.402671
0 0 0 0
0.09137 0.490295
-0.114258 3.237061 0.155762
0.913501 -0.056732 0.402862
0 0 0 0
0.09137 0.494202
-0.123047 3.273682 0.157471
0.895988 0.195383 0.398788
0 0 0 0
0.111938 0.490295
-0.120117 3.272949 0.151123
0.895988 0.195383 0.398788
0 0 0 0
0.111938 0.494202
-0.130127 3.248047 0.148926
0.483202 -0.030786 -0.874968
0 0 0 0
0.56665 0.20752
-0.114258 3.237061 0.155762
0.394062 -0.001354 -0.919083
0 0 0 0
0.558167 0.215149
-0.123291 3.219238 0.150879
0.436492 0.146393 -0.887718
0 0 0 0
0.565308 0.223938
-0.120117 3.272949 0.151123
0.424536 -0.090298 -0.900897
0 0 0 0
0.558777 0.194824
-0.132812 3.279541 0.143799
0.525752 -0.160242 -0.835408
0 0 0 0
0.566223 0.189819
-0.147705 3.348633 0.102539
0.797841 0.540331 0.267382
0 0 0 0
0.177551 0.490295
-0.144043 3.330078 0.122559
0.814671 0.487458 0.314157
0 0 0 0
0.162781 0.490295
-0.140381 3.32666 0.117676
0.814671 0.487458 0.314157
0 0 0 0
0.162781 0.494202
-0.143311 3.344482 0.098633
0.797841 0.540331 0.267382
0 0 0 0
0.177551 0.494202
-0.147217 3.357422 0.077393
0.768164 0.621046 0.155645
0 0 0 0
0.191895 0.494202
-0.151611 3.362061 0.080322
0.768164 0.621046 0.155645
0 0 0 0
0.191895 0.490295
-0.151611 3.365967 0.05249
0.750787 0.660496 0.008003
0 0 0 0
0.20697 0.494202
-0.156006 3.371094 0.054443
0.750787 0.660496 0.008003
0 0 0 0
0.20697 0.490295
-0.160645 3.372803 0.028076
0.730152 0.66974 -0.13538
0 0 0 0
0.221497 0.490295
-0.156006 3.367432 0.027344
0.730152 0.66974 -0.13538
0 0 0 0
0.221497 0.494202
-0.1604 3.365234 0.001953
0.706761 0.656199 -0.26437
0 0 0 0
0.236145 0.494202
-0.165283 3.370361 0.001709
0.706761 0.656199 -0.26437
0 0 0 0
0.236145 0.490295
-0.169678 3.361816 -0.023193
0.678761 0.616319 -0.399292
0 0 0 0
0.250549 0.490295
-0.164551 3.357178 -0.021729
0.678761 0.616319 -0.399292
0 0 0 0
0.250549 0.494202
-0.173584 3.348633 -0.045898
0.666952 0.541973 -0.511312
0 0 0 0
0.265015 0.490295
-0.168213 3.344482 -0.043701
0.666952 0.541973 -0.511312
0 0 0 0
0.265015 0.494202
-0.171875 3.32666 -0.062988
0.663937 0.490311 -0.564608
0 0 0 0
0.28009 0.494202
-0.177002 3.330078 -0.066406
0.663937 0.490311 -0.564608
0 0 0 0
0.28009 0.490295
-0.17627 3.303955 -0.077148
0.74922 -0.348332 0.563324
0 0 0 0
0.556641 0.799377
-0.161621 3.326904 -0.073242
0.576117 -0.477786 0.663182
0 0 0 0
0.571533 0.802429
-0.171875 3.32666 -0.062988
0.766544 -0.47397 0.433317
0 0 0 0
0.570801 0.794434
-0.162598 3.294678 -0.092285
0.558135 -0.377675 0.738815
0 0 0 0
0.552856 0.811157
-0.173584 3.279541 -0.090088
0.775289 -0.162501 0.610344
0 0 0 0
0.543213 0.806885
-0.166016 3.330322 -0.077881
0.34453 0.869852 0.353067
0 0 0 0
0.288574 0.490295
-0.177002 3.330078 -0.066406
0.34453 0.869852 0.353067
0 0 0 0
0.28009 0.490295
-0.171875 3.32666 -0.062988
0.34453 0.869852 0.353067
0 0 0 0
0.28009 0.494202
-0.161621 3.326904 -0.073242
0.34453 0.869852 0.353067
0 0 0 0
0.288574 0.494202
-0.166016 3.330322 -0.077881
-0.575865 0.480098 -0.661729
0 0 0 0
0.962952 0.188232
-0.181396 3.306641 -0.081787
-0.74922 0.348332 -0.563324
0 0 0 0
0.975525 0.17865
-0.177002 3.330078 -0.066406
-0.766544 0.47397 -0.433317
0 0 0 0
0.9599 0.179871
-0.166748 3.297363 -0.097656
-0.558135 0.377675 -0.738815
0 0 0 0
0.984253 0.188354
-0.178955 3.280762 -0.094727
-0.775168 0.164956 -0.60984
0 0 0 0
0.991638 0.179443
-0.141846 3.151611 -0.108887
-0.469606 0.129777 0.873286
0 0 0 0
0.729675 0.599548
-0.130371 3.080566 -0.091797
-0.499481 0.129199 0.856637
0 0 0 0
0.733582 0.558716
-0.126221 3.082764 -0.088623
-0.499481 0.129199 0.856637
0 0 0 0
0.729675 0.558716
-0.148193 3.149658 -0.111572
-0.472112 0.129731 0.87194
0 0 0 0
0.733582 0.599548
-0.150879 3.219238 -0.123291
-0.44288 -0.0175 0.89641
0 0 0 0
0.729675 0.638611
-0.156982 3.218506 -0.126465
-0.440294 -0.030969 0.89732
0 0 0 0
0.733582 0.638611
-0.156738 3.237061 -0.11377
-0.424835 -0.055296 0.90358
0 0 0 0
0.729675 0.650452
-0.163086 3.237061 -0.116699
-0.424799 -0.060685 0.903252
0 0 0 0
0.733582 0.650452
-0.157471 3.273682 -0.123047
-0.417077 0.218597 0.882192
0 0 0 0
0.733582 0.671082
-0.151123 3.272949 -0.120117
-0.417077 0.218597 0.882192
0 0 0 0
0.729675 0.671082
-0.14917 3.248291 -0.129883
0.873421 -0.032172 0.485902
0 0 0 0
0.515564 0.989197
-0.156738 3.237061 -0.11377
0.901879 0.00117 0.431987
0 0 0 0
0.506836 0.981384
-0.150879 3.219238 -0.123291
0.887205 0.1465 0.437499
0 0 0 0
0.499146 0.990051
-0.151123 3.272949 -0.120117
0.894023 -0.099596 0.436811
0 0 0 0
0.527283 0.980103
-0.143555 3.279541 -0.132812
0.836191 -0.162894 0.523688
0 0 0 0
0.533142 0.987
-0.077881 3.304199 0.176025
0.555383 -0.350836 -0.753966
0 0 0 0
0.57428 0.164673
-0.073486 3.326904 0.161621
0.648047 -0.490646 -0.582496
0 0 0 0
0.586182 0.17395
-0.063232 3.32666 0.171875
0.432838 -0.471833 -0.768131
0 0 0 0
0.589233 0.166504
-0.094971 3.294922 0.161865
0.702191 -0.375245 -0.605077
0 0 0 0
0.56488 0.174194
-0.090332 3.279541 0.173584
0.606257 -0.160365 -0.778932
0 0 0 0
0.55896 0.164917
-0.078125 3.330322 0.166016
0.357623 0.866241 -0.348901
0 0 0 0
0.717896 0.711182
-0.06665 3.330078 0.177002
0.357623 0.866241 -0.348901
0 0 0 0
0.717896 0.719666
-0.063232 3.32666 0.171875
0.357623 0.866241 -0.348901
0 0 0 0
0.721802 0.719666
-0.073486 3.326904 0.161621
0.357623 0.866241 -0.348901
0 0 0 0
0.721802 0.711182
-0.091797 3.080566 0.130615
-0.763359 0.126185 -0.63353
0 0 0 0
0.717896 0.556885
-0.09668 3.151611 0.150391
-0.737407 0.129834 -0.662853
0 0 0 0
0.721802 0.597717
-0.088623 3.082764 0.126221
-0.763359 0.126185 -0.63353
0 0 0 0
0.721802 0.556885
-0.101562 3.149658 0.155029
-0.737407 0.129834 -0.662853
0 0 0 0
0.717896 0.597717
-0.100098 3.219238 0.166992
-0.712746 -0.008925 -0.701365
0 0 0 0
0.721802 0.63678
-0.10498 3.218506 0.172119
-0.712732 -0.014025 -0.701296
0 0 0 0
0.717896 0.63678
-0.113037 3.237061 0.165039
-0.688903 -0.060295 -0.722341
0 0 0 0
0.717896 0.648315
-0.107666 3.237061 0.160156
-0.688972 -0.055169 -0.722685
0 0 0 0
0.721802 0.648315
-0.106445 3.273682 0.169189
-0.678405 0.195473 -0.708207
0 0 0 0
0.717896 0.668823
-0.101562 3.272949 0.164062
-0.678405 0.195473 -0.708207
0 0 0 0
0.721802 0.668823
0.129639 3.330322 -0.129639
0.317694 0.478518 -0.818591
0 0 0 0
0.722595 0.292603
0.144043 3.330078 -0.122559
0.574392 0.4734 -0.667807
0 0 0 0
0.71991 0.301025
0.143066 3.306641 -0.138184
0.513158 0.348634 -0.784298
0 0 0 0
0.735596 0.301575
0.123779 3.297363 -0.148193
0.275083 0.377065 -0.884393
0 0 0 0
0.743835 0.291443
0.136475 3.280762 -0.149658
0.523185 0.165565 -0.835982
0 0 0 0
0.751648 0.300049
0.140381 3.32666 -0.117432
-0.203605 0.869735 0.449561
0 0 0 0
0.28009 0.47821
0.144043 3.330078 -0.122559
-0.203605 0.869735 0.449561
0 0 0 0
0.28009 0.482117
0.129639 3.330322 -0.129639
-0.203605 0.869735 0.449561
0 0 0 0
0.288513 0.482117
0.127441 3.326904 -0.123779
-0.203605 0.869735 0.449561
0 0 0 0
0.288513 0.47821
0.127441 3.326904 -0.123779
-0.939096 0.27948 -0.199974
0 0 0 0
0.288513 0.47821
0.129639 3.330322 -0.129639
-0.939096 0.27948 -0.199974
0 0 0 0
0.288513 0.482117
0.123779 3.297363 -0.148193
-0.939096 0.27948 -0.199974
0 0 0 0
0.309509 0.482117
0.121826 3.294678 -0.141846
-0.939096 0.27948 -0.199974
0 0 0 0
0.309509 0.47821
0.139648 3.303955 -0.132324
-0.513157 -0.348634 0.784298
0 0 0 0
0.720093 0.484436
0.140381 3.32666 -0.117432
-0.574392 -0.4734 0.667807
0 0 0 0
0.720947 0.49939
0.127441 3.326904 -0.123779
-0.317694 -0.478518 0.818591
0 0 0 0
0.728577 0.49707
0.121826 3.294678 -0.141846
-0.275004 -0.37964 0.883315
0 0 0 0
0.729553 0.47644
0.132812 3.279541 -0.143555
-0.523253 -0.162937 0.836456
0 0 0 0
0.721985 0.469116
0.123779 3.297363 -0.148193
-0.725894 -0.495414 -0.477119
0 0 0 0
0.309509 0.482117
0.136475 3.280762 -0.149658
-0.725894 -0.495414 -0.477119
0 0 0 0
0.320557 0.482117
0.132812 3.279541 -0.143555
-0.725894 -0.495414 -0.477119
0 0 0 0
0.320557 0.47821
0.121826 3.294678 -0.141846
-0.725894 -0.495414 -0.477119
0 0 0 0
0.309509 0.47821
0.123047 3.273682 -0.157471
0.432116 0.098269 -0.896448
0 0 0 0
0.541931 0.335266
0.136475 3.280762 -0.149658
0.523185 0.165565 -0.835982
0 0 0 0
0.534241 0.329895
0.133057 3.248535 -0.155273
0.488182 0.033437 -0.872101
0 0 0 0
0.53418 0.348145
0.116699 3.237061 -0.163086
0.432695 -0.001348 -0.901539
0 0 0 0
0.54303 0.35614
0.126465 3.218506 -0.156982
0.439081 -0.143675 -0.886885
0 0 0 0
0.535095 0.365112
0.132812 3.279541 -0.143555
-0.427452 0.900593 -0.07885
0 0 0 0
0.320557 0.47821
0.136475 3.280762 -0.149658
-0.427452 0.900593 -0.07885
0 0 0 0
0.320557 0.482117
0.123047 3.273682 -0.157471
-0.427452 0.900593 -0.07885
0 0 0 0
0.329834 0.482117
0.120117 3.272949 -0.151123
-0.427452 0.900593 -0.07885
0 0 0 0
0.329834 0.47821
0.114014 3.237061 -0.165039
0.70218 -0.001279 -0.711998
0 0 0 0
0.539246 0.228455
0.10498 3.218506 -0.172119
0.686882 -0.144539 -0.712251
0 0 0 0
0.547607 0.237
0.101074 3.248535 -0.177979
0.656327 0.032363 -0.753782
0 0 0 0
0.547668 0.220032
0.106445 3.273682 -0.169189
0.696762 0.098442 -0.710515
0 0 0 0
0.539185 0.207581
0.094727 3.280762 -0.178955
0.608396 0.165453 -0.776195
0 0 0 0
0.546631 0.201782
0.096191 3.248291 -0.172607
-0.656327 -0.032363 0.753782
0 0 0 0
0.576904 0.202942
0.100098 3.219238 -0.166992
-0.686882 0.14454 0.712251
0 0 0 0
0.578491 0.21936
0.108887 3.237061 -0.160156
-0.70218 0.001279 0.711998
0 0 0 0
0.585938 0.210449
0.101562 3.272949 -0.164062
-0.692487 -0.098561 0.714666
0 0 0 0
0.584106 0.190063
0.090088 3.279541 -0.173584
-0.610777 -0.162787 0.774888
0 0 0 0
0.576477 0.185303
0.106445 3.273682 -0.169189
0.221271 0.899988 0.37558
0 0 0 0
0.733582 0.887634
0.094727 3.280762 -0.178955
0.221271 0.899988 0.37558
0 0 0 0
0.733582 0.878418
0.090088 3.279541 -0.173584
0.221271 0.899988 0.37558
0 0 0 0
0.729675 0.878418
0.101562 3.272949 -0.164062
0.221271 0.899988 0.37558
0 0 0 0
0.729675 0.887634
0.097656 3.297363 -0.166748
0.693576 -0.495756 0.522664
0 0 0 0
0.733582 0.86731
0.090088 3.279541 -0.173584
0.693576 -0.495756 0.522664
0 0 0 0
0.729675 0.878418
0.094727 3.280762 -0.178955
0.693576 -0.495756 0.522664
0 0 0 0
0.733582 0.878418
0.092285 3.294678 -0.162598
0.693576 -0.495756 0.522664
0 0 0 0
0.729675 0.86731
0.097656 3.297363 -0.166748
0.50702 0.280507 0.815013
0 0 0 0
0.733582 0.86731
0.077881 3.330322 -0.166016
0.50702 0.280507 0.815013
0 0 0 0
0.733582 0.846375
0.073242 3.326904 -0.161621
0.50702 0.280507 0.815013
0 0 0 0
0.729675 0.846375
0.092285 3.294678 -0.162598
0.50702 0.280507 0.815013
0 0 0 0
0.729675 0.86731
-0.155273 3.248535 -0.133057
-0.871857 0.032203 -0.4887
0 0 0 0
0.538086 0.765869
-0.156982 3.218506 -0.126465
-0.887351 -0.14418 -0.437973
0 0 0 0
0.544312 0.781677
-0.163086 3.237061 -0.116699
-0.901877 -0.003509 -0.431979
0 0 0 0
0.549011 0.77063
-0.157471 3.273682 -0.123047
-0.895555 0.097165 -0.434212
0 0 0 0
0.541443 0.75116
-0.149658 3.280762 -0.136475
-0.836049 0.165279 -0.523168
0 0 0 0
0.53241 0.748474
-0.143555 3.279541 -0.132812
-0.080585 0.900446 0.427439
0 0 0 0
0.729675 0.680298
-0.149658 3.280762 -0.136475
-0.080585 0.900446 0.427439
0 0 0 0
0.733582 0.680298
-0.157471 3.273682 -0.123047
-0.080585 0.900446 0.427439
0 0 0 0
0.733582 0.671082
-0.151123 3.272949 -0.120117
-0.080585 0.900446 0.427439
0 0 0 0
0.729675 0.671082
-0.132324 3.303955 -0.139648
0.783331 -0.347746 0.515234
0 0 0 0
0.403992 0.522156
-0.141846 3.294678 -0.121826
0.88395 -0.378521 0.274506
0 0 0 0
0.39624 0.512512
-0.143555 3.279541 -0.132812
0.836191 -0.162894 0.523688
0 0 0 0
0.388794 0.519958
-0.123779 3.326904 -0.127441
0.819471 -0.478678 0.315174
0 0 0 0
0.41687 0.513977
-0.117432 3.32666 -0.140381
0.668182 -0.474471 0.573071
0 0 0 0
0.419006 0.521667
-0.148193 3.297363 -0.123779
-0.476568 -0.494552 0.726844
0 0 0 0
0.733582 0.691406
-0.149658 3.280762 -0.136475
-0.476568 -0.494552 0.726844
0 0 0 0
0.733582 0.680298
-0.143555 3.279541 -0.132812
-0.476568 -0.494552 0.726844
0 0 0 0
0.729675 0.680298
-0.141846 3.294678 -0.121826
-0.476568 -0.494552 0.726844
0 0 0 0
0.729675 0.691406
-0.138184 3.306641 -0.143066
-0.785091 0.34746 -0.512742
0 0 0 0
0.522949 0.498047
-0.149658 3.280762 -0.136475
-0.836049 0.165279 -0.523168
0 0 0 0
0.528931 0.513
-0.148193 3.297363 -0.123779
-0.88395 0.378521 -0.274506
0 0 0 0
0.534973 0.503113
-0.129639 3.330322 -0.129639
-0.818095 0.479186 -0.317964
0 0 0 0
0.527893 0.483032
-0.122559 3.330078 -0.144043
-0.668496 0.47224 -0.574546
0 0 0 0
0.519043 0.482849
-0.123779 3.326904 -0.127441
-0.200102 0.279055 0.939195
0 0 0 0
0.729675 0.712341
-0.129639 3.330322 -0.129639
-0.200102 0.279055 0.939195
0 0 0 0
0.733582 0.712341
-0.148193 3.297363 -0.123779
-0.200102 0.279055 0.939195
0 0 0 0
0.733582 0.691406
-0.141846 3.294678 -0.121826
-0.200102 0.279055 0.939195
0 0 0 0
0.729675 0.691406
-0.117432 3.32666 -0.140381
0.451219 0.869214 0.202161
0 0 0 0
0.729675 0.720825
-0.122559 3.330078 -0.144043
0.451219 0.869214 0.202161
0 0 0 0
0.733582 0.720825
-0.129639 3.330322 -0.129639
0.451219 0.869214 0.202161
0 0 0 0
0.733582 0.712341
-0.123779 3.326904 -0.127441
0.451219 0.869214 0.202161
0 0 0 0
0.729675 0.712341
-0.169189 3.273682 -0.106445
-0.711568 0.098016 -0.695747
0 0 0 0
0.723083 0.513611
-0.177979 3.248535 -0.101074
-0.753623 0.031453 -0.656554
0 0 0 0
0.731445 0.526062
-0.178955 3.280762 -0.094727
-0.775168 0.164956 -0.60984
0 0 0 0
0.730469 0.507812
-0.165039 3.237061 -0.114014
-0.712756 -0.001275 -0.701411
0 0 0 0
0.723022 0.534424
-0.172119 3.218506 -0.10498
-0.712285 -0.143473 -0.68707
0 0 0 0
0.731384 0.543091
-0.166748 3.297363 -0.097656
0.522905 -0.494914 -0.693996
0 0 0 0
0.309509 0.490295
-0.173584 3.279541 -0.090088
0.522905 -0.494914 -0.693996
0 0 0 0
0.320557 0.494202
-0.178955 3.280762 -0.094727
0.522905 -0.494914 -0.693996
0 0 0 0
0.320557 0.490295
-0.162598 3.294678 -0.092285
0.522905 -0.494914 -0.693996
0 0 0 0
0.309509 0.494202
-0.169189 3.273682 -0.106445
0.374949 0.900095 -0.221906
0 0 0 0
0.329834 0.490295
-0.178955 3.280762 -0.094727
0.374949 0.900095 -0.221906
0 0 0 0
0.320557 0.490295
-0.173584 3.279541 -0.090088
0.374949 0.900095 -0.221906
0 0 0 0
0.320557 0.494202
-0.164062 3.272949 -0.101562
0.374949 0.900095 -0.221906
0 0 0 0
0.329834 0.494202
-0.172607 3.248291 -0.096191
0.7536 -0.033969 0.656455
0 0 0 0
0.693726 0.405518
-0.164062 3.272949 -0.101562
0.71569 -0.100425 0.69116
0 0 0 0
0.707703 0.410278
-0.173584 3.279541 -0.090088
0.775289 -0.162501 0.610344
0 0 0 0
0.71106 0.401917
-0.160156 3.237061 -0.108887
0.710651 0.001276 0.703544
0 0 0 0
0.687988 0.41571
-0.166992 3.219238 -0.100098
0.712193 0.145993 0.686635
0 0 0 0
0.677856 0.410034
-0.166748 3.297363 -0.097656
0.816652 0.279413 -0.504983
0 0 0 0
0.309509 0.490295
-0.166016 3.330322 -0.077881
0.816652 0.279413 -0.504983
0 0 0 0
0.288574 0.490295
-0.161621 3.326904 -0.073242
0.816652 0.279413 -0.504983
0 0 0 0
0.288574 0.494202
-0.162598 3.294678 -0.092285
0.816652 0.279413 -0.504983
0 0 0 0
0.309509 0.494202
-0.123047 3.273682 0.157471
0.425342 0.900664 0.088818
0 0 0 0
0.111938 0.490295
-0.120117 3.272949 0.151123
0.425342 0.900664 0.088818
0 0 0 0
0.111938 0.494202
-0.132812 3.279541 0.143799
0.425342 0.900664 0.088818
0 0 0 0
0.121155 0.494202
-0.136475 3.280762 0.149902
0.425342 0.900664 0.088818
0 0 0 0
0.121155 0.490295
-0.122559 3.297363 0.150391
-0.332619 0.370022 0.867438
0 0 0 0
0.636047 0.559631
-0.142822 3.306885 0.138672
-0.520179 0.350697 0.778733
0 0 0 0
0.628662 0.571472
-0.136475 3.280762 0.149902
-0.525686 0.16287 0.834942
0 0 0 0
0.64447 0.568176
-0.129639 3.330322 0.129639
-0.329677 0.492545 0.805427
0 0 0 0
0.614685 0.564392
-0.144043 3.330078 0.122559
-0.576863 0.470831 0.667493
0 0 0 0
0.613098 0.573181
-0.122559 3.297363 0.150391
0.661131 -0.563097 0.495809
0 0 0 0
0.132629 0.490295
-0.136475 3.280762 0.149902
0.661131 -0.563097 0.495809
0 0 0 0
0.121155 0.490295
-0.132812 3.279541 0.143799
0.661131 -0.563097 0.495809
0 0 0 0
0.121155 0.494202
-0.120117 3.294922 0.144287
0.661131 -0.563097 0.495809
0 0 0 0
0.132629 0.494202
-0.139404 3.304199 0.132812
0.520179 -0.350697 -0.778733
0 0 0 0
0.454651 0.569397
-0.120117 3.294922 0.144287
0.332429 -0.375151 -0.865305
0 0 0 0
0.445618 0.559448
-0.132812 3.279541 0.143799
0.525752 -0.160242 -0.835408
0 0 0 0
0.43927 0.568481
-0.127197 3.326904 0.124023
0.327266 -0.490241 -0.807812
0 0 0 0
0.466919 0.560608
-0.140381 3.32666 0.117676
0.576616 -0.473153 -0.666064
0 0 0 0
0.469604 0.568176
-0.129639 3.330322 0.129639
0.208621 0.866309 -0.453857
0 0 0 0
0.154297 0.490295
-0.140381 3.32666 0.117676
0.208621 0.866309 -0.453857
0 0 0 0
0.162781 0.494202
-0.144043 3.330078 0.122559
0.208621 0.866309 -0.453857
0 0 0 0
0.162781 0.490295
-0.127197 3.326904 0.124023
0.208621 0.866309 -0.453857
0 0 0 0
0.154297 0.494202
-0.129639 3.330322 0.129639
0.92035 0.331842 0.206969
0 0 0 0
0.154297 0.490295
-0.122559 3.297363 0.150391
0.92035 0.331842 0.206969
0 0 0 0
0.132629 0.490295
-0.120117 3.294922 0.144287
0.92035 0.331842 0.206969
0 0 0 0
0.132629 0.494202
-0.127197 3.326904 0.124023
0.92035 0.331842 0.206969
0 0 0 0
0.154297 0.494202
-0.10083 3.248291 0.178223
-0.660788 0.029742 0.749983
0 0 0 0
0.400879 0.703186
-0.094727 3.280762 0.179199
-0.606177 0.162951 0.778458
0 0 0 0
0.382629 0.704407
-0.106445 3.273682 0.169189
-0.703313 0.090627 0.70508
0 0 0 0
0.388428 0.711853
-0.113037 3.237061 0.165039
-0.73147 0.001268 0.681872
0 0 0 0
0.40918 0.711426
-0.10498 3.218506 0.172119
-0.686882 -0.144539 0.712251
0 0 0 0
0.417847 0.703552
-0.106445 3.273682 0.169189
-0.227714 0.900557 -0.370328
0 0 0 0
0.717896 0.668823
-0.094727 3.280762 0.179199
-0.227714 0.900557 -0.370328
0 0 0 0
0.717896 0.67804
-0.090332 3.279541 0.173584
-0.227714 0.900557 -0.370328
0 0 0 0
0.721802 0.67804
-0.101562 3.272949 0.164062
-0.227714 0.900557 -0.370328
0 0 0 0
0.721802 0.668823
-0.095947 3.248047 0.172852
0.660788 -0.029742 -0.749983
0 0 0 0
0.628723 0.58252
-0.101562 3.272949 0.164062
0.703313 -0.090626 -0.70508
0 0 0 0
0.642273 0.588806
-0.090332 3.279541 0.173584
0.606257 -0.160365 -0.778932
0 0 0 0
0.646362 0.580811
-0.107666 3.237061 0.160156
0.73147 -0.001268 -0.681872
0 0 0 0
0.622192 0.591858
-0.100098 3.219238 0.166992
0.689026 0.144453 -0.710194
0 0 0 0
0.612549 0.585876
-0.099854 3.297363 0.16626
-0.704697 0.370306 0.605207
0 0 0 0
0.69043 0.277893
-0.094727 3.280762 0.179199
-0.606177 0.162951 0.778458
0 0 0 0
0.680908 0.27063
-0.082031 3.306885 0.181152
-0.55771 0.350672 0.752322
0 0 0 0
0.679626 0.286743
-0.078125 3.330322 0.166016
-0.645686 0.493181 0.582978
0 0 0 0
0.688354 0.299744
-0.06665 3.330078 0.177002
-0.432838 0.471833 0.768131
0 0 0 0
0.679871 0.302429
-0.090332 3.279541 0.173584
-0.689486 -0.564553 -0.45375
0 0 0 0
0.721802 0.67804
-0.094727 3.280762 0.179199
-0.689486 -0.564553 -0.45375
0 0 0 0
0.717896 0.67804
-0.099854 3.297363 0.16626
-0.689486 -0.564553 -0.45375
0 0 0 0
0.717896 0.689575
-0.094971 3.294922 0.161865
-0.689486 -0.564553 -0.45375
0 0 0 0
0.721802 0.689575
-0.094971 3.294922 0.161865
-0.506939 0.33141 -0.795727
0 0 0 0
0.721802 0.689575
-0.099854 3.297363 0.16626
-0.506939 0.33141 -0.795727
0 0 0 0
0.717896 0.689575
-0.078125 3.330322 0.166016
-0.506939 0.33141 -0.795727
0 0 0 0
0.717896 0.711182
-0.073486 3.326904 0.161621
-0.506939 0.33141 -0.795727
0 0 0 0
0.721802 0.711182
0.129639 3.330322 0.129639
-0.454803 0.865524 -0.209813
0 0 0 0
0.717896 0.845703
0.117676 3.32666 0.140381
-0.454803 0.865524 -0.209813
0 0 0 0
0.721802 0.837219
0.122559 3.330078 0.144043
-0.454803 0.865524 -0.209813
0 0 0 0
0.717896 0.837219
0.124023 3.326904 0.127197
-0.454803 0.865524 -0.209813
0 0 0 0
0.721802 0.845703
0.129639 3.330322 0.129639
0.805744 0.492462 0.329026
0 0 0 0
0.685608 0.487732
0.122559 3.330078 0.144043
0.666482 0.472552 0.576625
0 0 0 0
0.689514 0.479797
0.138672 3.306885 0.142822
0.779507 0.350597 0.519086
0 0 0 0
0.674072 0.477112
0.150391 3.297363 0.122559
0.867405 0.3711 0.331502
0 0 0 0
0.663696 0.48645
0.149902 3.280762 0.136475
0.834501 0.163036 0.526333
0 0 0 0
0.65802 0.475891
0.132812 3.304199 0.139404
-0.777728 -0.350882 -0.521556
0 0 0 0
0.398438 0.723572
0.117676 3.32666 0.140381
-0.666482 -0.472552 -0.576625
0 0 0 0
0.383484 0.725098
0.124023 3.326904 0.127197
-0.807166 -0.491954 -0.326289
0 0 0 0
0.386353 0.732605
0.144287 3.294922 0.120117
-0.865692 -0.373591 -0.333177
0 0 0 0
0.407654 0.733276
0.143799 3.279541 0.132812
-0.834641 -0.160647 -0.526845
0 0 0 0
0.413757 0.72406
0.150391 3.297363 0.122559
0.495183 -0.563224 -0.661492
0 0 0 0
0.717896 0.867371
0.149902 3.280762 0.136475
0.495183 -0.563224 -0.661492
0 0 0 0
0.717896 0.878845
0.143799 3.279541 0.132812
0.495183 -0.563224 -0.661492
0 0 0 0
0.721802 0.878845
0.144287 3.294922 0.120117
0.495183 -0.563224 -0.661492
0 0 0 0
0.721802 0.867371
0.129639 3.330322 0.129639
0.207251 0.331873 -0.920275
0 0 0 0
0.717896 0.845703
0.150391 3.297363 0.122559
0.207251 0.331873 -0.920275
0 0 0 0
0.717896 0.867371
0.144287 3.294922 0.120117
0.207251 0.331873 -0.920275
0 0 0 0
0.721802 0.867371
0.124023 3.326904 0.127197
0.207251 0.331873 -0.920275
0 0 0 0
0.721802 0.845703
0.157471 3.273682 0.123047
0.087567 0.900185 -0.426613
0 0 0 0
0.717896 0.888062
0.143799 3.279541 0.132812
0.087567 0.900185 -0.426613
0 0 0 0
0.721802 0.878845
0.149902 3.280762 0.136475
0.087567 0.900185 -0.426613
0 0 0 0
0.717896 0.878845
-0.046875 2.626709 -0.008301
-0.992593 -0.009315 -0.121131
0 0 0 0
0.577637 0.439575
-0.044678 2.626709 -0.016357
-0.919499 -0.010383 -0.392955
0 0 0 0
0.581299 0.435608
-0.039551 2.640869 -0.027588
-0.820016 -0.003677 -0.572329
0 0 0 0
0.591431 0.437683
-0.04126 2.626709 -0.023926
-0.891786 -0.008246 -0.452382
0 0 0 0
0.585632 0.432312
-0.036377 2.626709 -0.030518
-0.729402 -0.00888 -0.684028
0 0 0 0
0.590454 0.42981
-0.027588 2.640869 -0.039551
-0.573524 -0.003955 -0.819179
0 0 0 0
0.599243 0.435303
-0.030518 2.626709 -0.036377
-0.682823 -0.009001 -0.730528
0 0 0 0
0.595642 0.428223
-0.023926 2.626709 -0.04126
-0.450518 -0.009414 -0.892718
0 0 0 0
0.600952 0.427551
-0.012451 2.640869 -0.046631
-0.259037 -0.004112 -0.965859
0 0 0 0
0.607361 0.435669
-0.016357 2.626709 -0.044678
-0.394057 -0.009479 -0.919037
0 0 0 0
0.606384 0.427795
-0.008301 2.626709 -0.046875
-0.120051 -0.009659 -0.992721
0 0 0 0
0.611694 0.429016
0.00415 2.640869 -0.048096
0.08701 -0.004143 -0.996199
0 0 0 0
0.614929 0.438843
0 2.626709 -0.047607
-0.053894 -0.009673 -0.9985
0 0 0 0
0.616699 0.431091
0.008301 2.626709 -0.046875
0.226608 -0.009614 -0.973939
0 0 0 0
0.621216 0.434021
0.020264 2.640869 -0.043701
0.422448 -0.004049 -0.906378
0 0 0 0
0.620911 0.444397
0.016357 2.626709 -0.044678
0.291243 -0.009571 -0.956601
0 0 0 0
0.625183 0.437744
0.023926 2.626709 -0.04126
0.547174 -0.009274 -0.836968
0 0 0 0
0.628479 0.442078
0.033936 2.640869 -0.033936
0.706424 -0.003832 -0.707779
0 0 0 0
0.624634 0.45166
0.030518 2.626709 -0.036377
0.59941 -0.009181 -0.80039
0 0 0 0
0.63092 0.446899
0.036377 2.626709 -0.030518
0.799986 -0.008655 -0.599956
0 0 0 0
0.632507 0.452087
0.043701 2.640869 -0.020264
0.906074 -0.003498 -0.423104
0 0 0 0
0.62561 0.459778
0.04126 2.626709 -0.023926
0.837521 -0.008509 -0.546338
0 0 0 0
0.63324 0.457458
0.044678 2.626709 -0.016357
0.9565 -0.009998 -0.291561
0 0 0 0
0.632935 0.46283
0.048096 2.640869 -0.00415
0.996125 -0.003059 -0.087901
0 0 0 0
0.623779 0.467712
0.046875 2.626709 -0.008301
0.973693 -0.009748 -0.227654
0 0 0 0
0.631714 0.46814
0.047607 2.626709 0
0.998505 -0.009032 0.053914
0 0 0 0
0.629639 0.473145
0.046631 2.640869 0.012451
0.966049 -0.00329 0.258339
0 0 0 0
0.619385 0.474609
0.046875 2.626709 0.008301
0.992593 -0.009315 0.121131
0 0 0 0
0.626709 0.477661
0.044678 2.626709 0.016357
0.919499 -0.010383 0.392955
0 0 0 0
0.623047 0.481628
0.039551 2.640869 0.027588
0.820016 -0.003677 0.572329
0 0 0 0
0.612854 0.479553
0.04126 2.626709 0.023926
0.891786 -0.008246 0.452382
0 0 0 0
0.618713 0.484924
0.036377 2.626709 0.030518
0.729402 -0.00888 0.684028
0 0 0 0
0.613892 0.487427
0.027588 2.640869 0.039551
0.573524 -0.003955 0.819179
0 0 0 0
0.605103 0.481995
0.030518 2.626709 0.036377
0.682823 -0.009001 0.730528
0 0 0 0
0.608704 0.489014
0.023926 2.626709 0.04126
0.450518 -0.009414 0.892718
0 0 0 0
0.603333 0.489685
0.012451 2.640869 0.046631
0.259037 -0.004112 0.965859
0 0 0 0
0.596924 0.481567
0.016357 2.626709 0.044678
0.394057 -0.009479 0.919037
0 0 0 0
0.5979 0.489441
0.008301 2.626709 0.046875
0.120051 -0.009659 0.992721
0 0 0 0
0.592651 0.488281
-0.00415 2.640869 0.048096
-0.08701 -0.004143 0.996199
0 0 0 0
0.589417 0.478394
0 2.626709 0.047607
0.053894 -0.009673 0.9985
0 0 0 0
0.587646 0.486145
-0.008301 2.626709 0.046875
-0.226608 -0.009614 0.973939
0 0 0 0
0.583069 0.483215
-0.020264 2.640869 0.043701
-0.422448 -0.004049 0.906378
0 0 0 0
0.583435 0.472839
-0.016357 2.626709 0.044678
-0.291243 -0.009571 0.956601
0 0 0 0
0.579102 0.479492
-0.023926 2.626709 0.04126
-0.547174 -0.009274 0.836968
0 0 0 0
0.575867 0.47522
-0.033936 2.640869 0.033936
-0.706424 -0.003832 0.707779
0 0 0 0
0.579712 0.465576
-0.030518 2.626709 0.036377
-0.59941 -0.009181 0.80039
0 0 0 0
0.573364 0.470337
-0.036377 2.626709 0.030518
-0.799986 -0.008655 0.599956
0 0 0 0
0.571777 0.46521
-0.04126 2.626709 0.023926
-0.837521 -0.008509 0.546338
0 0 0 0
0.571106 0.459778
-0.014404 2.618652 0.031006
-0.422446 0.006748 0.906363
0 0 0 0
0.908264 0.266418
-0.003174 2.444824 0.035156
-0.087009 0.006906 0.996184
0 0 0 0
0.915833 0.362793
-0.00293 2.618652 0.03418
-0.087009 0.006906 0.996184
0 0 0 0
0.915833 0.266418
-0.014893 2.444824 0.031982
-0.422446 0.006748 0.906363
0 0 0 0
0.908264 0.362793
-0.02417 2.618652 0.02417
-0.706421 0.006387 0.707763
0 0 0 0
0.900696 0.266418
-0.024902 2.444824 0.024902
-0.706421 0.006387 0.707763
0 0 0 0
0.900696 0.362793
-0.031006 2.618652 0.014404
-0.906069 0.005831 0.423089
0 0 0 0
0.893127 0.266418
-0.031982 2.444824 0.014893
-0.906069 0.005831 0.423089
0 0 0 0
0.893127 0.362793
-0.03418 2.618652 0.00293
-0.996118 0.005098 0.087886
0 0 0 0
0.885559 0.266418
-0.035156 2.444824 0.003174
-0.996107 0.007137 0.087863
0 0 0 0
0.885559 0.362793
-0.033203 2.618652 -0.008789
-0.966043 0.005483 -0.258323
0 0 0 0
0.877991 0.266418
-0.03418 2.444824 -0.009033
-0.966043 0.005483 -0.258323
0 0 0 0
0.877991 0.362793
-0.028076 2.618652 -0.019775
-0.820012 0.006129 -0.572314
0 0 0 0
0.870422 0.266418
-0.029053 2.444824 -0.020264
-0.820012 0.006129 -0.572314
0 0 0 0
0.870422 0.362793
-0.019775 2.618652 -0.028076
-0.573521 0.006592 -0.819164
0 0 0 0
0.862854 0.266418
-0.020264 2.444824 -0.029053
-0.573521 0.006592 -0.819164
0 0 0 0
0.862854 0.362793
-0.008789 2.618652 -0.033203
-0.259036 0.006853 -0.965843
0 0 0 0
0.855286 0.266418
-0.009033 2.444824 -0.03418
-0.259036 0.006853 -0.965843
0 0 0 0
0.855286 0.362793
0.00293 2.618652 -0.03418
0.087009 0.006906 -0.996184
0 0 0 0
0.847717 0.266418
0.003174 2.444824 -0.035156
0.087009 0.006906 -0.996184
0 0 0 0
0.847717 0.362793
0.014404 2.618652 -0.031006
0.422446 0.006748 -0.906363
0 0 0 0
0.840149 0.266418
0.014893 2.444824 -0.031982
0.422446 0.006748 -0.906363
0 0 0 0
0.840149 0.362793
0.02417 2.618652 -0.02417
0.706421 0.006387 -0.707763
0 0 0 0
0.832581 0.266418
0.024902 2.444824 -0.024902
0.706421 0.006387 -0.707763
0 0 0 0
0.832581 0.362793
0.031006 2.618652 -0.014404
0.906069 0.005831 -0.423089
0 0 0 0
0.824951 0.266418
0.031982 2.444824 -0.014893
0.906069 0.005831 -0.423089
0 0 0 0
0.824951 0.362793
0.03418 2.618652 -0.00293
0.996118 0.005098 -0.087886
0 0 0 0
0.817383 0.266418
0.035156 2.444824 -0.003174
0.996107 0.007137 -0.087863
0 0 0 0
0.817383 0.362793
0.033203 2.618652 0.008789
0.966043 0.005483 0.258323
0 0 0 0
0.809814 0.266418
0.03418 2.444824 0.009033
0.966043 0.005483 0.258323
0 0 0 0
0.809814 0.362793
0.028076 2.618652 0.019775
0.820012 0.006129 0.572314
0 0 0 0
0.802246 0.266418
0.029053 2.444824 0.020264
0.820012 0.006129 0.572314
0 0 0 0
0.802246 0.362793
0.019775 2.618652 0.028076
0.573521 0.006592 0.819164
0 0 0 0
0.794678 0.266418
0.020264 2.444824 0.029053
0.573521 0.006592 0.819164
0 0 0 0
0.794678 0.362793
0.008789 2.618652 0.033203
0.259036 0.006853 0.965843
0 0 0 0
0.787109 0.266418
0.009033 2.444824 0.03418
0.259036 0.006853 0.965843
0 0 0 0
0.787109 0.362793
-0.00293 2.618652 0.03418
-0.087009 0.006906 0.996184
0 0 0 0
0.779541 0.266418
-0.003174 2.444824 0.035156
-0.087009 0.006906 0.996184
0 0 0 0
0.779541 0.362793
0.009766 2.080078 0.036621
0.259035 0.009594 0.96582
0 0 0 0
0.787109 0.564941
-0.003418 2.080078 0.037598
-0.087009 0.009668 0.996161
0 0 0 0
0.779541 0.564941
0.010986 1.656494 0.040527
0.259033 0.012335 0.96579
0 0 0 0
0.787109 0.822327
-0.003662 1.656494 0.041748
-0.087008 0.01243 0.99613
0 0 0 0
0.779541 0.822327
0.012207 1.382568 0.045654
0.259027 0.017817 0.965706
0 0 0 0
0.787109 0.999512
-0.00415 1.382568 0.046875
-0.087006 0.017954 0.996046
0 0 0 0
0.779541 0.999512
0.0271 1.382568 0.038574
0.573491 0.019776 0.818973
0 0 0 0
0.794678 0.999512
0.02417 1.656494 0.034424
0.573507 0.014502 0.819072
0 0 0 0
0.794678 0.822327
0.021729 2.080078 0.031006
0.573518 0.009229 0.819141
0 0 0 0
0.794678 0.564941
0.031006 2.080078 0.021729
0.820006 0.00858 0.572291
0 0 0 0
0.802246 0.564941
0.036621 2.080078 0.009766
0.966034 0.007676 0.2583
0 0 0 0
0.809814 0.564941
0.037598 2.080078 -0.003418
0.996093 0.009176 -0.087832
0 0 0 0
0.817383 0.564941
0.03418 2.080078 -0.015869
0.906062 0.008163 -0.423066
0 0 0 0
0.824951 0.564941
0.026855 2.080078 -0.026855
0.706416 0.008942 -0.707741
0 0 0 0
0.832581 0.564941
0.015869 2.080078 -0.03418
0.422444 0.009448 -0.90634
0 0 0 0
0.840149 0.564941
0.003418 2.080078 -0.037598
0.087009 0.009668 -0.996161
0 0 0 0
0.847717 0.564941
-0.009766 2.080078 -0.036621
-0.259035 0.009594 -0.96582
0 0 0 0
0.855286 0.564941
-0.021729 2.080078 -0.031006
-0.573518 0.009229 -0.819141
0 0 0 0
0.862854 0.564941
-0.031006 2.080078 -0.021729
-0.820006 0.00858 -0.572291
0 0 0 0
0.870422 0.564941
-0.036621 2.080078 -0.009766
-0.966034 0.007676 -0.258301
0 0 0 0
0.877991 0.564941
-0.037598 2.080078 0.003418
-0.996093 0.009176 0.087832
0 0 0 0
0.885559 0.564941
-0.03418 2.080078 0.015869
-0.906062 0.008163 0.423066
0 0 0 0
0.893127 0.564941
-0.026855 2.080078 0.026855
-0.706416 0.008942 0.707741
0 0 0 0
0.900696 0.564941
-0.015869 2.080078 0.03418
-0.422444 0.009448 0.90634
0 0 0 0
0.908264 0.564941
-0.003418 2.080078 0.037598
-0.087009 0.009668 0.996161
0 0 0 0
0.915833 0.564941
-0.003662 1.656494 0.041748
-0.087008 0.01243 0.99613
0 0 0 0
0.915833 0.822327
-0.017822 1.656494 0.038086
-0.422436 0.014846 0.906271
0 0 0 0
0.908264 0.822327
-0.029785 1.656494 0.029785
-0.706402 0.014051 0.707672
0 0 0 0
0.900696 0.822327
-0.038086 1.656494 0.017822
-0.90604 0.012827 0.422997
0 0 0 0
0.893127 0.822327
-0.041748 1.656494 0.003662
-0.996055 0.013254 0.087748
0 0 0 0
0.885559 0.822327
-0.040527 1.656494 -0.010986
-0.96599 0.014254 -0.258186
0 0 0 0
0.877991 0.822327
-0.034424 1.656494 -0.02417
-0.8182 0.013494 -0.574775
0 0 0 0
0.870422 0.822327
-0.02417 1.656494 -0.034424
-0.573507 0.014502 -0.819072
0 0 0 0
0.862854 0.822327
-0.010986 1.656494 -0.040527
-0.259033 0.012335 -0.96579
0 0 0 0
0.855286 0.822327
0.003662 1.656494 -0.041748
0.087008 0.01243 -0.99613
0 0 0 0
0.847717 0.822327
0.017822 1.656494 -0.038086
0.422436 0.014846 -0.906271
0 0 0 0
0.840149 0.822327
0.029785 1.656494 -0.029785
0.706402 0.014051 -0.707672
0 0 0 0
0.832581 0.822327
0.038086 1.656494 -0.017822
0.90604 0.012827 -0.422997
0 0 0 0
0.824951 0.822327
0.041748 1.656494 -0.003662
0.996055 0.013254 -0.087748
0 0 0 0
0.817383 0.822327
0.040527 1.656494 0.010986
0.96599 0.014254 0.258186
0 0 0 0
0.809814 0.822327
0.034424 1.656494 0.02417
0.8182 0.013494 0.574775
0 0 0 0
0.802246 0.822327
0.038574 1.382568 0.0271
0.818174 0.0184 0.574676
0 0 0 0
0.802246 0.999512
0.045654 1.382568 0.012207
0.965946 0.018639 0.258071
0 0 0 0
0.809814 0.999512
0.046875 1.382568 -0.00415
0.995971 0.019369 -0.087565
0 0 0 0
0.817383 0.999512
0.042725 1.382568 -0.02002
0.905989 0.019822 -0.422837
0 0 0 0
0.824951 0.999512
0.033447 1.382568 -0.033447
0.706381 0.01916 -0.707572
0 0 0 0
0.832581 0.999512
0.02002 1.382568 -0.042725
0.422425 0.020244 -0.906172
0 0 0 0
0.840149 0.999512
0.00415 1.382568 -0.046875
0.087006 0.017954 -0.996046
0 0 0 0
0.847717 0.999512
-0.012207 1.382568 -0.045654
-0.259027 0.017817 -0.965706
0 0 0 0
0.855286 0.999512
-0.0271 1.382568 -0.038574
-0.573491 0.019776 -0.818973
0 0 0 0
0.862854 0.999512
-0.038574 1.382568 -0.0271
-0.818174 0.0184 -0.574676
0 0 0 0
0.870422 0.999512
-0.045654 1.382568 -0.012207
-0.965946 0.018639 -0.258071
0 0 0 0
0.877991 0.999512
-0.046875 1.382568 0.00415
-0.995971 0.019369 0.087565
0 0 0 0
0.885559 0.999512
-0.042725 1.382568 0.02002
-0.905989 0.019822 0.422837
0 0 0 0
0.893127 0.999512
-0.033447 1.382568 0.033447
-0.706381 0.01916 0.707572
0 0 0 0
0.900696 0.999512
-0.02002 1.382568 0.042725
-0.422425 0.020244 0.906172
0 0 0 0
0.908264 0.999512
-0.00415 1.382568 0.046875
-0.087006 0.017954 0.996046
0 0 0 0
0.915833 0.999512
0 1.368652 0.059326
0.04837 0.001382 0.998829
0 0 0 0
0.854126 0.245667
-0.00415 1.354248 0.046875
-0.065875 -0.662628 0.746046
0 0 0 0
0.854126 0.235107
0.012207 1.354248 0.045654
0.19374 -0.663336 0.722807
0 0 0 0
0.845215 0.235107
0.010254 1.368652 0.05835
0.125551 0.00138 0.992086
0 0 0 0
0.848328 0.245667
-0.00415 1.382568 0.046875
-0.062969 0.68238 0.728281
0 0 0 0
0.854126 0.256226
0.012207 1.382568 0.045654
0.1902 0.682931 0.705287
0 0 0 0
0.845215 0.256226
0.020264 1.368652 0.055908
0.386269 0.001355 0.922385
0 0 0 0
0.843079 0.245667
0.0271 1.354248 0.038574
0.43086 -0.661811 0.613486
0 0 0 0
0.835327 0.235107
0.029785 1.368652 0.051514
0.458123 0.001343 0.888888
0 0 0 0
0.837952 0.245667
0.0271 1.382568 0.038574
0.418899 0.683336 0.597976
0 0 0 0
0.835327 0.256226
0.038086 1.368652 0.04541
0.67848 0.001287 0.734618
0 0 0 0
0.832886 0.245667
0.038574 1.354248 0.0271
0.613572 -0.662658 0.429434
0 0 0 0
0.825256 0.235107
0.04541 1.368652 0.038086
0.733523 0.001267 0.679663
0 0 0 0
0.82782 0.245667
0.038574 1.382568 0.0271
0.597415 0.683592 0.419282
0 0 0 0
0.825256 0.256226
0.051514 1.368652 0.029785
0.888849 0.00118 0.458199
0 0 0 0
0.822754 0.245667
0.045654 1.354248 0.012207
0.722993 -0.663188 0.193553
0 0 0 0
0.815125 0.235107
0.055908 1.368652 0.020264
0.922111 0.001151 0.386924
0 0 0 0
0.817688 0.245667
0.045654 1.382568 0.012207
0.704822 0.683496 0.189891
0 0 0 0
0.815125 0.256226
0.05835 1.368652 0.010254
0.992173 0.001037 0.124869
0 0 0 0
0.812622 0.245667
0.046875 1.354248 -0.00415
0.745739 -0.662991 -0.065702
0 0 0 0
0.804932 0.235107
0.059326 1.368652 0
0.998924 0.001 0.046369
0 0 0 0
0.807495 0.245667
0.046875 1.382568 -0.00415
0.727444 0.683051 -0.06532
0 0 0 0
0.804871 0.256226
0.05835 1.368652 -0.010254
0.975309 0.00108 -0.220843
0 0 0 0
0.802368 0.245667
0.042725 1.354248 -0.02002
0.678562 -0.66286 -0.316497
0 0 0 0
0.794678 0.235107
0.055908 1.368652 -0.020264
0.95552 0.001112 -0.294924
0 0 0 0
0.797241 0.245667
0.042725 1.382568 -0.02002
0.661102 0.683475 -0.309525
0 0 0 0
0.794617 0.256226
0.051514 1.368652 -0.029785
0.840956 0.001214 -0.541102
0 0 0 0
0.792114 0.245667
0.033447 1.354248 -0.033447
0.530794 -0.661377 -0.529941
0 0 0 0
0.784424 0.235107
0.04541 1.368652 -0.038086
0.796276 0.001238 -0.604932
0 0 0 0
0.786987 0.245667
0.033447 1.382568 -0.033447
0.516496 0.682641 -0.516946
0 0 0 0
0.784363 0.256226
0.038086 1.368652 -0.04541
0.606397 0.00131 -0.795161
0 0 0 0
0.781799 0.245667
0.02002 1.354248 -0.042725
0.315427 -0.662524 -0.679388
0 0 0 0
0.774109 0.235107
0.029785 1.368652 -0.051514
0.539921 0.001327 -0.841715
0 0 0 0
0.776672 0.245667
0.02002 1.382568 -0.042725
0.308647 0.684064 -0.660904
0 0 0 0
0.774048 0.256226
0.020264 1.368652 -0.055908
0.296591 0.001367 -0.955004
0 0 0 0
0.771484 0.245667
0.00415 1.354248 -0.046875
0.065875 -0.662628 -0.746046
0 0 0 0
0.763733 0.235107
0.010254 1.368652 -0.05835
0.221187 0.001374 -0.97523
0 0 0 0
0.766296 0.245667
0.00415 1.382568 -0.046875
0.062969 0.68238 -0.728281
0 0 0 0
0.763733 0.256226
0 1.368652 -0.059326
-0.04837 0.001382 -0.998829
0 0 0 0
0.761169 0.245667
-0.012207 1.354248 -0.045654
-0.19374 -0.663336 -0.722808
0 0 0 0
0.753418 0.235107
-0.010254 1.368652 -0.05835
-0.125551 0.00138 -0.992086
0 0 0 0
0.755981 0.245667
-0.012207 1.382568 -0.045654
-0.190199 0.682931 -0.705287
0 0 0 0
0.753357 0.256226
-0.020264 1.368652 -0.055908
-0.386269 0.001355 -0.922385
0 0 0 0
0.750793 0.245667
-0.0271 1.354248 -0.038574
-0.43086 -0.661811 -0.613486
0 0 0 0
0.743103 0.235107
-0.029785 1.368652 -0.051514
-0.458123 0.001343 -0.888888
0 0 0 0
0.745667 0.245667
0.151123 3.272949 0.120117
0.087567 0.900185 -0.426613
0 0 0 0
0.721802 0.888062
0.178223 3.248291 0.10083
0.749621 0.031497 0.661118
0 0 0 0
0.681396 0.816101
0.179199 3.280762 0.094727
0.777192 0.16238 0.607952
0 0 0 0
0.699646 0.816467
0.169189 3.273682 0.106445
0.705429 0.09057 0.70297
0 0 0 0
0.694519 0.808533
0.165039 3.237061 0.113037
0.682832 0.001286 0.730574
0 0 0 0
0.673828 0.807129
0.172119 3.218506 0.10498
0.712285 -0.143473 0.68707
0 0 0 0
0.66449 0.81427
0.169189 3.273682 0.106445
-0.371508 0.900069 0.227723
0 0 0 0
0.111938 0.482117
0.179199 3.280762 0.094727
-0.371508 0.900069 0.227723
0 0 0 0
0.121155 0.482117
0.173584 3.279541 0.090332
-0.371508 0.900069 0.227723
0 0 0 0
0.121155 0.47821
0.164062 3.272949 0.101562
-0.371508 0.900069 0.227723
0 0 0 0
0.111938 0.47821
0.172852 3.248047 0.095947
-0.749621 -0.031497 -0.661118
0 0 0 0
0.50116 0.495667
0.164062 3.272949 0.101562
-0.705429 -0.09057 -0.70297
0 0 0 0
0.488281 0.503174
0.173584 3.279541 0.090332
-0.777192 -0.16238 -0.607952
0 0 0 0
0.492493 0.511108
0.160156 3.237061 0.107666
-0.682832 -0.001286 -0.730574
0 0 0 0
0.497253 0.484924
0.166992 3.219238 0.100098
-0.710104 0.146086 -0.688775
0 0 0 0
0.50769 0.48053
0.16626 3.297363 0.099854
0.606021 0.371268 0.70349
0 0 0 0
0.921631 0.177063
0.179199 3.280762 0.094727
0.777192 0.16238 0.607952
0 0 0 0
0.914185 0.186462
0.181152 3.306885 0.082031
0.75271 0.350126 0.55753
0 0 0 0
0.930237 0.188049
0.166016 3.330322 0.078125
0.583132 0.49284 0.645806
0 0 0 0
0.94342 0.179626
0.177002 3.330078 0.06665
0.768626 0.471471 0.432354
0 0 0 0
0.945923 0.188171
0.173584 3.279541 0.090332
-0.453759 -0.563068 0.690694
0 0 0 0
0.121155 0.47821
0.179199 3.280762 0.094727
-0.453759 -0.563068 0.690694
0 0 0 0
0.121155 0.482117
0.16626 3.297363 0.099854
-0.453759 -0.563068 0.690694
0 0 0 0
0.132629 0.482117
0.161865 3.294922 0.094971
-0.453759 -0.563068 0.690694
0 0 0 0
0.132629 0.47821
0.161865 3.294922 0.094971
-0.795509 0.332362 0.506657
0 0 0 0
0.132629 0.47821
0.16626 3.297363 0.099854
-0.795509 0.332362 0.506657
0 0 0 0
0.132629 0.482117
0.166016 3.330322 0.078125
-0.795509 0.332362 0.506657
0 0 0 0
0.154297 0.482117
0.161621 3.326904 0.073486
-0.795509 0.332362 0.506657
0 0 0 0
0.154297 0.47821
-0.115234 3.366455 0.141846
-0.699886 0.037105 0.71329
0 0 0 0
0.6828 0.039307
-0.116455 3.336914 0.14209
-0.710459 0.039541 0.702626
0 0 0 0
0.6828 0.022827
-0.105957 3.337646 0.150635
-0.575843 0.025037 0.817177
0 0 0 0
0.675415 0.022827
-0.105713 3.367432 0.150391
-0.575843 0.025037 0.817177
0 0 0 0
0.675415 0.039307
-0.094482 3.366455 0.156494
-0.43517 0.036377 0.899613
0 0 0 0
0.668091 0.039307
-0.094238 3.336914 0.157715
-0.419792 0.039145 0.906776
0 0 0 0
0.668091 0.022827
-0.082031 3.36377 0.160645
-0.30974 0.06686 0.948468
0 0 0 0
0.660522 0.039307
-0.081787 3.334229 0.163086
-0.288373 0.072435 0.954774
0 0 0 0
0.660522 0.022827
-0.069336 3.359375 0.164062
-0.223656 0.091932 0.970323
0 0 0 0
0.652771 0.039307
-0.068848 3.329834 0.166992
-0.212782 0.097468 0.972226
0 0 0 0
0.652771 0.022827
-0.055908 3.352783 0.167236
-0.21272 0.108419 0.97108
0 0 0 0
0.644226 0.039307
-0.055176 3.322998 0.170654
-0.22625 0.111068 0.967716
0 0 0 0
0.644226 0.022827
-0.041748 3.343506 0.171631
-0.239745 0.113708 0.964154
0 0 0 0
0.63446 0.039307
-0.041016 3.313721 0.175537
-0.239745 0.113708 0.964154
0 0 0 0
0.63446 0.022827
-0.0271 3.333984 0.176758
-0.231713 0.102831 0.967334
0 0 0 0
0.624512 0.039307
-0.026367 3.304443 0.180176
-0.22367 0.089194 0.970575
0 0 0 0
0.624512 0.022827
-0.011963 3.327148 0.181396
-0.191197 0.053645 0.980085
0 0 0 0
0.615173 0.039307
-0.011719 3.297363 0.183105
-0.174854 0.039927 0.983784
0 0 0 0
0.615173 0.022827
0.00293 3.322266 0.184814
-0.098032 -0.009665 0.995136
0 0 0 0
0.606384 0.039307
0.00293 3.292725 0.184326
-0.078732 -0.020719 0.99668
0 0 0 0
0.606384 0.022827
0.017822 3.319824 0.185791
0.037299 -0.064928 0.997193
0 0 0 0
0.598145 0.039307
0.017334 3.290283 0.183838
0.045584 -0.064922 0.996849
0 0 0 0
0.598145 0.022827
0.032227 3.319092 0.18457
0.172002 -0.083937 0.981514
0 0 0 0
0.590088 0.039307
0.031738 3.289551 0.181885
0.172002 -0.083937 0.981514
0 0 0 0
0.590088 0.022827
0.045898 3.290283 0.178711
0.293747 -0.066947 0.953536
0 0 0 0
0.582031 0.022827
0.046387 3.319824 0.180908
0.301766 -0.064176 0.95122
0 0 0 0
0.582031 0.039307
0.059814 3.292725 0.174316
0.412138 -0.020269 0.910896
0 0 0 0
0.573792 0.022827
0.059814 3.322266 0.175049
0.430129 -0.012135 0.902686
0 0 0 0
0.573792 0.039307
0.072998 3.297363 0.168213
0.498102 0.038726 0.866253
0 0 0 0
0.565063 0.022827
0.072754 3.327148 0.166504
0.510355 0.054633 0.858227
0 0 0 0
0.565063 0.039307
0.085938 3.304443 0.1604
0.539254 0.091421 0.837166
0 0 0 0
0.555725 0.022827
0.085205 3.333984 0.156982
0.546336 0.101859 0.831349
0 0 0 0
0.555725 0.039307
0.098145 3.313721 0.151367
0.553314 0.114889 0.825012
0 0 0 0
0.545715 0.022827
0.097412 3.343506 0.147461
0.553314 0.114889 0.825012
0 0 0 0
0.545715 0.039307
0.109863 3.322998 0.141846
0.541326 0.112501 0.833253
0 0 0 0
0.53595 0.022827
0.109131 3.352783 0.138428
0.529293 0.10745 0.841608
0 0 0 0
0.53595 0.039307
0.121338 3.329834 0.133789
0.529462 0.096869 0.842785
0 0 0 0
0.527405 0.022827
0.12085 3.359375 0.130859
0.539254 0.091421 0.837166
0 0 0 0
0.527405 0.039307
0.13208 3.334229 0.125732
0.594268 0.072152 0.801024
0 0 0 0
0.519653 0.022827
0.131592 3.36377 0.123535
0.612915 0.06665 0.787333
0 0 0 0
0.519653 0.039307
0.14209 3.336914 0.116455
0.701992 0.039639 0.711081
0 0 0 0
0.512085 0.022827
0.141846 3.366455 0.115234
0.712588 0.036968 0.700608
0 0 0 0
0.512085 0.039307
0.150635 3.337646 0.105957
0.81814 0.023305 0.574546
0 0 0 0
0.504761 0.022827
0.150391 3.367432 0.105713
0.81814 0.023305 0.574546
0 0 0 0
0.504761 0.039307
0.156494 3.366455 0.094482
0.900176 0.036288 0.434013
0 0 0 0
0.497375 0.039307
0.157715 3.336914 0.094238
0.907086 0.040755 0.418969
0 0 0 0
0.497375 0.022827
0.160645 3.36377 0.082031
0.94806 0.06604 0.311161
0 0 0 0
0.489868 0.039307
0.163086 3.334229 0.081787
0.955033 0.072099 0.287601
0 0 0 0
0.489868 0.022827
0.164062 3.359375 0.069336
0.970183 0.091935 0.22426
0 0 0 0
0.482056 0.039307
0.166992 3.329834 0.068848
0.972143 0.097968 0.212931
0 0 0 0
0.482056 0.022827
0.167236 3.352783 0.055908
0.970635 0.108806 0.214544
0 0 0 0
0.473511 0.039307
0.170654 3.322998 0.055176
0.967279 0.111567 0.227868
0 0 0 0
0.473511 0.022827
0.171631 3.343506 0.041748
0.96375 0.114343 0.241063
0 0 0 0
0.463806 0.039307
0.175537 3.313721 0.041016
0.96375 0.114343 0.241063
0 0 0 0
0.463806 0.022827
0.176758 3.333984 0.0271
0.967045 0.103108 0.232791
0 0 0 0
0.453796 0.039307
0.180176 3.304443 0.026367
0.97031 0.089783 0.224581
0 0 0 0
0.453796 0.022827
0.181396 3.327148 0.011963
0.980178 0.054395 0.190503
0 0 0 0
0.444458 0.039307
0.183105 3.297363 0.011719
0.983962 0.039189 0.174022
0 0 0 0
0.444458 0.022827
0.184814 3.322266 -0.00293
0.995027 -0.011272 0.098962
0 0 0 0
0.43573 0.039307
0.184326 3.292725 -0.00293
0.996601 -0.019302 0.080081
0 0 0 0
0.43573 0.022827
0.185791 3.319824 -0.017822
0.997158 -0.064751 -0.038511
0 0 0 0
0.427429 0.039307
0.183838 3.290283 -0.017334
0.996698 -0.06698 -0.045895
0 0 0 0
0.427429 0.022827
0.18457 3.319092 -0.032227
0.98138 -0.083634 -0.172913
0 0 0 0
0.419373 0.039307
0.181885 3.289551 -0.031738
0.98138 -0.083634 -0.172913
0 0 0 0
0.419373 0.022827
0.178711 3.290283 -0.045898
0.953278 -0.065628 -0.294879
0 0 0 0
0.411316 0.022827
0.180908 3.319824 -0.046387
0.951302 -0.063569 -0.301636
0 0 0 0
0.411316 0.039307
0.174316 3.292725 -0.059814
0.911468 -0.019739 -0.410896
0 0 0 0
0.403076 0.022827
0.175049 3.322266 -0.059814
0.903262 -0.010517 -0.42896
0 0 0 0
0.403076 0.039307
0.168213 3.297363 -0.072998
0.867022 0.039464 -0.496704
0 0 0 0
0.394348 0.022827
0.166504 3.327148 -0.072754
0.857102 0.054095 -0.512298
0 0 0 0
0.394348 0.039307
0.1604 3.304443 -0.085938
0.837786 0.090932 -0.538373
0 0 0 0
0.38501 0.022827
0.156982 3.333984 -0.085205
0.832313 0.10085 -0.545054
0 0 0 0
0.38501 0.039307
0.151367 3.313721 -0.098145
0.824913 0.113319 -0.553784
0 0 0 0
0.375 0.022827
0.147461 3.343506 -0.097412
0.824818 0.115743 -0.553425
0 0 0 0
0.375 0.039307
0.141846 3.322998 -0.109863
0.83358 0.112843 -0.54075
0 0 0 0
0.365295 0.022827
0.138428 3.352783 -0.109131
0.840582 0.107643 -0.530882
0 0 0 0
0.365295 0.039307
0.133789 3.329834 -0.121338
0.842626 0.097924 -0.529521
0 0 0 0
0.35675 0.022827
0.130859 3.359375 -0.12085
0.835998 0.093428 -0.54072
0 0 0 0
0.35675 0.039307
0.125732 3.334229 -0.13208
0.801015 0.07282 -0.594199
0 0 0 0
0.348938 0.022827
0.123535 3.36377 -0.131592
0.788103 0.065779 -0.612018
0 0 0 0
0.348938 0.039307
0.116455 3.336914 -0.14209
0.710459 0.039541 -0.702626
0 0 0 0
0.34137 0.022827
0.115234 3.366455 -0.141846
0.699886 0.037105 -0.71329
0 0 0 0
0.34137 0.039307
0.105957 3.337646 -0.150635
0.575843 0.025037 -0.817177
0 0 0 0
0.334045 0.022827
0.105713 3.367432 -0.150391
0.575843 0.025037 -0.817177
0 0 0 0
0.334045 0.039307
0.094482 3.366455 -0.156494
0.435171 0.036377 -0.899613
0 0 0 0
0.326721 0.039307
0.094238 3.336914 -0.157715
0.419792 0.039145 -0.906776
0 0 0 0
0.326721 0.022827
0.082031 3.36377 -0.160645
0.30974 0.06686 -0.948468
0 0 0 0
0.319153 0.039307
0.081787 3.334229 -0.163086
0.288373 0.072435 -0.954774
0 0 0 0
0.319153 0.022827
0.069336 3.359375 -0.164062
0.223656 0.091932 -0.970323
0 0 0 0
0.31134 0.039307
0.068848 3.329834 -0.166992
0.212782 0.097468 -0.972226
0 0 0 0
0.31134 0.022827
0.055908 3.352783 -0.167236
0.21272 0.108419 -0.97108
0 0 0 0
0.302795 0.039307
0.055176 3.322998 -0.170654
0.226251 0.111068 -0.967716
0 0 0 0
0.302795 0.022827
0.041748 3.343506 -0.171631
0.239745 0.113708 -0.964154
0 0 0 0
0.293091 0.039307
0.041016 3.313721 -0.175537
0.239745 0.113708 -0.964154
0 0 0 0
0.293091 0.022827
0.0271 3.333984 -0.176758
0.231713 0.102831 -0.967334
0 0 0 0
0.283081 0.039307
0.026367 3.304443 -0.180176
0.22367 0.089194 -0.970575
0 0 0 0
0.283081 0.022827
0.011963 3.327148 -0.181396
0.191197 0.053645 -0.980085
0 0 0 0
0.273743 0.039307
0.011719 3.297363 -0.183105
0.174854 0.039927 -0.983784
0 0 0 0
0.273743 0.022827
-0.00293 3.322266 -0.184814
0.098032 -0.009665 -0.995136
0 0 0 0
0.265015 0.039307
-0.00293 3.292725 -0.184326
0.078732 -0.020719 -0.99668
0 0 0 0
0.265015 0.022827
-0.017822 3.319824 -0.185791
-0.037299 -0.064928 -0.997193
0 0 0 0
0.256775 0.039307
-0.017334 3.290283 -0.183838
-0.045584 -0.064922 -0.996849
0 0 0 0
0.256775 0.022827
-0.032227 3.319092 -0.18457
-0.172002 -0.083937 -0.981514
0 0 0 0
0.248718 0.039307
-0.031738 3.289551 -0.181885
-0.172002 -0.083937 -0.981514
0 0 0 0
0.248718 0.022827
-0.045898 3.290283 -0.178711
-0.293747 -0.066947 -0.953536
0 0 0 0
0.240662 0.022827
-0.046387 3.319824 -0.180908
-0.301766 -0.064176 -0.95122
0 0 0 0
0.240662 0.039307
-0.059814 3.292725 -0.174316
-0.412138 -0.020269 -0.910896
0 0 0 0
0.232361 0.022827
-0.059814 3.322266 -0.175049
-0.430129 -0.012135 -0.902686
0 0 0 0
0.232361 0.039307
-0.072998 3.297363 -0.168213
-0.498102 0.038726 -0.866253
0 0 0 0
0.223633 0.022827
-0.072754 3.327148 -0.166504
-0.510355 0.054633 -0.858227
0 0 0 0
0.223633 0.039307
-0.085938 3.304443 -0.1604
-0.539254 0.091421 -0.837166
0 0 0 0
0.214294 0.022827
-0.085205 3.333984 -0.156982
-0.546336 0.101859 -0.831349
0 0 0 0
0.214294 0.039307
-0.098145 3.313721 -0.151367
-0.553313 0.114889 -0.825012
0 0 0 0
0.204285 0.022827
-0.097412 3.343506 -0.147461
-0.553313 0.114889 -0.825012
0 0 0 0
0.204285 0.039307
-0.109863 3.322998 -0.141846
-0.541326 0.112501 -0.833253
0 0 0 0
0.19458 0.022827
-0.109131 3.352783 -0.138428
-0.529293 0.10745 -0.841608
0 0 0 0
0.19458 0.039307
-0.121338 3.329834 -0.133789
-0.529462 0.096869 -0.842785
0 0 0 0
0.186035 0.022827
-0.12085 3.359375 -0.130859
-0.539254 0.091421 -0.837166
0 0 0 0
0.186035 0.039307
-0.13208 3.334229 -0.125732
-0.594268 0.072152 -0.801024
0 0 0 0
0.178223 0.022827
-0.131592 3.36377 -0.123535
-0.612915 0.06665 -0.787333
0 0 0 0
0.178223 0.039307
-0.14209 3.336914 -0.116455
-0.701992 0.039639 -0.711081
0 0 0 0
0.170715 0.022827
-0.141846 3.366455 -0.115234
-0.712588 0.036968 -0.700608
0 0 0 0
0.170715 0.039307
-0.150635 3.337646 -0.105957
-0.81814 0.023305 -0.574546
0 0 0 0
0.16333 0.022827
-0.150391 3.367432 -0.105713
-0.81814 0.023305 -0.574546
0 0 0 0
0.16333 0.039307
-0.156494 3.366455 -0.094482
-0.900176 0.036288 -0.434013
0 0 0 0
0.156006 0.039307
-0.157715 3.336914 -0.094238
-0.907086 0.040755 -0.418969
0 0 0 0
0.156006 0.022827
-0.160645 3.36377 -0.082031
-0.94806 0.06604 -0.311161
0 0 0 0
0.148438 0.039307
-0.163086 3.334229 -0.081787
-0.955033 0.072099 -0.287601
0 0 0 0
0.148438 0.022827
-0.164062 3.359375 -0.069336
-0.970183 0.091935 -0.22426
0 0 0 0
0.140686 0.039307
-0.166992 3.329834 -0.068848
-0.972143 0.097968 -0.212932
0 0 0 0
0.140686 0.022827
-0.167236 3.352783 -0.055908
-0.970635 0.108806 -0.214544
0 0 0 0
0.132141 0.039307
-0.170654 3.322998 -0.055176
-0.967279 0.111567 -0.227869
0 0 0 0
0.132141 0.022827
-0.171631 3.343506 -0.041748
-0.96375 0.114343 -0.241063
0 0 0 0
0.122375 0.039307
-0.175537 3.313721 -0.041016
-0.96375 0.114343 -0.241063
0 0 0 0
0.122375 0.022827
-0.176758 3.333984 -0.0271
-0.967045 0.103108 -0.232791
0 0 0 0
0.112366 0.039307
-0.180176 3.304443 -0.026367
-0.97031 0.089783 -0.224581
0 0 0 0
0.112366 0.022827
-0.181396 3.327148 -0.011963
-0.980178 0.054395 -0.190503
0 0 0 0
0.103027 0.039307
-0.183105 3.297363 -0.011719
-0.983962 0.039189 -0.174022
0 0 0 0
0.103027 0.022827
-0.184814 3.322266 0.00293
-0.995027 -0.011272 -0.098962
0 0 0 0
0.094299 0.039307
-0.184326 3.292725 0.00293
-0.996601 -0.019302 -0.080081
0 0 0 0
0.094299 0.022827
-0.185791 3.319824 0.017822
-0.997158 -0.064751 0.038511
0 0 0 0
0.08606 0.039307
-0.183838 3.290283 0.017334
-0.996698 -0.06698 0.045896
0 0 0 0
0.08606 0.022827
-0.18457 3.319092 0.032227
-0.98138 -0.083634 0.172914
0 0 0 0
0.078003 0.039307
-0.181885 3.289551 0.031738
-0.98138 -0.083634 0.172914
0 0 0 0
0.078003 0.022827
-0.178711 3.290283 0.045898
-0.953278 -0.065628 0.294879
0 0 0 0
0.069946 0.022827
-0.180908 3.319824 0.046387
-0.951302 -0.063569 0.301636
0 0 0 0
0.069946 0.039307
-0.174316 3.292725 0.059814
-0.911468 -0.019739 0.410896
0 0 0 0
0.061707 0.022827
-0.175049 3.322266 0.059814
-0.903262 -0.010517 0.42896
0 0 0 0
0.061707 0.039307
-0.168213 3.297363 0.072998
-0.867022 0.039464 0.496704
0 0 0 0
0.052917 0.022827
-0.166504 3.327148 0.072754
-0.857102 0.054095 0.512298
0 0 0 0
0.052917 0.039307
-0.1604 3.304443 0.085938
-0.837786 0.090932 0.538373
0 0 0 0
0.04364 0.022827
-0.156982 3.333984 0.085205
-0.832313 0.10085 0.545054
0 0 0 0
0.04364 0.039307
-0.151367 3.313721 0.098145
-0.824913 0.113319 0.553784
0 0 0 0
0.03363 0.022827
-0.147461 3.343506 0.097412
-0.824818 0.115743 0.553425
0 0 0 0
0.03363 0.039307
-0.141846 3.322998 0.109863
-0.83358 0.112843 0.54075
0 0 0 0
0.023865 0.022827
-0.138428 3.352783 0.109131
-0.840582 0.107643 0.530882
0 0 0 0
0.023865 0.039307
-0.133789 3.329834 0.121338
-0.842626 0.097924 0.529521
0 0 0 0
0.01532 0.022827
-0.130859 3.359375 0.12085
-0.835998 0.093428 0.54072
0 0 0 0
0.01532 0.039307
-0.125732 3.334229 0.13208
-0.801015 0.07282 0.594199
0 0 0 0
0.007568 0.022827
-0.123535 3.36377 0.131592
-0.788103 0.065779 0.612018
0 0 0 0
0.007568 0.039307
-0.116455 3.336914 0.14209
-0.710459 0.039541 0.702626
0 0 0 0
0.000366 0.022827
-0.115234 3.366455 0.141846
-0.699886 0.037105 0.71329
0 0 0 0
0.000366 0.039307
-0.109863 3.336426 0.135254
0.05949 -0.988369 0.139959
0 0 0 0
0.772339 0.999512
-0.105957 3.337646 0.150635
-0.030984 -0.998486 0.045452
0 0 0 0
0.767029 0.992798
-0.116455 3.336914 0.14209
0.061571 -0.988272 0.139737
0 0 0 0
0.767029 0.999512
-0.100586 3.337402 0.143066
-0.030984 -0.998486 0.045452
0 0 0 0
0.772339 0.992798
-0.090088 3.336426 0.14917
-0.152126 -0.988328 -0.008079
0 0 0 0
0.772339 0.985657
-0.094238 3.336914 0.157715
-0.152126 -0.988328 -0.008079
0 0 0 0
0.767029 0.985657
-0.078613 3.333496 0.154053
-0.276075 -0.960819 -0.024698
0 0 0 0
0.772339 0.978271
-0.081787 3.334229 0.163086
-0.276075 -0.960819 -0.024698
0 0 0 0
0.767029 0.978271
-0.068848 3.329834 0.166992
-0.390475 -0.920334 -0.022687
0 0 0 0
0.767029 0.97052
-0.066406 3.328857 0.157715
-0.392843 -0.919273 -0.024728
0 0 0 0
0.772339 0.97052
-0.055176 3.322998 0.170654
-0.49516 -0.868267 -0.030485
0 0 0 0
0.767029 0.961975
-0.052979 3.322021 0.161377
-0.493631 -0.869068 -0.032388
0 0 0 0
0.772339 0.961975
-0.038818 3.312988 0.16626
-0.533582 -0.844755 -0.040988
0 0 0 0
0.772339 0.952209
-0.041016 3.313721 0.175537
-0.533582 -0.844755 -0.040988
0 0 0 0
0.767029 0.952209
-0.024414 3.303711 0.170654
-0.478089 -0.877657 -0.033902
0 0 0 0
0.772339 0.942383
-0.026367 3.304443 0.180176
-0.478089 -0.877657 -0.033902
0 0 0 0
0.767029 0.942383
-0.011719 3.297363 0.183105
-0.3626 -0.931695 -0.021587
0 0 0 0
0.767029 0.933411
-0.010254 3.297119 0.173584
-0.360871 -0.932332 -0.022986
0 0 0 0
0.772339 0.933411
0.00293 3.292725 0.184326
-0.238063 -0.971019 -0.021174
0 0 0 0
0.767029 0.92511
0.003418 3.292969 0.174805
-0.234321 -0.971887 -0.023001
0 0 0 0
0.772339 0.92511
0.017334 3.290283 0.183838
-0.114295 -0.992874 -0.033733
0 0 0 0
0.767029 0.917236
0.016846 3.290771 0.174316
-0.112331 -0.993083 -0.034169
0 0 0 0
0.772339 0.917236
0.031738 3.289551 0.181885
-0.009032 -0.998505 -0.053914
0 0 0 0
0.767029 0.909546
0.030029 3.290039 0.172363
-0.009032 -0.998505 -0.053914
0 0 0 0
0.772339 0.909546
0.043213 3.290771 0.169678
0.094132 -0.992941 -0.072161
0 0 0 0
0.772339 0.901794
0.045898 3.290283 0.178711
0.09614 -0.992775 -0.071802
0 0 0 0
0.767029 0.901794
0.055908 3.292969 0.165527
0.212427 -0.971826 -0.102119
0 0 0 0
0.772339 0.893921
0.059814 3.292725 0.174316
0.216375 -0.971122 -0.100522
0 0 0 0
0.767029 0.893921
0.068604 3.297119 0.159912
0.333551 -0.931642 -0.144179
0 0 0 0
0.772339 0.885681
0.072998 3.297363 0.168213
0.333551 -0.931642 -0.144179
0 0 0 0
0.767029 0.885681
0.080811 3.303711 0.152344
0.439099 -0.877129 -0.194516
0 0 0 0
0.772339 0.876709
0.085938 3.304443 0.1604
0.439099 -0.877129 -0.194516
0 0 0 0
0.767029 0.876709
0.098145 3.313721 0.151367
0.486908 -0.845342 -0.219811
0 0 0 0
0.767029 0.866821
0.093018 3.312988 0.143066
0.488721 -0.844743 -0.218084
0 0 0 0
0.772339 0.866821
0.109863 3.322998 0.141846
0.454893 -0.868044 -0.198927
0 0 0 0
0.767029 0.857056
0.104492 3.322021 0.133789
0.454304 -0.869057 -0.195824
0 0 0 0
0.772339 0.857056
0.115723 3.328857 0.125977
0.362389 -0.919102 -0.154682
0 0 0 0
0.772339 0.848511
0.121338 3.329834 0.133789
0.360493 -0.919625 -0.155997
0 0 0 0
0.767029 0.848511
0.126221 3.333496 0.118408
0.250863 -0.961125 -0.115352
0 0 0 0
0.772339 0.84082
0.13208 3.334229 0.125732
0.250863 -0.961125 -0.115352
0 0 0 0
0.767029 0.84082
0.14209 3.336914 0.116455
0.140021 -0.988208 -0.061964
0 0 0 0
0.767029 0.833435
0.135254 3.336426 0.109863
0.139774 -0.988471 -0.058211
0 0 0 0
0.772339 0.833435
0.150635 3.337646 0.105957
0.044707 -0.998457 0.032946
0 0 0 0
0.767029 0.826233
0.143066 3.337402 0.100586
0.044707 -0.998457 0.032946
0 0 0 0
0.772339 0.826233
0.14917 3.336426 0.090088
-0.009435 -0.988609 0.15021
0 0 0 0
0.772339 0.819031
0.157715 3.336914 0.094238
-0.00945 -0.988055 0.15381
0 0 0 0
0.767029 0.819031
0.154053 3.333496 0.078613
-0.023176 -0.96126 0.274667
0 0 0 0
0.772339 0.811646
0.163086 3.334229 0.081787
-0.023176 -0.96126 0.274667
0 0 0 0
0.767029 0.811646
0.166992 3.329834 0.068848
-0.024225 -0.919385 0.392611
0 0 0 0
0.767029 0.803955
0.157715 3.328857 0.066406
-0.024225 -0.919385 0.392611
0 0 0 0
0.772339 0.803955
0.170654 3.322998 0.055176
-0.032263 -0.868708 0.494273
0 0 0 0
0.767029 0.79541
0.161377 3.322021 0.052979
-0.032263 -0.868708 0.494273
0 0 0 0
0.772339 0.79541
0.16626 3.312988 0.038818
-0.039928 -0.845751 0.532082
0 0 0 0
0.772339 0.785645
0.175537 3.313721 0.041016
-0.039928 -0.845751 0.532082
0 0 0 0
0.767029 0.785645
0.170654 3.303711 0.024414
-0.034456 -0.878034 0.477356
0 0 0 0
0.772339 0.775757
0.180176 3.304443 0.026367
-0.034456 -0.878034 0.477356
0 0 0 0
0.767029 0.775757
0.183105 3.297363 0.011719
-0.021699 -0.93077 0.364962
0 0 0 0
0.767029 0.766785
0.173584 3.297119 0.010254
-0.021674 -0.931987 0.361843
0 0 0 0
0.772339 0.766785
0.184326 3.292725 -0.00293
-0.022837 -0.971098 0.237584
0 0 0 0
0.767029 0.758545
0.174805 3.292969 -0.003418
-0.022805 -0.971929 0.234167
0 0 0 0
0.772339 0.758545
0.183838 3.290283 -0.017334
-0.036089 -0.992974 0.112692
0 0 0 0
0.767029 0.750671
0.174316 3.290771 -0.016846
-0.036089 -0.992974 0.112692
0 0 0 0
0.772339 0.750671
0.181885 3.289551 -0.031738
-0.052041 -0.998604 0.009012
0 0 0 0
0.767029 0.74292
0.172363 3.290039 -0.030029
-0.052041 -0.998604 0.009012
0 0 0 0
0.772339 0.74292
0.169678 3.290771 -0.043213
-0.070565 -0.993018 -0.094529
0 0 0 0
0.772339 0.735229
0.178711 3.290283 -0.045898
-0.072601 -0.992897 -0.094261
0 0 0 0
0.767029 0.735229
0.165527 3.292969 -0.055908
-0.100107 -0.972002 -0.21258
0 0 0 0
0.772339 0.727356
0.174316 3.292725 -0.059814
-0.102389 -0.971084 -0.215668
0 0 0 0
0.767029 0.727356
0.159912 3.297119 -0.068604
-0.143228 -0.932674 -0.331067
0 0 0 0
0.772339 0.719055
0.168213 3.297363 -0.072998
-0.143398 -0.931521 -0.334224
0 0 0 0
0.767029 0.719055
0.152344 3.303711 -0.080811
-0.193409 -0.87796 -0.437927
0 0 0 0
0.772339 0.710083
0.1604 3.304443 -0.085938
-0.193409 -0.87796 -0.437927
0 0 0 0
0.767029 0.710083
0.151367 3.313721 -0.098145
-0.218187 -0.845325 -0.487668
0 0 0 0
0.767029 0.700195
0.143066 3.312988 -0.093018
-0.218187 -0.845325 -0.487668
0 0 0 0
0.772339 0.700195
0.141846 3.322998 -0.109863
-0.196867 -0.868807 -0.454331
0 0 0 0
0.767029 0.690491
0.133789 3.322021 -0.104492
-0.196867 -0.868807 -0.454331
0 0 0 0
0.772339 0.690491
0.125977 3.328857 -0.115723
-0.153913 -0.920055 -0.360291
0 0 0 0
0.772339 0.681946
0.133789 3.329834 -0.121338
-0.153913 -0.920055 -0.360291
0 0 0 0
0.767029 0.681946
0.118408 3.333496 -0.126221
-0.114808 -0.961109 -0.251176
0 0 0 0
0.772339 0.674194
0.125732 3.334229 -0.13208
-0.114808 -0.961109 -0.251176
0 0 0 0
0.767029 0.674194
0.116455 3.336914 -0.14209
-0.061571 -0.988272 -0.139737
0 0 0 0
0.767029 0.666809
0.109863 3.336426 -0.135254
-0.05949 -0.988369 -0.139959
0 0 0 0
0.772339 0.666809
-0.0271 1.382568 -0.038574
-0.418899 0.683336 -0.597976
0 0 0 0
0.743042 0.256226
-0.038086 1.368652 -0.04541
-0.67848 0.001287 -0.734618
0 0 0 0
0.740479 0.245667
-0.038574 1.354248 -0.0271
-0.613572 -0.662658 -0.429434
0 0 0 0
0.732788 0.235107
-0.04541 1.368652 -0.038086
-0.733523 0.001267 -0.679663
0 0 0 0
0.735352 0.245667
-0.038574 1.382568 -0.0271
-0.597415 0.683592 -0.419282
0 0 0 0
0.732727 0.256226
-0.051514 1.368652 -0.029785
-0.888849 0.00118 -0.458199
0 0 0 0
0.730225 0.245667
-0.045654 1.354248 -0.012207
-0.722993 -0.663188 -0.193553
0 0 0 0
0.722534 0.235107
-0.055908 1.368652 -0.020264
-0.922111 0.001151 -0.386924
0 0 0 0
0.725037 0.245667
-0.045654 1.382568 -0.012207
-0.704822 0.683496 -0.189892
0 0 0 0
0.722473 0.256226
-0.05835 1.368652 -0.010254
-0.992173 0.001037 -0.124869
0 0 0 0
0.71991 0.245667
-0.046875 1.354248 0.00415
-0.745739 -0.662991 0.065702
0 0 0 0
0.71228 0.235107
-0.059326 1.368652 0
-0.998924 0.001 -0.046369
0 0 0 0
0.714783 0.245667
-0.046875 1.382568 0.00415
-0.727444 0.683051 0.06532
0 0 0 0
0.712219 0.256226
-0.05835 1.368652 0.010254
-0.975309 0.00108 0.220843
0 0 0 0
0.709717 0.245667
-0.042725 1.354248 0.02002
-0.678562 -0.66286 0.316497
0 0 0 0
0.702148 0.235107
-0.055908 1.368652 0.020264
-0.95552 0.001112 0.294924
0 0 0 0
0.70459 0.245667
-0.042725 1.382568 0.02002
-0.661102 0.683475 0.309525
0 0 0 0
0.702087 0.256226
-0.051514 1.368652 0.029785
-0.840956 0.001214 0.541102
0 0 0 0
0.699524 0.245667
-0.033447 1.354248 0.033447
-0.530794 -0.661377 0.529941
0 0 0 0
0.692017 0.235107
-0.04541 1.368652 0.038086
-0.796276 0.001238 0.604932
0 0 0 0
0.694458 0.245667
-0.033447 1.382568 0.033447
-0.516496 0.682641 0.516946
0 0 0 0
0.691956 0.256226
-0.038086 1.368652 0.04541
-0.606397 0.00131 0.795161
0 0 0 0
0.689453 0.245667
-0.02002 1.354248 0.042725
-0.315427 -0.662524 0.679388
0 0 0 0
0.682068 0.235107
-0.029785 1.368652 0.051514
-0.539921 0.001327 0.841715
0 0 0 0
0.684387 0.245667
-0.02002 1.382568 0.042725
-0.308647 0.684064 0.660904
0 0 0 0
0.681946 0.256226
-0.020264 1.368652 0.055908
-0.296591 0.001367 0.955004
0 0 0 0
0.67926 0.245667
-0.00415 1.354248 0.046875
-0.065875 -0.662628 0.746046
0 0 0 0
0.672424 0.235107
-0.010254 1.368652 0.05835
-0.221187 0.001374 0.975231
0 0 0 0
0.67395 0.245667
-0.00415 1.382568 0.046875
-0.062969 0.68238 0.728281
0 0 0 0
0.672302 0.256226
0 1.368652 0.059326
0.04837 0.001382 0.998829
0 0 0 0
0.668396 0.245667
-0.059082 1.185059 0.005127
-0.625577 0.778206 0.055206
0 0 0 0
0.602478 0.316345
-0.08667 1.157471 0.03125
-0.807052 0.52221 0.275615
0 0 0 0
0.613586 0.339294
-0.053711 1.185059 0.024902
-0.56885 0.777905 0.266969
0 0 0 0
0.612 0.315491
-0.09082 1.157471 0.016113
-0.836675 0.522262 0.164979
0 0 0 0
0.60498 0.340027
-0.092041 1.157471 -0.000244
-0.852129 0.523099 -0.015616
0 0 0 0
0.595886 0.339233
-0.057129 1.185059 -0.015381
-0.606688 0.777616 -0.165055
0 0 0 0
0.593201 0.313843
-0.09082 1.157471 -0.015869
-0.841706 0.523335 -0.132857
0 0 0 0
0.587463 0.336975
-0.086426 1.157471 -0.031738
-0.795044 0.522202 -0.308562
0 0 0 0
0.579224 0.33313
-0.048584 1.185059 -0.033936
-0.514107 0.77857 -0.359893
0 0 0 0
0.585388 0.30835
-0.079834 1.157471 -0.045898
-0.746506 0.523599 -0.410575
0 0 0 0
0.572083 0.328125
-0.070557 1.157471 -0.059326
-0.643168 0.523566 -0.55876
0 0 0 0
0.565613 0.321655
-0.033936 1.185059 -0.048584
-0.359701 0.778349 -0.514576
0 0 0 0
0.579895 0.300537
-0.059326 1.157471 -0.070557
-0.560067 0.522478 -0.642917
0 0 0 0
0.560608 0.314575
-0.045898 1.157471 -0.079834
-0.412042 0.523125 -0.746031
0 0 0 0
0.556763 0.306274
-0.015381 1.185059 -0.057129
-0.16238 0.777192 -0.607952
0 0 0 0
0.577454 0.291321
-0.031738 1.157471 -0.086426
-0.307778 0.522568 -0.795107
0 0 0 0
0.554504 0.297913
-0.015869 1.157471 -0.09082
-0.131326 0.523978 -0.841547
0 0 0 0
0.553711 0.288818
0.005127 1.185059 -0.059082
0.053582 0.778803 -0.624975
0 0 0 0
0.578247 0.281799
-0.000244 1.157471 -0.092041
-0.017295 0.522838 -0.852256
0 0 0 0
0.554504 0.280151
0.016113 1.157471 -0.09082
0.162937 0.523253 -0.836456
0 0 0 0
0.556824 0.271301
0.024902 1.185059 -0.053711
0.265762 0.777692 -0.569707
0 0 0 0
0.582275 0.273132
0.03125 1.157471 -0.08667
0.277248 0.521647 -0.806857
0 0 0 0
0.560547 0.263428
0.046143 1.157471 -0.079834
0.440913 0.523183 -0.729297
0 0 0 0
0.565735 0.255981
0.041748 1.185059 -0.041748
0.444994 0.778447 -0.44272
0 0 0 0
0.58905 0.266357
0.059082 1.157471 -0.070801
0.53572 0.523115 -0.662838
0 0 0 0
0.571899 0.249817
0.070801 1.157471 -0.059082
0.662813 0.522253 -0.536592
0 0 0 0
0.579407 0.244568
0.053711 1.185059 -0.024902
0.56885 0.777905 -0.266969
0 0 0 0
0.597717 0.262329
0.079834 1.157471 -0.046143
0.730768 0.521977 -0.439907
0 0 0 0
0.58728 0.240906
0.08667 1.157471 -0.03125
0.807052 0.52221 -0.275615
0 0 0 0
0.596069 0.238586
0.059082 1.185059 -0.005127
0.625577 0.778206 -0.055206
0 0 0 0
0.607239 0.261536
0.09082 1.157471 -0.016113
0.836675 0.522262 -0.164979
0 0 0 0
0.604736 0.237793
0.092041 1.157471 0.000244
0.852129 0.523099 0.015616
0 0 0 0
0.613831 0.238586
0.057129 1.185059 0.015381
0.606688 0.777616 0.165055
0 0 0 0
0.616455 0.263977
0.09082 1.157471 0.015869
0.841706 0.523335 0.132857
0 0 0 0
0.622253 0.240845
0.086426 1.157471 0.031738
0.795044 0.522202 0.308562
0 0 0 0
0.630493 0.24469
0.048584 1.185059 0.033936
0.514107 0.77857 0.359893
0 0 0 0
0.624329 0.26947
0.079834 1.157471 0.045898
0.746506 0.523599 0.410575
0 0 0 0
0.637634 0.249695
0.070557 1.157471 0.059326
0.643168 0.523566 0.55876
0 0 0 0
0.644104 0.256165
0.033936 1.185059 0.048584
0.359701 0.778349 0.514576
0 0 0 0
0.629822 0.277283
0.059326 1.157471 0.070557
0.560067 0.522478 0.642917
0 0 0 0
0.649048 0.263245
0.045898 1.157471 0.079834
0.412042 0.523125 0.746031
0 0 0 0
0.652954 0.271545
0.015381 1.185059 0.057129
0.16238 0.777192 0.607952
0 0 0 0
0.632263 0.286499
0.031738 1.157471 0.086426
0.307778 0.522568 0.795107
0 0 0 0
0.655151 0.279907
0.015869 1.157471 0.09082
0.131326 0.523978 0.841547
0 0 0 0
0.655945 0.289001
-0.005127 1.185059 0.059082
-0.053582 0.778803 0.624975
0 0 0 0
0.63147 0.296021
0.000244 1.157471 0.092041
0.017295 0.522838 0.852256
0 0 0 0
0.655212 0.297668
-0.016113 1.157471 0.09082
-0.162937 0.523253 0.836456
0 0 0 0
0.652832 0.306519
-0.024902 1.185059 0.053711
-0.265762 0.777692 0.569707
0 0 0 0
0.62738 0.304688
-0.03125 1.157471 0.08667
-0.277248 0.521647 0.806857
0 0 0 0
0.64917 0.314392
-0.046143 1.157471 0.079834
-0.440913 0.523183 0.729298
0 0 0 0
0.643921 0.321838
-0.041748 1.185059 0.041748
-0.444994 0.778447 0.44272
0 0 0 0
0.620667 0.311462
-0.059082 1.157471 0.070801
-0.53572 0.523115 0.662838
0 0 0 0
0.637817 0.328003
-0.070801 1.157471 0.059082
-0.662813 0.522253 0.536592
0 0 0 0
0.63031 0.333252
-0.079834 1.157471 0.046143
-0.730768 0.521977 0.439907
0 0 0 0
0.622437 0.336914
-0.079834 1.135742 0.046143
-0.867323 0.001196 0.497744
0 0 0 0
0.626465 0.348206
-0.08667 1.135742 0.031494
-0.93922 0.001133 0.343313
0 0 0 0
0.615784 0.351074
-0.09082 1.135742 0.016113
-0.985136 0.001058 0.171775
0 0 0 0
0.604858 0.352051
-0.092285 1.135742 0
-1 0.000978 -0.000001
0 0 0 0
0.593872 0.351074
-0.09082 1.135742 -0.016113
-0.984509 0.00106 -0.175329
0 0 0 0
0.583252 0.348206
-0.08667 1.135742 -0.031494
-0.940374 0.001132 -0.340141
0 0 0 0
0.573303 0.343567
-0.079834 1.135742 -0.046143
-0.865729 0.001197 -0.500511
0 0 0 0
0.56427 0.33728
-0.070557 1.135742 -0.059326
-0.767593 0.001252 -0.640937
0 0 0 0
0.556519 0.329468
-0.059326 1.135742 -0.070557
-0.640741 0.0013 -0.767756
0 0 0 0
0.550171 0.320496
-0.046143 1.135742 -0.079834
-0.500689 0.001335 -0.865626
0 0 0 0
0.545532 0.310486
-0.031494 1.135742 -0.08667
-0.341725 0.001361 -0.939799
0 0 0 0
0.542664 0.299866
-0.016113 1.135742 -0.09082
-0.174889 0.001377 -0.984587
0 0 0 0
0.541748 0.28894
0 1.135742 -0.092285
0.001382 0.001382 -0.999998
0 0 0 0
0.542664 0.277954
0.016113 1.135742 -0.09082
0.172156 0.001377 -0.985069
0 0 0 0
0.545532 0.267334
0.031494 1.135742 -0.08667
0.344362 0.001361 -0.938836
0 0 0 0
0.550171 0.257324
0.046143 1.135742 -0.079834
0.498209 0.001336 -0.867056
0 0 0 0
0.556519 0.248352
0.059326 1.135742 -0.070557
0.642997 0.001299 -0.765868
0 0 0 0
0.56427 0.24054
0.070557 1.135742 -0.059326
0.765633 0.001253 -0.643276
0 0 0 0
0.573303 0.234253
0.079834 1.135742 -0.046143
0.867323 0.001196 -0.497743
0 0 0 0
0.583252 0.229614
0.08667 1.135742 -0.031494
0.93922 0.001133 -0.343313
0 0 0 0
0.593872 0.226746
0.09082 1.135742 -0.016113
0.985136 0.001058 -0.171774
0 0 0 0
0.604858 0.22583
0.092285 1.135742 0
1 0.000978 0.000001
0 0 0 0
0.615784 0.226746
0.09082 1.135742 0.016113
0.984509 0.00106 0.175329
0 0 0 0
0.626465 0.229614
0.08667 1.135742 0.031494
0.940374 0.001132 0.340141
0 0 0 0
0.636414 0.234253
0.079834 1.135742 0.046143
0.86573 0.001197 0.500511
0 0 0 0
0.645447 0.24054
0.070557 1.135742 0.059326
0.767593 0.001252 0.640937
0 0 0 0
0.653198 0.248352
0.059326 1.135742 0.070557
0.640741 0.0013 0.767756
0 0 0 0
0.659485 0.257385
0.046143 1.135742 0.079834
0.500689 0.001335 0.865626
0 0 0 0
0.664185 0.267334
0.031494 1.135742 0.08667
0.341725 0.001361 0.939799
0 0 0 0
0.666992 0.277954
0.016113 1.135742 0.09082
0.174889 0.001377 0.984587
0 0 0 0
0.667969 0.28894
0 1.135742 0.092285
-0.001382 0.001382 0.999998
0 0 0 0
0.666992 0.299866
-0.016113 1.135742 0.09082
-0.172156 0.001377 0.985069
0 0 0 0
0.664185 0.310486
-0.031494 1.135742 0.08667
-0.344362 0.001361 0.938836
0 0 0 0
0.659546 0.320496
-0.046143 1.135742 0.079834
-0.498209 0.001336 0.867056
0 0 0 0
0.653198 0.329468
-0.059326 1.135742 0.070557
-0.642997 0.001299 0.765868
0 0 0 0
0.645447 0.33728
-0.070557 1.135742 0.059326
-0.765633 0.001253 0.643276
0 0 0 0
0.636414 0.343567
0.012695 2.993652 0.047363
0.259037 0.004112 0.965859
0 0 0 0
0.999695 0.009338
0.028076 2.993652 0.040039
0.573524 0.003955 0.819179
0 0 0 0
0.999695 0.000305
0.027588 3.15625 0.039551
0.573524 0.003955 0.819179
0 0 0 0
0.90979 0.000305
0.012451 3.15625 0.046631
0.259037 0.004112 0.965859
0 0 0 0
0.90979 0.009338
-0.00415 2.993652 0.048828
-0.08701 0.004143 0.996199
0 0 0 0
0.999695 0.018738
-0.00415 3.15625 0.048096
-0.08701 0.004143 0.996199
0 0 0 0
0.90979 0.018738
-0.020752 2.993652 0.044434
-0.422448 0.004049 0.906378
0 0 0 0
0.999695 0.028076
-0.020508 3.15625 0.043701
-0.422448 0.004049 0.906378
0 0 0 0
0.90979 0.028076
-0.03418 3.15625 0.03418
-0.706424 0.003832 0.707779
0 0 0 0
0.90979 0.037415
-0.034668 2.993652 0.034668
-0.706424 0.003832 0.707779
0 0 0 0
0.999695 0.037415
-0.044434 2.993652 0.020752
-0.906074 0.003498 0.423104
0 0 0 0
0.999695 0.046753
-0.043701 3.15625 0.020508
-0.906074 0.003498 0.423104
0 0 0 0
0.90979 0.046753
-0.048828 2.993652 0.00415
-0.996118 0.005098 0.087886
0 0 0 0
0.999695 0.056152
-0.048096 3.15625 0.00415
-0.996118 0.005098 0.087886
0 0 0 0
0.90979 0.056152
-0.047363 2.993652 -0.012695
-0.966049 0.00329 -0.258339
0 0 0 0
0.999695 0.065491
-0.046631 3.15625 -0.012451
-0.966049 0.00329 -0.258339
0 0 0 0
0.90979 0.065491
-0.039551 3.15625 -0.027588
-0.820016 0.003677 -0.572329
0 0 0 0
0.90979 0.074829
-0.040039 2.993652 -0.028076
-0.820016 0.003677 -0.572329
0 0 0 0
0.999695 0.074829
-0.028076 2.993652 -0.040039
-0.573524 0.003955 -0.819179
0 0 0 0
0.999695 0.084167
-0.027588 3.15625 -0.039551
-0.573524 0.003955 -0.819179
0 0 0 0
0.90979 0.084167
-0.012695 2.993652 -0.047363
-0.259037 0.004112 -0.965859
0 0 0 0
0.999695 0.093506
-0.012451 3.15625 -0.046631
-0.259037 0.004112 -0.965859
0 0 0 0
0.90979 0.093506
0.00415 2.993652 -0.048828
0.08701 0.004143 -0.996199
0 0 0 0
0.999695 0.102905
0.00415 3.15625 -0.048096
0.08701 0.004143 -0.996199
0 0 0 0
0.90979 0.102905
0.020752 2.993652 -0.044434
0.422448 0.004049 -0.906378
0 0 0 0
0.999695 0.112244
0.020508 3.15625 -0.043701
0.422448 0.004049 -0.906378
0 0 0 0
0.90979 0.112244
0.034668 2.993652 -0.034668
0.706424 0.003832 -0.707779
0 0 0 0
0.999695 0.121582
0.03418 3.15625 -0.03418
0.706424 0.003832 -0.707779
0 0 0 0
0.90979 0.121582
0.043701 3.15625 -0.020508
0.906074 0.003498 -0.423104
0 0 0 0
0.90979 0.13092
0.044434 2.993652 -0.020752
0.906074 0.003498 -0.423104
0 0 0 0
0.999695 0.13092
0.048828 2.993652 -0.00415
0.996118 0.005098 -0.087886
0 0 0 0
0.999695 0.14032
0.048096 3.15625 -0.00415
0.996118 0.005098 -0.087886
0 0 0 0
0.90979 0.14032
0.047363 2.993652 0.012695
0.966049 0.00329 0.258339
0 0 0 0
0.999695 0.149658
0.046631 3.15625 0.012451
0.966049 0.00329 0.258339
0 0 0 0
0.90979 0.149658
0.040039 2.993652 0.028076
0.820016 0.003677 0.572329
0 0 0 0
0.999695 0.158997
0.039551 3.15625 0.027588
0.820016 0.003677 0.572329
0 0 0 0
0.90979 0.158997
0.027588 3.15625 0.039551
0.573524 0.003955 0.819179
0 0 0 0
0.90979 0.168335
0.028076 2.993652 0.040039
0.573524 0.003955 0.819179
0 0 0 0
0.999695 0.168335
-0.043701 3.15625 0.020508
-0.000977 1 -0.000001
0 0 0 0
0.467102 0.92981
0 3.15625 0
-0.000977 1 -0.000001
0 0 0 0
0.44281 0.941101
-0.048096 3.15625 0.00415
-0.000977 1 -0.000001
0 0 0 0
0.469482 0.938782
-0.03418 3.15625 0.03418
-0.000977 1 -0.000001
0 0 0 0
0.461731 0.92218
-0.020508 3.15625 0.043701
-0.000977 1 -0.000001
0 0 0 0
0.454163 0.91687
-0.00415 3.15625 0.048096
-0.000977 1 -0.000001
0 0 0 0
0.44519 0.914429
0.012451 3.15625 0.046631
0.000978 1 -0.000001
0 0 0 0
0.435913 0.915283
0.027588 3.15625 0.039551
0.000978 1 -0.000001
0 0 0 0
0.42749 0.919189
0.039551 3.15625 0.027588
0.000978 1 -0.000001
0 0 0 0
0.420898 0.925781
0.046631 3.15625 0.012451
0.000978 1 -0.000001
0 0 0 0
0.416992 0.934204
0.048096 3.15625 -0.00415
0.000978 1 0.000001
0 0 0 0
0.416199 0.94342
0.043701 3.15625 -0.020508
0.000978 1 0.000001
0 0 0 0
0.418579 0.952393
0.03418 3.15625 -0.03418
0.000978 1 0.000001
0 0 0 0
0.42395 0.960022
0.020508 3.15625 -0.043701
-0.000977 1 0.000001
0 0 0 0
0.431519 0.965332
0.00415 3.15625 -0.048096
0.000978 1 0.000001
0 0 0 0
0.440491 0.967712
-0.012451 3.15625 -0.046631
0.000978 1 0.000001
0 0 0 0
0.449768 0.966919
-0.027588 3.15625 -0.039551
-0.000977 1 -0.000001
0 0 0 0
0.458191 0.963013
-0.039551 3.15625 -0.027588
-0.000977 1 -0.000001
0 0 0 0
0.464722 0.956421
-0.046631 3.15625 -0.012451
-0.000977 1 0.000001
0 0 0 0
0.468689 0.947998
-0.048828 2.993652 0.00415
-0.10698 0.994228 0.008102
0 0 0 0
0.587402 0.380127
-0.095215 2.988525 0
-0.108711 0.994066 -0.003806
0 0 0 0
0.602539 0.373108
-0.09375 2.988525 0.016602
-0.107796 0.993895 0.023528
0 0 0 0
0.599121 0.368286
-0.0896 2.988525 0.032471
-0.104462 0.993883 0.035836
0 0 0 0
0.594971 0.364136
-0.044434 2.993652 0.020752
-0.09891 0.994095 0.044627
0 0 0 0
0.58313 0.375854
-0.08252 2.988525 0.047607
-0.093469 0.993983 0.057102
0 0 0 0
0.590149 0.360718
-0.072998 2.988525 0.061279
-0.085787 0.994124 0.066008
0 0 0 0
0.584778 0.358215
-0.034668 2.993652 0.034668
-0.076015 0.994278 0.075051
0 0 0 0
0.577698 0.373352
-0.061279 2.988525 0.072998
-0.068294 0.993834 0.087351
0 0 0 0
0.579041 0.356689
-0.047607 2.988525 0.08252
-0.058232 0.994031 0.092258
0 0 0 0
0.573181 0.356201
-0.020752 2.993652 0.044434
-0.046075 0.994203 0.097143
0 0 0 0
0.571655 0.372803
-0.032471 2.988525 0.0896
-0.033916 0.993847 0.105445
0 0 0 0
0.567322 0.356689
-0.00415 2.993652 0.048828
-0.009254 0.99428 0.106408
0 0 0 0
0.565857 0.37439
-0.016602 2.988525 0.09375
-0.023644 0.994087 0.10598
0 0 0 0
0.561584 0.358276
0 2.988525 0.095215
0.00309 0.993908 0.110169
0 0 0 0
0.556213 0.360718
0.016602 2.988525 0.09375
0.015448 0.993816 0.109962
0 0 0 0
0.551392 0.364136
0.012695 2.993652 0.047363
0.027754 0.994001 0.105789
0 0 0 0
0.560913 0.377808
0.032471 2.988525 0.0896
0.042057 0.993979 0.101179
0 0 0 0
0.547241 0.368347
0.047607 2.988525 0.08252
0.052206 0.993954 0.096593
0 0 0 0
0.543823 0.373169
0.028076 2.993652 0.040039
0.062199 0.994169 0.088084
0 0 0 0
0.557495 0.382751
0.061279 2.988525 0.072998
0.074255 0.993794 0.082818
0 0 0 0
0.541321 0.37854
0.072998 2.988525 0.061279
0.082062 0.993864 0.074156
0 0 0 0
0.539795 0.384216
0.040039 2.993652 0.028076
0.087637 0.994227 0.06191
0 0 0 0
0.555908 0.388611
0.08252 2.988525 0.047607
0.097281 0.993866 0.052592
0 0 0 0
0.539307 0.390137
0.0896 2.988525 0.032471
0.102681 0.993908 0.040048
0 0 0 0
0.539795 0.395996
0.047363 2.993652 0.012695
0.104076 0.99417 0.028184
0 0 0 0
0.556458 0.394592
0.09375 2.988525 0.016602
0.109337 0.993885 0.01541
0 0 0 0
0.541382 0.401672
0.095215 2.988525 0
0.108711 0.994066 0.003806
0 0 0 0
0.543823 0.407043
0.048828 2.993652 -0.00415
0.10698 0.994228 -0.008102
0 0 0 0
0.55896 0.400024
0.09375 2.988525 -0.016602
0.107796 0.993895 -0.023528
0 0 0 0
0.547241 0.411865
0.0896 2.988525 -0.032471
0.104462 0.993883 -0.035836
0 0 0 0
0.551453 0.416077
0.044434 2.993652 -0.020752
0.09891 0.994095 -0.044626
0 0 0 0
0.563232 0.404297
0.105957 3.337646 -0.150635
0.030984 -0.998486 -0.045452
0 0 0 0
0.767029 0.659668
0.100586 3.337402 -0.143066
0.030984 -0.998486 -0.045452
0 0 0 0
0.772339 0.659668
0.090088 3.336426 -0.14917
0.152126 -0.988328 0.008079
0 0 0 0
0.772339 0.652466
0.094238 3.336914 -0.157715
0.152126 -0.988328 0.008079
0 0 0 0
0.767029 0.652466
0.078613 3.333496 -0.154053
0.276075 -0.960819 0.024698
0 0 0 0
0.772339 0.645081
0.081787 3.334229 -0.163086
0.276075 -0.960819 0.024698
0 0 0 0
0.767029 0.645081
0.068848 3.329834 -0.166992
0.390475 -0.920334 0.022687
0 0 0 0
0.767029 0.637329
0.066406 3.328857 -0.157715
0.392843 -0.919273 0.024728
0 0 0 0
0.772339 0.637329
0.055176 3.322998 -0.170654
0.49516 -0.868267 0.030485
0 0 0 0
0.767029 0.628845
0.052979 3.322021 -0.161377
0.493631 -0.869068 0.032388
0 0 0 0
0.772339 0.628845
0.038818 3.312988 -0.16626
0.533582 -0.844755 0.040988
0 0 0 0
0.772339 0.61908
0.041016 3.313721 -0.175537
0.533582 -0.844755 0.040988
0 0 0 0
0.767029 0.61908
0.024414 3.303711 -0.170654
0.478089 -0.877657 0.033902
0 0 0 0
0.772339 0.609192
0.026367 3.304443 -0.180176
0.478089 -0.877657 0.033902
0 0 0 0
0.767029 0.609192
0.011719 3.297363 -0.183105
0.3626 -0.931695 0.021587
0 0 0 0
0.767029 0.60022
0.010254 3.297119 -0.173584
0.360871 -0.932332 0.022985
0 0 0 0
0.772339 0.60022
-0.00293 3.292725 -0.184326
0.238063 -0.971019 0.021174
0 0 0 0
0.767029 0.591919
-0.003418 3.292969 -0.174805
0.234321 -0.971887 0.023001
0 0 0 0
0.772339 0.591919
-0.017334 3.290283 -0.183838
0.114295 -0.992874 0.033733
0 0 0 0
0.767029 0.584045
-0.016846 3.290771 -0.174316
0.112331 -0.993083 0.034169
0 0 0 0
0.772339 0.584045
-0.031738 3.289551 -0.181885
0.009032 -0.998505 0.053914
0 0 0 0
0.767029 0.576355
-0.030029 3.290039 -0.172363
0.009032 -0.998505 0.053914
0 0 0 0
0.772339 0.576355
-0.043213 3.290771 -0.169678
-0.094132 -0.992941 0.072161
0 0 0 0
0.772339 0.568665
-0.045898 3.290283 -0.178711
-0.09614 -0.992775 0.071802
0 0 0 0
0.767029 0.568665
-0.055908 3.292969 -0.165527
-0.212427 -0.971826 0.102119
0 0 0 0
0.772339 0.560791
-0.059814 3.292725 -0.174316
-0.216375 -0.971122 0.100522
0 0 0 0
0.767029 0.560791
-0.068604 3.297119 -0.159912
-0.333551 -0.931642 0.144179
0 0 0 0
0.772339 0.55249
-0.072998 3.297363 -0.168213
-0.333551 -0.931642 0.144179
0 0 0 0
0.767029 0.55249
-0.080811 3.303711 -0.152344
-0.439099 -0.877129 0.194516
0 0 0 0
0.772339 0.543518
-0.085938 3.304443 -0.1604
-0.439099 -0.877129 0.194516
0 0 0 0
0.767029 0.543518
-0.098145 3.313721 -0.151367
-0.486908 -0.845342 0.219811
0 0 0 0
0.767029 0.53363
-0.093018 3.312988 -0.143066
-0.486908 -0.845342 0.219811
0 0 0 0
0.772339 0.53363
-0.109863 3.322998 -0.141846
-0.454893 -0.868044 0.198927
0 0 0 0
0.767029 0.523865
-0.104492 3.322021 -0.133789
-0.454304 -0.869057 0.195824
0 0 0 0
0.772339 0.523865
-0.115723 3.328857 -0.125977
-0.362389 -0.919102 0.154682
0 0 0 0
0.772339 0.51532
-0.121338 3.329834 -0.133789
-0.360493 -0.919625 0.155997
0 0 0 0
0.767029 0.51532
-0.126221 3.333496 -0.118408
-0.250863 -0.961125 0.115352
0 0 0 0
0.772339 0.507629
-0.13208 3.334229 -0.125732
-0.250863 -0.961125 0.115352
0 0 0 0
0.767029 0.507629
-0.14209 3.336914 -0.116455
-0.140021 -0.988208 0.061964
0 0 0 0
0.767029 0.500244
-0.135254 3.336426 -0.109863
-0.139774 -0.988471 0.058211
0 0 0 0
0.772339 0.500244
-0.150635 3.337646 -0.105957
-0.044707 -0.998457 -0.032946
0 0 0 0
0.767029 0.493042
-0.143066 3.337402 -0.100586
-0.044707 -0.998457 -0.032946
0 0 0 0
0.772339 0.493042
-0.14917 3.336426 -0.090088
0.009435 -0.988609 -0.15021
0 0 0 0
0.772339 0.485901
-0.157715 3.336914 -0.094238
0.00945 -0.988055 -0.15381
0 0 0 0
0.767029 0.485901
-0.154053 3.333496 -0.078613
0.023176 -0.96126 -0.274667
0 0 0 0
0.772339 0.478516
-0.163086 3.334229 -0.081787
0.023176 -0.96126 -0.274667
0 0 0 0
0.767029 0.478516
-0.166992 3.329834 -0.068848
0.024225 -0.919385 -0.392611
0 0 0 0
0.767029 0.470764
-0.157715 3.328857 -0.066406
0.024225 -0.919385 -0.392611
0 0 0 0
0.772339 0.470764
-0.170654 3.322998 -0.055176
0.032263 -0.868708 -0.494273
0 0 0 0
0.767029 0.462219
-0.161377 3.322021 -0.052979
0.032263 -0.868708 -0.494273
0 0 0 0
0.772339 0.462219
-0.16626 3.312988 -0.038818
0.039928 -0.845751 -0.532082
0 0 0 0
0.772339 0.452454
-0.175537 3.313721 -0.041016
0.039928 -0.845751 -0.532082
0 0 0 0
0.767029 0.452454
-0.170654 3.303711 -0.024414
0.034456 -0.878034 -0.477356
0 0 0 0
0.772339 0.442566
-0.180176 3.304443 -0.026367
0.034456 -0.878034 -0.477356
0 0 0 0
0.767029 0.442566
-0.183105 3.297363 -0.011719
0.021699 -0.93077 -0.364962
0 0 0 0
0.767029 0.433655
-0.173584 3.297119 -0.010254
0.021674 -0.931987 -0.361843
0 0 0 0
0.772339 0.433655
-0.184326 3.292725 0.00293
0.022837 -0.971098 -0.237584
0 0 0 0
0.767029 0.425354
-0.174805 3.292969 0.003418
0.022805 -0.971929 -0.234167
0 0 0 0
0.772339 0.425354
-0.183838 3.290283 0.017334
0.036089 -0.992974 -0.112692
0 0 0 0
0.767029 0.41748
-0.174316 3.290771 0.016846
0.036089 -0.992974 -0.112692
0 0 0 0
0.772339 0.41748
-0.181885 3.289551 0.031738
0.052041 -0.998604 -0.009012
0 0 0 0
0.767029 0.40979
-0.172363 3.290039 0.030029
0.052041 -0.998604 -0.009012
0 0 0 0
0.772339 0.40979
-0.169678 3.290771 0.043213
0.070565 -0.993018 0.094529
0 0 0 0
0.772339 0.402039
-0.178711 3.290283 0.045898
0.072601 -0.992897 0.094261
0 0 0 0
0.767029 0.402039
-0.165527 3.292969 0.055908
0.100107 -0.972002 0.21258
0 0 0 0
0.772339 0.394165
-0.174316 3.292725 0.059814
0.10239 -0.971084 0.215668
0 0 0 0
0.767029 0.394165
-0.159912 3.297119 0.068604
0.143228 -0.932674 0.331067
0 0 0 0
0.772339 0.385925
-0.168213 3.297363 0.072998
0.143398 -0.931521 0.334224
0 0 0 0
0.767029 0.385925
-0.152344 3.303711 0.080811
0.193409 -0.87796 0.437927
0 0 0 0
0.772339 0.376953
-0.1604 3.304443 0.085938
0.193409 -0.87796 0.437927
0 0 0 0
0.767029 0.376953
-0.151367 3.313721 0.098145
0.218187 -0.845325 0.487668
0 0 0 0
0.767029 0.367065
-0.143066 3.312988 0.093018
0.218187 -0.845325 0.487668
0 0 0 0
0.772339 0.367065
-0.141846 3.322998 0.109863
0.196867 -0.868807 0.454331
0 0 0 0
0.767029 0.3573
-0.133789 3.322021 0.104492
0.196867 -0.868807 0.454331
0 0 0 0
0.772339 0.3573
-0.125977 3.328857 0.115723
0.153913 -0.920055 0.360291
0 0 0 0
0.772339 0.348755
-0.133789 3.329834 0.121338
0.153913 -0.920055 0.360291
0 0 0 0
0.767029 0.348755
-0.118408 3.333496 0.126221
0.114808 -0.961109 0.251176
0 0 0 0
0.772339 0.341064
-0.125732 3.334229 0.13208
0.114808 -0.961109 0.251176
0 0 0 0
0.767029 0.341064
-0.116455 3.336914 0.14209
0.061571 -0.988272 0.139737
0 0 0 0
0.767029 0.333679
-0.109863 3.336426 0.135254
0.05949 -0.988369 0.139959
0 0 0 0
0.772339 0.333679
-0.108643 3.365967 0.13501
0.70414 -0.03706 -0.709094
0 0 0 0
0.649414 0.049316
-0.100586 3.337402 0.143066
0.575843 -0.025037 -0.817177
0 0 0 0
0.642883 0.065735
-0.109863 3.336426 0.135254
0.716731 -0.042011 -0.696083
0 0 0 0
0.649414 0.065735
-0.100342 3.366943 0.142578
0.575843 -0.025037 -0.817177
0 0 0 0
0.642883 0.049316
-0.090332 3.365967 0.147949
0.427499 -0.036412 -0.903282
0 0 0 0
0.636353 0.049316
-0.090088 3.336426 0.14917
0.412062 -0.041882 -0.910193
0 0 0 0
0.636353 0.065735
-0.079102 3.363037 0.151855
0.299085 -0.066919 -0.951877
0 0 0 0
0.629395 0.049316
-0.078613 3.333496 0.154053
0.274983 -0.072508 -0.958711
0 0 0 0
0.629395 0.065735
-0.066895 3.358398 0.154785
0.218236 -0.091961 -0.971554
0 0 0 0
0.621948 0.049316
-0.066406 3.328857 0.157715
0.207352 -0.097497 -0.973396
0 0 0 0
0.621948 0.065735
-0.053711 3.351807 0.157959
0.210007 -0.108435 -0.971668
0 0 0 0
0.613525 0.049316
-0.052979 3.322021 0.161377
0.226251 -0.111068 -0.967716
0 0 0 0
0.613525 0.065735
-0.039551 3.342529 0.162354
0.239745 -0.113708 -0.964154
0 0 0 0
0.603821 0.049316
-0.038818 3.312988 0.16626
0.242444 -0.113688 -0.963481
0 0 0 0
0.603821 0.065735
-0.025146 3.333252 0.167236
0.234416 -0.102814 -0.966684
0 0 0 0
0.593933 0.049316
-0.024414 3.303711 0.170654
0.226379 -0.089179 -0.969948
0 0 0 0
0.593933 0.065735
-0.010498 3.32666 0.171875
0.196646 -0.053631 -0.979007
0 0 0 0
0.584961 0.049316
-0.010254 3.297119 0.173584
0.180316 -0.039917 -0.982798
0 0 0 0
0.584961 0.065735
0.003662 3.32251 0.175293
0.103541 0.009664 -0.994578
0 0 0 0
0.576721 0.049316
0.003418 3.292969 0.174805
0.084248 0.020717 -0.996229
0 0 0 0
0.576721 0.065735
0.017334 3.320312 0.176514
-0.037299 0.064928 -0.997193
0 0 0 0
0.569092 0.049316
0.016846 3.290771 0.174316
-0.042822 0.064924 -0.996971
0 0 0 0
0.569092 0.065735
0.030518 3.31958 0.175293
-0.172002 0.083937 -0.981514
0 0 0 0
0.561707 0.049316
0.030029 3.290039 0.172363
-0.172002 0.083937 -0.981514
0 0 0 0
0.561707 0.065735
0.043213 3.290771 0.169678
-0.296417 0.066933 -0.95271
0 0 0 0
0.554321 0.065735
0.043457 3.320312 0.171875
-0.30443 0.064162 -0.950371
0 0 0 0
0.554321 0.049316
0.055908 3.292969 0.165527
-0.417287 0.020257 -0.908549
0 0 0 0
0.546692 0.065735
0.055908 3.32251 0.16626
-0.432686 0.012131 -0.901463
0 0 0 0
0.546692 0.049316
0.068604 3.297119 0.159912
-0.503057 -0.038697 -0.863386
0 0 0 0
0.538452 0.065735
0.068115 3.32666 0.158203
-0.515277 -0.05459 -0.855284
0 0 0 0
0.538452 0.049316
0.080811 3.303711 0.152344
-0.541673 -0.091383 -0.835607
0 0 0 0
0.52948 0.065735
0.080322 3.333252 0.148926
-0.548745 -0.101815 -0.829767
0 0 0 0
0.52948 0.049316
0.093018 3.312988 0.143066
-0.553313 -0.114888 -0.825012
0 0 0 0
0.519592 0.065735
0.092285 3.342529 0.139404
-0.553313 -0.114888 -0.825012
0 0 0 0
0.519592 0.049316
0.104492 3.322021 0.133789
-0.541326 -0.1125 -0.833253
0 0 0 0
0.509888 0.065735
0.104004 3.351807 0.130371
-0.526857 -0.107495 -0.843129
0 0 0 0
0.509888 0.049316
0.115723 3.328857 0.125977
-0.524545 -0.099597 -0.845537
0 0 0 0
0.501465 0.065735
0.115234 3.358398 0.123047
-0.534403 -0.091498 -0.840262
0 0 0 0
0.501465 0.049316
0.126221 3.333496 0.118408
-0.584885 -0.072289 -0.807889
0 0 0 0
0.493958 0.065735
0.125732 3.363037 0.115967
-0.603657 -0.066782 -0.794442
0 0 0 0
0.493958 0.049316
0.135254 3.336426 0.109863
-0.695589 -0.039711 -0.717342
0 0 0 0
0.487061 0.065735
0.13501 3.365967 0.108643
-0.708374 -0.037014 -0.704866
0 0 0 0
0.487061 0.049316
0.143066 3.337402 0.100586
-0.81814 -0.023305 -0.574546
0 0 0 0
0.48053 0.065735
0.142578 3.366943 0.100342
-0.81814 -0.023305 -0.574546
0 0 0 0
0.48053 0.049316
0.147949 3.365967 0.090332
-0.902958 -0.038548 -0.427997
0 0 0 0
0.473999 0.049316
0.14917 3.336426 0.090088
-0.909823 -0.040669 -0.412999
0 0 0 0
0.473999 0.065735
0.151855 3.363037 0.079102
-0.951221 -0.065794 -0.301414
0 0 0 0
0.467041 0.049316
0.154053 3.333496 0.078613
-0.958849 -0.073927 -0.274124
0 0 0 0
0.467041 0.065735
0.154785 3.358398 0.066895
-0.971639 -0.093821 -0.217059
0 0 0 0
0.459595 0.049316
0.157715 3.328857 0.066406
-0.972908 -0.097828 -0.209476
0 0 0 0
0.459595 0.065735
0.157959 3.351807 0.053711
-0.971408 -0.108651 -0.211097
0 0 0 0
0.451172 0.049316
0.161377 3.322021 0.052979
-0.967279 -0.111567 -0.227869
0 0 0 0
0.451172 0.065735
0.162354 3.342529 0.039551
-0.96375 -0.114343 -0.241063
0 0 0 0
0.441467 0.049316
0.16626 3.312988 0.038818
-0.96375 -0.114343 -0.241063
0 0 0 0
0.441467 0.065735
0.167236 3.333252 0.025146
-0.966345 -0.101091 -0.236552
0 0 0 0
0.43158 0.049316
0.170654 3.303711 0.024414
-0.9695 -0.089909 -0.228006
0 0 0 0
0.43158 0.065735
0.171875 3.32666 0.010498
-0.978781 -0.054555 -0.197513
0 0 0 0
0.422607 0.049316
0.173584 3.297119 0.010254
-0.982677 -0.039307 -0.181108
0 0 0 0
0.422607 0.065735
0.175293 3.32251 -0.003662
-0.994651 0.011291 -0.10267
0 0 0 0
0.414368 0.049316
0.174805 3.292969 -0.003418
-0.996293 0.019336 -0.083827
0 0 0 0
0.414368 0.065735
0.176514 3.320312 -0.017334
-0.997306 0.064631 0.034681
0 0 0 0
0.406738 0.049316
0.174316 3.290771 -0.016846
-0.996698 0.06698 0.045896
0 0 0 0
0.406738 0.065735
0.175293 3.31958 -0.030518
-0.98138 0.083634 0.172914
0 0 0 0
0.399353 0.049316
0.172363 3.290039 -0.030029
-0.98138 0.083634 0.172914
0 0 0 0
0.399353 0.065735
0.169678 3.290771 -0.043213
-0.953278 0.065628 0.294879
0 0 0 0
0.391968 0.065735
0.171875 3.320312 -0.043457
-0.950258 0.063648 0.304893
0 0 0 0
0.391968 0.049316
0.165527 3.292969 -0.055908
-0.908745 0.019781 0.416882
0 0 0 0
0.384338 0.065735
0.16626 3.32251 -0.055908
-0.901855 0.010528 0.431911
0 0 0 0
0.384338 0.049316
0.159912 3.297119 -0.068604
-0.863829 -0.039537 0.502231
0 0 0 0
0.376099 0.065735
0.158203 3.32666 -0.068115
-0.855467 -0.054143 0.51502
0 0 0 0
0.376099 0.049316
0.152344 3.303711 -0.080811
-0.834361 -0.091087 0.54364
0 0 0 0
0.367126 0.065735
0.148926 3.333252 -0.080322
-0.82885 -0.10102 0.550275
0 0 0 0
0.367126 0.049316
0.143066 3.312988 -0.093018
-0.824913 -0.113319 0.553784
0 0 0 0
0.357239 0.065735
0.139404 3.342529 -0.092285
-0.824818 -0.115743 0.553425
0 0 0 0
0.357239 0.049316
0.133789 3.322021 -0.104492
-0.83358 -0.112843 0.54075
0 0 0 0
0.347534 0.065735
0.130371 3.351807 -0.104004
-0.842268 -0.107549 0.528221
0 0 0 0
0.347534 0.049316
0.125977 3.328857 -0.115723
-0.84598 -0.097752 0.524178
0 0 0 0
0.339111 0.065735
0.123047 3.358398 -0.115234
-0.841104 -0.093187 0.532785
0 0 0 0
0.339111 0.049316
0.118408 3.333496 -0.126221
-0.808345 -0.072591 0.584216
0 0 0 0
0.331604 0.065735
0.115967 3.363037 -0.125732
-0.793743 -0.065629 0.604703
0 0 0 0
0.331604 0.049316
0.109863 3.336426 -0.135254
-0.716731 -0.042011 0.696083
0 0 0 0
0.324707 0.065735
0.108643 3.365967 -0.13501
-0.70414 -0.03706 0.709094
0 0 0 0
0.324707 0.049316
0.100586 3.337402 -0.143066
-0.575843 -0.025037 0.817177
0 0 0 0
0.318176 0.065735
0.100342 3.366943 -0.142578
-0.575843 -0.025037 0.817177
0 0 0 0
0.318176 0.049316
0.090332 3.365967 -0.147949
-0.427499 -0.036412 0.903282
0 0 0 0
0.311646 0.049316
0.090088 3.336426 -0.14917
-0.412062 -0.041882 0.910193
0 0 0 0
0.311646 0.065735
0.079102 3.363037 -0.151855
-0.299085 -0.066919 0.951877
0 0 0 0
0.304688 0.049316
0.078613 3.333496 -0.154053
-0.274983 -0.072508 0.958711
0 0 0 0
0.304688 0.065735
0.066895 3.358398 -0.154785
-0.218236 -0.091961 0.971554
0 0 0 0
0.297241 0.049316
0.066406 3.328857 -0.157715
-0.207352 -0.097497 0.973396
0 0 0 0
0.297241 0.065735
0.053711 3.351807 -0.157959
-0.210006 -0.108435 0.971668
0 0 0 0
0.288818 0.049316
0.052979 3.322021 -0.161377
-0.22625 -0.111068 0.967716
0 0 0 0
0.288818 0.065735
0.039551 3.342529 -0.162354
-0.239745 -0.113708 0.964154
0 0 0 0
0.279114 0.049316
0.038818 3.312988 -0.16626
-0.242444 -0.113688 0.963481
0 0 0 0
0.279114 0.065735
0.025146 3.333252 -0.167236
-0.234416 -0.102814 0.966684
0 0 0 0
0.269226 0.049316
0.024414 3.303711 -0.170654
-0.226379 -0.089179 0.969948
0 0 0 0
0.269226 0.065735
0.010498 3.32666 -0.171875
-0.196645 -0.053631 0.979007
0 0 0 0
0.260254 0.049316
0.010254 3.297119 -0.173584
-0.180316 -0.039917 0.982798
0 0 0 0
0.260254 0.065735
-0.003662 3.32251 -0.175293
-0.103541 0.009664 0.994578
0 0 0 0
0.252014 0.049316
-0.003418 3.292969 -0.174805
-0.084248 0.020717 0.996229
0 0 0 0
0.252014 0.065735
-0.017334 3.320312 -0.176514
0.037299 0.064928 0.997193
0 0 0 0
0.244385 0.049316
-0.016846 3.290771 -0.174316
0.042823 0.064924 0.996971
0 0 0 0
0.244385 0.065735
-0.030518 3.31958 -0.175293
0.172002 0.083937 0.981514
0 0 0 0
0.237 0.049316
-0.030029 3.290039 -0.172363
0.172002 0.083937 0.981514
0 0 0 0
0.237 0.065735
-0.043213 3.290771 -0.169678
0.296417 0.066933 0.95271
0 0 0 0
0.229614 0.065735
-0.043457 3.320312 -0.171875
0.30443 0.064162 0.950371
0 0 0 0
0.229614 0.049316
-0.055908 3.292969 -0.165527
0.417287 0.020257 0.908549
0 0 0 0
0.221985 0.065735
-0.055908 3.32251 -0.16626
0.432687 0.012131 0.901463
0 0 0 0
0.221985 0.049316
-0.068604 3.297119 -0.159912
0.503057 -0.038697 0.863386
0 0 0 0
0.213745 0.065735
-0.068115 3.32666 -0.158203
0.515277 -0.05459 0.855283
0 0 0 0
0.213745 0.049316
-0.080811 3.303711 -0.152344
0.541673 -0.091383 0.835607
0 0 0 0
0.204773 0.065735
-0.080322 3.333252 -0.148926
0.548745 -0.101815 0.829767
0 0 0 0
0.204773 0.049316
-0.093018 3.312988 -0.143066
0.553314 -0.114888 0.825012
0 0 0 0
0.194885 0.065735
-0.092285 3.342529 -0.139404
0.553314 -0.114888 0.825012
0 0 0 0
0.194885 0.049316
-0.104492 3.322021 -0.133789
0.541326 -0.1125 0.833253
0 0 0 0
0.185181 0.065735
-0.104004 3.351807 -0.130371
0.526857 -0.107495 0.843129
0 0 0 0
0.185181 0.049316
-0.115723 3.328857 -0.125977
0.524545 -0.099597 0.845537
0 0 0 0
0.176758 0.065735
-0.115234 3.358398 -0.123047
0.534404 -0.091498 0.840262
0 0 0 0
0.176758 0.049316
-0.126221 3.333496 -0.118408
0.584885 -0.072289 0.807889
0 0 0 0
0.16925 0.065735
-0.125732 3.363037 -0.115967
0.603657 -0.066782 0.794442
0 0 0 0
0.16925 0.049316
-0.135254 3.336426 -0.109863
0.695589 -0.039711 0.717342
0 0 0 0
0.162354 0.065735
-0.13501 3.365967 -0.108643
0.708374 -0.037014 0.704866
0 0 0 0
0.162354 0.049316
-0.143066 3.337402 -0.100586
0.81814 -0.023305 0.574546
0 0 0 0
0.155823 0.065735
-0.142578 3.366943 -0.100342
0.81814 -0.023305 0.574546
0 0 0 0
0.155823 0.049316
-0.147949 3.365967 -0.090332
0.902958 -0.038548 0.427997
0 0 0 0
0.149292 0.049316
-0.14917 3.336426 -0.090088
0.909823 -0.040669 0.412999
0 0 0 0
0.149292 0.065735
-0.151855 3.363037 -0.079102
0.951221 -0.065794 0.301414
0 0 0 0
0.142334 0.049316
-0.154053 3.333496 -0.078613
0.958849 -0.073927 0.274124
0 0 0 0
0.142334 0.065735
-0.154785 3.358398 -0.066895
0.971639 -0.093821 0.217059
0 0 0 0
0.134888 0.049316
-0.157715 3.328857 -0.066406
0.972908 -0.097828 0.209476
0 0 0 0
0.134888 0.065735
-0.157959 3.351807 -0.053711
0.971408 -0.108651 0.211097
0 0 0 0
0.126465 0.049316
-0.161377 3.322021 -0.052979
0.967279 -0.111567 0.227868
0 0 0 0
0.126465 0.065735
-0.162354 3.342529 -0.039551
0.96375 -0.114343 0.241063
0 0 0 0
0.11676 0.049316
-0.16626 3.312988 -0.038818
0.96375 -0.114343 0.241063
0 0 0 0
0.11676 0.065735
-0.167236 3.333252 -0.025146
0.966345 -0.101091 0.236552
0 0 0 0
0.106873 0.049316
-0.170654 3.303711 -0.024414
0.9695 -0.089909 0.228006
0 0 0 0
0.106873 0.065735
-0.171875 3.32666 -0.010498
0.978781 -0.054555 0.197513
0 0 0 0
0.0979 0.049316
-0.173584 3.297119 -0.010254
0.982677 -0.039307 0.181108
0 0 0 0
0.0979 0.065735
-0.175293 3.32251 0.003662
0.994651 0.011291 0.10267
0 0 0 0
0.089661 0.049316
-0.174805 3.292969 0.003418
0.996293 0.019336 0.083827
0 0 0 0
0.089661 0.065735
-0.176514 3.320312 0.017334
0.997306 0.064631 -0.034681
0 0 0 0
0.082031 0.049316
-0.174316 3.290771 0.016846
0.996698 0.06698 -0.045895
0 0 0 0
0.082031 0.065735
-0.175293 3.31958 0.030518
0.98138 0.083634 -0.172913
0 0 0 0
0.074646 0.049316
-0.172363 3.290039 0.030029
0.98138 0.083634 -0.172913
0 0 0 0
0.074646 0.065735
-0.169678 3.290771 0.043213
0.953278 0.065628 -0.294879
0 0 0 0
0.067261 0.065735
-0.171875 3.320312 0.043457
0.950258 0.063648 -0.304893
0 0 0 0
0.067261 0.049316
-0.165527 3.292969 0.055908
0.908745 0.019781 -0.416882
0 0 0 0
0.059631 0.065735
-0.16626 3.32251 0.055908
0.901855 0.010528 -0.431911
0 0 0 0
0.059631 0.049316
-0.159912 3.297119 0.068604
0.863829 -0.039537 -0.502231
0 0 0 0
0.051392 0.065735
-0.158203 3.32666 0.068115
0.855467 -0.054143 -0.51502
0 0 0 0
0.051392 0.049316
-0.152344 3.303711 0.080811
0.834361 -0.091087 -0.54364
0 0 0 0
0.042419 0.065735
-0.148926 3.333252 0.080322
0.82885 -0.10102 -0.550275
0 0 0 0
0.042419 0.049316
-0.143066 3.312988 0.093018
0.824913 -0.113319 -0.553784
0 0 0 0
0.032532 0.065735
-0.139404 3.342529 0.092285
0.824818 -0.115743 -0.553425
0 0 0 0
0.032532 0.049316
-0.133789 3.322021 0.104492
0.83358 -0.112843 -0.54075
0 0 0 0
0.022827 0.065735
-0.130371 3.351807 0.104004
0.842173 -0.109954 -0.527877
0 0 0 0
0.022827 0.049316
-0.125977 3.328857 0.115723
0.84598 -0.097752 -0.524178
0 0 0 0
0.014404 0.065735
-0.123047 3.358398 0.115234
0.841104 -0.093187 -0.532785
0 0 0 0
0.014404 0.049316
-0.118408 3.333496 0.126221
0.808345 -0.072591 -0.584216
0 0 0 0
0.006897 0.065735
-0.115967 3.363037 0.125732
0.793743 -0.065629 -0.604703
0 0 0 0
0.006897 0.049316
-0.109863 3.336426 0.135254
0.716731 -0.042011 -0.696083
0 0 0 0
0.000366 0.065735
-0.108643 3.365967 0.13501
0.70414 -0.03706 -0.709094
0 0 0 0
0.000366 0.049316
-0.115234 3.366455 0.141846
-0.061669 0.987748 -0.143353
0 0 0 0
0.665833 0.074463
-0.100342 3.366943 0.142578
0.030984 0.998486 -0.045452
0 0 0 0
0.65918 0.079773
-0.108643 3.365967 0.13501
-0.063854 0.987113 -0.146732
0 0 0 0
0.665833 0.079773
-0.105713 3.367432 0.150391
0.030984 0.998486 -0.045452
0 0 0 0
0.65918 0.074463
-0.094482 3.366455 0.156494
0.154337 0.987953 0.011328
0 0 0 0
0.652466 0.074463
-0.090332 3.365967 0.147949
0.158174 0.987359 0.010112
0 0 0 0
0.652466 0.079773
-0.082031 3.36377 0.160645
0.277908 0.960317 0.023628
0 0 0 0
0.645386 0.074463
-0.079102 3.363037 0.151855
0.282077 0.959062 0.025172
0 0 0 0
0.645386 0.079773
-0.069336 3.359375 0.164062
0.392843 0.919273 0.024728
0 0 0 0
0.637817 0.074463
-0.066895 3.358398 0.154785
0.396898 0.917516 0.025225
0 0 0 0
0.637817 0.079773
-0.055908 3.352783 0.167236
0.495962 0.867685 0.033825
0 0 0 0
0.629395 0.074463
-0.053711 3.351807 0.157959
0.497489 0.866883 0.031914
0 0 0 0
0.629395 0.079773
-0.039551 3.342529 0.162354
0.533582 0.844755 0.040988
0 0 0 0
0.61969 0.079773
-0.041748 3.343506 0.171631
0.532108 0.845582 0.043029
0 0 0 0
0.61969 0.074463
-0.025146 3.333252 0.167236
0.474178 0.879765 0.034184
0 0 0 0
0.60968 0.079773
-0.0271 3.333984 0.176758
0.469486 0.882395 0.031035
0 0 0 0
0.60968 0.074463
-0.010498 3.32666 0.171875
0.356771 0.933929 0.022152
0 0 0 0
0.600342 0.079773
-0.011963 3.327148 0.181396
0.348561 0.937065 0.020371
0 0 0 0
0.600342 0.074463
0.08252 2.988525 -0.047607
0.093469 0.993983 -0.057102
0 0 0 0
0.556274 0.419434
0.072998 2.988525 -0.061279
0.085787 0.994124 -0.066008
0 0 0 0
0.561646 0.421936
0.034668 2.993652 -0.034668
0.076015 0.994278 -0.075051
0 0 0 0
0.568726 0.40686
0.061279 2.988525 -0.072998
0.068294 0.993834 -0.087351
0 0 0 0
0.567322 0.423462
0.047607 2.988525 -0.08252
0.058232 0.994031 -0.092258
0 0 0 0
0.573242 0.424011
0.020752 2.993652 -0.044434
0.046075 0.994203 -0.097143
0 0 0 0
0.574707 0.40741
0.032471 2.988525 -0.0896
0.033916 0.993847 -0.105445
0 0 0 0
0.579102 0.423462
0.016602 2.988525 -0.09375
0.023644 0.994087 -0.10598
0 0 0 0
0.584839 0.421936
0.00415 2.993652 -0.048828
0.009254 0.99428 -0.106408
0 0 0 0
0.580566 0.405823
0 2.988525 -0.095215
-0.00309 0.993908 -0.110169
0 0 0 0
0.590149 0.419434
-0.016602 2.988525 -0.09375
-0.015448 0.993816 -0.109962
0 0 0 0
0.595032 0.416016
-0.012695 2.993652 -0.047363
-0.027754 0.994001 -0.105789
0 0 0 0
0.585449 0.402344
-0.032471 2.988525 -0.0896
-0.042057 0.993979 -0.101179
0 0 0 0
0.599182 0.411865
-0.047607 2.988525 -0.08252
-0.052206 0.993954 -0.096593
0 0 0 0
0.602539 0.407043
-0.028076 2.993652 -0.040039
-0.062199 0.994169 -0.088084
0 0 0 0
0.588928 0.3974
-0.061279 2.988525 -0.072998
-0.074255 0.993794 -0.082818
0 0 0 0
0.605042 0.401672
-0.072998 2.988525 -0.061279
-0.082062 0.993864 -0.074157
0 0 0 0
0.606567 0.395935
-0.040039 2.993652 -0.028076
-0.087637 0.994227 -0.06191
0 0 0 0
0.590515 0.391602
-0.08252 2.988525 -0.047607
-0.097281 0.993866 -0.052592
0 0 0 0
0.607117 0.390076
-0.0896 2.988525 -0.032471
-0.102681 0.993908 -0.040048
0 0 0 0
0.606567 0.384155
-0.047363 2.993652 -0.012695
-0.104076 0.99417 -0.028184
0 0 0 0
0.589966 0.38562
-0.09375 2.988525 -0.016602
-0.109337 0.993885 -0.01541
0 0 0 0
0.605042 0.378479
0.020508 2.952148 0.07666
0.252202 -0.208578 0.944928
0 0 0 0
0.863708 0.013916
0.038574 2.894775 0.055176
0.567058 -0.140778 0.811558
0 0 0 0
0.896118 0.000305
0.045654 2.952148 0.065186
0.560253 -0.208619 0.80162
0 0 0 0
0.863708 0.000305
0.017334 2.894775 0.064941
0.255682 -0.14083 0.956448
0 0 0 0
0.896118 0.013916
-0.006836 2.952148 0.079102
-0.086521 -0.210122 0.973839
0 0 0 0
0.863708 0.027893
-0.005859 2.894775 0.066895
-0.086788 -0.141892 0.98607
0 0 0 0
0.896118 0.027893
-0.033691 2.952148 0.072021
-0.412237 -0.208133 0.886985
0 0 0 0
0.863708 0.041809
-0.02832 2.894775 0.061035
-0.41872 -0.141368 0.897044
0 0 0 0
0.896118 0.041809
-0.056152 2.952148 0.056152
-0.690488 -0.209817 0.692246
0 0 0 0
0.863708 0.055786
-0.047607 2.894775 0.047607
-0.699762 -0.141482 0.700226
0 0 0 0
0.896118 0.055786
-0.072021 2.952148 0.033691
-0.886615 -0.208 0.413098
0 0 0 0
0.863708 0.069702
-0.061035 2.894775 0.02832
-0.897463 -0.140847 0.417998
0 0 0 0
0.896118 0.069702
-0.079102 2.952148 0.006836
-0.974302 -0.208706 0.084713
0 0 0 0
0.863708 0.083679
-0.066895 2.894775 0.005859
-0.986342 -0.141488 0.084324
0 0 0 0
0.896118 0.083679
-0.07666 2.952148 -0.020508
-0.944484 -0.209034 -0.253485
0 0 0 0
0.863708 0.097595
-0.064941 2.894775 -0.017334
-0.956331 -0.141314 -0.255854
0 0 0 0
0.896118 0.097595
-0.065186 2.952148 -0.045654
-0.800242 -0.208918 -0.562109
0 0 0 0
0.863708 0.111572
-0.055176 2.894775 -0.038574
-0.81137 -0.140735 -0.567337
0 0 0 0
0.896118 0.111572
-0.045654 2.952148 -0.065186
-0.560253 -0.208619 -0.80162
0 0 0 0
0.863708 0.125488
-0.038574 2.894775 -0.055176
-0.567058 -0.140778 -0.811558
0 0 0 0
0.896118 0.125488
-0.020508 2.952148 -0.07666
-0.252202 -0.208578 -0.944928
0 0 0 0
0.863708 0.139465
-0.017334 2.894775 -0.064941
-0.255682 -0.14083 -0.956448
0 0 0 0
0.896118 0.139465
0.006836 2.952148 -0.079102
0.086521 -0.210122 -0.973839
0 0 0 0
0.863708 0.153381
0.005859 2.894775 -0.066895
0.086789 -0.141892 -0.98607
0 0 0 0
0.896118 0.153381
0.033691 2.952148 -0.072021
0.412237 -0.208133 -0.886984
0 0 0 0
0.863708 0.167358
0.02832 2.894775 -0.061035
0.41872 -0.141368 -0.897044
0 0 0 0
0.896118 0.167358
0.056152 2.952148 -0.056152
0.690488 -0.209817 -0.692245
0 0 0 0
0.863708 0.181274
0.047607 2.894775 -0.047607
0.699762 -0.141482 -0.700226
0 0 0 0
0.896118 0.181274
0.072021 2.952148 -0.033691
0.886615 -0.208 -0.413098
0 0 0 0
0.863708 0.195251
0.061035 2.894775 -0.02832
0.897463 -0.140847 -0.417998
0 0 0 0
0.896118 0.195251
0.079102 2.952148 -0.006836
0.974302 -0.208706 -0.084713
0 0 0 0
0.863708 0.209167
0.066895 2.894775 -0.005859
0.986342 -0.141488 -0.084323
0 0 0 0
0.896118 0.209167
0.07666 2.952148 0.020508
0.944484 -0.209034 0.253485
0 0 0 0
0.863708 0.223145
0.064941 2.894775 0.017334
0.956331 -0.141313 0.255854
0 0 0 0
0.896118 0.223145
0.065186 2.952148 0.045654
0.800242 -0.208918 0.562109
0 0 0 0
0.863708 0.237061
0.055176 2.894775 0.038574
0.81137 -0.140735 0.567337
0 0 0 0
0.896118 0.237061
0.045654 2.952148 0.065186
0.560253 -0.208619 0.80162
0 0 0 0
0.863708 0.251038
0.038574 2.894775 0.055176
0.567058 -0.140778 0.811558
0 0 0 0
0.896118 0.251038
0.057861 2.888672 0.040527
0.538048 0.753726 0.377361
0 0 0 0
0.900024 0.237061
0.040527 2.888672 0.057861
0.377152 0.75309 0.539084
0 0 0 0
0.900024 0.251038
0.068115 2.888672 0.018311
0.635218 0.753595 0.169091
0 0 0 0
0.900024 0.223145
0.070312 2.888672 -0.006104
0.653975 0.754432 -0.056116
0 0 0 0
0.900024 0.209167
0.063965 2.888672 -0.029785
0.595317 0.754363 -0.276647
0 0 0 0
0.900024 0.195251
0.049805 2.888672 -0.049805
0.464932 0.753593 -0.464689
0 0 0 0
0.900024 0.181274
0.029785 2.888672 -0.063965
0.277763 0.75428 -0.594903
0 0 0 0
0.900024 0.167358
0.006104 2.888672 -0.070312
0.056593 0.753318 -0.655216
0 0 0 0
0.900024 0.153381
-0.018311 2.888672 -0.068115
-0.17122 0.753617 -0.634623
0 0 0 0
0.900024 0.139465
-0.040527 2.888672 -0.057861
-0.377152 0.75309 -0.539084
0 0 0 0
0.900024 0.125488
-0.057861 2.888672 -0.040527
-0.538048 0.753726 -0.377361
0 0 0 0
0.900024 0.111572
-0.068115 2.888672 -0.018311
-0.635218 0.753595 -0.169091
0 0 0 0
0.900024 0.097595
-0.070312 2.888672 0.006104
-0.653975 0.754432 0.056116
0 0 0 0
0.900024 0.083679
-0.063965 2.888672 0.029785
-0.595317 0.754363 0.276647
0 0 0 0
0.900024 0.069702
-0.049805 2.888672 0.049805
-0.464932 0.753593 0.464689
0 0 0 0
0.900024 0.055786
-0.029785 2.888672 0.063965
-0.277763 0.75428 0.594903
0 0 0 0
0.900024 0.041809
-0.006104 2.888672 0.070312
-0.056593 0.753318 0.655216
0 0 0 0
0.900024 0.027893
0.018311 2.888672 0.068115
0.17122 0.753617 0.634623
0 0 0 0
0.900024 0.013916
0.040527 2.888672 0.057861
0.377152 0.75309 0.539084
0 0 0 0
0.900024 0.000305
-0.107178 2.958008 0
-0.203279 -0.979077 -0.009241
0 0 0 0
0.390198 0.970154
-0.079102 2.952148 0.006836
-0.200255 -0.979571 0.018414
0 0 0 0
0.401978 0.958923
-0.105469 2.958008 0.018555
-0.198981 -0.978908 0.046331
0 0 0 0
0.385803 0.960754
-0.105469 2.958008 -0.018555
-0.202901 -0.978875 -0.02521
0 0 0 0
0.396118 0.978699
-0.07666 2.952148 -0.020508
-0.193533 -0.979698 -0.052317
0 0 0 0
0.410767 0.971436
-0.100586 2.958008 -0.036621
-0.187715 -0.979163 -0.077474
0 0 0 0
0.403503 0.986023
-0.092773 2.958008 -0.053467
-0.181047 -0.978882 -0.094934
0 0 0 0
0.412048 0.992004
-0.065186 2.952148 -0.045654
-0.16414 -0.979677 -0.115283
0 0 0 0
0.423279 0.980225
-0.082031 2.958008 -0.068848
-0.149115 -0.979151 -0.137941
0 0 0 0
0.421448 0.996399
-0.068848 2.958008 -0.082031
-0.139499 -0.978593 -0.151311
0 0 0 0
0.431519 0.999084
-0.045654 2.952148 -0.065186
-0.114954 -0.979743 -0.163977
0 0 0 0
0.438049 0.984192
-0.053467 2.958008 -0.092773
-0.092469 -0.978896 -0.18224
0 0 0 0
0.441895 1
-0.036621 2.958008 -0.100586
-0.079896 -0.978988 -0.187614
0 0 0 0
0.452271 0.999084
-0.020508 2.952148 -0.07666
-0.052343 -0.979564 -0.194203
0 0 0 0
0.453247 0.982849
-0.018555 2.958008 -0.105469
-0.026803 -0.978834 -0.202895
0 0 0 0
0.46228 0.996399
0 2.958008 -0.107178
-0.009651 -0.979045 -0.203414
0 0 0 0
0.471741 0.992004
0.006836 2.952148 -0.079102
0.018202 -0.979684 -0.199722
0 0 0 0
0.467102 0.976379
0.018555 2.958008 -0.105469
0.046011 -0.979075 -0.198231
0 0 0 0
0.480225 0.986023
0.036621 2.958008 -0.100586
0.060868 -0.979232 -0.193393
0 0 0 0
0.48761 0.978638
0.033691 2.952148 -0.072021
0.084011 -0.979422 -0.183509
0 0 0 0
0.477966 0.965576
0.053467 2.958008 -0.092773
0.111111 -0.978832 -0.171882
0 0 0 0
0.493591 0.970154
0.068848 2.958008 -0.082031
0.123299 -0.979016 -0.16225
0 0 0 0
0.497986 0.960693
0.056152 2.952148 -0.056152
0.141125 -0.979514 -0.143651
0 0 0 0
0.484375 0.95166
0.082031 2.958008 -0.068848
0.162644 -0.978972 -0.123126
0 0 0 0
0.500671 0.950623
0.092773 2.958008 -0.053467
0.171925 -0.979043 -0.10916
0 0 0 0
0.501587 0.940308
0.072021 2.952148 -0.033691
0.182113 -0.979747 -0.083246
0 0 0 0
0.485718 0.936462
0.100586 2.958008 -0.036621
0.194217 -0.979136 -0.05977
0 0 0 0
0.500671 0.929932
0.105469 2.958008 -0.018555
0.198981 -0.978907 -0.046331
0 0 0 0
0.497925 0.919861
0.079102 2.952148 -0.006836
0.200255 -0.979571 -0.018414
0 0 0 0
0.48175 0.921692
0.107178 2.958008 0
0.203279 -0.979077 0.009241
0 0 0 0
0.49353 0.910461
0.105469 2.958008 0.018555
0.202901 -0.978875 0.02521
0 0 0 0
0.48761 0.901917
0.07666 2.952148 0.020508
0.193533 -0.979698 0.052317
0 0 0 0
0.472961 0.90918
0.100586 2.958008 0.036621
0.187715 -0.979163 0.077474
0 0 0 0
0.480225 0.894531
0.092773 2.958008 0.053467
0.181047 -0.978882 0.094934
0 0 0 0
0.47168 0.888611
0.065186 2.952148 0.045654
0.16414 -0.979677 0.115283
0 0 0 0
0.460449 0.900391
0.082031 2.958008 0.068848
0.149115 -0.979151 0.137941
0 0 0 0
0.46228 0.884216
0.068848 2.958008 0.082031
0.139499 -0.978593 0.151311
0 0 0 0
0.452209 0.881531
0.045654 2.952148 0.065186
0.114954 -0.979743 0.163977
0 0 0 0
0.445679 0.896423
0.053467 2.958008 0.092773
0.092469 -0.978896 0.18224
0 0 0 0
0.441833 0.880615
0.036621 2.958008 0.100586
0.079896 -0.978988 0.187614
0 0 0 0
0.431458 0.881531
0.020508 2.952148 0.07666
0.052343 -0.979564 0.194203
0 0 0 0
0.430481 0.897766
0.018555 2.958008 0.105469
0.026803 -0.978834 0.202895
0 0 0 0
0.421448 0.884216
0 2.958008 0.107178
0.009651 -0.979045 0.203414
0 0 0 0
0.411987 0.888611
-0.006836 2.952148 0.079102
-0.018202 -0.979684 0.199722
0 0 0 0
0.416626 0.904236
-0.018555 2.958008 0.105469
-0.046011 -0.979075 0.198231
0 0 0 0
0.403503 0.894592
-0.036621 2.958008 0.100586
-0.060868 -0.979232 0.193393
0 0 0 0
0.396118 0.901978
-0.033691 2.952148 0.072021
-0.084011 -0.979422 0.183509
0 0 0 0
0.405762 0.915039
-0.053467 2.958008 0.092773
-0.111111 -0.978832 0.171882
0 0 0 0
0.390137 0.910461
-0.068848 2.958008 0.082031
-0.123299 -0.979016 0.16225
0 0 0 0
0.385742 0.919922
-0.056152 2.952148 0.056152
-0.141125 -0.979514 0.143651
0 0 0 0
0.399353 0.928894
-0.082031 2.958008 0.068848
-0.162644 -0.978972 0.123126
0 0 0 0
0.383057 0.929932
-0.092773 2.958008 0.053467
-0.171925 -0.979043 0.10916
0 0 0 0
0.382141 0.940308
-0.072021 2.952148 0.033691
-0.182113 -0.979747 0.083246
0 0 0 0
0.39801 0.944153
-0.100586 2.958008 0.036621
-0.194217 -0.979136 0.05977
0 0 0 0
0.383057 0.950684
-0.079834 2.826416 0
-0.471014 -0.882045 -0.011924
0 0 0 0
0.409424 0.807739
-0.046143 2.813232 0.00415
-0.356281 -0.933873 0.030737
0 0 0 0
0.431458 0.80127
-0.078613 2.826416 0.013916
-0.462791 -0.881653 0.092258
0 0 0 0
0.40863 0.798767
-0.078613 2.826416 -0.013916
-0.46658 -0.881542 -0.072016
0 0 0 0
0.411743 0.816467
-0.044678 2.813232 -0.011963
-0.346553 -0.933341 -0.09368
0 0 0 0
0.434082 0.811035
-0.074951 2.826416 -0.027344
-0.439247 -0.88167 -0.172394
0 0 0 0
0.415588 0.824646
-0.069092 2.826416 -0.039795
-0.412478 -0.882335 -0.2266
0 0 0 0
0.420776 0.832092
-0.037842 2.813232 -0.026611
-0.292804 -0.934185 -0.203873
0 0 0 0
0.43988 0.819336
-0.061035 2.826416 -0.05127
-0.354549 -0.882457 -0.309135
0 0 0 0
0.427124 0.838501
-0.05127 2.826416 -0.061035
-0.310624 -0.881808 -0.354864
0 0 0 0
0.43457 0.843628
-0.026611 2.813232 -0.037842
-0.205512 -0.934246 -0.291462
0 0 0 0
0.448181 0.825134
-0.039795 2.826416 -0.069092
-0.2266 -0.881998 -0.413197
0 0 0 0
0.442749 0.847473
-0.027344 2.826416 -0.074951
-0.169976 -0.882705 -0.43811
0 0 0 0
0.451477 0.849792
-0.011963 2.813232 -0.044678
-0.091879 -0.933534 -0.346516
0 0 0 0
0.457947 0.827759
-0.013916 2.826416 -0.078613
-0.0722 -0.881783 -0.466096
0 0 0 0
0.46051 0.850586
0 2.826416 -0.079834
-0.010665 -0.882829 -0.469574
0 0 0 0
0.469482 0.849792
0.00415 2.813232 -0.046143
0.030725 -0.934274 -0.35523
0 0 0 0
0.468018 0.826843
0.013916 2.826416 -0.078613
0.090983 -0.882653 -0.461135
0 0 0 0
0.47821 0.847473
0.027344 2.826416 -0.074951
0.151591 -0.882519 -0.445174
0 0 0 0
0.48645 0.843628
0.019531 2.813232 -0.041992
0.151773 -0.934244 -0.322727
0 0 0 0
0.477173 0.822571
0.039795 2.826416 -0.069092
0.244148 -0.882866 -0.401173
0 0 0 0
0.493835 0.83844
0.05127 2.826416 -0.061035
0.293927 -0.881781 -0.368876
0 0 0 0
0.500244 0.832092
0.032715 2.813232 -0.032715
0.252838 -0.93364 -0.253752
0 0 0 0
0.484375 0.81543
0.061035 2.826416 -0.05127
0.36812 -0.881932 -0.29442
0 0 0 0
0.505432 0.824646
0.069092 2.826416 -0.039795
0.402393 -0.88221 -0.24451
0 0 0 0
0.509216 0.816467
0.041992 2.813232 -0.019531
0.323941 -0.934082 -0.150179
0 0 0 0
0.488647 0.806274
0.074951 2.826416 -0.027344
0.445819 -0.882197 -0.151571
0 0 0 0
0.511597 0.807739
0.078613 2.826416 -0.013916
0.462791 -0.881653 -0.092258
0 0 0 0
0.512329 0.798706
0.046143 2.813232 -0.00415
0.356281 -0.933873 -0.030737
0 0 0 0
0.489502 0.796204
0.079834 2.826416 0
0.471014 -0.882045 0.011924
0 0 0 0
0.511536 0.789734
0.078613 2.826416 0.013916
0.46658 -0.881542 0.072016
0 0 0 0
0.509216 0.781006
0.044678 2.813232 0.011963
0.346553 -0.933341 0.09368
0 0 0 0
0.486877 0.786438
0.074951 2.826416 0.027344
0.439247 -0.88167 0.172394
0 0 0 0
0.505371 0.772766
0.069092 2.826416 0.039795
0.412478 -0.882335 0.2266
0 0 0 0
0.500183 0.765381
0.037842 2.813232 0.026611
0.292804 -0.934185 0.203873
0 0 0 0
0.481079 0.778137
0.061035 2.826416 0.05127
0.354549 -0.882457 0.309135
0 0 0 0
0.493835 0.758972
0.05127 2.826416 0.061035
0.310624 -0.881808 0.354864
0 0 0 0
0.486389 0.753784
0.026611 2.813232 0.037842
0.205512 -0.934246 0.291462
0 0 0 0
0.472778 0.772339
0.039795 2.826416 0.069092
0.2266 -0.881998 0.413197
0 0 0 0
0.47821 0.75
0.027344 2.826416 0.074951
0.169976 -0.882705 0.43811
0 0 0 0
0.469482 0.74762
0.011963 2.813232 0.044678
0.091879 -0.933534 0.346516
0 0 0 0
0.463013 0.769714
0.013916 2.826416 0.078613
0.0722 -0.881783 0.466096
0 0 0 0
0.460449 0.746887
0 2.826416 0.079834
0.010665 -0.882829 0.469574
0 0 0 0
0.451477 0.747681
-0.00415 2.813232 0.046143
-0.030725 -0.934274 0.35523
0 0 0 0
0.452942 0.770569
-0.013916 2.826416 0.078613
-0.090983 -0.882653 0.461135
0 0 0 0
0.442749 0.75
-0.027344 2.826416 0.074951
-0.151591 -0.882519 0.445174
0 0 0 0
0.434509 0.753845
-0.019531 2.813232 0.041992
-0.151773 -0.934244 0.322727
0 0 0 0
0.443787 0.774841
-0.039795 2.826416 0.069092
-0.244148 -0.882866 0.401173
0 0 0 0
0.427124 0.759033
-0.05127 2.826416 0.061035
-0.293927 -0.881781 0.368876
0 0 0 0
0.420715 0.765381
-0.032715 2.813232 0.032715
-0.252838 -0.93364 0.253752
0 0 0 0
0.436584 0.782043
-0.061035 2.826416 0.05127
-0.36812 -0.881932 0.29442
0 0 0 0
0.415527 0.772827
-0.069092 2.826416 0.039795
-0.402393 -0.88221 0.24451
0 0 0 0
0.411743 0.781006
-0.041992 2.813232 0.019531
-0.323941 -0.934082 0.150179
0 0 0 0
0.432312 0.791199
-0.074951 2.826416 0.027344
-0.445819 -0.882197 0.151571
0 0 0 0
0.409424 0.789734
-0.00415 2.813232 0.046143
-0.086845 -0.122685 0.988639
0 0 0 0
0.853577 0.134949
0.010742 2.773682 0.040039
0.258899 -0.064382 0.963756
0 0 0 0
0.831543 0.142761
0.011963 2.813232 0.044678
0.25585 -0.121768 0.959017
0 0 0 0
0.853577 0.142761
-0.003662 2.773682 0.04126
-0.086964 -0.064878 0.994097
0 0 0 0
0.831604 0.134766
-0.019531 2.813232 0.041992
-0.419009 -0.122604 0.899666
0 0 0 0
0.853577 0.126831
-0.017578 2.773682 0.037598
-0.422195 -0.066094 0.904092
0 0 0 0
0.831604 0.12677
-0.032715 2.813232 0.032715
-0.702527 -0.121125 0.701273
0 0 0 0
0.853577 0.118835
-0.029297 2.773682 0.029297
-0.705911 -0.065102 0.705302
0 0 0 0
0.831604 0.118835
-0.041992 2.813232 0.019531
-0.899951 -0.122244 0.418503
0 0 0 0
0.853577 0.110901
-0.037598 2.773682 0.017578
-0.903701 -0.066466 0.422974
0 0 0 0
0.831604 0.11084
-0.046143 2.813232 0.00415
-0.988726 -0.123209 0.085088
0 0 0 0
0.853577 0.102966
-0.04126 2.773682 0.003662
-0.993949 -0.066263 0.087603
0 0 0 0
0.831604 0.102966
-0.044678 2.813232 -0.011963
-0.958822 -0.121633 -0.256642
0 0 0 0
0.853577 0.095032
-0.040039 2.773682 -0.010742
-0.963873 -0.064697 -0.258385
0 0 0 0
0.831604 0.095032
-0.037842 2.813232 -0.026611
-0.812217 -0.121281 -0.570609
0 0 0 0
0.853577 0.087158
-0.033936 2.773682 -0.023682
-0.817533 -0.064961 -0.572207
0 0 0 0
0.831604 0.087158
-0.026611 2.813232 -0.037842
-0.569851 -0.122393 -0.812582
0 0 0 0
0.853577 0.079285
-0.023682 2.773682 -0.033936
-0.573163 -0.064563 -0.816894
0 0 0 0
0.831604 0.079224
-0.011963 2.813232 -0.044678
-0.25585 -0.121768 -0.959017
0 0 0 0
0.853577 0.07135
-0.010742 2.773682 -0.040039
-0.258899 -0.064382 -0.963756
0 0 0 0
0.831604 0.07135
0.00415 2.813232 -0.046143
0.086845 -0.122685 -0.988639
0 0 0 0
0.853577 0.063477
0.003662 2.773682 -0.04126
0.086964 -0.064878 -0.994097
0 0 0 0
0.831604 0.063477
0.019531 2.813232 -0.041992
0.419009 -0.122604 -0.899666
0 0 0 0
0.853577 0.055603
0.017578 2.773682 -0.037598
0.422195 -0.066094 -0.904092
0 0 0 0
0.831604 0.055603
0.032715 2.813232 -0.032715
0.702527 -0.121125 -0.701273
0 0 0 0
0.853577 0.047668
0.029297 2.773682 -0.029297
0.705911 -0.065102 -0.705302
0 0 0 0
0.831604 0.047668
0.041992 2.813232 -0.019531
0.899951 -0.122244 -0.418502
0 0 0 0
0.853577 0.039795
0.037598 2.773682 -0.017578
0.903701 -0.066466 -0.422974
0 0 0 0
0.831604 0.039795
0.046143 2.813232 -0.00415
0.988726 -0.123209 -0.085088
0 0 0 0
0.853577 0.03186
0.04126 2.773682 -0.003662
0.993949 -0.066263 -0.087603
0 0 0 0
0.831604 0.03186
0.044678 2.813232 0.011963
0.958822 -0.121633 0.256642
0 0 0 0
0.853577 0.023865
0.040039 2.773682 0.010742
0.963873 -0.064697 0.258385
0 0 0 0
0.831604 0.023926
0.037842 2.813232 0.026611
0.812217 -0.121281 0.570609
0 0 0 0
0.853577 0.015869
0.033936 2.773682 0.023682
0.817533 -0.064961 0.572207
0 0 0 0
0.831604 0.015991
0.026611 2.813232 0.037842
0.569851 -0.122393 0.812582
0 0 0 0
0.853577 0.007812
0.023682 2.773682 0.033936
0.573163 -0.064563 0.816894
0 0 0 0
0.831604 0.007996
0.011963 2.813232 0.044678
0.25585 -0.121768 0.959017
0 0 0 0
0.853577 0.000305
0.010742 2.773682 0.040039
0.258899 -0.064382 0.963756
0 0 0 0
0.831543 0.000305
0.021729 2.678223 0.030762
0.573398 -0.038227 0.818384
0 0 0 0
0.778564 0.00824
0.009766 2.678223 0.036377
0.258985 -0.039738 0.965064
0 0 0 0
0.778564 0.000305
0.030762 2.678223 0.021729
0.817992 -0.038018 0.573973
0 0 0 0
0.778564 0.016174
0.036377 2.678223 0.009766
0.965603 -0.038361 0.257177
0 0 0 0
0.778564 0.024109
0.037598 2.678223 -0.003174
0.995529 -0.037702 -0.086601
0 0 0 0
0.778564 0.032043
0.03418 2.678223 -0.015869
0.905746 -0.038468 -0.422072
0 0 0 0
0.778564 0.039917
0.026611 2.678223 -0.026611
0.706236 -0.03959 -0.706869
0 0 0 0
0.778564 0.047791
0.015869 2.678223 -0.03418
0.42236 -0.039132 -0.905583
0 0 0 0
0.778564 0.055664
0.003174 2.678223 -0.037598
0.086992 -0.040044 -0.995404
0 0 0 0
0.778564 0.063538
0.003662 3.32251 0.175293
0.232018 0.972503 0.020142
0 0 0 0
0.591675 0.079773
0.00293 3.322266 0.184814
0.226389 0.97377 0.022802
0 0 0 0
0.591675 0.074463
0.017334 3.320312 0.176514
0.110365 0.993289 0.034597
0 0 0 0
0.583679 0.079773
0.017822 3.319824 0.185791
0.108399 0.993491 0.035018
0 0 0 0
0.583679 0.074463
0.030518 3.31958 0.175293
0.009032 0.998505 0.053914
0 0 0 0
0.575928 0.079773
0.032227 3.319092 0.18457
0.009032 0.998505 0.053914
0 0 0 0
0.575928 0.074463
0.046387 3.319824 0.180908
-0.089955 0.993546 0.069104
0 0 0 0
0.568176 0.074463
0.043457 3.320312 0.171875
-0.092123 0.993104 0.072513
0 0 0 0
0.568176 0.079773
0.059814 3.322266 0.175049
-0.203832 0.974092 0.097969
0 0 0 0
0.560181 0.074463
0.055908 3.32251 0.16626
-0.210103 0.972625 0.099283
0 0 0 0
0.560181 0.079773
0.072754 3.327148 0.166504
-0.322008 0.936846 0.136496
0 0 0 0
0.551514 0.074463
0.068115 3.32666 0.158203
-0.328734 0.934022 0.139775
0 0 0 0
0.551514 0.079773
0.085205 3.333984 0.156982
-0.42997 0.882346 0.19129
0 0 0 0
0.542114 0.074463
0.080322 3.333252 0.148926
-0.434249 0.880234 0.191352
0 0 0 0
0.542114 0.079773
0.097412 3.343506 0.147461
-0.486908 0.845342 0.219811
0 0 0 0
0.532166 0.074463
0.092285 3.342529 0.139404
-0.486908 0.845342 0.219811
0 0 0 0
0.532166 0.079773
0.109131 3.352783 0.138428
-0.456724 0.867454 0.197299
0 0 0 0
0.522461 0.074463
0.104004 3.351807 0.130371
-0.457314 0.866433 0.200395
0 0 0 0
0.522461 0.079773
0.115234 3.358398 0.123047
-0.364808 0.917802 0.1567
0 0 0 0
0.514038 0.079773
0.12085 3.359375 0.130859
-0.362389 0.919102 0.154682
0 0 0 0
0.514038 0.074463
0.125732 3.363037 0.115967
-0.25755 0.958831 0.119633
0 0 0 0
0.50647 0.079773
0.131592 3.36377 0.123535
-0.253225 0.960187 0.117974
0 0 0 0
0.50647 0.074463
0.13501 3.365967 0.108643
-0.144231 0.987431 0.064632
0 0 0 0
0.49939 0.079773
0.141846 3.366455 0.115234
-0.142 0.987959 0.061429
0 0 0 0
0.49939 0.074463
0.142578 3.366943 0.100342
-0.044707 0.998457 -0.032946
0 0 0 0
0.492676 0.079773
0.150391 3.367432 0.105713
-0.044707 0.998457 -0.032946
0 0 0 0
0.492676 0.074463
0.156494 3.366455 0.094482
0.01155 0.988039 -0.153772
0 0 0 0
0.485962 0.074463
0.147949 3.365967 0.090332
0.011568 0.987473 -0.157365
0 0 0 0
0.485962 0.079773
0.160645 3.36377 0.082031
0.025416 0.960271 -0.277908
0 0 0 0
0.478882 0.074463
0.151855 3.363037 0.079102
0.025449 0.959304 -0.281226
0 0 0 0
0.478882 0.079773
0.164062 3.359375 0.069336
0.024225 0.919385 -0.392611
0 0 0 0
0.471375 0.074463
0.154785 3.358398 0.066895
0.024278 0.916765 -0.398688
0 0 0 0
0.471375 0.079773
0.167236 3.352783 0.055908
0.032293 0.867122 -0.497048
0 0 0 0
0.462891 0.074463
0.157959 3.351807 0.053711
0.032293 0.867122 -0.497048
0 0 0 0
0.462891 0.079773
0.162354 3.342529 0.039551
0.039928 0.845751 -0.532082
0 0 0 0
0.453247 0.079773
0.171631 3.343506 0.041748
0.039928 0.845751 -0.532082
0 0 0 0
0.453247 0.074463
0.167236 3.333252 0.025146
0.034423 0.879567 -0.474528
0 0 0 0
0.443237 0.079773
0.176758 3.333984 0.0271
0.031988 0.882643 -0.468955
0 0 0 0
0.443237 0.074463
0.171875 3.32666 0.010498
0.021624 0.934395 -0.355582
0 0 0 0
0.433899 0.079773
0.181396 3.327148 0.011963
0.021574 0.936766 -0.349291
0 0 0 0
0.433899 0.074463
0.175293 3.32251 -0.003662
0.020605 0.972778 -0.230819
0 0 0 0
0.425232 0.079773
0.184814 3.322266 -0.00293
0.02271 0.974354 -0.22387
0 0 0 0
0.425232 0.074463
0.176514 3.320312 -0.017334
0.03603 0.993388 -0.109007
0 0 0 0
0.417175 0.079773
0.185791 3.319824 -0.017822
0.03603 0.993388 -0.109007
0 0 0 0
0.417175 0.074463
0.175293 3.31958 -0.030518
0.052041 0.998604 -0.009012
0 0 0 0
0.409485 0.079773
0.18457 3.319092 -0.032227
0.052041 0.998604 -0.009012
0 0 0 0
0.409485 0.074463
0.180908 3.319824 -0.046387
0.070445 0.993373 0.090813
0 0 0 0
0.401733 0.074463
0.171875 3.320312 -0.043457
0.070445 0.993373 0.090813
0 0 0 0
0.401733 0.079773
0.175049 3.322266 -0.059814
0.097688 0.973661 0.206013
0 0 0 0
0.393677 0.074463
0.16626 3.32251 -0.055908
0.097828 0.972908 0.209476
0 0 0 0
0.393677 0.079773
0.166504 3.327148 -0.072754
0.13827 0.936414 0.322505
0 0 0 0
0.38501 0.074463
0.158203 3.32666 -0.068115
0.14083 0.933987 0.328384
0 0 0 0
0.38501 0.079773
0.156982 3.333984 -0.085205
0.190533 0.882529 0.429931
0 0 0 0
0.375671 0.074463
0.148926 3.333252 -0.080322
0.190916 0.879618 0.435687
0 0 0 0
0.375671 0.079773
0.147461 3.343506 -0.097412
0.218187 0.845325 0.487668
0 0 0 0
0.365662 0.074463
0.139404 3.342529 -0.092285
0.218187 0.845325 0.487668
0 0 0 0
0.365662 0.079773
0.138428 3.352783 -0.109131
0.199373 0.867096 0.456502
0 0 0 0
0.356018 0.074463
0.130371 3.351807 -0.104004
0.199373 0.867096 0.456502
0 0 0 0
0.356018 0.079773
0.123047 3.358398 -0.115234
0.156516 0.917389 0.365925
0 0 0 0
0.347595 0.079773
0.130859 3.359375 -0.12085
0.15634 0.918638 0.362852
0 0 0 0
0.347595 0.074463
0.115967 3.363037 -0.125732
0.119462 0.958983 0.257062
0 0 0 0
0.340027 0.079773
0.123535 3.36377 -0.131592
0.117133 0.960052 0.254127
0 0 0 0
0.340027 0.074463
0.108643 3.365967 -0.13501
0.063854 0.987113 0.146732
0 0 0 0
0.332947 0.079773
0.115234 3.366455 -0.141846
0.061669 0.987748 0.143353
0 0 0 0
0.332947 0.074463
0.100342 3.366943 -0.142578
-0.030984 0.998486 0.045452
0 0 0 0
0.326233 0.079773
0.105713 3.367432 -0.150391
-0.030984 0.998486 0.045452
0 0 0 0
0.326233 0.074463
0.094482 3.366455 -0.156494
-0.154337 0.987953 -0.011328
0 0 0 0
0.319519 0.074463
0.090332 3.365967 -0.147949
-0.158174 0.987359 -0.010112
0 0 0 0
0.319519 0.079773
0.082031 3.36377 -0.160645
-0.277908 0.960317 -0.023628
0 0 0 0
0.312439 0.074463
0.079102 3.363037 -0.151855
-0.282077 0.959062 -0.025172
0 0 0 0
0.312439 0.079773
0.069336 3.359375 -0.164062
-0.392843 0.919273 -0.024728
0 0 0 0
0.304871 0.074463
0.066895 3.358398 -0.154785
-0.396898 0.917516 -0.025225
0 0 0 0
0.304871 0.079773
0.055908 3.352783 -0.167236
-0.495962 0.867685 -0.033825
0 0 0 0
0.296448 0.074463
0.053711 3.351807 -0.157959
-0.497489 0.866883 -0.031914
0 0 0 0
0.296448 0.079773
0.039551 3.342529 -0.162354
-0.533582 0.844755 -0.040988
0 0 0 0
0.286743 0.079773
0.041748 3.343506 -0.171631
-0.533582 0.844755 -0.040988
0 0 0 0
0.286743 0.074463
0.025146 3.333252 -0.167236
-0.474178 0.879765 -0.034184
0 0 0 0
0.276794 0.079773
0.0271 3.333984 -0.176758
-0.469486 0.882395 -0.031035
0 0 0 0
0.276794 0.074463
0.010498 3.32666 -0.171875
-0.356771 0.933929 -0.022152
0 0 0 0
0.267456 0.079773
0.011963 3.327148 -0.181396
-0.34856 0.937065 -0.020371
0 0 0 0
0.267456 0.074463
-0.003662 3.32251 -0.175293
-0.232018 0.972503 -0.020142
0 0 0 0
0.258728 0.079773
-0.00293 3.322266 -0.184814
-0.226389 0.97377 -0.022802
0 0 0 0
0.258728 0.074463
-0.017334 3.320312 -0.176514
-0.110365 0.993289 -0.034597
0 0 0 0
0.250732 0.079773
-0.017822 3.319824 -0.185791
-0.108399 0.993491 -0.035018
0 0 0 0
0.250732 0.074463
-0.030518 3.31958 -0.175293
-0.009032 0.998505 -0.053914
0 0 0 0
0.242981 0.079773
-0.032227 3.319092 -0.18457
-0.009032 0.998505 -0.053914
0 0 0 0
0.242981 0.074463
-0.046387 3.319824 -0.180908
0.089955 0.993546 -0.069104
0 0 0 0
0.235291 0.074463
-0.043457 3.320312 -0.171875
0.092123 0.993104 -0.072513
0 0 0 0
0.235291 0.079773
-0.059814 3.322266 -0.175049
0.203832 0.974092 -0.097969
0 0 0 0
0.227234 0.074463
-0.055908 3.32251 -0.16626
0.210103 0.972625 -0.099283
0 0 0 0
0.227234 0.079773
-0.072754 3.327148 -0.166504
0.322008 0.936846 -0.136496
0 0 0 0
0.218567 0.074463
-0.068115 3.32666 -0.158203
0.328734 0.934022 -0.139775
0 0 0 0
0.218567 0.079773
-0.085205 3.333984 -0.156982
0.42997 0.882346 -0.19129
0 0 0 0
0.209229 0.074463
-0.080322 3.333252 -0.148926
0.434249 0.880234 -0.191352
0 0 0 0
0.209229 0.079773
-0.097412 3.343506 -0.147461
0.486908 0.845342 -0.219811
0 0 0 0
0.199219 0.074463
-0.092285 3.342529 -0.139404
0.486908 0.845342 -0.219811
0 0 0 0
0.199219 0.079773
-0.109131 3.352783 -0.138428
0.456724 0.867454 -0.197299
0 0 0 0
0.189514 0.074463
-0.104004 3.351807 -0.130371
0.457314 0.866433 -0.200395
0 0 0 0
0.189514 0.079773
-0.115234 3.358398 -0.123047
0.364808 0.917802 -0.1567
0 0 0 0
0.181091 0.079773
-0.12085 3.359375 -0.130859
0.362389 0.919102 -0.154682
0 0 0 0
0.181091 0.074463
-0.125732 3.363037 -0.115967
0.25755 0.958831 -0.119633
0 0 0 0
0.173523 0.079773
-0.131592 3.36377 -0.123535
0.253225 0.960187 -0.117974
0 0 0 0
0.173523 0.074463
-0.13501 3.365967 -0.108643
0.144232 0.987431 -0.064632
0 0 0 0
0.166443 0.079773
-0.141846 3.366455 -0.115234
0.142 0.987959 -0.061429
0 0 0 0
0.166443 0.074463
-0.142578 3.366943 -0.100342
0.044707 0.998457 0.032946
0 0 0 0
0.15979 0.079773
-0.150391 3.367432 -0.105713
0.044707 0.998457 0.032946
0 0 0 0
0.15979 0.074463
-0.156494 3.366455 -0.094482
-0.01155 0.988039 0.153772
0 0 0 0
0.153076 0.074463
-0.147949 3.365967 -0.090332
-0.011568 0.987473 0.157365
0 0 0 0
0.153076 0.079773
-0.160645 3.36377 -0.082031
-0.025416 0.960271 0.277908
0 0 0 0
0.145996 0.074463
-0.151855 3.363037 -0.079102
-0.025449 0.959304 0.281226
0 0 0 0
0.145996 0.079773
-0.164062 3.359375 -0.069336
-0.024225 0.919385 0.392611
0 0 0 0
0.138428 0.074463
-0.154785 3.358398 -0.066895
-0.024277 0.916765 0.398688
0 0 0 0
0.138428 0.079773
-0.167236 3.352783 -0.055908
-0.032293 0.867122 0.497048
0 0 0 0
0.130005 0.074463
-0.157959 3.351807 -0.053711
-0.032293 0.867122 0.497048
0 0 0 0
0.130005 0.079773
-0.162354 3.342529 -0.039551
-0.039928 0.845751 0.532082
0 0 0 0
0.1203 0.079773
-0.171631 3.343506 -0.041748
-0.039928 0.845751 0.532082
0 0 0 0
0.1203 0.074463
-0.167236 3.333252 -0.025146
-0.034423 0.879567 0.474528
0 0 0 0
0.110291 0.079773
-0.176758 3.333984 -0.0271
-0.031988 0.882643 0.468955
0 0 0 0
0.110291 0.074463
-0.171875 3.32666 -0.010498
-0.021624 0.934395 0.355582
0 0 0 0
0.100952 0.079773
-0.181396 3.327148 -0.011963
-0.021574 0.936766 0.349291
0 0 0 0
0.100952 0.074463
-0.175293 3.32251 0.003662
-0.020605 0.972778 0.230819
0 0 0 0
0.092285 0.079773
-0.184814 3.322266 0.00293
-0.02271 0.974354 0.22387
0 0 0 0
0.092285 0.074463
-0.176514 3.320312 0.017334
-0.03603 0.993388 0.109007
0 0 0 0
0.08429 0.079773
-0.185791 3.319824 0.017822
-0.03603 0.993388 0.109007
0 0 0 0
0.08429 0.074463
-0.175293 3.31958 0.030518
-0.052041 0.998604 0.009012
0 0 0 0
0.076538 0.079773
-0.18457 3.319092 0.032227
-0.052041 0.998604 0.009012
0 0 0 0
0.076538 0.074463
-0.180908 3.319824 0.046387
-0.070445 0.993373 -0.090813
0 0 0 0
0.068787 0.074463
-0.171875 3.320312 0.043457
-0.070445 0.993373 -0.090813
0 0 0 0
0.068787 0.079773
-0.175049 3.322266 0.059814
-0.097688 0.973661 -0.206013
0 0 0 0
0.060791 0.074463
-0.16626 3.32251 0.055908
-0.097828 0.972908 -0.209476
0 0 0 0
0.060791 0.079773
-0.166504 3.327148 0.072754
-0.13827 0.936414 -0.322505
0 0 0 0
0.052124 0.074463
-0.158203 3.32666 0.068115
-0.14083 0.933987 -0.328384
0 0 0 0
0.052124 0.079773
-0.156982 3.333984 0.085205
-0.190533 0.882529 -0.429931
0 0 0 0
0.042725 0.074463
-0.148926 3.333252 0.080322
-0.190916 0.879618 -0.435687
0 0 0 0
0.042725 0.079773
-0.147461 3.343506 0.097412
-0.218187 0.845325 -0.487668
0 0 0 0
0.032776 0.074463
-0.139404 3.342529 0.092285
-0.218187 0.845325 -0.487668
0 0 0 0
0.032776 0.079773
-0.138428 3.352783 0.109131
-0.199373 0.867096 -0.456502
0 0 0 0
0.023071 0.074463
-0.130371 3.351807 0.104004
-0.199373 0.867096 -0.456502
0 0 0 0
0.023071 0.079773
-0.123047 3.358398 0.115234
-0.156516 0.917389 -0.365925
0 0 0 0
0.014648 0.079773
-0.130859 3.359375 0.12085
-0.15634 0.918638 -0.362852
0 0 0 0
0.014648 0.074463
-0.115967 3.363037 0.125732
-0.119462 0.958983 -0.257062
0 0 0 0
0.00708 0.079773
-0.123535 3.36377 0.131592
-0.117133 0.960052 -0.254127
0 0 0 0
0.00708 0.074463
-0.108643 3.365967 0.13501
-0.063854 0.987113 -0.146732
0 0 0 0
0.000366 0.079773
-0.115234 3.366455 0.141846
-0.061669 0.987748 -0.143353
0 0 0 0
0.000366 0.074463
0.032471 2.988525 0.0896
0.34161 -0.050357 0.938492
0 0 0 0
0.342285 0.599121
0.047363 2.981689 0.082275
0.410398 0.571489 0.710615
0 0 0 0
0.352051 0.602844
0.047607 2.988525 0.08252
0.500513 -0.049384 0.864319
0 0 0 0
0.352051 0.599121
0.032471 2.981689 0.089111
0.27974 0.571191 0.771678
0 0 0 0
0.342285 0.602844
0.016602 2.988525 0.09375
0.172099 -0.050941 0.983762
0 0 0 0
0.33252 0.599121
0.016602 2.981689 0.093506
0.143327 0.569365 0.809494
0 0 0 0
0.33252 0.602844
0 2.988525 0.095215
-0.001382 -0.051133 0.998691
0 0 0 0
0.322693 0.599121
0 2.981689 0.094971
0.001319 0.571148 0.820846
0 0 0 0
0.322693 0.602844
-0.016602 2.988525 0.09375
-0.172099 -0.050941 0.983762
0 0 0 0
0.312927 0.599121
-0.016602 2.981689 0.093506
-0.143327 0.569365 0.809494
0 0 0 0
0.312927 0.602844
-0.032471 2.988525 0.0896
-0.34161 -0.050357 0.938492
0 0 0 0
0.303162 0.599121
-0.032471 2.981689 0.089111
-0.27974 0.571191 0.771678
0 0 0 0
0.303162 0.602844
-0.047607 2.988525 0.08252
-0.500513 -0.049384 0.864319
0 0 0 0
0.293396 0.599121
-0.047363 2.981689 0.082275
-0.410398 0.571489 0.710615
0 0 0 0
0.293396 0.602844
-0.061279 2.988525 0.072998
-0.642732 -0.050639 0.764416
0 0 0 0
0.283569 0.599121
-0.061035 2.981689 0.072754
-0.527821 0.570247 0.629463
0 0 0 0
0.283569 0.602844
-0.072998 2.988525 0.061279
-0.765295 -0.048849 0.641824
0 0 0 0
0.273804 0.599121
-0.072754 2.981689 0.061035
-0.629303 0.571325 0.526845
0 0 0 0
0.273804 0.602844
-0.08252 2.988525 0.047607
-0.865266 -0.049068 0.498905
0 0 0 0
0.264038 0.599121
-0.082275 2.981689 0.047363
-0.711677 0.570038 0.410575
0 0 0 0
0.264038 0.602844
-0.0896 2.988525 0.032471
-0.938544 -0.050946 0.341379
0 0 0 0
0.254272 0.599121
-0.089111 2.981689 0.032471
-0.771546 0.57008 0.282357
0 0 0 0
0.254272 0.602844
-0.09375 2.988525 0.016602
-0.983625 -0.049764 0.173219
0 0 0 0
0.244507 0.599121
-0.093506 2.981689 0.016602
-0.808931 0.570949 0.140173
0 0 0 0
0.244507 0.602844
-0.095215 2.988525 0
-0.998754 -0.049889 -0.001421
0 0 0 0
0.23468 0.599121
-0.094971 2.981689 0
-0.82184 0.569718 -0.000613
0 0 0 0
0.23468 0.602844
-0.09375 2.988525 -0.016602
-0.983625 -0.049764 -0.173219
0 0 0 0
0.224915 0.599121
-0.093506 2.981689 -0.016602
-0.808931 0.570949 -0.140173
0 0 0 0
0.224915 0.602844
-0.0896 2.988525 -0.032471
-0.938544 -0.050946 -0.341379
0 0 0 0
0.215149 0.599121
-0.089111 2.981689 -0.032471
-0.771546 0.57008 -0.282357
0 0 0 0
0.215149 0.602844
-0.08252 2.988525 -0.047607
-0.865266 -0.049068 -0.498905
0 0 0 0
0.205383 0.599121
-0.082275 2.981689 -0.047363
-0.711677 0.570038 -0.410575
0 0 0 0
0.205383 0.602844
-0.072998 2.988525 -0.061279
-0.765295 -0.048849 -0.641824
0 0 0 0
0.195557 0.599121
-0.072754 2.981689 -0.061035
-0.629303 0.571325 -0.526845
0 0 0 0
0.195557 0.602844
-0.061279 2.988525 -0.072998
-0.642732 -0.050639 -0.764416
0 0 0 0
0.185791 0.599121
-0.061035 2.981689 -0.072754
-0.527821 0.570247 -0.629463
0 0 0 0
0.185791 0.602844
-0.047607 2.988525 -0.08252
-0.500513 -0.049384 -0.864319
0 0 0 0
0.176025 0.599121
-0.047363 2.981689 -0.082275
-0.410398 0.571489 -0.710615
0 0 0 0
0.176025 0.602844
-0.032471 2.988525 -0.0896
-0.34161 -0.050357 -0.938492
0 0 0 0
0.16626 0.599121
-0.032471 2.981689 -0.089111
-0.27974 0.571191 -0.771678
0 0 0 0
0.16626 0.602844
-0.016602 2.988525 -0.09375
-0.172099 -0.050941 -0.983762
0 0 0 0
0.156494 0.599121
-0.016602 2.981689 -0.093506
-0.143327 0.569365 -0.809494
0 0 0 0
0.156494 0.602844
0 2.988525 -0.095215
0.001382 -0.051133 -0.998691
0 0 0 0
0.146667 0.599121
0 2.981689 -0.094971
0.001319 0.571148 -0.820846
0 0 0 0
0.146667 0.602844
0.016602 2.988525 -0.09375
0.172099 -0.050941 -0.983762
0 0 0 0
0.136902 0.599121
0.016602 2.981689 -0.093506
0.143327 0.569365 -0.809494
0 0 0 0
0.136902 0.602844
0.032471 2.988525 -0.0896
0.34161 -0.050357 -0.938492
0 0 0 0
0.127136 0.599121
0.032471 2.981689 -0.089111
0.27974 0.571191 -0.771678
0 0 0 0
0.127136 0.602844
0.047607 2.988525 -0.08252
0.500513 -0.049384 -0.864319
0 0 0 0
0.117371 0.599121
0.047363 2.981689 -0.082275
0.410398 0.571489 -0.710615
0 0 0 0
0.117371 0.602844
0.061279 2.988525 -0.072998
0.642732 -0.050639 -0.764415
0 0 0 0
0.107544 0.599121
0.061035 2.981689 -0.072754
0.527821 0.570247 -0.629463
0 0 0 0
0.107544 0.602844
0.072998 2.988525 -0.061279
0.765295 -0.048849 -0.641824
0 0 0 0
0.097778 0.599121
0.072754 2.981689 -0.061035
0.629303 0.571325 -0.526845
0 0 0 0
0.097778 0.602844
0.08252 2.988525 -0.047607
0.865266 -0.049068 -0.498905
0 0 0 0
0.088013 0.599121
0.082275 2.981689 -0.047363
0.711677 0.570038 -0.410575
0 0 0 0
0.088013 0.602844
0.0896 2.988525 -0.032471
0.938544 -0.050946 -0.341379
0 0 0 0
0.078247 0.599121
0.089111 2.981689 -0.032471
0.771546 0.57008 -0.282357
0 0 0 0
0.078247 0.602844
0.09375 2.988525 -0.016602
0.983625 -0.049764 -0.173219
0 0 0 0
0.068481 0.599121
0.093506 2.981689 -0.016602
0.809671 0.569381 -0.14226
0 0 0 0
0.068481 0.602844
0.095215 2.988525 0
0.998754 -0.049889 0.001421
0 0 0 0
0.058655 0.599121
0.094971 2.981689 0
0.82184 0.569718 -0.000613
0 0 0 0
0.058655 0.602844
0.09375 2.988525 0.016602
0.983625 -0.049764 0.173219
0 0 0 0
0.048889 0.599121
0.093506 2.981689 0.016602
0.808931 0.570949 0.140173
0 0 0 0
0.048889 0.602844
0.0896 2.988525 0.032471
0.938544 -0.050946 0.341379
0 0 0 0
0.039124 0.599121
0.089111 2.981689 0.032471
0.771546 0.57008 0.282357
0 0 0 0
0.039124 0.602844
0.08252 2.988525 0.047607
0.865266 -0.049068 0.498905
0 0 0 0
0.029358 0.599121
0.082275 2.981689 0.047363
0.711677 0.570038 0.410575
0 0 0 0
0.029358 0.602844
0.072998 2.988525 0.061279
0.765295 -0.048849 0.641824
0 0 0 0
0.019531 0.599121
0.072754 2.981689 0.061035
0.629303 0.571325 0.526845
0 0 0 0
0.019531 0.602844
0.061279 2.988525 0.072998
0.642732 -0.050639 0.764415
0 0 0 0
0.009766 0.599121
0.061035 2.981689 0.072754
0.527821 0.570247 0.629463
0 0 0 0
0.009766 0.602844
0.047607 2.988525 0.08252
0.500513 -0.049384 0.864319
0 0 0 0
0.000366 0.599121
0.047363 2.981689 0.082275
0.410398 0.571489 0.710615
0 0 0 0
0.000366 0.602844
0.069092 2.970215 0.082275
0.578161 0.435844 0.689761
0 0 0 0
0.009766 0.612305
0.053711 2.970215 0.093018
0.449816 0.436778 0.779031
0 0 0 0
0.000366 0.612305
0.068848 2.958008 0.082031
0.642888 -0.032469 0.765272
0 0 0 0
0.009766 0.61908
0.053467 2.958008 0.092773
0.500621 -0.030705 0.865122
0 0 0 0
0.000366 0.61908
0.082031 2.958008 0.068848
0.765494 -0.031321 0.64268
0 0 0 0
0.019531 0.61908
0.082275 2.970215 0.069092
0.689061 0.436037 0.57885
0 0 0 0
0.019531 0.612305
0.093018 2.970215 0.053711
0.779992 0.436466 0.448453
0 0 0 0
0.029358 0.612305
0.101074 2.970215 0.036865
0.845764 0.436848 0.306345
0 0 0 0
0.039124 0.612305
0.105957 2.970215 0.018555
0.886139 0.436237 0.156379
0 0 0 0
0.048889 0.612305
0.107422 2.970215 0
0.899264 0.437401 0.002063
0 0 0 0
0.058655 0.612305
0.105957 2.970215 -0.018555
0.886139 0.436237 -0.156379
0 0 0 0
0.068481 0.612305
0.101074 2.970215 -0.036865
0.845764 0.436848 -0.306345
0 0 0 0
0.078247 0.612305
0.093018 2.970215 -0.053711
0.779992 0.436466 -0.448453
0 0 0 0
0.088013 0.612305
0.082275 2.970215 -0.069092
0.689061 0.436037 -0.57885
0 0 0 0
0.097778 0.612305
0.069092 2.970215 -0.082275
0.578161 0.435844 -0.689761
0 0 0 0
0.107544 0.612305
0.053711 2.970215 -0.093018
0.449816 0.436778 -0.779031
0 0 0 0
0.117371 0.612305
0.036865 2.970215 -0.101074
0.306763 0.436905 -0.845583
0 0 0 0
0.127136 0.612305
0.018555 2.970215 -0.105957
0.157065 0.436292 -0.885991
0 0 0 0
0.136902 0.612305
0 2.970215 -0.107422
-0.001347 0.43525 -0.900309
0 0 0 0
0.146667 0.612305
-0.018555 2.970215 -0.105957
-0.157065 0.436292 -0.885991
0 0 0 0
0.156494 0.612305
-0.036865 2.970215 -0.101074
-0.306763 0.436905 -0.845583
0 0 0 0
0.16626 0.612305
-0.053711 2.970215 -0.093018
-0.449816 0.436778 -0.779031
0 0 0 0
0.176025 0.612305
-0.009766 2.678223 -0.036377
-0.258985 -0.039738 -0.965064
0 0 0 0
0.778564 0.071411
-0.021729 2.678223 -0.030762
-0.573398 -0.038227 -0.818384
0 0 0 0
0.778564 0.079285
-0.030762 2.678223 -0.021729
-0.817991 -0.038018 -0.573973
0 0 0 0
0.778564 0.087097
-0.036377 2.678223 -0.009766
-0.965603 -0.038361 -0.257177
0 0 0 0
0.778564 0.094971
-0.037598 2.678223 0.003174
-0.995529 -0.037702 0.086602
0 0 0 0
0.778564 0.102844
-0.03418 2.678223 0.015869
-0.905746 -0.038468 0.422072
0 0 0 0
0.778564 0.110779
-0.026611 2.678223 0.026611
-0.706236 -0.03959 0.706869
0 0 0 0
0.778564 0.118652
-0.015869 2.678223 0.03418
-0.42236 -0.039132 0.905583
0 0 0 0
0.778564 0.126587
-0.003174 2.678223 0.037598
-0.086992 -0.040044 0.995404
0 0 0 0
0.778564 0.134521
0.009766 2.678223 0.036377
0.258985 -0.039738 0.965064
0 0 0 0
0.778564 0.142761
-0.047607 2.626709 0
-0.51347 -0.857762 -0.024346
0 0 0 0
0.358337 0.626404
-0.03418 2.618652 0.00293
-0.504548 -0.862228 0.044657
0 0 0 0
0.367126 0.626343
-0.046875 2.626709 0.008301
-0.501627 -0.858019 0.110337
0 0 0 0
0.359558 0.621887
-0.046875 2.626709 -0.008301
-0.510049 -0.857488 -0.06756
0 0 0 0
0.35791 0.631165
-0.033203 2.618652 -0.008789
-0.489712 -0.861935 -0.131336
0 0 0 0
0.366577 0.632751
-0.044678 2.626709 -0.016357
-0.473647 -0.858552 -0.196336
0 0 0 0
0.358276 0.635864
-0.04126 2.626709 -0.023926
-0.45561 -0.857939 -0.237401
0 0 0 0
0.359497 0.640442
-0.028076 2.618652 -0.019775
-0.414149 -0.862718 -0.29017
0 0 0 0
0.368225 0.638977
-0.036377 2.626709 -0.030518
-0.378122 -0.857305 -0.34936
0 0 0 0
0.361511 0.644714
-0.030518 2.626709 -0.036377
-0.347825 -0.857509 -0.379073
0 0 0 0
0.364258 0.648621
-0.019775 2.618652 -0.028076
-0.291875 -0.86167 -0.415131
0 0 0 0
0.371887 0.644226
-0.023926 2.626709 -0.04126
-0.237113 -0.857618 -0.456365
0 0 0 0
0.367554 0.651917
-0.016357 2.626709 -0.044678
-0.198184 -0.858008 -0.473863
0 0 0 0
0.37146 0.654663
-0.008789 2.618652 -0.033203
-0.130023 -0.862449 -0.489159
0 0 0 0
0.377197 0.647949
-0.008301 2.626709 -0.046875
-0.066035 -0.858459 -0.508614
0 0 0 0
0.375732 0.656677
0 2.626709 -0.047607
-0.022852 -0.857553 -0.513888
0 0 0 0
0.38031 0.657898
0.00293 2.618652 -0.03418
0.044366 -0.862145 -0.504715
0 0 0 0
0.383423 0.649597
0.008301 2.626709 -0.046875
0.111359 -0.858543 -0.500503
0 0 0 0
0.38501 0.658264
0.016357 2.626709 -0.044678
0.153931 -0.857954 -0.490122
0 0 0 0
0.389709 0.657837
0.014404 2.618652 -0.031006
0.213851 -0.86131 -0.460883
0 0 0 0
0.389832 0.649048
0.023926 2.626709 -0.04126
0.277322 -0.85771 -0.432927
0 0 0 0
0.394287 0.656616
0.030518 2.626709 -0.036377
0.312129 -0.857485 -0.409016
0 0 0 0
0.398621 0.654663
0.02417 2.618652 -0.02417
0.358776 -0.862201 -0.357616
0 0 0 0
0.39563 0.646301
0.036377 2.626709 -0.030518
0.408457 -0.858319 -0.310565
0 0 0 0
0.402466 0.651917
0.04126 2.626709 -0.023926
0.431918 -0.858313 -0.277029
0 0 0 0
0.405823 0.648621
0.031006 2.618652 -0.014404
0.459652 -0.862251 -0.212702
0 0 0 0
0.400208 0.641785
0.044678 2.626709 -0.016357
0.490349 -0.857849 -0.153795
0 0 0 0
0.408508 0.644714
0.046875 2.626709 -0.008301
0.501627 -0.858019 -0.110337
0 0 0 0
0.410522 0.640442
0.03418 2.618652 -0.00293
0.504548 -0.862228 -0.044657
0 0 0 0
0.402954 0.635925
0.047607 2.626709 0
0.51347 -0.857762 0.024346
0 0 0 0
0.411743 0.635864
0.046875 2.626709 0.008301
0.510049 -0.857488 0.06756
0 0 0 0
0.41217 0.631165
0.033203 2.618652 0.008789
0.489712 -0.861935 0.131336
0 0 0 0
0.403503 0.629517
0.044678 2.626709 0.016357
0.473647 -0.858552 0.196336
0 0 0 0
0.411804 0.626465
0.04126 2.626709 0.023926
0.45561 -0.857939 0.237401
0 0 0 0
0.410583 0.621887
0.028076 2.618652 0.019775
0.414149 -0.862718 0.29017
0 0 0 0
0.401855 0.623291
0.036377 2.626709 0.030518
0.378122 -0.857305 0.34936
0 0 0 0
0.408569 0.617554
0.030518 2.626709 0.036377
0.347825 -0.857509 0.379073
0 0 0 0
0.405823 0.613708
0.019775 2.618652 0.028076
0.291875 -0.86167 0.415131
0 0 0 0
0.398132 0.618042
0.023926 2.626709 0.04126
0.237113 -0.857618 0.456365
0 0 0 0
0.402527 0.610352
0.016357 2.626709 0.044678
0.198184 -0.858008 0.473863
0 0 0 0
0.398621 0.607666
0.008789 2.618652 0.033203
0.130023 -0.862449 0.489159
0 0 0 0
0.392883 0.61438
0.008301 2.626709 0.046875
0.066035 -0.858459 0.508614
0 0 0 0
0.394348 0.605652
0 2.626709 0.047607
0.022852 -0.857553 0.513888
0 0 0 0
0.389771 0.604431
-0.00293 2.618652 0.03418
-0.044366 -0.862145 0.504715
0 0 0 0
0.386658 0.612671
-0.008301 2.626709 0.046875
-0.111359 -0.858543 0.500503
0 0 0 0
0.385071 0.604004
-0.016357 2.626709 0.044678
-0.153931 -0.857954 0.490122
0 0 0 0
0.38031 0.604431
-0.014404 2.618652 0.031006
-0.213851 -0.86131 0.460883
0 0 0 0
0.380249 0.613281
-0.023926 2.626709 0.04126
-0.277322 -0.85771 0.432927
0 0 0 0
0.375793 0.605652
-0.030518 2.626709 0.036377
-0.312129 -0.857485 0.409016
0 0 0 0
0.37146 0.607666
-0.02417 2.618652 0.02417
-0.358776 -0.862201 0.357616
0 0 0 0
0.37439 0.615967
-0.036377 2.626709 0.030518
-0.408457 -0.858319 0.310565
0 0 0 0
0.367615 0.610352
-0.04126 2.626709 0.023926
-0.431918 -0.858313 0.277029
0 0 0 0
0.364258 0.613708
-0.031006 2.618652 0.014404
-0.459652 -0.862252 0.212702
0 0 0 0
0.369873 0.620544
-0.044678 2.626709 0.016357
-0.490349 -0.857849 0.153795
0 0 0 0
0.361572 0.617554
-0.037598 2.678223 0.003174
-0.276075 0.960819 0.024698
0 0 0 0
0.756653 0.296204
-0.054688 2.672119 0.02002
-0.267691 0.959819 0.084193
0 0 0 0
0.767456 0.286194
-0.03418 2.678223 0.015869
-0.251262 0.960588 0.118906
0 0 0 0
0.754639 0.288757
-0.057373 2.672119 0.01001
-0.274875 0.959546 0.060955
0 0 0 0
0.768982 0.292053
-0.05835 2.672119 0
-0.280539 0.95974 -0.014026
0 0 0 0
0.769531 0.298157
-0.036377 2.678223 -0.009766
-0.268248 0.96063 -0.072337
0 0 0 0
0.755981 0.303894
-0.057373 2.672119 -0.01001
-0.279908 0.959258 -0.038412
0 0 0 0
0.768982 0.30426
-0.054688 2.672119 -0.02002
-0.260213 0.959599 -0.10705
0 0 0 0
0.767456 0.310181
-0.030762 2.678223 -0.021729
-0.22629 0.960942 -0.159322
0 0 0 0
0.752747 0.310913
-0.050537 2.672119 -0.029053
-0.248499 0.959683 -0.131367
0 0 0 0
0.764832 0.315674
-0.044678 2.672119 -0.037354
-0.207759 0.959952 -0.187957
0 0 0 0
0.761353 0.320679
-0.021729 2.678223 -0.030762
-0.159207 0.96066 -0.227563
0 0 0 0
0.747253 0.316406
-0.037354 2.672119 -0.044678
-0.190171 0.959449 -0.20807
0 0 0 0
0.757019 0.325012
-0.029053 2.672119 -0.050537
-0.12996 0.959957 -0.248179
0 0 0 0
0.752014 0.328552
-0.009766 2.678223 -0.036377
-0.07154 0.960838 -0.267718
0 0 0 0
0.740234 0.319641
-0.02002 2.672119 -0.054688
-0.10641 0.959883 -0.259424
0 0 0 0
0.746521 0.331116
-0.01001 2.672119 -0.057373
-0.036458 0.96007 -0.277373
0 0 0 0
0.740601 0.332703
0.003174 2.678223 -0.037598
0.023176 0.96126 -0.274667
0 0 0 0
0.732544 0.320312
0 2.672119 -0.05835
-0.012173 0.95945 -0.281616
0 0 0 0
0.734497 0.333252
0.01001 2.672119 -0.057373
0.06072 0.959375 -0.275523
0 0 0 0
0.728394 0.332703
0.015869 2.678223 -0.03418
0.116976 0.960953 -0.250771
0 0 0 0
0.725098 0.318359
0.02002 2.672119 -0.054688
0.084804 0.959281 -0.269423
0 0 0 0
0.722534 0.331116
0.029053 2.672119 -0.050537
0.151091 0.959809 -0.236514
0 0 0 0
0.71698 0.328552
0.026611 2.678223 -0.026611
0.195611 0.96095 -0.195732
0 0 0 0
0.71875 0.313904
0.037354 2.672119 -0.044678
0.171958 0.959286 -0.224054
0 0 0 0
0.711975 0.325012
0.044678 2.672119 -0.037354
0.223232 0.959581 -0.171385
0 0 0 0
0.707642 0.320679
0.03418 2.678223 -0.015869
0.251262 0.960588 -0.118906
0 0 0 0
0.714355 0.307556
0.050537 2.672119 -0.029053
0.238036 0.959484 -0.15076
0 0 0 0
0.704163 0.315674
0.054688 2.672119 -0.02002
0.267691 0.959819 -0.084193
0 0 0 0
0.701538 0.31012
0.037598 2.678223 -0.003174
0.276075 0.960819 -0.024698
0 0 0 0
0.712341 0.30011
0.057373 2.672119 -0.01001
0.274875 0.959546 -0.060955
0 0 0 0
0.699951 0.30426
0.05835 2.672119 0
0.280539 0.95974 0.014026
0 0 0 0
0.699463 0.298157
0.036377 2.678223 0.009766
0.268248 0.96063 0.072337
0 0 0 0
0.713013 0.292419
0.057373 2.672119 0.01001
0.279908 0.959258 0.038412
0 0 0 0
0.699951 0.292053
0.054688 2.672119 0.02002
0.260213 0.959599 0.10705
0 0 0 0
0.701538 0.286194
0.030762 2.678223 0.021729
0.22629 0.960942 0.159322
0 0 0 0
0.716248 0.2854
0.050537 2.672119 0.029053
0.248499 0.959683 0.131367
0 0 0 0
0.704163 0.28064
0.044678 2.672119 0.037354
0.207759 0.959952 0.187957
0 0 0 0
0.707642 0.275635
0.021729 2.678223 0.030762
0.159208 0.96066 0.227563
0 0 0 0
0.721741 0.279968
0.037354 2.672119 0.044678
0.190171 0.959449 0.20807
0 0 0 0
0.711975 0.271301
0.029053 2.672119 0.050537
0.12996 0.959957 0.248179
0 0 0 0
0.71698 0.267822
0.009766 2.678223 0.036377
0.07154 0.960838 0.267718
0 0 0 0
0.72876 0.276672
0.02002 2.672119 0.054688
0.10641 0.959883 0.259424
0 0 0 0
0.722534 0.265198
0.01001 2.672119 0.057373
0.036458 0.96007 0.277373
0 0 0 0
0.728394 0.263672
-0.003174 2.678223 0.037598
-0.023176 0.96126 0.274667
0 0 0 0
0.73645 0.276001
0 2.672119 0.05835
0.012173 0.95945 0.281616
0 0 0 0
0.734497 0.263123
-0.01001 2.672119 0.057373
-0.06072 0.959375 0.275523
0 0 0 0
0.740601 0.263672
-0.015869 2.678223 0.03418
-0.116976 0.960953 0.250771
0 0 0 0
0.743896 0.278015
-0.02002 2.672119 0.054688
-0.084804 0.959281 0.269423
0 0 0 0
0.74646 0.265259
-0.029053 2.672119 0.050537
-0.151091 0.959809 0.236514
0 0 0 0
0.752014 0.267822
-0.026611 2.678223 0.026611
-0.195611 0.96095 0.195732
0 0 0 0
0.750244 0.28241
-0.037354 2.672119 0.044678
-0.171958 0.959286 0.224054
0 0 0 0
0.757019 0.271301
-0.044678 2.672119 0.037354
-0.223232 0.959581 0.171385
0 0 0 0
0.761353 0.275635
-0.050537 2.672119 0.029053
-0.238036 0.959484 0.15076
0 0 0 0
0.764832 0.28064
-0.01001 2.672119 0.057373
-0.174889 -0.001377 0.984587
0 0 0 0
0.005615 0.660522
0 2.647949 0.05835
0.001382 -0.001382 0.999998
0 0 0 0
0.000366 0.647095
0 2.672119 0.05835
0.001382 -0.001382 0.999998
0 0 0 0
0.000366 0.660522
-0.01001 2.647949 0.057373
-0.174889 -0.001377 0.984587
0 0 0 0
0.005615 0.647095
-0.02002 2.672119 0.054688
-0.341725 -0.001361 0.939799
0 0 0 0
0.011292 0.660522
-0.02002 2.647949 0.054688
-0.341725 -0.001361 0.939799
0 0 0 0
0.011292 0.647095
-0.029053 2.672119 0.050537
-0.500689 -0.001335 0.865626
0 0 0 0
0.016907 0.660522
-0.029053 2.647949 0.050537
-0.500689 -0.001335 0.865626
0 0 0 0
0.016907 0.647095
-0.037354 2.672119 0.044678
-0.642997 -0.001299 0.765868
0 0 0 0
0.022522 0.660522
-0.037354 2.647949 0.044678
-0.642997 -0.001299 0.765868
0 0 0 0
0.022522 0.647095
-0.044678 2.672119 0.037354
-0.765633 -0.001253 0.643276
0 0 0 0
0.028137 0.660522
-0.044678 2.647949 0.037354
-0.765633 -0.001253 0.643276
0 0 0 0
0.028137 0.647095
-0.050537 2.672119 0.029053
-0.865729 -0.001197 0.500511
0 0 0 0
0.033813 0.660522
-0.050537 2.647949 0.029053
-0.865729 -0.001197 0.500511
0 0 0 0
0.033813 0.647095
-0.054688 2.672119 0.02002
-0.93922 -0.001133 0.343313
0 0 0 0
0.039429 0.660522
-0.054688 2.647949 0.02002
-0.93922 -0.001133 0.343313
0 0 0 0
0.039429 0.647095
-0.057373 2.672119 0.01001
-0.984509 -0.00106 0.175329
0 0 0 0
0.045044 0.660522
-0.057373 2.647949 0.01001
-0.984509 -0.00106 0.175329
0 0 0 0
0.045044 0.647095
-0.05835 2.672119 0
-1 -0.000977 -0.000001
0 0 0 0
0.050659 0.660522
-0.05835 2.647949 0
-1 -0.000977 -0.000001
0 0 0 0
0.050659 0.647095
-0.057373 2.672119 -0.01001
-0.984509 -0.00106 -0.175329
0 0 0 0
0.056335 0.660522
-0.057373 2.647949 -0.01001
-0.984509 -0.00106 -0.175329
0 0 0 0
0.056335 0.647095
-0.054688 2.672119 -0.02002
-0.93922 -0.001133 -0.343313
0 0 0 0
0.061951 0.660522
-0.054688 2.647949 -0.02002
-0.93922 -0.001133 -0.343313
0 0 0 0
0.061951 0.647095
-0.050537 2.672119 -0.029053
-0.865729 -0.001197 -0.500511
0 0 0 0
0.067566 0.660522
-0.050537 2.647949 -0.029053
-0.865729 -0.001197 -0.500511
0 0 0 0
0.067566 0.647095
-0.044678 2.672119 -0.037354
-0.765633 -0.001253 -0.643276
0 0 0 0
0.073181 0.660522
-0.044678 2.647949 -0.037354
-0.765633 -0.001253 -0.643276
0 0 0 0
0.073242 0.647095
-0.037354 2.672119 -0.044678
-0.642997 -0.001299 -0.765868
0 0 0 0
0.078857 0.660522
-0.037354 2.647949 -0.044678
-0.642997 -0.001299 -0.765868
0 0 0 0
0.078857 0.647095
-0.029053 2.672119 -0.050537
-0.500689 -0.001335 -0.865626
0 0 0 0
0.084473 0.660522
-0.029053 2.647949 -0.050537
-0.500689 -0.001335 -0.865626
0 0 0 0
0.084473 0.647095
-0.02002 2.672119 -0.054688
-0.341725 -0.001361 -0.939799
0 0 0 0
0.090088 0.660522
-0.02002 2.647949 -0.054688
-0.341725 -0.001361 -0.939799
0 0 0 0
0.090088 0.647095
-0.01001 2.672119 -0.057373
-0.174889 -0.001377 -0.984587
0 0 0 0
0.095764 0.660522
-0.01001 2.647949 -0.057373
-0.174889 -0.001377 -0.984587
0 0 0 0
0.095764 0.647095
0 2.672119 -0.05835
-0.001382 -0.001382 -0.999998
0 0 0 0
0.101379 0.660522
0 2.647949 -0.05835
-0.001382 -0.001382 -0.999998
0 0 0 0
0.101379 0.647095
0.01001 2.672119 -0.057373
0.174889 -0.001377 -0.984587
0 0 0 0
0.106995 0.660522
0.01001 2.647949 -0.057373
0.174889 -0.001377 -0.984587
0 0 0 0
0.106995 0.647095
0.02002 2.672119 -0.054688
0.341725 -0.001361 -0.939799
0 0 0 0
0.11261 0.660522
0.02002 2.647949 -0.054688
0.341725 -0.001361 -0.939799
0 0 0 0
0.11261 0.647095
0.029053 2.672119 -0.050537
0.500689 -0.001335 -0.865626
0 0 0 0
0.118286 0.660522
0.029053 2.647949 -0.050537
0.500689 -0.001335 -0.865626
0 0 0 0
0.118286 0.647095
0.037354 2.672119 -0.044678
0.642997 -0.001299 -0.765868
0 0 0 0
0.123901 0.660522
0.037354 2.647949 -0.044678
0.642997 -0.001299 -0.765868
0 0 0 0
0.123901 0.647095
0.044678 2.672119 -0.037354
0.765633 -0.001253 -0.643276
0 0 0 0
0.129517 0.660522
0.044678 2.647949 -0.037354
0.765633 -0.001253 -0.643276
0 0 0 0
0.129517 0.647095
0.050537 2.672119 -0.029053
0.86573 -0.001197 -0.500511
0 0 0 0
0.135193 0.660522
0.050537 2.647949 -0.029053
0.86573 -0.001197 -0.500511
0 0 0 0
0.135193 0.647095
0.054688 2.672119 -0.02002
0.93922 -0.001133 -0.343313
0 0 0 0
0.140808 0.660522
0.054688 2.647949 -0.02002
0.93922 -0.001133 -0.343313
0 0 0 0
0.140808 0.647095
0.057373 2.672119 -0.01001
0.984509 -0.00106 -0.175329
0 0 0 0
0.146423 0.660522
0.057373 2.647949 -0.01001
0.984509 -0.00106 -0.175329
0 0 0 0
0.146423 0.647095
0.05835 2.672119 0
1 -0.000977 0.000001
0 0 0 0
0.152039 0.660522
0.05835 2.647949 0
1 -0.000977 0.000001
0 0 0 0
0.152039 0.647095
0.057373 2.672119 0.01001
0.984509 -0.00106 0.175329
0 0 0 0
0.157715 0.660522
0.057373 2.647949 0.01001
0.984509 -0.00106 0.175329
0 0 0 0
0.157715 0.647095
0.054688 2.672119 0.02002
0.93922 -0.001133 0.343313
0 0 0 0
0.16333 0.660522
0.054688 2.647949 0.02002
0.93922 -0.001133 0.343313
0 0 0 0
0.16333 0.647095
0.050537 2.672119 0.029053
0.86573 -0.001197 0.500511
0 0 0 0
0.168945 0.660522
0.050537 2.647949 0.029053
0.86573 -0.001197 0.500511
0 0 0 0
0.168945 0.647095
0.044678 2.672119 0.037354
0.765633 -0.001253 0.643276
0 0 0 0
0.174622 0.660522
0.044678 2.647949 0.037354
0.765633 -0.001253 0.643276
0 0 0 0
0.174622 0.647095
0.037354 2.672119 0.044678
0.642997 -0.001299 0.765868
0 0 0 0
0.180237 0.660522
0.037354 2.647949 0.044678
0.642997 -0.001299 0.765868
0 0 0 0
0.180237 0.647095
0.029053 2.672119 0.050537
0.500689 -0.001335 0.865626
0 0 0 0
0.185852 0.660522
0.029053 2.647949 0.050537
0.500689 -0.001335 0.865626
0 0 0 0
0.185852 0.647095
0.02002 2.672119 0.054688
0.341725 -0.001361 0.939799
0 0 0 0
0.191467 0.660522
0.02002 2.647949 0.054688
0.341725 -0.001361 0.939799
0 0 0 0
0.191467 0.647095
0.01001 2.672119 0.057373
0.174889 -0.001377 0.984587
0 0 0 0
0.197144 0.660522
0.01001 2.647949 0.057373
0.174889 -0.001377 0.984587
0 0 0 0
0.197144 0.647095
0 2.672119 0.05835
0.001382 -0.001382 0.999998
0 0 0 0
0.202759 0.660522
0 2.647949 0.05835
0.001382 -0.001382 0.999998
0 0 0 0
0.202759 0.647095
0.016602 3.152588 0.015137
0.643919 -0.40543 0.648841
0 0 0 0
0.593872 0.880432
0.022217 3.152588 0
0.91471 -0.401994 -0.041309
0 0 0 0
0.584412 0.87915
0.028564 3.166992 0
0.973076 -0.226552 -0.042402
0 0 0 0
0.581543 0.887939
0.02124 3.166992 0.019531
0.68743 -0.227449 0.689715
0 0 0 0
0.592957 0.889038
0.031494 3.189209 0
0.997642 -0.052928 -0.043686
0 0 0 0
0.579712 0.901733
0.023438 3.189209 0.021484
0.703941 -0.054936 0.70813
0 0 0 0
0.592224 0.901184
0.031006 3.211914 0
0.989385 0.138773 -0.043121
0 0 0 0
0.581421 0.916382
0.023193 3.211914 0.02124
0.699848 0.13895 0.700647
0 0 0 0
0.593201 0.91333
0 3.211914 0.030762
0.023444 0.136529 0.990359
0 0 0 0
0.606323 0.911865
0 3.189209 0.03125
0.023491 -0.053891 0.99827
0 0 0 0
0.605957 0.900391
0 3.166992 0.02832
0.023346 -0.226595 0.973709
0 0 0 0
0.605652 0.888672
0 3.152588 0.021973
0.023006 -0.399216 0.916568
0 0 0 0
0.605408 0.880188
-0.016113 3.152588 0.016113
-0.643677 -0.407788 0.647603
0 0 0 0
0.616455 0.879822
-0.020508 3.166992 0.020508
-0.68729 -0.229944 0.689027
0 0 0 0
0.617798 0.888367
-0.022705 3.189209 0.022705
-0.703941 -0.054936 0.70813
0 0 0 0
0.61908 0.900391
-0.031494 3.189209 0
-0.998534 -0.053895 -0.004914
0 0 0 0
0.632385 0.900269
-0.028564 3.166992 0
-0.97397 -0.226573 -0.006802
0 0 0 0
0.629761 0.886597
-0.022217 3.152588 0
-0.915832 -0.401474 -0.00837
0 0 0 0
0.626465 0.877991
-0.022461 3.211914 0.022461
-0.697728 0.139035 0.702741
0 0 0 0
0.618835 0.912537
-0.031006 3.211914 0
-0.990344 0.138393 -0.008186
0 0 0 0
0.63147 0.9151
-0.017822 3.232666 0.017822
-0.652414 0.383403 0.653726
0 0 0 0
0.616516 0.923767
-0.024902 3.232666 0
-0.925101 0.379654 -0.007177
0 0 0 0
0.62561 0.928406
-0.011963 3.243408 0.011963
-0.490977 0.717949 0.493447
0 0 0 0
0.613525 0.930298
-0.016602 3.243408 0
-0.700213 0.713924 -0.003691
0 0 0 0
0.618469 0.935059
0 3.250244 0
0.000979 0.999992 0.003905
0 0 0 0
0.606934 0.938599
0 3.243408 0.016357
0.016575 0.712722 0.70125
0 0 0 0
0.60675 0.929138
0.012451 3.243164 0.011475
0.491354 0.716109 0.495741
0 0 0 0
0.59967 0.930847
0.016602 3.243408 0
0.699782 0.713679 -0.031096
0 0 0 0
0.595337 0.935608
0.024902 3.232666 0
0.924824 0.37811 -0.041622
0 0 0 0
0.587891 0.929321
0.018555 3.232666 0.01709
0.652643 0.381023 0.654888
0 0 0 0
0.596252 0.9245
0 3.232666 0.024658
0.023058 0.378428 0.925344
0 0 0 0
0.606567 0.922607
0.028564 3.166992 0
0.973076 -0.226552 -0.042402
0 0 0 0
0.692505 0.085388
0.022217 3.152588 0
0.91471 -0.401994 -0.041309
0 0 0 0
0.695862 0.093994
0.015137 3.152588 -0.016602
0.646044 -0.405189 -0.646876
0 0 0 0
0.706299 0.092163
0.019531 3.166992 -0.02124
0.68743 -0.227449 -0.689715
0 0 0 0
0.705139 0.083618
0.031494 3.189209 0
0.997642 -0.052928 -0.043686
0 0 0 0
0.689941 0.071716
0.021484 3.189209 -0.023438
0.703941 -0.054936 -0.70813
0 0 0 0
0.703857 0.071594
0.031006 3.211914 0
0.989385 0.138773 -0.043121
0 0 0 0
0.690796 0.056946
0.02124 3.211914 -0.023193
0.697728 0.139035 -0.702741
0 0 0 0
0.704102 0.059509
0.01709 3.232666 -0.018555
0.652643 0.381023 -0.654888
0 0 0 0
0.706177 0.048279
0.024902 3.232666 0
0.924824 0.37811 -0.041622
0 0 0 0
0.696533 0.043579
0.011475 3.243164 -0.012451
0.493485 0.715732 -0.494166
0 0 0 0
0.708923 0.041687
0.016602 3.243408 0
0.699782 0.713679 -0.031096
0 0 0 0
0.703613 0.036865
0 3.250244 0
0.000979 0.999992 0.003905
0 0 0 0
0.715149 0.033264
0 3.243408 -0.016357
-0.019113 0.714811 -0.699057
0 0 0 0
0.715332 0.042725
-0.069092 2.970215 -0.082275
-0.57816 0.435844 -0.689761
0 0 0 0
0.185791 0.612305
-0.082275 2.970215 -0.069092
-0.689061 0.436037 -0.57885
0 0 0 0
0.195557 0.612305
-0.093018 2.970215 -0.053711
-0.779992 0.436466 -0.448453
0 0 0 0
0.205383 0.612305
-0.101074 2.970215 -0.036865
-0.845764 0.436848 -0.306345
0 0 0 0
0.215149 0.612305
-0.105957 2.970215 -0.018555
-0.886139 0.436237 -0.156379
0 0 0 0
0.224915 0.612305
-0.107422 2.970215 0
-0.899264 0.437401 0.002063
0 0 0 0
0.23468 0.612305
-0.105957 2.970215 0.018555
-0.886139 0.436237 0.156379
0 0 0 0
0.244507 0.612305
-0.101074 2.970215 0.036865
-0.845764 0.436848 0.306345
0 0 0 0
0.254272 0.612305
-0.093018 2.970215 0.053711
-0.779992 0.436466 0.448453
0 0 0 0
0.264038 0.612305
-0.082275 2.970215 0.069092
-0.689061 0.436037 0.57885
0 0 0 0
0.273804 0.612305
-0.069092 2.970215 0.082275
-0.57816 0.435844 0.689761
0 0 0 0
0.283569 0.612305
-0.053711 2.970215 0.093018
-0.449816 0.436778 0.779031
0 0 0 0
0.293396 0.612305
-0.036865 2.970215 0.101074
-0.306763 0.436905 0.845583
0 0 0 0
0.303162 0.612305
-0.018555 2.970215 0.105957
-0.157065 0.436292 0.885991
0 0 0 0
0.312927 0.612305
0 2.970215 0.107422
0.001348 0.43525 0.900309
0 0 0 0
0.322693 0.612305
0.018555 2.970215 0.105957
0.157065 0.436292 0.885991
0 0 0 0
0.33252 0.612305
0.036865 2.970215 0.101074
0.306763 0.436905 0.845583
0 0 0 0
0.342285 0.612305
0.053711 2.970215 0.093018
0.449816 0.436778 0.779031
0 0 0 0
0.352051 0.612305
0.053467 2.958008 0.092773
0.500621 -0.030705 0.865122
0 0 0 0
0.352051 0.61908
0.036621 2.958008 0.100586
0.34168 -0.031309 0.939295
0 0 0 0
0.342285 0.61908
0.018555 2.958008 0.105469
0.174867 -0.031669 0.984083
0 0 0 0
0.33252 0.61908
0 2.958008 0.107178
0.001382 -0.031792 0.999494
0 0 0 0
0.322693 0.61908
-0.018555 2.958008 0.105469
-0.174867 -0.031669 0.984083
0 0 0 0
0.312927 0.61908
-0.036621 2.958008 0.100586
-0.34168 -0.031309 0.939295
0 0 0 0
0.303162 0.61908
-0.053467 2.958008 0.092773
-0.500621 -0.030705 0.865122
0 0 0 0
0.293396 0.61908
-0.068848 2.958008 0.082031
-0.642888 -0.032469 0.765272
0 0 0 0
0.283569 0.61908
-0.082031 2.958008 0.068848
-0.765494 -0.031321 0.64268
0 0 0 0
0.273804 0.61908
-0.092773 2.958008 0.053467
-0.865529 -0.032323 0.499815
0 0 0 0
0.264038 0.61908
-0.100586 2.958008 0.036621
-0.938977 -0.030582 0.342617
0 0 0 0
0.254272 0.61908
-0.105469 2.958008 0.018555
-0.984173 -0.030722 0.174526
0 0 0 0
0.244507 0.61908
-0.107178 2.958008 0
-0.999474 -0.032304 0.002866
0 0 0 0
0.23468 0.61908
-0.105469 2.958008 -0.018555
-0.984173 -0.030722 -0.174526
0 0 0 0
0.224915 0.61908
-0.100586 2.958008 -0.036621
-0.938977 -0.030582 -0.342617
0 0 0 0
0.215149 0.61908
-0.092773 2.958008 -0.053467
-0.865529 -0.032323 -0.499815
0 0 0 0
0.205383 0.61908
-0.082031 2.958008 -0.068848
-0.765494 -0.031321 -0.64268
0 0 0 0
0.195557 0.61908
-0.068848 2.958008 -0.082031
-0.642888 -0.032469 -0.765272
0 0 0 0
0.185791 0.61908
-0.053467 2.958008 -0.092773
-0.500621 -0.030705 -0.865122
0 0 0 0
0.176025 0.61908
-0.036621 2.958008 -0.100586
-0.34168 -0.031309 -0.939295
0 0 0 0
0.16626 0.61908
-0.018555 2.958008 -0.105469
-0.174867 -0.031669 -0.984083
0 0 0 0
0.156494 0.61908
0 2.958008 -0.107178
-0.001382 -0.031792 -0.999494
0 0 0 0
0.146667 0.61908
0.018555 2.958008 -0.105469
0.174867 -0.031669 -0.984083
0 0 0 0
0.136902 0.61908
0.036621 2.958008 -0.100586
0.34168 -0.031309 -0.939295
0 0 0 0
0.127136 0.61908
0.053467 2.958008 -0.092773
0.500621 -0.030705 -0.865122
0 0 0 0
0.117371 0.61908
0.068848 2.958008 -0.082031
0.642888 -0.032469 -0.765272
0 0 0 0
0.107544 0.61908
0.082031 2.958008 -0.068848
0.765494 -0.031321 -0.64268
0 0 0 0
0.097778 0.61908
0.092773 2.958008 -0.053467
0.865529 -0.032323 -0.499815
0 0 0 0
0.088013 0.61908
0.100586 2.958008 -0.036621
0.938977 -0.030582 -0.342617
0 0 0 0
0.078247 0.61908
0.105469 2.958008 -0.018555
0.984173 -0.030722 -0.174526
0 0 0 0
0.068481 0.61908
0.107178 2.958008 0
0.999474 -0.032304 0.002866
0 0 0 0
0.058655 0.61908
0.105469 2.958008 0.018555
0.984173 -0.030722 0.174526
0 0 0 0
0.048889 0.61908
0.100586 2.958008 0.036621
0.938977 -0.030582 0.342617
0 0 0 0
0.039124 0.61908
0.092773 2.958008 0.053467
0.865529 -0.032323 0.499815
0 0 0 0
0.029358 0.61908
-0.068115 2.888672 -0.018311
-0.635218 0.753595 -0.169091
0 0 0 0
0.719299 0.400269
-0.082031 2.88208 0
-0.895355 0.44522 -0.010892
0 0 0 0
0.72583 0.391602
-0.070312 2.888672 0.006104
-0.653975 0.754432 0.056116
0 0 0 0
0.718445 0.390381
-0.080811 2.88208 -0.01416
-0.883909 0.44457 -0.145126
0 0 0 0
0.726379 0.397766
-0.077148 2.88208 -0.028076
-0.837733 0.445221 -0.316199
0 0 0 0
0.72583 0.403992
-0.057861 2.888672 -0.040527
-0.538048 0.753726 -0.377361
0 0 0 0
0.716675 0.409912
-0.071045 2.88208 -0.041016
-0.780108 0.444603 -0.440182
0 0 0 0
0.724182 0.409973
-0.062988 2.88208 -0.052734
-0.680183 0.444025 -0.58326
0 0 0 0
0.721558 0.415588
-0.040527 2.888672 -0.057861
-0.377152 0.75309 -0.539084
0 0 0 0
0.710999 0.41803
-0.052734 2.88208 -0.062988
-0.583952 0.444614 -0.679204
0 0 0 0
0.718018 0.420715
-0.041016 2.88208 -0.071045
-0.439551 0.444768 -0.780369
0 0 0 0
0.713623 0.42511
-0.018311 2.888672 -0.068115
-0.17122 0.753617 -0.634623
0 0 0 0
0.70282 0.423767
-0.028076 2.88208 -0.077148
-0.31675 0.44398 -0.838183
0 0 0 0
0.708496 0.42865
-0.01416 2.88208 -0.080811
-0.146247 0.444107 -0.883957
0 0 0 0
0.702881 0.431274
0.006104 2.888672 -0.070312
0.056593 0.753318 -0.655216
0 0 0 0
0.693176 0.426331
0 2.88208 -0.082031
-0.00942 0.445438 -0.895263
0 0 0 0
0.696838 0.432861
0.01416 2.88208 -0.080811
0.164895 0.443741 -0.880854
0 0 0 0
0.690674 0.433411
0.029785 2.888672 -0.063965
0.277763 0.75428 -0.594903
0 0 0 0
0.683228 0.425415
0.028076 2.88208 -0.077148
0.296112 0.444832 -0.845246
0 0 0 0
0.684448 0.432861
0.041016 2.88208 -0.071045
0.456626 0.443617 -0.771165
0 0 0 0
0.678467 0.431213
0.049805 2.888672 -0.049805
0.464932 0.753593 -0.464689
0 0 0 0
0.674255 0.421204
0.052734 2.88208 -0.062988
0.568487 0.443852 -0.692689
0 0 0 0
0.672852 0.428589
0.062988 2.88208 -0.052734
0.691819 0.444478 -0.569057
0 0 0 0
0.667725 0.424988
0.063965 2.888672 -0.029785
0.595317 0.754363 -0.276647
0 0 0 0
0.667175 0.414124
0.071045 2.88208 -0.041016
0.770422 0.444792 -0.456739
0 0 0 0
0.663391 0.420593
0.077148 2.88208 -0.028076
0.845093 0.444258 -0.297409
0 0 0 0
0.65979 0.415466
0.070312 2.888672 -0.006104
0.653975 0.754432 -0.056116
0 0 0 0
0.663025 0.40509
0.080811 2.88208 -0.01416
0.880774 0.444079 -0.164413
0 0 0 0
0.657227 0.409851
0.082031 2.88208 0
0.895355 0.44522 0.010892
0 0 0 0
0.655579 0.40387
0.068115 2.888672 0.018311
0.635218 0.753595 0.169091
0 0 0 0
0.66217 0.395203
0.080811 2.88208 0.01416
0.883909 0.44457 0.145126
0 0 0 0
0.65509 0.397644
0.077148 2.88208 0.028076
0.837733 0.445221 0.316199
0 0 0 0
0.65564 0.391479
0.057861 2.888672 0.040527
0.538048 0.753726 0.377361
0 0 0 0
0.664734 0.385559
0.071045 2.88208 0.041016
0.780108 0.444603 0.440182
0 0 0 0
0.657227 0.385498
0.062988 2.88208 0.052734
0.680183 0.444025 0.58326
0 0 0 0
0.659912 0.379822
0.040527 2.888672 0.057861
0.377152 0.75309 0.539084
0 0 0 0
0.670471 0.37738
0.052734 2.88208 0.062988
0.583952 0.444614 0.679204
0 0 0 0
0.663452 0.374756
0.041016 2.88208 0.071045
0.439551 0.444768 0.780369
0 0 0 0
0.667847 0.370361
0.018311 2.888672 0.068115
0.17122 0.753617 0.634623
0 0 0 0
0.67865 0.371704
0.028076 2.88208 0.077148
0.31675 0.44398 0.838183
0 0 0 0
0.672974 0.366821
0.01416 2.88208 0.080811
0.146247 0.444107 0.883957
0 0 0 0
0.678589 0.364197
-0.006104 2.888672 0.070312
-0.056593 0.753318 0.655216
0 0 0 0
0.688293 0.369141
0 2.88208 0.082031
0.00942 0.445438 0.895263
0 0 0 0
0.68457 0.36261
-0.01416 2.88208 0.080811
-0.164895 0.443741 0.880854
0 0 0 0
0.690796 0.362061
-0.029785 2.888672 0.063965
-0.277763 0.75428 0.594903
0 0 0 0
0.698181 0.369995
-0.028076 2.88208 0.077148
-0.296112 0.444832 0.845247
0 0 0 0
0.69696 0.36261
-0.041016 2.88208 0.071045
-0.456626 0.443617 0.771165
0 0 0 0
0.703003 0.364258
-0.049805 2.888672 0.049805
-0.464932 0.753593 0.464689
0 0 0 0
0.707214 0.374268
-0.052734 2.88208 0.062988
-0.568487 0.443852 0.692689
0 0 0 0
0.708618 0.366882
-0.062988 2.88208 0.052734
-0.691819 0.444478 0.569057
0 0 0 0
0.713684 0.370422
-0.063965 2.888672 0.029785
-0.595317 0.754363 0.276647
0 0 0 0
0.714233 0.381287
-0.071045 2.88208 0.041016
-0.770422 0.444792 0.456739
0 0 0 0
0.718079 0.374878
-0.077148 2.88208 0.028076
-0.845093 0.444258 0.297409
0 0 0 0
0.721619 0.379944
-0.080811 2.88208 0.01416
-0.880774 0.444079 0.164413
0 0 0 0
0.724243 0.385559
-0.085205 2.856201 0.014893
-0.983209 0.060326 0.172226
0 0 0 0
0.737427 0.380798
-0.086426 2.856201 0
-0.99822 0.059639 0.000351
0 0 0 0
0.739685 0.389221
-0.085205 2.856201 -0.014893
-0.983209 0.060326 -0.172226
0 0 0 0
0.740417 0.397827
-0.081299 2.856201 -0.029541
-0.938282 0.059987 -0.34063
0 0 0 0
0.739624 0.406433
-0.074951 2.856201 -0.043213
-0.865068 0.058628 -0.498217
0 0 0 0
0.737366 0.414795
-0.066162 2.856201 -0.055664
-0.765142 0.058857 -0.641166
0 0 0 0
0.733704 0.422668
-0.055664 2.856201 -0.066162
-0.642612 0.061016 -0.763758
0 0 0 0
0.728699 0.429749
-0.043213 2.856201 -0.074951
-0.497951 0.060075 -0.865122
0 0 0 0
0.722595 0.435852
-0.029541 2.856201 -0.081299
-0.341569 0.058516 -0.938033
0 0 0 0
0.715454 0.440796
-0.014893 2.856201 -0.085205
-0.172079 0.059195 -0.983303
0 0 0 0
0.707642 0.444458
0 2.856201 -0.086426
-0.001382 0.059418 -0.998232
0 0 0 0
0.69928 0.446655
0.014893 2.856201 -0.085205
0.172079 0.059195 -0.983303
0 0 0 0
0.690613 0.447388
0.029541 2.856201 -0.081299
0.341569 0.058516 -0.938033
0 0 0 0
0.682007 0.446655
0.043213 2.856201 -0.074951
0.497951 0.060075 -0.865122
0 0 0 0
0.673645 0.444397
0.055664 2.856201 -0.066162
0.642612 0.061016 -0.763758
0 0 0 0
0.665833 0.440674
0.066162 2.856201 -0.055664
0.765142 0.058857 -0.641166
0 0 0 0
0.658752 0.43573
0.074951 2.856201 -0.043213
0.865068 0.058628 -0.498217
0 0 0 0
0.652588 0.429565
0.081299 2.856201 -0.029541
0.938282 0.059987 -0.34063
0 0 0 0
0.647644 0.422485
0.085205 2.856201 -0.014893
0.983209 0.060326 -0.172225
0 0 0 0
0.644043 0.414612
0.086426 2.856201 0
0.99822 0.059639 -0.000351
0 0 0 0
0.641785 0.40625
0.085205 2.856201 0.014893
0.983209 0.060326 0.172225
0 0 0 0
0.641052 0.397644
0.081299 2.856201 0.029541
0.938282 0.059987 0.34063
0 0 0 0
0.641846 0.389038
0.074951 2.856201 0.043213
0.865068 0.058628 0.498217
0 0 0 0
0.644104 0.380676
0.066162 2.856201 0.055664
0.765142 0.058857 0.641166
0 0 0 0
0.647766 0.372803
0.055664 2.856201 0.066162
0.642612 0.061016 0.763758
0 0 0 0
0.65271 0.365723
0.043213 2.856201 0.074951
0.497951 0.060075 0.865122
0 0 0 0
0.658875 0.359619
0.029541 2.856201 0.081299
0.341569 0.058516 0.938033
0 0 0 0
0.665955 0.354675
0.014893 2.856201 0.085205
0.172079 0.059195 0.983303
0 0 0 0
0.673828 0.351013
0 2.856201 0.086426
0.001382 0.059418 0.998232
0 0 0 0
0.68219 0.348816
-0.014893 2.856201 0.085205
-0.172079 0.059195 0.983303
0 0 0 0
0.690796 0.348022
-0.029541 2.856201 0.081299
-0.341569 0.058516 0.938033
0 0 0 0
0.699463 0.348816
-0.043213 2.856201 0.074951
-0.497951 0.060075 0.865122
0 0 0 0
0.707825 0.351074
-0.055664 2.856201 0.066162
-0.642612 0.061016 0.763758
0 0 0 0
0.715637 0.354736
-0.066162 2.856201 0.055664
-0.765142 0.058857 0.641166
0 0 0 0
0.722717 0.359741
-0.074951 2.856201 0.043213
-0.865068 0.058628 0.498217
0 0 0 0
0.728821 0.365845
-0.081299 2.856201 0.029541
-0.938282 0.059987 0.34063
0 0 0 0
0.733765 0.372986
-0.080078 2.832764 0.029053
-0.918484 -0.209003 0.335715
0 0 0 0
0.744507 0.366821
-0.08374 2.832764 0.014893
-0.963199 -0.208288 0.169894
0 0 0 0
0.749084 0.376648
-0.085205 2.832764 0
-0.978101 -0.208127 -0.000804
0 0 0 0
0.751831 0.387085
-0.08374 2.832764 -0.014893
-0.963199 -0.208288 -0.169894
0 0 0 0
0.752747 0.397827
-0.080078 2.832764 -0.029053
-0.918484 -0.209003 -0.335715
0 0 0 0
0.75177 0.40863
-0.07373 2.832764 -0.04248
-0.847716 -0.20865 -0.487691
0 0 0 0
0.748962 0.419067
-0.065186 2.832764 -0.054688
-0.749642 -0.208303 -0.628209
0 0 0 0
0.744385 0.428833
-0.054688 2.832764 -0.065186
-0.629505 -0.208112 -0.748607
0 0 0 0
0.738159 0.437683
-0.04248 2.832764 -0.07373
-0.490125 -0.208535 -0.84634
0 0 0 0
0.73053 0.445312
-0.029053 2.832764 -0.080078
-0.334449 -0.209877 -0.918747
0 0 0 0
0.721619 0.451538
-0.014893 2.832764 -0.08374
-0.168465 -0.209554 -0.963175
0 0 0 0
0.711853 0.456055
0 2.832764 -0.085205
-0.001375 -0.207605 -0.978212
0 0 0 0
0.701355 0.458862
0.014893 2.832764 -0.08374
0.168465 -0.209554 -0.963175
0 0 0 0
0.690613 0.459778
0.029053 2.832764 -0.080078
0.334449 -0.209877 -0.918747
0 0 0 0
0.67981 0.458801
-0.011963 3.243164 -0.011963
-0.493862 0.713888 -0.496452
0 0 0 0
0.722046 0.041138
-0.016602 3.243408 0
-0.700213 0.713924 -0.003691
0 0 0 0
0.726746 0.036255
-0.024902 3.232666 0
-0.925101 0.379654 -0.007177
0 0 0 0
0.734192 0.042542
-0.017578 3.232666 -0.017578
-0.652871 0.37864 -0.656042
0 0 0 0
0.725342 0.047546
-0.031006 3.211914 0
-0.990344 0.138393 -0.008186
0 0 0 0
0.740601 0.055481
-0.022217 3.211914 -0.021973
-0.699848 0.13895 -0.700647
0 0 0 0
0.728271 0.058655
-0.022461 3.189209 -0.022217
-0.703941 -0.054936 -0.70813
0 0 0 0
0.729187 0.070801
-0.031494 3.189209 0
-0.998534 -0.053895 -0.004914
0 0 0 0
0.742371 0.070129
-0.020264 3.166992 -0.020264
-0.68743 -0.227449 -0.689715
0 0 0 0
0.728638 0.082886
-0.028564 3.166992 0
-0.97397 -0.226573 -0.006802
0 0 0 0
0.740601 0.083923
-0.015869 3.152588 -0.015625
-0.646285 -0.40283 -0.648107
0 0 0 0
0.727844 0.091492
-0.022217 3.152588 0
-0.915832 -0.401474 -0.00837
0 0 0 0
0.737793 0.092712
0 3.166992 -0.02832
-0.026092 -0.226591 -0.97364
0 0 0 0
0.716553 0.083313
0 3.152588 -0.021973
-0.025712 -0.399209 -0.916499
0 0 0 0
0.716858 0.091797
0 3.189209 -0.03125
-0.026254 -0.05389 -0.998202
0 0 0 0
0.716187 0.071533
0 3.211914 -0.030762
-0.026202 0.136527 -0.99029
0 0 0 0
0.71582 0.060059
0 3.232666 -0.024658
-0.025771 0.378421 -0.925275
0 0 0 0
0.715515 0.049255
0.04248 2.832764 -0.07373
0.490125 -0.208535 -0.84634
0 0 0 0
0.669373 0.455994
0.054688 2.832764 -0.065186
0.629505 -0.208112 -0.748607
0 0 0 0
0.659607 0.451416
0.065186 2.832764 -0.054688
0.749642 -0.208303 -0.628209
0 0 0 0
0.650757 0.44519
0.07373 2.832764 -0.04248
0.847716 -0.20865 -0.487691
0 0 0 0
0.643127 0.4375
0.080078 2.832764 -0.029053
0.918484 -0.209003 -0.335714
0 0 0 0
0.636963 0.42865
0.08374 2.832764 -0.014893
0.963199 -0.208288 -0.169894
0 0 0 0
0.632385 0.418823
0.085205 2.832764 0
0.978101 -0.208127 0.000804
0 0 0 0
0.629639 0.408386
0.08374 2.832764 0.014893
0.963199 -0.208288 0.169894
0 0 0 0
0.628723 0.397583
0.080078 2.832764 0.029053
0.918484 -0.209003 0.335714
0 0 0 0
0.629639 0.386841
0.07373 2.832764 0.04248
0.847716 -0.20865 0.487691
0 0 0 0
0.632507 0.376404
0.065186 2.832764 0.054688
0.749642 -0.208303 0.628209
0 0 0 0
0.637085 0.366577
0.054688 2.832764 0.065186
0.629505 -0.208112 0.748607
0 0 0 0
0.643311 0.357788
0.04248 2.832764 0.07373
0.490125 -0.208535 0.84634
0 0 0 0
0.65094 0.350098
0.029053 2.832764 0.080078
0.334449 -0.209877 0.918747
0 0 0 0
0.65979 0.343933
0.014893 2.832764 0.08374
0.168465 -0.209554 0.963175
0 0 0 0
0.669617 0.339417
0 2.832764 0.085205
-0.001375 -0.207605 0.978212
0 0 0 0
0.680054 0.336609
-0.014893 2.832764 0.08374
-0.168465 -0.209554 0.963175
0 0 0 0
0.690857 0.335693
-0.029053 2.832764 0.080078
-0.334449 -0.209877 0.918747
0 0 0 0
0.701599 0.33667
-0.04248 2.832764 0.07373
-0.490125 -0.208535 0.84634
0 0 0 0
0.712036 0.339478
-0.054688 2.832764 0.065186
-0.629505 -0.208112 0.748607
0 0 0 0
0.721863 0.344055
-0.065186 2.832764 0.054688
-0.749642 -0.208303 0.628209
0 0 0 0
0.730713 0.350281
-0.07373 2.832764 0.04248
-0.847716 -0.20865 0.487691
0 0 0 0
0.738342 0.35791
-0.069092 2.826416 0.039795
-0.402393 -0.88221 0.24451
0 0 0 0
0.741394 0.355408
-0.074951 2.826416 0.027344
-0.445819 -0.882197 0.151571
0 0 0 0
0.747925 0.364807
-0.078613 2.826416 0.013916
-0.462791 -0.881653 0.092258
0 0 0 0
0.752808 0.375244
-0.079834 2.826416 0
-0.471014 -0.882045 -0.011924
0 0 0 0
0.755737 0.386414
-0.078613 2.826416 -0.013916
-0.46658 -0.881542 -0.072016
0 0 0 0
0.756714 0.397827
-0.074951 2.826416 -0.027344
-0.439247 -0.88167 -0.172394
0 0 0 0
0.755737 0.409302
-0.069092 2.826416 -0.039795
-0.412478 -0.882335 -0.2266
0 0 0 0
0.752686 0.42041
-0.061035 2.826416 -0.05127
-0.354549 -0.882457 -0.309135
0 0 0 0
0.747803 0.430847
-0.05127 2.826416 -0.061035
-0.310624 -0.881808 -0.354864
0 0 0 0
0.741211 0.440247
-0.039795 2.826416 -0.069092
-0.2266 -0.881998 -0.413197
0 0 0 0
0.733032 0.448364
-0.027344 2.826416 -0.074951
-0.169976 -0.882705 -0.43811
0 0 0 0
0.723633 0.454956
-0.013916 2.826416 -0.078613
-0.0722 -0.881783 -0.466096
0 0 0 0
0.713196 0.459778
0 2.826416 -0.079834
-0.010665 -0.882829 -0.469574
0 0 0 0
0.702087 0.462769
0.013916 2.826416 -0.078613
0.090983 -0.882653 -0.461135
0 0 0 0
0.690613 0.463745
0.027344 2.826416 -0.074951
0.151591 -0.882519 -0.445174
0 0 0 0
0.679138 0.462708
0.039795 2.826416 -0.069092
0.244148 -0.882866 -0.401173
0 0 0 0
0.66803 0.459717
0.05127 2.826416 -0.061035
0.293927 -0.881781 -0.368876
0 0 0 0
0.657593 0.454834
0.061035 2.826416 -0.05127
0.36812 -0.881932 -0.29442
0 0 0 0
0.648193 0.448242
0.069092 2.826416 -0.039795
0.402393 -0.88221 -0.24451
0 0 0 0
0.640076 0.440063
0.074951 2.826416 -0.027344
0.445819 -0.882197 -0.151571
0 0 0 0
0.633484 0.430603
0.078613 2.826416 -0.013916
0.462791 -0.881653 -0.092258
0 0 0 0
0.628662 0.420166
0.079834 2.826416 0
0.471014 -0.882045 0.011924
0 0 0 0
0.625671 0.409058
0.078613 2.826416 0.013916
0.46658 -0.881542 0.072016
0 0 0 0
0.624695 0.397583
0.074951 2.826416 0.027344
0.439247 -0.88167 0.172394
0 0 0 0
0.625732 0.386169
0.069092 2.826416 0.039795
0.412478 -0.882335 0.2266
0 0 0 0
0.628723 0.375061
0.061035 2.826416 0.05127
0.354549 -0.882457 0.309135
0 0 0 0
0.633606 0.364624
0.05127 2.826416 0.061035
0.310624 -0.881808 0.354864
0 0 0 0
0.640259 0.355225
0.039795 2.826416 0.069092
0.2266 -0.881998 0.413197
0 0 0 0
0.648376 0.347107
0.027344 2.826416 0.074951
0.169976 -0.882705 0.43811
0 0 0 0
0.657837 0.340515
0.013916 2.826416 0.078613
0.0722 -0.881783 0.466096
0 0 0 0
0.668274 0.335632
0 2.826416 0.079834
0.010665 -0.882829 0.469574
0 0 0 0
0.679382 0.332703
-0.013916 2.826416 0.078613
-0.090983 -0.882653 0.461135
0 0 0 0
0.690857 0.331726
-0.027344 2.826416 0.074951
-0.151591 -0.882519 0.445174
0 0 0 0
0.702332 0.332764
-0.039795 2.826416 0.069092
-0.244148 -0.882866 0.401173
0 0 0 0
0.71344 0.335754
-0.05127 2.826416 0.061035
-0.293927 -0.881781 0.368876
0 0 0 0
0.723816 0.340637
-0.061035 2.826416 0.05127
-0.36812 -0.881932 0.29442
0 0 0 0
0.733276 0.347229
-0.02002 1.354248 0.042725
-0.411547 0.234596 0.880678
0 0 0 0
0.672363 0.226685
-0.004639 1.324707 0.054199
-0.086652 0.18018 0.979809
0 0 0 0
0.661682 0.209717
-0.00415 1.354248 0.046875
-0.083661 0.234525 0.968503
0 0 0 0
0.661682 0.226685
-0.022949 1.324707 0.049316
-0.415402 0.181486 0.891349
0 0 0 0
0.672302 0.209717
-0.033447 1.354248 0.033447
-0.687005 0.234928 0.687628
0 0 0 0
0.683105 0.226685
-0.03833 1.324707 0.03833
-0.696048 0.181965 0.694554
0 0 0 0
0.682922 0.209717
-0.042725 1.354248 0.02002
-0.881289 0.233385 0.410927
0 0 0 0
0.693787 0.226685
-0.049316 1.324707 0.022949
-0.891834 0.180227 0.41491
0 0 0 0
0.693542 0.209717
-0.046875 1.354248 0.00415
-0.968242 0.235188 0.08482
0 0 0 0
0.704529 0.226685
-0.054199 1.324707 0.004639
-0.979677 0.18044 0.087603
0 0 0 0
0.704163 0.209717
-0.045654 1.354248 -0.012207
-0.939083 0.235044 -0.250756
0 0 0 0
0.71521 0.226685
-0.05249 1.324707 -0.01416
-0.949706 0.18074 -0.255717
0 0 0 0
0.714844 0.209717
-0.038574 1.354248 -0.0271
-0.796482 0.235407 -0.556956
0 0 0 0
0.725952 0.226685
-0.044434 1.324707 -0.03125
-0.805568 0.182139 -0.563813
0 0 0 0
0.725525 0.209717
-0.0271 1.354248 -0.038574
-0.55688 0.234545 -0.796789
0 0 0 0
0.736633 0.226685
-0.03125 1.324707 -0.044434
-0.563593 0.179982 -0.806207
0 0 0 0
0.736206 0.209717
-0.012207 1.354248 -0.045654
-0.251797 0.235465 -0.938698
0 0 0 0
0.747314 0.226685
-0.01416 1.324707 -0.05249
-0.25524 0.181534 -0.949683
0 0 0 0
0.746887 0.209717
0.00415 1.354248 -0.046875
0.083661 0.234525 -0.968503
0 0 0 0
0.758057 0.226685
0.004639 1.324707 -0.054199
0.086652 0.18018 -0.979809
0 0 0 0
0.757568 0.209717
0.02002 1.354248 -0.042725
0.411548 0.234596 -0.880678
0 0 0 0
0.768738 0.226685
0.022949 1.324707 -0.049316
0.415402 0.181486 -0.891349
0 0 0 0
0.768311 0.209717
0.033447 1.354248 -0.033447
0.687005 0.234928 -0.687628
0 0 0 0
0.77948 0.226685
0.03833 1.324707 -0.03833
0.696048 0.181965 -0.694554
0 0 0 0
0.778992 0.209717
0.042725 1.354248 -0.02002
0.881289 0.233385 -0.410927
0 0 0 0
0.790161 0.226685
0.049316 1.324707 -0.022949
0.891834 0.180227 -0.41491
0 0 0 0
0.789734 0.209717
0.046875 1.354248 -0.00415
0.968242 0.235188 -0.08482
0 0 0 0
0.800903 0.226685
0.054199 1.324707 -0.004639
0.979677 0.18044 -0.087603
0 0 0 0
0.800476 0.209717
0.045654 1.354248 0.012207
0.939083 0.235044 0.250756
0 0 0 0
0.811584 0.226685
0.05249 1.324707 0.01416
0.949706 0.18074 0.255717
0 0 0 0
0.811218 0.209717
0.038574 1.354248 0.0271
0.796482 0.235407 0.556956
0 0 0 0
0.822327 0.226685
0.044434 1.324707 0.03125
0.805568 0.182139 0.563813
0 0 0 0
0.822021 0.209717
0.0271 1.354248 0.038574
0.55688 0.234545 0.796789
0 0 0 0
0.833008 0.226685
0.03125 1.324707 0.044434
0.563593 0.179982 0.806207
0 0 0 0
0.832825 0.209717
0.012207 1.354248 0.045654
0.251797 0.235465 0.938698
0 0 0 0
0.843689 0.226685
0.01416 1.324707 0.05249
0.25524 0.181534 0.949683
0 0 0 0
0.843628 0.209717
-0.00415 1.354248 0.046875
-0.083661 0.234525 0.968503
0 0 0 0
0.854431 0.226685
-0.004639 1.324707 0.054199
-0.086652 0.18018 0.979809
0 0 0 0
0.854431 0.209717
0.016113 1.276367 0.059814
0.255708 0.138109 0.956838
0 0 0 0
0.843323 0.182495
-0.005371 1.276367 0.061523
-0.086805 0.136408 0.986842
0 0 0 0
0.854431 0.182678
0.016357 1.263184 0.060791
0.259033 0.012335 0.96579
0 0 0 0
0.843201 0.175171
-0.005371 1.263184 0.062744
-0.087008 0.01243 0.99613
0 0 0 0
0.854431 0.175415
0.016113 1.250244 0.060059
0.255547 -0.154421 0.954384
0 0 0 0
0.842834 0.167969
-0.005371 1.250244 0.061768
-0.086743 -0.155587 0.984006
0 0 0 0
0.854431 0.168213
0.009521 1.223877 0.054443
0.116516 -0.228919 0.966447
0 0 0 0
0.843689 0.152893
0 1.223877 0.05542
0.050799 -0.226536 0.972677
0 0 0 0
0.84906 0.152893
-0.009521 1.223877 0.054443
-0.21969 -0.227877 0.948582
0 0 0 0
0.854431 0.152893
0.019043 1.223877 0.052002
0.380935 -0.227484 0.896181
0 0 0 0
0.838379 0.152893
0.027588 1.223877 0.048096
0.442148 -0.228421 0.867369
0 0 0 0
0.833008 0.152893
0.035645 1.250244 0.050781
0.566723 -0.153844 0.809418
0 0 0 0
0.831665 0.167908
0.036133 1.263184 0.051514
0.573513 0.011866 0.819111
0 0 0 0
0.832092 0.175171
0.0354 1.276367 0.050537
0.567122 0.138162 0.811963
0 0 0 0
0.832275 0.182495
0.050537 1.276367 0.0354
0.811594 0.135878 0.568201
0 0 0 0
0.821289 0.182495
0.059814 1.276367 0.016113
0.956701 0.136985 0.256825
0 0 0 0
0.810425 0.182495
0.061523 1.276367 -0.005371
0.986818 0.137482 -0.085371
0 0 0 0
0.799561 0.182495
0.055908 1.276367 -0.026123
0.897751 0.136235 -0.418908
0 0 0 0
0.788757 0.182495
0.043701 1.276367 -0.043701
0.699933 0.136417 -0.701059
0 0 0 0
0.777954 0.182495
0.026123 1.276367 -0.055908
0.418807 0.136011 -0.897832
0 0 0 0
0.767212 0.182556
0.005371 1.276367 -0.061523
0.086805 0.136408 -0.986842
0 0 0 0
0.756531 0.182556
-0.016113 1.276367 -0.059814
-0.255707 0.138109 -0.956838
0 0 0 0
0.745789 0.182556
-0.0354 1.276367 -0.050537
-0.567122 0.138162 -0.811963
0 0 0 0
0.735168 0.182556
-0.050537 1.276367 -0.0354
-0.811594 0.135878 -0.568201
0 0 0 0
0.724487 0.182556
-0.059814 1.276367 -0.016113
-0.956701 0.136985 -0.256825
0 0 0 0
0.713867 0.182556
-0.061523 1.276367 0.005371
-0.986818 0.137482 0.085371
0 0 0 0
0.703308 0.182556
-0.055908 1.276367 0.026123
-0.897751 0.136235 0.418908
0 0 0 0
0.69281 0.182556
-0.043701 1.276367 0.043701
-0.699933 0.136417 0.701059
0 0 0 0
0.682373 0.182617
-0.026123 1.276367 0.055908
-0.418807 0.136011 0.897832
0 0 0 0
0.671997 0.182617
-0.005371 1.276367 0.061523
-0.086805 0.136408 0.986842
0 0 0 0
0.661682 0.182678
0.026611 1.263184 -0.056885
0.42244 0.012147 -0.906309
0 0 0 0
0.766968 0.175171
0.044434 1.263184 -0.044434
0.70641 0.011497 -0.70771
0 0 0 0
0.77771 0.175171
0.056885 1.263184 -0.026611
0.906052 0.010495 -0.423036
0 0 0 0
0.788513 0.175171
0.062744 1.263184 -0.005371
0.996076 0.011215 -0.087794
0 0 0 0
0.799316 0.175171
0.060791 1.263184 0.016357
0.966008 0.012061 0.258232
0 0 0 0
0.81012 0.175171
0.051514 1.263184 0.036133
0.81821 0.01104 0.574813
0 0 0 0
0.821045 0.175171
0.050781 1.250244 0.035645
0.80886 -0.155409 0.567093
0 0 0 0
0.820679 0.167908
0.04248 1.223877 0.035645
0.71237 -0.228211 0.663663
0 0 0 0
0.822327 0.152893
0.035645 1.223877 0.04248
0.663809 -0.228944 0.711998
0 0 0 0
0.827637 0.152893
0.048096 1.223877 0.027588
0.867411 -0.228884 0.441825
0 0 0 0
0.816956 0.152893
6176
2 1 0
3 2 0
3 4 2
4 5 2
6 5 4
7 6 4
8 6 7
9 8 7
9 10 8
10 11 8
10 12 11
12 13 11
12 14 13
14 15 13
16 15 14
17 16 14
17 18 16
18 19 16
20 19 18
21 20 18
22 20 21
23 22 21
23 24 22
24 25 22
24 26 25
26 27 25
26 28 27
28 29 27
30 29 28
31 30 28
31 32 30
32 33 30
34 33 32
35 34 32
36 34 35
37 36 35
37 38 36
38 39 36
38 40 39
40 41 39
40 42 41
42 43 41
44 43 42
45 44 42
45 46 44
46 47 44
48 47 46
49 48 46
50 48 49
51 50 49
51 52 50
52 53 50
52 54 53
54 55 53
54 56 55
56 57 55
60 59 58
59 61 58
61 59 62
59 63 62
63 64 62
64 65 62
64 66 65
66 67 65
67 66 68
66 69 68
68 69 70
69 71 70
70 71 72
71 73 72
73 74 72
74 75 72
75 74 76
74 77 76
77 78 76
78 79 76
78 80 79
80 81 79
81 80 82
80 83 82
82 83 84
83 85 84
84 85 86
85 87 86
87 88 86
88 89 86
89 88 90
88 91 90
91 92 90
92 93 90
92 94 93
94 95 93
95 94 96
94 97 96
96 97 98
97 99 98
98 99 100
99 101 100
101 102 100
102 103 100
103 102 104
102 105 104
105 106 104
106 107 104
106 108 107
108 109 107
109 108 110
108 111 110
110 111 112
111 113 112
112 113 114
113 115 114
118 117 116
117 119 116
117 120 119
120 121 119
121 122 119
122 123 119
119 123 116
123 124 116
124 123 125
123 126 125
125 126 127
126 128 127
127 128 129
128 130 129
130 131 129
131 132 129
131 133 132
133 134 132
134 133 135
133 136 135
136 137 135
137 138 135
138 137 139
137 140 139
139 140 141
140 142 141
141 142 143
142 144 143
144 145 143
145 146 143
145 147 146
147 148 146
148 147 149
147 150 149
150 151 149
151 152 149
152 151 153
151 154 153
153 154 155
154 156 155
155 156 157
156 158 157
158 159 157
159 160 157
159 161 160
161 162 160
162 161 163
161 164 163
164 165 163
165 166 163
166 165 167
165 168 167
167 168 169
168 170 169
169 170 171
170 172 171
172 173 171
173 174 171
173 175 174
175 176 174
177 175 173
178 177 173
178 173 172
179 178 172
180 179 172
170 180 172
181 180 170
168 181 170
182 181 168
165 182 168
182 165 164
183 182 164
184 183 164
161 184 164
184 161 159
185 184 159
185 159 158
186 185 158
187 186 158
156 187 158
188 187 156
154 188 156
189 188 154
151 189 154
189 151 150
190 189 150
191 190 150
147 191 150
191 147 145
192 191 145
192 145 144
193 192 144
194 193 144
142 194 144
195 194 142
140 195 142
196 195 140
137 196 140
196 137 136
197 196 136
198 197 136
133 198 136
198 133 131
199 198 131
199 131 130
200 199 130
201 200 130
128 201 130
202 201 128
126 202 128
122 202 126
123 122 126
205 204 203
204 205 206
207 204 206
207 206 208
209 207 208
210 209 208
211 210 208
212 210 211
213 212 211
214 212 213
215 214 213
214 215 216
217 214 216
218 217 216
219 218 216
218 219 220
221 218 220
221 220 222
223 221 222
224 223 222
225 224 222
226 224 225
227 226 225
228 226 227
229 228 227
228 229 230
231 228 230
232 231 230
233 232 230
232 233 234
235 232 234
235 234 236
239 238 237
240 239 237
241 239 240
242 241 240
243 241 242
244 243 242
245 243 244
246 245 244
247 245 246
248 247 246
249 247 248
250 249 248
251 249 250
252 251 250
253 251 252
254 253 252
255 253 254
256 255 254
255 257 253
257 258 253
258 259 253
253 259 251
259 260 251
260 261 251
251 261 249
261 262 249
262 263 249
249 263 247
263 264 247
264 265 247
247 265 245
265 266 245
266 267 245
245 267 243
267 268 243
268 269 243
243 269 241
269 270 241
270 271 241
241 271 239
271 272 239
272 273 239
239 273 238
273 274 238
274 275 238
238 275 276
275 277 276
277 278 276
276 278 279
278 280 279
280 281 279
279 281 282
281 283 282
283 284 282
282 284 285
284 286 285
286 287 285
285 287 288
287 289 288
289 290 288
293 292 291
292 294 291
291 294 295
294 296 295
295 296 297
296 298 297
297 298 299
298 300 299
299 300 301
300 302 301
301 302 303
302 304 303
303 304 305
304 306 305
305 306 307
306 308 307
307 308 309
308 310 309
309 310 311
310 312 311
311 312 313
312 314 313
313 314 315
314 316 315
315 316 317
316 318 317
317 318 319
318 320 319
319 320 321
320 322 321
321 322 323
322 324 323
323 324 325
324 326 325
325 326 327
326 328 327
327 328 329
328 330 329
329 330 331
330 332 331
331 332 333
332 334 333
333 334 335
334 336 335
335 336 337
336 338 337
337 338 339
338 340 339
339 340 341
340 342 341
341 342 343
342 344 343
343 344 345
344 346 345
345 346 347
346 348 347
347 348 349
348 350 349
349 350 351
350 352 351
351 352 353
352 354 353
353 354 355
354 356 355
355 356 357
356 358 357
357 358 359
358 360 359
359 360 361
360 362 361
361 362 363
362 364 363
362 365 364
365 366 364
365 367 366
367 368 366
369 367 365
370 369 365
371 369 370
372 371 370
373 371 372
374 373 372
375 373 374
376 375 374
377 375 376
378 377 376
379 377 378
380 379 378
381 379 380
382 381 380
383 381 382
384 383 382
385 383 384
386 385 384
387 385 386
388 387 386
389 387 388
390 389 388
391 389 390
392 391 390
393 391 392
394 393 392
395 393 394
396 395 394
397 395 396
398 397 396
399 397 398
400 399 398
401 399 400
402 401 400
402 400 296
296 400 298
298 400 300
400 398 300
300 398 302
302 398 304
398 396 304
304 396 306
306 396 308
396 394 308
308 394 310
310 394 312
394 392 312
312 392 314
314 392 316
392 390 316
316 390 318
318 390 320
390 388 320
320 388 322
322 388 324
388 386 324
324 386 326
326 386 328
386 384 328
328 384 330
330 384 332
384 382 332
332 382 334
334 382 336
382 380 336
336 380 338
338 380 340
380 378 340
340 378 342
342 378 344
378 376 344
344 376 346
346 376 348
376 374 348
348 374 350
350 374 352
374 372 352
352 372 354
354 372 356
372 370 356
356 370 358
358 370 360
370 365 360
360 365 362
294 402 296
292 402 294
405 404 403
404 406 403
403 406 407
406 408 407
407 408 409
408 410 409
409 410 411
410 412 411
411 412 413
412 414 413
413 414 415
414 416 415
415 416 417
416 418 417
417 418 419
418 420 419
419 420 421
420 422 421
421 422 423
422 424 423
423 424 425
424 426 425
425 426 427
426 428 427
427 428 429
428 430 429
429 430 431
430 432 431
431 432 433
432 434 433
433 434 435
434 436 435
435 436 437
436 438 437
439 235 236
440 439 236
441 440 236
442 440 441
443 442 441
444 442 443
445 444 443
444 445 446
447 444 446
448 447 446
449 448 446
448 449 450
451 448 450
451 450 452
453 451 452
454 453 452
455 454 452
456 454 455
457 456 455
458 456 457
459 458 457
458 459 203
460 458 203
204 460 203
204 461 460
461 204 207
462 461 207
462 207 209
463 462 209
464 463 209
210 464 209
465 464 210
212 465 210
466 465 212
214 466 212
466 214 217
467 466 217
468 467 217
218 468 217
468 218 221
469 468 221
469 221 223
470 469 223
471 470 223
224 471 223
472 471 224
226 472 224
473 472 226
228 473 226
473 228 231
474 473 231
475 474 231
232 475 231
475 232 235
476 475 235
476 235 439
477 476 439
478 477 439
440 478 439
479 478 440
442 479 440
480 479 442
444 480 442
480 444 447
481 480 447
482 481 447
448 482 447
482 448 451
483 482 451
483 451 453
484 483 453
485 484 453
454 485 453
486 485 454
456 486 454
487 486 456
458 487 456
487 458 460
488 487 460
461 488 460
461 489 488
489 490 488
490 491 488
491 487 488
487 491 486
491 492 486
486 492 485
492 493 485
485 493 484
493 494 484
494 495 484
495 483 484
495 496 483
496 482 483
482 496 481
496 497 481
497 498 481
498 480 481
480 498 479
498 499 479
479 499 478
499 500 478
478 500 477
500 501 477
501 502 477
502 476 477
502 503 476
503 475 476
475 503 474
503 504 474
504 505 474
505 473 474
473 505 472
505 506 472
472 506 471
506 507 471
471 507 470
507 508 470
508 509 470
509 469 470
509 510 469
510 468 469
468 510 467
510 511 467
511 512 467
512 466 467
466 512 465
512 513 465
465 513 464
513 514 464
464 514 463
514 515 463
515 516 463
516 462 463
516 489 462
489 461 462
519 518 517
520 519 517
521 519 520
522 521 520
523 521 522
524 523 522
525 523 524
526 525 524
527 525 526
528 527 526
529 527 528
530 529 528
531 529 530
532 531 530
533 531 532
534 533 532
535 533 534
536 535 534
537 535 536
538 537 536
539 537 538
540 539 538
541 539 540
542 541 540
543 541 542
544 543 542
545 543 544
546 545 544
547 545 546
548 547 546
549 547 548
550 549 548
551 549 550
552 551 550
553 551 552
554 553 552
553 554 555
556 553 555
557 556 555
558 557 555
559 557 558
560 559 558
561 559 560
562 561 560
563 561 562
564 563 562
565 563 564
566 565 564
567 565 566
568 567 566
567 568 569
570 567 569
571 570 569
572 571 569
573 571 572
574 573 572
577 576 575
578 577 575
579 578 575
580 579 575
581 579 580
582 581 580
583 581 582
584 583 582
583 584 585
586 583 585
586 585 587
588 586 587
589 588 587
590 589 587
589 590 591
592 589 591
593 592 591
594 593 591
595 593 594
596 595 594
597 595 596
598 597 596
597 598 599
600 597 599
600 599 601
602 600 601
603 602 601
604 603 601
603 604 605
606 603 605
607 606 605
608 607 605
609 607 608
610 609 608
611 609 610
612 611 610
611 612 613
614 611 613
614 613 615
616 614 615
617 616 615
618 617 615
617 618 619
620 617 619
621 620 619
622 621 619
623 621 622
624 623 622
625 623 624
626 625 624
625 626 627
628 625 627
628 627 629
630 628 629
631 630 629
632 631 629
635 634 633
635 633 636
633 637 636
636 637 638
639 636 638
639 638 640
641 639 640
641 640 642
437 438 643
438 644 643
643 644 645
644 646 645
645 646 647
646 648 647
647 648 649
648 650 649
649 650 651
650 652 651
651 652 653
652 654 653
653 654 655
654 656 655
655 656 657
656 658 657
657 658 659
658 660 659
659 660 661
660 662 661
661 662 663
662 664 663
663 664 665
664 666 665
665 666 667
666 668 667
667 668 669
668 670 669
669 670 671
670 672 671
671 672 673
672 674 673
673 674 675
674 676 675
675 676 677
676 678 677
677 678 679
678 680 679
683 682 681
682 684 681
681 684 685
685 684 686
684 687 686
686 687 688
688 687 689
687 690 689
689 690 691
691 690 692
690 693 692
692 693 694
694 693 695
693 696 695
695 696 697
697 696 698
696 699 698
698 699 700
700 699 701
699 702 701
701 702 703
703 702 704
702 705 704
704 705 706
706 705 707
705 708 707
707 708 709
709 708 710
708 711 710
710 711 712
712 711 713
711 714 713
713 714 715
715 714 716
714 717 716
716 717 718
718 717 719
717 720 719
719 720 721
721 720 722
720 723 722
722 723 724
724 723 725
723 726 725
725 726 727
727 726 728
726 729 728
728 729 730
730 729 731
729 732 731
731 732 733
733 732 734
732 682 734
734 682 683
737 736 735
738 737 735
739 737 738
740 739 738
741 740 738
742 740 741
743 742 741
744 743 741
745 743 744
746 745 744
747 746 744
748 746 747
749 748 747
750 749 747
751 749 750
752 751 750
753 752 750
754 752 753
755 754 753
756 755 753
757 755 756
758 757 756
759 758 756
760 758 759
761 760 759
762 761 759
763 761 762
764 763 762
765 764 762
766 764 765
767 766 765
768 767 765
769 767 768
770 769 768
771 770 768
772 770 771
773 772 771
774 773 771
775 773 774
776 775 774
777 776 774
778 776 777
779 778 777
780 779 777
781 779 780
782 781 780
783 782 780
784 782 783
785 784 783
786 785 783
787 785 786
788 787 786
735 788 786
736 788 735
791 790 789
790 792 789
789 792 793
792 794 793
793 794 795
794 796 795
795 796 797
796 798 797
797 798 799
798 800 799
799 800 801
800 802 801
801 802 803
802 804 803
803 804 805
804 806 805
805 806 807
806 808 807
807 808 809
808 810 809
809 810 811
810 812 811
811 812 813
812 814 813
813 814 815
814 816 815
815 816 817
816 818 817
817 818 819
818 820 819
819 820 821
820 822 821
821 822 823
822 824 823
823 824 825
824 826 825
825 826 827
826 828 827
827 828 829
828 830 829
829 830 831
830 832 831
831 832 833
832 834 833
833 834 835
834 836 835
835 836 837
836 838 837
837 838 839
838 840 839
839 840 841
840 842 841
841 842 843
842 844 843
843 844 845
844 846 845
845 846 847
846 848 847
847 848 849
848 850 849
849 850 851
850 852 851
851 852 853
852 854 853
853 854 855
854 856 855
855 856 857
856 858 857
857 858 859
858 860 859
859 860 861
860 862 861
860 863 862
863 864 862
865 863 860
858 865 860
866 865 858
856 866 858
867 866 856
854 867 856
868 867 854
852 868 854
869 868 852
850 869 852
870 869 850
848 870 850
871 870 848
846 871 848
872 871 846
844 872 846
873 872 844
842 873 844
874 873 842
840 874 842
875 874 840
838 875 840
876 875 838
836 876 838
877 876 836
834 877 836
878 877 834
832 878 834
879 878 832
830 879 832
880 879 830
828 880 830
881 880 828
826 881 828
882 881 826
824 882 826
640 883 642
642 883 884
885 642 884
885 884 886
884 887 886
886 887 888
889 886 888
889 888 890
888 891 890
890 891 892
893 890 892
893 892 894
895 893 894
895 894 896
894 897 896
896 897 898
899 896 898
899 898 634
898 900 634
634 900 633
633 900 901
902 633 901
637 633 902
903 637 902
904 637 903
638 637 904
905 638 904
906 638 905
638 906 907
640 638 907
908 640 907
883 640 908
909 883 908
910 883 909
884 883 910
911 884 910
912 884 911
884 912 913
887 884 913
914 887 913
887 914 915
888 887 915
916 888 915
891 888 916
917 891 916
918 891 917
892 891 918
919 892 918
920 892 919
892 920 921
894 892 921
922 894 921
897 894 922
923 897 922
924 897 923
898 897 924
925 898 924
926 898 925
898 926 927
900 898 927
928 900 927
900 928 901
931 930 929
932 929 930
932 930 933
934 932 933
935 934 933
935 933 936
937 935 936
938 937 936
938 936 939
936 940 939
941 939 940
941 940 942
943 941 942
944 943 942
944 942 945
946 944 945
947 946 945
947 945 948
945 949 948
950 948 949
950 949 951
949 952 951
953 951 952
953 952 954
955 953 954
956 955 954
956 954 957
958 956 957
959 958 957
959 957 960
957 961 960
962 960 961
962 961 963
964 962 963
965 964 963
965 963 966
967 965 966
968 967 966
968 966 969
966 931 969
970 969 931
970 931 929
973 972 971
972 974 971
974 975 971
975 976 971
976 975 977
975 978 977
977 978 979
978 980 979
979 980 981
980 982 981
982 983 981
983 984 981
984 983 985
983 986 985
985 986 987
986 988 987
988 989 987
989 990 987
990 989 991
989 992 991
991 992 993
992 994 993
993 994 995
994 996 995
996 997 995
997 998 995
998 997 999
997 1000 999
999 1000 1001
1000 1002 1001
1002 1003 1001
1003 1004 1001
1004 1003 1005
1003 1006 1005
1005 1006 1007
1006 1008 1007
1007 1008 1009
1008 1010 1009
1010 1011 1009
1011 1012 1009
1012 1011 1013
1011 1014 1013
1013 1014 1015
1014 1016 1015
1016 1017 1015
1017 1018 1015
1018 1017 1019
1017 1020 1019
1019 1020 1021
1020 1022 1021
1021 1022 1023
1022 1024 1023
1024 1025 1023
1025 1026 1023
1026 1025 973
1025 972 973
1027 972 1025
1028 1027 1025
1028 1025 1024
1029 1028 1024
1030 1029 1024
1022 1030 1024
1031 1030 1022
1020 1031 1022
1032 1031 1020
1017 1032 1020
1032 1017 1016
1033 1032 1016
1034 1033 1016
1014 1034 1016
1034 1014 1011
1035 1034 1011
1035 1011 1010
1036 1035 1010
1037 1036 1010
1008 1037 1010
1038 1037 1008
1006 1038 1008
1039 1038 1006
1003 1039 1006
1039 1003 1002
1040 1039 1002
1041 1040 1002
1000 1041 1002
1041 1000 997
1042 1041 997
1042 997 996
1043 1042 996
1044 1043 996
994 1044 996
1045 1044 994
992 1045 994
1046 1045 992
989 1046 992
1046 989 988
1047 1046 988
1048 1047 988
986 1048 988
1048 986 983
1049 1048 983
1049 983 982
1050 1049 982
1051 1050 982
980 1051 982
1052 1051 980
978 1052 980
1053 1052 978
975 1053 978
1053 975 974
1054 1053 974
1027 1054 974
972 1027 974
1057 1056 1055
1057 1055 1058
1055 1059 1058
1058 1059 1060
1058 1060 1061
1060 1062 1061
1061 1062 1063
1061 1063 1064
1065 1061 1064
1065 1064 1066
1065 1066 1067
1068 1065 1067
1068 1067 1069
1068 1069 1070
1069 1071 1070
1070 1071 1072
1070 1072 1073
1074 1070 1073
1074 1073 1075
1074 1075 1076
1077 1074 1076
1077 1076 1078
1077 1078 1079
1078 1080 1079
1079 1080 1081
1079 1081 1082
1081 1083 1082
1082 1083 1084
1082 1084 1085
1086 1082 1085
1086 1085 1087
1086 1087 1088
1089 1086 1088
1089 1088 1090
1089 1090 1091
1090 1092 1091
1091 1092 1093
1091 1093 1094
1095 1091 1094
1095 1094 1096
1097 882 824
822 1097 824
1098 1097 822
820 1098 822
1099 1098 820
818 1099 820
1100 1099 818
816 1100 818
1101 1100 816
814 1101 816
1102 1101 814
812 1102 814
1103 1102 812
810 1103 812
1104 1103 810
808 1104 810
1105 1104 808
806 1105 808
1106 1105 806
804 1106 806
1107 1106 804
802 1107 804
1108 1107 802
800 1108 802
1109 1108 800
798 1109 800
1110 1109 798
796 1110 798
1111 1110 796
794 1111 796
1112 1111 794
792 1112 794
1113 1112 792
790 1113 792
1116 1115 1114
1115 1117 1114
1114 1117 1118
1118 1117 1119
1117 1120 1119
1119 1120 1121
1121 1120 1122
1120 1123 1122
1122 1123 1124
1124 1123 1125
1123 1126 1125
1125 1126 1127
1127 1126 1128
1126 1129 1128
1128 1129 1130
1130 1129 1131
1129 1132 1131
1131 1132 1133
1133 1132 1134
1132 1135 1134
1134 1135 1136
1136 1135 1137
1135 1138 1137
1137 1138 1139
1139 1138 1140
1138 1141 1140
1140 1141 1142
1142 1141 1143
1141 1144 1143
1143 1144 1145
1145 1144 1146
1144 1147 1146
1146 1147 1148
1148 1147 1149
1147 1150 1149
1149 1150 1151
1151 1150 1152
1150 1153 1152
1152 1153 1154
1154 1153 1155
1153 1156 1155
1155 1156 1157
1157 1156 1158
1156 1159 1158
1158 1159 1160
1160 1159 1161
1159 1162 1161
1161 1162 1163
1163 1162 1164
1162 1165 1164
1164 1165 1166
1166 1165 1167
1165 1115 1167
1167 1115 1116
1170 1169 1168
1169 1171 1168
1171 1172 1168
1168 1172 1173
1172 1174 1173
1174 1175 1173
1173 1175 1176
1175 1177 1176
1177 1178 1176
1176 1178 1179
1178 1180 1179
1180 1181 1179
1179 1181 1182
1181 1183 1182
1183 1184 1182
1182 1184 1185
1184 1186 1185
1186 1187 1185
1185 1187 1188
1187 1189 1188
1189 1190 1188
1188 1190 1191
1190 1192 1191
1192 1193 1191
1191 1193 1194
1193 1195 1194
1195 1196 1194
1194 1196 1197
1196 1198 1197
1198 1199 1197
1197 1199 1200
1199 1201 1200
1201 1202 1200
1200 1202 1203
1202 1204 1203
1204 1205 1203
1203 1205 1206
1205 1207 1206
1207 1208 1206
1206 1208 1209
1208 1210 1209
1210 1211 1209
1209 1211 1212
1211 1213 1212
1213 1214 1212
1212 1214 1215
1214 1216 1215
1216 1217 1215
1215 1217 1218
1217 1219 1218
1219 1220 1218
1218 1220 1170
1220 1221 1170
1221 1169 1170
1221 1222 1169
1222 1223 1169
1169 1223 1171
1223 1224 1171
1171 1224 1172
1224 1225 1172
1172 1225 1174
1225 1226 1174
1174 1226 1175
1226 1227 1175
1175 1227 1177
1227 1228 1177
1177 1228 1178
1228 1229 1178
1178 1229 1180
1229 1230 1180
1180 1230 1181
1230 1231 1181
1181 1231 1183
1231 1232 1183
1183 1232 1184
1232 1233 1184
1184 1233 1186
1233 1234 1186
1186 1234 1187
1234 1235 1187
1187 1235 1189
1235 1236 1189
1189 1236 1190
1236 1237 1190
1190 1237 1192
1237 1238 1192
1192 1238 1193
1238 1239 1193
1193 1239 1195
1239 1240 1195
1195 1240 1196
1240 1241 1196
1196 1241 1198
1241 1242 1198
1198 1242 1199
1242 1243 1199
1199 1243 1201
1243 1244 1201
1201 1244 1202
1244 1245 1202
1202 1245 1204
1245 1246 1204
1204 1246 1205
1246 1247 1205
1205 1247 1207
1247 1248 1207
1207 1248 1208
1248 1249 1208
1208 1249 1210
1249 1250 1210
1210 1250 1211
1250 1251 1211
1211 1251 1213
1251 1252 1213
1213 1252 1214
1252 1253 1214
1214 1253 1216
1253 1254 1216
1216 1254 1217
1254 1255 1217
1217 1255 1219
1255 1256 1219
1219 1256 1220
1256 1257 1220
1220 1257 1221
1257 1222 1221
1260 1259 1258
1259 1261 1258
1258 1261 1262
1261 1263 1262
1262 1263 1264
1263 1265 1264
1264 1265 1266
1265 1267 1266
1266 1267 1268
1267 1269 1268
1268 1269 1270
1269 1271 1270
1270 1271 1272
1271 1273 1272
1272 1273 1274
1273 1275 1274
1274 1275 1276
1275 1277 1276
1276 1277 1278
1277 1279 1278
1278 1279 1280
1279 1281 1280
1280 1281 1282
1281 1283 1282
1282 1283 1284
1283 1285 1284
1284 1285 1286
1285 1287 1286
1286 1287 1288
1287 1289 1288
1288 1289 1290
1289 1291 1290
1290 1291 1292
1291 1293 1292
1292 1293 1294
1293 1295 1294
1294 1295 1296
1295 1297 1296
1296 1297 1298
1297 1299 1298
1298 1299 1300
1299 1301 1300
1095 1096 1056
1057 1095 1056
1302 1095 1057
1302 1057 1058
1302 1058 1061
1302 1061 1065
1302 1065 1068
1302 1068 1070
1302 1070 1074
1302 1074 1077
1302 1077 1079
1302 1079 1082
1302 1082 1086
1302 1086 1089
1302 1089 1091
1302 1091 1095
1305 1304 1303
1306 1305 1303
1307 1305 1306
1308 1307 1306
1309 1307 1308
1310 1309 1308
1311 1309 1310
1312 1311 1310
1313 1311 1312
1314 1313 1312
1315 1313 1314
1316 1315 1314
1317 1315 1316
1318 1317 1316
1317 1318 1319
1320 1317 1319
1321 1320 1319
1322 1321 1319
1323 1321 1322
1324 1323 1322
1325 1323 1324
1326 1325 1324
1327 1325 1326
1328 1327 1326
1329 1327 1328
1330 1329 1328
1331 1329 1330
1332 1331 1330
1331 1332 1333
1334 1331 1333
1335 1334 1333
1336 1335 1333
1337 1335 1336
1338 1337 1336
1339 1337 1338
1340 1339 1338
1341 1339 1340
1342 1341 1340
1343 1341 1342
1344 1343 1342
1345 1343 1344
1346 1345 1344
1345 1346 1347
1348 1345 1347
1349 1348 1347
1350 1349 1347
1351 1349 1350
1352 1351 1350
1353 1351 1352
1354 1353 1352
1355 1353 1354
1356 1355 1354
1357 1355 1356
1358 1357 1356
1359 1357 1358
1360 1359 1358
1363 1362 1361
1364 1363 1361
1365 1363 1364
1366 1365 1364
1367 1365 1366
1368 1367 1366
1369 1367 1368
1370 1369 1368
1371 1369 1370
1372 1371 1370
1371 1372 1373
1374 1371 1373
1375 1374 1373
1376 1375 1373
1377 1375 1376
1378 1377 1376
1379 1377 1378
1380 1379 1378
1381 1379 1380
1382 1381 1380
1383 1381 1382
1384 1383 1382
1385 1383 1384
1386 1385 1384
1385 1386 1387
1388 1385 1387
1389 1388 1387
1390 1389 1387
1391 1389 1390
1392 1391 1390
1393 1391 1392
1394 1393 1392
1393 1394 1395
1396 1393 1395
1397 1396 1395
1398 1397 1395
1399 1397 1398
1400 1399 1398
1399 1400 1401
1402 1399 1401
1403 1402 1401
1404 1403 1401
1405 1403 1404
1406 1405 1404
1407 1405 1406
1408 1407 1406
1409 1407 1408
1410 1409 1408
1411 1409 1410
1412 1411 1410
1413 1411 1412
1414 1413 1412
1413 1414 1415
1416 1413 1415
1417 1416 1415
1418 1417 1415
1421 1420 1419
1420 1422 1419
1419 1422 1423
1422 1424 1423
1423 1424 1425
1424 1426 1425
1425 1426 1427
1428 1425 1427
1428 1427 1429
1430 1428 1429
1430 1429 1431
1432 1430 1431
1432 1431 1433
1434 1432 1433
1434 1433 1435
1433 1436 1435
1435 1436 1437
1436 1438 1437
1437 1438 1439
1438 1440 1439
1439 1440 1441
1440 1442 1441
1441 1442 1443
1444 1441 1443
1444 1443 1445
1446 1444 1445
1446 1445 1447
1448 1446 1447
1448 1447 1449
1450 1448 1449
1450 1449 1451
1449 1452 1451
1451 1452 1453
1452 1454 1453
1453 1454 1455
1454 1456 1455
1455 1456 1457
1456 1458 1457
1457 1458 1459
1460 1457 1459
1460 1459 1461
1462 1460 1461
1462 1461 1463
1464 1462 1463
1464 1463 1465
1466 1464 1465
1466 1465 1467
1465 1468 1467
1467 1468 1469
1468 1470 1469
1469 1470 1471
1470 1472 1471
1471 1472 1473
1472 1474 1473
1473 1474 1475
1476 1473 1475
1476 1475 1477
1478 1476 1477
1478 1477 1479
1480 1478 1479
1480 1479 1481
1482 1480 1481
1482 1481 1421
1481 1420 1421
1481 1483 1420
1481 1479 1483
1479 1484 1483
1479 1477 1484
1477 1485 1484
1477 1475 1485
1475 1486 1485
1475 1474 1486
1474 1487 1486
1487 1488 1486
1488 1489 1486
1486 1489 1485
1489 1490 1485
1485 1490 1484
1490 1491 1484
1484 1491 1483
1491 1492 1483
1483 1492 1420
1420 1492 1422
1492 1493 1422
1422 1493 1424
1493 1494 1424
1424 1494 1426
1494 1495 1426
1426 1495 1496
1427 1426 1496
1427 1496 1497
1429 1427 1497
1429 1497 1498
1431 1429 1498
1431 1498 1499
1433 1431 1499
1433 1499 1436
1499 1500 1436
1436 1500 1438
1500 1501 1438
1438 1501 1440
1501 1502 1440
1440 1502 1442
1502 1503 1442
1442 1503 1504
1443 1442 1504
1443 1504 1505
1445 1443 1505
1445 1505 1506
1447 1445 1506
1447 1506 1507
1449 1447 1507
1449 1507 1452
1507 1508 1452
1452 1508 1454
1508 1509 1454
1454 1509 1456
1509 1510 1456
1456 1510 1458
1510 1511 1458
1458 1511 1512
1459 1458 1512
1459 1512 1513
1461 1459 1513
1461 1513 1514
1463 1461 1514
1463 1514 1515
1465 1463 1515
1300 1301 1516
1301 1517 1516
1516 1517 1518
1517 1519 1518
1518 1519 1520
1519 1521 1520
1520 1521 1522
1521 1523 1522
1522 1523 1524
1523 1525 1524
1524 1525 1526
1525 1527 1526
1526 1527 1528
1527 1529 1528
1528 1529 1530
1529 1531 1530
1530 1531 1532
1531 1533 1532
1532 1533 1534
1533 1535 1534
1534 1535 1536
1535 1537 1536
1536 1537 1538
1537 1539 1538
1538 1539 1540
1539 1541 1540
1540 1541 1542
1541 1543 1542
1542 1543 1544
1543 1545 1544
1548 1547 1546
1547 1549 1546
1546 1549 1550
1549 1551 1550
1550 1551 1552
1551 1553 1552
1552 1553 1554
1553 1555 1554
1554 1555 1556
1555 1557 1556
1556 1557 1558
1557 1559 1558
1558 1559 1560
1559 1561 1560
1560 1561 1562
1561 1563 1562
1562 1563 1564
1563 1565 1564
1564 1565 1566
1565 1567 1566
1566 1567 1568
1567 1569 1568
1568 1569 1570
1569 1571 1570
1570 1571 1572
1571 1573 1572
1572 1573 1574
1573 1575 1574
1574 1575 1576
1575 1577 1576
1576 1577 1578
1577 1579 1578
1578 1579 1580
1579 1581 1580
1580 1581 1582
1581 1583 1582
1582 1583 1584
1583 1585 1584
1584 1585 1586
1585 1587 1586
1586 1587 1588
1587 1589 1588
1588 1589 1590
1589 1591 1590
1590 1591 1592
1591 1593 1592
1592 1593 1594
1593 1595 1594
1594 1595 1596
1595 1597 1596
1596 1597 1598
1597 1599 1598
1598 1599 1600
1599 1601 1600
1600 1601 1602
1601 1603 1602
1602 1603 1604
1603 1605 1604
1604 1605 1606
1605 1607 1606
1606 1607 1608
1607 1609 1608
1608 1609 1610
1609 1611 1610
1610 1611 1612
1611 1613 1612
1612 1613 1614
1613 1615 1614
1614 1615 1616
1615 1617 1616
1616 1617 1618
1617 1619 1618
1622 1621 1620
1621 1623 1620
1620 1623 1624
1623 1625 1624
1624 1625 1626
1625 1627 1626
1626 1627 1628
1627 1629 1628
1628 1629 1630
1629 1631 1630
1630 1631 1632
1631 1633 1632
1632 1633 1634
1633 1635 1634
1634 1635 1636
1635 1637 1636
1636 1637 1638
1637 1639 1638
1638 1639 1640
1639 1641 1640
1640 1641 1642
1641 1643 1642
1642 1643 1644
1643 1645 1644
1644 1645 1646
1645 1647 1646
1646 1647 1648
1647 1649 1648
1648 1649 1650
1649 1651 1650
1650 1651 1652
1651 1653 1652
1652 1653 1654
1653 1655 1654
1654 1655 1656
1655 1657 1656
1656 1657 1658
1657 1659 1658
1658 1659 1660
1659 1661 1660
1660 1661 1662
1661 1663 1662
1662 1663 1664
1663 1665 1664
1664 1665 1666
1665 1667 1666
1666 1667 1668
1667 1669 1668
1668 1669 1670
1669 1671 1670
1670 1671 1672
1671 1673 1672
1672 1673 1674
1673 1675 1674
1674 1675 1676
1675 1677 1676
1676 1677 1678
1677 1679 1678
1678 1679 1680
1679 1681 1680
1680 1681 1682
1681 1683 1682
1682 1683 1684
1683 1685 1684
1684 1685 1686
1685 1687 1686
1686 1687 1688
1687 1689 1688
1688 1689 1690
1689 1691 1690
1690 1691 1692
1691 1693 1692
1696 1695 1694
1695 1697 1694
1694 1697 1698
1697 1699 1698
1698 1699 1700
1699 1701 1700
1700 1701 1702
1701 1703 1702
1702 1703 1704
1703 1705 1704
1704 1705 1706
1705 1707 1706
1706 1707 1708
1707 1709 1708
1708 1709 1710
1709 1711 1710
1710 1711 1712
1711 1713 1712
1712 1713 1714
1713 1715 1714
1714 1715 1716
1715 1717 1716
1716 1717 1718
1717 1719 1718
1718 1719 1720
1719 1721 1720
1720 1721 1722
1721 1723 1722
1722 1723 1724
1723 1725 1724
1724 1725 1726
1725 1727 1726
1726 1727 1728
1727 1729 1728
1728 1729 1730
1729 1731 1730
1730 1731 1732
1731 1733 1732
1732 1733 1734
1733 1735 1734
1734 1735 1736
1735 1737 1736
1736 1737 1738
1737 1739 1738
1738 1739 1740
1739 1741 1740
1740 1741 1742
1741 1743 1742
1742 1743 1744
1743 1745 1744
1744 1745 1746
1745 1747 1746
1746 1747 1748
1747 1749 1748
1748 1749 1750
1749 1751 1750
1750 1751 1752
1751 1753 1752
1752 1753 1754
1753 1755 1754
1754 1755 1756
1755 1757 1756
1756 1757 1758
1757 1759 1758
1758 1759 1760
1759 1761 1760
1760 1761 1762
1761 1763 1762
1762 1763 1764
1763 1765 1764
1764 1765 1766
1765 1767 1766
1770 1769 1768
1769 1771 1768
1768 1771 1772
1771 1773 1772
1772 1773 1774
1773 1775 1774
1774 1775 1776
1775 1777 1776
1776 1777 1778
1777 1779 1778
1465 1515 1468
1515 1780 1468
1468 1780 1470
1780 1781 1470
1470 1781 1472
1781 1782 1472
1472 1782 1474
1782 1487 1474
1487 1782 1488
1782 1783 1488
1782 1781 1783
1781 1784 1783
1781 1780 1784
1780 1785 1784
1780 1515 1785
1515 1514 1785
1785 1514 1786
1514 1513 1786
1786 1513 1787
1513 1512 1787
1787 1512 1788
1512 1511 1788
1788 1511 1510
1789 1788 1510
1789 1510 1509
1790 1789 1509
1790 1509 1508
1791 1790 1508
1791 1508 1507
1506 1791 1507
1792 1791 1506
1505 1792 1506
1793 1792 1505
1504 1793 1505
1794 1793 1504
1503 1794 1504
1503 1502 1794
1502 1795 1794
1502 1501 1795
1501 1796 1795
1501 1500 1796
1500 1797 1796
1500 1499 1797
1499 1498 1797
1797 1498 1798
1498 1497 1798
1798 1497 1799
1497 1496 1799
1799 1496 1800
1496 1495 1800
1800 1495 1494
1801 1800 1494
1801 1494 1493
1802 1801 1493
1802 1493 1492
1491 1802 1492
1803 1802 1491
1490 1803 1491
1804 1803 1490
1489 1804 1490
1805 1804 1489
1488 1805 1489
1488 1783 1805
1783 1806 1805
1783 1784 1806
1784 1807 1806
1784 1785 1807
1785 1786 1807
1807 1786 1808
1786 1787 1808
1808 1787 1809
1787 1788 1809
1809 1788 1789
1810 1809 1789
1810 1789 1790
1811 1810 1790
1811 1790 1791
1792 1811 1791
1812 1811 1792
1793 1812 1792
1813 1812 1793
1794 1813 1793
1794 1795 1813
1795 1814 1813
1795 1796 1814
1796 1815 1814
1796 1797 1815
1797 1798 1815
1815 1798 1816
1798 1799 1816
1816 1799 1817
1799 1800 1817
1817 1800 1801
1818 1817 1801
1818 1801 1802
1803 1818 1802
1819 1818 1803
1804 1819 1803
1820 1819 1804
1805 1820 1804
1805 1806 1820
1806 1821 1820
1806 1807 1821
1807 1808 1821
1821 1808 1822
1808 1809 1822
1822 1809 1810
1823 1822 1810
1823 1810 1811
1812 1823 1811
1824 1823 1812
1813 1824 1812
1813 1814 1824
1814 1825 1824
1814 1815 1825
1815 1816 1825
1825 1816 1826
1816 1817 1826
1826 1817 1818
1819 1826 1818
1827 1826 1819
1820 1827 1819
1820 1821 1827
1821 1822 1827
1827 1822 1823
1824 1827 1823
1824 1825 1827
1825 1826 1827
1830 1829 1828
1831 1830 1828
1830 1831 1832
1831 1833 1832
1832 1833 1834
1833 1835 1834
1834 1835 1836
1835 1837 1836
1836 1837 1838
1839 1836 1838
1839 1838 1840
1841 1839 1840
1841 1840 1842
1843 1841 1842
1843 1842 1844
1845 1843 1844
1845 1844 1846
1847 1845 1846
1847 1846 1848
1849 1847 1848
1849 1848 1850
1851 1849 1850
1851 1850 1852
1853 1851 1852
1853 1852 1854
1855 1853 1854
1855 1854 1856
1857 1855 1856
1857 1856 1858
1856 1859 1858
1860 1858 1859
1861 1860 1859
1860 1861 1862
1861 1863 1862
1864 1862 1863
1865 1864 1863
1864 1865 1866
1865 1867 1866
1868 1866 1867
1869 1868 1867
1868 1869 1870
1869 1871 1870
1870 1871 1872
1871 1873 1872
1872 1873 1874
1875 1872 1874
1874 1876 1875
1876 1877 1875
1876 1878 1877
1878 1879 1877
1878 1880 1879
1880 1881 1879
1884 1883 1882
1885 1884 1882
1886 1884 1885
1887 1886 1885
1888 1886 1887
1889 1888 1887
1889 1890 1888
1890 1891 1888
1890 1892 1891
1892 1893 1891
1892 1894 1893
1894 1895 1893
1896 1895 1894
1897 1896 1894
1897 1898 1896
1898 1899 1896
1900 1899 1898
1901 1900 1898
1901 1902 1900
1902 1903 1900
1904 1903 1902
1905 1904 1902
1905 1906 1904
1906 1907 1904
1908 1907 1906
1909 1908 1906
1909 1910 1908
1910 1911 1908
1912 1911 1910
1913 1912 1910
1913 1914 1912
1914 1915 1912
1916 1915 1914
1917 1916 1914
1917 1918 1916
1918 1919 1916
1920 1919 1918
1921 1920 1918
1921 1922 1920
1922 1923 1920
1924 1923 1922
1925 1924 1922
1924 1925 1926
1925 1927 1926
1926 1927 1928
1927 1929 1928
1929 1930 1928
1930 1931 1928
1930 1932 1931
1932 1933 1931
1932 1934 1933
1934 1935 1933
1938 1937 1936
1939 1938 1936
1936 1940 1939
1940 1941 1939
1940 1942 1941
1942 1943 1941
1942 1944 1943
1944 1945 1943
1946 1945 1944
1947 1946 1944
1948 1946 1947
1949 1948 1947
1950 1948 1949
1951 1950 1949
1952 1950 1951
1953 1952 1951
1954 1952 1953
1955 1954 1953
1956 1954 1955
1957 1956 1955
1958 1956 1957
1959 1958 1957
1958 1959 1960
1959 1961 1960
1778 1779 1962
1779 1963 1962
1962 1963 1964
1963 1965 1964
1964 1965 1966
1965 1967 1966
1966 1967 1968
1967 1969 1968
1968 1969 1970
1969 1971 1970
1970 1971 1972
1971 1973 1972
1972 1973 1974
1973 1975 1974
1974 1975 1976
1975 1977 1976
1976 1977 1978
1977 1979 1978
1978 1979 1980
1979 1981 1980
1980 1981 1982
1981 1983 1982
1982 1983 1984
1983 1985 1984
1984 1985 1986
1985 1987 1986
1986 1987 1988
1987 1989 1988
1988 1989 1990
1989 1991 1990
1990 1991 1992
1991 1993 1992
1992 1993 1994
1993 1995 1994
1994 1995 1996
1995 1997 1996
1996 1997 1998
1997 1999 1998
1998 1999 2000
1999 2001 2000
2000 2001 2002
2001 2003 2002
2002 2003 2004
2003 2005 2004
2004 2005 2006
2005 2007 2006
2006 2007 2008
2007 2009 2008
2008 2009 2010
2009 2011 2010
2010 2011 2012
2011 2013 2012
2012 2013 2014
2013 2015 2014
2014 2015 2016
2015 2017 2016
2016 2017 2018
2017 2019 2018
2018 2019 2020
2019 2021 2020
2020 2021 2022
2021 2023 2022
2026 2025 2024
2025 2027 2024
2024 2027 2028
2027 2029 2028
2028 2029 2030
2029 2031 2030
2030 2031 2032
2031 2033 2032
2032 2033 2034
2033 2035 2034
2034 2035 2036
2035 2037 2036
2036 2037 2038
2037 2039 2038
2038 2039 2040
2039 2041 2040
2040 2041 2042
2041 2043 2042
2042 2043 2044
2043 2045 2044
2044 2045 2046
2045 2047 2046
2046 2047 2048
2047 2049 2048
2048 2049 2050
2049 2051 2050
2050 2051 2052
2051 2053 2052
2052 2053 2054
2053 2055 2054
2054 2055 2056
2055 2057 2056
2056 2057 2058
2057 2059 2058
2058 2059 2060
2059 2061 2060
2060 2061 2062
2061 2063 2062
2062 2063 2064
2063 2065 2064
2064 2065 2066
2065 2067 2066
2066 2067 2068
2067 2069 2068
2068 2069 2070
2069 2071 2070
2070 2071 2072
2071 2073 2072
2072 2073 2074
2073 2075 2074
2074 2075 2076
2075 2077 2076
2076 2077 2078
2077 2079 2078
2078 2079 2080
2079 2081 2080
2080 2081 2082
2081 2083 2082
2082 2083 2084
2083 2085 2084
2084 2085 2086
2085 2087 2086
2086 2087 2088
2087 2089 2088
2088 2089 2090
2089 2091 2090
2090 2091 2092
2091 2093 2092
2092 2093 2094
2093 2095 2094
2094 2095 2096
2095 2097 2096
2100 2099 2098
2099 2101 2098
2098 2101 2102
2101 2103 2102
2102 2103 2104
2103 2105 2104
2104 2105 2106
2105 2107 2106
2106 2107 2108
2107 2109 2108
2108 2109 2110
2109 2111 2110
2110 2111 2112
2111 2113 2112
2112 2113 2114
2113 2115 2114
2114 2115 2116
2115 2117 2116
2116 2117 2118
2117 2119 2118
2118 2119 2120
2119 2121 2120
2120 2121 2122
2121 2123 2122
2122 2123 2124
2123 2125 2124
2124 2125 2126
2125 2127 2126
2126 2127 2128
2127 2129 2128
2128 2129 2130
2129 2131 2130
2130 2131 2132
2131 2133 2132
2132 2133 2134
2133 2135 2134
2134 2135 2136
2135 2137 2136
2136 2137 2138
2137 2139 2138
2138 2139 2140
2139 2141 2140
2140 2141 2142
2141 2143 2142
2142 2143 2144
2143 2145 2144
2144 2145 2146
2145 2147 2146
2146 2147 2148
2147 2149 2148
2148 2149 2150
2149 2151 2150
2150 2151 2152
2151 2153 2152
2152 2153 2154
2153 2155 2154
2154 2155 2156
2155 2157 2156
2156 2157 2158
2157 2159 2158
2158 2159 2160
2159 2161 2160
2160 2161 2162
2161 2163 2162
2162 2163 2164
2163 2165 2164
2164 2165 2166
2165 2167 2166
2166 2167 2168
2167 2169 2168
2168 2169 2170
2169 2171 2170
2169 2172 2171
2172 2173 2171
2174 2172 2169
2167 2174 2169
2175 2174 2167
2165 2175 2167
2176 2175 2165
2163 2176 2165
2177 2176 2163
2161 2177 2163
2178 2177 2161
2159 2178 2161
2179 2178 2159
2157 2179 2159
2180 2179 2157
2155 2180 2157
2181 2180 2155
2153 2181 2155
2182 2181 2153
2151 2182 2153
2183 2182 2151
2149 2183 2151
2184 2183 2149
2147 2184 2149
2185 2184 2147
2145 2185 2147
2186 2185 2145
2143 2186 2145
2187 2186 2143
2141 2187 2143
2188 2187 2141
2139 2188 2141
2189 2188 2139
2137 2189 2139
2190 2189 2137
2135 2190 2137
2191 2190 2135
2133 2191 2135
2192 2191 2133
2131 2192 2133
2193 2192 2131
2129 2193 2131
2194 2193 2129
2127 2194 2129
2195 2194 2127
2125 2195 2127
2196 2195 2125
2123 2196 2125
2197 2196 2123
2121 2197 2123
2198 1960 1961
2199 2198 1961
2198 2199 2200
2199 2201 2200
2200 2201 2202
2203 2200 2202
2203 2202 2204
2205 2203 2204
2204 2206 2205
2206 2207 2205
2207 2206 2208
2209 2207 2208
2208 2210 2209
2210 2211 2209
2211 2210 2212
2213 2211 2212
2212 2214 2213
2214 2215 2213
2214 2216 2215
2216 2217 2215
2218 2217 2216
2219 2218 2216
2218 2219 2220
2219 2221 2220
2220 2221 2222
2221 2223 2222
2222 2223 2224
2223 2225 2224
2228 2227 2226
2227 2229 2226
2226 2229 2230
2229 2231 2230
2230 2231 2232
2231 2233 2232
2232 2233 2234
2235 2232 2234
2238 2237 2236
2237 2239 2236
2239 2240 2236
2243 2242 2241
2244 2243 2241
2244 2245 2243
2245 2246 2243
2245 2247 2246
2247 2248 2246
2249 2248 2247
2250 2249 2247
2250 2251 2249
2251 2252 2249
2253 2252 2251
2254 2253 2251
2255 2253 2254
2256 2255 2254
2256 2257 2255
2257 2258 2255
2261 2260 2259
2262 2261 2259
2265 2264 2263
2264 2266 2263
2266 2267 2263
2270 2269 2268
2269 2271 2268
2271 2269 2272
2273 2271 2272
2273 2272 2274
2275 2273 2274
2275 2274 2276
2277 2275 2276
2277 2276 2278
2276 2279 2278
2278 2279 2280
2279 2281 2280
2280 2281 2282
2281 2283 2282
2282 2283 2284
2283 2285 2284
2284 2285 2286
2285 2287 2286
2286 2287 2288
2287 2289 2288
2288 2289 2290
2289 2291 2290
2292 2290 2291
2293 2292 2291
2292 2293 2294
2293 2295 2294
2294 2295 2296
2297 2294 2296
2296 2298 2297
2298 2299 2297
2298 2300 2299
2300 2301 2299
2300 2302 2301
2302 2303 2301
2302 2304 2303
2304 2305 2303
2304 2306 2305
2306 2307 2305
2306 2308 2307
2308 2309 2307
2308 2310 2309
2310 2311 2309
2310 2312 2311
2312 2313 2311
2314 2313 2312
2315 2314 2312
2316 2314 2315
2317 2316 2315
2318 2316 2317
2319 2318 2317
2318 2319 2320
2319 2321 2320
2324 2323 2322
2323 2325 2322
2326 2322 2325
2327 2326 2325
2328 2326 2327
2329 2328 2327
2330 2328 2329
2331 2330 2329
2331 2332 2330
2332 2333 2330
2332 2334 2333
2334 2335 2333
2334 2336 2335
2336 2337 2335
2336 2338 2337
2338 2339 2337
2338 2340 2339
2340 2341 2339
2340 2342 2341
2342 2343 2341
2342 2344 2343
2344 2345 2343
2344 2346 2345
2346 2347 2345
2346 2348 2347
2348 2349 2347
2349 2348 2350
2348 2351 2350
2352 2350 2351
2353 2352 2351
2352 2353 2354
2353 2355 2354
2354 2355 2356
2355 2357 2356
2356 2357 2358
2357 2359 2358
2358 2359 2360
2359 2361 2360
2360 2361 2362
2361 2363 2362
2362 2363 2364
2363 2365 2364
2364 2365 2366
2365 2367 2366
2366 2367 2368
2369 2366 2368
2369 2368 2370
2371 2369 2370
2371 2370 2372
2373 2371 2372
2372 2374 2373
2374 2375 2373
2378 2377 2376
2379 2378 2376
2379 2376 2380
2381 2379 2380
2381 2380 2382
2383 2381 2382
2384 2383 2382
2385 2384 2382
2386 2384 2385
2387 2386 2385
2388 2386 2387
2389 2388 2387
2388 2389 2390
2391 2388 2390
2392 2391 2390
2393 2392 2390
2392 2393 2394
2395 2392 2394
2396 2395 2394
2397 2396 2394
2396 2397 2398
2399 2396 2398
2400 2399 2398
2401 2400 2398
2400 2401 2402
2403 2400 2402
2403 2402 2404
2402 2405 2404
2404 2405 2406
2407 2404 2406
2407 2406 2408
2406 2409 2408
2408 2409 2410
2411 2408 2410
2411 2410 2412
2410 2413 2412
2412 2413 2414
2415 2412 2414
2415 2414 2416
2414 2417 2416
2416 2417 2418
2419 2416 2418
2419 2418 2420
2421 2419 2420
2421 2420 2422
2423 2421 2422
2423 2422 2424
2422 2425 2424
2424 2425 2426
2425 2427 2426
2426 2427 2428
2427 2429 2428
2432 2431 2430
2431 2433 2430
2431 2434 2433
2434 2435 2433
2434 2436 2435
2436 2437 2435
2437 2436 2438
2436 2439 2438
2442 2441 2440
2441 2443 2440
2443 2444 2440
2444 2445 2440
2444 2446 2445
2446 2447 2445
2447 2446 2448
2446 2449 2448
2448 2449 2450
2451 2448 2450
2452 2451 2450
2453 2452 2450
2454 2452 2453
2455 2454 2453
2455 2456 2454
2456 2457 2454
2460 2459 2458
2459 2461 2458
2461 2462 2458
2465 2464 2463
2466 2465 2463
2469 2468 2467
2468 2470 2467
2468 2471 2470
2474 2473 2472
2473 2475 2472
2473 2476 2475
2476 2477 2475
2478 2477 2476
2479 2478 2476
2480 2478 2479
2481 2480 2479
2482 2197 2121
2119 2482 2121
2483 2482 2119
2117 2483 2119
2484 2483 2117
2115 2484 2117
2485 2484 2115
2113 2485 2115
2486 2485 2113
2111 2486 2113
2487 2486 2111
2109 2487 2111
2488 2487 2109
2107 2488 2109
2489 2488 2107
2105 2489 2107
2490 2489 2105
2103 2490 2105
2491 2490 2103
2101 2491 2103
2492 2491 2101
2099 2492 2101
2495 2494 2493
2494 2496 2493
2493 2496 2497
2496 2498 2497
2497 2498 2499
2498 2500 2499
2499 2500 2501
2500 2502 2501
2501 2502 2503
2502 2504 2503
2503 2504 2505
2504 2506 2505
2505 2506 2507
2506 2508 2507
2507 2508 2509
2508 2510 2509
2509 2510 2511
2510 2512 2511
2511 2512 2513
2512 2514 2513
2513 2514 2515
2514 2516 2515
2515 2516 2517
2516 2518 2517
2517 2518 2519
2518 2520 2519
2519 2520 2521
2520 2522 2521
2521 2522 2523
2522 2524 2523
2523 2524 2525
2524 2526 2525
2525 2526 2527
2526 2528 2527
2527 2528 2529
2528 2530 2529
2529 2530 2531
2530 2532 2531
2531 2532 2533
2532 2534 2533
2533 2534 2535
2534 2536 2535
2535 2536 2537
2536 2538 2537
2537 2538 2539
2538 2540 2539
2539 2540 2541
2540 2542 2541
2541 2542 2543
2542 2544 2543
2543 2544 2545
2544 2546 2545
2545 2546 2547
2546 2548 2547
2547 2548 2549
2548 2550 2549
2549 2550 2551
2550 2552 2551
2551 2552 2553
2552 2554 2553
2553 2554 2555
2554 2556 2555
2555 2556 2557
2556 2558 2557
2557 2558 2559
2558 2560 2559
2559 2560 2561
2560 2562 2561
2561 2562 2563
2562 2564 2563
2563 2564 2565
2564 2566 2565
2569 2568 2567
2568 2570 2567
2567 2570 2571
2570 2572 2571
2571 2572 2573
2572 2574 2573
2573 2574 2575
2574 2576 2575
2575 2576 2577
2576 2578 2577
2577 2578 2579
2578 2580 2579
2579 2580 2581
2580 2582 2581
2581 2582 2583
2582 2584 2583
2583 2584 2585
2584 2586 2585
2585 2586 2587
2586 2588 2587
2587 2588 2589
2588 2590 2589
2589 2590 2591
2590 2592 2591
2591 2592 2593
2592 2594 2593
2593 2594 2595
2594 2596 2595
2595 2596 2597
2596 2598 2597
2597 2598 2599
2598 2600 2599
2599 2600 2601
2600 2602 2601
2601 2602 2603
2602 2604 2603
2603 2604 2605
2604 2606 2605
2605 2606 2607
2606 2608 2607
2607 2608 2609
2608 2610 2609
2609 2610 2611
2610 2612 2611
2611 2612 2613
2612 2614 2613
2613 2614 2615
2614 2616 2615
2615 2616 2617
2616 2618 2617
2617 2618 2619
2618 2620 2619
2619 2620 2621
2620 2622 2621
2621 2622 2623
2622 2624 2623
2623 2624 2625
2624 2626 2625
2625 2626 2627
2626 2628 2627
2627 2628 2629
2628 2630 2629
2629 2630 2631
2630 2632 2631
2631 2632 2633
2632 2634 2633
2633 2634 2635
2634 2636 2635
2635 2636 2637
2636 2638 2637
2637 2638 2639
2638 2640 2639
2638 2641 2640
2641 2642 2640
2643 2641 2638
2636 2643 2638
2644 2643 2636
2634 2644 2636
2645 2644 2634
2632 2645 2634
2646 2645 2632
2630 2646 2632
2647 2646 2630
2628 2647 2630
2648 2647 2628
2626 2648 2628
2649 2648 2626
2624 2649 2626
2650 2649 2624
2622 2650 2624
2651 2650 2622
2620 2651 2622
2652 2651 2620
2618 2652 2620
2653 2652 2618
2616 2653 2618
2654 2653 2616
2614 2654 2616
2655 2654 2614
2612 2655 2614
2656 2655 2612
2610 2656 2612
2657 2656 2610
2608 2657 2610
2658 2657 2608
2606 2658 2608
2659 2658 2606
2604 2659 2606
2660 2659 2604
2602 2660 2604
2661 2660 2602
2600 2661 2602
2662 2661 2600
2598 2662 2600
2663 2662 2598
2596 2663 2598
2664 2663 2596
2594 2664 2596
2665 2664 2594
2592 2665 2594
2666 2665 2592
2590 2666 2592
2667 2666 2590
2588 2667 2590
2668 2667 2588
2586 2668 2588
2669 2668 2586
2584 2669 2586
2670 2669 2584
2582 2670 2584
2671 2670 2582
2580 2671 2582
2672 2671 2580
2578 2672 2580
2673 2672 2578
2576 2673 2578
2674 2673 2576
2574 2674 2576
2675 2674 2574
2572 2675 2574
2676 2675 2572
2570 2676 2572
2677 2676 2570
2568 2677 2570
2680 2679 2678
2681 2680 2678
2681 2678 2682
2683 2681 2682
2683 2682 2684
2685 2683 2684
2686 2683 2685
2687 2686 2685
2688 2686 2687
2689 2688 2687
2690 2688 2689
2691 2690 2689
2692 2690 2691
2693 2692 2691
2694 2692 2693
2695 2694 2693
2696 2694 2695
2697 2696 2695
2700 2699 2698
2699 2701 2698
2702 2698 2701
2703 2702 2701
2704 2702 2703
2705 2704 2703
2706 2704 2705
2707 2706 2705
2707 2708 2706
2708 2709 2706
2708 2710 2709
2710 2711 2709
2711 2710 2712
2713 2711 2712
2712 2714 2713
2714 2715 2713
2715 2714 2716
2717 2715 2716
2716 2718 2717
2718 2719 2717
2719 2718 2720
2721 2719 2720
2721 2720 2722
2723 2721 2722
2723 2722 2724
2722 2725 2724
2724 2725 2726
2727 2724 2726
2727 2726 2728
2726 2729 2728
2730 2728 2729
2731 2730 2729
2730 2731 2732
2731 2733 2732
2734 2732 2733
2735 2734 2733
2734 2735 2736
2735 2737 2736
2738 2736 2737
2739 2738 2737
2738 2739 2740
2739 2741 2740
2740 2741 2742
2741 2743 2742
2742 2743 2744
2745 2742 2744
2744 2746 2745
2746 2747 2745
2746 2748 2747
2748 2749 2747
2748 2750 2749
2750 2751 2749
2754 2753 2752
2753 2755 2752
2753 2756 2755
2756 2757 2755
2756 2758 2757
2758 2759 2757
2759 2758 2760
2761 2759 2760
2761 2760 2762
2760 2763 2762
2762 2763 2764
2763 2765 2764
2766 2764 2765
2767 2766 2765
2766 2767 2768
2767 2769 2768
2770 2768 2769
2771 2770 2769
2770 2771 2772
2771 2773 2772
2774 2772 2773
2775 2774 2773
2774 2775 2776
2775 2777 2776
2776 2777 2778
2779 2776 2778
2779 2778 2780
2778 2781 2780
2780 2781 2782
2783 2780 2782
2783 2782 2784
2785 2783 2784
2784 2786 2785
2786 2787 2785
2787 2786 2788
2789 2787 2788
2788 2790 2789
2790 2791 2789
2791 2790 2792
2793 2791 2792
2792 2794 2793
2794 2795 2793
2794 2796 2795
2796 2797 2795
2798 2797 2796
2799 2798 2796
2798 2799 2800
2799 2801 2800
2800 2801 2802
2801 2803 2802
2802 2803 2804
2803 2805 2804
2808 2807 2806
2807 2809 2806
2806 2809 2810
2809 2811 2810
2810 2811 2812
2811 2813 2812
2813 2814 2812
2814 2815 2812
2814 2816 2815
2816 2817 2815
2816 2818 2817
2818 2819 2817
2819 2818 2820
2818 2821 2820
2821 2822 2820
2822 2823 2820
2823 2822 2824
2822 2825 2824
2825 2826 2824
2826 2827 2824
2827 2826 2828
2826 2829 2828
2829 2830 2828
2830 2831 2828
2831 2830 2832
2830 2833 2832
2833 2834 2832
2834 2835 2832
2836 2835 2834
2837 2836 2834
2837 2838 2836
2838 2839 2836
2840 2839 2838
2841 2840 2838
2841 2842 2840
2842 2843 2840
2844 2843 2842
2845 2844 2842
2845 2846 2844
2846 2847 2844
2848 2847 2846
2849 2848 2846
2848 2849 2850
2849 2851 2850
2850 2851 2852
2851 2853 2852
2853 2854 2852
2854 2855 2852
2854 2856 2855
2856 2857 2855
2856 2858 2857
2858 2859 2857
2862 2861 2860
2861 2863 2860
2861 2864 2863
2867 2866 2865
2868 2867 2865
2869 2867 2868
2870 2869 2868
2869 2870 2871
2872 2869 2871
2872 2871 2873
2874 2872 2873
2877 2876 2875
2876 2878 2875
2878 2879 2875
2882 2881 2880
2883 2882 2880
2884 2883 2880
2885 2884 2880
2886 2884 2885
2887 2886 2885
2886 2887 2888
2889 2886 2888
2889 2888 2890
2888 2891 2890
2890 2891 2892
2893 2890 2892
2893 2892 2894
2895 2893 2894
2895 2894 2896
2894 2897 2896
2900 2899 2898
2899 2901 2898
2902 2898 2901
2903 2902 2901
2904 2902 2903
2905 2904 2903
2906 2904 2905
2907 2906 2905
2907 2908 2906
2908 2909 2906
2908 2910 2909
2910 2911 2909
2910 2912 2911
2912 2913 2911
2912 2914 2913
2914 2915 2913
2914 2916 2915
2916 2917 2915
2916 2918 2917
2918 2919 2917
2918 2920 2919
2920 2921 2919
2920 2922 2921
2922 2923 2921
2922 2924 2923
2924 2925 2923
2924 2926 2925
2926 2927 2925
2928 2927 2926
2929 2928 2926
2928 2929 2930
2929 2931 2930
2932 2930 2931
2933 2932 2931
2932 2933 2934
2933 2935 2934
2936 2934 2935
2937 2936 2935
2936 2937 2938
2937 2939 2938
2940 2938 2939
2941 2940 2939
2942 2940 2941
2943 2942 2941
2943 2944 2942
2944 2945 2942
2945 2944 2946
2947 2945 2946
2947 2946 2948
2949 2947 2948
2949 2948 2950
2951 2949 2950
2954 2953 2952
2955 2954 2952
2955 2952 2956
2957 2955 2956
2957 2956 2958
2959 2957 2958
2960 2959 2958
2961 2960 2958
2962 2960 2961
2963 2962 2961
2964 2962 2963
2965 2964 2963
2964 2965 2966
2967 2964 2966
2968 2967 2966
2969 2968 2966
2968 2969 2970
2971 2968 2970
2696 2697 2972
2973 2696 2972
2974 2973 2972
2975 2974 2972
2976 2974 2975
2977 2976 2975
2978 2976 2977
2979 2978 2977
2980 2978 2979
2981 2980 2979
2982 2980 2981
2983 2982 2981
2984 2982 2983
2985 2984 2983
2986 2984 2985
2987 2986 2985
2988 2986 2987
2989 2988 2987
2988 2989 2990
2991 2988 2990
2992 2991 2990
2993 2992 2990
2994 2992 2993
2995 2994 2993
2996 2994 2995
2997 2996 2995
2998 2996 2997
2999 2998 2997
3000 2998 2999
3001 3000 2999
3002 3000 3001
3003 3002 3001
3004 3002 3003
3005 3004 3003
3006 3004 3005
3007 3006 3005
3006 3007 3008
3009 3006 3008
3010 3009 3008
3011 3010 3008
3012 3010 3011
3013 3012 3011
3014 3012 3013
3015 3014 3013
3016 3014 3015
3017 3016 3015
3018 3016 3017
3019 3018 3017
3020 3018 3019
3021 3020 3019
3022 3020 3021
3023 3022 3021
3024 3022 3023
3025 3024 3023
3024 3025 3026
3027 3024 3026
3027 3026 3028
3029 3027 3028
3029 3030 3027
3030 3031 3027
3027 3031 3024
3031 3032 3024
3024 3032 3022
3032 3033 3022
3022 3033 3020
3033 3034 3020
3020 3034 3018
3034 3035 3018
3018 3035 3016
3035 3036 3016
3016 3036 3014
3036 3037 3014
3014 3037 3012
3037 3038 3012
3012 3038 3010
3038 3039 3010
3010 3039 3009
3039 3040 3009
3009 3040 3006
3040 3041 3006
3006 3041 3004
3041 3042 3004
3004 3042 3002
3042 3043 3002
3002 3043 3000
3043 3044 3000
3000 3044 2998
3044 3045 2998
2998 3045 2996
3045 3046 2996
2996 3046 2994
3046 3047 2994
2994 3047 2992
3047 3048 2992
2992 3048 2991
3048 3049 2991
2991 3049 2988
3049 3050 2988
2988 3050 2986
3050 3051 2986
2986 3051 2984
3051 3052 2984
2984 3052 2982
3052 3053 2982
2982 3053 2980
3053 3054 2980
2980 3054 2978
3054 3055 2978
2978 3055 2976
3055 3056 2976
2976 3056 2974
3056 3057 2974
2974 3057 2973
3057 3058 2973
2973 3058 2696
3058 3059 2696
2696 3059 2694
3059 3060 2694
2694 3060 2692
3060 3061 2692
2692 3061 2690
3061 3062 2690
2690 3062 2688
3062 3063 2688
2688 3063 2686
3063 3064 2686
2686 3064 2683
3064 2681 2683
3064 3065 2681
3065 2680 2681
3066 3065 3064
3063 3066 3064
3067 3066 3063
3062 3067 3063
3068 3067 3062
3061 3068 3062
3069 3068 3061
3060 3069 3061
3070 3069 3060
3059 3070 3060
3071 3070 3059
3058 3071 3059
3072 3071 3058
3057 3072 3058
3073 3072 3057
3056 3073 3057
3074 3073 3056
3055 3074 3056
3075 3074 3055
3054 3075 3055
3076 3075 3054
3053 3076 3054
3077 3076 3053
3052 3077 3053
3078 3077 3052
3051 3078 3052
3079 3078 3051
3050 3079 3051
3080 3079 3050
3049 3080 3050
3081 3080 3049
3048 3081 3049
3082 3081 3048
3047 3082 3048
3083 3082 3047
3046 3083 3047
3084 3083 3046
3045 3084 3046
3085 3084 3045
3044 3085 3045
3086 3085 3044
3043 3086 3044
3087 3086 3043
3042 3087 3043
3088 3087 3042
3041 3088 3042
3089 3088 3041
3040 3089 3041
3090 3089 3040
3039 3090 3040
3091 3090 3039
3038 3091 3039
3092 3091 3038
3037 3092 3038
3093 3092 3037
3036 3093 3037
3094 3093 3036
3035 3094 3036
3095 3094 3035
3034 3095 3035
3096 3095 3034
3033 3096 3034
3097 3096 3033
3032 3097 3033
3098 3097 3032
3031 3098 3032
3099 3098 3031
3030 3099 3031
3102 3101 3100
3100 3101 3103
3103 3101 3104
3101 3105 3104
3104 3105 3106
3106 3105 3107
3105 3108 3107
3107 3108 3109
3109 3108 3110
3108 3111 3110
3110 3111 3112
3112 3111 3113
3111 3114 3113
3113 3114 3115
3115 3114 3116
3114 3117 3116
3116 3117 3118
3118 3117 3119
3117 3120 3119
3119 3120 3121
3121 3120 3122
3120 3123 3122
3122 3123 3124
3124 3123 3125
3123 3126 3125
3125 3126 3127
3127 3126 3128
3126 3129 3128
3128 3129 3130
3130 3129 3131
3129 3132 3131
3131 3132 3133
3133 3132 3134
3132 3135 3134
3134 3135 3136
3136 3135 3137
3135 3138 3137
3137 3138 3139
3139 3138 3140
3138 3141 3140
3140 3141 3142
3142 3141 3143
3141 3144 3143
3143 3144 3145
3145 3144 3146
3144 3147 3146
3146 3147 3148
3148 3147 3149
3147 3150 3149
3149 3150 3151
3151 3150 3152
3150 3102 3152
3152 3102 3153
3153 3102 3100
3156 3155 3154
3155 3157 3154
3157 3158 3154
3154 3158 3159
3160 2971 2970
3161 3160 2970
3160 3161 3162
3163 3160 3162
3164 3163 3162
3165 3164 3162
3164 3165 3166
3167 3164 3166
3168 3167 3166
3169 3168 3166
3168 3169 3170
3171 3168 3170
3172 3171 3170
3173 3172 3170
3172 3173 3174
3175 3172 3174
3176 3175 3174
3177 3176 3174
3176 3177 3178
3179 3176 3178
3180 3179 3178
3181 3180 3178
3180 3181 3182
3183 3180 3182
3183 3182 3184
3185 3183 3184
3185 3184 3186
3187 3185 3186
3188 3187 3186
3189 3188 3186
3190 3188 3189
3191 3190 3189
3192 3190 3191
3193 3192 3191
3196 3195 3194
3195 3197 3194
3197 3195 3198
3199 3197 3198
3199 3198 3200
3201 3199 3200
3201 3200 3202
3203 3201 3202
3203 3202 3204
3202 3205 3204
3204 3205 3206
3205 3207 3206
3206 3207 3208
3207 3209 3208
3208 3209 3210
3209 3211 3210
3210 3211 3212
3211 3213 3212
3212 3213 3214
3213 3215 3214
3214 3215 3216
3215 3217 3216
3218 3216 3217
3219 3218 3217
3218 3219 3220
3219 3221 3220
3222 3220 3221
3223 3222 3221
3223 3224 3222
3224 3225 3222
3224 3226 3225
3226 3227 3225
3227 3226 3228
3229 3227 3228
3228 3230 3229
3230 3231 3229
3231 3230 3232
3233 3231 3232
3232 3234 3233
3234 3235 3233
3235 3234 3236
3237 3235 3236
3237 3236 3238
3239 3237 3238
3239 3238 3240
3238 3241 3240
3240 3241 3242
3241 3243 3242
3242 3243 3244
3243 3245 3244
3246 3244 3245
3247 3246 3245
3250 3249 3248
3249 3251 3248
3249 3252 3251
3252 3253 3251
3252 3254 3253
3254 3255 3253
3255 3254 3256
3254 3257 3256
3260 3259 3258
3259 3261 3258
3259 3262 3261
3265 3264 3263
3266 3265 3263
3267 3265 3266
3268 3267 3266
3267 3268 3269
3270 3267 3269
3270 3269 3271
3272 3270 3271
3275 3274 3273
3274 3276 3273
3276 3277 3273
3280 3279 3278
3281 3280 3278
3282 3281 3278
3283 3282 3278
3284 3282 3283
3285 3284 3283
3284 3285 3286
3287 3284 3286
3288 3287 3286
3289 3288 3286
3288 3289 3290
3291 3288 3290
3291 3290 3292
3293 3291 3292
3294 3293 3292
3295 3294 3292
3298 3297 3296
3297 3299 3296
3299 3300 3296
3303 3302 3301
3304 3303 3301
3307 3306 3305
3306 3308 3305
3306 3309 3308
3312 3311 3310
3311 3313 3310
3310 3313 3314
3313 3315 3314
3314 3315 3316
3315 3317 3316
3316 3317 3318
3319 3316 3318
3322 3321 3320
3321 3323 3320
3323 3324 3320
3327 3326 3325
3326 3328 3325
3328 3329 3325
3332 3331 3330
3333 3332 3330
3336 3335 3334
3335 3337 3334
3335 3338 3337
3338 3339 3337
3340 3339 3338
3341 3340 3338
3342 3340 3341
3343 3342 3341
3346 3345 3344
3347 3346 3344
3347 3348 3346
3351 3350 3349
3352 3351 3349
3355 3354 3353
3356 3355 3353
3359 3358 3357
3360 3359 3357
3361 3360 3357
3364 3363 3362
3365 3364 3362
3368 3367 3366
3369 3368 3366
3369 3370 3368
3373 3372 3371
3374 3373 3371
3377 3376 3375
3377 3375 3378
3379 3377 3378
3382 3381 3380
3383 3382 3380
3384 3383 3380
3387 3386 3385
3388 3387 3385
3391 3390 3389
3390 3392 3389
3395 3394 3393
3396 3395 3393
3399 3398 3397
3399 3397 3400
3397 3401 3400
3404 3403 3402
3405 3404 3402
3408 3407 3406
3407 3409 3406
3409 3410 3406
3413 3412 3411
3414 3413 3411
3417 3416 3415
3417 3415 3418
3415 3419 3418
3422 3421 3420
3423 3422 3420
3426 3425 3424
3427 3426 3424
3430 3429 3428
3429 3431 3428
3429 3432 3431
3435 3434 3433
3434 3436 3433
3439 3438 3437
3440 3439 3437
3443 3442 3441
3442 3444 3441
3444 3445 3441
3448 3447 3446
3449 3448 3446
3452 3451 3450
3453 3452 3450
3456 3455 3454
3455 3457 3454
3455 3458 3457
3461 3460 3459
3462 3461 3459
3465 3464 3463
3464 3466 3463
3466 3467 3463
3470 3469 3468
3469 3471 3468
3474 3473 3472
3475 3474 3472
3478 3477 3476
3478 3476 3479
3476 3480 3479
3483 3482 3481
3484 3483 3481
3487 3486 3485
3486 3488 3485
3488 3489 3485
3492 3491 3490
3493 3492 3490
3493 3494 3492
3497 3496 3495
3498 3497 3495
3501 3500 3499
3502 3501 3499
3505 3504 3503
3504 3506 3503
3509 3508 3507
3509 3507 3510
3511 3509 3510
3514 3513 3512
3515 3514 3512
3516 3515 3512
3519 3518 3517
3520 3519 3517
3523 3522 3521
3524 3523 3521
3527 3526 3525
3158 3528 3159
3528 3529 3159
3159 3529 3530
3529 3531 3530
3531 3532 3530
3530 3532 3533
3532 3534 3533
3534 3535 3533
3533 3535 3536
3535 3537 3536
3537 3538 3536
3536 3538 3539
3538 3540 3539
3540 3541 3539
3539 3541 3542
3541 3543 3542
3543 3544 3542
3542 3544 3545
3544 3546 3545
3546 3547 3545
3545 3547 3548
3547 3549 3548
3549 3550 3548
3548 3550 3551
3550 3552 3551
3552 3553 3551
3551 3553 3554
3553 3555 3554
3555 3556 3554
3554 3556 3557
3556 3558 3557
3558 3559 3557
3557 3559 3560
3559 3561 3560
3561 3562 3560
3560 3562 3563
3562 3564 3563
3564 3565 3563
3563 3565 3566
3565 3567 3566
3567 3568 3566
3566 3568 3569
3568 3570 3569
3570 3571 3569
3569 3571 3572
3571 3573 3572
3573 3574 3572
3572 3574 3156
3574 3575 3156
3575 3155 3156
3578 3577 3576
3577 3579 3576
3576 3579 3580
3579 3581 3580
3580 3581 3582
3581 3583 3582
3582 3583 3584
3583 3585 3584
3584 3585 3586
3585 3587 3586
3586 3587 3588
3587 3589 3588
3588 3589 3590
3589 3591 3590
3590 3591 3592
3591 3593 3592
3592 3593 3594
3593 3595 3594
3594 3595 3596
3595 3597 3596
3596 3597 3598
3597 3599 3598
3598 3599 3600
3599 3601 3600
3600 3601 3602
3601 3603 3602
3602 3603 3604
3603 3605 3604
3604 3605 3606
3605 3607 3606
3606 3607 3608
3607 3609 3608
3608 3609 3610
3609 3611 3610
3610 3611 3612
3611 3613 3612
3611 3614 3613
3614 3615 3613
3614 3616 3615
3616 3617 3615
3616 3618 3617
3618 3619 3617
3620 3618 3616
3621 3620 3616
3621 3616 3614
3622 3621 3614
3622 3614 3609
3614 3611 3609
3623 3622 3609
3607 3623 3609
3623 3607 3605
3624 3623 3605
3625 3624 3605
3603 3625 3605
3626 3625 3603
3601 3626 3603
3627 3626 3601
3599 3627 3601
3628 3627 3599
3597 3628 3599
3629 3628 3597
3595 3629 3597
3630 3629 3595
3593 3630 3595
3631 3630 3593
3591 3631 3593
3632 3631 3591
3589 3632 3591
3633 3632 3589
3587 3633 3589
3634 3633 3587
3585 3634 3587
3635 3634 3585
3583 3635 3585
3636 3635 3583
3581 3636 3583
3637 3636 3581
3579 3637 3581
3638 3637 3579
3577 3638 3579
3638 3639 3637
3639 3640 3637
3637 3640 3636
3640 3641 3636
3636 3641 3635
3641 3642 3635
3635 3642 3634
3642 3643 3634
3634 3643 3633
3643 3644 3633
3633 3644 3632
3644 3645 3632
3632 3645 3631
3645 3646 3631
3631 3646 3630
3646 3647 3630
3630 3647 3629
3647 3648 3629
3629 3648 3628
3648 3649 3628
3628 3649 3627
3649 3650 3627
3627 3650 3626
3650 3651 3626
3626 3651 3625
3651 3652 3625
3625 3652 3624
3652 3653 3624
3624 3653 3623
3653 3654 3623
3623 3654 3622
3654 3621 3622
3654 3655 3621
3655 3620 3621
3656 3655 3654
3653 3656 3654
3657 3656 3653
3652 3657 3653
3658 3657 3652
3651 3658 3652
3659 3658 3651
3650 3659 3651
3660 3659 3650
3649 3660 3650
3661 3660 3649
3648 3661 3649
3662 3661 3648
3647 3662 3648
3663 3662 3647
3646 3663 3647
3664 3663 3646
3645 3664 3646
3665 3664 3645
3644 3665 3645
3666 3665 3644
3643 3666 3644
3667 3666 3643
3642 3667 3643
3668 3667 3642
3641 3668 3642
3669 3668 3641
3640 3669 3641
3670 3669 3640
3639 3670 3640
3673 3672 3671
3674 3673 3671
3674 3671 3675
3676 3674 3675
3677 3674 3676
3677 3673 3674
3678 3673 3677
3679 3678 3677
3679 3677 3676
3680 3679 3676
3681 3679 3680
3681 3678 3679
3682 3678 3681
3683 3682 3681
3683 3681 3680
3684 3683 3680
3685 3683 3684
3685 3682 3683
3686 3682 3685
3687 3686 3685
3687 3685 3684
3688 3687 3684
3689 3687 3688
3689 3686 3687
3690 3686 3689
3691 3690 3689
3691 3689 3688
3692 3691 3688
3693 3691 3692
3693 3690 3691
3694 3690 3693
3695 3694 3693
3695 3693 3692
3696 3695 3692
3697 3695 3696
3697 3694 3695
3698 3694 3697
3699 3698 3697
3699 3697 3696
3700 3699 3696
3701 3699 3700
3701 3698 3699
3702 3698 3701
3703 3702 3701
3703 3701 3700
3704 3703 3700
3705 3703 3704
3705 3702 3703
3706 3702 3705
3707 3706 3705
3707 3705 3704
3708 3707 3704
3709 3707 3708
3709 3706 3707
3710 3706 3709
3711 3710 3709
3711 3709 3708
3712 3711 3708
3713 3711 3712
3713 3710 3711
3714 3710 3713
3715 3714 3713
3526 3716 3525
3719 3718 3717
3719 3717 3720
3717 3721 3720
3724 3723 3722
3725 3724 3722
3728 3727 3726
3727 3729 3726
3729 3730 3726
3733 3732 3731
3734 3733 3731
3734 3735 3733
3738 3737 3736
3739 3738 3736
3742 3741 3740
3743 3742 3740
3746 3745 3744
3747 3746 3744
3747 3748 3746
3748 3749 3746
3748 3750 3749
3750 3751 3749
3750 3752 3751
3752 3753 3751
3752 3754 3753
3754 3755 3753
3754 3756 3755
3756 3757 3755
3756 3758 3757
3758 3759 3757
3758 3760 3759
3760 3761 3759
3760 3762 3761
3762 3763 3761
3762 3764 3763
3764 3765 3763
3764 3766 3765
3766 3767 3765
3768 3767 3766
3769 3768 3766
3770 3768 3769
3771 3770 3769
3772 3770 3771
3773 3772 3771
3774 3772 3773
3775 3774 3773
3776 3774 3775
3777 3776 3775
3778 3776 3777
3779 3778 3777
3780 3778 3779
3781 3780 3779
3782 3780 3781
3783 3782 3781
3784 3782 3783
3785 3784 3783
3786 3784 3785
3787 3786 3785
3787 3788 3786
3788 3789 3786
3788 3790 3789
3790 3791 3789
3790 3792 3791
3792 3793 3791
3792 3794 3793
3794 3795 3793
3794 3796 3795
3796 3797 3795
3796 3798 3797
3798 3799 3797
3798 3800 3799
3800 3801 3799
3800 3802 3801
3802 3803 3801
3802 3804 3803
3804 3805 3803
3804 3806 3805
3806 3807 3805
3808 3807 3806
3809 3808 3806
3810 3808 3809
3811 3810 3809
3812 3810 3811
3813 3812 3811
3814 3812 3813
3815 3814 3813
3816 3814 3815
3817 3816 3815
3818 3816 3817
3819 3818 3817
3820 3818 3819
3821 3820 3819
3822 3820 3821
3823 3822 3821
3824 3822 3823
3825 3824 3823
3826 3824 3825
3827 3826 3825
3827 3828 3826
3828 3829 3826
3828 3830 3829
3830 3831 3829
3830 3832 3831
3832 3833 3831
3832 3834 3833
3834 3835 3833
3834 3836 3835
3836 3837 3835
3836 3838 3837
3838 3839 3837
3838 3840 3839
3840 3841 3839
3840 3842 3841
3842 3843 3841
3842 3844 3843
3844 3845 3843
3844 3846 3845
3846 3847 3845
3848 3847 3846
3849 3848 3846
3850 3848 3849
3851 3850 3849
3852 3850 3851
3853 3852 3851
3854 3852 3853
3855 3854 3853
3856 3854 3855
3857 3856 3855
3858 3856 3857
3859 3858 3857
3860 3858 3859
3861 3860 3859
3862 3860 3861
3863 3862 3861
3864 3862 3863
3865 3864 3863
3866 3864 3865
3867 3866 3865
3867 3868 3866
3868 3869 3866
3868 3870 3869
3870 3871 3869
3870 3872 3871
3872 3873 3871
3872 3874 3873
3874 3875 3873
3874 3876 3875
3876 3877 3875
3876 3878 3877
3878 3879 3877
3878 3880 3879
3880 3881 3879
3880 3882 3881
3882 3883 3881
3882 3884 3883
3884 3885 3883
3884 3886 3885
3886 3887 3885
3888 3887 3886
3889 3888 3886
3890 3888 3889
3891 3890 3889
3892 3890 3891
3893 3892 3891
3894 3892 3893
3895 3894 3893
3896 3894 3895
3897 3896 3895
3898 3896 3897
3899 3898 3897
3900 3898 3899
3901 3900 3899
3902 3900 3901
3903 3902 3901
3904 3902 3903
3905 3904 3903
3908 3907 3906
3907 3909 3906
3910 3909 3907
3911 3910 3907
3910 3911 3912
3911 3913 3912
3912 3913 3914
3915 3912 3914
3914 3916 3915
3916 3917 3915
3918 3917 3916
3919 3918 3916
3918 3919 3920
3919 3921 3920
3920 3921 3922
3923 3920 3922
3922 3924 3923
3924 3925 3923
3925 3924 3926
3927 3925 3926
3926 3928 3927
3928 3929 3927
3930 3929 3928
3931 3930 3928
3930 3931 3932
3931 3933 3932
3934 3932 3933
3935 3934 3933
3934 3935 3936
3935 3937 3936
3936 3937 3938
3939 3936 3938
3938 3940 3939
3940 3941 3939
3942 3941 3940
3943 3942 3940
3942 3943 3944
3943 3945 3944
3944 3945 3946
3947 3944 3946
3946 3948 3947
3948 3949 3947
3950 3949 3948
3951 3950 3948
3950 3951 3952
3951 3953 3952
3952 3953 3954
3955 3952 3954
3954 3956 3955
3956 3957 3955
3958 3957 3956
3959 3958 3956
3958 3959 3960
3959 3961 3960
3960 3961 3962
3963 3960 3962
3962 3964 3963
3964 3965 3963
3965 3964 3966
3967 3965 3966
3966 3968 3967
3968 3969 3967
3970 3969 3968
3971 3970 3968
3970 3971 3972
3971 3973 3972
3974 3972 3973
3975 3974 3973
3974 3975 3976
3975 3977 3976
3976 3977 3978
3979 3976 3978
3978 3980 3979
3980 3981 3979
3982 3981 3980
3983 3982 3980
3982 3983 3984
3983 3985 3984
3984 3985 3986
3987 3984 3986
3715 3713 3712
3988 3715 3712
3989 3715 3988
3989 3714 3715
3990 3714 3989
3991 3990 3989
3991 3989 3988
3992 3991 3988
3993 3991 3992
3993 3990 3991
3994 3990 3993
3995 3994 3993
3995 3993 3992
3996 3995 3992
3997 3995 3996
3997 3994 3995
3998 3994 3997
3999 3998 3997
3999 3997 3996
4000 3999 3996
4001 3999 4000
4001 3998 3999
4002 3998 4001
4003 4002 4001
4003 4001 4000
4004 4003 4000
4005 4003 4004
4005 4002 4003
4006 4002 4005
4007 4006 4005
4007 4005 4004
4008 4007 4004
4009 4007 4008
4009 4006 4007
4010 4006 4009
4011 4010 4009
4011 4009 4008
4012 4011 4008
4013 4011 4012
4013 4010 4011
4014 4010 4013
4015 4014 4013
4015 4013 4012
4016 4015 4012
4017 4015 4016
4017 4014 4015
4020 4019 4018
4019 4021 4018
4021 4022 4018
4018 4022 4023
4022 4024 4023
4024 4025 4023
4023 4025 4026
4025 4027 4026
4027 4028 4026
4026 4028 4029
4028 4030 4029
4030 4031 4029
4029 4031 4032
4031 4033 4032
4033 4034 4032
4032 4034 4035
4034 4036 4035
4036 4037 4035
4035 4037 4038
4037 4039 4038
4039 4040 4038
4038 4040 4041
4040 4042 4041
4042 4043 4041
4041 4043 4044
4043 4045 4044
4045 4046 4044
4044 4046 4047
4046 4048 4047
4048 4049 4047
4047 4049 4050
4049 4051 4050
4051 4052 4050
4050 4052 4053
4052 4054 4053
4054 4055 4053
4053 4055 4056
4055 4057 4056
4057 4058 4056
4056 4058 4059
4058 4060 4059
4060 4061 4059
4059 4061 4062
4061 4063 4062
4063 4064 4062
4062 4064 4065
4064 4066 4065
4066 4067 4065
4065 4067 4068
4067 4069 4068
4069 4070 4068
4068 4070 4020
4070 4071 4020
4071 4019 4020
4071 4072 4019
4072 4073 4019
4019 4073 4021
4073 4074 4021
4021 4074 4022
4074 4075 4022
4022 4075 4024
4075 4076 4024
4024 4076 4025
4076 4077 4025
4025 4077 4027
4077 4078 4027
4027 4078 4028
4078 4079 4028
4028 4079 4030
4079 4080 4030
4030 4080 4031
4080 4081 4031
4031 4081 4033
4081 4082 4033
4033 4082 4034
4082 4083 4034
4034 4083 4036
4083 4084 4036
4036 4084 4037
4084 4085 4037
4037 4085 4039
4085 4086 4039
4039 4086 4040
4086 4087 4040
4040 4087 4042
4087 4088 4042
4042 4088 4043
4088 4089 4043
4043 4089 4045
4089 4090 4045
4045 4090 4046
4090 4091 4046
4046 4091 4048
4091 4092 4048
4048 4092 4049
4092 4093 4049
4049 4093 4051
4093 4094 4051
4051 4094 4052
4094 4095 4052
4052 4095 4054
4095 4096 4054
4054 4096 4055
4096 4097 4055
4055 4097 4057
4097 4098 4057
4057 4098 4058
4098 4099 4058
4058 4099 4060
4099 4100 4060
4060 4100 4061
4100 4101 4061
4061 4101 4063
4101 4102 4063
4063 4102 4064
4102 4103 4064
4064 4103 4066
4103 4104 4066
4066 4104 4067
4104 4105 4067
4067 4105 4069
4105 4106 4069
4069 4106 4070
4106 4107 4070
4070 4107 4071
4107 4072 4071
4110 4109 4108
4111 4110 4108
4111 4108 4112
4113 4111 4112
4113 4112 4114
4115 4113 4114
4115 4114 4116
4114 4117 4116
4116 4117 4118
4119 4116 4118
4119 4118 4120
4121 4119 4120
4121 4120 4122
4123 4121 4122
4123 4122 4124
4122 4125 4124
4124 4125 4126
4127 4124 4126
4127 4126 4128
4129 4127 4128
4129 4128 4130
4131 4129 4130
4131 4130 4132
4133 4131 4132
4133 4132 4134
4135 4133 4134
4135 4134 4136
4134 4137 4136
4136 4137 4138
4139 4136 4138
4139 4138 4140
4141 4139 4140
4141 4140 4142
4143 4141 4142
4143 4142 4144
4142 4145 4144
4148 4147 4146
4146 4147 4149
4149 4147 4150
4150 4147 4151
4151 4147 4152
4152 4147 4153
4153 4147 4154
4154 4147 4155
4155 4147 4156
4156 4147 4157
4157 4147 4158
4158 4147 4159
4159 4147 4160
4160 4147 4161
4161 4147 4162
4162 4147 4163
4163 4147 4164
4164 4147 4148
4167 4166 4165
4168 4167 4165
4169 4168 4165
4170 4168 4169
4171 4170 4169
4172 4171 4169
4173 4171 4172
4174 4173 4172
4175 4174 4172
4176 4174 4175
4176 4175 4177
4178 4176 4177
4179 4178 4177
4180 4179 4177
4181 4180 4177
4182 4180 4181
4183 4182 4181
4184 4183 4181
4185 4183 4184
4186 4185 4184
4187 4186 4184
4188 4186 4187
4189 4188 4187
4190 4189 4187
4191 4189 4190
4192 4191 4190
4193 4192 4190
4194 4192 4193
4195 4194 4193
4196 4195 4193
3986 4197 3987
4197 4198 3987
4199 4198 4197
4200 4199 4197
4199 4200 4201
4200 4202 4201
4201 4202 4203
4204 4201 4203
4203 4205 4204
4205 4206 4204
4207 4206 4205
4208 4207 4205
4207 4208 4209
4208 4210 4209
4209 4210 4211
4212 4209 4211
4211 4213 4212
4213 4214 4212
4214 4213 4215
4216 4214 4215
4215 4217 4216
4217 4218 4216
4219 4218 4217
4220 4219 4217
4219 4220 4221
4220 4222 4221
4223 4221 4222
4224 4223 4222
4223 4224 4225
4224 4226 4225
4225 4226 4227
4228 4225 4227
4227 4229 4228
4229 4230 4228
4231 4230 4229
4232 4231 4229
4231 4232 4233
4232 4234 4233
4233 4234 4235
4236 4233 4235
4235 4237 4236
4237 4238 4236
4239 4238 4237
4240 4239 4237
4239 4240 4241
4240 4242 4241
4241 4242 4243
4244 4241 4243
4243 4245 4244
4245 4246 4244
4247 4246 4245
4248 4247 4245
4247 4248 4249
4248 4250 4249
4249 4250 4251
4252 4249 4251
4251 4253 4252
4253 4254 4252
4254 4253 4255
4256 4254 4255
4255 4257 4256
4257 4258 4256
4259 4258 4257
4260 4259 4257
4259 4260 4261
4260 4262 4261
4263 4261 4262
4264 4263 4262
4263 4264 4265
4264 4266 4265
4265 4266 4267
4268 4265 4267
4267 4269 4268
4269 4270 4268
4271 4270 4269
4272 4271 4269
4271 4272 4273
4272 4274 4273
4273 4274 4275
4276 4273 4275
4279 4278 4277
4278 4280 4277
4281 4280 4278
4282 4281 4278
4281 4282 4283
4282 4284 4283
4285 4283 4284
4286 4285 4284
4285 4286 4287
4286 4288 4287
4289 4287 4288
4290 4289 4288
4289 4290 4291
4290 4292 4291
4293 4291 4292
4294 4293 4292
4293 4294 4295
4294 4296 4295
4297 4295 4296
4298 4297 4296
4297 4298 4299
4298 4300 4299
4299 4300 4301
4302 4299 4301
4301 4303 4302
4303 4304 4302
4304 4303 4305
4306 4304 4305
4305 4307 4306
4307 4308 4306
4308 4307 4309
4310 4308 4309
4309 4311 4310
4311 4312 4310
4312 4311 4313
4314 4312 4313
4313 4315 4314
4315 4316 4314
4316 4315 4317
4318 4316 4317
4317 4319 4318
4319 4320 4318
4321 4320 4319
4322 4321 4319
4321 4322 4323
4322 4324 4323
4325 4323 4324
4326 4325 4324
4325 4326 4327
4326 4328 4327
4329 4327 4328
4330 4329 4328
4329 4330 4331
4330 4332 4331
4333 4331 4332
4334 4333 4332
4333 4334 4335
4334 4336 4335
4337 4335 4336
4338 4337 4336
4337 4338 4339
4338 4340 4339
4339 4340 4341
4342 4339 4341
4341 4343 4342
4343 4344 4342
4344 4343 4345
4346 4344 4345
4345 4347 4346
4347 4348 4346
4348 4347 4349
4350 4348 4349
4349 4351 4350
4351 4352 4350
4352 4351 4353
4354 4352 4353
4353 4355 4354
4355 4356 4354
4356 4355 4357
4358 4356 4357
4357 4359 4358
4359 4360 4358
4361 4360 4359
4362 4361 4359
4361 4362 4363
4362 4364 4363
4365 4363 4364
4366 4365 4364
4365 4366 4367
4366 4368 4367
4369 4367 4368
4370 4369 4368
4369 4370 4371
4370 4372 4371
4373 4371 4372
4374 4373 4372
4373 4374 4375
4374 4376 4375
4377 4375 4376
4378 4377 4376
4377 4378 4379
4378 4380 4379
4379 4380 4381
4382 4379 4381
4381 4383 4382
4383 4384 4382
4384 4383 4385
4386 4384 4385
4385 4387 4386
4387 4388 4386
4388 4387 4389
4390 4388 4389
4389 4391 4390
4391 4392 4390
4392 4391 4393
4394 4392 4393
4393 4395 4394
4395 4396 4394
4396 4395 4397
4398 4396 4397
4397 4399 4398
4399 4400 4398
4401 4400 4399
4402 4401 4399
4401 4402 4403
4402 4404 4403
4405 4403 4404
4406 4405 4404
4405 4406 4407
4406 4408 4407
4409 4407 4408
4410 4409 4408
4409 4410 4411
4410 4412 4411
4413 4411 4412
4414 4413 4412
4413 4414 4415
4414 4416 4415
4417 4415 4416
4418 4417 4416
4417 4418 4419
4418 4420 4419
4419 4420 4421
4422 4419 4421
4421 4423 4422
4423 4424 4422
4424 4423 4425
4426 4424 4425
4425 4427 4426
4427 4428 4426
4428 4427 4429
4430 4428 4429
4429 4431 4430
4431 4432 4430
4432 4431 4433
4434 4432 4433
4433 4435 4434
4435 4436 4434
4436 4435 4437
4438 4436 4437
4441 4440 4439
4440 4442 4439
4443 4442 4440
4444 4443 4440
4443 4444 4445
4444 4446 4445
4447 4445 4446
4448 4447 4446
4447 4448 4449
4448 4450 4449
4449 4450 4451
4452 4449 4451
4451 4453 4452
4453 4454 4452
4454 4453 4455
4456 4454 4455
4457 4195 4196
4458 4457 4196
4459 4458 4196
4460 4458 4459
4461 4460 4459
4462 4461 4459
4463 4461 4462
4464 4463 4462
4465 4464 4462
4466 4464 4465
4467 4466 4465
4468 4467 4465
4469 4467 4468
4470 4469 4468
4471 4470 4468
4472 4470 4471
4473 4472 4471
4474 4473 4471
4475 4473 4474
4476 4475 4474
4477 4476 4474
4478 4476 4477
4166 4478 4477
4165 4166 4477
4481 4480 4479
4480 4482 4479
4479 4482 4483
4482 4484 4483
4483 4484 4485
4484 4486 4485
4485 4486 4487
4486 4488 4487
4487 4488 4489
4488 4490 4489
4489 4490 4491
4490 4492 4491
4491 4492 4493
4492 4494 4493
4493 4494 4495
4494 4496 4495
4495 4496 4497
4496 4498 4497
4497 4498 4499
4498 4500 4499
4499 4500 4501
4500 4502 4501
4501 4502 4503
4502 4504 4503
4503 4504 4505
4504 4506 4505
4505 4506 4507
4506 4508 4507
4507 4508 4509
4508 4510 4509
4509 4510 4511
4510 4512 4511
4511 4512 4513
4512 4514 4513
4513 4514 4515
4514 4516 4515
4514 4517 4516
4517 4518 4516
4519 4517 4514
4512 4519 4514
4520 4519 4512
4510 4520 4512
4521 4520 4510
4508 4521 4510
4522 4521 4508
4506 4522 4508
4523 4522 4506
4504 4523 4506
4524 4523 4504
4502 4524 4504
4525 4524 4502
4500 4525 4502
4526 4525 4500
4498 4526 4500
4527 4526 4498
4496 4527 4498
4528 4527 4496
4494 4528 4496
4529 4528 4494
4492 4529 4494
4530 4529 4492
4490 4530 4492
4531 4530 4490
4488 4531 4490
4532 4531 4488
4486 4532 4488
4533 4532 4486
4484 4533 4486
4534 4533 4484
4482 4534 4484
4535 4534 4482
4480 4535 4482
4538 4537 4536
4536 4537 4539
4537 4540 4539
4539 4540 4541
4541 4540 4542
4540 4543 4542
4542 4543 4544
4544 4543 4545
4543 4546 4545
4545 4546 4547
4547 4546 4548
4546 4549 4548
4548 4549 4550
4550 4549 4551
4549 4552 4551
4551 4552 4553
4553 4552 4554
4552 4555 4554
4554 4555 4556
4556 4555 4557
4555 4558 4557
4557 4558 4559
4559 4558 4560
4558 4561 4560
4560 4561 4562
4562 4561 4563
4561 4564 4563
4563 4564 4565
4565 4564 4566
4564 4567 4566
4566 4567 4568
4568 4567 4569
4567 4570 4569
4569 4570 4571
4571 4570 4572
4570 4573 4572
4572 4573 4574
4574 4573 4575
4573 4576 4575
4575 4576 4577
4577 4576 4578
4576 4579 4578
4578 4579 4580
4580 4579 4581
4579 4582 4581
4581 4582 4583
4583 4582 4584
4582 4585 4584
4584 4585 4586
4586 4585 4587
4585 4588 4587
4587 4588 4589
4589 4588 4538
4588 4537 4538
4592 4591 4590
4590 4591 4593
4591 4594 4593
4593 4594 4595
4595 4594 4596
4594 4597 4596
4596 4597 4598
4598 4597 4599
4597 4600 4599
4599 4600 4601
4601 4600 4602
4600 4603 4602
4602 4603 4604
4604 4603 4605
4603 4606 4605
4605 4606 4607
4607 4606 4608
4606 4609 4608
4608 4609 4610
4610 4609 4611
4609 4612 4611
4611 4612 4613
4613 4612 4614
4612 4615 4614
4614 4615 4616
4616 4615 4617
4615 4618 4617
4617 4618 4619
4619 4618 4620
4618 4621 4620
4620 4621 4622
4622 4621 4623
4621 4624 4623
4623 4624 4625
4625 4624 4626
4624 4627 4626
4626 4627 4628
4628 4627 4629
4627 4630 4629
4629 4630 4631
4631 4630 4632
4630 4633 4632
4632 4633 4634
4634 4633 4635
4633 4636 4635
4635 4636 4637
4637 4636 4638
4636 4639 4638
4638 4639 4640
4640 4639 4641
4639 4642 4641
4641 4642 4643
4643 4642 4592
4642 4591 4592
4646 4645 4644
4645 4647 4644
4644 4647 4648
4647 4649 4648
4648 4649 4650
4649 4651 4650
4650 4651 4652
4651 4653 4652
4652 4653 4654
4653 4655 4654
4654 4655 4656
4655 4657 4656
4656 4657 4658
4657 4659 4658
4658 4659 4660
4659 4661 4660
4660 4661 4662
4661 4663 4662
4662 4663 4664
4663 4665 4664
4664 4665 4666
4665 4667 4666
4666 4667 4668
4667 4669 4668
4668 4669 4670
4669 4671 4670
4670 4671 4672
4671 4673 4672
4672 4673 4674
4673 4675 4674
4674 4675 4676
4675 4677 4676
4676 4677 4678
4677 4679 4678
4678 4679 4680
4679 4681 4680
4679 4682 4681
4682 4683 4681
4682 4679 4677
4684 4682 4677
4685 4684 4677
4675 4685 4677
4685 4675 4673
4686 4685 4673
4687 4686 4673
4671 4687 4673
4688 4687 4671
4669 4688 4671
4689 4688 4669
4667 4689 4669
4690 4689 4667
4665 4690 4667
4455 4691 4456
4691 4692 4456
4692 4691 4693
4694 4692 4693
4693 4695 4694
4695 4696 4694
4697 4696 4695
4698 4697 4695
4697 4698 4699
4698 4700 4699
4701 4699 4700
4702 4701 4700
4701 4702 4703
4702 4704 4703
4705 4703 4704
4706 4705 4704
4705 4706 4707
4706 4708 4707
4707 4708 4709
4710 4707 4709
4709 4711 4710
4711 4712 4710
4712 4711 4713
4714 4712 4713
4713 4715 4714
4715 4716 4714
4717 4716 4715
4718 4717 4715
4717 4718 4719
4718 4720 4719
4721 4719 4720
4722 4721 4720
4721 4722 4723
4722 4724 4723
4723 4724 4725
4726 4723 4725
4725 4727 4726
4727 4728 4726
4728 4727 4729
4730 4728 4729
4729 4731 4730
4731 4732 4730
4732 4731 4733
4734 4732 4733
4733 4735 4734
4735 4736 4734
4737 4736 4735
4738 4737 4735
4737 4738 4739
4738 4740 4739
4741 4739 4740
4742 4741 4740
4741 4742 4743
4742 4744 4743
4745 4743 4744
4746 4745 4744
4745 4746 4747
4746 4748 4747
4747 4748 4749
4750 4747 4749
4749 4751 4750
4751 4752 4750
4752 4751 4753
4754 4752 4753
4753 4755 4754
4755 4756 4754
4757 4756 4755
4758 4757 4755
4757 4758 4759
4758 4760 4759
4761 4759 4760
4762 4761 4760
4761 4762 4763
4762 4764 4763
4763 4764 4765
4766 4763 4765
4765 4767 4766
4767 4768 4766
4768 4767 4769
4770 4768 4769
4769 4771 4770
4771 4772 4770
4772 4771 4773
4774 4772 4773
4773 4775 4774
4775 4776 4774
4777 4776 4775
4778 4777 4775
4777 4778 4779
4778 4780 4779
4781 4779 4780
4782 4781 4780
4781 4782 4783
4782 4784 4783
4785 4783 4784
4786 4785 4784
4785 4786 4787
4786 4788 4787
4787 4788 4789
4790 4787 4789
4789 4791 4790
4791 4792 4790
4792 4791 4793
4794 4792 4793
4793 4795 4794
4795 4796 4794
4797 4796 4795
4798 4797 4795
4797 4798 4799
4798 4800 4799
4801 4799 4800
4802 4801 4800
4801 4802 4803
4802 4804 4803
4803 4804 4805
4806 4803 4805
4805 4807 4806
4807 4808 4806
4808 4807 4809
4810 4808 4809
4809 4811 4810
4811 4812 4810
4812 4811 4813
4814 4812 4813
4813 4815 4814
4815 4816 4814
4817 4816 4815
4818 4817 4815
4817 4818 4819
4818 4820 4819
4821 4819 4820
4822 4821 4820
4821 4822 4823
4822 4824 4823
4825 4823 4824
4826 4825 4824
4825 4826 4827
4826 4828 4827
4827 4828 4829
4830 4827 4829
4829 4831 4830
4831 4832 4830
4832 4831 4833
4834 4832 4833
4837 4836 4835
4836 4838 4835
4835 4838 4839
4838 4840 4839
4839 4840 4841
4840 4842 4841
4841 4842 4843
4842 4844 4843
4843 4844 4845
4844 4846 4845
4845 4846 4847
4846 4848 4847
4847 4848 4849
4848 4850 4849
4849 4850 4851
4850 4852 4851
4851 4852 4853
4852 4854 4853
4853 4854 4855
4854 4856 4855
4855 4856 4857
4856 4858 4857
4857 4858 4859
4858 4860 4859
4859 4860 4861
4860 4862 4861
4861 4862 4863
4862 4864 4863
4863 4864 4865
4864 4866 4865
4865 4866 4867
4866 4868 4867
4867 4868 4869
4868 4870 4869
4869 4870 4871
4870 4872 4871
4871 4872 4873
4872 4874 4873
4873 4874 4875
4874 4876 4875
4875 4876 4877
4876 4878 4877
4877 4878 4879
4878 4880 4879
4879 4880 4881
4880 4882 4881
4881 4882 4883
4882 4884 4883
4883 4884 4885
4884 4886 4885
4885 4886 4887
4886 4888 4887
4887 4888 4889
4888 4890 4889
4889 4890 4891
4890 4892 4891
4891 4892 4893
4892 4894 4893
4893 4894 4895
4894 4896 4895
4895 4896 4897
4896 4898 4897
4897 4898 4899
4898 4900 4899
4899 4900 4901
4900 4902 4901
4901 4902 4903
4902 4904 4903
4903 4904 4905
4904 4906 4905
4905 4906 4907
4906 4908 4907
4906 4909 4908
4909 4910 4908
4909 4911 4910
4911 4912 4910
4913 4911 4909
4914 4913 4909
4914 4909 4906
4904 4914 4906
4915 4914 4904
4902 4915 4904
4916 4915 4902
4900 4916 4902
4917 4916 4900
4898 4917 4900
4918 4917 4898
4896 4918 4898
4919 4918 4896
4894 4919 4896
4920 4919 4894
4892 4920 4894
4921 4920 4892
4890 4921 4892
4922 4921 4890
4888 4922 4890
4923 4922 4888
4886 4923 4888
4924 4923 4886
4884 4924 4886
4925 4924 4884
4882 4925 4884
4926 4925 4882
4880 4926 4882
4927 4926 4880
4878 4927 4880
4928 4927 4878
4876 4928 4878
4929 4928 4876
4874 4929 4876
4930 4929 4874
4872 4930 4874
4931 4690 4665
4663 4931 4665
4931 4663 4661
4932 4931 4661
4933 4932 4661
4659 4933 4661
4934 4933 4659
4657 4934 4659
4935 4934 4657
4655 4935 4657
4935 4655 4653
4936 4935 4653
4937 4936 4653
4651 4937 4653
4938 4937 4651
4649 4938 4651
4939 4938 4649
4647 4939 4649
4940 4939 4647
4645 4940 4647
4943 4942 4941
4941 4942 4944
4942 4945 4944
4944 4945 4946
4946 4945 4947
4945 4948 4947
4947 4948 4949
4949 4948 4950
4948 4951 4950
4950 4951 4952
4952 4951 4953
4951 4954 4953
4953 4954 4955
4955 4954 4956
4954 4957 4956
4956 4957 4958
4958 4957 4959
4957 4960 4959
4959 4960 4961
4961 4960 4962
4960 4963 4962
4962 4963 4964
4964 4963 4965
4963 4966 4965
4965 4966 4967
4967 4966 4968
4966 4969 4968
4968 4969 4970
4970 4969 4971
4969 4972 4971
4971 4972 4973
4973 4972 4974
4972 4975 4974
4974 4975 4976
4976 4975 4977
4975 4978 4977
4977 4978 4979
4979 4978 4980
4978 4981 4980
4980 4981 4982
4982 4981 4983
4981 4984 4983
4983 4984 4985
4985 4984 4986
4984 4987 4986
4986 4987 4988
4988 4987 4989
4987 4990 4989
4989 4990 4991
4991 4990 4992
4990 4993 4992
4992 4993 4994
4994 4993 4943
4993 4942 4943
4997 4996 4995
4996 4998 4995
4998 4999 4995
4995 4999 5000
4999 5001 5000
5001 5002 5000
5000 5002 5003
5002 5004 5003
5004 5005 5003
5003 5005 5006
5005 5007 5006
5007 5008 5006
5006 5008 5009
5008 5010 5009
5010 5011 5009
5009 5011 5012
5011 5013 5012
5013 5014 5012
5012 5014 5015
5014 5016 5015
5016 5017 5015
5015 5017 5018
5017 5019 5018
5019 5020 5018
5018 5020 5021
5020 5022 5021
5022 5023 5021
5021 5023 5024
5023 5025 5024
5025 5026 5024
5024 5026 5027
5026 5028 5027
5028 5029 5027
5027 5029 5030
5029 5031 5030
5031 5032 5030
5030 5032 5033
5032 5034 5033
5034 5035 5033
5033 5035 5036
5035 5037 5036
5037 5038 5036
5036 5038 5039
5038 5040 5039
5040 5041 5039
5039 5041 5042
5041 5043 5042
5043 5044 5042
5042 5044 5045
5044 5046 5045
5046 5047 5045
5045 5047 4997
5047 5048 4997
5048 4996 4997
5051 5050 5049
5050 5052 5049
5049 5052 5053
5052 5054 5053
5053 5054 5055
5054 5056 5055
5055 5056 5057
5056 5058 5057
5057 5058 5059
5058 5060 5059
5059 5060 5061
5060 5062 5061
5061 5062 5063
5062 5064 5063
5063 5064 5065
5064 5066 5065
5065 5066 5067
5066 5068 5067
5067 5068 5069
5068 5070 5069
5069 5070 5071
5070 5072 5071
5071 5072 5073
5072 5074 5073
5073 5074 5075
5074 5076 5075
5075 5076 5077
5076 5078 5077
5077 5078 5079
5078 5080 5079
5079 5080 5081
5080 5082 5081
5081 5082 5083
5082 5084 5083
5083 5084 5085
5084 5086 5085
5085 5086 5087
5086 5088 5087
5087 5088 5089
5088 5090 5089
5089 5090 5091
5090 5092 5091
5091 5092 5093
5092 5094 5093
5093 5094 5095
5094 5096 5095
5095 5096 5097
5096 5098 5097
5097 5098 5099
5098 5100 5099
5099 5100 5101
5100 5102 5101
5101 5102 5103
5102 5104 5103
5103 5104 5105
5104 5106 5105
5105 5106 5107
5106 5108 5107
5107 5108 5109
5108 5110 5109
5109 5110 5111
5110 5112 5111
5111 5112 5113
5112 5114 5113
5113 5114 5115
5114 5116 5115
5115 5116 5117
5116 5118 5117
5117 5118 5119
5118 5120 5119
5119 5120 5121
5120 5122 5121
5125 5124 5123
5126 5125 5123
5127 5125 5126
5128 5127 5126
5129 5127 5128
5130 5129 5128
5130 5128 5131
5128 5132 5131
5132 5128 5126
5133 5132 5126
5126 5123 5133
5123 5134 5133
5133 5134 5135
5136 5133 5135
5132 5133 5136
5137 5132 5136
5138 5137 5136
5139 5138 5136
5136 5135 5139
5135 5140 5139
5141 5137 5138
5142 5141 5138
5143 5141 5142
5144 5143 5142
5145 5143 5144
5146 5145 5144
5145 5146 5147
5148 5145 5147
5147 5149 5148
5147 5150 5149
5150 5151 5149
5151 5152 5149
5152 5151 5129
5130 5152 5129
5152 5130 5131
5153 5152 5131
5149 5152 5153
5148 5149 5153
5148 5153 5145
5153 5143 5145
5143 5153 5131
5141 5143 5131
5131 5132 5141
5132 5137 5141
5156 5155 5154
5157 5156 5154
5154 5158 5157
5158 5159 5157
5159 5158 5160
5161 5159 5160
5162 5161 5160
5163 5162 5160
5164 5162 5163
5165 5164 5163
5164 5165 5166
5167 5164 5166
5168 4930 4872
4870 5168 4872
5169 5168 4870
4868 5169 4870
5170 5169 4868
4866 5170 4868
5171 5170 4866
4864 5171 4866
5172 5171 4864
4862 5172 4864
5173 5172 4862
4860 5173 4862
5174 5173 4860
4858 5174 4860
5175 5174 4858
4856 5175 4858
5176 5175 4856
4854 5176 4856
5177 5176 4854
4852 5177 4854
5178 5177 4852
4850 5178 4852
5179 5178 4850
4848 5179 4850
5180 5179 4848
4846 5180 4848
5181 5180 4846
4844 5181 4846
5182 5181 4844
4842 5182 4844
5183 5182 4842
4840 5183 4842
5184 5183 4840
4838 5184 4840
5185 5184 4838
4836 5185 4838
5185 5186 5184
5186 5187 5184
5184 5187 5183
5187 5188 5183
5183 5188 5182
5188 5189 5182
5182 5189 5181
5189 5190 5181
5181 5190 5180
5190 5191 5180
5180 5191 5179
5191 5192 5179
5179 5192 5178
5192 5193 5178
5178 5193 5177
5193 5194 5177
5177 5194 5176
5194 5195 5176
5176 5195 5175
5195 5196 5175
5175 5196 5174
5196 5197 5174
5174 5197 5173
5197 5198 5173
5173 5198 5172
5198 5199 5172
5172 5199 5171
5199 5200 5171
5171 5200 5170
5200 5201 5170
5170 5201 5169
5201 5202 5169
5169 5202 5168
5202 5203 5168
5168 5203 4930
5203 5204 4930
4930 5204 4929
5204 5205 4929
4929 5205 4928
5205 5206 4928
4928 5206 4927
5206 5207 4927
4927 5207 4926
5207 5208 4926
4926 5208 4925
5208 5209 4925
4925 5209 4924
5209 5210 4924
4924 5210 4923
5210 5211 4923
4923 5211 4922
5211 5212 4922
4922 5212 4921
5212 5213 4921
4921 5213 4920
5213 5214 4920
4920 5214 4919
5214 5215 4919
4919 5215 4918
5215 5216 4918
4918 5216 4917
5216 5217 4917
4917 5217 4916
5217 5218 4916
4916 5218 4915
5218 5219 4915
4915 5219 4914
5219 4913 4914
5222 5221 5220
5221 5223 5220
5223 5224 5220
5220 5224 5225
5224 5226 5225
5226 5227 5225
5225 5227 5228
5227 5229 5228
5229 5230 5228
5228 5230 5231
5230 5232 5231
5232 5233 5231
5231 5233 5234
5233 5235 5234
5235 5236 5234
5234 5236 5237
5236 5238 5237
5238 5239 5237
5237 5239 5240
5239 5241 5240
5241 5242 5240
5240 5242 5243
5242 5244 5243
5244 5245 5243
5243 5245 5246
5245 5247 5246
5247 5248 5246
5246 5248 5249
5248 5250 5249
5250 5251 5249
5249 5251 5252
5251 5253 5252
5253 5254 5252
5252 5254 5255
5254 5256 5255
5256 5257 5255
5255 5257 5258
5257 5259 5258
5259 5260 5258
5258 5260 5261
5260 5262 5261
5262 5263 5261
5261 5263 5264
5263 5265 5264
5265 5266 5264
5264 5266 5267
5266 5268 5267
5268 5269 5267
5267 5269 5270
5269 5271 5270
5271 5272 5270
5270 5272 5222
5272 5273 5222
5273 5221 5222
5273 5274 5221
5274 5275 5221
5221 5275 5223
5275 5276 5223
5223 5276 5224
5276 5277 5224
5224 5277 5226
5277 5278 5226
5226 5278 5227
5278 5279 5227
5227 5279 5229
5279 5280 5229
5229 5280 5230
5280 5281 5230
5230 5281 5232
5281 5282 5232
5232 5282 5233
5282 5283 5233
5233 5283 5235
5283 5284 5235
5235 5284 5236
5284 5285 5236
5236 5285 5238
5285 5286 5238
5238 5286 5239
5286 5287 5239
5239 5287 5241
5287 5288 5241
5241 5288 5242
5288 5289 5242
5242 5289 5244
5289 5290 5244
5244 5290 5245
5290 5291 5245
5245 5291 5247
5291 5292 5247
5247 5292 5248
5292 5293 5248
5248 5293 5250
5293 5294 5250
5250 5294 5251
5294 5295 5251
5251 5295 5253
5295 5296 5253
5253 5296 5254
5296 5297 5254
5254 5297 5256
5297 5298 5256
5256 5298 5257
5298 5299 5257
5257 5299 5259
5299 5300 5259
5259 5300 5260
5300 5301 5260
5260 5301 5262
5301 5302 5262
5262 5302 5263
5302 5303 5263
5263 5303 5265
5303 5304 5265
5265 5304 5266
5304 5305 5266
5266 5305 5268
5305 5306 5268
5268 5306 5269
5306 5307 5269
5269 5307 5271
5307 5308 5271
5271 5308 5272
5308 5309 5272
5272 5309 5273
5309 5274 5273
5309 5310 5274
5310 5311 5274
5274 5311 5275
5311 5312 5275
5275 5312 5276
5312 5313 5276
5276 5313 5277
5313 5314 5277
5277 5314 5278
5314 5315 5278
5278 5315 5279
5315 5316 5279
5279 5316 5280
5316 5317 5280
5280 5317 5281
5317 5318 5281
5281 5318 5282
5318 5319 5282
5282 5319 5283
5319 5320 5283
5283 5320 5284
5320 5321 5284
5284 5321 5285
5321 5322 5285
5285 5322 5286
5322 5323 5286
5166 5324 5167
5166 5325 5324
5325 5326 5324
5326 5327 5324
5327 5326 5328
5329 5327 5328
5329 5328 5330
5328 5331 5330
5330 5331 5332
5331 5333 5332
5332 5333 5334
5333 5335 5334
5332 5334 5336
5334 5337 5336
5336 5337 5156
5157 5336 5156
5338 5336 5157
5159 5338 5157
5339 5338 5159
5161 5339 5159
5161 5162 5339
5162 5340 5339
5340 5162 5164
5167 5340 5164
5167 5324 5340
5324 5327 5340
5340 5327 5339
5327 5329 5339
5329 5330 5339
5330 5338 5339
5338 5330 5332
5336 5338 5332
5286 5323 5287
5323 5341 5287
5287 5341 5288
5341 5342 5288
5288 5342 5289
5342 5343 5289
5289 5343 5290
5343 5344 5290
5290 5344 5291
5344 5345 5291
5291 5345 5292
5345 5346 5292
5292 5346 5293
5346 5347 5293
5293 5347 5294
5347 5348 5294
5294 5348 5295
5348 5349 5295
5295 5349 5296
5349 5350 5296
5296 5350 5297
5350 5351 5297
5297 5351 5298
5351 5352 5298
5298 5352 5299
5352 5353 5299
5299 5353 5300
5353 5354 5300
5300 5354 5301
5354 5355 5301
5301 5355 5302
5355 5356 5302
5302 5356 5303
5356 5357 5303
5303 5357 5304
5357 5358 5304
5304 5358 5305
5358 5359 5305
5305 5359 5306
5359 5360 5306
5306 5360 5307
5360 5361 5307
5307 5361 5308
5361 5362 5308
5308 5362 5309
5362 5310 5309
5362 5363 5310
5363 5364 5310
5310 5364 5311
5364 5365 5311
5311 5365 5312
5365 5366 5312
5312 5366 5313
5366 5367 5313
5313 5367 5314
5367 5368 5314
5314 5368 5315
5368 5369 5315
5315 5369 5316
5369 5370 5316
5316 5370 5317
5370 5371 5317
5317 5371 5318
5371 5372 5318
5318 5372 5319
5372 5373 5319
5319 5373 5320
5373 5374 5320
5320 5374 5321
5374 5375 5321
5321 5375 5322
5375 5376 5322
5322 5376 5323
5376 5377 5323
5323 5377 5341
5377 5378 5341
5341 5378 5342
5378 5379 5342
5342 5379 5343
5379 5380 5343
5343 5380 5344
5380 5381 5344
5344 5381 5345
5381 5382 5345
5345 5382 5346
5382 5383 5346
5346 5383 5347
5383 5384 5347
5347 5384 5348
5384 5385 5348
5348 5385 5349
5385 5386 5349
5349 5386 5350
5386 5387 5350
5350 5387 5351
5387 5388 5351
5351 5388 5352
5388 5389 5352
5352 5389 5353
5389 5390 5353
5353 5390 5354
5390 5391 5354
5354 5391 5355
5391 5392 5355
5355 5392 5356
5392 5393 5356
5356 5393 5357
5393 5394 5357
5357 5394 5358
5394 5395 5358
5358 5395 5359
5395 5396 5359
5359 5396 5360
5396 5397 5360
5360 5397 5361
5397 5398 5361
5361 5398 5362
5398 5363 5362
5401 5400 5399
5400 5402 5399
5399 5402 5403
5402 5404 5403
5403 5404 5405
5404 5406 5405
5405 5406 5407
5406 5408 5407
5407 5408 5409
5408 5410 5409
5409 5410 5411
5410 5412 5411
5411 5412 5413
5412 5414 5413
5413 5414 5415
5414 5416 5415
5415 5416 5417
5416 5418 5417
5417 5418 5419
5418 5420 5419
5419 5420 5421
5420 5422 5421
5421 5422 5423
5422 5424 5423
5423 5424 5425
5424 5426 5425
5425 5426 5427
5426 5428 5427
5427 5428 5429
5428 5430 5429
5429 5430 5431
5430 5432 5431
5431 5432 5433
5432 5434 5433
5433 5434 5435
5434 5436 5435
5434 5437 5436
5437 5438 5436
5437 5439 5438
5439 5440 5438
5439 5441 5440
5441 5442 5440
5441 5443 5442
5443 5444 5442
5444 5445 5442
5446 5443 5441
5447 5446 5441
5448 5447 5441
5448 5441 5439
5449 5448 5439
5449 5439 5437
5450 5449 5437
5450 5437 5434
5432 5450 5434
5451 5450 5432
5430 5451 5432
5452 5451 5430
5428 5452 5430
5453 5452 5428
5426 5453 5428
5454 5453 5426
5424 5454 5426
5455 5454 5424
5422 5455 5424
5456 5455 5422
5420 5456 5422
5457 5456 5420
5418 5457 5420
5458 5457 5418
5416 5458 5418
5459 5458 5416
5414 5459 5416
5460 5459 5414
5412 5460 5414
5461 5460 5412
5410 5461 5412
5462 5461 5410
5408 5462 5410
5463 5462 5408
5406 5463 5408
5464 5463 5406
5404 5464 5406
5465 5464 5404
5402 5465 5404
5466 5465 5402
5400 5466 5402
5466 256 5465
256 254 5465
5465 254 5464
254 252 5464
5464 252 5463
252 250 5463
5463 250 5462
250 248 5462
5462 248 5461
248 246 5461
5461 246 5460
246 244 5460
5460 244 5459
244 242 5459
5459 242 5458
242 240 5458
5458 240 5457
240 237 5457
5457 237 5456
237 5467 5456
5456 5467 5455
5467 5468 5455
5455 5468 5454
5468 5469 5454
5454 5469 5453
5469 5470 5453
5453 5470 5452
5470 5471 5452
5452 5471 5451
5471 5472 5451
5451 5472 5450
5472 5449 5450
5472 5473 5449
5473 5448 5449
5473 5474 5448
5474 5475 5448
5475 5447 5448
5476 5474 5473
290 5476 5473
288 290 5473
288 5473 5472
5471 288 5472
285 288 5471
5470 285 5471
282 285 5470
5469 282 5470
279 282 5469
5468 279 5469
276 279 5468
5467 276 5468
238 276 5467
237 238 5467
sm02_materials\cp_materials\glass\cp_glass_04_shinnier.material
1
0
175
0.125488 3.340332 0.088135
0.752532 0.394989 0.526952
0 0 0 0
0.953552 0.90625
0.098389 3.340332 0.117676
0.588539 0.394487 0.705692
0 0 0 0
0.989868 0.895996
0.10791 3.305664 0.12915
0.627578 0.200566 0.752276
0 0 0 0
0.982727 0.861206
0.137695 3.305664 0.09668
0.800735 0.201712 0.564035
0 0 0 0
0.943909 0.872681
0.110596 3.250488 0.132324
0.640575 0.04028 0.766839
0 0 0 0
0.968506 0.809692
0.141113 3.250488 0.099121
0.81796 0.040469 0.57385
0 0 0 0
0.929382 0.823242
0.110596 3.200684 0.132324
0.637511 -0.097379 0.764263
0 0 0 0
0.951538 0.763
0.141113 3.200684 0.099121
0.814891 -0.096807 0.571473
0 0 0 0
0.913696 0.779175
0.10376 3.144287 0.124268
0.620411 -0.256677 0.741085
0 0 0 0
0.925903 0.712036
0.132568 3.144287 0.093018
0.791305 -0.254827 0.555787
0 0 0 0
0.891724 0.730103
0.091553 3.090088 0.109375
0.591193 -0.389447 0.706273
0 0 0 0
0.894775 0.664551
0.116699 3.090088 0.082031
0.753447 -0.388213 0.530668
0 0 0 0
0.865723 0.682739
0.060791 2.988281 0.072754
0.581293 -0.426112 0.693201
0 0 0 0
0.828674 0.582336
0.077393 2.988281 0.054443
0.741059 -0.425356 0.519522
0 0 0 0
0.809143 0.595032
0.088867 2.988281 0.032471
0.849451 -0.426404 0.310825
0 0 0 0
0.786804 0.605408
0.134033 3.090088 0.049072
0.864889 -0.389256 0.316932
0 0 0 0
0.834839 0.69751
0.1521 3.144287 0.055664
0.908027 -0.256052 0.331548
0 0 0 0
0.856934 0.745605
0.162109 3.200684 0.059326
0.934372 -0.098534 0.342403
0 0 0 0
0.876282 0.794373
0.162109 3.250488 0.059326
0.938811 0.039636 0.342143
0 0 0 0
0.89093 0.837585
0.157959 3.305664 0.057861
0.920625 0.199939 0.33537
0 0 0 0
0.905701 0.886292
0.144043 3.340332 0.052734
0.862736 0.393785 0.317208
0 0 0 0
0.916321 0.919312
0.152832 3.340332 0.013672
0.915167 0.395117 0.079699
0 0 0 0
0.877747 0.933044
0.167725 3.305664 0.014893
0.975682 0.200846 0.087786
0 0 0 0
0.867188 0.900085
0.171875 3.250488 0.015381
0.995129 0.039805 0.090187
0 0 0 0
0.852722 0.85144
0.171875 3.200684 0.015381
0.991168 -0.096973 0.090454
0 0 0 0
0.839111 0.808228
0.169922 3.200684 -0.029785
0.980417 -0.098359 -0.170613
0 0 0 0
0.802002 0.820557
0.169922 3.250488 -0.029785
0.984525 0.041242 -0.170322
0 0 0 0
0.814453 0.864136
0.165771 3.305664 -0.029053
0.964793 0.201835 -0.168633
0 0 0 0
0.828064 0.913025
0.151123 3.340332 -0.026367
0.905407 0.394341 -0.157266
0 0 0 0
0.837891 0.946228
0.13916 3.340332 -0.064697
0.832668 0.395028 -0.388093
0 0 0 0
0.797058 0.958191
0.152588 3.305664 -0.070801
0.888655 0.200964 -0.412196
0 0 0 0
0.788269 0.924683
0.156494 3.250488 -0.072754
0.905704 0.040798 -0.421942
0 0 0 0
0.77594 0.875427
0.156494 3.200684 -0.072754
0.902494 -0.098983 -0.419175
0 0 0 0
0.764832 0.831299
0.132324 3.200684 -0.110596
0.764243 -0.098814 -0.637313
0 0 0 0
0.727539 0.840454
0.132324 3.250488 -0.110596
0.767349 0.041309 -0.639897
0 0 0 0
0.737122 0.885071
0.12915 3.305664 -0.10791
0.75204 0.200793 -0.627789
0 0 0 0
0.747803 0.934753
0.117676 3.340332 -0.098389
0.705794 0.395393 -0.587809
0 0 0 0
0.755371 0.968567
0.088135 3.340332 -0.125488
0.529083 0.394549 -0.751267
0 0 0 0
0.713135 0.977234
0.09668 3.305664 -0.137695
0.562901 0.200755 -0.801773
0 0 0 0
0.706909 0.943176
0.099121 3.250488 -0.141113
0.57338 0.040862 -0.81827
0 0 0 0
0.698059 0.893066
0.099121 3.200684 -0.141113
0.572677 -0.098737 -0.813813
0 0 0 0
0.690125 0.848083
0.059326 3.200684 -0.162109
0.341276 -0.099256 -0.934708
0 0 0 0
0.652466 0.854126
0.059326 3.250488 -0.162109
0.344291 0.039464 -0.938033
0 0 0 0
0.658691 0.899475
0.015381 3.250488 -0.171875
0.089748 0.040042 -0.995159
0 0 0 0
0.61908 0.904236
0.015381 3.200684 -0.171875
0.089658 -0.097934 -0.991146
0 0 0 0
0.614685 0.858643
-0.029785 3.200684 -0.169922
-0.171947 -0.097666 -0.980253
0 0 0 0
0.576782 0.861572
-0.029785 3.250488 -0.169922
-0.172121 0.039932 -0.984266
0 0 0 0
0.579407 0.907349
-0.072754 3.250488 -0.156494
-0.419792 0.039145 -0.906776
0 0 0 0
0.539551 0.908875
-0.072754 3.200684 -0.156494
-0.41932 -0.098426 -0.902487
0 0 0 0
0.538757 0.863037
-0.110596 3.200684 -0.132324
-0.637511 -0.097379 -0.764263
0 0 0 0
0.500793 0.862915
-0.110596 3.250488 -0.132324
-0.640575 0.04028 -0.766839
0 0 0 0
0.499756 0.908752
-0.141113 3.250488 -0.099121
-0.81796 0.040469 -0.57385
0 0 0 0
0.459961 0.907043
-0.141113 3.200684 -0.099121
-0.814891 -0.096807 -0.571473
0 0 0 0
0.46283 0.861267
-0.162109 3.200684 -0.059326
-0.934372 -0.098534 -0.342403
0 0 0 0
0.424927 0.858154
-0.162109 3.250488 -0.059326
-0.938811 0.039636 -0.342143
0 0 0 0
0.420227 0.903748
-0.171875 3.250488 -0.015381
-0.995129 0.039805 -0.090187
0 0 0 0
0.380676 0.898804
-0.171875 3.200684 -0.015381
-0.991001 -0.098998 -0.090087
0 0 0 0
0.387207 0.853455
-0.169922 3.200684 0.029785
-0.980417 -0.098359 0.170613
0 0 0 0
0.34967 0.847229
-0.169922 3.250488 0.029785
-0.984525 0.041242 0.170322
0 0 0 0
0.34137 0.892212
-0.156494 3.250488 0.072754
-0.905704 0.040798 0.421942
0 0 0 0
0.302368 0.884033
-0.156494 3.200684 0.072754
-0.902493 -0.098983 0.419175
0 0 0 0
0.312317 0.839478
-0.132324 3.200684 0.110596
-0.764243 -0.098814 0.637313
0 0 0 0
0.275269 0.830139
-0.132324 3.250488 0.110596
-0.767349 0.041309 0.639897
0 0 0 0
0.263672 0.874268
-0.099121 3.250488 0.141113
-0.57338 0.040862 0.81827
0 0 0 0
0.225342 0.862854
-0.099121 3.200684 0.141113
-0.572677 -0.098737 0.813813
0 0 0 0
0.238464 0.819275
-0.059326 3.200684 0.162109
-0.341276 -0.099256 0.934708
0 0 0 0
0.201843 0.806885
-0.059326 3.250488 0.162109
-0.344291 0.039464 0.938033
0 0 0 0
0.187378 0.849854
-0.015381 3.250488 0.171875
-0.089748 0.040042 0.995159
0 0 0 0
0.14978 0.835388
-0.015381 3.200684 0.171875
-0.089658 -0.097934 0.991146
0 0 0 0
0.165344 0.792847
0.029785 3.200684 0.169922
0.171947 -0.097666 0.980253
0 0 0 0
0.128845 0.777283
0.029785 3.250488 0.169922
0.172121 0.039932 0.984266
0 0 0 0
0.112244 0.819824
0.072754 3.250488 0.156494
0.419792 0.039145 0.906776
0 0 0 0
0.074463 0.803711
0.072754 3.200684 0.156494
0.41932 -0.098426 0.902487
0 0 0 0
0.092102 0.760437
0.110596 3.200684 0.132324
0.637511 -0.097379 0.764263
0 0 0 0
0.055054 0.742493
0.110596 3.250488 0.132324
0.640575 0.04028 0.766839
0 0 0 0
0.036011 0.788391
0.070801 3.305664 0.152588
0.412427 0.200168 0.888727
0 0 0 0
0.057678 0.852478
0.10791 3.305664 0.12915
0.627578 0.200566 0.752276
0 0 0 0
0.01947 0.839172
0.064697 3.340332 0.13916
0.387721 0.39566 0.832542
0 0 0 0
0.04657 0.885498
0.098389 3.340332 0.117676
0.588539 0.394487 0.705692
0 0 0 0
0.010681 0.873657
0.029053 3.305664 0.165771
0.168539 0.201424 0.964895
0 0 0 0
0.095276 0.867798
0.026367 3.340332 0.151123
0.15785 0.3953 0.904887
0 0 0 0
0.08313 0.900269
-0.013672 3.340332 0.152832
-0.082527 0.393697 0.915528
0 0 0 0
0.121033 0.915771
-0.014893 3.305664 0.167725
-0.086559 0.20197 0.975559
0 0 0 0
0.133057 0.883301
-0.057861 3.305664 0.157959
-0.337227 0.201795 0.919542
0 0 0 0
0.17157 0.89801
-0.052734 3.340332 0.144043
-0.316227 0.393616 0.863172
0 0 0 0
0.160217 0.930725
-0.088135 3.340332 0.125488
-0.529083 0.394549 0.751267
0 0 0 0
0.2005 0.944519
-0.09668 3.305664 0.137695
-0.562901 0.200755 0.801773
0 0 0 0
0.210815 0.911499
-0.12915 3.305664 0.10791
-0.75204 0.200793 0.627789
0 0 0 0
0.250732 0.923401
-0.117676 3.340332 0.098389
-0.705794 0.395393 0.587809
0 0 0 0
0.241638 0.956848
-0.13916 3.340332 0.064697
-0.832668 0.395028 0.388093
0 0 0 0
0.283447 0.967468
-0.152588 3.305664 0.070801
-0.888655 0.200964 0.412196
0 0 0 0
0.291199 0.933716
-0.165771 3.305664 0.029053
-0.964793 0.201835 0.168633
0 0 0 0
0.332153 0.942322
-0.151123 3.340332 0.026367
-0.905407 0.394341 0.157266
0 0 0 0
0.325745 0.976318
-0.152832 3.340332 -0.013672
-0.915167 0.395117 -0.079699
0 0 0 0
0.368469 0.983459
-0.167725 3.305664 -0.014893
-0.975682 0.200846 -0.087786
0 0 0 0
0.373413 0.949219
-0.157959 3.305664 -0.057861
-0.920625 0.199939 -0.335371
0 0 0 0
0.414978 0.954407
-0.144043 3.340332 -0.052734
-0.862736 0.393785 -0.317208
0 0 0 0
0.411377 0.988831
-0.125488 3.340332 -0.088135
-0.752532 0.394989 -0.526952
0 0 0 0
0.454529 0.992493
-0.137695 3.305664 -0.09668
-0.800735 0.201712 -0.564035
0 0 0 0
0.456726 0.957886
-0.10791 3.305664 -0.12915
-0.627578 0.200566 -0.752276
0 0 0 0
0.498596 0.959717
-0.098389 3.340332 -0.117676
-0.588539 0.394487 -0.705692
0 0 0 0
0.497803 0.994324
-0.064697 3.340332 -0.13916
-0.387721 0.39566 -0.832542
0 0 0 0
0.541077 0.994446
-0.070801 3.305664 -0.152588
-0.412427 0.200168 -0.888727
0 0 0 0
0.540466 0.959778
-0.029053 3.305664 -0.165771
-0.168539 0.201424 -0.964895
0 0 0 0
0.582336 0.958191
0.014893 3.305664 -0.167725
0.086559 0.20197 -0.975559
0 0 0 0
0.624084 0.954895
0.057861 3.305664 -0.157959
0.337227 0.201795 -0.919542
0 0 0 0
0.665649 0.94989
0.052734 3.340332 -0.144043
0.316227 0.393616 -0.863172
0 0 0 0
0.67041 0.984192
0.013672 3.340332 -0.152832
0.082527 0.393697 -0.915528
0 0 0 0
0.627502 0.98938
-0.026367 3.340332 -0.151123
-0.15785 0.3953 -0.904887
0 0 0 0
0.584351 0.992798
0.10376 3.144287 0.124268
0.620411 -0.256677 0.741085
0 0 0 0
0.083008 0.69281
0.068115 3.144287 0.146729
0.405833 -0.255822 0.877414
0 0 0 0
0.116333 0.712402
0.091553 3.090088 0.109375
0.591193 -0.389447 0.706273
0 0 0 0
0.116272 0.64679
0.060059 3.090088 0.129395
0.38808 -0.38808 0.835936
0 0 0 0
0.14447 0.66626
0.060791 2.988281 0.072754
0.581293 -0.426112 0.693201
0 0 0 0
0.186035 0.567688
0.039795 2.988281 0.085938
0.381169 -0.426013 0.820502
0 0 0 0
0.204956 0.581238
0.024414 3.090088 0.140625
0.157988 -0.387543 0.908213
0 0 0 0
0.174622 0.682434
0.016357 2.988281 0.093262
0.154599 -0.426156 0.891342
0 0 0 0
0.226868 0.592651
-0.012695 3.090088 0.14209
-0.082575 -0.388509 0.917738
0 0 0 0
0.205872 0.696289
-0.008301 2.988281 0.094238
-0.079511 -0.427204 0.900653
0 0 0 0
0.250916 0.602844
-0.049072 3.090088 0.134033
-0.316417 -0.388512 0.865412
0 0 0 0
0.237793 0.708435
-0.032471 2.988281 0.088867
-0.309761 -0.426752 0.849665
0 0 0 0
0.27655 0.612244
-0.082031 3.090088 0.116699
-0.529433 -0.389632 0.753584
0 0 0 0
0.270142 0.719116
-0.054443 2.988281 0.077393
-0.51966 -0.426817 0.740122
0 0 0 0
0.303345 0.62085
-0.072754 2.988281 0.060791
-0.694207 -0.426354 0.579912
0 0 0 0
0.331055 0.628601
-0.109375 3.090088 0.091553
-0.706604 -0.388447 0.591455
0 0 0 0
0.302795 0.728455
-0.093018 3.144287 0.132568
-0.555994 -0.255103 0.791071
0 0 0 0
0.253967 0.769348
-0.055664 3.144287 0.1521
-0.333474 -0.255168 0.907571
0 0 0 0
0.219299 0.75769
-0.014404 3.144287 0.161133
-0.086278 -0.256096 0.962793
0 0 0 0
0.184753 0.744446
0.027832 3.144287 0.159424
0.165278 -0.25543 0.952596
0 0 0 0
0.150391 0.729492
-0.124268 3.144287 0.10376
-0.742608 -0.254999 0.619281
0 0 0 0
0.288818 0.77948
-0.146729 3.144287 0.068115
-0.877356 -0.256137 0.405759
0 0 0 0
0.323914 0.788147
-0.129395 3.090088 0.060059
-0.835312 -0.388276 0.389225
0 0 0 0
0.335693 0.73645
-0.085938 2.988281 0.039795
-0.821046 -0.426025 0.379983
0 0 0 0
0.359375 0.635376
-0.093262 2.988281 0.016357
-0.891726 -0.425382 0.154514
0 0 0 0
0.388123 0.641174
-0.140625 3.090088 0.024414
-0.907891 -0.388194 0.158236
0 0 0 0
0.368896 0.743225
-0.159424 3.144287 0.027832
-0.952505 -0.256322 0.164421
0 0 0 0
0.359192 0.79541
-0.161133 3.144287 -0.014404
-0.962868 -0.255746 -0.086479
0 0 0 0
0.394714 0.801208
-0.14209 3.090088 -0.012695
-0.917614 -0.389198 -0.080677
0 0 0 0
0.402283 0.748657
-0.094238 2.988281 -0.008301
-0.901263 -0.425737 -0.080455
0 0 0 0
0.417236 0.645813
-0.134033 3.090088 -0.049072
-0.864889 -0.389256 -0.316932
0 0 0 0
0.435791 0.752747
-0.088867 2.988281 -0.032471
-0.849451 -0.426404 -0.310825
0 0 0 0
0.446533 0.649414
-0.077393 2.988281 -0.054443
-0.741059 -0.425356 -0.519522
0 0 0 0
0.476013 0.651794
-0.116699 3.090088 -0.082031
-0.753447 -0.388213 -0.530668
0 0 0 0
0.469482 0.755493
-0.091553 3.090088 -0.109375
-0.591193 -0.389447 -0.706273
0 0 0 0
0.503174 0.756958
-0.060791 2.988281 -0.072754
-0.581293 -0.426112 -0.693201
0 0 0 0
0.505554 0.653076
-0.060059 3.090088 -0.129395
-0.38808 -0.38808 -0.835936
0 0 0 0
0.536987 0.75708
-0.039795 2.988281 -0.085938
-0.381169 -0.426013 -0.820502
0 0 0 0
0.535156 0.653198
-0.016357 2.988281 -0.093262
-0.154599 -0.426156 -0.891342
0 0 0 0
0.564697 0.6521
-0.024414 3.090088 -0.140625
-0.157988 -0.387543 -0.908213
0 0 0 0
0.57074 0.755798
-0.068115 3.144287 -0.146729
-0.405833 -0.255822 -0.877414
0 0 0 0
0.537903 0.810242
-0.10376 3.144287 -0.124268
-0.620411 -0.256677 -0.741085
0 0 0 0
0.502014 0.81012
-0.132568 3.144287 -0.093018
-0.791305 -0.254827 -0.555787
0 0 0 0
0.466125 0.808594
-0.1521 3.144287 -0.055664
-0.908027 -0.256052 -0.331548
0 0 0 0
0.430359 0.805603
-0.027832 3.144287 -0.159424
-0.165278 -0.25543 -0.952596
0 0 0 0
0.57373 0.808899
0.014404 3.144287 -0.161133
0.086278 -0.256096 -0.962793
0 0 0 0
0.609558 0.806152
0.055664 3.144287 -0.1521
0.333474 -0.255168 -0.907571
0 0 0 0
0.645264 0.801941
0.093018 3.144287 -0.132568
0.555994 -0.255103 -0.791071
0 0 0 0
0.680908 0.796265
0.049072 3.090088 -0.134033
0.316417 -0.388512 -0.865412
0 0 0 0
0.638 0.749329
0.012695 3.090088 -0.14209
0.082575 -0.388509 -0.917738
0 0 0 0
0.604431 0.753235
0.008301 2.988281 -0.094238
0.079511 -0.427204 -0.900653
0 0 0 0
0.594116 0.649902
0.032471 2.988281 -0.088867
0.309761 -0.426752 -0.849665
0 0 0 0
0.623413 0.646484
0.082031 3.090088 -0.116699
0.529433 -0.389632 -0.753583
0 0 0 0
0.671448 0.744141
0.054443 2.988281 -0.077393
0.51966 -0.426817 -0.740122
0 0 0 0
0.652405 0.64209
0.109375 3.090088 -0.091553
0.706604 -0.388447 -0.591455
0 0 0 0
0.704712 0.73761
0.072754 2.988281 -0.060791
0.694208 -0.426354 -0.579912
0 0 0 0
0.68103 0.636597
0.129395 3.090088 -0.060059
0.835312 -0.388276 -0.389225
0 0 0 0
0.737793 0.729797
0.085938 2.988281 -0.039795
0.821046 -0.426025 -0.379983
0 0 0 0
0.709045 0.630127
0.140625 3.090088 -0.024414
0.907891 -0.388194 -0.158236
0 0 0 0
0.770569 0.720581
0.093262 2.988281 -0.016357
0.891726 -0.425382 -0.154514
0 0 0 0
0.736267 0.622742
0.14209 3.090088 0.012695
0.917614 -0.389198 0.080677
0 0 0 0
0.802979 0.709961
0.094238 2.988281 0.008301
0.901263 -0.425737 0.080455
0 0 0 0
0.762268 0.614563
0.161133 3.144287 0.014404
0.962868 -0.255746 0.086479
0 0 0 0
0.821899 0.759033
0.159424 3.144287 -0.027832
0.952505 -0.256322 -0.164421
0 0 0 0
0.786804 0.77063
0.146729 3.144287 -0.068115
0.877356 -0.256137 -0.405759
0 0 0 0
0.751648 0.780701
0.124268 3.144287 -0.10376
0.742608 -0.254999 -0.61928
0 0 0 0
0.716309 0.789246
288
2 1 0
3 2 0
4 2 3
5 4 3
6 4 5
7 6 5
8 6 7
9 8 7
10 8 9
11 10 9
12 10 11
13 12 11
13 11 14
11 15 14
11 9 15
9 16 15
9 7 16
7 17 16
7 5 17
5 18 17
5 3 18
3 19 18
3 0 19
0 20 19
19 20 21
22 19 21
18 19 22
23 18 22
17 18 23
24 17 23
24 23 25
23 26 25
23 22 26
22 27 26
22 21 27
21 28 27
27 28 29
30 27 29
26 27 30
31 26 30
25 26 31
32 25 31
32 31 33
31 34 33
31 30 34
30 35 34
30 29 35
29 36 35
35 36 37
38 35 37
34 35 38
39 34 38
33 34 39
40 33 39
40 39 41
39 42 41
41 42 43
44 41 43
44 43 45
43 46 45
45 46 47
48 45 47
48 47 49
47 50 49
49 50 51
52 49 51
52 51 53
51 54 53
53 54 55
56 53 55
56 55 57
55 58 57
57 58 59
60 57 59
60 59 61
59 62 61
61 62 63
64 61 63
64 63 65
63 66 65
65 66 67
68 65 67
68 67 69
67 70 69
69 70 71
72 69 71
72 71 73
71 74 73
71 75 74
75 76 74
75 77 76
77 78 76
75 79 77
79 80 77
81 80 79
82 81 79
82 79 70
67 82 70
67 66 82
66 83 82
82 83 81
83 84 81
85 84 83
86 85 83
86 83 66
63 86 66
63 62 86
62 87 86
86 87 85
87 88 85
89 88 87
90 89 87
90 87 62
59 90 62
59 58 90
58 91 90
90 91 89
91 92 89
93 92 91
94 93 91
94 91 58
55 94 58
55 54 94
54 95 94
94 95 93
95 96 93
97 96 95
98 97 95
98 95 54
51 98 54
51 50 98
50 99 98
98 99 97
99 100 97
101 100 99
102 101 99
102 99 50
47 102 50
103 102 47
46 103 47
104 103 46
43 104 46
43 42 104
42 105 104
105 42 39
38 105 39
38 37 105
37 106 105
105 106 107
104 105 107
104 107 103
107 108 103
103 108 101
102 103 101
70 79 75
71 70 75
72 73 109
110 72 109
110 109 111
112 110 111
112 111 113
114 112 113
115 112 114
116 115 114
117 115 116
118 117 116
119 117 118
120 119 118
121 119 120
122 121 120
122 123 121
123 124 121
121 124 125
121 125 119
125 126 119
119 126 127
117 119 127
117 127 115
127 128 115
115 128 110
112 115 110
110 128 72
128 69 72
68 69 128
127 68 128
127 126 68
126 65 68
64 65 126
125 64 126
125 129 64
129 61 64
60 61 129
130 60 129
130 129 124
124 129 125
131 130 124
131 124 123
132 131 123
132 133 131
133 134 131
131 134 130
134 135 130
130 135 60
135 57 60
56 57 135
136 56 135
136 135 134
137 136 134
137 134 133
138 137 133
139 137 138
140 139 138
139 140 141
142 139 141
143 142 141
144 143 141
145 143 144
146 145 144
146 147 145
147 148 145
145 148 149
145 149 143
149 150 143
143 150 151
142 143 151
142 151 139
151 152 139
139 152 136
137 139 136
136 152 56
152 53 56
52 53 152
151 52 152
151 150 52
150 49 52
48 49 150
149 48 150
149 153 48
153 45 48
44 45 153
154 44 153
41 44 154
155 41 154
40 41 155
156 40 155
156 155 157
157 155 154
158 157 154
158 154 148
158 148 147
159 158 147
159 160 158
160 157 158
161 157 160
162 161 160
163 161 162
164 163 162
165 163 164
166 165 164
167 165 166
168 167 166
169 167 168
170 169 168
170 14 169
14 15 169
169 15 171
169 171 167
171 172 167
167 172 173
165 167 173
165 173 163
173 174 163
163 174 156
161 163 156
161 156 157
156 174 40
174 33 40
33 174 173
32 33 173
173 172 32
172 25 32
24 25 172
171 24 172
17 24 171
16 17 171
15 16 171
154 153 148
148 153 149
