0
9
sm00_materials\cp_materials\glass\cp_glass_04_shinnier.material
1
0
40
-1.988281 2.488037 0.728516
-1 0.000978 -0.000001
0 0 0 0
0.680908 0.505615
-1.988281 2.488037 -0.204834
-1 0.000978 -0.000001
0 0 0 0
0.428223 0.505615
-1.988281 0.668457 -0.204346
-1 0.000978 -0.000001
0 0 0 0
0.428467 0.998047
-1.988281 0.668457 0.729004
-1 0.000978 -0.000001
0 0 0 0
0.680908 0.998047
-1.971436 2.488037 -0.391602
-1 0.000978 -0.000001
0 0 0 0
0.779297 0.505615
-1.971436 2.488037 -0.728516
-1 0.000978 -0.000001
0 0 0 0
0.688232 0.505615
-1.971436 0.668457 -0.728027
-1 0.000978 -0.000001
0 0 0 0
0.688477 0.998047
-1.971436 0.668457 -0.391113
-1 0.000978 -0.000001
0 0 0 0
0.779541 0.998047
-1.864502 1.694336 -0.570312
-1 0.000978 -0.000001
0 0 0 0
0.219971 0.226562
-1.864502 1.694336 -0.561279
-1 0.000978 -0.000001
0 0 0 0
0.222412 0.226562
-1.864502 2.472656 -0.561279
-1 0.000978 -0.000001
0 0 0 0
0.222412 0.016113
-1.864502 2.472656 -0.570312
-1 0.000978 -0.000001
0 0 0 0
0.219971 0.016113
-1.034424 1.694336 -0.570312
0.001382 0.001382 -0.999998
0 0 0 0
0.764893 0.501709
-1.864502 1.694336 -0.570312
0.001382 0.001382 -0.999998
0 0 0 0
0.764893 0.2771
-1.864502 2.472656 -0.570312
0.001382 0.001382 -0.999998
0 0 0 0
0.554199 0.2771
-1.034424 2.472656 -0.570312
0.001382 0.001382 -0.999998
0 0 0 0
0.554199 0.501709
-1.034424 2.472656 -0.561279
1 0.000978 -0.000001
0 0 0 0
0.229492 0.016113
-1.034424 1.694336 -0.561279
1 0.000978 -0.000001
0 0 0 0
0.229492 0.226562
-1.034424 1.694336 -0.570312
1 0.000978 -0.000001
0 0 0 0
0.231934 0.226562
-1.034424 2.472656 -0.570312
1 0.000978 -0.000001
0 0 0 0
0.231934 0.016113
0.087158 1.694336 -0.570312
-1 0.000978 -0.000001
0 0 0 0
0.239014 0.226562
0.087158 1.694336 -0.561279
-1 0.000978 -0.000001
0 0 0 0
0.241455 0.226562
0.087158 2.472656 -0.561279
-1 0.000978 -0.000001
0 0 0 0
0.241455 0.016113
0.087158 2.472656 -0.570312
-1 0.000978 -0.000001
0 0 0 0
0.239014 0.016113
0.917236 1.694336 -0.570312
0.001382 0.001382 -0.999998
0 0 0 0
0.331787 0.455078
0.087158 1.694336 -0.570312
0.001382 0.001382 -0.999998
0 0 0 0
0.331787 0.230469
0.087158 2.472656 -0.570312
0.001382 0.001382 -0.999998
0 0 0 0
0.121094 0.230469
0.917236 2.472656 -0.570312
0.001382 0.001382 -0.999998
0 0 0 0
0.121094 0.455078
0.917236 1.694336 -0.561279
1 0.000978 -0.000001
0 0 0 0
0.248779 0.226562
0.917236 1.694336 -0.570312
1 0.000978 -0.000001
0 0 0 0
0.251221 0.226562
0.917236 2.472656 -0.570312
1 0.000978 -0.000001
0 0 0 0
0.251221 0.016113
0.917236 2.472656 -0.561279
1 0.000978 -0.000001
0 0 0 0
0.248779 0.016113
1.972168 0.985107 0.77417
1 0.000978 -0.000001
0 0 0 0
0.001953 0.998047
1.972168 0.985107 -0.77417
1 0.000978 -0.000001
0 0 0 0
0.420898 0.998047
1.972168 2.977051 -0.77417
1 0.000978 -0.000001
0 0 0 0
0.420898 0.458984
1.972168 2.977051 0.77417
1 0.000978 -0.000001
0 0 0 0
0.001953 0.458984
0.977051 2.285156 -0.90918
0.001382 0.001382 -0.999998
0 0 0 0
0.785645 0.998047
1.674805 2.285156 -0.90918
0.001382 0.001382 -0.999998
0 0 0 0
0.974609 0.998047
1.674805 0.811035 -0.90918
0.001382 0.001382 -0.999998
0 0 0 0
0.974609 0.599121
0.977051 0.811035 -0.90918
0.001382 0.001382 -0.999998
0 0 0 0
0.785645 0.599121
20
2 1 0
3 2 0
6 5 4
7 6 4
10 9 8
11 10 8
14 13 12
15 14 12
18 17 16
19 18 16
22 21 20
23 22 20
26 25 24
27 26 24
30 29 28
31 30 28
34 33 32
35 34 32
38 37 36
39 38 36
sm01_materials\cp_materials\metal\gh_cp_base_steal_trim_shiny_01.material
1
0
1798
-0.383545 2.542725 -0.750244
1 -0.000977 -0.000001
0 0 0 0
0.12915 -0.091064
-0.383545 2.542725 -0.893555
1 -0.000977 -0.000001
0 0 0 0
0.2146 -0.091064
-0.383545 2.601807 -0.893555
1 -0.000977 -0.000001
0 0 0 0
0.2146 -0.003906
-0.383545 2.602051 -0.750244
1 -0.000977 -0.000001
0 0 0 0
0.12915 -0.003906
-0.399414 2.542725 -0.893555
0.001149 -0.924663 -0.380785
0 0 0 0
0.385498 0.00293
-0.399414 2.601807 -0.893555
0.001382 -0.001382 -0.999998
0 0 0 0
0.290283 0.00293
-0.383545 2.601807 -0.893555
0.001382 -0.001382 -0.999998
0 0 0 0
0.290283 0.02832
-0.383545 2.542725 -0.893555
0.001149 -0.924663 -0.380785
0 0 0 0
0.385498 0.02832
-0.399414 2.542725 -0.750244
-0.00115 -0.923391 0.383858
0 0 0 0
0.48584 0.00293
-0.383545 2.542725 -0.750244
-0.00115 -0.923391 0.383858
0 0 0 0
0.48584 0.02832
-0.399414 2.602051 -0.750244
-0.001382 0.001382 0.999998
0 0 0 0
0.581787 0.00293
-0.383545 2.602051 -0.750244
-0.001382 0.001382 0.999998
0 0 0 0
0.581787 0.02832
-0.399414 2.542725 -0.750244
-1 -0.000977 -0.000001
0 0 0 0
0.2146 -0.091064
-0.399414 2.602051 -0.750244
-1 -0.000977 -0.000001
0 0 0 0
0.2146 -0.003906
-0.399414 2.601807 -0.893555
-1 -0.000977 -0.000001
0 0 0 0
0.12915 -0.003906
-0.399414 2.542725 -0.893555
-1 -0.000977 -0.000001
0 0 0 0
0.12915 -0.091064
-0.383545 2.602051 -0.736328
0.001359 -0.360143 0.932896
0 0 0 0
-0.389893 0.02832
-0.399414 2.602051 -0.762207
0.000978 -1 -0.000001
0 0 0 0
-0.418213 0.00293
-0.383545 2.602051 -0.76416
0.000978 -1 -0.000001
0 0 0 0
-0.418213 0.02832
-0.399414 2.602051 -0.736328
0.00136 -0.352262 0.9359
0 0 0 0
-0.389893 0.00293
-0.383545 2.671631 -0.736328
-0.001382 -0.001382 0.999998
0 0 0 0
-0.322266 0.02832
-0.399414 2.671631 -0.736328
-0.001382 -0.001382 0.999998
0 0 0 0
-0.322266 0.00293
-0.383545 2.671631 -0.736328
1 0.000978 -0.000001
0 0 0 0
-0.002686 0.090332
-0.383545 2.602051 -0.736328
1 0.000978 -0.000001
0 0 0 0
-0.002686 0.033691
-0.383545 2.602051 -0.76416
1 0.000978 -0.000001
0 0 0 0
-0.026123 0.033691
-0.383545 2.671631 -0.821777
1 0.000978 -0.000001
0 0 0 0
-0.082031 0.090332
-0.383545 2.602051 -0.821777
1 0.000978 -0.000001
0 0 0 0
-0.082031 0.033691
-0.399414 2.671387 -0.907227
-0.001382 0.001382 -0.999998
0 0 0 0
0.19458 0.00293
-0.383545 2.671387 -0.907227
0.001382 0.001382 -0.999998
0 0 0 0
0.19458 0.02832
-0.383545 2.601807 -0.907227
-0.001359 -0.357518 -0.933905
0 0 0 0
0.262207 0.02832
-0.399414 2.601807 -0.907227
-0.00136 -0.349631 -0.936887
0 0 0 0
0.262207 0.00293
-0.399414 2.601807 -0.881836
-0.000977 -1 -0.000001
0 0 0 0
0.290283 0.00293
-0.383545 2.601807 -0.879639
-0.000977 -1 -0.000001
0 0 0 0
0.290283 0.02832
-0.383545 2.601807 -0.879639
1 0.000978 -0.000001
0 0 0 0
-0.026123 0.033691
-0.383545 2.601807 -0.907227
1 0.000978 -0.000001
0 0 0 0
-0.002686 0.033691
-0.383545 2.671387 -0.907227
1 0.000978 -0.000001
0 0 0 0
-0.002686 0.090332
-0.383545 2.671631 -0.821777
1 0.000978 -0.000001
0 0 0 0
-0.082031 0.090332
-0.383545 2.602051 -0.821777
1 0.000978 -0.000001
0 0 0 0
-0.082031 0.033691
-1.503174 2.671631 -0.736328
0.001382 -0.001382 0.999998
0 0 0 0
0.996826 0.089844
-0.399414 2.602051 -0.736328
0.00136 -0.352262 0.9359
0 0 0 0
0.003906 0.0354
-0.399414 2.671631 -0.736328
-0.001382 -0.001382 0.999998
0 0 0 0
0.003906 0.089844
-1.503174 2.602051 -0.736328
-0.00136 -0.354891 0.934907
0 0 0 0
0.996826 0.0354
-0.399414 2.602051 -0.736328
0.00136 -0.352262 0.9359
0 0 0 0
0.003906 0.003662
-1.503174 2.602051 -0.736328
-0.00136 -0.354891 0.934907
0 0 0 0
0.996826 0.003662
-1.503174 2.602051 -0.762207
-0.000977 -1 -0.000001
0 0 0 0
0.996826 0.027344
-0.399414 2.602051 -0.762207
0.000978 -1 -0.000001
0 0 0 0
0.003906 0.027344
-0.399414 2.601807 -0.881836
-0.000977 -1 -0.000001
0 0 0 0
0.003906 0.027344
-1.503174 2.601807 -0.907227
0.00136 -0.349631 -0.936887
0 0 0 0
0.996826 0.003662
-0.399414 2.601807 -0.907227
-0.00136 -0.349631 -0.936887
0 0 0 0
0.003906 0.003662
-1.503174 2.601807 -0.881836
0.000978 -1 -0.000001
0 0 0 0
0.996826 0.027344
-0.399414 2.601807 -0.907227
-0.00136 -0.349631 -0.936887
0 0 0 0
0.003906 0.0354
-1.503174 2.601807 -0.907227
0.00136 -0.349631 -0.936887
0 0 0 0
0.996826 0.0354
-1.503174 2.671387 -0.907227
-0.001382 0.001382 -0.999998
0 0 0 0
0.996826 0.0896
-0.399414 2.671387 -0.907227
-0.001382 0.001382 -0.999998
0 0 0 0
0.003906 0.0896
-0.399414 2.602051 -0.762207
0.000978 -1 -0.000001
0 0 0 0
0.003906 0.216064
-1.503174 2.602051 -0.762207
-0.000977 -1 -0.000001
0 0 0 0
0.996826 0.216064
-1.503174 2.601807 -0.881836
0.000978 -1 -0.000001
0 0 0 0
0.996826 0.096191
-0.399414 2.601807 -0.881836
-0.000977 -1 -0.000001
0 0 0 0
0.003906 0.096191
-1.503174 2.671387 -0.907227
-0.001382 0.001382 -0.999998
0 0 0 0
0.19458 0.00293
-1.518799 2.601807 -0.907227
0.001359 -0.357518 -0.933905
0 0 0 0
0.262207 0.02832
-1.518799 2.671387 -0.907227
0.001382 0.001382 -0.999998
0 0 0 0
0.19458 0.02832
-1.503174 2.601807 -0.907227
0.00136 -0.349631 -0.936887
0 0 0 0
0.262207 0.00293
-1.503174 2.601807 -0.881836
0.000978 -1 -0.000001
0 0 0 0
0.290283 0.00293
-1.518799 2.601807 -0.879639
0.000978 -1 -0.000001
0 0 0 0
0.290283 0.02832
-1.518799 2.671631 -0.736328
0.001382 -0.001382 0.999998
0 0 0 0
-0.322266 0.02832
-1.503174 2.602051 -0.736328
-0.00136 -0.354891 0.934907
0 0 0 0
-0.389893 0.00293
-1.503174 2.671631 -0.736328
0.001382 -0.001382 0.999998
0 0 0 0
-0.322266 0.00293
-1.518799 2.602051 -0.736328
-0.001359 -0.360143 0.932896
0 0 0 0
-0.389893 0.02832
-1.503174 2.602051 -0.762207
-0.000977 -1 -0.000001
0 0 0 0
-0.418213 0.00293
-1.518799 2.602051 -0.76416
-0.000977 -1 -0.000001
0 0 0 0
-0.418213 0.02832
-1.518799 2.671631 -0.736328
-1 0.000978 -0.000001
0 0 0 0
-0.002686 0.090332
-1.518799 2.602051 -0.76416
-1 -0.000977 -0.000001
0 0 0 0
-0.026123 0.033691
-1.518799 2.602051 -0.736328
-1 0.000978 -0.000001
0 0 0 0
-0.002686 0.033691
-1.518799 2.671631 -0.821777
-1 -0.000977 -0.000001
0 0 0 0
-0.082031 0.090332
-1.518799 2.602051 -0.821777
-1 -0.000977 -0.000001
0 0 0 0
-0.082031 0.033691
-1.518799 2.601807 -0.879639
-1 0.000978 -0.000001
0 0 0 0
-0.026123 0.033691
-1.518799 2.671387 -0.907227
-1 0.000978 -0.000001
0 0 0 0
-0.002686 0.090332
-1.518799 2.601807 -0.907227
-1 0.000978 -0.000001
0 0 0 0
-0.002686 0.033691
-1.518799 2.671631 -0.821777
-1 -0.000977 -0.000001
0 0 0 0
-0.082031 0.090332
-1.518799 2.602051 -0.821777
-1 -0.000977 -0.000001
0 0 0 0
-0.082031 0.033691
-1.504395 2.597656 -0.79541
0.00115 0.923391 -0.383858
0 0 0 0
0.3479 0.002441
-1.46875 2.597656 -0.79541
0.00115 0.923391 -0.383858
0 0 0 0
0.3479 0.027344
-1.46875 2.585205 -0.807861
0.001356 0.381062 -0.924549
0 0 0 0
0.333252 0.027344
-1.504395 2.585205 -0.807861
0.001356 0.381062 -0.924549
0 0 0 0
0.333252 0.002441
-1.46875 2.567383 -0.807861
0.001356 -0.383666 -0.923471
0 0 0 0
0.318604 0.027344
-1.504395 2.567383 -0.807861
0.001356 -0.383666 -0.923471
0 0 0 0
0.318604 0.002441
-1.46875 2.554932 -0.795166
0.001149 -0.924663 -0.380785
0 0 0 0
0.304199 0.027344
-1.504395 2.554932 -0.795166
0.001149 -0.924663 -0.380785
0 0 0 0
0.304199 0.002441
-1.46875 2.554932 -0.777588
0.00115 -0.923391 0.383858
0 0 0 0
0.289551 0.027344
-1.504395 2.554932 -0.777588
0.00115 -0.923391 0.383858
0 0 0 0
0.289551 0.002441
-1.46875 2.567383 -0.765137
0.001356 -0.381062 0.924549
0 0 0 0
0.275146 0.027344
-1.504395 2.567383 -0.765137
0.001356 -0.381062 0.924549
0 0 0 0
0.275146 0.002441
-1.46875 2.585205 -0.765137
0.001356 0.383666 0.923471
0 0 0 0
0.260498 0.027344
-1.504395 2.585205 -0.765137
0.001356 0.383666 0.923471
0 0 0 0
0.260498 0.002441
-1.46875 2.597656 -0.777588
0.001149 0.924663 0.380785
0 0 0 0
0.246094 0.027344
-1.504395 2.597656 -0.777588
0.001149 0.924663 0.380785
0 0 0 0
0.246094 0.002441
-1.46875 2.597656 -0.79541
0.00115 0.923391 -0.383858
0 0 0 0
0.231445 0.027344
-1.504395 2.597656 -0.79541
0.00115 0.923391 -0.383858
0 0 0 0
0.231445 0.002441
-0.398926 2.585205 -0.807861
0.001356 0.381062 -0.924549
0 0 0 0
0.246094 0.027344
-0.434326 2.597656 -0.79541
0.00115 0.923391 -0.383858
0 0 0 0
0.231445 0.002441
-0.398926 2.597656 -0.79541
0.00115 0.923391 -0.383858
0 0 0 0
0.231445 0.027344
-0.434326 2.585205 -0.807861
0.001356 0.381062 -0.924549
0 0 0 0
0.246094 0.002441
-0.398926 2.567383 -0.807861
-0.001356 -0.383666 -0.923471
0 0 0 0
0.260498 0.027344
-0.434326 2.567383 -0.807861
0.001356 -0.383666 -0.923471
0 0 0 0
0.260498 0.002441
-0.398926 2.554932 -0.795166
-0.001149 -0.924663 -0.380785
0 0 0 0
0.275146 0.027344
-0.434326 2.554932 -0.795166
0.001149 -0.924663 -0.380785
0 0 0 0
0.275146 0.002441
-0.398926 2.554932 -0.777588
0.00115 -0.923391 0.383858
0 0 0 0
0.289551 0.027344
-0.434326 2.554932 -0.777588
0.00115 -0.923391 0.383858
0 0 0 0
0.289551 0.002441
-0.398926 2.567383 -0.765137
0.001356 -0.381062 0.924549
0 0 0 0
0.304199 0.027344
-0.434326 2.567383 -0.765137
0.001356 -0.381062 0.924549
0 0 0 0
0.304199 0.002441
-0.398926 2.585205 -0.765137
0.001356 0.383666 0.923471
0 0 0 0
0.318604 0.027344
-0.434326 2.585205 -0.765137
0.001356 0.383666 0.923471
0 0 0 0
0.318604 0.002441
-0.398926 2.597656 -0.777588
0.001149 0.924663 0.380785
0 0 0 0
0.333252 0.027344
-0.434326 2.597656 -0.777588
0.001149 0.924663 0.380785
0 0 0 0
0.333252 0.002441
-0.398926 2.597656 -0.79541
0.00115 0.923391 -0.383858
0 0 0 0
0.3479 0.027344
-0.434326 2.597656 -0.79541
0.00115 0.923391 -0.383858
0 0 0 0
0.3479 0.002441
-1.504395 2.597656 -0.848877
0.001149 0.924663 0.380785
0 0 0 0
0.3479 0.002441
-1.46875 2.585205 -0.836426
0.001356 0.383666 0.923471
0 0 0 0
0.333252 0.027344
-1.46875 2.597656 -0.848877
0.001149 0.924663 0.380785
0 0 0 0
0.3479 0.027344
-1.504395 2.585205 -0.836426
0.001356 0.383666 0.923471
0 0 0 0
0.333252 0.002441
-1.46875 2.567383 -0.836426
0.001356 -0.381062 0.924549
0 0 0 0
0.318604 0.027344
-1.504395 2.567383 -0.836426
0.001356 -0.381062 0.924549
0 0 0 0
0.318604 0.002441
-1.46875 2.554932 -0.848877
0.00115 -0.923391 0.383858
0 0 0 0
0.304199 0.027344
-1.504395 2.554932 -0.848877
0.00115 -0.923391 0.383858
0 0 0 0
0.304199 0.002441
-1.46875 2.554932 -0.866699
0.001149 -0.924663 -0.380785
0 0 0 0
0.289551 0.027344
-1.504395 2.554932 -0.866699
0.001149 -0.924663 -0.380785
0 0 0 0
0.289551 0.002441
-1.46875 2.567383 -0.87915
0.001356 -0.383666 -0.923471
0 0 0 0
0.275146 0.027344
-1.504395 2.567383 -0.87915
0.001356 -0.383666 -0.923471
0 0 0 0
0.275146 0.002441
-1.46875 2.584961 -0.87915
0.001356 0.381062 -0.924549
0 0 0 0
0.260498 0.027344
-1.504395 2.584961 -0.87915
0.001356 0.381062 -0.924549
0 0 0 0
0.260498 0.002441
-1.46875 2.597656 -0.866699
0.00115 0.923391 -0.383858
0 0 0 0
0.246094 0.027344
-1.504395 2.597656 -0.866699
0.00115 0.923391 -0.383858
0 0 0 0
0.246094 0.002441
-1.46875 2.597656 -0.848877
0.001149 0.924663 0.380785
0 0 0 0
0.231445 0.027344
-1.504395 2.597656 -0.848877
0.001149 0.924663 0.380785
0 0 0 0
0.231445 0.002441
-0.398926 2.585205 -0.836426
0.001356 0.383666 0.923471
0 0 0 0
0.246094 0.027344
-0.398926 2.597656 -0.848877
0.001149 0.924663 0.380785
0 0 0 0
0.231445 0.027344
-0.434326 2.597656 -0.848877
0.001149 0.924663 0.380785
0 0 0 0
0.231445 0.002441
-0.434326 2.585205 -0.836426
0.001356 0.383666 0.923471
0 0 0 0
0.246094 0.002441
-0.398926 2.567383 -0.836426
0.001356 -0.381062 0.924549
0 0 0 0
0.260498 0.027344
-0.434326 2.567383 -0.836426
0.001356 -0.381062 0.924549
0 0 0 0
0.260498 0.002441
-0.398926 2.554932 -0.848877
0.00115 -0.923391 0.383858
0 0 0 0
0.275146 0.027344
-0.434326 2.554932 -0.848877
0.00115 -0.923391 0.383858
0 0 0 0
0.275146 0.002441
-0.398926 2.554932 -0.866699
0.001149 -0.924663 -0.380785
0 0 0 0
0.289551 0.027344
-0.434326 2.554932 -0.866699
0.001149 -0.924663 -0.380785
0 0 0 0
0.289551 0.002441
-0.398926 2.567383 -0.87915
0.001356 -0.383666 -0.923471
0 0 0 0
0.304199 0.027344
-0.434326 2.567383 -0.87915
0.001356 -0.383666 -0.923471
0 0 0 0
0.304199 0.002441
-0.398926 2.584961 -0.87915
0.001356 0.381062 -0.924549
0 0 0 0
0.318604 0.027344
-0.434326 2.584961 -0.87915
0.001356 0.381062 -0.924549
0 0 0 0
0.318604 0.002441
-0.398926 2.597656 -0.866699
0.00115 0.923391 -0.383858
0 0 0 0
0.333252 0.027344
-0.434326 2.597656 -0.866699
0.00115 0.923391 -0.383858
0 0 0 0
0.333252 0.002441
-0.398926 2.597656 -0.848877
0.001149 0.924663 0.380785
0 0 0 0
0.3479 0.027344
-0.434326 2.597656 -0.848877
0.001149 0.924663 0.380785
0 0 0 0
0.3479 0.002441
-1.503174 2.601807 -0.893555
-0.001382 -0.001382 -0.999998
0 0 0 0
0.290283 0.00293
-1.518799 2.542725 -0.893555
-0.001149 -0.924663 -0.380785
0 0 0 0
0.385498 0.02832
-1.518799 2.601807 -0.893555
-0.001382 -0.001382 -0.999998
0 0 0 0
0.290283 0.02832
-1.503174 2.542725 -0.893555
-0.001149 -0.924663 -0.380785
0 0 0 0
0.385498 0.00293
-1.503174 2.542725 -0.750244
0.00115 -0.923391 0.383858
0 0 0 0
0.48584 0.00293
-1.518799 2.542725 -0.750244
0.00115 -0.923391 0.383858
0 0 0 0
0.48584 0.02832
-1.518799 2.602051 -0.750244
0.001382 0.001382 0.999998
0 0 0 0
0.581787 0.02832
-1.503174 2.602051 -0.750244
0.001382 0.001382 0.999998
0 0 0 0
0.581787 0.00293
-1.503174 2.542725 -0.750244
1 -0.000977 -0.000001
0 0 0 0
0.2146 -0.091064
-1.503174 2.542725 -0.893555
1 -0.000977 -0.000001
0 0 0 0
0.12915 -0.091064
-1.503174 2.601807 -0.893555
1 -0.000977 -0.000001
0 0 0 0
0.12915 -0.003906
-1.503174 2.602051 -0.750244
1 -0.000977 -0.000001
0 0 0 0
0.2146 -0.003906
-1.518799 2.542725 -0.750244
-1 -0.000977 -0.000001
0 0 0 0
0.12915 -0.091064
-1.518799 2.602051 -0.750244
-1 -0.000977 -0.000001
0 0 0 0
0.12915 -0.003906
-1.518799 2.601807 -0.893555
-1 -0.000977 -0.000001
0 0 0 0
0.2146 -0.003906
-1.518799 2.542725 -0.893555
-1 -0.000977 -0.000001
0 0 0 0
0.2146 -0.091064
-0.343262 2.542725 -0.893555
-0.001149 -0.924663 -0.380785
0 0 0 0
0.385498 0.00293
-0.359131 2.601807 -0.893555
-0.001382 -0.001382 -0.999998
0 0 0 0
0.290283 0.02832
-0.343262 2.601807 -0.893555
-0.001382 -0.001382 -0.999998
0 0 0 0
0.290283 0.00293
-0.359131 2.542725 -0.893555
-0.001149 -0.924663 -0.380785
0 0 0 0
0.385498 0.02832
-0.343262 2.542725 -0.750244
0.00115 -0.923391 0.383858
0 0 0 0
0.48584 0.00293
-0.359131 2.542725 -0.750244
0.00115 -0.923391 0.383858
0 0 0 0
0.48584 0.02832
-0.343262 2.602051 -0.750244
0.001382 0.001382 0.999998
0 0 0 0
0.581787 0.00293
-0.359131 2.602051 -0.750244
0.001382 0.001382 0.999998
0 0 0 0
0.581787 0.02832
-0.359131 2.542725 -0.750244
-1 0.000978 -0.000001
0 0 0 0
0.12915 -0.091064
-0.359131 2.601807 -0.893555
-1 0.000978 -0.000001
0 0 0 0
0.2146 -0.003906
-0.359131 2.542725 -0.893555
-1 0.000978 -0.000001
0 0 0 0
0.2146 -0.091064
-0.359131 2.602051 -0.750244
-1 0.000978 -0.000001
0 0 0 0
0.12915 -0.003906
-0.343262 2.601807 -0.893555
1 0.000978 -0.000001
0 0 0 0
0.12915 -0.003906
-0.343262 2.602051 -0.750244
1 0.000978 -0.000001
0 0 0 0
0.2146 -0.003906
-0.343262 2.542725 -0.750244
1 0.000978 -0.000001
0 0 0 0
0.2146 -0.091064
-0.343262 2.542725 -0.893555
1 0.000978 -0.000001
0 0 0 0
0.12915 -0.091064
-0.359131 2.602051 -0.736328
-0.001359 -0.360143 0.932896
0 0 0 0
-0.389893 0.02832
-0.359131 2.602051 -0.76416
-0.000977 -1 -0.000001
0 0 0 0
-0.418213 0.02832
-0.343262 2.602051 -0.762207
-0.000977 -1 -0.000001
0 0 0 0
-0.418213 0.00293
-0.343262 2.602051 -0.736328
-0.00136 -0.352262 0.9359
0 0 0 0
-0.389893 0.00293
-0.359131 2.671631 -0.736328
0.001382 -0.001382 0.999998
0 0 0 0
-0.322266 0.02832
-0.343262 2.671631 -0.736328
0.001382 -0.001382 0.999998
0 0 0 0
-0.322266 0.00293
-0.359131 2.671631 -0.736328
-1 -0.000977 -0.000001
0 0 0 0
-0.002686 0.090332
-0.359131 2.602051 -0.76416
-1 -0.000977 -0.000001
0 0 0 0
-0.026123 0.033691
-0.359131 2.602051 -0.736328
-1 0.000978 -0.000001
0 0 0 0
-0.002686 0.033691
-0.359131 2.671631 -0.821777
-1 -0.000977 -0.000001
0 0 0 0
-0.082031 0.090332
-0.359131 2.602051 -0.821777
-1 -0.000977 -0.000001
0 0 0 0
-0.082031 0.033691
-0.343262 2.671387 -0.907227
0.001382 0.001382 -0.999998
0 0 0 0
0.19458 0.00293
-0.359131 2.601807 -0.907227
0.001359 -0.357518 -0.933905
0 0 0 0
0.262207 0.02832
-0.359131 2.671387 -0.907227
0.001382 0.001382 -0.999998
0 0 0 0
0.19458 0.02832
-0.343262 2.601807 -0.907227
0.00136 -0.349631 -0.936887
0 0 0 0
0.262207 0.00293
-0.343262 2.601807 -0.881836
0.000978 -1 -0.000001
0 0 0 0
0.290283 0.00293
-0.359131 2.601807 -0.879639
0.000978 -1 -0.000001
0 0 0 0
0.290283 0.02832
-0.359131 2.601807 -0.879639
-1 0.000978 -0.000001
0 0 0 0
-0.026123 0.033691
-0.359131 2.671387 -0.907227
-1 0.000978 -0.000001
0 0 0 0
-0.002686 0.090332
-0.359131 2.601807 -0.907227
-1 0.000978 -0.000001
0 0 0 0
-0.002686 0.033691
-0.359131 2.671631 -0.821777
-1 -0.000977 -0.000001
0 0 0 0
-0.082031 0.090332
-0.359131 2.602051 -0.821777
-1 -0.000977 -0.000001
0 0 0 0
-0.082031 0.033691
0.760498 2.671631 -0.736328
-0.001382 -0.001382 0.999998
0 0 0 0
0.996826 0.089844
-0.343262 2.671631 -0.736328
0.001382 -0.001382 0.999998
0 0 0 0
0.003906 0.089844
-0.343262 2.602051 -0.736328
-0.00136 -0.352262 0.9359
0 0 0 0
0.003906 0.0354
0.760498 2.602051 -0.736328
0.00136 -0.354891 0.934907
0 0 0 0
0.996826 0.0354
-0.343262 2.602051 -0.736328
-0.00136 -0.352262 0.9359
0 0 0 0
0.003906 0.003662
-0.343262 2.602051 -0.762207
-0.000977 -1 -0.000001
0 0 0 0
0.003906 0.027344
0.760498 2.602051 -0.762207
0.000978 -1 -0.000001
0 0 0 0
0.996826 0.027344
0.760498 2.602051 -0.736328
0.00136 -0.354891 0.934907
0 0 0 0
0.996826 0.003662
-0.343262 2.601807 -0.907227
0.00136 -0.349631 -0.936887
0 0 0 0
0.003906 0.0354
-0.343262 2.671387 -0.907227
0.001382 0.001382 -0.999998
0 0 0 0
0.003906 0.0896
0.760498 2.671387 -0.907227
0.001382 0.001382 -0.999998
0 0 0 0
0.996826 0.0896
0.760498 2.601807 -0.907227
-0.00136 -0.349631 -0.936887
0 0 0 0
0.996826 0.0354
-0.343262 2.601807 -0.881836
0.000978 -1 -0.000001
0 0 0 0
0.003906 0.027344
-0.343262 2.601807 -0.907227
0.00136 -0.349631 -0.936887
0 0 0 0
0.003906 0.003662
0.760498 2.601807 -0.907227
-0.00136 -0.349631 -0.936887
0 0 0 0
0.996826 0.003662
0.760498 2.601807 -0.881836
-0.000977 -1 -0.000001
0 0 0 0
0.996826 0.027344
0.760498 2.602051 -0.762207
0.000978 -1 -0.000001
0 0 0 0
0.996826 0.216064
-0.343262 2.602051 -0.762207
-0.000977 -1 -0.000001
0 0 0 0
0.003906 0.216064
-0.343262 2.601807 -0.881836
0.000978 -1 -0.000001
0 0 0 0
0.003906 0.096191
0.760498 2.601807 -0.881836
-0.000977 -1 -0.000001
0 0 0 0
0.996826 0.096191
0.760498 2.671387 -0.907227
0.001382 0.001382 -0.999998
0 0 0 0
0.19458 0.00293
0.776123 2.671387 -0.907227
0.001382 0.001382 -0.999998
0 0 0 0
0.19458 0.02832
0.776123 2.601807 -0.907227
-0.001359 -0.357518 -0.933905
0 0 0 0
0.262207 0.02832
0.760498 2.601807 -0.907227
-0.00136 -0.349631 -0.936887
0 0 0 0
0.262207 0.00293
0.760498 2.601807 -0.881836
-0.000977 -1 -0.000001
0 0 0 0
0.290283 0.00293
0.776123 2.601807 -0.879639
-0.000977 -1 -0.000001
0 0 0 0
0.290283 0.02832
0.776123 2.671631 -0.736328
0.001382 -0.001382 0.999998
0 0 0 0
-0.322266 0.02832
0.760498 2.671631 -0.736328
-0.001382 -0.001382 0.999998
0 0 0 0
-0.322266 0.00293
0.760498 2.602051 -0.736328
0.00136 -0.354891 0.934907
0 0 0 0
-0.389893 0.00293
0.776123 2.602051 -0.736328
0.001359 -0.360143 0.932896
0 0 0 0
-0.389893 0.02832
0.760498 2.602051 -0.762207
0.000978 -1 -0.000001
0 0 0 0
-0.418213 0.00293
0.776123 2.602051 -0.76416
0.000978 -1 -0.000001
0 0 0 0
-0.418213 0.02832
0.776123 2.671631 -0.736328
1 0.000978 -0.000001
0 0 0 0
-0.002686 0.090332
0.776123 2.602051 -0.736328
1 0.000978 -0.000001
0 0 0 0
-0.002686 0.033691
0.776123 2.602051 -0.76416
1 0.000978 -0.000001
0 0 0 0
-0.026123 0.033691
0.776123 2.671631 -0.821777
1 0.000978 -0.000001
0 0 0 0
-0.082031 0.090332
0.776123 2.602051 -0.821777
1 0.000978 -0.000001
0 0 0 0
-0.082031 0.033691
0.776123 2.601807 -0.879639
1 0.000978 -0.000001
0 0 0 0
-0.026123 0.033691
0.776123 2.601807 -0.907227
1 0.000978 -0.000001
0 0 0 0
-0.002686 0.033691
0.776123 2.671387 -0.907227
1 0.000978 -0.000001
0 0 0 0
-0.002686 0.090332
0.776123 2.671631 -0.821777
1 0.000978 -0.000001
0 0 0 0
-0.082031 0.090332
0.776123 2.602051 -0.821777
1 0.000978 -0.000001
0 0 0 0
-0.082031 0.033691
0.761475 2.597656 -0.79541
0.00115 0.923391 -0.383858
0 0 0 0
0.3479 0.002441
0.726074 2.585205 -0.807861
0.001356 0.381062 -0.924549
0 0 0 0
0.333252 0.027344
0.726074 2.597656 -0.79541
0.00115 0.923391 -0.383858
0 0 0 0
0.3479 0.027344
0.761475 2.585205 -0.807861
0.001356 0.381062 -0.924549
0 0 0 0
0.333252 0.002441
0.726074 2.567383 -0.807861
0.001356 -0.383666 -0.923471
0 0 0 0
0.318604 0.027344
0.761475 2.567383 -0.807861
0.001356 -0.383666 -0.923471
0 0 0 0
0.318604 0.002441
0.726074 2.554932 -0.795166
0.001149 -0.924663 -0.380785
0 0 0 0
0.304199 0.027344
0.761475 2.554932 -0.795166
0.001149 -0.924663 -0.380785
0 0 0 0
0.304199 0.002441
0.726074 2.554932 -0.777588
0.00115 -0.923391 0.383858
0 0 0 0
0.289551 0.027344
0.761475 2.554932 -0.777588
0.00115 -0.923391 0.383858
0 0 0 0
0.289551 0.002441
0.726074 2.567383 -0.765137
0.001356 -0.381062 0.924549
0 0 0 0
0.275146 0.027344
0.761475 2.567383 -0.765137
0.001356 -0.381062 0.924549
0 0 0 0
0.275146 0.002441
0.726074 2.585205 -0.765137
0.001356 0.383666 0.923471
0 0 0 0
0.260498 0.027344
0.761475 2.585205 -0.765137
0.001356 0.383666 0.923471
0 0 0 0
0.260498 0.002441
0.726074 2.597656 -0.777588
0.001149 0.924663 0.380785
0 0 0 0
0.246094 0.027344
0.761475 2.597656 -0.777588
0.001149 0.924663 0.380785
0 0 0 0
0.246094 0.002441
0.726074 2.597656 -0.79541
0.00115 0.923391 -0.383858
0 0 0 0
0.231445 0.027344
0.761475 2.597656 -0.79541
0.00115 0.923391 -0.383858
0 0 0 0
0.231445 0.002441
-0.343994 2.585205 -0.807861
0.001356 0.381062 -0.924549
0 0 0 0
0.246094 0.027344
-0.343994 2.597656 -0.79541
0.00115 0.923391 -0.383858
0 0 0 0
0.231445 0.027344
-0.30835 2.597656 -0.79541
0.00115 0.923391 -0.383858
0 0 0 0
0.231445 0.002441
-0.30835 2.585205 -0.807861
0.001356 0.381062 -0.924549
0 0 0 0
0.246094 0.002441
-0.343994 2.567383 -0.807861
0.001356 -0.383666 -0.923471
0 0 0 0
0.260498 0.027344
-0.30835 2.567383 -0.807861
0.001356 -0.383666 -0.923471
0 0 0 0
0.260498 0.002441
-0.343994 2.554932 -0.795166
0.001149 -0.924663 -0.380785
0 0 0 0
0.275146 0.027344
-0.30835 2.554932 -0.795166
0.001149 -0.924663 -0.380785
0 0 0 0
0.275146 0.002441
-0.343994 2.554932 -0.777588
0.00115 -0.923391 0.383858
0 0 0 0
0.289551 0.027344
-0.30835 2.554932 -0.777588
0.00115 -0.923391 0.383858
0 0 0 0
0.289551 0.002441
-0.343994 2.567383 -0.765137
-0.001356 -0.381062 0.924549
0 0 0 0
0.304199 0.027344
-0.30835 2.567383 -0.765137
-0.001356 -0.381062 0.924549
0 0 0 0
0.304199 0.002441
-0.343994 2.585205 -0.765137
-0.001356 0.383666 0.923471
0 0 0 0
0.318604 0.027344
-0.30835 2.585205 -0.765137
-0.001356 0.383666 0.923471
0 0 0 0
0.318604 0.002441
-0.343994 2.597656 -0.777588
0.001149 0.924663 0.380785
0 0 0 0
0.333252 0.027344
-0.30835 2.597656 -0.777588
0.001149 0.924663 0.380785
0 0 0 0
0.333252 0.002441
-0.343994 2.597656 -0.79541
0.00115 0.923391 -0.383858
0 0 0 0
0.3479 0.027344
-0.30835 2.597656 -0.79541
0.00115 0.923391 -0.383858
0 0 0 0
0.3479 0.002441
0.761475 2.597656 -0.848877
0.001149 0.924663 0.380785
0 0 0 0
0.3479 0.002441
0.726074 2.597656 -0.848877
0.001149 0.924663 0.380785
0 0 0 0
0.3479 0.027344
0.726074 2.585205 -0.836426
0.001356 0.383666 0.923471
0 0 0 0
0.333252 0.027344
0.761475 2.585205 -0.836426
0.001356 0.383666 0.923471
0 0 0 0
0.333252 0.002441
0.726074 2.567383 -0.836426
0.001356 -0.381062 0.924549
0 0 0 0
0.318604 0.027344
0.761475 2.567383 -0.836426
0.001356 -0.381062 0.924549
0 0 0 0
0.318604 0.002441
0.726074 2.554932 -0.848877
0.00115 -0.923391 0.383858
0 0 0 0
0.304199 0.027344
0.761475 2.554932 -0.848877
0.00115 -0.923391 0.383858
0 0 0 0
0.304199 0.002441
0.726074 2.554688 -0.866699
0.001149 -0.924663 -0.380785
0 0 0 0
0.289551 0.027344
0.761475 2.554688 -0.866699
0.001149 -0.924663 -0.380785
0 0 0 0
0.289551 0.002441
0.726074 2.567383 -0.87915
0.001356 -0.383666 -0.923471
0 0 0 0
0.275146 0.027344
0.761475 2.567383 -0.87915
0.001356 -0.383666 -0.923471
0 0 0 0
0.275146 0.002441
0.726074 2.584961 -0.87915
0.001356 0.381062 -0.924549
0 0 0 0
0.260498 0.027344
0.761475 2.584961 -0.87915
0.001356 0.381062 -0.924549
0 0 0 0
0.260498 0.002441
0.726074 2.597656 -0.866699
0.00115 0.923391 -0.383858
0 0 0 0
0.246094 0.027344
0.761475 2.597656 -0.866699
0.00115 0.923391 -0.383858
0 0 0 0
0.246094 0.002441
0.726074 2.597656 -0.848877
0.001149 0.924663 0.380785
0 0 0 0
0.231445 0.027344
0.761475 2.597656 -0.848877
0.001149 0.924663 0.380785
0 0 0 0
0.231445 0.002441
-0.343994 2.585205 -0.836426
-0.001356 0.383666 0.923471
0 0 0 0
0.246094 0.027344
-0.30835 2.597656 -0.848877
0.001149 0.924663 0.380785
0 0 0 0
0.231445 0.002441
-0.343994 2.597656 -0.848877
-0.001149 0.924663 0.380785
0 0 0 0
0.231445 0.027344
-0.30835 2.585205 -0.836426
-0.001356 0.383666 0.923471
0 0 0 0
0.246094 0.002441
-0.343994 2.567383 -0.836426
-0.001356 -0.381062 0.924549
0 0 0 0
0.260498 0.027344
-0.30835 2.567383 -0.836426
-0.001356 -0.381062 0.924549
0 0 0 0
0.260498 0.002441
-0.343994 2.554932 -0.848877
-0.00115 -0.923391 0.383858
0 0 0 0
0.275146 0.027344
-0.30835 2.554932 -0.848877
0.00115 -0.923391 0.383858
0 0 0 0
0.275146 0.002441
-0.343994 2.554688 -0.866699
0.001149 -0.924663 -0.380785
0 0 0 0
0.289551 0.027344
-0.30835 2.554688 -0.866699
0.001149 -0.924663 -0.380785
0 0 0 0
0.289551 0.002441
-0.343994 2.567383 -0.87915
0.001356 -0.383666 -0.923471
0 0 0 0
0.304199 0.027344
-0.30835 2.567383 -0.87915
0.001356 -0.383666 -0.923471
0 0 0 0
0.304199 0.002441
-0.343994 2.584961 -0.87915
0.001356 0.381062 -0.924549
0 0 0 0
0.318604 0.027344
-0.30835 2.584961 -0.87915
0.001356 0.381062 -0.924549
0 0 0 0
0.318604 0.002441
-0.343994 2.597656 -0.866699
0.00115 0.923391 -0.383858
0 0 0 0
0.333252 0.027344
-0.30835 2.597656 -0.866699
0.00115 0.923391 -0.383858
0 0 0 0
0.333252 0.002441
-0.343994 2.597656 -0.848877
-0.001149 0.924663 0.380785
0 0 0 0
0.3479 0.027344
-0.30835 2.597656 -0.848877
0.001149 0.924663 0.380785
0 0 0 0
0.3479 0.002441
0.776123 2.602051 -0.750244
0.001382 0.001382 0.999998
0 0 0 0
0.581787 0.02832
0.760498 2.602051 -0.750244
0.001382 0.001382 0.999998
0 0 0 0
0.581787 0.00293
0.760498 2.542725 -0.750244
0.00115 -0.923391 0.383858
0 0 0 0
0.48584 0.00293
0.776123 2.542725 -0.750244
0.00115 -0.923391 0.383858
0 0 0 0
0.48584 0.02832
0.776123 2.542725 -0.893555
0.001149 -0.924663 -0.380785
0 0 0 0
0.385498 0.02832
0.760498 2.542725 -0.893555
0.001149 -0.924663 -0.380785
0 0 0 0
0.385498 0.00293
0.760498 2.601807 -0.893555
0.001382 -0.001382 -0.999998
0 0 0 0
0.290283 0.00293
0.776123 2.601807 -0.893555
0.001382 -0.001382 -0.999998
0 0 0 0
0.290283 0.02832
0.760498 2.542725 -0.750244
-1 0.000978 -0.000001
0 0 0 0
0.2146 -0.091064
0.760498 2.602051 -0.750244
-1 0.000978 -0.000001
0 0 0 0
0.2146 -0.003906
0.760498 2.601807 -0.893555
-1 0.000978 -0.000001
0 0 0 0
0.12915 -0.003906
0.760498 2.542725 -0.893555
-1 0.000978 -0.000001
0 0 0 0
0.12915 -0.091064
0.776123 2.601807 -0.893555
1 0.000978 -0.000001
0 0 0 0
0.2146 -0.003906
0.776123 2.602051 -0.750244
1 0.000978 -0.000001
0 0 0 0
0.12915 -0.003906
0.776123 2.542725 -0.750244
1 0.000978 -0.000001
0 0 0 0
0.12915 -0.091064
0.776123 2.542725 -0.893555
1 0.000978 -0.000001
0 0 0 0
0.2146 -0.091064
1.732178 2.620605 -0.773438
0.130788 -0.988513 -0.075739
0 0 0 0
0.08667 0.071289
1.736328 2.620605 -0.757812
0.030407 -0.999514 -0.006887
0 0 0 0
0.08667 0.0896
1.722168 2.626465 -0.757812
-0.692951 -0.720629 0.022634
0 0 0 0
0.096191 0.0896
1.719727 2.626465 -0.766357
-0.515721 -0.8031 0.298433
0 0 0 0
0.096191 0.071289
1.720703 2.620605 -0.784912
0.075879 -0.988512 -0.130717
0 0 0 0
0.08667 0.05249
1.713623 2.626465 -0.772461
-0.297342 -0.802943 0.516594
0 0 0 0
0.096191 0.05249
1.705078 2.620605 -0.789062
0.000979 -0.999992 -0.003905
0 0 0 0
0.08667 0.032715
1.705078 2.626465 -0.774902
-0.001277 -0.708541 0.705669
0 0 0 0
0.096191 0.032715
1.710693 2.640869 -0.767334
-0.500689 -0.001335 0.865626
0 0 0 0
0.105957 0.05249
1.705078 2.640869 -0.768799
-0.001382 0.001382 0.999998
0 0 0 0
0.105957 0.032715
1.713623 2.655029 -0.772461
-0.297342 0.802943 0.516594
0 0 0 0
0.115479 0.05249
1.705078 2.655029 -0.774902
-0.001277 0.708541 0.705669
0 0 0 0
0.115479 0.032715
1.720703 2.660889 -0.784912
0.075879 0.988512 -0.130717
0 0 0 0
0.125244 0.05249
1.705078 2.660889 -0.789062
0.000979 0.999992 -0.003905
0 0 0 0
0.125 0.032715
0.571289 1.031006 1.100098
0.001382 0.001382 0.999998
0 0 0 0
0.24585 -0.004395
0.731445 1.031006 1.100098
0.001382 0.001382 0.999998
0 0 0 0
0.24585 -0.089355
0.731445 1.052734 1.100098
0.001382 0.001382 0.999998
0 0 0 0
0.2229 -0.089355
0.571289 1.052734 1.100098
0.001382 0.001382 0.999998
0 0 0 0
0.2229 -0.004395
0.571289 1.052734 1.100098
0.000978 1 -0.000001
0 0 0 0
0.240234 -0.006348
0.731445 1.052734 1.100098
0.000978 1 -0.000001
0 0 0 0
0.240234 -0.088379
0.731445 1.052734 1.091064
0.000978 1 -0.000001
0 0 0 0
0.231201 -0.088379
0.571289 1.052734 1.091064
0.000978 1 -0.000001
0 0 0 0
0.231201 -0.006348
0.571289 1.04126 1.091064
-1 0.000978 -0.000001
0 0 0 0
0.240234 -0.046387
0.571289 1.031006 1.100098
-1 0.000978 -0.000001
0 0 0 0
0.231201 -0.051514
0.571289 1.052734 1.100098
-1 0.000978 -0.000001
0 0 0 0
0.231201 -0.040527
0.571289 1.052734 1.091064
-1 0.000978 -0.000001
0 0 0 0
0.240234 -0.040527
0.571289 1.052734 1.091064
0.001382 0.001382 -0.999998
0 0 0 0
0.240234 -0.006348
0.731445 1.052734 1.091064
0.001382 0.001382 -0.999998
0 0 0 0
0.240234 -0.088379
0.731445 1.04126 1.091064
0.001382 0.001382 -0.999998
0 0 0 0
0.231201 -0.088379
0.571289 1.04126 1.091064
0.001382 0.001382 -0.999998
0 0 0 0
0.231201 -0.006348
0.731445 1.089844 1.037109
1 0.000978 -0.000001
0 0 0 0
0.231201 -0.061035
0.731445 1.089844 1.047119
1 0.000978 -0.000001
0 0 0 0
0.240234 -0.061035
0.731445 1.04126 1.047119
1 0.000978 -0.000001
0 0 0 0
0.240234 -0.036133
0.731445 1.031006 1.037109
1 0.000978 -0.000001
0 0 0 0
0.231201 -0.031006
0.571289 1.04126 1.047119
0.001382 0.001382 0.999998
0 0 0 0
0.24585 -0.004395
0.731445 1.04126 1.047119
0.001382 0.001382 0.999998
0 0 0 0
0.24585 -0.089355
0.731445 1.089844 1.047119
0.001382 0.001382 0.999998
0 0 0 0
0.2229 -0.089355
0.571289 1.089844 1.047119
0.001382 0.001382 0.999998
0 0 0 0
0.2229 -0.004395
0.571289 1.089844 1.047119
0.000978 1 -0.000001
0 0 0 0
0.240234 -0.006348
0.731445 1.089844 1.047119
0.000978 1 -0.000001
0 0 0 0
0.240234 -0.088379
0.731445 1.089844 1.037109
0.000978 1 -0.000001
0 0 0 0
0.231201 -0.088379
0.571289 1.089844 1.037109
0.000978 1 -0.000001
0 0 0 0
0.231201 -0.006348
0.571289 1.089844 1.037109
-1 0.000978 -0.000001
0 0 0 0
0.231201 -0.061035
0.571289 1.04126 1.047119
-1 0.000978 -0.000001
0 0 0 0
0.240234 -0.036133
0.571289 1.089844 1.047119
-1 0.000978 -0.000001
0 0 0 0
0.240234 -0.061035
0.571289 1.031006 1.037109
-1 0.000978 -0.000001
0 0 0 0
0.231201 -0.031006
0.731445 1.031006 1.100098
1 0.000978 -0.000001
0 0 0 0
0.231201 -0.029785
0.731445 1.031006 1.037109
1 0.000978 -0.000001
0 0 0 0
0.231201 -0.062256
0.731445 1.04126 1.047119
1 0.000978 -0.000001
0 0 0 0
0.240234 -0.057129
0.731445 1.04126 1.091064
1 0.000978 -0.000001
0 0 0 0
0.240234 -0.034668
0.571289 1.031006 1.037109
0.000978 -1 -0.000001
0 0 0 0
0.24585 -0.004395
0.731445 1.031006 1.037109
0.000978 -1 -0.000001
0 0 0 0
0.24585 -0.089355
0.731445 1.031006 1.100098
0.000978 -1 -0.000001
0 0 0 0
0.2229 -0.089355
0.571289 1.031006 1.100098
0.000978 -1 -0.000001
0 0 0 0
0.2229 -0.004395
0.571289 1.04126 1.047119
-1 0.000978 -0.000001
0 0 0 0
0.240234 -0.057129
0.571289 1.031006 1.037109
-1 0.000978 -0.000001
0 0 0 0
0.231201 -0.062256
0.571289 1.031006 1.100098
-1 0.000978 -0.000001
0 0 0 0
0.231201 -0.029785
0.571289 1.04126 1.091064
-1 0.000978 -0.000001
0 0 0 0
0.240234 -0.034668
0.571289 1.04126 1.091064
0.000978 1 -0.000001
0 0 0 0
0.24585 -0.004395
0.731445 1.04126 1.091064
0.000978 1 -0.000001
0 0 0 0
0.24585 -0.089355
0.731445 1.04126 1.047119
0.000978 1 -0.000001
0 0 0 0
0.2229 -0.089355
0.571289 1.04126 1.047119
0.000978 1 -0.000001
0 0 0 0
0.2229 -0.004395
-0.569336 1.052734 1.100098
1 0.000978 -0.000001
0 0 0 0
0.231201 -0.040527
-0.569336 1.031006 1.100098
1 -0.000977 -0.000001
0 0 0 0
0.231201 -0.051514
-0.569336 1.04126 1.091064
1 -0.000977 -0.000001
0 0 0 0
0.240234 -0.046387
-0.569336 1.052734 1.091064
1 0.000978 -0.000001
0 0 0 0
0.240234 -0.040527
-0.729492 1.031006 1.100098
0.001382 0.001382 0.999998
0 0 0 0
0.24585 -0.004395
-0.569336 1.031006 1.100098
0.001382 0.001382 0.999998
0 0 0 0
0.24585 -0.089355
-0.569336 1.052734 1.100098
0.001382 0.001382 0.999998
0 0 0 0
0.2229 -0.089355
-0.729492 1.052734 1.100098
0.001382 0.001382 0.999998
0 0 0 0
0.2229 -0.004395
-0.729492 1.052734 1.100098
0.000978 1 -0.000001
0 0 0 0
0.240234 -0.006348
-0.569336 1.052734 1.100098
0.000978 1 -0.000001
0 0 0 0
0.240234 -0.088379
-0.569336 1.052734 1.091064
0.000978 1 -0.000001
0 0 0 0
0.231201 -0.088379
-0.729492 1.052734 1.091064
0.000978 1 -0.000001
0 0 0 0
0.231201 -0.006348
-0.729492 1.04126 1.091064
-1 0.000978 -0.000001
0 0 0 0
0.240234 -0.046387
-0.729492 1.031006 1.100098
-1 0.000978 -0.000001
0 0 0 0
0.231201 -0.051514
-0.729492 1.052734 1.100098
-1 0.000978 -0.000001
0 0 0 0
0.231201 -0.040527
-0.729492 1.052734 1.091064
-1 0.000978 -0.000001
0 0 0 0
0.240234 -0.040527
-0.729492 1.052734 1.091064
0.001382 0.001382 -0.999998
0 0 0 0
0.240234 -0.006348
-0.569336 1.052734 1.091064
0.001382 0.001382 -0.999998
0 0 0 0
0.240234 -0.088379
-0.569336 1.04126 1.091064
0.001382 0.001382 -0.999998
0 0 0 0
0.231201 -0.088379
-0.729492 1.04126 1.091064
0.001382 0.001382 -0.999998
0 0 0 0
0.231201 -0.006348
-0.569336 1.089844 1.037109
1 0.000978 -0.000001
0 0 0 0
0.231201 -0.061035
-0.569336 1.089844 1.047119
1 0.000978 -0.000001
0 0 0 0
0.240234 -0.061035
-0.569336 1.04126 1.047119
1 -0.000977 -0.000001
0 0 0 0
0.240234 -0.036133
-0.569336 1.031006 1.037109
1 -0.000977 -0.000001
0 0 0 0
0.231201 -0.031006
-0.729492 1.04126 1.047119
0.001382 0.001382 0.999998
0 0 0 0
0.24585 -0.004395
-0.569336 1.04126 1.047119
0.001382 0.001382 0.999998
0 0 0 0
0.24585 -0.089355
-0.569336 1.089844 1.047119
0.001382 0.001382 0.999998
0 0 0 0
0.2229 -0.089355
-0.729492 1.089844 1.047119
0.001382 0.001382 0.999998
0 0 0 0
0.2229 -0.004395
-0.729492 1.089844 1.047119
0.000978 1 -0.000001
0 0 0 0
0.240234 -0.006348
-0.569336 1.089844 1.047119
0.000978 1 -0.000001
0 0 0 0
0.240234 -0.088379
-0.569336 1.089844 1.037109
0.000978 1 -0.000001
0 0 0 0
0.231201 -0.088379
-0.729492 1.089844 1.037109
0.000978 1 -0.000001
0 0 0 0
0.231201 -0.006348
-0.729492 1.089844 1.037109
-1 0.000978 -0.000001
0 0 0 0
0.231201 -0.061035
-0.729492 1.04126 1.047119
-1 0.000978 -0.000001
0 0 0 0
0.240234 -0.036133
-0.729492 1.089844 1.047119
-1 0.000978 -0.000001
0 0 0 0
0.240234 -0.061035
-0.729492 1.031006 1.037109
-1 0.000978 -0.000001
0 0 0 0
0.231201 -0.031006
-0.569336 1.031006 1.100098
1 -0.000977 -0.000001
0 0 0 0
0.231201 -0.029785
-0.569336 1.031006 1.037109
1 -0.000977 -0.000001
0 0 0 0
0.231201 -0.062256
-0.569336 1.04126 1.047119
1 -0.000977 -0.000001
0 0 0 0
0.240234 -0.057129
-0.569336 1.04126 1.091064
1 -0.000977 -0.000001
0 0 0 0
0.240234 -0.034668
-0.729492 1.031006 1.037109
0.000978 -1 -0.000001
0 0 0 0
0.24585 -0.004395
-0.569336 1.031006 1.037109
0.000978 -1 -0.000001
0 0 0 0
0.24585 -0.089355
-0.569336 1.031006 1.100098
0.000978 -1 -0.000001
0 0 0 0
0.2229 -0.089355
-0.729492 1.031006 1.100098
0.000978 -1 -0.000001
0 0 0 0
0.2229 -0.004395
-0.729492 1.04126 1.047119
-1 0.000978 -0.000001
0 0 0 0
0.240234 -0.057129
-0.729492 1.031006 1.037109
-1 0.000978 -0.000001
0 0 0 0
0.231201 -0.062256
-0.729492 1.031006 1.100098
-1 0.000978 -0.000001
0 0 0 0
0.231201 -0.029785
-0.729492 1.04126 1.091064
-1 0.000978 -0.000001
0 0 0 0
0.240234 -0.034668
-0.729492 1.04126 1.091064
0.000978 1 -0.000001
0 0 0 0
0.24585 -0.004395
-0.569336 1.04126 1.091064
0.000978 1 -0.000001
0 0 0 0
0.24585 -0.089355
-0.569336 1.04126 1.047119
0.000978 1 -0.000001
0 0 0 0
0.2229 -0.089355
-0.729492 1.04126 1.047119
0.000978 1 -0.000001
0 0 0 0
0.2229 -0.004395
-2 2.31543 0.769775
-0.999862 -0.016615 -0.000276
0 0 0 0
0.411865 0.999023
-1.997314 2.31543 0.77417
-0.498194 -0.014692 0.866941
0 0 0 0
0.419189 0.999023
-1.997314 2.424316 0.77417
-0.498194 0.014692 0.866941
0 0 0 0
0.419189 0.907471
-2 2.424316 0.769775
-0.999862 0.016616 -0.000276
0 0 0 0
0.411865 0.907471
-1.997314 2.31543 0.765381
-0.500673 -0.014686 -0.865512
0 0 0 0
0.404541 0.999023
-1.997314 2.424316 0.765381
-0.500673 0.014686 -0.865512
0 0 0 0
0.404541 0.907471
-1.992188 2.31543 0.765381
0.498194 -0.014692 -0.866941
0 0 0 0
0.39624 0.999023
-1.992188 2.424316 0.765381
0.498194 0.014692 -0.866941
0 0 0 0
0.39624 0.907471
-1.989746 2.31543 0.769775
0.999862 -0.016615 0.000276
0 0 0 0
0.388916 0.999023
-1.989746 2.424316 0.769775
0.999862 0.016616 0.000276
0 0 0 0
0.388916 0.907471
-1.992188 2.31543 0.77417
0.500674 -0.014686 0.865512
0 0 0 0
0.381592 0.999023
-1.992188 2.424316 0.77417
0.500674 0.014686 0.865512
0 0 0 0
0.381592 0.907471
-1.997314 2.31543 0.77417
-0.498194 -0.014692 0.866941
0 0 0 0
0.373047 0.999023
-1.997314 2.424316 0.77417
-0.498194 0.014692 0.866941
0 0 0 0
0.373047 0.907471
-2 2.31543 0.769775
-0.999862 -0.016615 -0.000276
0 0 0 0
0.099365 0.984131
-1.997314 2.31543 0.765381
-0.500673 -0.014686 -0.865512
0 0 0 0
0.099365 0.993896
-1.994873 2.31543 0.769775
0.000978 -1 -0.000001
0 0 0 0
0.109131 0.984131
-1.997314 2.31543 0.77417
-0.498194 -0.014692 0.866941
0 0 0 0
0.099365 0.974121
-1.992188 2.31543 0.77417
0.500674 -0.014686 0.865512
0 0 0 0
0.118652 0.974121
-1.989746 2.31543 0.769775
0.999862 -0.016615 0.000276
0 0 0 0
0.118652 0.984131
-1.992188 2.31543 0.765381
0.498194 -0.014692 -0.866941
0 0 0 0
0.118652 0.993896
-1.997314 2.424316 0.765381
-0.500673 0.014686 -0.865512
0 0 0 0
0.099365 0.974121
-2 2.424316 0.769775
-0.999862 0.016616 -0.000276
0 0 0 0
0.099365 0.984131
-1.994873 2.424316 0.769775
0.000978 1 -0.000001
0 0 0 0
0.109131 0.984131
-1.992188 2.424316 0.765381
0.498194 0.014692 -0.866941
0 0 0 0
0.118652 0.974121
-1.989746 2.424316 0.769775
0.999862 0.016616 0.000276
0 0 0 0
0.118652 0.984131
-1.992188 2.424316 0.77417
0.500674 0.014686 0.865512
0 0 0 0
0.118652 0.993896
-1.997314 2.424316 0.77417
-0.498194 0.014692 0.866941
0 0 0 0
0.099365 0.993896
-2 1.581055 0.769775
-0.999862 -0.016615 -0.000276
0 0 0 0
0.411865 0.999023
-1.997314 1.581055 0.77417
-0.498194 -0.014692 0.866941
0 0 0 0
0.419189 0.999023
-1.997314 1.689941 0.77417
-0.498194 0.014692 0.866941
0 0 0 0
0.419189 0.907471
-2 1.689941 0.769775
-0.999862 0.016616 -0.000276
0 0 0 0
0.411865 0.907471
-1.997314 1.581055 0.765381
-0.500673 -0.014686 -0.865512
0 0 0 0
0.404541 0.999023
-1.997314 1.689941 0.765381
-0.500673 0.014686 -0.865512
0 0 0 0
0.404541 0.907471
-1.992188 1.581055 0.765381
0.498194 -0.014692 -0.866941
0 0 0 0
0.39624 0.999023
-1.992188 1.689941 0.765381
0.498194 0.014692 -0.866941
0 0 0 0
0.39624 0.907471
-1.989746 1.581055 0.769775
0.999862 -0.016615 0.000276
0 0 0 0
0.388916 0.999023
-1.989746 1.689941 0.769775
0.999862 0.016616 0.000276
0 0 0 0
0.388916 0.907471
-1.992188 1.581055 0.77417
0.500674 -0.014686 0.865512
0 0 0 0
0.381592 0.999023
-1.992188 1.689941 0.77417
0.500674 0.014686 0.865512
0 0 0 0
0.381592 0.907471
-1.997314 1.581055 0.77417
-0.498194 -0.014692 0.866941
0 0 0 0
0.373047 0.999023
-1.997314 1.689941 0.77417
-0.498194 0.014692 0.866941
0 0 0 0
0.373047 0.907471
-2 1.581055 0.769775
-0.999862 -0.016615 -0.000276
0 0 0 0
0.099365 0.984131
-1.997314 1.581055 0.765381
-0.500673 -0.014686 -0.865512
0 0 0 0
0.099365 0.993896
-1.994873 1.581055 0.769775
0.000978 -1 0.000001
0 0 0 0
0.109131 0.984131
-1.997314 1.581055 0.77417
-0.498194 -0.014692 0.866941
0 0 0 0
0.099365 0.974121
-1.992188 1.581055 0.77417
0.500674 -0.014686 0.865512
0 0 0 0
0.118652 0.974121
-1.989746 1.581055 0.769775
0.999862 -0.016615 0.000276
0 0 0 0
0.118652 0.984131
-1.992188 1.581055 0.765381
0.498194 -0.014692 -0.866941
0 0 0 0
0.118652 0.993896
-1.997314 1.689941 0.765381
-0.500673 0.014686 -0.865512
0 0 0 0
0.099365 0.974121
-2 1.689941 0.769775
-0.999862 0.016616 -0.000276
0 0 0 0
0.099365 0.984131
-1.994873 1.689941 0.769775
0.000978 1 -0.000001
0 0 0 0
0.109131 0.984131
-1.992188 1.689941 0.765381
0.498194 0.014692 -0.866941
0 0 0 0
0.118652 0.974121
-1.989746 1.689941 0.769775
0.999862 0.016616 0.000276
0 0 0 0
0.118652 0.984131
-1.992188 1.689941 0.77417
0.500674 0.014686 0.865512
0 0 0 0
0.118652 0.993896
-1.997314 1.689941 0.77417
-0.498194 0.014692 0.866941
0 0 0 0
0.099365 0.993896
-2 0.931152 0.769775
-0.999862 -0.016615 -0.000276
0 0 0 0
0.411865 0.999023
-1.997314 0.931152 0.77417
-0.498194 -0.014692 0.866941
0 0 0 0
0.419189 0.999023
-1.997314 1.040039 0.77417
-0.498194 0.014692 0.866941
0 0 0 0
0.419189 0.907471
-2 1.040039 0.769775
-0.999862 0.016616 -0.000276
0 0 0 0
0.411865 0.907471
-1.997314 0.931152 0.765381
-0.500673 -0.014686 -0.865512
0 0 0 0
0.404541 0.999023
-1.997314 1.040039 0.765381
-0.500673 0.014686 -0.865512
0 0 0 0
0.404541 0.907471
-1.992188 0.931152 0.765381
0.498194 -0.014692 -0.866941
0 0 0 0
0.39624 0.999023
-1.992188 1.040039 0.765381
0.498194 0.014692 -0.866941
0 0 0 0
0.39624 0.907471
-1.989746 0.931152 0.769775
0.999862 -0.016615 0.000276
0 0 0 0
0.388916 0.999023
-1.989746 1.040039 0.769775
0.999862 0.016616 0.000276
0 0 0 0
0.388916 0.907471
-1.992188 0.931152 0.77417
0.500674 -0.014686 0.865512
0 0 0 0
0.381592 0.999023
-1.992188 1.040039 0.77417
0.500674 0.014686 0.865512
0 0 0 0
0.381592 0.907471
-1.997314 0.931152 0.77417
-0.498194 -0.014692 0.866941
0 0 0 0
0.373047 0.999023
-1.997314 1.040039 0.77417
-0.498194 0.014692 0.866941
0 0 0 0
0.373047 0.907471
-2 0.931152 0.769775
-0.999862 -0.016615 -0.000276
0 0 0 0
0.099365 0.984131
-1.997314 0.931152 0.765381
-0.500673 -0.014686 -0.865512
0 0 0 0
0.099365 0.993896
-1.994873 0.931152 0.769775
0.000978 -1 -0.000001
0 0 0 0
0.109131 0.984131
-1.997314 0.931152 0.77417
-0.498194 -0.014692 0.866941
0 0 0 0
0.099365 0.974121
-1.992188 0.931152 0.77417
0.500674 -0.014686 0.865512
0 0 0 0
0.118652 0.974121
-1.989746 0.931152 0.769775
0.999862 -0.016615 0.000276
0 0 0 0
0.118652 0.984131
-1.992188 0.931152 0.765381
0.498194 -0.014692 -0.866941
0 0 0 0
0.118652 0.993896
-1.997314 1.040039 0.765381
-0.500673 0.014686 -0.865512
0 0 0 0
0.099365 0.974121
-2 1.040039 0.769775
-0.999862 0.016616 -0.000276
0 0 0 0
0.099365 0.984131
-1.994873 1.040039 0.769775
0.000978 1 0.000001
0 0 0 0
0.109131 0.984131
-1.992188 1.040039 0.765381
0.498194 0.014692 -0.866941
0 0 0 0
0.118652 0.974121
-1.989746 1.040039 0.769775
0.999862 0.016616 0.000276
0 0 0 0
0.118652 0.984131
-1.992188 1.040039 0.77417
0.500674 0.014686 0.865512
0 0 0 0
0.118652 0.993896
-1.997314 1.040039 0.77417
-0.498194 0.014692 0.866941
0 0 0 0
0.099365 0.993896
-2 0.28125 0.769775
-0.999862 -0.016615 -0.000276
0 0 0 0
0.411865 0.999023
-1.997314 0.28125 0.77417
-0.498194 -0.014692 0.866941
0 0 0 0
0.419189 0.999023
-1.997314 0.390381 0.77417
-0.498194 0.014692 0.866941
0 0 0 0
0.419189 0.907471
-2 0.390381 0.769775
-0.999862 0.016616 -0.000276
0 0 0 0
0.411865 0.907471
-1.997314 0.28125 0.765381
-0.500673 -0.014686 -0.865512
0 0 0 0
0.404541 0.999023
-1.997314 0.390381 0.765381
-0.500673 0.014686 -0.865512
0 0 0 0
0.404541 0.907471
-1.992188 0.28125 0.765381
0.498194 -0.014692 -0.866941
0 0 0 0
0.39624 0.999023
-1.992188 0.390381 0.765381
0.498194 0.014692 -0.866941
0 0 0 0
0.39624 0.907471
-1.989746 0.28125 0.769775
0.999862 -0.016615 0.000276
0 0 0 0
0.388916 0.999023
-1.989746 0.390381 0.769775
0.999862 0.016616 0.000276
0 0 0 0
0.388916 0.907471
-1.992188 0.28125 0.77417
0.500674 -0.014686 0.865512
0 0 0 0
0.381592 0.999023
-1.992188 0.390381 0.77417
0.500674 0.014686 0.865512
0 0 0 0
0.381592 0.907471
-1.997314 0.28125 0.77417
-0.498194 -0.014692 0.866941
0 0 0 0
0.373047 0.999023
-1.997314 0.390381 0.77417
-0.498194 0.014692 0.866941
0 0 0 0
0.373047 0.907471
-2 0.28125 0.769775
-0.999862 -0.016615 -0.000276
0 0 0 0
0.099365 0.984131
-1.997314 0.28125 0.765381
-0.500673 -0.014686 -0.865512
0 0 0 0
0.099365 0.993896
-1.994873 0.28125 0.769775
0.000978 -1 0.000001
0 0 0 0
0.109131 0.984131
-1.997314 0.28125 0.77417
-0.498194 -0.014692 0.866941
0 0 0 0
0.099365 0.974121
-1.992188 0.28125 0.77417
0.500674 -0.014686 0.865512
0 0 0 0
0.118652 0.974121
-1.989746 0.28125 0.769775
0.999862 -0.016615 0.000276
0 0 0 0
0.118652 0.984131
-1.992188 0.28125 0.765381
0.498194 -0.014692 -0.866941
0 0 0 0
0.118652 0.993896
-1.997314 0.390381 0.765381
-0.500673 0.014686 -0.865512
0 0 0 0
0.099365 0.974121
-2 0.390381 0.769775
-0.999862 0.016616 -0.000276
0 0 0 0
0.099365 0.984131
-1.994873 0.390381 0.769775
0.000978 1 -0.000001
0 0 0 0
0.109131 0.984131
-1.992188 0.390381 0.765381
0.498194 0.014692 -0.866941
0 0 0 0
0.118652 0.974121
-1.989746 0.390381 0.769775
0.999862 0.016616 0.000276
0 0 0 0
0.118652 0.984131
-1.992188 0.390381 0.77417
0.500674 0.014686 0.865512
0 0 0 0
0.118652 0.993896
-1.997314 0.390381 0.77417
-0.498194 0.014692 0.866941
0 0 0 0
0.099365 0.993896
0.917236 2.550537 -0.575928
0.000978 1 -0.000001
0 0 0 0
0.994873 0.003662
0.087158 2.550537 -0.555908
0.000978 1 -0.000001
0 0 0 0
0.004883 0.026123
0.917236 2.550537 -0.555908
0.000978 1 -0.000001
0 0 0 0
0.994873 0.026123
0.087158 2.550537 -0.575928
0.000978 1 -0.000001
0 0 0 0
0.004883 0.003662
0.917236 2.486084 -0.575928
1 0.000978 -0.000001
0 0 0 0
0.245361 -0.089844
0.917236 2.550537 -0.575928
1 0.000978 -0.000001
0 0 0 0
0.245361 -0.00415
0.917236 2.550537 -0.555908
1 0.000978 -0.000001
0 0 0 0
0.223389 -0.00415
0.917236 2.486084 -0.555908
1 0.000978 -0.000001
0 0 0 0
0.223389 -0.089844
0.917236 2.486084 -0.555908
0.001382 0.001382 0.999998
0 0 0 0
0.994873 0.089844
0.917236 2.550537 -0.555908
0.001382 0.001382 0.999998
0 0 0 0
0.994873 0.035645
0.087158 2.550537 -0.555908
0.001382 0.001382 0.999998
0 0 0 0
0.004883 0.035645
0.087158 2.486084 -0.555908
0.001382 0.001382 0.999998
0 0 0 0
0.004883 0.089844
0.087158 2.486084 -0.555908
-1 0.000978 -0.000001
0 0 0 0
0.245361 -0.089844
0.087158 2.550537 -0.555908
-1 0.000978 -0.000001
0 0 0 0
0.245361 -0.00415
0.087158 2.550537 -0.575928
-1 0.000978 -0.000001
0 0 0 0
0.223389 -0.00415
0.087158 2.486084 -0.575928
-1 0.000978 -0.000001
0 0 0 0
0.223389 -0.089844
0.087158 2.486084 -0.575928
0.001382 -0.001382 -0.999998
0 0 0 0
0.004883 0.089844
0.087158 2.550537 -0.575928
0.001382 -0.001382 -0.999998
0 0 0 0
0.004883 0.035645
0.917236 2.550537 -0.575928
0.001382 -0.001382 -0.999998
0 0 0 0
0.994873 0.035645
0.917236 2.486084 -0.575928
0.001382 -0.001382 -0.999998
0 0 0 0
0.994873 0.089844
0.087158 2.486084 -0.575928
0.001356 -0.378455 -0.925619
0 0 0 0
0.004883 0.003662
0.917236 2.486084 -0.575928
0.001356 -0.378455 -0.925619
0 0 0 0
0.994873 0.003662
0.917236 2.472656 -0.570312
0.001356 -0.378455 -0.925619
0 0 0 0
0.994873 0.026123
0.087158 2.472656 -0.570312
0.001356 -0.378455 -0.925619
0 0 0 0
0.004883 0.026123
0.087158 2.486084 -0.575928
-1 0.000978 -0.000001
0 0 0 0
0.0979 -0.00415
0.087158 2.472656 -0.570312
-1 0.000978 -0.000001
0 0 0 0
0.0979 -0.028076
0.087158 2.472656 -0.561279
-1 0.000978 -0.000001
0 0 0 0
0.119873 -0.028076
0.087158 2.486084 -0.555908
-1 0.000978 -0.000001
0 0 0 0
0.119873 -0.00415
0.087158 2.486084 -0.555908
0.001356 -0.378455 0.925619
0 0 0 0
0.004883 0.003662
0.087158 2.472656 -0.561279
0.001356 -0.378455 0.925619
0 0 0 0
0.004883 0.026123
0.917236 2.472656 -0.561279
0.001356 -0.378455 0.925619
0 0 0 0
0.994873 0.026123
0.917236 2.486084 -0.555908
0.001356 -0.378455 0.925619
0 0 0 0
0.994873 0.003662
0.917236 2.486084 -0.555908
1 0.000978 -0.000001
0 0 0 0
0.0979 -0.00415
0.917236 2.472656 -0.561279
1 0.000978 -0.000001
0 0 0 0
0.0979 -0.028076
0.917236 2.472656 -0.570312
1 0.000978 -0.000001
0 0 0 0
0.119873 -0.028076
0.917236 2.486084 -0.575928
1 0.000978 -0.000001
0 0 0 0
0.119873 -0.00415
0.917236 2.472656 -0.570312
0.000978 -1 -0.000001
0 0 0 0
0.994873 0.026123
0.917236 2.472656 -0.561279
0.000978 -1 -0.000001
0 0 0 0
0.994873 0.003662
0.087158 2.472656 -0.561279
0.000978 -1 -0.000001
0 0 0 0
0.004883 0.003662
0.087158 2.472656 -0.570312
0.000978 -1 -0.000001
0 0 0 0
0.004883 0.026123
0.917236 1.681152 -0.575928
1 -0.000977 -0.000001
0 0 0 0
0.245361 -0.089844
0.917236 1.681152 -0.555908
1 -0.000977 -0.000001
0 0 0 0
0.223389 -0.089844
0.917236 1.616455 -0.555908
1 -0.000977 -0.000001
0 0 0 0
0.223389 -0.00415
0.917236 1.616455 -0.575928
1 -0.000977 -0.000001
0 0 0 0
0.245361 -0.00415
0.917236 1.681152 -0.555908
0.001382 -0.001382 0.999998
0 0 0 0
0.994873 0.035645
0.087158 1.616455 -0.555908
0.001382 -0.001382 0.999998
0 0 0 0
0.004883 0.089844
0.917236 1.616455 -0.555908
0.001382 -0.001382 0.999998
0 0 0 0
0.994873 0.089844
0.087158 1.681152 -0.555908
0.001382 -0.001382 0.999998
0 0 0 0
0.004883 0.035645
0.087158 1.681152 -0.555908
-1 -0.000977 -0.000001
0 0 0 0
0.245361 -0.089844
0.087158 1.616455 -0.575928
-1 0.000978 -0.000001
0 0 0 0
0.223389 -0.00415
0.087158 1.616455 -0.555908
-1 0.000978 -0.000001
0 0 0 0
0.245361 -0.00415
0.087158 1.681152 -0.575928
-1 -0.000977 -0.000001
0 0 0 0
0.223389 -0.089844
0.087158 1.681152 -0.575928
0.001382 0.001382 -0.999998
0 0 0 0
0.004883 0.035645
0.917236 1.681152 -0.575928
0.001382 0.001382 -0.999998
0 0 0 0
0.994873 0.035645
0.917236 1.616455 -0.575928
0.001382 0.001382 -0.999998
0 0 0 0
0.994873 0.089844
0.087158 1.616455 -0.575928
0.001382 0.001382 -0.999998
0 0 0 0
0.004883 0.089844
0.917236 1.694336 -0.570312
0.001356 0.378455 -0.925619
0 0 0 0
0.994873 0.003662
0.917236 1.681152 -0.575928
0.001356 0.378455 -0.925619
0 0 0 0
0.994873 0.026123
0.087158 1.681152 -0.575928
0.001356 0.378455 -0.925619
0 0 0 0
0.004883 0.026123
0.087158 1.694336 -0.570312
0.001356 0.378455 -0.925619
0 0 0 0
0.004883 0.003662
0.087158 1.681152 -0.575928
-1 -0.000977 -0.000001
0 0 0 0
0.0979 -0.00415
0.087158 1.681152 -0.555908
-1 -0.000977 -0.000001
0 0 0 0
0.119873 -0.00415
0.087158 1.694336 -0.561279
-1 -0.000977 -0.000001
0 0 0 0
0.119873 -0.028076
0.087158 1.694336 -0.570312
-1 -0.000977 -0.000001
0 0 0 0
0.0979 -0.028076
0.087158 1.681152 -0.555908
0.001356 0.378455 0.925619
0 0 0 0
0.004883 0.026123
0.917236 1.681152 -0.555908
0.001356 0.378455 0.925619
0 0 0 0
0.994873 0.026123
0.917236 1.694336 -0.561279
0.001356 0.378455 0.925619
0 0 0 0
0.994873 0.003662
0.087158 1.694336 -0.561279
0.001356 0.378455 0.925619
0 0 0 0
0.004883 0.003662
0.917236 1.681152 -0.555908
1 -0.000977 -0.000001
0 0 0 0
0.0979 -0.00415
0.917236 1.681152 -0.575928
1 -0.000977 -0.000001
0 0 0 0
0.119873 -0.00415
0.917236 1.694336 -0.570312
1 -0.000977 -0.000001
0 0 0 0
0.119873 -0.028076
0.917236 1.694336 -0.561279
1 -0.000977 -0.000001
0 0 0 0
0.0979 -0.028076
0.917236 1.694336 -0.570312
0.000978 1 -0.000001
0 0 0 0
0.994873 0.003662
0.087158 1.694336 -0.570312
0.000978 1 -0.000001
0 0 0 0
0.004883 0.003662
0.087158 1.694336 -0.561279
0.000978 1 -0.000001
0 0 0 0
0.004883 0.026123
0.917236 1.694336 -0.561279
0.000978 1 -0.000001
0 0 0 0
0.994873 0.026123
-1.034424 2.550537 -0.575928
0.000978 1 -0.000001
0 0 0 0
0.994873 0.003662
-1.864502 2.550537 -0.555908
0.000978 1 -0.000001
0 0 0 0
0.004883 0.026123
-1.034424 2.550537 -0.555908
0.000978 1 -0.000001
0 0 0 0
0.994873 0.026123
-1.864502 2.550537 -0.575928
0.000978 1 -0.000001
0 0 0 0
0.004883 0.003662
-1.034424 2.486084 -0.575928
1 0.000978 -0.000001
0 0 0 0
0.245361 -0.089844
-1.034424 2.550537 -0.575928
1 0.000978 -0.000001
0 0 0 0
0.245361 -0.00415
-1.034424 2.550537 -0.555908
1 0.000978 -0.000001
0 0 0 0
0.223389 -0.00415
-1.034424 2.486084 -0.555908
1 0.000978 -0.000001
0 0 0 0
0.223389 -0.089844
-1.034424 2.486084 -0.555908
0.001382 0.001382 0.999998
0 0 0 0
0.994873 0.089844
-1.034424 2.550537 -0.555908
0.001382 0.001382 0.999998
0 0 0 0
0.994873 0.035645
-1.864502 2.550537 -0.555908
0.001382 0.001382 0.999998
0 0 0 0
0.004883 0.035645
-1.864502 2.486084 -0.555908
0.001382 0.001382 0.999998
0 0 0 0
0.004883 0.089844
-1.864502 2.486084 -0.555908
-1 0.000978 -0.000001
0 0 0 0
0.245361 -0.089844
-1.864502 2.550537 -0.555908
-1 0.000978 -0.000001
0 0 0 0
0.245361 -0.00415
-1.864502 2.550537 -0.575928
-1 0.000978 -0.000001
0 0 0 0
0.223389 -0.00415
-1.864502 2.486084 -0.575928
-1 0.000978 -0.000001
0 0 0 0
0.223389 -0.089844
-1.864502 2.486084 -0.575928
0.001382 -0.001382 -0.999998
0 0 0 0
0.004883 0.089844
-1.864502 2.550537 -0.575928
0.001382 -0.001382 -0.999998
0 0 0 0
0.004883 0.035645
-1.034424 2.550537 -0.575928
0.001382 -0.001382 -0.999998
0 0 0 0
0.994873 0.035645
-1.034424 2.486084 -0.575928
0.001382 -0.001382 -0.999998
0 0 0 0
0.994873 0.089844
-1.864502 2.486084 -0.575928
0.001356 -0.378455 -0.925619
0 0 0 0
0.004883 0.003662
-1.034424 2.486084 -0.575928
0.001356 -0.378455 -0.925619
0 0 0 0
0.994873 0.003662
-1.034424 2.472656 -0.570312
0.001356 -0.378455 -0.925619
0 0 0 0
0.994873 0.026123
-1.864502 2.472656 -0.570312
0.001356 -0.378455 -0.925619
0 0 0 0
0.004883 0.026123
-1.864502 2.486084 -0.575928
-1 0.000978 -0.000001
0 0 0 0
0.0979 -0.00415
-1.864502 2.472656 -0.570312
-1 0.000978 -0.000001
0 0 0 0
0.0979 -0.028076
-1.864502 2.472656 -0.561279
-1 0.000978 -0.000001
0 0 0 0
0.119873 -0.028076
-1.864502 2.486084 -0.555908
-1 0.000978 -0.000001
0 0 0 0
0.119873 -0.00415
-1.864502 2.486084 -0.555908
0.001356 -0.378455 0.925619
0 0 0 0
0.004883 0.003662
-1.864502 2.472656 -0.561279
0.001356 -0.378455 0.925619
0 0 0 0
0.004883 0.026123
-1.034424 2.472656 -0.561279
0.001356 -0.378455 0.925619
0 0 0 0
0.994873 0.026123
-1.034424 2.486084 -0.555908
0.001356 -0.378455 0.925619
0 0 0 0
0.994873 0.003662
-1.034424 2.486084 -0.555908
1 0.000978 -0.000001
0 0 0 0
0.0979 -0.00415
-1.034424 2.472656 -0.561279
1 0.000978 -0.000001
0 0 0 0
0.0979 -0.028076
-1.034424 2.472656 -0.570312
1 0.000978 -0.000001
0 0 0 0
0.119873 -0.028076
-1.034424 2.486084 -0.575928
1 0.000978 -0.000001
0 0 0 0
0.119873 -0.00415
-1.034424 2.472656 -0.570312
0.000978 -1 -0.000001
0 0 0 0
0.994873 0.026123
-1.034424 2.472656 -0.561279
0.000978 -1 -0.000001
0 0 0 0
0.994873 0.003662
-1.864502 2.472656 -0.561279
0.000978 -1 -0.000001
0 0 0 0
0.004883 0.003662
-1.864502 2.472656 -0.570312
0.000978 -1 -0.000001
0 0 0 0
0.004883 0.026123
-1.034424 1.681152 -0.575928
1 -0.000977 -0.000001
0 0 0 0
0.245361 -0.089844
-1.034424 1.681152 -0.555908
1 -0.000977 -0.000001
0 0 0 0
0.223389 -0.089844
-1.034424 1.616455 -0.555908
1 -0.000977 -0.000001
0 0 0 0
0.223389 -0.00415
-1.034424 1.616455 -0.575928
1 -0.000977 -0.000001
0 0 0 0
0.245361 -0.00415
-1.034424 1.681152 -0.555908
0.001382 -0.001382 0.999998
0 0 0 0
0.994873 0.035645
-1.864502 1.616455 -0.555908
0.001382 -0.001382 0.999998
0 0 0 0
0.004883 0.089844
-1.034424 1.616455 -0.555908
0.001382 -0.001382 0.999998
0 0 0 0
0.994873 0.089844
-1.864502 1.681152 -0.555908
0.001382 -0.001382 0.999998
0 0 0 0
0.004883 0.035645
-1.864502 1.681152 -0.555908
-1 -0.000977 -0.000001
0 0 0 0
0.245361 -0.089844
-1.864502 1.616455 -0.575928
-1 0.000978 -0.000001
0 0 0 0
0.223389 -0.00415
-1.864502 1.616455 -0.555908
-1 0.000978 -0.000001
0 0 0 0
0.245361 -0.00415
-1.864502 1.681152 -0.575928
-1 -0.000977 -0.000001
0 0 0 0
0.223389 -0.089844
-1.864502 1.681152 -0.575928
0.001382 0.001382 -0.999998
0 0 0 0
0.004883 0.035645
-1.034424 1.681152 -0.575928
0.001382 0.001382 -0.999998
0 0 0 0
0.994873 0.035645
-1.034424 1.616455 -0.575928
0.001382 0.001382 -0.999998
0 0 0 0
0.994873 0.089844
-1.864502 1.616455 -0.575928
0.001382 0.001382 -0.999998
0 0 0 0
0.004883 0.089844
-1.034424 1.694336 -0.570312
0.001356 0.378455 -0.925619
0 0 0 0
0.994873 0.003662
-1.034424 1.681152 -0.575928
0.001356 0.378455 -0.925619
0 0 0 0
0.994873 0.026123
-1.864502 1.681152 -0.575928
0.001356 0.378455 -0.925619
0 0 0 0
0.004883 0.026123
-1.864502 1.694336 -0.570312
0.001356 0.378455 -0.925619
0 0 0 0
0.004883 0.003662
-1.864502 1.681152 -0.575928
-1 -0.000977 -0.000001
0 0 0 0
0.0979 -0.00415
-1.864502 1.681152 -0.555908
-1 -0.000977 -0.000001
0 0 0 0
0.119873 -0.00415
-1.864502 1.694336 -0.561279
-1 -0.000977 -0.000001
0 0 0 0
0.119873 -0.028076
-1.864502 1.694336 -0.570312
-1 -0.000977 -0.000001
0 0 0 0
0.0979 -0.028076
-1.864502 1.681152 -0.555908
0.001356 0.378455 0.925619
0 0 0 0
0.004883 0.026123
-1.034424 1.681152 -0.555908
0.001356 0.378455 0.925619
0 0 0 0
0.994873 0.026123
-1.034424 1.694336 -0.561279
0.001356 0.378455 0.925619
0 0 0 0
0.994873 0.003662
-1.864502 1.694336 -0.561279
0.001356 0.378455 0.925619
0 0 0 0
0.004883 0.003662
-1.034424 1.681152 -0.555908
1 -0.000977 -0.000001
0 0 0 0
0.0979 -0.00415
-1.034424 1.681152 -0.575928
1 -0.000977 -0.000001
0 0 0 0
0.119873 -0.00415
-1.034424 1.694336 -0.570312
1 -0.000977 -0.000001
0 0 0 0
0.119873 -0.028076
-1.034424 1.694336 -0.561279
1 -0.000977 -0.000001
0 0 0 0
0.0979 -0.028076
-1.034424 1.694336 -0.570312
0.000978 1 -0.000001
0 0 0 0
0.994873 0.003662
-1.864502 1.694336 -0.570312
0.000978 1 -0.000001
0 0 0 0
0.004883 0.003662
-1.864502 1.694336 -0.561279
0.000978 1 -0.000001
0 0 0 0
0.004883 0.026123
-1.034424 1.694336 -0.561279
0.000978 1 -0.000001
0 0 0 0
0.994873 0.026123
-1.991699 1.418945 -0.270752
-1 0.000978 -0.000001
0 0 0 0
0.327881 -0.039307
-1.991699 1.418945 -0.278809
-1 0.000978 -0.000001
0 0 0 0
0.327881 -0.051758
-1.991699 1.415039 -0.285645
-1 0.000978 -0.000001
0 0 0 0
0.321777 -0.062012
-1.991699 1.415039 -0.263916
-1 0.000978 -0.000001
0 0 0 0
0.321777 -0.029297
-1.991699 1.407959 -0.289795
-1 0.000978 -0.000001
0 0 0 0
0.311768 -0.067871
-1.991699 1.407959 -0.259766
-1 -0.000977 -0.000001
0 0 0 0
0.311768 -0.023438
-1.991699 1.400146 -0.289795
-1 -0.000977 -0.000001
0 0 0 0
0.299316 -0.067871
-1.991699 1.399902 -0.259766
-1 0.000978 -0.000001
0 0 0 0
0.299316 -0.023438
-1.991699 1.393066 -0.285645
-1 0.000978 -0.000001
0 0 0 0
0.289307 -0.062012
-1.991699 1.393066 -0.263916
-1 0.000978 -0.000001
0 0 0 0
0.289307 -0.029297
-1.991699 1.38916 -0.278809
-1 0.000978 -0.000001
0 0 0 0
0.283447 -0.052002
-1.991699 1.38916 -0.270752
-1 0.000978 -0.000001
0 0 0 0
0.283447 -0.039551
-1.320068 0.290283 -1.122803
0.113128 -0.309399 -0.944179
0 0 0 0
0.925781 -0.011475
-1.322021 0.290039 -1.122803
0.001366 -0.307259 -0.951625
0 0 0 0
0.927734 -0.01123
-1.320801 0.293457 -1.124023
0.012441 -0.015206 -0.999807
0 0 0 0
0.926514 -0.014893
-1.318604 0.291504 -1.122803
0.24627 -0.24627 -0.937391
0 0 0 0
0.924316 -0.012695
-1.317627 0.292969 -1.122803
0.30669 -0.118587 -0.944393
0 0 0 0
0.923096 -0.01416
-1.317383 0.294678 -1.122803
0.304595 -0.001366 -0.952481
0 0 0 0
0.922852 -0.015869
-1.317383 0.341309 -1.122803
0.304595 0.001366 -0.952481
0 0 0 0
0.922852 -0.077393
-1.320801 0.342529 -1.124023
0.012441 0.015206 -0.999807
0 0 0 0
0.926514 -0.078369
-1.317627 0.343262 -1.122803
0.306741 0.113153 -0.945043
0 0 0 0
0.923096 -0.079102
-1.318604 0.344727 -1.122803
0.243635 0.243635 -0.938767
0 0 0 0
0.924316 -0.080811
-1.320068 0.345703 -1.122803
0.113153 0.306741 -0.945043
0 0 0 0
0.925781 -0.081787
-1.322021 0.345947 -1.122803
0.001366 0.304595 -0.952481
0 0 0 0
0.927734 -0.082031
-1.380615 0.345947 -1.122803
-0.001366 0.304595 -0.952481
0 0 0 0
0.976562 -0.082031
-1.381836 0.342529 -1.124023
-0.012441 0.015206 -0.999807
0 0 0 0
0.977783 -0.078369
-1.382324 0.345703 -1.122803
-0.113153 0.306741 -0.945043
0 0 0 0
0.978271 -0.081787
-1.384033 0.344727 -1.122803
-0.243635 0.243635 -0.938767
0 0 0 0
0.97998 -0.080811
-1.38501 0.343262 -1.122803
-0.306741 0.113153 -0.945043
0 0 0 0
0.980957 -0.079102
-1.385254 0.341309 -1.122803
-0.304595 0.001366 -0.952481
0 0 0 0
0.981201 -0.077393
-1.381836 0.293457 -1.124023
-0.012441 -0.015206 -0.999807
0 0 0 0
0.977783 -0.014893
-1.385254 0.294678 -1.122803
-0.304595 -0.001366 -0.952481
0 0 0 0
0.981201 -0.015869
-1.38501 0.292969 -1.122803
-0.30669 -0.118587 -0.944393
0 0 0 0
0.980957 -0.01416
-1.384033 0.291504 -1.122803
-0.24627 -0.24627 -0.937391
0 0 0 0
0.97998 -0.012695
-1.382324 0.290283 -1.122803
-0.113128 -0.309399 -0.944179
0 0 0 0
0.978271 -0.011475
-1.380615 0.290039 -1.122803
-0.001366 -0.307259 -0.951625
0 0 0 0
0.976562 -0.01123
1.727783 2.655029 -0.797119
0.384988 0.637439 -0.667424
0 0 0 0
0.134766 0.05249
1.705078 2.655029 -0.803223
0.003832 0.706424 -0.707779
0 0 0 0
0.134766 0.032715
1.730713 2.640869 -0.802246
0.500689 0.001335 -0.865626
0 0 0 0
0.144287 0.05249
1.705078 2.640869 -0.809082
0.006912 0.001382 -0.999975
0 0 0 0
0.144287 0.032715
1.727783 2.626465 -0.797119
0.384988 -0.637439 -0.667424
0 0 0 0
0.154053 0.05249
1.705078 2.626465 -0.803223
0.003832 -0.706424 -0.707779
0 0 0 0
0.154053 0.032715
1.705078 2.620605 -0.789062
0.000979 -0.999992 -0.003905
0 0 0 0
0.163574 0.032715
1.720703 2.620605 -0.784912
0.075879 -0.988512 -0.130717
0 0 0 0
0.163574 0.05249
1.744385 2.626465 -0.780518
0.666162 -0.638549 -0.385334
0 0 0 0
0.154053 0.071289
1.732178 2.620605 -0.773438
0.130788 -0.988513 -0.075739
0 0 0 0
0.163574 0.071289
1.736328 2.620605 -0.757812
0.030407 -0.999514 -0.006887
0 0 0 0
0.163574 0.0896
1.750488 2.626465 -0.757812
0.722077 -0.690029 -0.049656
0 0 0 0
0.154053 0.0896
1.749512 2.640869 -0.783447
0.86573 0.001197 -0.500511
0 0 0 0
0.144287 0.071289
1.756348 2.640869 -0.757812
0.997606 0.001011 -0.069142
0 0 0 0
0.144287 0.0896
1.744385 2.655029 -0.780518
0.666162 0.63855 -0.385334
0 0 0 0
0.134766 0.071289
1.750488 2.655029 -0.757812
0.722077 0.690029 -0.049656
0 0 0 0
0.134766 0.0896
1.732178 2.660889 -0.773438
0.130788 0.988513 -0.075739
0 0 0 0
0.125244 0.071289
1.736328 2.660889 -0.757812
0.030407 0.999514 -0.006887
0 0 0 0
0.125244 0.0896
1.719727 2.655029 -0.766357
-0.515721 0.8031 0.298433
0 0 0 0
0.115479 0.071289
1.722168 2.655029 -0.757812
-0.692951 0.720629 0.022634
0 0 0 0
0.115479 0.0896
1.7146 2.640869 -0.763428
-0.865729 -0.001197 0.500511
0 0 0 0
0.105957 0.071289
1.716309 2.640869 -0.757812
-0.99963 0.000991 0.027182
0 0 0 0
0.105957 0.0896
1.705078 2.620605 -0.789062
0.000979 -0.999992 -0.003905
0 0 0 0
0.354492 0.466309
0.767334 2.626465 -0.774902
0.001277 -0.706425 0.707786
0 0 0 0
0.364258 0.220459
0.767334 2.620605 -0.789062
0.000978 -1 -0.000001
0 0 0 0
0.354492 0.220459
1.705078 2.626465 -0.774902
-0.001277 -0.708541 0.705669
0 0 0 0
0.364258 0.466309
0.767334 2.640869 -0.768799
0.001382 0.001382 0.999998
0 0 0 0
0.373779 0.220459
1.705078 2.640869 -0.768799
-0.001382 0.001382 0.999998
0 0 0 0
0.373779 0.466309
0.767334 2.655029 -0.774902
0.001277 0.706425 0.707786
0 0 0 0
0.383545 0.220459
1.705078 2.655029 -0.774902
-0.001277 0.708541 0.705669
0 0 0 0
0.383545 0.466309
0.767334 2.660889 -0.789062
0.000978 1 -0.000001
0 0 0 0
0.393066 0.220459
1.705078 2.660889 -0.789062
0.000979 0.999992 -0.003905
0 0 0 0
0.393066 0.466309
0.767334 2.655029 -0.803223
0.001277 0.706425 -0.707786
0 0 0 0
0.402588 0.220459
1.705078 2.655029 -0.803223
0.003832 0.706424 -0.707779
0 0 0 0
0.402588 0.466309
1.705078 2.640869 -0.809082
0.006912 0.001382 -0.999975
0 0 0 0
0.412354 0.466309
0.767334 2.640869 -0.809082
0.001382 0.001382 -0.999998
0 0 0 0
0.412354 0.220459
0.767334 2.626465 -0.803223
0.001277 -0.706425 -0.707786
0 0 0 0
0.421875 0.220459
1.705078 2.626465 -0.803223
0.003832 -0.706424 -0.707779
0 0 0 0
0.421875 0.466309
0.767334 2.620605 -0.789062
0.000978 -1 -0.000001
0 0 0 0
0.431641 0.220459
1.705078 2.620605 -0.789062
0.000979 -0.999992 -0.003905
0 0 0 0
0.431641 0.466309
1.722168 2.626465 -0.757812
-0.692951 -0.720629 0.022634
0 0 0 0
0.299072 0.032715
1.736328 2.620605 -0.757812
0.030407 -0.999514 -0.006887
0 0 0 0
0.289551 0.032715
1.736328 2.620605 -0.693604
0.001011 -0.997606 0.069142
0 0 0 0
0.289551 0.0896
1.722168 2.626465 -0.693604
-0.690029 -0.722077 0.049657
0 0 0 0
0.299072 0.0896
1.716309 2.640869 -0.757812
-0.99963 0.000991 0.027182
0 0 0 0
0.308838 0.032715
1.716309 2.640869 -0.693604
-0.999514 -0.030407 0.006887
0 0 0 0
0.308838 0.0896
1.722168 2.655029 -0.757812
-0.692951 0.720629 0.022634
0 0 0 0
0.318359 0.032715
1.722168 2.655029 -0.693604
-0.720629 0.692951 -0.022634
0 0 0 0
0.318359 0.0896
1.736328 2.660889 -0.757812
0.030407 0.999514 -0.006887
0 0 0 0
0.328125 0.032715
1.736328 2.660889 -0.693604
0.000991 0.99963 -0.027182
0 0 0 0
0.328125 0.0896
1.750488 2.655029 -0.757812
0.722077 0.690029 -0.049656
0 0 0 0
0.337646 0.032715
1.750488 2.655029 -0.693604
0.720629 0.692951 -0.022634
0 0 0 0
0.337646 0.0896
1.756348 2.640869 -0.757812
0.997606 0.001011 -0.069142
0 0 0 0
0.347412 0.032715
1.756348 2.640869 -0.693604
0.999514 -0.030407 0.006887
0 0 0 0
0.347412 0.0896
1.750488 2.626465 -0.757812
0.722077 -0.690029 -0.049656
0 0 0 0
0.356934 0.032715
1.750488 2.626465 -0.693604
0.690029 -0.722077 0.049656
0 0 0 0
0.356934 0.0896
1.736328 2.620605 -0.757812
0.030407 -0.999514 -0.006887
0 0 0 0
0.366455 0.032715
1.736328 2.620605 -0.693604
0.001011 -0.997606 0.069142
0 0 0 0
0.366455 0.0896
1.750488 2.626465 -0.693604
0.690029 -0.722077 0.049656
0 0 0 0
0.154053 0.032715
1.736328 2.627686 -0.667969
0.001197 -0.865729 0.500511
0 0 0 0
0.163574 0.05249
1.736328 2.620605 -0.693604
0.001011 -0.997606 0.069142
0 0 0 0
0.163574 0.032715
1.750488 2.632568 -0.670898
0.63855 -0.666162 0.385334
0 0 0 0
0.154053 0.05249
1.756348 2.640869 -0.693604
0.999514 -0.030407 0.006887
0 0 0 0
0.144287 0.032715
1.756348 2.64502 -0.677979
0.988513 -0.130788 0.075739
0 0 0 0
0.144287 0.05249
1.750488 2.655029 -0.693604
0.720629 0.692951 -0.022634
0 0 0 0
0.134766 0.032715
1.750488 2.657227 -0.685059
0.8031 0.515721 -0.298433
0 0 0 0
0.134766 0.05249
1.736328 2.660889 -0.693604
0.000991 0.99963 -0.027182
0 0 0 0
0.125244 0.032715
1.736328 2.662354 -0.687988
-0.001197 0.86573 -0.500511
0 0 0 0
0.125244 0.05249
1.722168 2.655029 -0.693604
-0.720629 0.692951 -0.022634
0 0 0 0
0.115479 0.032715
1.722168 2.657227 -0.685059
-0.8031 0.515721 -0.298433
0 0 0 0
0.115479 0.05249
1.716309 2.640869 -0.693604
-0.999514 -0.030407 0.006887
0 0 0 0
0.105957 0.032715
1.716309 2.64502 -0.677979
-0.988513 -0.130788 0.075739
0 0 0 0
0.105957 0.05249
1.722168 2.626465 -0.693604
-0.690029 -0.722077 0.049657
0 0 0 0
0.096191 0.032715
1.722168 2.632568 -0.670898
-0.638549 -0.666162 0.385334
0 0 0 0
0.096191 0.05249
1.736328 2.620605 -0.693604
0.001011 -0.997606 0.069142
0 0 0 0
0.08667 0.032715
1.736328 2.627686 -0.667969
0.001197 -0.865729 0.500511
0 0 0 0
0.08667 0.05249
1.722168 2.649414 -0.654297
-0.637439 -0.384988 0.667424
0 0 0 0
0.096191 0.071289
1.736328 2.646484 -0.64917
-0.001335 -0.500689 0.865626
0 0 0 0
0.08667 0.071289
1.722168 2.672119 -0.648193
-0.693445 -0.039735 0.719413
0 0 0 0
0.096191 0.0896
1.736328 2.672119 -0.642334
0.001382 -0.053895 0.998546
0 0 0 0
0.08667 0.0896
1.716309 2.672119 -0.662354
-0.999705 -0.006922 0.023276
0 0 0 0
0.105957 0.0896
1.716309 2.656494 -0.666504
-0.988512 -0.075879 0.130717
0 0 0 0
0.105957 0.071289
1.722168 2.663574 -0.678955
-0.802943 0.297342 -0.516594
0 0 0 0
0.115479 0.071289
1.736328 2.666504 -0.684082
-0.001335 0.500689 -0.865626
0 0 0 0
0.125244 0.071289
1.750488 2.663574 -0.678955
0.802943 0.297342 -0.516594
0 0 0 0
0.134766 0.071289
1.756348 2.656494 -0.666504
0.988512 -0.075879 0.130717
0 0 0 0
0.144287 0.071289
1.750488 2.649414 -0.654297
0.637439 -0.384988 0.667424
0 0 0 0
0.154053 0.071289
1.736328 2.646484 -0.64917
-0.001335 -0.500689 0.865626
0 0 0 0
0.163574 0.071289
1.736328 2.672119 -0.642334
0.001382 -0.053895 0.998546
0 0 0 0
0.163574 0.0896
1.750488 2.672119 -0.648193
0.693445 -0.039735 0.719413
0 0 0 0
0.154053 0.0896
1.756348 2.672119 -0.662354
0.999705 -0.006922 0.023276
0 0 0 0
0.144287 0.0896
1.750488 2.672119 -0.676514
0.716917 0.016554 -0.696962
0 0 0 0
0.134766 0.0896
1.736328 2.672119 -0.682373
0.001382 0.020735 -0.999784
0 0 0 0
0.125244 0.0896
1.722168 2.672119 -0.676514
-0.716917 0.016554 -0.696962
0 0 0 0
0.115479 0.0896
1.736328 2.672119 -0.642334
0.001382 -0.053895 0.998546
0 0 0 0
0.193604 0.220459
1.750488 2.761963 -0.648193
0.706425 0.001277 0.707786
0 0 0 0
0.181152 0.263184
1.736328 2.761963 -0.642334
-0.001382 -0.001382 0.999998
0 0 0 0
0.193604 0.263184
1.750488 2.672119 -0.648193
0.693445 -0.039735 0.719413
0 0 0 0
0.181152 0.220459
1.756348 2.761963 -0.662354
1 0.000978 -0.000001
0 0 0 0
0.168701 0.263184
1.756348 2.672119 -0.662354
0.999705 -0.006922 0.023276
0 0 0 0
0.168701 0.220459
1.750488 2.761963 -0.676514
0.706425 0.001277 -0.707786
0 0 0 0
0.156006 0.263184
1.750488 2.672119 -0.676514
0.716917 0.016554 -0.696962
0 0 0 0
0.156006 0.220459
1.736328 2.761963 -0.682373
-0.001382 -0.001382 -0.999998
0 0 0 0
0.143555 0.263184
1.736328 2.672119 -0.682373
0.001382 0.020735 -0.999784
0 0 0 0
0.143555 0.220459
1.722168 2.761963 -0.676514
-0.706425 -0.001277 -0.707786
0 0 0 0
0.131104 0.263184
1.722168 2.672119 -0.676514
-0.716917 0.016554 -0.696962
0 0 0 0
0.131104 0.220459
1.716309 2.761963 -0.662354
-1 -0.000977 -0.000001
0 0 0 0
0.118408 0.263184
1.716309 2.672119 -0.662354
-0.999705 -0.006922 0.023276
0 0 0 0
0.118408 0.220459
1.722168 2.761963 -0.648193
-0.706425 -0.001277 0.707786
0 0 0 0
0.105957 0.263184
1.722168 2.672119 -0.648193
-0.693445 -0.039735 0.719413
0 0 0 0
0.105957 0.220459
1.736328 2.761963 -0.642334
-0.001382 -0.001382 0.999998
0 0 0 0
0.093506 0.263184
1.736328 2.672119 -0.642334
0.001382 -0.053895 0.998546
0 0 0 0
0.093506 0.220459
1.816162 2.700439 -0.678955
0.001382 0.001382 0.999998
0 0 0 0
0.997559 0.032959
-1.897949 2.700439 -0.678955
0.001382 0.001382 0.999998
0 0 0 0
0.001465 0.032959
-1.897949 2.537354 -0.678955
0.001382 0.001382 0.999998
0 0 0 0
0.001465 0.091309
1.816162 2.537354 -0.678955
0.001382 0.001382 0.999998
0 0 0 0
0.997559 0.091309
1.816162 2.537354 -0.710449
0.000978 -1 -0.000001
0 0 0 0
0.997559 0.026611
1.816162 2.537354 -0.678955
0.000978 -1 -0.000001
0 0 0 0
0.997559 0.003662
-1.897949 2.537354 -0.678955
0.000978 -1 -0.000001
0 0 0 0
0.001465 0.003662
-1.897949 2.537354 -0.710449
0.000978 -1 -0.000001
0 0 0 0
0.001465 0.026611
-1.897949 2.700439 -0.710449
0.001382 0.001382 -0.999998
0 0 0 0
0.001465 0.032959
1.816162 2.700439 -0.710449
0.001382 0.001382 -0.999998
0 0 0 0
0.997559 0.032959
1.816162 2.537354 -0.710449
0.001382 0.001382 -0.999998
0 0 0 0
0.997559 0.091309
-1.897949 2.537354 -0.710449
0.001382 0.001382 -0.999998
0 0 0 0
0.001465 0.091309
1.816162 2.700439 -0.530029
0.001382 0.001382 0.999998
0 0 0 0
0.997559 0.091309
-1.897949 2.700439 -0.530029
0.001382 0.001382 0.999998
0 0 0 0
0.001465 0.091309
-1.897949 2.537354 -0.530029
0.001382 0.001382 0.999998
0 0 0 0
0.001465 0.032959
1.816162 2.537354 -0.530029
0.001382 0.001382 0.999998
0 0 0 0
0.997559 0.032959
1.816162 2.537354 -0.554443
0.000978 -1 -0.000001
0 0 0 0
0.997559 0.026611
1.816162 2.537354 -0.530029
0.000978 -1 -0.000001
0 0 0 0
0.997559 0.003662
-1.897949 2.537354 -0.530029
0.000978 -1 -0.000001
0 0 0 0
0.001465 0.003662
-1.897949 2.537354 -0.554443
0.000978 -1 -0.000001
0 0 0 0
0.001465 0.026611
-1.897949 2.700439 -0.554443
0.001382 0.001382 -0.999998
0 0 0 0
0.001465 0.032959
1.816162 2.700439 -0.554443
0.001382 0.001382 -0.999998
0 0 0 0
0.997559 0.032959
1.816162 2.537354 -0.554443
0.001382 0.001382 -0.999998
0 0 0 0
0.997559 0.091309
-1.897949 2.537354 -0.554443
0.001382 0.001382 -0.999998
0 0 0 0
0.001465 0.091309
1.816162 2.700439 -0.577148
0.001382 0.001382 0.999998
0 0 0 0
0.997559 0.091309
-1.897949 2.700439 -0.577148
0.001382 0.001382 0.999998
0 0 0 0
0.001465 0.091309
-1.897949 2.537354 -0.577148
0.001382 0.001382 0.999998
0 0 0 0
0.001465 0.032959
1.816162 2.537354 -0.577148
0.001382 0.001382 0.999998
0 0 0 0
0.997559 0.032959
1.816162 2.537354 -0.601562
0.000978 -1 -0.000001
0 0 0 0
0.997559 0.026611
1.816162 2.537354 -0.577148
0.000978 -1 -0.000001
0 0 0 0
0.997559 0.003662
-1.897949 2.537354 -0.577148
0.000978 -1 -0.000001
0 0 0 0
0.001465 0.003662
-1.897949 2.537354 -0.601562
0.000978 -1 -0.000001
0 0 0 0
0.001465 0.026611
-1.897949 2.700439 -0.601562
0.001382 0.001382 -0.999998
0 0 0 0
0.001465 0.032959
1.816162 2.700439 -0.601562
0.001382 0.001382 -0.999998
0 0 0 0
0.997559 0.032959
1.816162 2.537354 -0.601562
0.001382 0.001382 -0.999998
0 0 0 0
0.997559 0.091309
-1.897949 2.537354 -0.601562
0.001382 0.001382 -0.999998
0 0 0 0
0.001465 0.091309
1.668945 3.198975 -0.875977
0.001382 -0.020735 0.999784
0 0 0 0
0.222412 -0.003906
1.693115 3.146729 -0.876953
0.001382 -0.020735 0.999784
0 0 0 0
0.24707 -0.090576
1.693115 3.198975 -0.875977
0.001382 -0.020735 0.999784
0 0 0 0
0.24707 -0.003906
1.668945 3.146729 -0.876953
0.001382 -0.020735 0.999784
0 0 0 0
0.222412 -0.090576
1.693115 3.146729 -0.962646
1 0.000978 -0.000001
0 0 0 0
0.222412 -0.090576
1.693115 3.20459 -0.962646
1 0.000978 -0.000001
0 0 0 0
0.24707 -0.090576
1.693115 3.198975 -0.875977
1 0.000978 -0.000001
0 0 0 0
0.24707 -0.003906
1.693115 3.146729 -0.876953
1 0.000978 -0.000001
0 0 0 0
0.222412 -0.003906
1.668945 3.146729 -0.962646
-1 -0.000977 -0.000001
0 0 0 0
0.222412 -0.003906
1.668945 3.146729 -0.876953
-1 -0.000977 -0.000001
0 0 0 0
0.222412 -0.090576
1.668945 3.198975 -0.875977
-1 -0.000977 -0.000001
0 0 0 0
0.24707 -0.090576
1.668945 3.20459 -0.962646
-1 -0.000977 -0.000001
0 0 0 0
0.24707 -0.003906
1.693115 3.20459 -0.962646
0.001382 0.001382 -0.999998
0 0 0 0
0.24707 -0.090576
1.693115 3.146729 -0.962646
0.001382 0.001382 -0.999998
0 0 0 0
0.24707 -0.003906
1.668945 3.146729 -0.962646
0.001382 0.001382 -0.999998
0 0 0 0
0.222412 -0.003906
1.668945 3.20459 -0.962646
0.001382 0.001382 -0.999998
0 0 0 0
0.222412 -0.090576
-1.693115 3.198975 -0.875977
0.001382 -0.020735 0.999784
0 0 0 0
0.222412 -0.003906
-1.668945 3.146729 -0.876953
0.001382 -0.020735 0.999784
0 0 0 0
0.24707 -0.090576
-1.668945 3.198975 -0.875977
0.001382 -0.020735 0.999784
0 0 0 0
0.24707 -0.003906
-1.693115 3.146729 -0.876953
0.001382 -0.020735 0.999784
0 0 0 0
0.222412 -0.090576
-1.668945 3.146729 -0.962646
1 0.000978 -0.000001
0 0 0 0
0.222412 -0.090576
-1.668945 3.20459 -0.962646
1 0.000978 -0.000001
0 0 0 0
0.24707 -0.090576
-1.668945 3.198975 -0.875977
1 0.000978 -0.000001
0 0 0 0
0.24707 -0.003906
-1.668945 3.146729 -0.876953
1 0.000978 -0.000001
0 0 0 0
0.222412 -0.003906
-1.693115 3.146729 -0.962646
-1 0.000978 -0.000001
0 0 0 0
0.222412 -0.003906
-1.693115 3.146729 -0.876953
-1 0.000978 -0.000001
0 0 0 0
0.222412 -0.090576
-1.693115 3.198975 -0.875977
-1 0.000978 -0.000001
0 0 0 0
0.24707 -0.090576
-1.693115 3.20459 -0.962646
-1 0.000978 -0.000001
0 0 0 0
0.24707 -0.003906
-1.668945 3.20459 -0.962646
0.001382 0.001382 -0.999998
0 0 0 0
0.24707 -0.090576
-1.668945 3.146729 -0.962646
0.001382 0.001382 -0.999998
0 0 0 0
0.24707 -0.003906
-1.693115 3.146729 -0.962646
0.001382 0.001382 -0.999998
0 0 0 0
0.222412 -0.003906
-1.693115 3.20459 -0.962646
0.001382 0.001382 -0.999998
0 0 0 0
0.222412 -0.090576
-0.572266 3.198975 -0.875977
0.001382 -0.020735 0.999784
0 0 0 0
0.222412 -0.003906
-0.548096 3.146729 -0.876953
0.001382 -0.020735 0.999784
0 0 0 0
0.24707 -0.090576
-0.548096 3.198975 -0.875977
0.001382 -0.020735 0.999784
0 0 0 0
0.24707 -0.003906
-0.572266 3.146729 -0.876953
0.001382 -0.020735 0.999784
0 0 0 0
0.222412 -0.090576
-0.548096 3.146729 -0.962646
1 -0.000977 -0.000001
0 0 0 0
0.222412 -0.090576
-0.548096 3.20459 -0.962646
1 -0.000977 -0.000001
0 0 0 0
0.24707 -0.090576
-0.548096 3.198975 -0.875977
1 -0.000977 -0.000001
0 0 0 0
0.24707 -0.003906
-0.548096 3.146729 -0.876953
1 -0.000977 -0.000001
0 0 0 0
0.222412 -0.003906
-0.572266 3.146729 -0.962646
-1 -0.000977 -0.000001
0 0 0 0
0.222412 -0.003906
-0.572266 3.146729 -0.876953
-1 -0.000977 -0.000001
0 0 0 0
0.222412 -0.090576
-0.572266 3.198975 -0.875977
-1 -0.000977 -0.000001
0 0 0 0
0.24707 -0.090576
-0.572266 3.20459 -0.962646
-1 -0.000977 -0.000001
0 0 0 0
0.24707 -0.003906
-0.548096 3.20459 -0.962646
0.001382 0.001382 -0.999998
0 0 0 0
0.24707 -0.090576
-0.548096 3.146729 -0.962646
0.001382 0.001382 -0.999998
0 0 0 0
0.24707 -0.003906
-0.572266 3.146729 -0.962646
0.001382 0.001382 -0.999998
0 0 0 0
0.222412 -0.003906
-0.572266 3.20459 -0.962646
0.001382 0.001382 -0.999998
0 0 0 0
0.222412 -0.090576
0.54834 3.198975 -0.875977
0.001382 -0.020735 0.999784
0 0 0 0
0.222412 -0.003906
0.57251 3.146729 -0.876953
0.001382 -0.020735 0.999784
0 0 0 0
0.24707 -0.090576
0.57251 3.198975 -0.875977
0.001382 -0.020735 0.999784
0 0 0 0
0.24707 -0.003906
0.54834 3.146729 -0.876953
0.001382 -0.020735 0.999784
0 0 0 0
0.222412 -0.090576
0.57251 3.146729 -0.962646
1 0.000978 -0.000001
0 0 0 0
0.222412 -0.090576
0.57251 3.20459 -0.962646
1 0.000978 -0.000001
0 0 0 0
0.24707 -0.090576
0.57251 3.198975 -0.875977
1 0.000978 -0.000001
0 0 0 0
0.24707 -0.003906
0.57251 3.146729 -0.876953
1 0.000978 -0.000001
0 0 0 0
0.222412 -0.003906
0.54834 3.146729 -0.962646
-1 0.000978 -0.000001
0 0 0 0
0.222412 -0.003906
0.54834 3.146729 -0.876953
-1 0.000978 -0.000001
0 0 0 0
0.222412 -0.090576
0.54834 3.198975 -0.875977
-1 0.000978 -0.000001
0 0 0 0
0.24707 -0.090576
0.54834 3.20459 -0.962646
-1 0.000978 -0.000001
0 0 0 0
0.24707 -0.003906
0.57251 3.20459 -0.962646
0.001382 0.001382 -0.999998
0 0 0 0
0.24707 -0.090576
0.57251 3.146729 -0.962646
0.001382 0.001382 -0.999998
0 0 0 0
0.24707 -0.003906
0.54834 3.146729 -0.962646
0.001382 0.001382 -0.999998
0 0 0 0
0.222412 -0.003906
0.54834 3.20459 -0.962646
0.001382 0.001382 -0.999998
0 0 0 0
0.222412 -0.090576
-1.693115 3.206299 0.872559
0.001382 0.001382 -0.999998
0 0 0 0
0.222412 -0.090576
-1.668945 3.206299 0.872559
0.001382 0.001382 -0.999998
0 0 0 0
0.24707 -0.090576
-1.668945 3.146729 0.872559
0.001382 0.001382 -0.999998
0 0 0 0
0.24707 -0.003906
-1.693115 3.146729 0.872559
0.001382 0.001382 -0.999998
0 0 0 0
0.222412 -0.003906
-1.668945 3.206299 0.872559
1 0.000978 -0.000001
0 0 0 0
0.24707 -0.090576
-1.668945 3.220215 0.958252
1 0.000978 -0.000001
0 0 0 0
0.24707 -0.003906
-1.668945 3.146729 0.958252
1 0.000978 -0.000001
0 0 0 0
0.222412 -0.003906
-1.668945 3.146729 0.872559
1 0.000978 -0.000001
0 0 0 0
0.222412 -0.090576
-1.693115 3.146729 0.958252
-1 0.000978 -0.000001
0 0 0 0
0.222412 -0.090576
-1.693115 3.220215 0.958252
-1 0.000978 -0.000001
0 0 0 0
0.24707 -0.090576
-1.693115 3.206299 0.872559
-1 0.000978 -0.000001
0 0 0 0
0.24707 -0.003906
-1.693115 3.146729 0.872559
-1 0.000978 -0.000001
0 0 0 0
0.222412 -0.003906
-1.668945 3.220215 0.958252
0.001382 0.001382 0.999998
0 0 0 0
0.24707 -0.003906
-1.693115 3.220215 0.958252
0.001382 0.001382 0.999998
0 0 0 0
0.222412 -0.003906
-1.693115 3.146729 0.958252
0.001382 0.001382 0.999998
0 0 0 0
0.222412 -0.090576
-1.668945 3.146729 0.958252
0.001382 0.001382 0.999998
0 0 0 0
0.24707 -0.090576
-0.572266 3.206299 0.872559
0.001382 0.001382 -0.999998
0 0 0 0
0.222412 -0.090576
-0.548096 3.206299 0.872559
0.001382 0.001382 -0.999998
0 0 0 0
0.24707 -0.090576
-0.548096 3.146729 0.872559
0.001382 0.001382 -0.999998
0 0 0 0
0.24707 -0.003906
-0.572266 3.146729 0.872559
0.001382 0.001382 -0.999998
0 0 0 0
0.222412 -0.003906
-0.548096 3.206299 0.872559
1 0.000978 -0.000001
0 0 0 0
0.24707 -0.090576
-0.548096 3.220215 0.958252
1 0.000978 -0.000001
0 0 0 0
0.24707 -0.003906
-0.548096 3.146729 0.958252
1 0.000978 -0.000001
0 0 0 0
0.222412 -0.003906
-0.548096 3.146729 0.872559
1 0.000978 -0.000001
0 0 0 0
0.222412 -0.090576
-0.572266 3.146729 0.958252
-1 0.000978 -0.000001
0 0 0 0
0.222412 -0.090576
-0.572266 3.220215 0.958252
-1 0.000978 -0.000001
0 0 0 0
0.24707 -0.090576
-0.572266 3.206299 0.872559
-1 0.000978 -0.000001
0 0 0 0
0.24707 -0.003906
-0.572266 3.146729 0.872559
-1 0.000978 -0.000001
0 0 0 0
0.222412 -0.003906
-0.548096 3.220215 0.958252
0.001382 0.001382 0.999998
0 0 0 0
0.24707 -0.003906
-0.572266 3.220215 0.958252
0.001382 0.001382 0.999998
0 0 0 0
0.222412 -0.003906
-0.572266 3.146729 0.958252
0.001382 0.001382 0.999998
0 0 0 0
0.222412 -0.090576
-0.548096 3.146729 0.958252
0.001382 0.001382 0.999998
0 0 0 0
0.24707 -0.090576
0.54834 3.206299 0.872559
0.001382 0.001382 -0.999998
0 0 0 0
0.222412 -0.090576
0.57251 3.206299 0.872559
0.001382 0.001382 -0.999998
0 0 0 0
0.24707 -0.090576
0.57251 3.146729 0.872559
0.001382 0.001382 -0.999998
0 0 0 0
0.24707 -0.003906
0.54834 3.146729 0.872559
0.001382 0.001382 -0.999998
0 0 0 0
0.222412 -0.003906
0.57251 3.206299 0.872559
1 0.000978 -0.000001
0 0 0 0
0.24707 -0.090576
0.57251 3.220215 0.958252
1 0.000978 -0.000001
0 0 0 0
0.24707 -0.003906
0.57251 3.146729 0.958252
1 0.000978 -0.000001
0 0 0 0
0.222412 -0.003906
0.57251 3.146729 0.872559
1 0.000978 -0.000001
0 0 0 0
0.222412 -0.090576
0.54834 3.146729 0.958252
-1 0.000978 -0.000001
0 0 0 0
0.222412 -0.090576
0.54834 3.220215 0.958252
-1 0.000978 -0.000001
0 0 0 0
0.24707 -0.090576
0.54834 3.206299 0.872559
-1 0.000978 -0.000001
0 0 0 0
0.24707 -0.003906
0.54834 3.146729 0.872559
-1 0.000978 -0.000001
0 0 0 0
0.222412 -0.003906
0.57251 3.220215 0.958252
0.001382 0.001382 0.999998
0 0 0 0
0.24707 -0.003906
0.54834 3.220215 0.958252
0.001382 0.001382 0.999998
0 0 0 0
0.222412 -0.003906
0.54834 3.146729 0.958252
0.001382 0.001382 0.999998
0 0 0 0
0.222412 -0.090576
0.57251 3.146729 0.958252
0.001382 0.001382 0.999998
0 0 0 0
0.24707 -0.090576
1.668945 3.206299 0.872559
0.001382 0.001382 -0.999998
0 0 0 0
0.222412 -0.090576
1.693115 3.206299 0.872559
0.001382 0.001382 -0.999998
0 0 0 0
0.24707 -0.090576
1.693115 3.146729 0.872559
0.001382 0.001382 -0.999998
0 0 0 0
0.24707 -0.003906
1.668945 3.146729 0.872559
0.001382 0.001382 -0.999998
0 0 0 0
0.222412 -0.003906
1.693115 3.206299 0.872559
1 -0.000977 -0.000001
0 0 0 0
0.24707 -0.090576
1.693115 3.220215 0.958252
1 -0.000977 -0.000001
0 0 0 0
0.24707 -0.003906
1.693115 3.146729 0.958252
1 -0.000977 -0.000001
0 0 0 0
0.222412 -0.003906
1.693115 3.146729 0.872559
1 -0.000977 -0.000001
0 0 0 0
0.222412 -0.090576
1.668945 3.146729 0.958252
-1 -0.000977 -0.000001
0 0 0 0
0.222412 -0.090576
1.668945 3.220215 0.958252
-1 -0.000977 -0.000001
0 0 0 0
0.24707 -0.090576
1.668945 3.206299 0.872559
-1 -0.000977 -0.000001
0 0 0 0
0.24707 -0.003906
1.668945 3.146729 0.872559
-1 -0.000977 -0.000001
0 0 0 0
0.222412 -0.003906
1.693115 3.220215 0.958252
0.001382 0.001382 0.999998
0 0 0 0
0.24707 -0.003906
1.668945 3.220215 0.958252
0.001382 0.001382 0.999998
0 0 0 0
0.222412 -0.003906
1.668945 3.146729 0.958252
0.001382 0.001382 0.999998
0 0 0 0
0.222412 -0.090576
1.693115 3.146729 0.958252
0.001382 0.001382 0.999998
0 0 0 0
0.24707 -0.090576
1.650879 3.148193 -0.783203
0.001382 0.001382 0.999998
0 0 0 0
0.2229 -0.089844
1.711182 3.137939 -0.783203
0.001382 0.001382 0.999998
0 0 0 0
0.246094 -0.09375
1.711182 3.148193 -0.783203
0.001382 0.001382 0.999998
0 0 0 0
0.246094 -0.089844
1.650879 3.137939 -0.783203
0.001382 0.001382 0.999998
0 0 0 0
0.2229 -0.09375
1.650879 3.148193 -1.049561
0.000978 1 -0.000001
0 0 0 0
0.2229 -0.004395
1.650879 3.148193 -0.783203
0.000978 1 -0.000001
0 0 0 0
0.2229 -0.089844
1.711182 3.148193 -0.783203
0.000978 1 -0.000001
0 0 0 0
0.246094 -0.089844
1.711182 3.148193 -1.049561
0.000978 1 -0.000001
0 0 0 0
0.246094 -0.004395
1.711182 3.148193 -1.049561
1 -0.000977 -0.000001
0 0 0 0
0.246094 -0.004395
1.711182 3.148193 -0.783203
1 -0.000977 -0.000001
0 0 0 0
0.246094 -0.089844
1.711182 3.137939 -0.783203
1 -0.000977 -0.000001
0 0 0 0
0.25 -0.089844
1.711182 3.137939 -1.049561
1 -0.000977 -0.000001
0 0 0 0
0.25 -0.004395
1.650879 3.148193 -1.049561
-1 -0.000977 -0.000001
0 0 0 0
0.2229 -0.004395
1.650879 3.137939 -1.049561
-1 -0.000977 -0.000001
0 0 0 0
0.219238 -0.004395
1.650879 3.137939 -0.783203
-1 -0.000977 -0.000001
0 0 0 0
0.219238 -0.089844
1.650879 3.148193 -0.783203
-1 -0.000977 -0.000001
0 0 0 0
0.2229 -0.089844
1.711182 3.148193 -1.049561
0.001382 0.004147 -0.99999
0 0 0 0
0.246094 -0.004395
1.711182 3.137939 -1.049561
0.001382 0.004147 -0.99999
0 0 0 0
0.246094 -0.000488
1.650879 3.137939 -1.049561
0.001382 0.004147 -0.99999
0 0 0 0
0.2229 -0.000488
1.650879 3.148193 -1.049561
0.001382 0.004147 -0.99999
0 0 0 0
0.2229 -0.004395
-1.711182 3.148193 -0.783203
0.001382 0.001382 0.999998
0 0 0 0
0.2229 -0.089844
-1.650879 3.137939 -0.783203
0.001382 0.001382 0.999998
0 0 0 0
0.246094 -0.09375
-1.650879 3.148193 -0.783203
0.001382 0.001382 0.999998
0 0 0 0
0.246094 -0.089844
-1.711182 3.137939 -0.783203
0.001382 0.001382 0.999998
0 0 0 0
0.2229 -0.09375
-1.711182 3.148193 -1.049561
0.000978 1 -0.000001
0 0 0 0
0.2229 -0.004395
-1.711182 3.148193 -0.783203
0.000978 1 -0.000001
0 0 0 0
0.2229 -0.089844
-1.650879 3.148193 -0.783203
0.000978 1 -0.000001
0 0 0 0
0.246094 -0.089844
-1.650879 3.148193 -1.049561
0.000978 1 -0.000001
0 0 0 0
0.246094 -0.004395
-1.650879 3.148193 -1.049561
1 0.000978 -0.000001
0 0 0 0
0.246094 -0.004395
-1.650879 3.148193 -0.783203
1 0.000978 -0.000001
0 0 0 0
0.246094 -0.089844
-1.650879 3.137939 -0.783203
1 0.000978 -0.000001
0 0 0 0
0.25 -0.089844
-1.650879 3.137939 -1.049561
1 0.000978 -0.000001
0 0 0 0
0.25 -0.004395
-1.711182 3.148193 -1.049561
-1 0.000978 -0.000001
0 0 0 0
0.2229 -0.004395
-1.711182 3.137939 -1.049561
-1 0.000978 -0.000001
0 0 0 0
0.219238 -0.004395
-1.711182 3.137939 -0.783203
-1 0.000978 -0.000001
0 0 0 0
0.219238 -0.089844
-1.711182 3.148193 -0.783203
-1 0.000978 -0.000001
0 0 0 0
0.2229 -0.089844
-1.650879 3.148193 -1.049561
0.001382 0.004147 -0.99999
0 0 0 0
0.246094 -0.004395
-1.650879 3.137939 -1.049561
0.001382 0.004147 -0.99999
0 0 0 0
0.246094 -0.000488
-1.711182 3.137939 -1.049561
0.001382 0.004147 -0.99999
0 0 0 0
0.2229 -0.000488
-1.711182 3.148193 -1.049561
0.001382 0.004147 -0.99999
0 0 0 0
0.2229 -0.004395
-0.590576 3.148193 -0.783203
0.001382 0.001382 0.999998
0 0 0 0
0.2229 -0.089844
-0.530029 3.137939 -0.783203
0.001382 0.001382 0.999998
0 0 0 0
0.246094 -0.09375
-0.530029 3.148193 -0.783203
0.001382 0.001382 0.999998
0 0 0 0
0.246094 -0.089844
-0.590576 3.137939 -0.783203
0.001382 0.001382 0.999998
0 0 0 0
0.2229 -0.09375
-0.590576 3.148193 -1.049561
0.000978 1 -0.000001
0 0 0 0
0.2229 -0.004395
-0.590576 3.148193 -0.783203
0.000978 1 -0.000001
0 0 0 0
0.2229 -0.089844
-0.530029 3.148193 -0.783203
0.000978 1 -0.000001
0 0 0 0
0.246094 -0.089844
-0.530029 3.148193 -1.049561
0.000978 1 -0.000001
0 0 0 0
0.246094 -0.004395
-0.530029 3.148193 -1.049561
1 -0.000977 -0.000001
0 0 0 0
0.246094 -0.004395
-0.530029 3.148193 -0.783203
1 -0.000977 -0.000001
0 0 0 0
0.246094 -0.089844
-0.530029 3.137939 -0.783203
1 -0.000977 -0.000001
0 0 0 0
0.25 -0.089844
-0.530029 3.137939 -1.049561
1 -0.000977 -0.000001
0 0 0 0
0.25 -0.004395
-0.590576 3.148193 -1.049561
-1 -0.000977 -0.000001
0 0 0 0
0.2229 -0.004395
-0.590576 3.137939 -1.049561
-1 -0.000977 -0.000001
0 0 0 0
0.219238 -0.004395
-0.590576 3.137939 -0.783203
-1 -0.000977 -0.000001
0 0 0 0
0.219238 -0.089844
-0.590576 3.148193 -0.783203
-1 -0.000977 -0.000001
0 0 0 0
0.2229 -0.089844
-0.530029 3.148193 -1.049561
0.001382 0.004147 -0.99999
0 0 0 0
0.246094 -0.004395
-0.530029 3.137939 -1.049561
0.001382 0.004147 -0.99999
0 0 0 0
0.246094 -0.000488
-0.590576 3.137939 -1.049561
0.001382 0.004147 -0.99999
0 0 0 0
0.2229 -0.000488
-0.590576 3.148193 -1.049561
0.001382 0.004147 -0.99999
0 0 0 0
0.2229 -0.004395
0.530273 3.148193 -0.783203
0.001382 0.001382 0.999998
0 0 0 0
0.2229 -0.089844
0.590576 3.137939 -0.783203
0.001382 0.001382 0.999998
0 0 0 0
0.246094 -0.09375
0.590576 3.148193 -0.783203
0.001382 0.001382 0.999998
0 0 0 0
0.246094 -0.089844
0.530273 3.137939 -0.783203
0.001382 0.001382 0.999998
0 0 0 0
0.2229 -0.09375
0.530273 3.148193 -1.049561
0.000978 1 -0.000001
0 0 0 0
0.2229 -0.004395
0.530273 3.148193 -0.783203
0.000978 1 -0.000001
0 0 0 0
0.2229 -0.089844
0.590576 3.148193 -0.783203
0.000978 1 -0.000001
0 0 0 0
0.246094 -0.089844
0.590576 3.148193 -1.049561
0.000978 1 -0.000001
0 0 0 0
0.246094 -0.004395
0.590576 3.148193 -1.049561
1 0.000978 -0.000001
0 0 0 0
0.246094 -0.004395
0.590576 3.148193 -0.783203
1 0.000978 -0.000001
0 0 0 0
0.246094 -0.089844
0.590576 3.137939 -0.783203
1 0.000978 -0.000001
0 0 0 0
0.25 -0.089844
0.590576 3.137939 -1.049561
1 0.000978 -0.000001
0 0 0 0
0.25 -0.004395
0.530273 3.148193 -1.049561
-1 -0.000977 -0.000001
0 0 0 0
0.2229 -0.004395
0.530273 3.137939 -1.049561
-1 -0.000977 -0.000001
0 0 0 0
0.219238 -0.004395
0.530273 3.137939 -0.783203
-1 -0.000977 -0.000001
0 0 0 0
0.219238 -0.089844
0.530273 3.148193 -0.783203
-1 -0.000977 -0.000001
0 0 0 0
0.2229 -0.089844
0.590576 3.148193 -1.049561
0.001382 0.004147 -0.99999
0 0 0 0
0.246094 -0.004395
0.590576 3.137939 -1.049561
0.001382 0.004147 -0.99999
0 0 0 0
0.246094 -0.000488
0.530273 3.137939 -1.049561
0.001382 0.004147 -0.99999
0 0 0 0
0.2229 -0.000488
0.530273 3.148193 -1.049561
0.001382 0.004147 -0.99999
0 0 0 0
0.2229 -0.004395
-1.711182 3.148193 0.778809
0.001382 0.001382 -0.999998
0 0 0 0
0.2229 -0.004395
-1.650879 3.148193 0.778809
0.001382 0.001382 -0.999998
0 0 0 0
0.246094 -0.004395
-1.650879 3.137939 0.778809
0.001382 0.001382 -0.999998
0 0 0 0
0.246094 -0.000488
-1.711182 3.137939 0.778809
0.001382 0.001382 -0.999998
0 0 0 0
0.2229 -0.000488
-1.381348 0.24292 -1.122559
0.001382 0.001382 -0.999998
0 0 0 0
0.925537 -0.089355
-1.313232 0.244385 -1.122559
0.001382 0.001382 -0.999998
0 0 0 0
0.98291 -0.088623
-1.320068 0.24292 -1.122559
0.001382 0.001382 -0.999998
0 0 0 0
0.979248 -0.089355
-1.388428 0.244385 -1.122559
0.001382 0.001382 -0.999998
0 0 0 0
0.921875 -0.088623
-1.394531 0.248535 -1.122559
0.001382 0.001382 -0.999998
0 0 0 0
0.918701 -0.086426
-1.306885 0.248535 -1.122559
0.001382 0.001382 -0.999998
0 0 0 0
0.986328 -0.086426
-1.398682 0.254639 -1.122559
-0.001382 0.001382 -0.999998
0 0 0 0
0.916504 -0.083252
-1.302734 0.254639 -1.122559
-0.001382 0.001382 -0.999998
0 0 0 0
0.988525 -0.083252
-1.400146 0.261719 -1.122559
0.001382 0.001382 -0.999998
0 0 0 0
0.915771 -0.079834
-1.30127 0.261719 -1.122559
0.001382 0.001382 -0.999998
0 0 0 0
0.989258 -0.079834
-1.400146 0.342529 -1.122559
0.001382 0.001382 -0.999998
0 0 0 0
0.915771 -0.013672
-1.30127 0.342529 -1.122559
0.001382 0.001382 -0.999998
0 0 0 0
0.989258 -0.013672
-1.398682 0.349365 -1.122559
0.001382 0.001382 -0.999998
0 0 0 0
0.916504 -0.01001
-1.302734 0.349365 -1.122559
0.001382 0.001382 -0.999998
0 0 0 0
0.988525 -0.01001
-1.394531 0.355713 -1.122559
0.001382 0.001382 -0.999998
0 0 0 0
0.918701 -0.00708
-1.306885 0.355713 -1.122559
0.001382 0.001382 -0.999998
0 0 0 0
0.986328 -0.00708
-1.388428 0.359863 -1.122559
0.001382 0.001382 -0.999998
0 0 0 0
0.921875 -0.004883
-1.313232 0.359863 -1.122559
0.001382 0.001382 -0.999998
0 0 0 0
0.98291 -0.004883
-1.381348 0.361328 -1.122559
0.001382 0.001382 -0.999998
0 0 0 0
0.925537 -0.00415
-1.320068 0.361328 -1.122559
0.001382 0.001382 -0.999998
0 0 0 0
0.979248 -0.00415
-0.422119 0.290283 -1.122803
0.113128 -0.309399 -0.944179
0 0 0 0
0.925781 -0.011475
-0.423828 0.290039 -1.122803
0.001366 -0.307259 -0.951625
0 0 0 0
0.927734 -0.01123
-0.422607 0.293457 -1.124023
0.012441 -0.015206 -0.999807
0 0 0 0
0.926514 -0.014893
-0.420654 0.291504 -1.122803
0.24627 -0.24627 -0.937391
0 0 0 0
0.924316 -0.012695
-0.419678 0.292969 -1.122803
0.30669 -0.118587 -0.944393
0 0 0 0
0.923096 -0.01416
-0.419189 0.294678 -1.122803
0.304595 -0.001366 -0.952481
0 0 0 0
0.922852 -0.015869
-0.419189 0.341309 -1.122803
0.304595 0.001366 -0.952481
0 0 0 0
0.922852 -0.077393
-0.422607 0.342529 -1.124023
0.012441 0.015206 -0.999807
0 0 0 0
0.926514 -0.078369
-0.419678 0.343262 -1.122803
0.306741 0.113153 -0.945043
0 0 0 0
0.923096 -0.079102
-0.420654 0.344727 -1.122803
0.243635 0.243635 -0.938767
0 0 0 0
0.924316 -0.080811
-0.422119 0.345703 -1.122803
0.113153 0.306741 -0.945043
0 0 0 0
0.925781 -0.081787
-0.423828 0.345947 -1.122803
0.001366 0.304595 -0.952481
0 0 0 0
0.927734 -0.082031
-0.482666 0.345947 -1.122803
-0.001366 0.304595 -0.952481
0 0 0 0
0.976562 -0.082031
-0.483643 0.342529 -1.124023
-0.012441 0.015206 -0.999807
0 0 0 0
0.977783 -0.078369
-0.484375 0.345703 -1.122803
-0.113153 0.306741 -0.945043
0 0 0 0
0.978271 -0.081787
-0.48584 0.344727 -1.122803
-0.243635 0.243635 -0.938767
0 0 0 0
0.97998 -0.080811
-0.486816 0.343262 -1.122803
-0.306741 0.113153 -0.945043
0 0 0 0
0.980957 -0.079102
-0.487305 0.341309 -1.122803
-0.304595 0.001366 -0.952481
0 0 0 0
0.981201 -0.077393
-0.483643 0.293457 -1.124023
-0.012441 -0.015206 -0.999807
0 0 0 0
0.977783 -0.014893
-0.487305 0.294678 -1.122803
-0.304595 -0.001366 -0.952481
0 0 0 0
0.981201 -0.015869
-0.486816 0.292969 -1.122803
-0.30669 -0.118587 -0.944393
0 0 0 0
0.980957 -0.01416
-0.48584 0.291504 -1.122803
-0.24627 -0.24627 -0.937391
0 0 0 0
0.97998 -0.012695
-0.484375 0.290283 -1.122803
-0.113128 -0.309399 -0.944179
0 0 0 0
0.978271 -0.011475
-0.482666 0.290039 -1.122803
-0.001366 -0.307259 -0.951625
0 0 0 0
0.976562 -0.01123
-0.483398 0.24292 -1.122559
0.001382 0.001382 -0.999998
0 0 0 0
0.925537 -0.089355
-0.415039 0.244385 -1.122559
0.001382 0.001382 -0.999998
0 0 0 0
0.98291 -0.088623
-0.422119 0.24292 -1.122559
0.001382 0.001382 -0.999998
0 0 0 0
0.979248 -0.089355
-0.490234 0.244385 -1.122559
0.001382 0.001382 -0.999998
0 0 0 0
0.921875 -0.088623
-0.496582 0.248535 -1.122559
0.001382 0.001382 -0.999998
0 0 0 0
0.918701 -0.086426
-0.408936 0.248535 -1.122559
0.001382 0.001382 -0.999998
0 0 0 0
0.986328 -0.086426
-0.500732 0.254639 -1.122559
-0.001382 0.001382 -0.999998
0 0 0 0
0.916504 -0.083252
-0.404785 0.254639 -1.122559
-0.001382 0.001382 -0.999998
0 0 0 0
0.988525 -0.083252
-0.502197 0.261719 -1.122559
0.001382 0.001382 -0.999998
0 0 0 0
0.915771 -0.079834
-0.40332 0.261719 -1.122559
0.001382 0.001382 -0.999998
0 0 0 0
0.989258 -0.079834
-0.502197 0.342529 -1.122559
0.001382 0.001382 -0.999998
0 0 0 0
0.915771 -0.013672
-0.40332 0.342529 -1.122559
0.001382 0.001382 -0.999998
0 0 0 0
0.989258 -0.013672
-0.500732 0.349365 -1.122559
0.001382 0.001382 -0.999998
0 0 0 0
0.916504 -0.01001
-0.404785 0.349365 -1.122559
0.001382 0.001382 -0.999998
0 0 0 0
0.988525 -0.01001
-0.496582 0.355713 -1.122559
0.001382 0.001382 -0.999998
0 0 0 0
0.918701 -0.00708
-0.408936 0.355713 -1.122559
0.001382 0.001382 -0.999998
0 0 0 0
0.986328 -0.00708
-0.490234 0.359863 -1.122559
0.001382 0.001382 -0.999998
0 0 0 0
0.921875 -0.004883
-0.415039 0.359863 -1.122559
0.001382 0.001382 -0.999998
0 0 0 0
0.98291 -0.004883
-0.483398 0.361328 -1.122559
0.001382 0.001382 -0.999998
0 0 0 0
0.925537 -0.00415
-0.422119 0.361328 -1.122559
0.001382 0.001382 -0.999998
0 0 0 0
0.979248 -0.00415
0.484863 0.290283 -1.122803
0.113128 -0.309399 -0.944179
0 0 0 0
0.925781 -0.011475
0.483154 0.290039 -1.122803
0.001366 -0.307259 -0.951625
0 0 0 0
0.927734 -0.01123
0.484375 0.293457 -1.124023
0.012441 -0.015206 -0.999807
0 0 0 0
0.926514 -0.014893
0.486328 0.291504 -1.122803
0.24627 -0.24627 -0.937391
0 0 0 0
0.924316 -0.012695
0.487549 0.292969 -1.122803
0.30669 -0.118587 -0.944393
0 0 0 0
0.923096 -0.01416
0.487793 0.294678 -1.122803
0.304595 -0.001366 -0.952481
0 0 0 0
0.922852 -0.015869
0.487793 0.341309 -1.122803
0.304595 0.001366 -0.952481
0 0 0 0
0.922852 -0.077393
0.484375 0.342529 -1.124023
0.012441 0.015206 -0.999807
0 0 0 0
0.926514 -0.078369
0.487549 0.343262 -1.122803
0.306741 0.113153 -0.945043
0 0 0 0
0.923096 -0.079102
0.486328 0.344727 -1.122803
0.243635 0.243635 -0.938767
0 0 0 0
0.924316 -0.080811
0.484863 0.345703 -1.122803
0.113153 0.306741 -0.945043
0 0 0 0
0.925781 -0.081787
0.483154 0.345947 -1.122803
0.001366 0.304595 -0.952481
0 0 0 0
0.927734 -0.082031
0.424561 0.345947 -1.122803
-0.001366 0.304595 -0.952481
0 0 0 0
0.976562 -0.082031
0.42334 0.342529 -1.124023
-0.012441 0.015206 -0.999807
0 0 0 0
0.977783 -0.078369
0.422607 0.345703 -1.122803
-0.113153 0.306741 -0.945043
0 0 0 0
0.978271 -0.081787
0.421143 0.344727 -1.122803
-0.243635 0.243635 -0.938767
0 0 0 0
0.97998 -0.080811
0.420166 0.343262 -1.122803
-0.306741 0.113153 -0.945043
0 0 0 0
0.980957 -0.079102
0.419922 0.341309 -1.122803
-0.304595 0.001366 -0.952481
0 0 0 0
0.981201 -0.077393
0.42334 0.293457 -1.124023
-0.012441 -0.015206 -0.999807
0 0 0 0
0.977783 -0.014893
0.419922 0.294678 -1.122803
-0.304595 -0.001366 -0.952481
0 0 0 0
0.981201 -0.015869
0.420166 0.292969 -1.122803
-0.30669 -0.118587 -0.944393
0 0 0 0
0.980957 -0.01416
0.421143 0.291504 -1.122803
-0.24627 -0.24627 -0.937391
0 0 0 0
0.97998 -0.012695
0.422607 0.290283 -1.122803
-0.113128 -0.309399 -0.944179
0 0 0 0
0.978271 -0.011475
0.424561 0.290039 -1.122803
-0.001366 -0.307259 -0.951625
0 0 0 0
0.976562 -0.01123
0.423828 0.24292 -1.122559
0.001382 0.001382 -0.999998
0 0 0 0
0.925537 -0.089355
0.491943 0.244385 -1.122559
0.001382 0.001382 -0.999998
0 0 0 0
0.98291 -0.088623
0.484863 0.24292 -1.122559
0.001382 0.001382 -0.999998
0 0 0 0
0.979248 -0.089355
0.416748 0.244385 -1.122559
0.001382 0.001382 -0.999998
0 0 0 0
0.921875 -0.088623
0.4104 0.248535 -1.122559
0.001382 0.001382 -0.999998
0 0 0 0
0.918701 -0.086426
0.498047 0.248535 -1.122559
0.001382 0.001382 -0.999998
0 0 0 0
0.986328 -0.086426
0.40625 0.254639 -1.122559
-0.001382 0.001382 -0.999998
0 0 0 0
0.916504 -0.083252
0.502197 0.254639 -1.122559
-0.001382 0.001382 -0.999998
0 0 0 0
0.988525 -0.083252
0.404785 0.261719 -1.122559
0.001382 0.001382 -0.999998
0 0 0 0
0.915771 -0.079834
0.503906 0.261719 -1.122559
0.001382 0.001382 -0.999998
0 0 0 0
0.989258 -0.079834
0.404785 0.342529 -1.122559
0.001382 0.001382 -0.999998
0 0 0 0
0.915771 -0.013672
0.503906 0.342529 -1.122559
0.001382 0.001382 -0.999998
0 0 0 0
0.989258 -0.013672
0.40625 0.349365 -1.122559
0.001382 0.001382 -0.999998
0 0 0 0
0.916504 -0.01001
0.502197 0.349365 -1.122559
0.001382 0.001382 -0.999998
0 0 0 0
0.988525 -0.01001
0.4104 0.355713 -1.122559
0.001382 0.001382 -0.999998
0 0 0 0
0.918701 -0.00708
0.498047 0.355713 -1.122559
0.001382 0.001382 -0.999998
0 0 0 0
0.986328 -0.00708
0.416748 0.359863 -1.122559
0.001382 0.001382 -0.999998
0 0 0 0
0.921875 -0.004883
0.491943 0.359863 -1.122559
0.001382 0.001382 -0.999998
0 0 0 0
0.98291 -0.004883
0.423828 0.361328 -1.122559
0.001382 0.001382 -0.999998
0 0 0 0
0.925537 -0.00415
0.484863 0.361328 -1.122559
0.001382 0.001382 -0.999998
0 0 0 0
0.979248 -0.00415
-2.02417 0.133789 -1.144043
-0.001382 0.001382 -0.999998
0 0 0 0
0.060547 0.033691
-1.889648 0.000488 -1.144043
-0.001382 0.001382 -0.999998
0 0 0 0
0.004395 0.090088
-2.02417 0.000488 -1.144043
-0.001382 0.001382 -0.999998
0 0 0 0
0.060547 0.090088
-1.889648 0.133789 -1.144043
-0.001382 0.001382 -0.999998
0 0 0 0
0.004395 0.033691
-2.02417 0.000488 -1.009521
-1 0.000978 0.000001
0 0 0 0
-0.004883 0.090088
-2.02417 0.133789 -1.144043
-1 0.000978 0.000001
0 0 0 0
-0.060303 0.033691
-2.02417 0.000488 -1.144043
-1 0.000978 0.000001
0 0 0 0
-0.060303 0.090088
-2.02417 0.133789 -1.009521
-1 0.000978 0.000001
0 0 0 0
-0.004883 0.033691
-1.889648 0.171387 -1.128174
0.000978 1 0.000001
0 0 0 0
0.078125 0.102783
-2.008545 0.171387 -1.128174
-0.000977 1 0.000001
0 0 0 0
0.026611 0.102783
-1.999023 0.171387 -1.118652
-0.000977 1 0.000001
0 0 0 0
0.026611 0.098145
-1.889648 0.171387 -1.118652
0.000978 1 0.000001
0 0 0 0
0.075195 0.098145
-2.008545 0.171387 -1.009521
-0.000977 1 -0.000001
0 0 0 0
0.052246 0.098145
-1.999023 0.171387 -1.009521
-0.000977 1 -0.000001
0 0 0 0
0.050781 0.102783
-1.999023 0.171387 -1.118652
-0.000977 1 0.000001
0 0 0 0
0.026611 0.102783
-2.008545 0.171387 -1.128174
-0.000977 1 0.000001
0 0 0 0
0.026611 0.098145
-1.889648 0.149658 -1.128174
0.001382 0.001382 -0.999998
0 0 0 0
0.004395 0.02832
-2.008545 0.149658 -1.128174
0.001382 0.001382 -0.999998
0 0 0 0
0.060547 0.02832
-2.008545 0.171387 -1.128174
0.001382 0.001382 -0.999998
0 0 0 0
0.060547 0.002197
-1.889648 0.171387 -1.128174
0.001382 0.001382 -0.999998
0 0 0 0
0.004395 0.002197
-2.008545 0.149658 -1.009521
-1 0.000978 -0.000001
0 0 0 0
-0.004883 0.02832
-2.008545 0.171387 -1.009521
-1 0.000978 -0.000001
0 0 0 0
-0.004883 0.002197
-2.008545 0.171387 -1.128174
-1 0.000978 -0.000001
0 0 0 0
-0.060303 0.002197
-2.008545 0.149658 -1.128174
-1 0.000978 -0.000001
0 0 0 0
-0.060303 0.02832
-2.008545 0.149658 -1.128174
-0.409551 0.815621 -0.408695
0 0 0 0
-0.060303 0.002197
-2.02417 0.133789 -1.144043
-0.409551 0.815621 -0.408695
0 0 0 0
-0.060303 0.02832
-2.02417 0.133789 -1.009521
-0.70808 0.706122 0.003783
0 0 0 0
-0.004883 0.02832
-2.008545 0.149658 -1.009521
-0.70808 0.706122 0.003783
0 0 0 0
-0.004883 0.002197
-1.889648 0.133789 -1.144043
0.001277 0.706425 -0.707786
0 0 0 0
0.004395 0.02832
-2.02417 0.133789 -1.144043
-0.409551 0.815621 -0.408695
0 0 0 0
0.060547 0.02832
-2.008545 0.149658 -1.128174
-0.409551 0.815621 -0.408695
0 0 0 0
0.060547 0.002197
-1.889648 0.149658 -1.128174
0.001277 0.706425 -0.707786
0 0 0 0
0.004395 0.002197
-2.02417 0.133789 -1.009521
-0.001382 0.001382 0.999998
0 0 0 0
-0.004883 0.033691
-2.02417 0.000488 -1.009521
-0.001382 0.001382 0.999998
0 0 0 0
-0.004883 0.090088
-2.014648 0.000488 -1.009521
-0.001382 0.001382 0.999998
0 0 0 0
-0.000977 0.090088
-2.014648 0.133789 -1.009521
-0.001382 0.001382 0.999998
0 0 0 0
-0.000977 0.033691
-2.008545 0.149658 -1.009521
-0.001382 0.001382 0.999998
0 0 0 0
-0.004883 0.002197
-2.02417 0.133789 -1.009521
-0.001382 0.001382 0.999998
0 0 0 0
-0.004883 0.02832
-2.014648 0.133789 -1.009521
-0.001382 0.001382 0.999998
0 0 0 0
-0.000977 0.02832
-1.999023 0.149658 -1.009521
-0.001382 0.001382 0.999998
0 0 0 0
-0.000977 0.002197
-2.008545 0.171387 -1.009521
-0.001382 0.001382 0.999998
0 0 0 0
-0.000977 0.02832
-2.008545 0.149658 -1.009521
-0.001382 0.001382 0.999998
0 0 0 0
-0.000977 0.002197
-1.999023 0.149658 -1.009521
-0.001382 0.001382 0.999998
0 0 0 0
-0.004883 0.002197
-1.999023 0.171387 -1.009521
-0.001382 0.001382 0.999998
0 0 0 0
-0.004883 0.02832
-1.889648 0.000488 -1.134277
1 0.000978 0.000001
0 0 0 0
-0.000977 0.090088
-1.889648 0.000488 -1.144043
1 0.000978 0.000001
0 0 0 0
-0.004883 0.090088
-1.889648 0.133789 -1.144043
1 0.000978 0.000001
0 0 0 0
-0.004883 0.033691
-1.889648 0.133789 -1.134277
1 0.000978 0.000001
0 0 0 0
-0.000977 0.033691
-1.889648 0.133789 -1.134277
1 0.000978 0.000001
0 0 0 0
-0.000977 0.02832
-1.889648 0.133789 -1.144043
1 0.000978 0.000001
0 0 0 0
-0.004883 0.02832
-1.889648 0.149658 -1.128174
1 0.000978 -0.000001
0 0 0 0
-0.004883 0.002197
-1.889648 0.149658 -1.118652
1 -0.000977 -0.000001
0 0 0 0
-0.000977 0.002197
-1.889648 0.149658 -1.118652
1 -0.000977 -0.000001
0 0 0 0
-0.004883 0.002197
-1.889648 0.149658 -1.128174
1 0.000978 -0.000001
0 0 0 0
-0.000977 0.002197
-1.889648 0.171387 -1.128174
1 -0.000977 -0.000001
0 0 0 0
-0.000977 0.02832
-1.889648 0.171387 -1.118652
1 -0.000977 -0.000001
0 0 0 0
-0.004883 0.02832
-2.02417 0.133789 1.144043
-0.001382 0.001382 0.999998
0 0 0 0
0.060547 0.033691
-2.02417 0.000488 1.144043
-0.001382 0.001382 0.999998
0 0 0 0
0.060547 0.090088
-1.889648 0.000488 1.144043
-0.001382 0.001382 0.999998
0 0 0 0
0.004395 0.090088
-1.889648 0.133789 1.144043
-0.001382 0.001382 0.999998
0 0 0 0
0.004395 0.033691
-2.02417 0.133789 1.144043
-1 0.000978 -0.000001
0 0 0 0
-0.060303 0.033691
-2.02417 0.000488 1.009521
-1 0.000978 -0.000001
0 0 0 0
-0.004883 0.090088
-2.02417 0.000488 1.144043
-1 0.000978 -0.000001
0 0 0 0
-0.060303 0.090088
-2.02417 0.133789 1.009521
-1 0.000978 -0.000001
0 0 0 0
-0.004883 0.033691
-1.999023 0.171387 1.118652
-0.000977 1 -0.000001
0 0 0 0
0.026611 0.098145
-2.008545 0.171387 1.128174
-0.000977 1 -0.000001
0 0 0 0
0.026611 0.102783
-1.889648 0.171387 1.128174
0.000978 1 -0.000001
0 0 0 0
0.078125 0.102783
-1.889648 0.171387 1.118652
0.000978 1 -0.000001
0 0 0 0
0.075195 0.098145
-1.999023 0.171387 1.118652
-0.000977 1 -0.000001
0 0 0 0
0.026611 0.102783
-1.999023 0.171387 1.009521
-0.000977 1 -0.000001
0 0 0 0
0.050781 0.102783
-2.008545 0.171387 1.009521
-0.000977 1 -0.000001
0 0 0 0
0.052246 0.098145
-2.008545 0.171387 1.128174
-0.000977 1 -0.000001
0 0 0 0
0.026611 0.098145
-2.008545 0.171387 1.128174
0.001382 0.001382 0.999998
0 0 0 0
0.060547 0.002197
-2.008545 0.149658 1.128174
0.001382 0.001382 0.999998
0 0 0 0
0.060547 0.02832
-1.889648 0.149658 1.128174
0.001382 0.001382 0.999998
0 0 0 0
0.004395 0.02832
-1.889648 0.171387 1.128174
0.001382 0.001382 0.999998
0 0 0 0
0.004395 0.002197
-2.008545 0.171387 1.128174
-1 0.000978 0.000001
0 0 0 0
-0.060303 0.002197
-2.008545 0.171387 1.009521
-1 0.000978 0.000001
0 0 0 0
-0.004883 0.002197
-2.008545 0.149658 1.009521
-1 0.000978 0.000001
0 0 0 0
-0.004883 0.02832
-2.008545 0.149658 1.128174
-1 0.000978 0.000001
0 0 0 0
-0.060303 0.02832
-2.008545 0.149658 1.128174
-0.409551 0.815621 0.408695
0 0 0 0
-0.060303 0.002197
-2.008545 0.149658 1.009521
-0.70808 0.706122 -0.003783
0 0 0 0
-0.004883 0.002197
-2.02417 0.133789 1.009521
-0.70808 0.706122 -0.003783
0 0 0 0
-0.004883 0.02832
-2.02417 0.133789 1.144043
-0.409551 0.815621 0.408695
0 0 0 0
-0.060303 0.02832
-1.889648 0.133789 1.144043
0.001277 0.706425 0.707786
0 0 0 0
0.004395 0.02832
-1.889648 0.149658 1.128174
0.001277 0.706425 0.707786
0 0 0 0
0.004395 0.002197
-2.008545 0.149658 1.128174
-0.409551 0.815621 0.408695
0 0 0 0
0.060547 0.002197
-2.02417 0.133789 1.144043
-0.409551 0.815621 0.408695
0 0 0 0
0.060547 0.02832
-2.014648 0.000488 1.009521
-0.001382 0.001382 -0.999998
0 0 0 0
-0.000977 0.090088
-2.02417 0.000488 1.009521
-0.001382 0.001382 -0.999998
0 0 0 0
-0.004883 0.090088
-2.02417 0.133789 1.009521
-0.001382 0.001382 -0.999998
0 0 0 0
-0.004883 0.033691
-2.014648 0.133789 1.009521
-0.001382 0.001382 -0.999998
0 0 0 0
-0.000977 0.033691
-2.014648 0.133789 1.009521
-0.001382 0.001382 -0.999998
0 0 0 0
-0.000977 0.02832
-2.02417 0.133789 1.009521
-0.001382 0.001382 -0.999998
0 0 0 0
-0.004883 0.02832
-2.008545 0.149658 1.009521
-0.001382 0.001382 -0.999998
0 0 0 0
-0.004883 0.002197
-1.999023 0.149658 1.009521
-0.001382 0.001382 -0.999998
0 0 0 0
-0.000977 0.002197
-1.999023 0.149658 1.009521
-0.001382 0.001382 -0.999998
0 0 0 0
-0.004883 0.002197
-2.008545 0.149658 1.009521
-0.001382 0.001382 -0.999998
0 0 0 0
-0.000977 0.002197
-2.008545 0.171387 1.009521
-0.001382 0.001382 -0.999998
0 0 0 0
-0.000977 0.02832
-1.999023 0.171387 1.009521
-0.001382 0.001382 -0.999998
0 0 0 0
-0.004883 0.02832
-1.889648 0.133789 1.144043
1 0.000978 -0.000001
0 0 0 0
-0.004883 0.033691
-1.889648 0.000488 1.144043
1 0.000978 -0.000001
0 0 0 0
-0.004883 0.090088
-1.889648 0.000488 1.134277
1 0.000978 -0.000001
0 0 0 0
-0.000977 0.090088
-1.889648 0.133789 1.134277
1 0.000978 -0.000001
0 0 0 0
-0.000977 0.033691
-1.889648 0.149658 1.128174
1 0.000978 0.000001
0 0 0 0
-0.004883 0.002197
-1.889648 0.133789 1.144043
1 0.000978 -0.000001
0 0 0 0
-0.004883 0.02832
-1.889648 0.133789 1.134277
1 0.000978 -0.000001
0 0 0 0
-0.000977 0.02832
-1.889648 0.149658 1.118652
1 -0.000977 0.000001
0 0 0 0
-0.000977 0.002197
-1.889648 0.171387 1.128174
1 -0.000977 0.000001
0 0 0 0
-0.000977 0.02832
-1.889648 0.149658 1.128174
1 0.000978 0.000001
0 0 0 0
-0.000977 0.002197
-1.889648 0.149658 1.118652
1 -0.000977 0.000001
0 0 0 0
-0.004883 0.002197
-1.889648 0.171387 1.118652
1 -0.000977 0.000001
0 0 0 0
-0.004883 0.02832
2.026367 0.133789 -1.144043
0.001382 0.001382 -0.999998
0 0 0 0
0.060547 0.033691
2.026367 0.000488 -1.144043
0.001382 0.001382 -0.999998
0 0 0 0
0.060547 0.090088
1.891846 0.000488 -1.144043
0.001382 0.001382 -0.999998
0 0 0 0
0.004395 0.090088
1.891846 0.133789 -1.144043
0.001382 0.001382 -0.999998
0 0 0 0
0.004395 0.033691
2.026367 0.133789 -1.144043
1 0.000978 0.000001
0 0 0 0
-0.060303 0.033691
2.026367 0.000488 -1.009521
1 0.000978 0.000001
0 0 0 0
-0.004883 0.090088
2.026367 0.000488 -1.144043
1 0.000978 0.000001
0 0 0 0
-0.060303 0.090088
2.026367 0.133789 -1.009521
1 0.000978 0.000001
0 0 0 0
-0.004883 0.033691
2.000977 0.171387 -1.118652
0.000978 1 0.000001
0 0 0 0
0.026611 0.098145
2.010498 0.171387 -1.128174
0.000978 1 0.000001
0 0 0 0
0.026611 0.102783
1.891846 0.171387 -1.128174
0.000978 1 0.000001
0 0 0 0
0.078125 0.102783
1.891846 0.171387 -1.118652
0.000978 1 0.000001
0 0 0 0
0.075195 0.098145
2.000977 0.171387 -1.118652
0.000978 1 0.000001
0 0 0 0
0.026611 0.102783
2.000977 0.171387 -1.009521
0.000978 1 -0.000001
0 0 0 0
0.050781 0.102783
2.010498 0.171387 -1.009521
0.000978 1 -0.000001
0 0 0 0
0.052246 0.098145
2.010498 0.171387 -1.128174
0.000978 1 0.000001
0 0 0 0
0.026611 0.098145
2.010498 0.171387 -1.128174
-0.001382 0.001382 -0.999998
0 0 0 0
0.060547 0.002197
2.010498 0.149658 -1.128174
-0.001382 0.001382 -0.999998
0 0 0 0
0.060547 0.02832
1.891846 0.149658 -1.128174
-0.001382 0.001382 -0.999998
0 0 0 0
0.004395 0.02832
1.891846 0.171387 -1.128174
-0.001382 0.001382 -0.999998
0 0 0 0
0.004395 0.002197
2.010498 0.171387 -1.128174
1 0.000978 -0.000001
0 0 0 0
-0.060303 0.002197
2.010498 0.171387 -1.009521
1 0.000978 -0.000001
0 0 0 0
-0.004883 0.002197
2.010498 0.149658 -1.009521
1 0.000978 -0.000001
0 0 0 0
-0.004883 0.02832
2.010498 0.149658 -1.128174
1 0.000978 -0.000001
0 0 0 0
-0.060303 0.02832
2.010498 0.149658 -1.128174
0.409551 0.815621 -0.408695
0 0 0 0
-0.060303 0.002197
2.010498 0.149658 -1.009521
0.70808 0.706122 0.003783
0 0 0 0
-0.004883 0.002197
2.026367 0.133789 -1.009521
0.70808 0.706122 0.003783
0 0 0 0
-0.004883 0.02832
2.026367 0.133789 -1.144043
0.409551 0.815621 -0.408695
0 0 0 0
-0.060303 0.02832
1.891846 0.133789 -1.144043
-0.001277 0.706425 -0.707786
0 0 0 0
0.004395 0.02832
1.891846 0.149658 -1.128174
-0.001277 0.706425 -0.707786
0 0 0 0
0.004395 0.002197
2.010498 0.149658 -1.128174
0.409551 0.815621 -0.408695
0 0 0 0
0.060547 0.002197
2.026367 0.133789 -1.144043
0.409551 0.815621 -0.408695
0 0 0 0
0.060547 0.02832
2.016602 0.000488 -1.009521
0.001382 0.001382 0.999998
0 0 0 0
-0.000977 0.090088
2.026367 0.000488 -1.009521
0.001382 0.001382 0.999998
0 0 0 0
-0.004883 0.090088
2.026367 0.133789 -1.009521
0.001382 0.001382 0.999998
0 0 0 0
-0.004883 0.033691
2.016602 0.133789 -1.009521
0.001382 0.001382 0.999998
0 0 0 0
-0.000977 0.033691
2.016602 0.133789 -1.009521
0.001382 0.001382 0.999998
0 0 0 0
-0.000977 0.02832
2.026367 0.133789 -1.009521
0.001382 0.001382 0.999998
0 0 0 0
-0.004883 0.02832
2.010498 0.149658 -1.009521
0.001382 0.001382 0.999998
0 0 0 0
-0.004883 0.002197
2.000977 0.149658 -1.009521
0.001382 0.001382 0.999998
0 0 0 0
-0.000977 0.002197
2.000977 0.149658 -1.009521
0.001382 0.001382 0.999998
0 0 0 0
-0.004883 0.002197
2.010498 0.149658 -1.009521
0.001382 0.001382 0.999998
0 0 0 0
-0.000977 0.002197
2.010498 0.171387 -1.009521
0.001382 0.001382 0.999998
0 0 0 0
-0.000977 0.02832
2.000977 0.171387 -1.009521
0.001382 0.001382 0.999998
0 0 0 0
-0.004883 0.02832
1.891846 0.133789 -1.144043
-1 0.000978 0.000001
0 0 0 0
-0.004883 0.033691
1.891846 0.000488 -1.144043
-1 -0.000977 0.000001
0 0 0 0
-0.004883 0.090088
1.891846 0.000488 -1.134277
-1 -0.000977 0.000001
0 0 0 0
-0.000977 0.090088
1.891846 0.133789 -1.134277
-1 0.000978 0.000001
0 0 0 0
-0.000977 0.033691
1.891846 0.149658 -1.128174
-1 0.000978 -0.000001
0 0 0 0
-0.004883 0.002197
1.891846 0.133789 -1.144043
-1 0.000978 0.000001
0 0 0 0
-0.004883 0.02832
1.891846 0.133789 -1.134277
-1 0.000978 0.000001
0 0 0 0
-0.000977 0.02832
1.891846 0.149658 -1.118652
-1 -0.000977 -0.000001
0 0 0 0
-0.000977 0.002197
1.891846 0.171387 -1.128174
-1 -0.000977 -0.000001
0 0 0 0
-0.000977 0.02832
1.891846 0.149658 -1.128174
-1 0.000978 -0.000001
0 0 0 0
-0.000977 0.002197
1.891846 0.149658 -1.118652
-1 -0.000977 -0.000001
0 0 0 0
-0.004883 0.002197
1.891846 0.171387 -1.118652
-1 -0.000977 -0.000001
0 0 0 0
-0.004883 0.02832
2.026367 0.133789 1.144043
0.001382 0.001382 0.999998
0 0 0 0
0.060547 0.033691
1.891846 0.000488 1.144043
0.001382 0.001382 0.999998
0 0 0 0
0.004395 0.090088
2.026367 0.000488 1.144043
0.001382 0.001382 0.999998
0 0 0 0
0.060547 0.090088
1.891846 0.133789 1.144043
0.001382 0.001382 0.999998
0 0 0 0
0.004395 0.033691
2.026367 0.000488 1.009521
1 0.000978 -0.000001
0 0 0 0
-0.004883 0.090088
2.026367 0.133789 1.144043
1 0.000978 -0.000001
0 0 0 0
-0.060303 0.033691
2.026367 0.000488 1.144043
1 0.000978 -0.000001
0 0 0 0
-0.060303 0.090088
2.026367 0.133789 1.009521
1 0.000978 -0.000001
0 0 0 0
-0.004883 0.033691
1.891846 0.171387 1.128174
0.000978 1 -0.000001
0 0 0 0
0.078125 0.102783
2.010498 0.171387 1.128174
0.000978 1 -0.000001
0 0 0 0
0.026611 0.102783
2.000977 0.171387 1.118652
0.000978 1 -0.000001
0 0 0 0
0.026611 0.098145
1.891846 0.171387 1.118652
0.000978 1 -0.000001
0 0 0 0
0.075195 0.098145
2.010498 0.171387 1.009521
0.000978 1 -0.000001
0 0 0 0
0.052246 0.098145
2.000977 0.171387 1.009521
0.000978 1 -0.000001
0 0 0 0
0.050781 0.102783
2.000977 0.171387 1.118652
0.000978 1 -0.000001
0 0 0 0
0.026611 0.102783
2.010498 0.171387 1.128174
0.000978 1 -0.000001
0 0 0 0
0.026611 0.098145
1.891846 0.149658 1.128174
-0.001382 0.001382 0.999998
0 0 0 0
0.004395 0.02832
2.010498 0.149658 1.128174
-0.001382 0.001382 0.999998
0 0 0 0
0.060547 0.02832
2.010498 0.171387 1.128174
-0.001382 0.001382 0.999998
0 0 0 0
0.060547 0.002197
1.891846 0.171387 1.128174
-0.001382 0.001382 0.999998
0 0 0 0
0.004395 0.002197
2.010498 0.149658 1.009521
1 0.000978 0.000001
0 0 0 0
-0.004883 0.02832
2.010498 0.171387 1.009521
1 0.000978 0.000001
0 0 0 0
-0.004883 0.002197
2.010498 0.171387 1.128174
1 0.000978 0.000001
0 0 0 0
-0.060303 0.002197
2.010498 0.149658 1.128174
1 0.000978 0.000001
0 0 0 0
-0.060303 0.02832
2.010498 0.149658 1.128174
0.409551 0.815621 0.408695
0 0 0 0
-0.060303 0.002197
2.026367 0.133789 1.144043
0.409551 0.815621 0.408695
0 0 0 0
-0.060303 0.02832
2.026367 0.133789 1.009521
0.70808 0.706122 -0.003783
0 0 0 0
-0.004883 0.02832
2.010498 0.149658 1.009521
0.70808 0.706122 -0.003783
0 0 0 0
-0.004883 0.002197
1.891846 0.133789 1.144043
-0.001277 0.706425 0.707786
0 0 0 0
0.004395 0.02832
2.026367 0.133789 1.144043
0.409551 0.815621 0.408695
0 0 0 0
0.060547 0.02832
2.010498 0.149658 1.128174
0.409551 0.815621 0.408695
0 0 0 0
0.060547 0.002197
1.891846 0.149658 1.128174
-0.001277 0.706425 0.707786
0 0 0 0
0.004395 0.002197
2.026367 0.133789 1.009521
0.001382 0.001382 -0.999998
0 0 0 0
-0.004883 0.033691
2.026367 0.000488 1.009521
0.001382 0.001382 -0.999998
0 0 0 0
-0.004883 0.090088
2.016602 0.000488 1.009521
0.001382 0.001382 -0.999998
0 0 0 0
-0.000977 0.090088
2.016602 0.133789 1.009521
0.001382 0.001382 -0.999998
0 0 0 0
-0.000977 0.033691
2.010498 0.149658 1.009521
0.001382 0.001382 -0.999998
0 0 0 0
-0.004883 0.002197
2.026367 0.133789 1.009521
0.001382 0.001382 -0.999998
0 0 0 0
-0.004883 0.02832
2.016602 0.133789 1.009521
0.001382 0.001382 -0.999998
0 0 0 0
-0.000977 0.02832
2.000977 0.149658 1.009521
0.001382 0.001382 -0.999998
0 0 0 0
-0.000977 0.002197
2.010498 0.171387 1.009521
0.001382 0.001382 -0.999998
0 0 0 0
-0.000977 0.02832
2.010498 0.149658 1.009521
0.001382 0.001382 -0.999998
0 0 0 0
-0.000977 0.002197
2.000977 0.149658 1.009521
0.001382 0.001382 -0.999998
0 0 0 0
-0.004883 0.002197
2.000977 0.171387 1.009521
0.001382 0.001382 -0.999998
0 0 0 0
-0.004883 0.02832
1.891846 0.000488 1.134277
-1 0.000978 -0.000001
0 0 0 0
-0.000977 0.090088
1.891846 0.000488 1.144043
-1 0.000978 -0.000001
0 0 0 0
-0.004883 0.090088
1.891846 0.133789 1.144043
-1 0.000978 -0.000001
0 0 0 0
-0.004883 0.033691
1.891846 0.133789 1.134277
-1 0.000978 -0.000001
0 0 0 0
-0.000977 0.033691
1.891846 0.133789 1.134277
-1 0.000978 -0.000001
0 0 0 0
-0.000977 0.02832
1.891846 0.133789 1.144043
-1 0.000978 -0.000001
0 0 0 0
-0.004883 0.02832
1.891846 0.149658 1.128174
-1 0.000978 0.000001
0 0 0 0
-0.004883 0.002197
1.891846 0.149658 1.118652
-1 -0.000977 0.000001
0 0 0 0
-0.000977 0.002197
1.891846 0.149658 1.118652
-1 -0.000977 0.000001
0 0 0 0
-0.004883 0.002197
1.891846 0.149658 1.128174
-1 0.000978 0.000001
0 0 0 0
-0.000977 0.002197
1.891846 0.171387 1.128174
-1 -0.000977 0.000001
0 0 0 0
-0.000977 0.02832
1.891846 0.171387 1.118652
-1 -0.000977 0.000001
0 0 0 0
-0.004883 0.02832
-1.650879 3.148193 1.045166
1 0.000978 -0.000001
0 0 0 0
0.246094 -0.089844
-1.650879 3.137939 1.045166
1 0.000978 -0.000001
0 0 0 0
0.25 -0.089844
-1.650879 3.137939 0.778809
1 0.000978 -0.000001
0 0 0 0
0.25 -0.004395
-1.650879 3.148193 0.778809
1 0.000978 -0.000001
0 0 0 0
0.246094 -0.004395
-1.711182 3.148193 1.045166
0.000978 1 -0.000001
0 0 0 0
0.2229 -0.089844
-1.650879 3.148193 1.045166
0.000978 1 -0.000001
0 0 0 0
0.246094 -0.089844
-1.650879 3.148193 0.778809
0.000978 1 -0.000001
0 0 0 0
0.246094 -0.004395
-1.711182 3.148193 0.778809
0.000978 1 -0.000001
0 0 0 0
0.2229 -0.004395
-1.711182 3.137939 0.778809
-1 0.000978 -0.000001
0 0 0 0
0.219238 -0.004395
-1.711182 3.137939 1.045166
-1 0.000978 -0.000001
0 0 0 0
0.219238 -0.089844
-1.711182 3.148193 1.045166
-1 0.000978 -0.000001
0 0 0 0
0.2229 -0.089844
-1.711182 3.148193 0.778809
-1 0.000978 -0.000001
0 0 0 0
0.2229 -0.004395
-1.650879 3.148193 1.045166
0.001382 0.004147 0.99999
0 0 0 0
0.246094 -0.089844
-1.711182 3.148193 1.045166
0.001382 0.004147 0.99999
0 0 0 0
0.2229 -0.089844
-1.711182 3.137939 1.045166
0.001382 0.004147 0.99999
0 0 0 0
0.2229 -0.09375
-1.650879 3.137939 1.045166
0.001382 0.004147 0.99999
0 0 0 0
0.246094 -0.09375
-0.590576 3.148193 0.778809
0.001382 0.001382 -0.999998
0 0 0 0
0.2229 -0.004395
-0.530029 3.148193 0.778809
0.001382 0.001382 -0.999998
0 0 0 0
0.246094 -0.004395
-0.530029 3.137939 0.778809
0.001382 0.001382 -0.999998
0 0 0 0
0.246094 -0.000488
-0.590576 3.137939 0.778809
0.001382 0.001382 -0.999998
0 0 0 0
0.2229 -0.000488
-0.530029 3.148193 1.045166
1 0.000978 -0.000001
0 0 0 0
0.246094 -0.089844
-0.530029 3.137939 1.045166
1 0.000978 -0.000001
0 0 0 0
0.25 -0.089844
-0.530029 3.137939 0.778809
1 0.000978 -0.000001
0 0 0 0
0.25 -0.004395
-0.530029 3.148193 0.778809
1 0.000978 -0.000001
0 0 0 0
0.246094 -0.004395
-0.590576 3.148193 1.045166
0.000978 1 -0.000001
0 0 0 0
0.2229 -0.089844
-0.530029 3.148193 1.045166
0.000978 1 -0.000001
0 0 0 0
0.246094 -0.089844
-0.530029 3.148193 0.778809
0.000978 1 -0.000001
0 0 0 0
0.246094 -0.004395
-0.590576 3.148193 0.778809
0.000978 1 -0.000001
0 0 0 0
0.2229 -0.004395
-0.590576 3.137939 0.778809
-1 0.000978 -0.000001
0 0 0 0
0.219238 -0.004395
-0.590576 3.137939 1.045166
-1 0.000978 -0.000001
0 0 0 0
0.219238 -0.089844
-0.590576 3.148193 1.045166
-1 0.000978 -0.000001
0 0 0 0
0.2229 -0.089844
-0.590576 3.148193 0.778809
-1 0.000978 -0.000001
0 0 0 0
0.2229 -0.004395
-0.530029 3.148193 1.045166
0.001382 0.004147 0.99999
0 0 0 0
0.246094 -0.089844
-0.590576 3.148193 1.045166
0.001382 0.004147 0.99999
0 0 0 0
0.2229 -0.089844
-0.590576 3.137939 1.045166
0.001382 0.004147 0.99999
0 0 0 0
0.2229 -0.09375
-0.530029 3.137939 1.045166
0.001382 0.004147 0.99999
0 0 0 0
0.246094 -0.09375
0.530273 3.148193 0.778809
0.001382 0.001382 -0.999998
0 0 0 0
0.2229 -0.004395
0.590576 3.148193 0.778809
0.001382 0.001382 -0.999998
0 0 0 0
0.246094 -0.004395
0.590576 3.137939 0.778809
0.001382 0.001382 -0.999998
0 0 0 0
0.246094 -0.000488
0.530273 3.137939 0.778809
0.001382 0.001382 -0.999998
0 0 0 0
0.2229 -0.000488
0.590576 3.148193 1.045166
1 0.000978 -0.000001
0 0 0 0
0.246094 -0.089844
0.590576 3.137939 1.045166
1 0.000978 -0.000001
0 0 0 0
0.25 -0.089844
0.590576 3.137939 0.778809
1 0.000978 -0.000001
0 0 0 0
0.25 -0.004395
0.590576 3.148193 0.778809
1 0.000978 -0.000001
0 0 0 0
0.246094 -0.004395
0.530273 3.148193 1.045166
0.000978 1 -0.000001
0 0 0 0
0.2229 -0.089844
0.590576 3.148193 1.045166
0.000978 1 -0.000001
0 0 0 0
0.246094 -0.089844
0.590576 3.148193 0.778809
0.000978 1 -0.000001
0 0 0 0
0.246094 -0.004395
0.530273 3.148193 0.778809
0.000978 1 -0.000001
0 0 0 0
0.2229 -0.004395
0.530273 3.137939 0.778809
-1 -0.000977 -0.000001
0 0 0 0
0.219238 -0.004395
0.530273 3.137939 1.045166
-1 -0.000977 -0.000001
0 0 0 0
0.219238 -0.089844
0.530273 3.148193 1.045166
-1 -0.000977 -0.000001
0 0 0 0
0.2229 -0.089844
0.530273 3.148193 0.778809
-1 -0.000977 -0.000001
0 0 0 0
0.2229 -0.004395
0.590576 3.148193 1.045166
0.001382 0.004147 0.99999
0 0 0 0
0.246094 -0.089844
0.530273 3.148193 1.045166
0.001382 0.004147 0.99999
0 0 0 0
0.2229 -0.089844
0.530273 3.137939 1.045166
0.001382 0.004147 0.99999
0 0 0 0
0.2229 -0.09375
0.590576 3.137939 1.045166
0.001382 0.004147 0.99999
0 0 0 0
0.246094 -0.09375
1.650879 3.148193 0.778809
0.001382 0.001382 -0.999998
0 0 0 0
0.2229 -0.004395
1.711182 3.148193 0.778809
0.001382 0.001382 -0.999998
0 0 0 0
0.246094 -0.004395
1.711182 3.137939 0.778809
0.001382 0.001382 -0.999998
0 0 0 0
0.246094 -0.000488
1.650879 3.137939 0.778809
0.001382 0.001382 -0.999998
0 0 0 0
0.2229 -0.000488
1.711182 3.148193 1.045166
1 0.000978 -0.000001
0 0 0 0
0.246094 -0.089844
1.711182 3.137939 1.045166
1 0.000978 -0.000001
0 0 0 0
0.25 -0.089844
1.711182 3.137939 0.778809
1 0.000978 -0.000001
0 0 0 0
0.25 -0.004395
1.711182 3.148193 0.778809
1 0.000978 -0.000001
0 0 0 0
0.246094 -0.004395
1.650879 3.148193 1.045166
0.000978 1 -0.000001
0 0 0 0
0.2229 -0.089844
1.711182 3.148193 1.045166
0.000978 1 -0.000001
0 0 0 0
0.246094 -0.089844
1.711182 3.148193 0.778809
0.000978 1 -0.000001
0 0 0 0
0.246094 -0.004395
1.650879 3.148193 0.778809
0.000978 1 -0.000001
0 0 0 0
0.2229 -0.004395
1.650879 3.137939 0.778809
-1 0.000978 -0.000001
0 0 0 0
0.219238 -0.004395
1.650879 3.137939 1.045166
-1 0.000978 -0.000001
0 0 0 0
0.219238 -0.089844
1.650879 3.148193 1.045166
-1 0.000978 -0.000001
0 0 0 0
0.2229 -0.089844
1.650879 3.148193 0.778809
-1 0.000978 -0.000001
0 0 0 0
0.2229 -0.004395
1.711182 3.148193 1.045166
0.001382 0.004147 0.99999
0 0 0 0
0.246094 -0.089844
1.650879 3.148193 1.045166
0.001382 0.004147 0.99999
0 0 0 0
0.2229 -0.089844
1.650879 3.137939 1.045166
0.001382 0.004147 0.99999
0 0 0 0
0.2229 -0.09375
1.711182 3.137939 1.045166
0.001382 0.004147 0.99999
0 0 0 0
0.246094 -0.09375
-0.729248 2.464355 -1.099365
-1 0.000978 -0.000001
0 0 0 0
0.231201 -0.040527
-0.729248 2.442627 -1.099365
-1 0.000978 -0.000001
0 0 0 0
0.231201 -0.051514
-0.729248 2.452881 -1.090332
-1 0.000978 -0.000001
0 0 0 0
0.240234 -0.046387
-0.729248 2.464355 -1.090332
-1 0.000978 -0.000001
0 0 0 0
0.240234 -0.040527
-0.569092 2.442627 -1.099365
0.001382 0.001382 -0.999998
0 0 0 0
0.24585 -0.004395
-0.729248 2.442627 -1.099365
0.001382 0.001382 -0.999998
0 0 0 0
0.24585 -0.089355
-0.729248 2.464355 -1.099365
0.001382 0.001382 -0.999998
0 0 0 0
0.2229 -0.089355
-0.569092 2.464355 -1.099365
0.001382 0.001382 -0.999998
0 0 0 0
0.2229 -0.004395
-0.569092 2.464355 -1.099365
0.000978 1 -0.000001
0 0 0 0
0.240234 -0.006348
-0.729248 2.464355 -1.099365
0.000978 1 -0.000001
0 0 0 0
0.240234 -0.088379
-0.729248 2.464355 -1.090332
0.000978 1 -0.000001
0 0 0 0
0.231201 -0.088379
-0.569092 2.464355 -1.090332
0.000978 1 -0.000001
0 0 0 0
0.231201 -0.006348
-0.569092 2.452881 -1.090332
1 0.000978 -0.000001
0 0 0 0
0.240234 -0.046387
-0.569092 2.442627 -1.099365
1 0.000978 -0.000001
0 0 0 0
0.231201 -0.051514
-0.569092 2.464355 -1.099365
1 0.000978 -0.000001
0 0 0 0
0.231201 -0.040527
-0.569092 2.464355 -1.090332
1 0.000978 -0.000001
0 0 0 0
0.240234 -0.040527
-0.569092 2.464355 -1.090332
0.001382 0.001382 0.999998
0 0 0 0
0.240234 -0.006348
-0.729248 2.464355 -1.090332
0.001382 0.001382 0.999998
0 0 0 0
0.240234 -0.088379
-0.729248 2.452881 -1.090332
0.001382 0.001382 0.999998
0 0 0 0
0.231201 -0.088379
-0.569092 2.452881 -1.090332
0.001382 0.001382 0.999998
0 0 0 0
0.231201 -0.006348
-0.729248 2.501465 -1.036621
-1 0.000978 -0.000001
0 0 0 0
0.231201 -0.061035
-0.729248 2.501465 -1.046387
-1 0.000978 -0.000001
0 0 0 0
0.240234 -0.061035
-0.729248 2.452881 -1.046387
-1 0.000978 -0.000001
0 0 0 0
0.240234 -0.036133
-0.729248 2.442627 -1.036621
-1 0.000978 -0.000001
0 0 0 0
0.231201 -0.031006
-0.569092 2.452881 -1.046387
0.001382 0.001382 -0.999998
0 0 0 0
0.24585 -0.004395
-0.729248 2.452881 -1.046387
0.001382 0.001382 -0.999998
0 0 0 0
0.24585 -0.089355
-0.729248 2.501465 -1.046387
0.001382 0.001382 -0.999998
0 0 0 0
0.2229 -0.089355
-0.569092 2.501465 -1.046387
0.001382 0.001382 -0.999998
0 0 0 0
0.2229 -0.004395
-0.569092 2.501465 -1.046387
0.000978 1 -0.000001
0 0 0 0
0.240234 -0.006348
-0.729248 2.501465 -1.046387
0.000978 1 -0.000001
0 0 0 0
0.240234 -0.088379
-0.729248 2.501465 -1.036621
0.000978 1 -0.000001
0 0 0 0
0.231201 -0.088379
-0.569092 2.501465 -1.036621
0.000978 1 -0.000001
0 0 0 0
0.231201 -0.006348
-0.569092 2.501465 -1.036621
1 0.000978 -0.000001
0 0 0 0
0.231201 -0.061035
-0.569092 2.452881 -1.046387
1 0.000978 -0.000001
0 0 0 0
0.240234 -0.036133
-0.569092 2.501465 -1.046387
1 0.000978 -0.000001
0 0 0 0
0.240234 -0.061035
-0.569092 2.442627 -1.036621
1 0.000978 -0.000001
0 0 0 0
0.231201 -0.031006
-0.729248 2.442627 -1.099365
-1 0.000978 -0.000001
0 0 0 0
0.231201 -0.029785
-0.729248 2.442627 -1.036621
-1 0.000978 -0.000001
0 0 0 0
0.231201 -0.062256
-0.729248 2.452881 -1.046387
-1 0.000978 -0.000001
0 0 0 0
0.240234 -0.057129
-0.729248 2.452881 -1.090332
-1 0.000978 -0.000001
0 0 0 0
0.240234 -0.034668
-0.569092 2.442627 -1.036621
0.000978 -1 -0.000001
0 0 0 0
0.24585 -0.004395
-0.729248 2.442627 -1.036621
0.000978 -1 -0.000001
0 0 0 0
0.24585 -0.089355
-0.729248 2.442627 -1.099365
0.000978 -1 -0.000001
0 0 0 0
0.2229 -0.089355
-0.569092 2.442627 -1.099365
0.000978 -1 -0.000001
0 0 0 0
0.2229 -0.004395
-0.569092 2.452881 -1.046387
1 0.000978 -0.000001
0 0 0 0
0.240234 -0.057129
-0.569092 2.442627 -1.036621
1 0.000978 -0.000001
0 0 0 0
0.231201 -0.062256
-0.569092 2.442627 -1.099365
1 0.000978 -0.000001
0 0 0 0
0.231201 -0.029785
-0.569092 2.452881 -1.090332
1 0.000978 -0.000001
0 0 0 0
0.240234 -0.034668
-0.569092 2.452881 -1.090332
0.000978 1 -0.000001
0 0 0 0
0.24585 -0.004395
-0.729248 2.452881 -1.090332
0.000978 1 -0.000001
0 0 0 0
0.24585 -0.089355
-0.729248 2.452881 -1.046387
0.000978 1 -0.000001
0 0 0 0
0.2229 -0.089355
-0.569092 2.452881 -1.046387
0.000978 1 -0.000001
0 0 0 0
0.2229 -0.004395
0.571289 2.466553 -1.099365
-1 0.000978 -0.000001
0 0 0 0
0.231201 -0.040527
0.571289 2.444824 -1.099365
-1 0.000978 -0.000001
0 0 0 0
0.231201 -0.051514
0.571289 2.454834 -1.090332
-1 0.000978 -0.000001
0 0 0 0
0.240234 -0.046387
0.571289 2.466553 -1.090332
-1 0.000978 -0.000001
0 0 0 0
0.240234 -0.040527
0.731445 2.444824 -1.099365
0.001382 0.001382 -0.999998
0 0 0 0
0.24585 -0.004395
0.571289 2.444824 -1.099365
0.001382 0.001382 -0.999998
0 0 0 0
0.24585 -0.089355
0.571289 2.466553 -1.099365
0.001382 0.001382 -0.999998
0 0 0 0
0.2229 -0.089355
0.731445 2.466553 -1.099365
0.001382 0.001382 -0.999998
0 0 0 0
0.2229 -0.004395
0.731445 2.466553 -1.099365
0.000978 1 -0.000001
0 0 0 0
0.240234 -0.006348
0.571289 2.466553 -1.099365
0.000978 1 -0.000001
0 0 0 0
0.240234 -0.088379
0.571289 2.466553 -1.090332
0.000978 1 -0.000001
0 0 0 0
0.231201 -0.088379
0.731445 2.466553 -1.090332
0.000978 1 -0.000001
0 0 0 0
0.231201 -0.006348
0.731445 2.454834 -1.090332
1 0.000978 -0.000001
0 0 0 0
0.240234 -0.046387
0.731445 2.444824 -1.099365
1 0.000978 -0.000001
0 0 0 0
0.231201 -0.051514
0.731445 2.466553 -1.099365
1 0.000978 -0.000001
0 0 0 0
0.231201 -0.040527
0.731445 2.466553 -1.090332
1 0.000978 -0.000001
0 0 0 0
0.240234 -0.040527
0.731445 2.466553 -1.090332
0.001382 0.001382 0.999998
0 0 0 0
0.240234 -0.006348
0.571289 2.466553 -1.090332
0.001382 0.001382 0.999998
0 0 0 0
0.240234 -0.088379
0.571289 2.454834 -1.090332
0.001382 0.001382 0.999998
0 0 0 0
0.231201 -0.088379
0.731445 2.454834 -1.090332
0.001382 0.001382 0.999998
0 0 0 0
0.231201 -0.006348
0.571289 2.503662 -1.036621
-1 0.000978 -0.000001
0 0 0 0
0.231201 -0.061035
0.571289 2.503662 -1.046387
-1 0.000978 -0.000001
0 0 0 0
0.240234 -0.061035
0.571289 2.454834 -1.046387
-1 0.000978 -0.000001
0 0 0 0
0.240234 -0.036133
0.571289 2.444824 -1.036621
-1 0.000978 -0.000001
0 0 0 0
0.231201 -0.031006
0.731445 2.454834 -1.046387
0.001382 0.001382 -0.999998
0 0 0 0
0.24585 -0.004395
0.571289 2.454834 -1.046387
0.001382 0.001382 -0.999998
0 0 0 0
0.24585 -0.089355
0.571289 2.503662 -1.046387
0.001382 0.001382 -0.999998
0 0 0 0
0.2229 -0.089355
0.731445 2.503662 -1.046387
0.001382 0.001382 -0.999998
0 0 0 0
0.2229 -0.004395
0.731445 2.503662 -1.046387
0.000978 1 -0.000001
0 0 0 0
0.240234 -0.006348
0.571289 2.503662 -1.046387
0.000978 1 -0.000001
0 0 0 0
0.240234 -0.088379
0.571289 2.503662 -1.036621
0.000978 1 -0.000001
0 0 0 0
0.231201 -0.088379
0.731445 2.503662 -1.036621
0.000978 1 -0.000001
0 0 0 0
0.231201 -0.006348
0.731445 2.503662 -1.036621
1 0.000978 -0.000001
0 0 0 0
0.231201 -0.061035
0.731445 2.454834 -1.046387
1 0.000978 -0.000001
0 0 0 0
0.240234 -0.036133
0.731445 2.503662 -1.046387
1 0.000978 -0.000001
0 0 0 0
0.240234 -0.061035
0.731445 2.444824 -1.036621
1 0.000978 -0.000001
0 0 0 0
0.231201 -0.031006
0.571289 2.444824 -1.099365
-1 0.000978 -0.000001
0 0 0 0
0.231201 -0.029785
0.571289 2.444824 -1.036621
-1 0.000978 -0.000001
0 0 0 0
0.231201 -0.062256
0.571289 2.454834 -1.046387
-1 0.000978 -0.000001
0 0 0 0
0.240234 -0.057129
0.571289 2.454834 -1.090332
-1 0.000978 -0.000001
0 0 0 0
0.240234 -0.034668
0.731445 2.444824 -1.036621
0.000978 -1 -0.000001
0 0 0 0
0.24585 -0.004395
0.571289 2.444824 -1.036621
0.000978 -1 -0.000001
0 0 0 0
0.24585 -0.089355
0.571289 2.444824 -1.099365
0.000978 -1 -0.000001
0 0 0 0
0.2229 -0.089355
0.731445 2.444824 -1.099365
0.000978 -1 -0.000001
0 0 0 0
0.2229 -0.004395
0.731445 2.454834 -1.046387
1 0.000978 -0.000001
0 0 0 0
0.240234 -0.057129
0.731445 2.444824 -1.036621
1 0.000978 -0.000001
0 0 0 0
0.231201 -0.062256
0.731445 2.444824 -1.099365
1 0.000978 -0.000001
0 0 0 0
0.231201 -0.029785
0.731445 2.454834 -1.090332
1 0.000978 -0.000001
0 0 0 0
0.240234 -0.034668
0.731445 2.454834 -1.090332
0.000978 1 -0.000001
0 0 0 0
0.24585 -0.004395
0.571289 2.454834 -1.090332
0.000978 1 -0.000001
0 0 0 0
0.24585 -0.089355
0.571289 2.454834 -1.046387
0.000978 1 -0.000001
0 0 0 0
0.2229 -0.089355
0.731445 2.454834 -1.046387
0.000978 1 -0.000001
0 0 0 0
0.2229 -0.004395
-1.786621 0.774902 -1.074707
1 0.000978 -0.000001
0 0 0 0
0.152344 -0.046387
-1.786621 0.776367 -1.085449
1 0.000978 -0.000001
0 0 0 0
0.159424 -0.047607
-1.786621 0.782715 -1.079346
1 0.000978 -0.000001
0 0 0 0
0.155273 -0.051758
-1.786621 0.771973 -1.077637
1 0.000978 -0.000001
0 0 0 0
0.154297 -0.044434
-1.786621 0.767822 -1.087646
1 0.000978 -0.000001
0 0 0 0
0.160889 -0.041748
-1.786621 0.767822 -1.078613
1 0.000978 -0.000001
0 0 0 0
0.155029 -0.041748
-1.786621 0.763916 -1.077637
1 -0.000977 -0.000001
0 0 0 0
0.154297 -0.039307
-1.786621 0.759277 -1.085449
1 -0.000977 -0.000001
0 0 0 0
0.159424 -0.036133
-1.786621 0.760986 -1.074707
1 0.000978 -0.000001
0 0 0 0
0.152344 -0.037354
-1.786621 0.753174 -1.079346
1 0.000978 -0.000001
0 0 0 0
0.155273 -0.031982
-1.786621 0.76001 -1.070801
1 0.000978 -0.000001
0 0 0 0
0.149658 -0.036621
-1.786621 0.750732 -1.070801
1 0.000978 -0.000001
0 0 0 0
0.149658 -0.030518
-1.786621 0.760986 -1.066895
1 0.000978 0.000001
0 0 0 0
0.146973 -0.037354
-1.786621 0.750732 -1.056152
1 0.000978 0.000001
0 0 0 0
0.13916 -0.030518
-1.786621 0.763916 -1.063965
1 0.000978 -0.000001
0 0 0 0
0.145264 -0.039307
-1.786621 0.767822 -1.062988
1 0.000978 -0.000001
0 0 0 0
0.144531 -0.041748
-1.786621 0.784912 -1.056152
1 0.000978 -0.000001
0 0 0 0
0.13916 -0.053223
-1.786621 0.771973 -1.063965
1 0.000978 0.000001
0 0 0 0
0.145264 -0.044434
-1.786621 0.774902 -1.066895
1 0.000978 0.000001
0 0 0 0
0.146973 -0.046387
-1.786621 0.784912 -1.070801
1 0.000978 -0.000001
0 0 0 0
0.149658 -0.053223
-1.786621 0.775879 -1.070801
1 0.000978 -0.000001
0 0 0 0
0.149658 -0.047119
-1.786621 0.784912 -1.056152
-0.000977 1 -0.000001
0 0 0 0
0.366455 -0.039551
-1.795166 0.784912 -1.070801
-0.001025 0.995079 -0.099077
0 0 0 0
0.37793 -0.054199
-1.795166 0.784912 -1.056152
-0.000977 1 -0.000001
0 0 0 0
0.366455 -0.054199
-1.786621 0.784912 -1.070801
-0.001025 0.995079 -0.099077
0 0 0 0
0.37793 -0.039551
-1.795166 0.782715 -1.079346
-0.001198 0.864128 -0.50327
0 0 0 0
0.384766 -0.054199
-1.786621 0.782715 -1.079346
-0.001198 0.864128 -0.50327
0 0 0 0
0.384766 -0.039551
-1.795166 0.776367 -1.085449
-0.001336 0.495727 -0.868478
0 0 0 0
0.389404 -0.054199
-1.786621 0.776367 -1.085449
-0.001336 0.495727 -0.868478
0 0 0 0
0.389404 -0.039551
-1.795166 0.767822 -1.087646
0.001382 -0.001382 -0.999998
0 0 0 0
0.39624 -0.054199
-1.786621 0.767822 -1.087646
0.001382 0.001382 -0.999998
0 0 0 0
0.39624 -0.039551
-1.795166 0.759277 -1.085449
0.001336 -0.495727 -0.868478
0 0 0 0
0.402832 -0.054199
-1.786621 0.759277 -1.085449
0.001336 -0.495727 -0.868478
0 0 0 0
0.402832 -0.039551
-1.795166 0.753174 -1.079346
0.001199 -0.864128 -0.50327
0 0 0 0
0.407715 -0.054199
-1.786621 0.753174 -1.079346
0.001199 -0.864128 -0.50327
0 0 0 0
0.407715 -0.039551
-1.795166 0.750732 -1.070801
0.001025 -0.995079 -0.099077
0 0 0 0
0.414307 -0.054199
-1.786621 0.750732 -1.070801
0.001025 -0.995079 -0.099077
0 0 0 0
0.414307 -0.039551
-1.795166 0.750732 -1.056152
0.000978 -1 -0.000001
0 0 0 0
0.426025 -0.054199
-1.786621 0.750732 -1.056152
0.000978 -1 -0.000001
0 0 0 0
0.426025 -0.039551
-1.795166 0.774902 -1.074707
-1 -0.000977 -0.000001
0 0 0 0
0.152344 -0.037354
-1.795166 0.782715 -1.079346
-1 -0.000977 -0.000001
0 0 0 0
0.155273 -0.031982
-1.795166 0.776367 -1.085449
-1 -0.000977 -0.000001
0 0 0 0
0.159424 -0.036133
-1.795166 0.771973 -1.077637
-1 -0.000977 -0.000001
0 0 0 0
0.154297 -0.039307
-1.795166 0.767822 -1.087646
-1 0.000978 -0.000001
0 0 0 0
0.160889 -0.041748
-1.795166 0.767822 -1.078613
-1 0.000978 -0.000001
0 0 0 0
0.155029 -0.041748
-1.795166 0.763916 -1.077637
-1 0.000978 -0.000001
0 0 0 0
0.154297 -0.044434
-1.795166 0.759277 -1.085449
-1 0.000978 -0.000001
0 0 0 0
0.159424 -0.047607
-1.795166 0.760986 -1.074707
-1 0.000978 -0.000001
0 0 0 0
0.152344 -0.046387
-1.795166 0.753174 -1.079346
-1 0.000978 -0.000001
0 0 0 0
0.155273 -0.051758
-1.795166 0.76001 -1.070801
-1 0.000978 -0.000001
0 0 0 0
0.149658 -0.047119
-1.795166 0.750732 -1.070801
-1 0.000978 -0.000001
0 0 0 0
0.149658 -0.053223
-1.795166 0.760986 -1.066895
-1 0.000978 -0.000001
0 0 0 0
0.146973 -0.046387
-1.795166 0.750732 -1.056152
-1 0.000978 0.000001
0 0 0 0
0.13916 -0.053223
-1.795166 0.763916 -1.063965
-1 0.000978 0.000001
0 0 0 0
0.145264 -0.044434
-1.795166 0.767822 -1.062988
-1 0.000978 0.000001
0 0 0 0
0.144531 -0.041748
-1.795166 0.784912 -1.056152
-1 -0.000977 0.000001
0 0 0 0
0.13916 -0.030518
-1.795166 0.771973 -1.063965
-1 -0.000977 0.000001
0 0 0 0
0.145264 -0.039307
-1.795166 0.774902 -1.066895
-1 -0.000977 -0.000001
0 0 0 0
0.146973 -0.037354
-1.795166 0.784912 -1.070801
-1 -0.000977 -0.000001
0 0 0 0
0.149658 -0.030518
-1.795166 0.775879 -1.070801
-1 -0.000977 -0.000001
0 0 0 0
0.149658 -0.036621
-1.786621 0.763916 -1.063965
-0.001336 0.495727 -0.868478
0 0 0 0
0.381592 -0.054199
-1.786621 0.760986 -1.066895
-0.001198 0.864128 -0.50327
0 0 0 0
0.37915 -0.054199
-1.795166 0.760986 -1.066895
-0.001198 0.864128 -0.50327
0 0 0 0
0.37915 -0.039551
-1.795166 0.763916 -1.063965
-0.001336 0.495727 -0.868478
0 0 0 0
0.381592 -0.039551
-1.786621 0.767822 -1.062988
0.001382 -0.001382 -0.999998
0 0 0 0
0.384766 -0.054199
-1.795166 0.767822 -1.062988
0.001382 0.001382 -0.999998
0 0 0 0
0.384766 -0.039551
-1.786621 0.771973 -1.063965
0.001336 -0.495727 -0.868478
0 0 0 0
0.387695 -0.054199
-1.795166 0.771973 -1.063965
0.001336 -0.495727 -0.868478
0 0 0 0
0.387695 -0.039551
-1.786621 0.774902 -1.066895
0.001199 -0.864128 -0.50327
0 0 0 0
0.390137 -0.054199
-1.795166 0.774902 -1.066895
0.001199 -0.864128 -0.50327
0 0 0 0
0.390137 -0.039551
-1.786621 0.775879 -1.070801
0.000978 -1 -0.000001
0 0 0 0
0.393066 -0.054199
-1.795166 0.775879 -1.070801
0.000978 -1 -0.000001
0 0 0 0
0.393066 -0.039551
-1.786621 0.774902 -1.074707
0.001199 -0.864128 0.50327
0 0 0 0
0.39624 -0.054199
-1.795166 0.774902 -1.074707
0.001199 -0.864128 0.50327
0 0 0 0
0.39624 -0.039551
-1.786621 0.771973 -1.077637
0.001336 -0.495727 0.868478
0 0 0 0
0.398438 -0.054199
-1.795166 0.771973 -1.077637
0.001336 -0.495727 0.868478
0 0 0 0
0.398438 -0.039551
-1.786621 0.767822 -1.078613
0.001382 -0.001382 0.999998
0 0 0 0
0.401611 -0.054199
-1.795166 0.767822 -1.078613
0.001382 0.001382 0.999998
0 0 0 0
0.401611 -0.039551
-1.786621 0.763916 -1.077637
-0.001336 0.495727 0.868478
0 0 0 0
0.404785 -0.054199
-1.795166 0.763916 -1.077637
-0.001336 0.495727 0.868478
0 0 0 0
0.404785 -0.039551
-1.786621 0.760986 -1.074707
-0.001198 0.864128 0.50327
0 0 0 0
0.406982 -0.054199
-1.795166 0.760986 -1.074707
-0.001198 0.864128 0.50327
0 0 0 0
0.406982 -0.039551
-1.786621 0.76001 -1.070801
-0.000977 1 -0.000001
0 0 0 0
0.410156 -0.054199
-1.795166 0.76001 -1.070801
-0.000977 1 -0.000001
0 0 0 0
0.410156 -0.039551
-1.786621 0.760986 -1.066895
-0.001198 0.864128 -0.50327
0 0 0 0
0.413086 -0.054199
-1.795166 0.760986 -1.066895
-0.001198 0.864128 -0.50327
0 0 0 0
0.413086 -0.039551
1.795166 0.774902 -1.074707
1 -0.000977 -0.000001
0 0 0 0
0.152344 -0.037354
1.795166 0.776367 -1.085449
1 -0.000977 -0.000001
0 0 0 0
0.159424 -0.036133
1.795166 0.782715 -1.079346
1 -0.000977 -0.000001
0 0 0 0
0.155273 -0.031982
1.795166 0.771973 -1.077637
1 -0.000977 -0.000001
0 0 0 0
0.154297 -0.039307
1.795166 0.767822 -1.087646
1 0.000978 -0.000001
0 0 0 0
0.160889 -0.041748
1.795166 0.767822 -1.078613
1 0.000978 -0.000001
0 0 0 0
0.155029 -0.041748
1.795166 0.763916 -1.077637
1 0.000978 -0.000001
0 0 0 0
0.154297 -0.044434
1.795166 0.759277 -1.085449
1 0.000978 -0.000001
0 0 0 0
0.159424 -0.047607
1.795166 0.760986 -1.074707
1 0.000978 -0.000001
0 0 0 0
0.152344 -0.046387
1.795166 0.753174 -1.079346
1 0.000978 -0.000001
0 0 0 0
0.155273 -0.051758
1.795166 0.76001 -1.070801
1 0.000978 -0.000001
0 0 0 0
0.149658 -0.047119
1.795166 0.750732 -1.070801
1 0.000978 -0.000001
0 0 0 0
0.149658 -0.053223
1.795166 0.760986 -1.066895
1 0.000978 -0.000001
0 0 0 0
0.146973 -0.046387
1.795166 0.750732 -1.056152
1 0.000978 0.000001
0 0 0 0
0.13916 -0.053223
1.795166 0.763916 -1.063965
1 0.000978 0.000001
0 0 0 0
0.145264 -0.044434
1.795166 0.767822 -1.062988
1 0.000978 0.000001
0 0 0 0
0.144531 -0.041748
1.795166 0.784912 -1.056152
1 -0.000977 0.000001
0 0 0 0
0.13916 -0.030518
1.795166 0.771973 -1.063965
1 -0.000977 0.000001
0 0 0 0
0.145264 -0.039307
1.795166 0.774902 -1.066895
1 -0.000977 -0.000001
0 0 0 0
0.146973 -0.037354
1.795166 0.784912 -1.070801
1 -0.000977 -0.000001
0 0 0 0
0.149658 -0.030518
1.795166 0.775879 -1.070801
1 -0.000977 -0.000001
0 0 0 0
0.149658 -0.036621
1.786621 0.784912 -1.056152
0.000978 1 -0.000001
0 0 0 0
0.366455 -0.039551
1.795166 0.784912 -1.056152
0.000978 1 -0.000001
0 0 0 0
0.366455 -0.054199
1.795166 0.784912 -1.070801
0.001025 0.995079 -0.099077
0 0 0 0
0.37793 -0.054199
1.786621 0.784912 -1.070801
0.001025 0.995079 -0.099077
0 0 0 0
0.37793 -0.039551
1.795166 0.782715 -1.079346
0.001199 0.864128 -0.50327
0 0 0 0
0.384766 -0.054199
1.786621 0.782715 -1.079346
0.001199 0.864128 -0.50327
0 0 0 0
0.384766 -0.039551
1.795166 0.776367 -1.085449
0.001336 0.495727 -0.868478
0 0 0 0
0.389404 -0.054199
1.786621 0.776367 -1.085449
0.001336 0.495727 -0.868478
0 0 0 0
0.389404 -0.039551
1.795166 0.767822 -1.087646
0.001382 -0.001382 -0.999998
0 0 0 0
0.39624 -0.054199
1.786621 0.767822 -1.087646
0.001382 0.001382 -0.999998
0 0 0 0
0.39624 -0.039551
1.795166 0.759277 -1.085449
-0.001336 -0.495727 -0.868478
0 0 0 0
0.402832 -0.054199
1.786621 0.759277 -1.085449
-0.001336 -0.495727 -0.868478
0 0 0 0
0.402832 -0.039551
1.795166 0.753174 -1.079346
-0.001198 -0.864128 -0.50327
0 0 0 0
0.407715 -0.054199
1.786621 0.753174 -1.079346
-0.001198 -0.864128 -0.50327
0 0 0 0
0.407715 -0.039551
1.795166 0.750732 -1.070801
-0.001025 -0.995079 -0.099077
0 0 0 0
0.414307 -0.054199
1.786621 0.750732 -1.070801
-0.001025 -0.995079 -0.099077
0 0 0 0
0.414307 -0.039551
1.795166 0.750732 -1.056152
-0.000977 -1 -0.000001
0 0 0 0
0.426025 -0.054199
1.786621 0.750732 -1.056152
-0.000977 -1 -0.000001
0 0 0 0
0.426025 -0.039551
1.786621 0.774902 -1.074707
-1 0.000978 -0.000001
0 0 0 0
0.152344 -0.046387
1.786621 0.782715 -1.079346
-1 0.000978 -0.000001
0 0 0 0
0.155273 -0.051758
1.786621 0.776367 -1.085449
-1 0.000978 -0.000001
0 0 0 0
0.159424 -0.047607
1.786621 0.771973 -1.077637
-1 0.000978 -0.000001
0 0 0 0
0.154297 -0.044434
1.786621 0.767822 -1.087646
-1 0.000978 -0.000001
0 0 0 0
0.160889 -0.041748
1.786621 0.767822 -1.078613
-1 0.000978 -0.000001
0 0 0 0
0.155029 -0.041748
1.786621 0.763916 -1.077637
-1 -0.000977 -0.000001
0 0 0 0
0.154297 -0.039307
1.786621 0.759277 -1.085449
-1 -0.000977 -0.000001
0 0 0 0
0.159424 -0.036133
1.786621 0.760986 -1.074707
-1 0.000978 -0.000001
0 0 0 0
0.152344 -0.037354
1.786621 0.753174 -1.079346
-1 0.000978 -0.000001
0 0 0 0
0.155273 -0.031982
1.786621 0.76001 -1.070801
-1 0.000978 -0.000001
0 0 0 0
0.149658 -0.036621
1.786621 0.750732 -1.070801
-1 0.000978 -0.000001
0 0 0 0
0.149658 -0.030518
1.786621 0.760986 -1.066895
-1 0.000978 0.000001
0 0 0 0
0.146973 -0.037354
1.786621 0.750732 -1.056152
-1 0.000978 0.000001
0 0 0 0
0.13916 -0.030518
1.786621 0.763916 -1.063965
-1 0.000978 -0.000001
0 0 0 0
0.145264 -0.039307
1.786621 0.767822 -1.062988
-1 0.000978 -0.000001
0 0 0 0
0.144531 -0.041748
1.786621 0.784912 -1.056152
-1 0.000978 -0.000001
0 0 0 0
0.13916 -0.053223
1.786621 0.771973 -1.063965
-1 0.000978 0.000001
0 0 0 0
0.145264 -0.044434
1.786621 0.774902 -1.066895
-1 0.000978 0.000001
0 0 0 0
0.146973 -0.046387
1.786621 0.784912 -1.070801
-1 0.000978 -0.000001
0 0 0 0
0.149658 -0.053223
1.786621 0.775879 -1.070801
-1 0.000978 -0.000001
0 0 0 0
0.149658 -0.047119
1.786621 0.760986 -1.066895
0.001199 0.864128 -0.50327
0 0 0 0
0.413086 -0.054199
1.795166 0.760986 -1.066895
0.001199 0.864128 -0.50327
0 0 0 0
0.413086 -0.039551
1.795166 0.76001 -1.070801
0.000978 1 -0.000001
0 0 0 0
0.410156 -0.039551
1.786621 0.76001 -1.070801
0.000978 1 -0.000001
0 0 0 0
0.410156 -0.054199
1.795166 0.760986 -1.074707
0.001199 0.864128 0.50327
0 0 0 0
0.406982 -0.039551
1.786621 0.760986 -1.074707
0.001199 0.864128 0.50327
0 0 0 0
0.406982 -0.054199
1.795166 0.763916 -1.077637
0.001336 0.495727 0.868478
0 0 0 0
0.404785 -0.039551
1.786621 0.763916 -1.077637
0.001336 0.495727 0.868478
0 0 0 0
0.404785 -0.054199
1.795166 0.767822 -1.078613
-0.001382 0.001382 0.999998
0 0 0 0
0.401611 -0.039551
1.786621 0.767822 -1.078613
-0.001382 -0.001382 0.999998
0 0 0 0
0.401611 -0.054199
1.795166 0.771973 -1.077637
-0.001336 -0.495727 0.868478
0 0 0 0
0.398438 -0.039551
1.786621 0.771973 -1.077637
-0.001336 -0.495727 0.868478
0 0 0 0
0.398438 -0.054199
1.795166 0.774902 -1.074707
-0.001198 -0.864128 0.50327
0 0 0 0
0.39624 -0.039551
1.786621 0.774902 -1.074707
-0.001198 -0.864128 0.50327
0 0 0 0
0.39624 -0.054199
1.795166 0.775879 -1.070801
-0.000977 -1 -0.000001
0 0 0 0
0.393066 -0.039551
1.786621 0.775879 -1.070801
-0.000977 -1 -0.000001
0 0 0 0
0.393066 -0.054199
1.795166 0.774902 -1.066895
-0.001198 -0.864128 -0.50327
0 0 0 0
0.390137 -0.039551
1.786621 0.774902 -1.066895
-0.001198 -0.864128 -0.50327
0 0 0 0
0.390137 -0.054199
1.795166 0.771973 -1.063965
-0.001336 -0.495727 -0.868478
0 0 0 0
0.387695 -0.039551
1.786621 0.771973 -1.063965
-0.001336 -0.495727 -0.868478
0 0 0 0
0.387695 -0.054199
1.795166 0.767822 -1.062988
-0.001382 0.001382 -0.999998
0 0 0 0
0.384766 -0.039551
1.786621 0.767822 -1.062988
-0.001382 -0.001382 -0.999998
0 0 0 0
0.384766 -0.054199
1.795166 0.763916 -1.063965
0.001336 0.495727 -0.868478
0 0 0 0
0.381592 -0.039551
1.786621 0.763916 -1.063965
0.001336 0.495727 -0.868478
0 0 0 0
0.381592 -0.054199
1.795166 0.760986 -1.066895
0.001199 0.864128 -0.50327
0 0 0 0
0.37915 -0.039551
1.786621 0.760986 -1.066895
0.001199 0.864128 -0.50327
0 0 0 0
0.37915 -0.054199
0.731445 1.052734 1.100098
1 0.000978 -0.000001
0 0 0 0
0.231201 -0.040527
0.731445 1.031006 1.100098
1 0.000978 -0.000001
0 0 0 0
0.231201 -0.051514
0.731445 1.04126 1.091064
1 0.000978 -0.000001
0 0 0 0
0.240234 -0.046387
0.731445 1.052734 1.091064
1 0.000978 -0.000001
0 0 0 0
0.240234 -0.040527
1244
2 1 0
3 2 0
6 5 4
7 6 4
4 8 7
8 9 7
8 10 9
10 11 9
14 13 12
15 14 12
18 17 16
17 19 16
16 19 20
19 21 20
24 23 22
24 22 25
26 24 25
29 28 27
30 29 27
29 30 31
32 29 31
35 34 33
35 33 36
33 37 36
40 39 38
39 41 38
44 43 42
45 44 42
48 47 46
47 49 46
52 51 50
53 52 50
56 55 54
57 56 54
60 59 58
59 61 58
62 61 59
63 62 59
66 65 64
65 67 64
65 68 67
68 69 67
72 71 70
73 70 71
74 73 71
77 76 75
75 76 78
79 75 78
82 81 80
83 82 80
84 82 83
85 84 83
86 84 85
87 86 85
88 86 87
89 88 87
90 88 89
91 90 89
92 90 91
93 92 91
94 92 93
95 94 93
96 94 95
97 96 95
100 99 98
99 101 98
98 101 102
101 103 102
102 103 104
103 105 104
104 105 106
105 107 106
106 107 108
107 109 108
108 109 110
109 111 110
110 111 112
111 113 112
112 113 114
113 115 114
118 117 116
117 119 116
117 120 119
120 121 119
120 122 121
122 123 121
122 124 123
124 125 123
124 126 125
126 127 125
126 128 127
128 129 127
128 130 129
130 131 129
130 132 131
132 133 131
136 135 134
137 136 134
137 134 138
139 137 138
139 138 140
141 139 140
141 140 142
143 141 142
143 142 144
145 143 144
145 144 146
147 145 146
147 146 148
149 147 148
149 148 150
151 149 150
154 153 152
153 155 152
156 155 153
157 156 153
156 157 158
159 156 158
162 161 160
163 162 160
166 165 164
167 166 164
170 169 168
169 171 168
172 168 171
173 172 171
174 172 173
175 174 173
178 177 176
177 179 176
182 181 180
183 182 180
186 185 184
187 186 184
187 184 188
189 187 188
192 191 190
193 190 191
194 193 191
197 196 195
196 198 195
199 198 196
200 199 196
203 202 201
201 202 204
205 201 204
208 207 206
209 208 206
212 211 210
213 212 210
216 215 214
217 216 214
220 219 218
221 220 218
224 223 222
225 224 222
228 227 226
229 228 226
228 229 230
231 228 230
234 233 232
235 234 232
236 234 235
237 236 235
240 239 238
240 238 241
242 240 241
245 244 243
245 243 246
243 247 246
250 249 248
249 251 248
249 252 251
252 253 251
252 254 253
254 255 253
254 256 255
256 257 255
256 258 257
258 259 257
258 260 259
260 261 259
260 262 261
262 263 261
262 264 263
264 265 263
268 267 266
269 268 266
269 266 270
271 269 270
271 270 272
273 271 272
273 272 274
275 273 274
275 274 276
277 275 276
277 276 278
279 277 278
279 278 280
281 279 280
281 280 282
283 281 282
286 285 284
287 286 284
288 286 287
289 288 287
290 288 289
291 290 289
292 290 291
293 292 291
294 292 293
295 294 293
296 294 295
297 296 295
298 296 297
299 298 297
300 298 299
301 300 299
304 303 302
303 305 302
302 305 306
305 307 306
306 307 308
307 309 308
308 309 310
309 311 310
310 311 312
311 313 312
312 313 314
313 315 314
314 315 316
315 317 316
316 317 318
317 319 318
322 321 320
323 322 320
322 323 324
325 322 324
325 324 326
324 327 326
330 329 328
331 330 328
334 333 332
335 334 332
338 337 336
339 338 336
339 336 340
341 339 340
341 340 342
343 341 342
344 341 343
345 344 343
346 344 345
347 346 345
348 346 347
349 348 347
352 351 350
353 352 350
356 355 354
357 356 354
360 359 358
361 360 358
364 363 362
365 364 362
368 367 366
369 368 366
372 371 370
373 372 370
376 375 374
377 376 374
380 379 378
379 381 378
384 383 382
385 384 382
388 387 386
389 388 386
392 391 390
393 392 390
396 395 394
397 396 394
400 399 398
401 400 398
404 403 402
405 404 402
408 407 406
409 408 406
412 411 410
413 412 410
416 415 414
417 416 414
420 419 418
421 420 418
424 423 422
425 424 422
428 427 426
429 428 426
432 431 430
431 433 430
436 435 434
437 436 434
440 439 438
441 440 438
444 443 442
445 444 442
448 447 446
449 448 446
452 451 450
453 452 450
453 450 454
455 453 454
455 454 456
457 455 456
457 456 458
459 457 458
459 458 460
461 459 460
461 460 462
463 461 462
466 465 464
466 464 467
466 467 468
466 468 469
466 469 470
466 470 465
473 472 471
473 471 474
473 474 475
473 475 476
473 476 477
473 477 472
480 479 478
481 480 478
481 478 482
483 481 482
483 482 484
485 483 484
485 484 486
487 485 486
487 486 488
489 487 488
489 488 490
491 489 490
494 493 492
494 492 495
494 495 496
494 496 497
494 497 498
494 498 493
501 500 499
501 499 502
501 502 503
501 503 504
501 504 505
501 505 500
508 507 506
509 508 506
509 506 510
511 509 510
511 510 512
513 511 512
513 512 514
515 513 514
515 514 516
517 515 516
517 516 518
519 517 518
522 521 520
522 520 523
522 523 524
522 524 525
522 525 526
522 526 521
529 528 527
529 527 530
529 530 531
529 531 532
529 532 533
529 533 528
536 535 534
537 536 534
537 534 538
539 537 538
539 538 540
541 539 540
541 540 542
543 541 542
543 542 544
545 543 544
545 544 546
547 545 546
550 549 548
550 548 551
550 551 552
550 552 553
550 553 554
550 554 549
557 556 555
557 555 558
557 558 559
557 559 560
557 560 561
557 561 556
564 563 562
563 565 562
568 567 566
569 568 566
572 571 570
573 572 570
576 575 574
577 576 574
580 579 578
581 580 578
584 583 582
585 584 582
588 587 586
589 588 586
592 591 590
593 592 590
596 595 594
597 596 594
600 599 598
601 600 598
604 603 602
605 604 602
608 607 606
607 609 606
612 611 610
611 613 610
616 615 614
617 616 614
620 619 618
621 620 618
624 623 622
625 624 622
628 627 626
629 628 626
632 631 630
633 632 630
636 635 634
637 636 634
640 639 638
639 641 638
644 643 642
645 644 642
648 647 646
649 648 646
652 651 650
653 652 650
656 655 654
657 656 654
660 659 658
661 660 658
664 663 662
665 664 662
668 667 666
669 668 666
672 671 670
673 672 670
676 675 674
677 676 674
680 679 678
681 680 678
684 683 682
683 685 682
688 687 686
687 689 686
692 691 690
693 692 690
696 695 694
697 696 694
700 699 698
701 700 698
704 703 702
705 704 702
708 707 706
709 708 706
712 711 710
713 712 710
716 715 714
717 716 714
718 716 717
719 718 717
720 718 719
721 720 719
722 720 721
723 722 721
724 722 723
725 724 723
728 727 726
728 726 729
728 729 730
728 730 731
728 731 732
733 728 732
733 732 734
733 734 735
733 735 736
733 736 737
733 737 738
739 733 738
739 738 740
739 740 741
739 741 742
739 742 743
739 743 744
743 745 744
744 745 746
744 746 747
744 747 748
744 748 749
744 749 727
728 744 727
750 348 349
751 750 349
752 750 751
753 752 751
754 752 753
755 754 753
754 755 756
757 754 756
758 754 757
759 758 757
759 760 758
760 761 758
758 761 762
761 763 762
762 763 764
763 765 764
764 765 766
765 767 766
766 767 768
767 769 768
768 769 770
769 771 770
770 771 339
771 338 339
770 339 341
344 770 341
768 770 344
346 768 344
766 768 346
348 766 346
764 766 348
750 764 348
762 764 750
752 762 750
758 762 752
754 758 752
774 773 772
773 775 772
773 776 775
776 777 775
776 778 777
778 779 777
778 780 779
780 781 779
780 782 781
782 783 781
784 783 782
785 784 782
785 786 784
786 787 784
786 788 787
788 789 787
792 791 790
793 792 790
793 790 794
795 793 794
795 794 796
797 795 796
797 796 798
799 797 798
799 798 800
801 799 800
801 800 802
803 801 802
803 802 804
805 803 804
805 804 806
807 805 806
810 809 808
809 811 808
808 811 812
811 813 812
812 813 814
813 815 814
814 815 816
815 817 816
816 817 818
817 819 818
818 819 820
819 821 820
820 821 822
821 823 822
822 823 824
823 825 824
823 826 825
826 827 825
826 828 827
828 829 827
830 828 826
831 830 826
831 826 823
821 831 823
832 831 821
819 832 821
833 832 819
817 833 819
834 833 817
815 834 817
835 834 815
813 835 815
836 835 813
811 836 813
837 836 811
809 837 811
837 838 836
838 839 836
836 839 835
839 840 835
835 840 834
840 841 834
834 841 833
841 842 833
833 842 832
842 843 832
832 843 831
843 830 831
846 845 844
845 847 844
845 848 847
848 849 847
848 850 849
850 851 849
850 852 851
852 853 851
852 854 853
854 855 853
854 856 855
856 857 855
856 858 857
858 859 857
858 860 859
860 861 859
864 863 862
865 864 862
868 867 866
869 868 866
872 871 870
873 872 870
876 875 874
877 876 874
880 879 878
881 880 878
884 883 882
885 884 882
888 887 886
889 888 886
892 891 890
893 892 890
896 895 894
897 896 894
900 899 898
899 901 898
904 903 902
905 904 902
908 907 906
909 908 906
912 911 910
913 912 910
916 915 914
915 917 914
920 919 918
921 920 918
924 923 922
925 924 922
928 927 926
929 928 926
932 931 930
931 933 930
936 935 934
937 936 934
940 939 938
941 940 938
944 943 942
945 944 942
948 947 946
947 949 946
952 951 950
953 952 950
956 955 954
957 956 954
960 959 958
961 960 958
964 963 962
965 964 962
968 967 966
969 968 966
972 971 970
973 972 970
976 975 974
977 976 974
980 979 978
981 980 978
984 983 982
985 984 982
988 987 986
989 988 986
992 991 990
993 992 990
996 995 994
997 996 994
1000 999 998
1001 1000 998
1004 1003 1002
1005 1004 1002
1008 1007 1006
1009 1008 1006
1012 1011 1010
1013 1012 1010
1016 1015 1014
1017 1016 1014
1020 1019 1018
1021 1020 1018
1024 1023 1022
1025 1024 1022
1028 1027 1026
1027 1029 1026
1032 1031 1030
1033 1032 1030
1036 1035 1034
1037 1036 1034
1040 1039 1038
1041 1040 1038
1044 1043 1042
1045 1044 1042
1048 1047 1046
1047 1049 1046
1052 1051 1050
1053 1052 1050
1056 1055 1054
1057 1056 1054
1060 1059 1058
1061 1060 1058
1064 1063 1062
1065 1064 1062
1068 1067 1066
1067 1069 1066
1072 1071 1070
1073 1072 1070
1076 1075 1074
1077 1076 1074
1080 1079 1078
1081 1080 1078
1084 1083 1082
1085 1084 1082
1088 1087 1086
1087 1089 1086
1092 1091 1090
1093 1092 1090
1096 1095 1094
1097 1096 1094
1100 1099 1098
1101 1100 1098
1104 1103 1102
1105 1104 1102
1108 1107 1106
1109 1108 1106
728 733 744
733 739 744
1112 1111 1110
1111 1113 1110
1114 1113 1111
1115 1114 1111
1116 1114 1115
1117 1116 1115
1118 1116 1117
1119 1118 1117
1120 1118 1119
1121 1120 1119
1122 1120 1121
1123 1122 1121
1124 1122 1123
1125 1124 1123
1126 1124 1125
1127 1126 1125
1128 1126 1127
1129 1128 1127
1132 1131 1130
1132 1130 1133
1132 1133 1134
1132 1134 1135
1132 1135 1136
1137 1132 1136
1137 1136 1138
1137 1138 1139
1137 1139 1140
1137 1140 1141
1137 1141 1142
1143 1137 1142
1143 1142 1144
1143 1144 1145
1143 1145 1146
1143 1146 1147
1143 1147 1148
1147 1149 1148
1148 1149 1150
1148 1150 1151
1148 1151 1152
1148 1152 1153
1148 1153 1131
1132 1148 1131
1132 1137 1148
1137 1143 1148
1156 1155 1154
1155 1157 1154
1158 1157 1155
1159 1158 1155
1160 1158 1159
1161 1160 1159
1162 1160 1161
1163 1162 1161
1164 1162 1163
1165 1164 1163
1166 1164 1165
1167 1166 1165
1168 1166 1167
1169 1168 1167
1170 1168 1169
1171 1170 1169
1172 1170 1171
1173 1172 1171
1176 1175 1174
1176 1174 1177
1176 1177 1178
1176 1178 1179
1176 1179 1180
1181 1176 1180
1181 1180 1182
1181 1182 1183
1181 1183 1184
1181 1184 1185
1181 1185 1186
1187 1181 1186
1187 1186 1188
1187 1188 1189
1187 1189 1190
1187 1190 1191
1187 1191 1192
1191 1193 1192
1192 1193 1194
1192 1194 1195
1192 1195 1196
1192 1196 1197
1192 1197 1175
1176 1192 1175
1176 1181 1192
1181 1187 1192
1200 1199 1198
1199 1201 1198
1202 1201 1199
1203 1202 1199
1204 1202 1203
1205 1204 1203
1206 1204 1205
1207 1206 1205
1208 1206 1207
1209 1208 1207
1210 1208 1209
1211 1210 1209
1212 1210 1211
1213 1212 1211
1214 1212 1213
1215 1214 1213
1216 1214 1215
1217 1216 1215
1220 1219 1218
1219 1221 1218
1224 1223 1222
1223 1225 1222
1228 1227 1226
1229 1228 1226
1232 1231 1230
1233 1232 1230
1236 1235 1234
1237 1236 1234
1240 1239 1238
1241 1240 1238
1244 1243 1242
1245 1244 1242
1248 1247 1246
1249 1248 1246
1252 1251 1250
1253 1252 1250
1256 1255 1254
1257 1256 1254
1260 1259 1258
1261 1260 1258
1264 1263 1262
1265 1264 1262
1268 1267 1266
1269 1268 1266
1272 1271 1270
1273 1272 1270
1276 1275 1274
1277 1276 1274
1280 1279 1278
1279 1281 1278
1284 1283 1282
1285 1284 1282
1288 1287 1286
1289 1288 1286
1292 1291 1290
1293 1292 1290
1296 1295 1294
1297 1296 1294
1300 1299 1298
1301 1300 1298
1304 1303 1302
1305 1304 1302
1308 1307 1306
1309 1308 1306
1312 1311 1310
1313 1312 1310
1316 1315 1314
1317 1316 1314
1320 1319 1318
1321 1320 1318
1324 1323 1322
1325 1324 1322
1328 1327 1326
1329 1328 1326
1332 1331 1330
1333 1332 1330
1336 1335 1334
1335 1337 1334
1340 1339 1338
1341 1340 1338
1344 1343 1342
1345 1344 1342
1348 1347 1346
1349 1348 1346
1352 1351 1350
1353 1352 1350
1356 1355 1354
1357 1356 1354
1360 1359 1358
1361 1360 1358
1364 1363 1362
1365 1364 1362
1368 1367 1366
1369 1368 1366
1372 1371 1370
1373 1372 1370
1376 1375 1374
1377 1376 1374
1380 1379 1378
1381 1380 1378
1384 1383 1382
1385 1384 1382
1388 1387 1386
1387 1389 1386
1392 1391 1390
1391 1393 1390
1396 1395 1394
1397 1396 1394
1400 1399 1398
1401 1400 1398
1404 1403 1402
1405 1404 1402
1408 1407 1406
1409 1408 1406
1412 1411 1410
1413 1412 1410
1416 1415 1414
1417 1416 1414
1420 1419 1418
1421 1420 1418
1424 1423 1422
1425 1424 1422
1428 1427 1426
1429 1428 1426
1432 1431 1430
1433 1432 1430
1436 1435 1434
1437 1436 1434
1440 1439 1438
1441 1440 1438
1444 1443 1442
1445 1444 1442
1448 1447 1446
1449 1448 1446
1452 1451 1450
1453 1452 1450
1456 1455 1454
1457 1456 1454
1460 1459 1458
1461 1460 1458
1464 1463 1462
1465 1464 1462
1468 1467 1466
1469 1468 1466
1472 1471 1470
1473 1472 1470
1476 1475 1474
1477 1476 1474
1480 1479 1478
1481 1480 1478
1484 1483 1482
1485 1484 1482
1488 1487 1486
1489 1488 1486
1492 1491 1490
1493 1492 1490
1496 1495 1494
1497 1496 1494
1500 1499 1498
1501 1500 1498
1504 1503 1502
1505 1504 1502
1508 1507 1506
1509 1508 1506
1512 1511 1510
1513 1512 1510
1516 1515 1514
1517 1516 1514
1520 1519 1518
1521 1520 1518
1524 1523 1522
1525 1524 1522
1528 1527 1526
1529 1528 1526
1532 1531 1530
1533 1532 1530
1536 1535 1534
1537 1536 1534
1540 1539 1538
1541 1540 1538
1544 1543 1542
1545 1544 1542
1548 1547 1546
1549 1548 1546
1552 1551 1550
1551 1553 1550
1556 1555 1554
1557 1556 1554
1560 1559 1558
1561 1560 1558
1564 1563 1562
1565 1564 1562
1568 1567 1566
1569 1568 1566
1572 1571 1570
1573 1572 1570
1576 1575 1574
1577 1576 1574
1580 1579 1578
1581 1580 1578
1584 1583 1582
1585 1584 1582
1588 1587 1586
1589 1588 1586
1592 1591 1590
1593 1592 1590
1596 1595 1594
1597 1596 1594
1600 1599 1598
1601 1600 1598
1604 1603 1602
1603 1605 1602
1608 1607 1606
1609 1608 1606
1612 1611 1610
1613 1612 1610
1616 1615 1614
1617 1616 1614
1620 1619 1618
1621 1620 1618
1624 1623 1622
1623 1625 1622
1623 1626 1625
1626 1627 1625
1628 1627 1626
1629 1628 1626
1630 1628 1629
1631 1630 1629
1632 1630 1631
1633 1632 1631
1634 1632 1633
1635 1634 1633
1635 1636 1634
1637 1636 1635
1638 1637 1635
1638 1639 1637
1638 1640 1639
1638 1641 1640
1641 1642 1640
1641 1624 1642
1624 1622 1642
1645 1644 1643
1644 1646 1643
1644 1647 1646
1647 1648 1646
1647 1649 1648
1649 1650 1648
1649 1651 1650
1651 1652 1650
1651 1653 1652
1653 1654 1652
1653 1655 1654
1655 1656 1654
1655 1657 1656
1657 1658 1656
1657 1659 1658
1659 1660 1658
1663 1662 1661
1664 1663 1661
1665 1663 1664
1666 1665 1664
1665 1666 1667
1668 1665 1667
1668 1667 1669
1670 1668 1669
1670 1669 1671
1672 1670 1671
1672 1671 1673
1674 1672 1673
1675 1674 1673
1674 1675 1676
1677 1674 1676
1678 1677 1676
1679 1677 1678
1680 1677 1679
1681 1680 1679
1662 1680 1681
1661 1662 1681
1684 1683 1682
1685 1684 1682
1685 1682 1686
1687 1685 1686
1687 1686 1688
1689 1687 1688
1689 1688 1690
1691 1689 1690
1691 1690 1692
1693 1691 1692
1693 1692 1694
1695 1693 1694
1695 1694 1696
1697 1695 1696
1697 1696 1698
1699 1697 1698
1699 1698 1700
1701 1699 1700
1701 1700 1702
1703 1701 1702
1703 1702 1704
1705 1703 1704
1705 1704 1706
1707 1705 1706
1710 1709 1708
1709 1711 1708
1709 1712 1711
1712 1713 1711
1714 1713 1712
1715 1714 1712
1716 1714 1715
1717 1716 1715
1718 1716 1717
1719 1718 1717
1720 1718 1719
1721 1720 1719
1721 1722 1720
1723 1722 1721
1724 1723 1721
1724 1725 1723
1724 1726 1725
1724 1727 1726
1727 1728 1726
1727 1710 1728
1710 1708 1728
1731 1730 1729
1732 1731 1729
1733 1731 1732
1734 1733 1732
1735 1733 1734
1736 1735 1734
1737 1735 1736
1738 1737 1736
1739 1737 1738
1740 1739 1738
1741 1739 1740
1742 1741 1740
1743 1741 1742
1744 1743 1742
1745 1743 1744
1746 1745 1744
1749 1748 1747
1750 1749 1747
1751 1749 1750
1752 1751 1750
1751 1752 1753
1754 1751 1753
1754 1753 1755
1756 1754 1755
1756 1755 1757
1758 1756 1757
1758 1757 1759
1760 1758 1759
1761 1760 1759
1760 1761 1762
1763 1760 1762
1764 1763 1762
1765 1763 1764
1766 1763 1765
1767 1766 1765
1748 1766 1767
1747 1748 1767
1770 1769 1768
1771 1770 1768
1772 1770 1771
1773 1772 1771
1774 1772 1773
1775 1774 1773
1776 1774 1775
1777 1776 1775
1778 1776 1777
1779 1778 1777
1780 1778 1779
1781 1780 1779
1782 1780 1781
1783 1782 1781
1784 1782 1783
1785 1784 1783
1786 1784 1785
1787 1786 1785
1788 1786 1787
1789 1788 1787
1790 1788 1789
1791 1790 1789
1792 1790 1791
1793 1792 1791
1796 1795 1794
1797 1796 1794
sm02_materials\cp_materials\metal\gh_cp_base_steal_trim_shiny_01.material
1
0
1913
-2.01001 3.115723 -1.129883
0.001382 0.001382 -0.999998
0 0 0 0
0.005127 0.001709
-2.01001 3.140137 -1.129883
0.001382 0.001382 -0.999998
0 0 0 0
0.005127 0.027344
0.000977 3.140137 -1.129883
0.001382 0.001382 -0.999998
0 0 0 0
0.503174 0.027344
0.000977 3.115723 -1.129883
0.001382 0.001382 -0.999998
0 0 0 0
0.503174 0.001709
2.012207 3.140137 -1.129883
0.001382 0.001382 -0.999998
0 0 0 0
1.001221 0.027344
2.012207 3.115723 -1.129883
0.001382 0.001382 -0.999998
0 0 0 0
1.001221 0.001709
-2.01001 3.140137 -1.129883
-1 0.000978 -0.000001
0 0 0 0
0.223389 0.001709
-2.01001 3.115723 -1.129883
-1 0.000978 -0.000001
0 0 0 0
0.223389 0.027344
-2.01001 3.115723 1.129883
-1 0.000978 -0.000001
0 0 0 0
0.782959 0.027344
-2.01001 3.140137 1.129883
-1 0.000978 -0.000001
0 0 0 0
0.782959 0.001709
0.000977 3.115723 -1.129883
0.000978 -1 0.000001
0 0 0 0
0.503174 0.027344
-1.999023 3.115723 -1.118652
0.000978 -1 0.000001
0 0 0 0
0.007812 0.001709
-2.01001 3.115723 -1.129883
0.000978 -1 0.000001
0 0 0 0
0.005127 0.027344
0.000977 3.115723 -1.118652
0.000978 -1 0.000001
0 0 0 0
0.503174 0.001709
2.000977 3.115723 -1.118652
0.000978 -1 0.000001
0 0 0 0
0.998535 0.001709
2.012207 3.115723 -1.129883
0.000978 -1 0.000001
0 0 0 0
1.001221 0.027344
-1.999023 3.115723 -1.118652
0.000978 -1 0.000001
0 0 0 0
0.226074 0.027344
-2.01001 3.115723 1.129883
0.000978 -1 -0.000001
0 0 0 0
0.782959 0.001709
-2.01001 3.115723 -1.129883
0.000978 -1 0.000001
0 0 0 0
0.223389 0.001709
-1.999023 3.115723 1.118652
0.000978 -1 -0.000001
0 0 0 0
0.780273 0.027344
-2.01001 3.140137 1.129883
0.001382 0.001382 0.999998
0 0 0 0
0.005127 0.001709
-2.01001 3.115723 1.129883
0.001382 0.001382 0.999998
0 0 0 0
0.005127 0.027344
0.000977 3.115723 1.129883
0.001382 0.001382 0.999998
0 0 0 0
0.503174 0.027344
0.000977 3.140137 1.129883
0.001382 0.001382 0.999998
0 0 0 0
0.503174 0.001709
2.012207 3.115723 1.129883
0.001382 0.001382 0.999998
0 0 0 0
1.001221 0.027344
2.012207 3.140137 1.129883
0.001382 0.001382 0.999998
0 0 0 0
1.001221 0.001709
0.000977 3.115723 1.129883
0.000978 -1 -0.000001
0 0 0 0
0.503174 0.001709
-2.01001 3.115723 1.129883
0.000978 -1 -0.000001
0 0 0 0
0.005127 0.001709
-1.999023 3.115723 1.118652
0.000978 -1 -0.000001
0 0 0 0
0.007812 0.027344
0.000977 3.115723 1.118652
0.000978 -1 -0.000001
0 0 0 0
0.503174 0.027344
2.000977 3.115723 1.118652
0.000978 -1 -0.000001
0 0 0 0
0.998535 0.027344
2.012207 3.115723 1.129883
0.000978 -1 -0.000001
0 0 0 0
1.001221 0.001709
-2.01001 3.140137 -1.129883
0.000978 1 -0.000001
0 0 0 0
0 0.469971
-2.01001 3.140137 1.129883
0.000978 1 -0.000001
0 0 0 0
0 0.903076
0.000977 3.140137 1.129883
0.000978 1 -0.000001
0 0 0 0
0.5 0.903076
0.000977 3.140137 -1.129883
0.000978 1 -0.000001
0 0 0 0
0.5 0.469971
2.012207 3.140137 1.129883
0.000978 1 -0.000001
0 0 0 0
1 0.903076
2.012207 3.140137 -1.129883
0.000978 1 -0.000001
0 0 0 0
1 0.469971
2.012207 3.140137 1.129883
1 0.000978 -0.000001
0 0 0 0
0.223389 0.001709
2.012207 3.115723 1.129883
1 0.000978 -0.000001
0 0 0 0
0.223389 0.027344
2.012207 3.115723 -1.129883
1 0.000978 -0.000001
0 0 0 0
0.782959 0.027344
2.012207 3.140137 -1.129883
1 0.000978 -0.000001
0 0 0 0
0.782959 0.001709
2.000977 3.115723 1.118652
0.000978 -1 -0.000001
0 0 0 0
0.780273 0.001709
2.012207 3.115723 -1.129883
0.000978 -1 0.000001
0 0 0 0
0.223389 0.027344
2.012207 3.115723 1.129883
0.000978 -1 -0.000001
0 0 0 0
0.782959 0.027344
2.000977 3.115723 -1.118652
0.000978 -1 0.000001
0 0 0 0
0.226074 0.001709
0.889404 0.88623 -0.874512
0.001382 0.001382 -0.999998
0 0 0 0
0.996826 0.095215
-1.719971 1.196777 -0.874512
0.001382 0.001382 -0.999998
0 0 0 0
0.000977 0.21582
0.889404 1.196777 -0.874512
0.001382 0.001382 -0.999998
0 0 0 0
0.996826 0.21582
-1.719971 0.88623 -0.874512
0.001382 0.001382 -0.999998
0 0 0 0
0.000977 0.095215
0.889404 0.88623 -0.874512
1 0.000978 -0.000001
0 0 0 0
0.352783 0.002197
0.889404 1.196777 -0.874512
1 0.000978 -0.000001
0 0 0 0
0.043945 0.002197
0.889404 1.196777 -0.863281
1 0.000978 -0.000001
0 0 0 0
0.043945 0.028564
0.889404 0.875244 -0.863281
1 0.000978 -0.000001
0 0 0 0
0.36377 0.028564
0.889404 1.196777 -0.874512
0.000978 1 -0.000001
0 0 0 0
0.996826 0.002441
-1.719971 1.196777 -0.874512
0.000978 1 -0.000001
0 0 0 0
0.000977 0.002441
-1.719971 1.196777 -0.863281
0.000978 1 -0.000001
0 0 0 0
0.000977 0.028076
0.889404 1.196777 -0.863281
0.000978 1 -0.000001
0 0 0 0
0.996826 0.028076
0.889404 0.875244 -0.863281
0.001382 0.001382 0.999998
0 0 0 0
0.996826 0.21582
0.889404 1.196777 -0.863281
0.001382 0.001382 0.999998
0 0 0 0
0.996826 0.095215
-1.719971 1.196777 -0.863281
0.001382 0.001382 0.999998
0 0 0 0
0.000977 0.095215
-1.719971 0.875244 -0.863281
0.001382 0.001382 0.999998
0 0 0 0
0.000977 0.21582
-1.719971 1.196777 -0.863281
-1 0.000978 -0.000001
0 0 0 0
0.043945 0.028564
-1.719971 1.196777 -0.874512
-1 0.000978 -0.000001
0 0 0 0
0.043945 0.002197
-1.719971 0.88623 -0.874512
-1 -0.000977 -0.000001
0 0 0 0
0.352783 0.002197
-1.719971 0.875244 -0.863281
-1 -0.000977 -0.000001
0 0 0 0
0.36377 0.028564
0.889404 0.88623 -0.874512
0.000978 1 -0.000001
0 0 0 0
0.996826 0.028076
-1.719971 0.88623 -0.905518
0.000978 1 -0.000001
0 0 0 0
0.000977 0.002441
-1.719971 0.88623 -0.874512
0.000978 1 -0.000001
0 0 0 0
0.000977 0.028076
0.889404 0.88623 -0.905518
0.000978 1 -0.000001
0 0 0 0
0.996826 0.002441
-1.719971 0.875244 -0.916504
-1 -0.000977 -0.000001
0 0 0 0
0.421875 0.028564
-1.719971 0.875244 -0.863281
-1 -0.000977 -0.000001
0 0 0 0
0.368896 0.028564
-1.719971 0.88623 -0.874512
-1 -0.000977 -0.000001
0 0 0 0
0.379883 0.002197
-1.719971 0.88623 -0.905518
-1 -0.000977 -0.000001
0 0 0 0
0.410889 0.002197
-1.719971 0.875244 -0.863281
0.000978 -1 -0.000001
0 0 0 0
0.000977 0.002441
-1.719971 0.875244 -0.916504
0.000978 -1 -0.000001
0 0 0 0
0.000977 0.028076
0.889404 0.875244 -0.916504
0.000978 -1 -0.000001
0 0 0 0
0.996826 0.028076
0.889404 0.875244 -0.863281
0.000978 -1 -0.000001
0 0 0 0
0.996826 0.002441
-1.719971 0.875244 -0.916504
0.001382 0.001382 -0.999998
0 0 0 0
0.000977 0.002441
-1.719971 0.904541 -0.916504
0.001382 0.001382 -0.999998
0 0 0 0
0.000977 0.028076
0.889404 0.904541 -0.916504
0.001382 0.001382 -0.999998
0 0 0 0
0.996826 0.028076
0.889404 0.875244 -0.916504
0.001382 0.001382 -0.999998
0 0 0 0
0.996826 0.002441
-1.719971 0.904541 -0.916504
-1 0.000978 -0.000001
0 0 0 0
0.458008 0.028564
-1.719971 0.875244 -0.916504
-1 -0.000977 -0.000001
0 0 0 0
0.428711 0.028564
-1.719971 0.88623 -0.905518
-1 -0.000977 -0.000001
0 0 0 0
0.439941 0.002441
-1.719971 0.904541 -0.905518
-1 0.000978 -0.000001
0 0 0 0
0.458008 0.002441
-1.719971 0.88623 -0.905518
0.001382 0.001382 0.999998
0 0 0 0
0.000977 0.028076
0.889404 0.88623 -0.905518
0.001382 0.001382 0.999998
0 0 0 0
0.996826 0.028076
0.889404 0.904541 -0.905518
0.001382 0.001382 0.999998
0 0 0 0
0.996826 0.002441
-1.719971 0.904541 -0.905518
0.001382 0.001382 0.999998
0 0 0 0
0.000977 0.002441
0.889404 0.88623 -0.874512
1 0.000978 -0.000001
0 0 0 0
0.379883 0.002197
0.889404 0.875244 -0.863281
1 0.000978 -0.000001
0 0 0 0
0.368896 0.028564
0.889404 0.875244 -0.916504
1 0.000978 -0.000001
0 0 0 0
0.421875 0.028564
0.889404 0.88623 -0.905518
1 0.000978 -0.000001
0 0 0 0
0.410889 0.002197
0.889404 0.88623 -0.905518
1 0.000978 -0.000001
0 0 0 0
0.439941 0.002441
0.889404 0.875244 -0.916504
1 0.000978 -0.000001
0 0 0 0
0.428711 0.028564
0.889404 0.904541 -0.916504
1 0.000978 -0.000001
0 0 0 0
0.458008 0.028564
0.889404 0.904541 -0.905518
1 0.000978 -0.000001
0 0 0 0
0.458008 0.002441
0.889404 0.904541 -0.916504
0.000978 1 0.000001
0 0 0 0
0.996826 0.002441
-1.719971 0.904541 -0.916504
0.000978 1 0.000001
0 0 0 0
0.000977 0.002441
-1.719971 0.904541 -0.905518
0.000978 1 0.000001
0 0 0 0
0.000977 0.028076
0.889404 0.904541 -0.905518
0.000978 1 0.000001
0 0 0 0
0.996826 0.028076
1.816406 0.369141 -0.316162
0.000978 1 -0.000001
0 0 0 0
0.997803 0.471191
0.922852 0.369141 1.004639
0.000978 1 -0.000001
0 0 0 0
0.744873 0.903564
1.816406 0.369141 1.004639
0.000978 1 -0.000001
0 0 0 0
0.997803 0.903564
0.922852 0.369141 -0.316162
0.000978 1 -0.000001
0 0 0 0
0.744873 0.471191
-1.732178 0.369141 1.004639
0.000978 1 -0.000001
0 0 0 0
0.002686 0.903564
-1.732178 0.369141 -0.316162
0.000978 1 -0.000001
0 0 0 0
0.002686 0.471191
-1.732178 0.181885 -0.316162
-1 0.000978 -0.000001
0 0 0 0
0.533447 0.091064
-1.732178 0.369141 1.004639
-1 0.000978 -0.000001
0 0 0 0
0.904053 0.033447
-1.732178 0.369141 -0.316162
-1 0.000978 -0.000001
0 0 0 0
0.533447 0.033447
-1.732178 0.181885 1.004639
-1 0.000978 -0.000001
0 0 0 0
0.904053 0.091064
0.922852 0.369141 -0.316162
0.000978 1 -0.000001
0 0 0 0
0.744873 0.436523
1.816406 0.369141 -0.316162
0.000978 1 -0.000001
0 0 0 0
0.997803 0.436523
1.816406 0.369141 -0.9729
0.000978 1 -0.000001
0 0 0 0
0.997803 0.252197
0.922852 0.369141 -0.9729
0.000978 1 -0.000001
0 0 0 0
0.744873 0.252197
-1.732178 0.181885 1.004639
0.000978 1 -0.000001
0 0 0 0
0.904053 0.033447
-1.732178 0.181885 -0.316162
0.000978 1 -0.000001
0 0 0 0
0.533447 0.033447
-1.864258 0.181885 -0.316162
0.000978 1 -0.000001
0 0 0 0
0.533447 0.091064
-1.864258 0.181885 1.004639
0.000978 1 -0.000001
0 0 0 0
0.904053 0.091064
-1.730713 0.187744 -0.996582
0.001382 -0.001382 -0.999998
0 0 0 0
0.00293 0.002441
-1.812744 0.187744 -0.996582
0.001382 -0.001382 -0.999998
0 0 0 0
0.00293 0.02832
-1.812744 2.977051 -0.996582
0.001382 -0.001382 -0.999998
0 0 0 0
0.996338 0.02832
-1.730469 2.977051 -0.996582
0.001382 -0.001382 -0.999998
0 0 0 0
0.996338 0.002441
-1.730713 0.187744 -0.996582
1 -0.000977 -0.000001
0 0 0 0
0.996338 0.002441
-1.730469 2.977051 -0.996582
1 -0.000977 -0.000001
0 0 0 0
0.00293 0.002441
-1.730469 2.977051 -0.970459
1 -0.000977 -0.000001
0 0 0 0
0.00293 0.02832
-1.730713 0.187744 -0.970459
1 -0.000977 -0.000001
0 0 0 0
0.996338 0.02832
-1.896729 2.977051 -0.970459
0.001382 0.001382 0.999998
0 0 0 0
0.00293 0.09082
-1.896729 0.187744 -0.970459
0.001382 0.001382 0.999998
0 0 0 0
0.996338 0.09082
-1.730713 0.187744 -0.970459
0.001382 0.001382 0.999998
0 0 0 0
0.996338 0.033447
-1.730469 2.977051 -0.970459
0.001382 0.001382 0.999998
0 0 0 0
0.00293 0.033447
1.732666 0.187744 0.996582
-1 -0.000977 -0.000001
0 0 0 0
0.996338 0.002441
1.732422 2.977051 0.996582
-1 -0.000977 -0.000001
0 0 0 0
0.00293 0.002441
1.732422 2.977051 0.970459
-1 -0.000977 -0.000001
0 0 0 0
0.00293 0.02832
1.732666 0.187744 0.970459
-1 -0.000977 -0.000001
0 0 0 0
0.996338 0.02832
1.732666 0.187744 0.996582
0.001382 -0.001382 0.999998
0 0 0 0
0.996338 0.02832
1.814697 0.187744 0.996582
0.001382 -0.001382 0.999998
0 0 0 0
0.996338 0.002441
1.814697 2.977051 0.996582
0.001382 -0.001382 0.999998
0 0 0 0
0.00293 0.002441
1.732422 2.977051 0.996582
0.001382 -0.001382 0.999998
0 0 0 0
0.00293 0.02832
1.814697 2.977051 0.970459
0.001382 0.001382 -0.999998
0 0 0 0
0.996338 0.002441
1.814697 0.187744 0.970459
0.001382 0.001382 -0.999998
0 0 0 0
0.00293 0.002441
1.732666 0.187744 0.970459
0.001382 0.001382 -0.999998
0 0 0 0
0.00293 0.02832
1.732422 2.977051 0.970459
0.001382 0.001382 -0.999998
0 0 0 0
0.996338 0.02832
1.814697 2.977051 -0.996582
0.001382 -0.001382 -0.999998
0 0 0 0
0.996338 0.002441
1.814697 0.187744 -0.996582
0.001382 -0.001382 -0.999998
0 0 0 0
0.00293 0.002441
1.732666 0.187744 -0.996582
0.001382 -0.001382 -0.999998
0 0 0 0
0.00293 0.02832
1.732422 2.977051 -0.996582
0.001382 -0.001382 -0.999998
0 0 0 0
0.996338 0.02832
1.732666 0.187744 -0.996582
-1 -0.000977 -0.000001
0 0 0 0
0.996338 0.02832
1.732666 0.187744 -0.970459
-1 -0.000977 -0.000001
0 0 0 0
0.996338 0.002441
1.732422 2.977051 -0.970459
-1 -0.000977 -0.000001
0 0 0 0
0.00293 0.002441
1.732422 2.977051 -0.996582
-1 -0.000977 -0.000001
0 0 0 0
0.00293 0.02832
1.814697 2.977051 -0.970459
0.001382 0.001382 0.999998
0 0 0 0
0.00293 0.002441
1.732422 2.977051 -0.970459
0.001382 0.001382 0.999998
0 0 0 0
0.00293 0.02832
1.732666 0.187744 -0.970459
0.001382 0.001382 0.999998
0 0 0 0
0.996338 0.02832
1.814697 0.187744 -0.970459
0.001382 0.001382 0.999998
0 0 0 0
0.996338 0.002441
1.772949 2.977051 1.056396
-1 0.000978 -0.000001
0 0 0 0
0.00293 0.002441
1.772949 2.977051 1.037598
-1 0.000978 -0.000001
0 0 0 0
0.00293 0.02832
1.772949 0.187744 1.037598
-1 0.000978 -0.000001
0 0 0 0
0.996338 0.02832
1.772949 0.187744 1.056396
-1 0.000978 -0.000001
0 0 0 0
0.996338 0.002441
1.814697 2.977051 1.056396
0.001382 0.001382 0.999998
0 0 0 0
0.00293 0.002441
1.772949 2.977051 1.056396
0.001382 0.001382 0.999998
0 0 0 0
0.00293 0.02832
1.772949 0.187744 1.056396
0.001382 0.001382 0.999998
0 0 0 0
0.996338 0.02832
1.814697 0.187744 1.056396
0.001382 0.001382 0.999998
0 0 0 0
0.996338 0.002441
1.814697 0.187744 1.037598
0.001382 0.001382 -0.999998
0 0 0 0
0.00293 0.002441
1.772949 0.187744 1.037598
0.001382 0.001382 -0.999998
0 0 0 0
0.00293 0.02832
1.772949 2.977051 1.037598
0.001382 0.001382 -0.999998
0 0 0 0
0.996338 0.02832
1.814697 2.977051 1.037598
0.001382 0.001382 -0.999998
0 0 0 0
0.996338 0.002441
1.814697 2.977051 -1.056396
0.001382 0.001382 -0.999998
0 0 0 0
0.996338 0.002441
1.814697 0.187744 -1.056396
0.001382 0.001382 -0.999998
0 0 0 0
0.00293 0.002441
1.772949 0.187744 -1.056396
0.001382 0.001382 -0.999998
0 0 0 0
0.00293 0.02832
1.772949 2.977051 -1.056396
0.001382 0.001382 -0.999998
0 0 0 0
0.996338 0.02832
1.772949 2.977051 -1.056396
-1 0.000978 -0.000001
0 0 0 0
0.00293 0.02832
1.772949 0.187744 -1.056396
-1 0.000978 -0.000001
0 0 0 0
0.996338 0.02832
1.772949 0.187744 -1.037598
-1 0.000978 -0.000001
0 0 0 0
0.996338 0.002441
1.772949 2.977051 -1.037598
-1 0.000978 -0.000001
0 0 0 0
0.00293 0.002441
1.814697 0.187744 -1.037598
0.001382 0.001382 0.999998
0 0 0 0
0.996338 0.002441
1.814697 2.977051 -1.037598
0.001382 0.001382 0.999998
0 0 0 0
0.00293 0.002441
1.772949 2.977051 -1.037598
0.001382 0.001382 0.999998
0 0 0 0
0.00293 0.02832
1.772949 0.187744 -1.037598
0.001382 0.001382 0.999998
0 0 0 0
0.996338 0.02832
-1.730713 0.187744 0.996582
1 -0.000977 -0.000001
0 0 0 0
0.996338 0.02832
-1.730713 0.187744 0.970459
1 -0.000977 -0.000001
0 0 0 0
0.996338 0.002441
-1.730469 2.977051 0.970459
1 -0.000977 -0.000001
0 0 0 0
0.00293 0.002441
-1.730469 2.977051 0.996582
1 -0.000977 -0.000001
0 0 0 0
0.00293 0.02832
-1.812744 2.977051 0.996582
0.001382 -0.001382 0.999998
0 0 0 0
0.00293 0.02832
-1.812744 0.187744 0.996582
0.001382 -0.001382 0.999998
0 0 0 0
0.996338 0.02832
-1.730713 0.187744 0.996582
0.001382 -0.001382 0.999998
0 0 0 0
0.996338 0.002441
-1.730469 2.977051 0.996582
0.001382 -0.001382 0.999998
0 0 0 0
0.00293 0.002441
-1.897949 2.977051 0.970459
0.001382 0.001382 -0.999998
0 0 0 0
0.996338 0.09082
-1.730469 2.977051 0.970459
0.001382 0.001382 -0.999998
0 0 0 0
0.996338 0.033447
-1.730713 0.187744 0.970459
0.001382 0.001382 -0.999998
0 0 0 0
0.00293 0.033447
-1.897949 0.187744 0.970459
0.001382 0.001382 -0.999998
0 0 0 0
0.00293 0.09082
-1.812744 2.977051 1.056396
0.001382 0.001382 0.999998
0 0 0 0
0.00293 0.02832
-1.812744 0.187744 1.056396
0.001382 0.001382 0.999998
0 0 0 0
0.996338 0.02832
-1.770996 0.187744 1.056396
0.001382 0.001382 0.999998
0 0 0 0
0.996338 0.002441
-1.770752 2.977051 1.056396
0.001382 0.001382 0.999998
0 0 0 0
0.00293 0.002441
-1.770996 0.187744 1.056396
1 -0.000977 -0.000001
0 0 0 0
0.996338 0.02832
-1.770996 0.187744 1.037598
1 -0.000977 -0.000001
0 0 0 0
0.996338 0.002441
-1.770752 2.977051 1.037598
1 -0.000977 -0.000001
0 0 0 0
0.00293 0.002441
-1.770752 2.977051 1.056396
1 -0.000977 -0.000001
0 0 0 0
0.00293 0.02832
-1.812744 2.977051 1.037598
0.001382 0.001382 -0.999998
0 0 0 0
0.996338 0.02832
-1.770752 2.977051 1.037598
0.001382 0.001382 -0.999998
0 0 0 0
0.996338 0.002441
-1.770996 0.187744 1.037598
0.001382 0.001382 -0.999998
0 0 0 0
0.00293 0.002441
-1.812744 0.187744 1.037598
0.001382 0.001382 -0.999998
0 0 0 0
0.00293 0.02832
-1.770996 0.187744 -1.056396
0.001382 0.001382 -0.999998
0 0 0 0
0.00293 0.002441
-1.812744 0.187744 -1.056396
0.001382 0.001382 -0.999998
0 0 0 0
0.00293 0.02832
-1.812744 2.977051 -1.056396
0.001382 0.001382 -0.999998
0 0 0 0
0.996338 0.02832
-1.770752 2.977051 -1.056396
0.001382 0.001382 -0.999998
0 0 0 0
0.996338 0.002441
-1.770996 0.187744 -1.056396
1 -0.000977 -0.000001
0 0 0 0
0.996338 0.002441
-1.770752 2.977051 -1.056396
1 -0.000977 -0.000001
0 0 0 0
0.00293 0.002441
-1.770752 2.977051 -1.037598
1 -0.000977 -0.000001
0 0 0 0
0.00293 0.02832
-1.770996 0.187744 -1.037598
1 -0.000977 -0.000001
0 0 0 0
0.996338 0.02832
-1.812744 2.977051 -1.037598
0.001382 0.001382 0.999998
0 0 0 0
0.00293 0.02832
-1.812744 0.187744 -1.037598
0.001382 0.001382 0.999998
0 0 0 0
0.996338 0.02832
-1.770996 0.187744 -1.037598
0.001382 0.001382 0.999998
0 0 0 0
0.996338 0.002441
-1.770752 2.977051 -1.037598
0.001382 0.001382 0.999998
0 0 0 0
0.00293 0.002441
1.814697 2.527588 -1.037354
0.001382 0.001382 -0.999998
0 0 0 0
0.997803 1.091309
-1.812744 2.413818 -1.037354
0.001382 0.001382 -0.999998
0 0 0 0
0.003418 1.032715
-1.812744 2.527588 -1.037354
0.001382 0.001382 -0.999998
0 0 0 0
0.003418 1.091309
1.814697 2.413818 -1.037354
0.001382 0.001382 -0.999998
0 0 0 0
0.997803 1.032715
1.814697 2.527588 -1.037354
0.001175 0.896168 -0.443713
0 0 0 0
0.997803 1.002441
-1.812744 2.527588 -1.037354
0.001175 0.896168 -0.443713
0 0 0 0
0.003418 1.002441
-1.812744 2.538818 -1.014404
0.001175 0.896168 -0.443713
0 0 0 0
0.003418 1.028564
1.814697 2.538818 -1.014404
0.001175 0.896168 -0.443713
0 0 0 0
0.997803 1.028564
1.814697 2.592773 -1.014404
0.001382 0.001382 -0.999998
0 0 0 0
0.003418 1.028564
1.814697 2.538818 -1.014404
0.001382 0.001382 -0.999998
0 0 0 0
0.003418 1.002441
-1.812744 2.538818 -1.014404
0.001382 0.001382 -0.999998
0 0 0 0
0.997803 1.002441
-1.812744 2.592773 -1.014404
0.001382 0.001382 -0.999998
0 0 0 0
0.997803 1.028564
1.814697 2.646484 -1.014404
0.001382 0.001382 -0.999998
0 0 0 0
0.997803 1.028564
1.814697 2.592773 -1.014404
0.001382 0.001382 -0.999998
0 0 0 0
0.997803 1.002441
-1.812744 2.592773 -1.014404
0.001382 0.001382 -0.999998
0 0 0 0
0.003418 1.002441
-1.812744 2.646484 -1.014404
0.001382 0.001382 -0.999998
0 0 0 0
0.003418 1.028564
1.814697 2.700439 -1.014404
0.001382 0.001382 -0.999998
0 0 0 0
0.003418 1.002441
1.814697 2.646484 -1.014404
0.001382 0.001382 -0.999998
0 0 0 0
0.003418 1.028564
-1.812744 2.646484 -1.014404
0.001382 0.001382 -0.999998
0 0 0 0
0.997803 1.028564
-1.812744 2.700439 -1.014404
0.001382 0.001382 -0.999998
0 0 0 0
0.997803 1.002441
1.814697 2.754395 -1.014404
0.001382 0.001382 -0.999998
0 0 0 0
0.997803 1.002441
1.814697 2.700439 -1.014404
0.001382 0.001382 -0.999998
0 0 0 0
0.997803 1.028564
-1.812744 2.700439 -1.014404
0.001382 0.001382 -0.999998
0 0 0 0
0.003418 1.028564
-1.812744 2.754395 -1.014404
0.001382 0.001382 -0.999998
0 0 0 0
0.003418 1.002441
1.814697 2.808105 -1.014404
0.001382 0.001382 -0.999998
0 0 0 0
0.003418 1.028564
1.814697 2.754395 -1.014404
0.001382 0.001382 -0.999998
0 0 0 0
0.003418 1.002441
-1.812744 2.754395 -1.014404
0.001382 0.001382 -0.999998
0 0 0 0
0.997803 1.002441
-1.812744 2.808105 -1.014404
0.001382 0.001382 -0.999998
0 0 0 0
0.997803 1.028564
1.814697 2.862061 -1.014404
0.001382 0.001382 -0.999998
0 0 0 0
0.997803 1.028564
1.814697 2.808105 -1.014404
0.001382 0.001382 -0.999998
0 0 0 0
0.997803 1.002441
-1.812744 2.808105 -1.014404
0.001382 0.001382 -0.999998
0 0 0 0
0.003418 1.002441
-1.812744 2.862061 -1.014404
0.001382 0.001382 -0.999998
0 0 0 0
0.003418 1.028564
1.814697 2.916016 -1.014404
0.001382 0.001382 -0.999998
0 0 0 0
0.003418 1.002441
1.814697 2.862061 -1.014404
0.001382 0.001382 -0.999998
0 0 0 0
0.003418 1.028564
-1.812744 2.862061 -1.014404
0.001382 0.001382 -0.999998
0 0 0 0
0.997803 1.028564
-1.812744 2.916016 -1.014404
0.001382 0.001382 -0.999998
0 0 0 0
0.997803 1.002441
1.814697 2.969727 -1.014404
0.001382 0.001382 -0.999998
0 0 0 0
0.997803 1.002441
1.814697 2.916016 -1.014404
0.001382 0.001382 -0.999998
0 0 0 0
0.997803 1.028564
-1.812744 2.916016 -1.014404
0.001382 0.001382 -0.999998
0 0 0 0
0.003418 1.028564
-1.812744 2.969727 -1.014404
0.001382 0.001382 -0.999998
0 0 0 0
0.003418 1.002441
1.814697 3.023682 -1.014404
0.001382 0.001382 -0.999998
0 0 0 0
0.003418 1.028564
1.814697 2.969727 -1.014404
0.001382 0.001382 -0.999998
0 0 0 0
0.003418 1.002441
-1.812744 2.969727 -1.014404
0.001382 0.001382 -0.999998
0 0 0 0
0.997803 1.002441
-1.812744 3.023682 -1.014404
0.001382 0.001382 -0.999998
0 0 0 0
0.997803 1.028564
1.814697 3.077393 -1.014404
0.001382 0.001382 -0.999998
0 0 0 0
0.997803 1.028564
1.814697 3.023682 -1.014404
0.001382 0.001382 -0.999998
0 0 0 0
0.997803 1.002441
-1.812744 3.023682 -1.014404
0.001382 0.001382 -0.999998
0 0 0 0
0.003418 1.002441
-1.812744 3.077393 -1.014404
0.001382 0.001382 -0.999998
0 0 0 0
0.003418 1.028564
-1.812744 2.413818 -1.037354
0.000978 -1 -0.000001
0 0 0 0
0.003418 1.028564
1.814697 2.413818 -1.037354
0.000978 -1 -0.000001
0 0 0 0
0.997803 1.028564
1.814697 2.413818 -0.996582
0.000978 -1 -0.000001
0 0 0 0
0.997803 1.002441
-1.812744 2.413818 -0.996582
0.000978 -1 -0.000001
0 0 0 0
0.003418 1.002441
1.814697 2.413818 -0.996582
0.001382 -0.001382 0.999998
0 0 0 0
0.997803 1.091309
1.814697 2.538818 -0.996338
0.001382 -0.001382 0.999998
0 0 0 0
0.997803 1.032715
-1.812744 2.538818 -0.996338
0.001382 -0.001382 0.999998
0 0 0 0
0.003418 1.032715
-1.812744 2.413818 -0.996582
0.001382 -0.001382 0.999998
0 0 0 0
0.003418 1.091309
1.814697 2.592773 -0.996338
0.001382 0.001382 0.999998
0 0 0 0
0.003418 1.002441
-1.812744 2.592773 -0.996338
0.001382 0.001382 0.999998
0 0 0 0
0.997803 1.002441
-1.812744 2.538818 -0.996338
0.001382 -0.001382 0.999998
0 0 0 0
0.997803 1.028564
1.814697 2.538818 -0.996338
0.001382 -0.001382 0.999998
0 0 0 0
0.003418 1.028564
1.814697 2.646484 -0.996338
0.001382 0.001382 0.999998
0 0 0 0
0.997803 1.002441
-1.812744 2.646484 -0.996338
0.001382 0.001382 0.999998
0 0 0 0
0.003418 1.002441
-1.812744 2.592773 -0.996338
0.001382 0.001382 0.999998
0 0 0 0
0.003418 1.028564
1.814697 2.592773 -0.996338
0.001382 0.001382 0.999998
0 0 0 0
0.997803 1.028564
1.814697 2.700439 -0.996338
0.001382 0.001382 0.999998
0 0 0 0
0.003418 1.028564
-1.812744 2.700439 -0.996338
0.001382 0.001382 0.999998
0 0 0 0
0.997803 1.028564
-1.812744 2.646484 -0.996338
0.001382 0.001382 0.999998
0 0 0 0
0.997803 1.002441
1.814697 2.646484 -0.996338
0.001382 0.001382 0.999998
0 0 0 0
0.003418 1.002441
1.814697 2.754395 -0.996338
0.001382 0.001382 0.999998
0 0 0 0
0.997803 1.028564
-1.812744 2.754395 -0.996338
0.001382 0.001382 0.999998
0 0 0 0
0.003418 1.028564
-1.812744 2.700439 -0.996338
0.001382 0.001382 0.999998
0 0 0 0
0.003418 1.002441
1.814697 2.700439 -0.996338
0.001382 0.001382 0.999998
0 0 0 0
0.997803 1.002441
1.814697 2.808105 -0.996338
0.001382 0.001382 0.999998
0 0 0 0
0.003418 1.002441
-1.812744 2.808105 -0.996338
0.001382 0.001382 0.999998
0 0 0 0
0.997803 1.002441
-1.812744 2.754395 -0.996338
0.001382 0.001382 0.999998
0 0 0 0
0.997803 1.028564
1.814697 2.754395 -0.996338
0.001382 0.001382 0.999998
0 0 0 0
0.003418 1.028564
1.814697 2.862061 -0.996338
0.001382 0.001382 0.999998
0 0 0 0
0.997803 1.002441
-1.812744 2.862061 -0.996338
0.001382 0.001382 0.999998
0 0 0 0
0.003418 1.002441
-1.812744 2.808105 -0.996338
0.001382 0.001382 0.999998
0 0 0 0
0.003418 1.028564
1.814697 2.808105 -0.996338
0.001382 0.001382 0.999998
0 0 0 0
0.997803 1.028564
1.814697 2.916016 -0.996338
0.001382 0.001382 0.999998
0 0 0 0
0.003418 1.028564
-1.812744 2.916016 -0.996338
0.001382 0.001382 0.999998
0 0 0 0
0.997803 1.028564
-1.812744 2.862061 -0.996338
0.001382 0.001382 0.999998
0 0 0 0
0.997803 1.002441
1.814697 2.862061 -0.996338
0.001382 0.001382 0.999998
0 0 0 0
0.003418 1.002441
1.814697 2.969727 -0.996338
0.001382 0.001382 0.999998
0 0 0 0
0.997803 1.028564
-1.812744 2.969727 -0.996338
0.001382 0.001382 0.999998
0 0 0 0
0.003418 1.028564
-1.812744 2.916016 -0.996338
0.001382 0.001382 0.999998
0 0 0 0
0.003418 1.002441
1.814697 2.916016 -0.996338
0.001382 0.001382 0.999998
0 0 0 0
0.997803 1.002441
1.814697 3.023682 -0.996338
0.001382 0.001382 0.999998
0 0 0 0
0.003418 1.002441
-1.812744 3.023682 -0.996338
0.001382 0.001382 0.999998
0 0 0 0
0.997803 1.002441
-1.812744 2.969727 -0.996338
0.001382 0.001382 0.999998
0 0 0 0
0.997803 1.028564
1.814697 2.969727 -0.996338
0.001382 0.001382 0.999998
0 0 0 0
0.003418 1.028564
1.814697 3.077393 -0.996338
0.001382 0.001382 0.999998
0 0 0 0
0.997803 1.002441
-1.812744 3.077393 -0.996338
0.001382 0.001382 0.999998
0 0 0 0
0.003418 1.002441
-1.812744 3.023682 -0.996338
0.001382 0.001382 0.999998
0 0 0 0
0.003418 1.028564
1.814697 3.023682 -0.996338
0.001382 0.001382 0.999998
0 0 0 0
0.997803 1.028564
0.958008 1.854492 -0.92334
0.99202 0.126079 -0.000322
0 0 0 0
0.223633 -0.004883
0.958008 1.854492 -0.953369
0.99202 0.126079 -0.000322
0 0 0 0
0.223633 -0.088623
0.943604 1.854492 -0.953369
-0.99202 0.126079 -0.000322
0 0 0 0
0.245361 -0.088623
0.943604 1.854492 -0.92334
-0.99202 0.126079 -0.000322
0 0 0 0
0.245361 -0.004883
0.943604 1.743164 -0.953369
-0.99202 -0.126079 -0.000322
0 0 0 0
0.245361 -0.004883
0.943604 1.854492 -0.92334
-0.99202 0.126079 -0.000322
0 0 0 0
0.223633 -0.088623
0.943604 1.743164 -0.92334
-0.99202 -0.126079 -0.000322
0 0 0 0
0.223633 -0.004883
0.958008 1.743164 -0.953369
0.99202 -0.126079 -0.000322
0 0 0 0
0.223633 -0.004883
0.943604 1.743164 -0.92334
-0.99202 -0.126079 -0.000322
0 0 0 0
0.245361 -0.088623
0.958008 1.743164 -0.92334
0.99202 -0.126079 -0.000322
0 0 0 0
0.223633 -0.088623
0.958008 1.743164 -0.92334
0.99202 -0.126079 -0.000322
0 0 0 0
0.245361 -0.004883
0.958008 1.854492 -0.92334
0.99202 0.126079 -0.000322
0 0 0 0
0.245361 -0.088623
0.958008 1.341309 -0.92334
0.99202 0.126079 -0.000322
0 0 0 0
0.223633 -0.004883
0.958008 1.341309 -0.953369
0.99202 0.126079 -0.000322
0 0 0 0
0.223633 -0.088623
0.943604 1.341309 -0.953369
-0.99202 0.126079 -0.000322
0 0 0 0
0.245361 -0.088623
0.943604 1.341309 -0.92334
-0.99202 0.126079 -0.000322
0 0 0 0
0.245361 -0.004883
0.943604 1.22998 -0.953369
-0.99202 -0.126079 -0.000322
0 0 0 0
0.245361 -0.004883
0.943604 1.341309 -0.92334
-0.99202 0.126079 -0.000322
0 0 0 0
0.223633 -0.088623
0.943604 1.22998 -0.92334
-0.99202 -0.126079 -0.000322
0 0 0 0
0.223633 -0.004883
0.958008 1.22998 -0.953369
0.99202 -0.126079 -0.000322
0 0 0 0
0.223633 -0.004883
0.943604 1.22998 -0.92334
-0.99202 -0.126079 -0.000322
0 0 0 0
0.245361 -0.088623
0.958008 1.22998 -0.92334
0.99202 -0.126079 -0.000322
0 0 0 0
0.223633 -0.088623
0.958008 1.22998 -0.92334
0.99202 -0.126079 -0.000322
0 0 0 0
0.245361 -0.004883
0.958008 1.341309 -0.92334
0.99202 0.126079 -0.000322
0 0 0 0
0.245361 -0.088623
0.935059 1.950928 -0.966309
-0.999977 0.006842 -0.000047
0 0 0 0
0.395996 0.472412
0.942871 1.127441 -0.952637
-0.500689 0.001335 0.865626
0 0 0 0
0.415527 0.902832
0.942871 1.950928 -0.952637
-0.500686 0.006676 0.865603
0 0 0 0
0.415527 0.472412
0.935059 1.127441 -0.966309
-1 0.000978 -0.000001
0 0 0 0
0.395996 0.902832
0.942871 1.950928 -0.97998
-0.500686 0.006676 -0.865603
0 0 0 0
0.376221 0.472412
0.942871 1.127441 -0.97998
-0.500689 0.001335 -0.865626
0 0 0 0
0.376221 0.902832
0.95874 1.950928 -0.97998
0.500686 0.006676 -0.865603
0 0 0 0
0.356689 0.472412
0.95874 1.127441 -0.97998
0.500689 0.001335 -0.865626
0 0 0 0
0.356689 0.902832
0.966553 1.950928 -0.966309
0.999977 0.006842 -0.000047
0 0 0 0
0.336914 0.472412
0.966553 1.127441 -0.966309
1 0.000978 -0.000001
0 0 0 0
0.336914 0.902832
0.95874 1.950928 -0.952637
0.500686 0.006676 0.865603
0 0 0 0
0.317383 0.472412
0.95874 1.127441 -0.952637
0.500689 0.001335 0.865626
0 0 0 0
0.317383 0.902832
0.942871 1.950928 -0.952637
-0.500686 0.006676 0.865603
0 0 0 0
0.297852 0.472412
0.942871 1.127441 -0.952637
-0.500689 0.001335 0.865626
0 0 0 0
0.297852 0.902832
0.942871 1.127441 -0.97998
0.000978 -1 -0.000001
0 0 0 0
0.10376 0.938721
0.95874 1.127441 -0.97998
0.000978 -1 -0.000001
0 0 0 0
0.115479 0.938721
0.950684 1.127441 -0.966309
0.000978 -1 -0.000001
0 0 0 0
0.109619 0.928711
0.935059 1.127441 -0.966309
0.000978 -1 0.000001
0 0 0 0
0.0979 0.928711
0.942871 1.127441 -0.952637
0.000978 -1 0.000001
0 0 0 0
0.10376 0.918701
0.95874 1.127441 -0.952637
0.000978 -1 -0.000001
0 0 0 0
0.115479 0.918701
0.966553 1.127441 -0.966309
0.000978 -1 -0.000001
0 0 0 0
0.121094 0.928711
0.950684 1.950928 -0.966309
0.000978 1 -0.000001
0 0 0 0
0.109619 0.928711
0.95874 1.950928 -0.97998
0.500686 0.006676 -0.865603
0 0 0 0
0.115479 0.918701
0.942871 1.950928 -0.97998
-0.500686 0.006676 -0.865603
0 0 0 0
0.10376 0.918701
0.935059 1.950928 -0.966309
-0.999977 0.006842 -0.000047
0 0 0 0
0.0979 0.928711
0.942871 1.950928 -0.952637
-0.500686 0.006676 0.865603
0 0 0 0
0.10376 0.938721
0.95874 1.950928 -0.952637
0.500686 0.006676 0.865603
0 0 0 0
0.115479 0.938721
0.966553 1.950928 -0.966309
0.999977 0.006842 -0.000047
0 0 0 0
0.121094 0.928711
-1.982422 0.187744 -0.300293
-1 0.000978 -0.000001
0 0 0 0
0.999023 0.028564
-1.982422 2.536133 -0.251221
-1 0.000978 -0.000001
0 0 0 0
0.003174 0.001953
-1.982422 2.536133 -0.301025
-1 0.000978 -0.000001
0 0 0 0
0.003174 0.028564
-1.982422 0.187256 -0.250488
-1 0.000978 -0.000001
0 0 0 0
0.999268 0.001953
-1.990723 2.536133 -0.251221
0.000978 -1 -0.000001
0 0 0 0
0.490723 0.018066
-1.990723 2.536133 -0.301025
0.000978 -1 -0.000001
0 0 0 0
0.511719 0.018066
-1.982422 2.536133 -0.301025
0.000978 -1 -0.000001
0 0 0 0
0.511719 0.014404
-1.982422 2.536133 -0.251221
0.000978 -1 -0.000001
0 0 0 0
0.490723 0.014404
-1.990723 2.536133 -0.301025
0.001382 -0.001382 -0.999998
0 0 0 0
0.003174 0.018066
-1.982422 2.536133 -0.301025
0.001382 -0.001382 -0.999998
0 0 0 0
0.003174 0.014404
-1.982422 0.187744 -0.300293
0.001382 -0.001382 -0.999998
0 0 0 0
0.999268 0.014404
-1.990723 0.187744 -0.300293
0.001382 -0.001382 -0.999998
0 0 0 0
0.999268 0.018066
-1.990723 0.187744 -0.300293
-1 0.000978 -0.000001
0 0 0 0
0.999023 0.001953
-1.990723 2.536133 -0.251221
-1 0.000978 -0.000001
0 0 0 0
0.003174 0.028564
-1.990723 2.536133 -0.301025
-1 0.000978 -0.000001
0 0 0 0
0.003174 0.001953
-1.990723 0.1875 -0.250488
-1 0.000978 -0.000001
0 0 0 0
0.999268 0.028564
-1.990723 0.187744 -0.300293
0.014718 0.999863 0.00759
0 0 0 0
0.490723 0.018066
-1.990723 0.1875 -0.250488
0.014718 0.999863 0.00759
0 0 0 0
0.511719 0.018066
-1.982422 0.187256 -0.250488
0.014718 0.999863 0.00759
0 0 0 0
0.511719 0.014404
-1.982422 0.187744 -0.300293
0.014718 0.999863 0.00759
0 0 0 0
0.490723 0.014404
-1.990723 0.583496 0.262451
-1 -0.000977 -0.000001
0 0 0 0
0.425293 0.026367
-1.990723 0.621094 -0.250488
-1 -0.000977 -0.000001
0 0 0 0
0.222168 0.003418
-1.990723 0.583496 -0.21167
-1 -0.000977 -0.000001
0 0 0 0
0.237549 0.026367
-1.990723 0.621094 0.775146
-1 -0.000977 -0.000001
0 0 0 0
0.628662 0.003418
-1.990723 0.583496 0.736572
-1 0.000978 -0.000001
0 0 0 0
0.613281 0.026367
-1.990723 0.583496 -0.21167
-1 -0.000977 -0.000001
0 0 0 0
0.496338 0.026367
-1.990723 0.621094 -0.250488
-1 -0.000977 -0.000001
0 0 0 0
0.51123 0.003418
-1.990723 0.1875 -0.250488
-1 0.000978 -0.000001
0 0 0 0
0.339355 0.003418
-1.990723 0.224854 -0.21167
-1 0.000978 -0.000001
0 0 0 0
0.354248 0.026367
-1.990723 0.187256 0.775146
-1 0.000978 -0.000001
0 0 0 0
0.628662 0.003418
-1.990723 0.224854 0.736572
-1 0.000978 -0.000001
0 0 0 0
0.613281 0.026367
-1.990723 0.224854 0.262451
-1 0.000978 -0.000001
0 0 0 0
0.425293 0.026367
-1.990723 0.1875 -0.250488
-1 0.000978 -0.000001
0 0 0 0
0.222168 0.003418
-1.990723 0.224854 -0.21167
-1 0.000978 -0.000001
0 0 0 0
0.237549 0.026367
-1.990723 0.224854 0.736572
-1 0.000978 -0.000001
0 0 0 0
0.354248 0.026367
-1.990723 0.187256 0.775146
-1 0.000978 -0.000001
0 0 0 0
0.339355 0.003418
-1.990723 0.621094 0.775146
-1 -0.000977 -0.000001
0 0 0 0
0.511475 0.003418
-1.990723 0.583496 0.736572
-1 0.000978 -0.000001
0 0 0 0
0.496582 0.026367
-1.880859 0.187256 0.775146
-0.000977 -1 0.000001
0 0 0 0
0.289307 0.033691
-1.990723 0.187256 0.775146
-0.000977 -1 0.000001
0 0 0 0
0.289307 0.091064
-1.990723 0.1875 -0.250488
-0.000977 -1 0.000001
0 0 0 0
0.709717 0.091064
-1.880859 0.187256 -0.250488
-0.000977 -1 0.000001
0 0 0 0
0.709717 0.033691
-1.880859 0.187256 0.775146
0.001382 0.001382 0.999998
0 0 0 0
0.980957 0.033691
-1.990723 0.621094 0.775146
0.001382 0.001382 0.999998
0 0 0 0
0.803223 0.091064
-1.990723 0.187256 0.775146
0.001382 0.001382 0.999998
0 0 0 0
0.980957 0.091064
-1.880859 0.621094 0.775146
0.001382 0.001382 0.999998
0 0 0 0
0.803223 0.033691
-1.990723 2.536133 0.774658
0.001382 0.001382 0.999998
0 0 0 0
0.018311 0.091064
-1.880859 2.536133 0.774658
0.001382 0.001382 0.999998
0 0 0 0
0.018311 0.033691
-1.880859 0.621094 0.775146
1 0.000978 -0.000001
0 0 0 0
0.814209 0.903564
-1.880859 0.187256 0.775146
1 0.000978 -0.000001
0 0 0 0
0.998047 0.903564
-1.880859 0.187256 -0.250488
1 0.000978 -0.000001
0 0 0 0
0.998047 0.471436
-1.880859 0.621094 -0.250732
1 0.000978 -0.000001
0 0 0 0
0.814209 0.471436
-1.880859 2.536133 0.774658
1 0.000978 -0.000001
0 0 0 0
0.003906 0.90332
-1.880859 2.536133 -0.251221
1 0.000978 -0.000001
0 0 0 0
0.003906 0.471191
-1.880859 0.187256 -0.250488
-0.001382 -0.001382 -0.999998
0 0 0 0
0.018311 0.033691
-1.990723 0.1875 -0.250488
-0.001382 -0.001382 -0.999998
0 0 0 0
0.018311 0.091064
-1.982422 0.621094 -0.250732
-0.001382 -0.001382 -0.999998
0 0 0 0
0.196045 0.091064
-1.880859 0.621094 -0.250732
-0.001382 -0.001382 -0.999998
0 0 0 0
0.196045 0.033691
-1.880859 2.536133 -0.251221
0.001382 -0.001382 -0.999998
0 0 0 0
0.980957 0.033691
-1.982422 2.536133 -0.251221
0.001382 -0.001382 -0.999998
0 0 0 0
0.980957 0.091064
-1.982422 2.536133 -0.251221
0.000978 1 -0.000001
0 0 0 0
0.289307 0.091064
-1.990723 2.536133 -0.251221
0.000978 1 -0.000001
0 0 0 0
0.289307 0.091064
-1.990723 2.536133 0.774658
0.000978 1 -0.000001
0 0 0 0
0.709717 0.091064
-1.982422 2.536133 -0.251221
0.000978 1 -0.000001
0 0 0 0
0.289307 0.091064
-1.990723 2.536133 0.774658
0.000978 1 -0.000001
0 0 0 0
0.709717 0.091064
-1.880859 2.536133 0.774658
0.000978 1 -0.000001
0 0 0 0
0.709717 0.033691
-1.880859 2.536133 -0.251221
0.000978 1 -0.000001
0 0 0 0
0.289307 0.033691
-1.96167 0.669434 -0.204346
-1 0.000978 -0.000001
0 0 0 0
0.998047 0.903564
-1.96167 0.669434 0.729004
-1 0.000978 -0.000001
0 0 0 0
0.998047 0.471436
-1.96167 2.488037 0.728516
-1 0.000978 -0.000001
0 0 0 0
0.002686 0.471436
-1.96167 2.488037 -0.204834
-1 0.000978 -0.000001
0 0 0 0
0.002686 0.903564
-1.961182 1.371826 -0.205078
0.000978 1 -0.000001
0 0 0 0
0.996826 0.028076
-1.980469 1.371826 0.729004
0.000978 1 -0.000001
0 0 0 0
0.000977 0.002441
-1.961182 1.371826 0.729004
0.000978 1 -0.000001
0 0 0 0
0.000977 0.028076
-1.980469 1.371826 -0.205078
0.000978 1 -0.000001
0 0 0 0
0.996826 0.002441
-1.987549 1.354492 0.729004
0.001382 -0.001382 0.999998
0 0 0 0
0.421875 0.028564
-1.954102 1.354492 0.729004
-0.001382 -0.001382 0.999998
0 0 0 0
0.368896 0.028564
-1.961182 1.371826 0.729004
-0.001382 -0.001382 0.999998
0 0 0 0
0.379883 0.002197
-1.980469 1.371826 0.729004
0.001382 -0.001382 0.999998
0 0 0 0
0.410889 0.002197
-1.954102 1.354492 0.729004
0.000978 -1 -0.000001
0 0 0 0
0.000977 0.002441
-1.987549 1.354492 0.729004
0.000978 -1 -0.000001
0 0 0 0
0.000977 0.028076
-1.987549 1.354492 -0.205078
0.000978 -1 -0.000001
0 0 0 0
0.996826 0.028076
-1.954102 1.354492 -0.205078
0.000978 -1 -0.000001
0 0 0 0
0.996826 0.002441
-1.987549 1.354492 0.729004
-1 0.000978 -0.000001
0 0 0 0
0.000977 0.002441
-1.987549 1.400635 0.729004
-1 0.000978 -0.000001
0 0 0 0
0.000977 0.028076
-1.987549 1.400635 -0.205078
-1 0.000978 -0.000001
0 0 0 0
0.996826 0.028076
-1.987549 1.354492 -0.205078
-1 0.000978 -0.000001
0 0 0 0
0.996826 0.002441
-1.987549 1.400635 0.729004
0.001382 0.001382 0.999998
0 0 0 0
0.458008 0.028564
-1.987549 1.354492 0.729004
0.001382 -0.001382 0.999998
0 0 0 0
0.428711 0.028564
-1.980469 1.371826 0.729004
0.001382 -0.001382 0.999998
0 0 0 0
0.439941 0.002441
-1.980469 1.400635 0.729004
0.001382 0.001382 0.999998
0 0 0 0
0.458008 0.002441
-1.980469 1.371826 0.729004
1 0.000978 0.000001
0 0 0 0
0.000977 0.028076
-1.980469 1.371826 -0.205078
1 0.000978 0.000001
0 0 0 0
0.996826 0.028076
-1.980469 1.400635 -0.205078
1 0.000978 0.000001
0 0 0 0
0.996826 0.002441
-1.980469 1.400635 0.729004
1 0.000978 0.000001
0 0 0 0
0.000977 0.002441
-1.961182 1.371826 -0.205078
0.001382 0.001382 -0.999998
0 0 0 0
0.379883 0.002197
-1.954102 1.354492 -0.205078
0.001382 0.001382 -0.999998
0 0 0 0
0.368896 0.028564
-1.987549 1.354492 -0.205078
-0.001382 0.001382 -0.999998
0 0 0 0
0.421875 0.028564
-1.980469 1.371826 -0.205078
-0.001382 0.001382 -0.999998
0 0 0 0
0.410889 0.002197
-1.980469 1.371826 -0.205078
-0.001382 0.001382 -0.999998
0 0 0 0
0.439941 0.002441
-1.987549 1.354492 -0.205078
-0.001382 0.001382 -0.999998
0 0 0 0
0.428711 0.028564
-1.987549 1.400635 -0.205078
-0.001382 0.001382 -0.999998
0 0 0 0
0.458008 0.028564
1.740967 0.485352 -1.118652
0.001294 0.658663 -0.752437
0 0 0 0
0.685303 0.003174
0.961914 0.527588 -1.081787
0.001294 0.658663 -0.752437
0 0 0 0
0.104736 0.028076
1.740967 0.527588 -1.081787
0.001294 0.658663 -0.752437
0 0 0 0
0.685303 0.028076
1.740967 0.5271 -1.118652
0.001382 0.001382 -0.999998
0 0 0 0
0.979736 0.028076
0.961914 0.5271 -1.118652
0.001382 0.001382 -0.999998
0 0 0 0
0.39917 0.028076
0.961914 0.569092 -1.118652
0.001382 0.001382 -0.999998
0 0 0 0
0.39917 0.003174
1.740967 0.569092 -1.118652
0.001382 0.001382 -0.999998
0 0 0 0
0.979736 0.003174
0.961914 0.5271 -1.118652
0.000981 -0.999969 0.007804
0 0 0 0
0.104736 0.028076
1.740967 0.5271 -1.118652
0.000981 -0.999969 0.007804
0 0 0 0
0.685303 0.028076
1.740967 0.527588 -1.081787
0.000981 -0.999969 0.007804
0 0 0 0
0.685303 0.003174
0.961914 0.527588 -1.081787
0.000981 -0.999969 0.007804
0 0 0 0
0.104736 0.003174
1.740967 0.569092 -1.118652
0.001294 0.658663 -0.752437
0 0 0 0
0.685303 0.003174
0.961914 0.569092 -1.118652
0.001294 0.658663 -0.752437
0 0 0 0
0.104736 0.003174
0.961914 0.611084 -1.081787
0.001294 0.658663 -0.752437
0 0 0 0
0.104736 0.028076
1.740967 0.611084 -1.081787
0.001294 0.658663 -0.752437
0 0 0 0
0.685303 0.028076
0.961914 0.61084 -1.118652
0.000981 -0.999969 0.007804
0 0 0 0
0.104736 0.028076
1.740967 0.61084 -1.118652
0.000981 -0.999969 0.007804
0 0 0 0
0.685303 0.028076
1.740967 0.611084 -1.081787
0.000981 -0.999969 0.007804
0 0 0 0
0.685303 0.003174
0.961914 0.611084 -1.081787
0.000981 -0.999969 0.007804
0 0 0 0
0.104736 0.003174
0.961914 0.694336 -1.118652
0.000983 -0.999931 0.011695
0 0 0 0
0.104736 0.028076
1.740967 0.694824 -1.081787
0.000983 -0.999931 0.011695
0 0 0 0
0.685303 0.003174
0.961914 0.694824 -1.081787
0.000983 -0.999931 0.011695
0 0 0 0
0.104736 0.003174
1.740967 0.694336 -1.118652
0.000983 -0.999931 0.011695
0 0 0 0
0.685303 0.028076
0.961914 0.694336 -1.118652
1 0.000978 -0.000001
0 0 0 0
0.220459 0.003174
0.961914 0.694824 -1.081787
1 0.000978 -0.000001
0 0 0 0
0.220215 0.028076
0.961914 0.235107 -1.081787
1 0.000978 -0.000001
0 0 0 0
0.562988 0.028076
0.961914 0.234375 -1.118652
1 0.000978 -0.000001
0 0 0 0
0.563232 0.003174
1.740967 0.235107 -1.081787
-1 0.000978 -0.000001
0 0 0 0
0.562988 0.003174
1.740967 0.694824 -1.081787
-1 0.000978 -0.000001
0 0 0 0
0.220215 0.003174
1.740967 0.694336 -1.118652
-1 0.000978 -0.000001
0 0 0 0
0.220459 0.028076
1.740967 0.234375 -1.118652
-1 0.000978 -0.000001
0 0 0 0
0.563232 0.028076
-1.868408 2.537354 -0.256104
-0.000977 1 -0.000001
0 0 0 0
0.997314 0.903564
-1.868408 2.537354 0.999023
-0.000977 1 -0.000001
0 0 0 0
0.997314 0.470947
1.816406 2.537354 0.999023
-0.000977 1 -0.000001
0 0 0 0
0.003418 0.470947
1.816406 2.537354 -0.256104
-0.000977 1 -0.000001
0 0 0 0
0.003418 0.903564
-1.868408 2.537354 -0.256104
-0.001382 0.001382 0.999998
0 0 0 0
0.997314 0.034668
1.816406 2.537354 -0.256104
-0.001382 0.001382 0.999998
0 0 0 0
0.003418 0.034668
1.816406 2.700439 -0.256104
-0.001382 0.001382 0.999998
0 0 0 0
0.003418 0.090576
-1.868408 2.700439 -0.256104
-0.001382 0.001382 0.999998
0 0 0 0
0.997314 0.090576
1.814697 2.697021 -0.970459
0.001382 0.001382 -0.999998
0 0 0 0
0.99707 0.095947
-1.868408 2.697021 -0.970459
0.001382 0.001382 -0.999998
0 0 0 0
0.00415 0.095947
-1.812744 2.977051 -0.970459
0.001382 0.001382 -0.999998
0 0 0 0
0.00415 0.215088
1.814697 2.977051 -0.970459
0.001382 0.001382 -0.999998
0 0 0 0
0.99707 0.215088
-1.868408 2.697021 0.970459
0.000978 -1 -0.000001
0 0 0 0
0.002197 0.471191
-1.868408 2.697021 -0.970459
0.000978 -1 -0.000001
0 0 0 0
0.002197 0.904541
1.814697 2.697021 -0.970459
0.000978 -1 -0.000001
0 0 0 0
0.997314 0.904541
1.814697 2.697021 0.970459
0.000978 -1 -0.000001
0 0 0 0
0.997314 0.471191
1.814697 2.977051 0.970459
0.000978 -1 -0.000001
0 0 0 0
0.870361 0.0271
1.814697 2.977051 0.996582
0.000978 -1 -0.000001
0 0 0 0
0.870361 0.002197
-1.812744 2.977051 0.996582
0.000978 -1 -0.000001
0 0 0 0
0.130127 0.002197
-1.812744 2.977051 0.970459
0.000978 -1 -0.000001
0 0 0 0
0.130127 0.0271
1.814697 2.697021 0.970459
0.001382 -0.001382 0.999998
0 0 0 0
0.99707 0.215088
1.814697 2.977051 0.970459
0.001382 -0.001382 0.999998
0 0 0 0
0.99707 0.095947
-1.812744 2.977051 0.970459
0.001382 -0.001382 0.999998
0 0 0 0
0.00415 0.095947
-1.868408 2.697021 0.970459
0.001382 -0.001382 0.999998
0 0 0 0
0.00415 0.215088
1.814697 2.977051 -0.970459
0.000978 -1 0.000001
0 0 0 0
0.870361 0.002197
-1.812744 2.977051 -0.970459
0.000978 -1 0.000001
0 0 0 0
0.130127 0.002197
-1.812744 2.977051 -0.996582
0.000978 -1 0.000001
0 0 0 0
0.130127 0.0271
1.814697 2.977051 -0.996582
0.000978 -1 0.000001
0 0 0 0
0.870361 0.0271
-1.868408 0.187988 -0.970459
1 0.000978 -0.000001
0 0 0 0
0.637207 0.47168
-1.868408 2.537354 -0.256104
1 -0.000977 -0.000001
0 0 0 0
0.043945 0.630371
-1.868408 0.187988 -0.256104
1 0.000978 -0.000001
0 0 0 0
0.637207 0.630371
-1.868408 2.697021 -0.970459
1 -0.000977 -0.000001
0 0 0 0
0.003662 0.47168
-1.868408 2.697021 0.970459
1 -0.000977 -0.000001
0 0 0 0
0.003662 0.902832
-1.868408 2.537354 0.774658
1 -0.000977 -0.000001
0 0 0 0
0.043945 0.859131
-1.868408 0.187988 0.970459
1 0.000978 -0.000001
0 0 0 0
0.637207 0.902832
-1.868408 0.187988 0.774658
1 0.000978 -0.000001
0 0 0 0
0.637207 0.859131
-1.868408 2.537354 -0.256104
0.002933 -0.999996 0.000009
0 0 0 0
0.685791 0.002197
-1.868408 2.537354 0.774658
0.002933 -0.999996 0.000009
0 0 0 0
0.326416 0.002197
-1.935303 2.537109 0.77417
0.002933 -0.999996 0.000009
0 0 0 0
0.32666 0.0271
-1.935303 2.537109 -0.256592
0.002933 -0.999996 0.000009
0 0 0 0
0.686035 0.0271
-1.868408 0.187988 -0.256104
-0.006912 0.001382 0.999975
0 0 0 0
0.915771 0.002197
-1.868408 2.537354 -0.256104
-0.001382 0.001382 0.999998
0 0 0 0
0.09668 0.002197
-1.935303 2.537109 -0.256592
-0.006912 0.001382 0.999975
0 0 0 0
0.09668 0.0271
-1.935303 0.187744 -0.256592
-0.006912 0.001382 0.999975
0 0 0 0
0.915771 0.0271
-1.935303 2.537109 0.77417
0.006912 0.001382 -0.999975
0 0 0 0
0.915771 0.0271
-1.868408 2.537354 0.774658
0.006912 0.001382 -0.999975
0 0 0 0
0.915771 0.002197
-1.868408 0.187988 0.774658
0.006912 0.001382 -0.999975
0 0 0 0
0.09668 0.002197
-1.935303 0.187744 0.77417
0.004147 0.001382 -0.99999
0 0 0 0
0.09668 0.0271
-1.868408 0.187988 -0.256104
-0.002933 0.999996 -0.000009
0 0 0 0
0.32666 0.002197
-1.935303 0.187744 -0.256592
-0.002933 0.999996 -0.000009
0 0 0 0
0.326416 0.0271
-1.935303 0.187744 0.77417
-0.000977 1 -0.000001
0 0 0 0
0.685791 0.0271
-1.868408 0.187988 0.774658
-0.002933 0.999996 -0.000009
0 0 0 0
0.686035 0.002197
-1.935303 2.977051 -0.256104
-0.001382 0.001382 0.999998
0 0 0 0
0.003906 0.002686
-1.983643 2.977051 -0.256104
-0.001382 0.001382 0.999998
0 0 0 0
0.003906 0.027832
-1.983643 0.187744 -0.256104
-0.001382 0.001382 0.999998
0 0 0 0
0.996338 0.027832
-1.935303 0.187744 -0.256104
-0.001382 0.001382 0.999998
0 0 0 0
0.996338 0.002686
-1.983643 2.977051 -0.256104
-1 0.000978 -0.000001
0 0 0 0
0.003906 0.002686
-1.983643 2.977051 -0.346191
-1 0.000978 -0.000001
0 0 0 0
0.003906 0.027832
-1.983643 0.187744 -0.346191
-1 0.000978 -0.000001
0 0 0 0
0.996338 0.027832
-1.983643 0.187744 -0.256104
-1 0.000978 -0.000001
0 0 0 0
0.996338 0.002686
-1.983643 2.977051 -0.346191
0.001382 0.001382 -0.999998
0 0 0 0
0.996338 0.027832
-1.938232 2.977051 -0.346191
0.001382 0.001382 -0.999998
0 0 0 0
0.996338 0.002686
-1.938232 0.187744 -0.346191
0.001382 0.001382 -0.999998
0 0 0 0
0.003906 0.002686
-1.983643 0.187744 -0.346191
0.001382 0.001382 -0.999998
0 0 0 0
0.003906 0.027832
2.000977 0.199463 0
1 0.000978 -0.000001
0 0 0 0
0.5 0.002686
2.000977 0.170166 -0.77417
1 0.000978 -0.000001
0 0 0 0
0.886963 0.027832
2.000977 0.199463 -0.77417
1 0.000978 -0.000001
0 0 0 0
0.886963 0.002686
2.000977 0.170166 0.77417
1 0.000978 -0.000001
0 0 0 0
0.112793 0.027832
2.000977 0.199463 0.77417
1 0.000978 -0.000001
0 0 0 0
0.112793 0.002686
2.000977 0.985107 0.77417
0.001382 0.001382 -0.999998
0 0 0 0
0.003906 0.002686
1.960938 0.985107 0.77417
0.001382 0.001382 -0.999998
0 0 0 0
0.003906 0.027832
1.960938 2.977051 0.77417
0.001382 0.001382 -0.999998
0 0 0 0
0.996338 0.027832
2.000977 2.977051 0.77417
0.001382 0.001382 -0.999998
0 0 0 0
0.996338 0.002686
2.000977 2.977051 0.77417
0.000978 -1 -0.000001
0 0 0 0
0.112793 0.002686
1.960938 2.977051 0.77417
0.000978 -1 -0.000001
0 0 0 0
0.112793 0.027832
1.960938 2.977051 -0.77417
0.000978 -1 -0.000001
0 0 0 0
0.886963 0.027832
2.000977 2.977051 -0.77417
0.000978 -1 -0.000001
0 0 0 0
0.886963 0.002686
2.000977 2.977051 -0.77417
0.001382 0.001382 0.999998
0 0 0 0
0.003906 0.002686
1.960938 2.977051 -0.77417
0.001382 0.001382 0.999998
0 0 0 0
0.003906 0.027832
1.960938 0.985107 -0.77417
0.001382 0.001382 0.999998
0 0 0 0
0.996338 0.027832
2.000977 0.985107 -0.77417
0.001382 0.001382 0.999998
0 0 0 0
0.996338 0.002686
2.000977 0.985107 0
0.000978 1 -0.000001
0 0 0 0
0.5 0.002686
1.960938 0.985107 0.77417
0.000978 1 -0.000001
0 0 0 0
0.886963 0.027832
2.000977 0.985107 0.77417
0.000978 1 -0.000001
0 0 0 0
0.886963 0.002686
1.960938 0.985107 -0.77417
0.000978 1 -0.000001
0 0 0 0
0.112793 0.027832
2.000977 0.985107 -0.77417
0.000978 1 -0.000001
0 0 0 0
0.112793 0.002686
-1.999023 0.187744 0.77417
-0.001382 0.001382 -0.999998
0 0 0 0
0.003906 0.002686
-1.999023 2.977051 0.77417
-0.001382 0.001382 -0.999998
0 0 0 0
0.996338 0.002686
-1.935303 2.977051 0.77417
-0.001382 0.001382 -0.999998
0 0 0 0
0.996338 0.027832
-1.935303 0.187744 0.77417
0.004147 0.001382 -0.99999
0 0 0 0
0.003906 0.027832
-1.935303 2.977051 0.77417
0.000978 -1 -0.000001
0 0 0 0
0.112793 0.027832
-1.999023 2.977051 0.77417
0.000978 -1 -0.000001
0 0 0 0
0.112793 0.002686
-1.999023 2.977051 -0.77417
0.000978 -1 -0.000001
0 0 0 0
0.886963 0.002686
-1.935303 2.977051 -0.77417
0.000978 -1 -0.000001
0 0 0 0
0.886963 0.027832
-1.999023 2.977051 -0.77417
0.001382 0.001382 0.999998
0 0 0 0
0.003906 0.002686
-1.935303 0.187744 -0.77417
0.001382 0.001382 0.999998
0 0 0 0
0.996338 0.027832
-1.935303 2.977051 -0.77417
0.001382 0.001382 0.999998
0 0 0 0
0.003906 0.027832
-1.999023 0.187744 -0.77417
0.001382 0.001382 0.999998
0 0 0 0
0.996338 0.002686
-1.935303 0.187744 0.77417
-0.000977 1 -0.000001
0 0 0 0
0.886963 0.027832
-1.935303 0.187744 -0.77417
-0.000977 1 -0.000001
0 0 0 0
0.112793 0.027832
-1.999023 0.187744 -0.77417
-0.000977 1 -0.000001
0 0 0 0
0.112793 0.002686
-1.999023 0.187744 0.77417
-0.000977 1 -0.000001
0 0 0 0
0.886963 0.002686
-1.999023 0.170166 -0.77417
-1 -0.000977 -0.000001
0 0 0 0
0.886963 0.027832
-1.999023 0.187744 0.77417
-1 -0.000977 -0.000001
0 0 0 0
0.112793 0.002686
-1.999023 0.187744 -0.77417
-1 -0.000977 -0.000001
0 0 0 0
0.886963 0.002686
-1.999023 0.170166 0.77417
-1 -0.000977 -0.000001
0 0 0 0
0.112793 0.027832
-1.999023 3.115723 1.118652
-1 0.000978 -0.000001
0 0 0 0
1.245605 -0.089844
-1.999023 3.115723 1.094971
-1 0.000978 -0.000001
0 0 0 0
1.2229 -0.089844
-1.999023 3.046387 1.094971
-1 0.000978 -0.000001
0 0 0 0
1.2229 -0.046875
-1.999023 3.046387 1.118652
-1 0.000978 -0.000001
0 0 0 0
1.245605 -0.046875
-1.999023 2.977051 1.118652
-1 0.000978 -0.000001
0 0 0 0
1.245605 -0.00415
-1.999023 2.977051 1.094971
-1 0.000978 -0.000001
0 0 0 0
1.2229 -0.00415
-1.999023 3.046387 1.094971
-1 0.000978 -0.000001
0 0 0 0
1.031494 0.214111
-1.999023 3.115723 1.094971
-1 0.000978 -0.000001
0 0 0 0
1.004639 0.214111
-1.999023 3.115723 0.796875
-1 0.000978 -0.000001
0 0 0 0
1.004639 0.097168
-1.999023 3.046387 0.796875
-1 0.000978 -0.000001
0 0 0 0
1.031494 0.097168
-1.999023 2.977051 1.118652
-1 0.000978 -0.000001
0 0 0 0
0.996338 0.027832
-1.999023 2.977051 1.094971
-1 0.000978 -0.000001
0 0 0 0
0.996338 0.002686
-1.999023 0.170166 1.094971
-1 0.000978 -0.000001
0 0 0 0
0.003906 0.002686
-1.999023 0.170166 1.118652
-1 0.000978 -0.000001
0 0 0 0
0.003906 0.027832
-1.999023 0.170166 1.094971
-1 0.000978 -0.000001
0 0 0 0
0.003906 0.214111
-1.999023 2.977051 1.094971
-1 0.000978 -0.000001
0 0 0 0
0.996338 0.214111
-1.999023 2.977051 0.796875
-1 0.000978 -0.000001
0 0 0 0
0.996338 0.097168
-1.999023 0.170166 0.796875
-1 0.000978 -0.000001
0 0 0 0
0.003906 0.097168
-1.999023 0.170166 0.796875
-1 0.000978 -0.000001
0 0 0 0
0.003906 0.027832
-1.999023 2.977051 0.796875
-1 0.000978 -0.000001
0 0 0 0
0.996338 0.027832
-1.999023 2.977051 0.77417
-1 0.000978 -0.000001
0 0 0 0
0.996338 0.002686
-1.999023 0.170166 0.77417
-1 -0.000977 -0.000001
0 0 0 0
0.003906 0.002686
-1.999023 2.977051 0.77417
-1 0.000978 -0.000001
0 0 0 0
0.112793 0.090576
-1.999023 3.115723 0.77417
-1 0.000978 -0.000001
0 0 0 0
0.112793 0.033691
-1.999023 3.115723 -0.77417
-1 0.000978 -0.000001
0 0 0 0
0.886963 0.033691
-1.999023 2.977051 -0.77417
-1 0.000978 -0.000001
0 0 0 0
0.886963 0.090576
-1.999023 3.046387 0.796875
-1 0.000978 -0.000001
0 0 0 0
1.245605 -0.046875
-1.999023 2.977051 0.77417
-1 0.000978 -0.000001
0 0 0 0
1.2229 -0.00415
-1.999023 2.977051 0.796875
-1 0.000978 -0.000001
0 0 0 0
1.245605 -0.00415
-1.999023 3.115723 0.77417
-1 0.000978 -0.000001
0 0 0 0
1.2229 -0.089844
-1.999023 3.115723 0.796875
-1 0.000978 -0.000001
0 0 0 0
1.245605 -0.089844
-1.999023 2.977051 1.094971
-1 0.000978 -0.000001
0 0 0 0
1.004639 0.214111
-1.999023 3.046387 0.796875
-1 0.000978 -0.000001
0 0 0 0
1.031494 0.097168
-1.999023 2.977051 0.796875
-1 0.000978 -0.000001
0 0 0 0
1.004639 0.097168
-1.999023 3.046387 1.094971
-1 0.000978 -0.000001
0 0 0 0
1.031494 0.214111
-1.812744 3.046387 1.118652
0.001382 0.001382 0.999998
0 0 0 0
-0.031006 0.214111
-1.812744 3.115723 1.118652
0.001382 0.001382 0.999998
0 0 0 0
-0.00415 0.214111
-1.999023 3.115723 1.118652
0.001382 0.001382 0.999998
0 0 0 0
-0.00415 0.097168
-1.999023 3.046387 1.118652
0.001382 0.001382 0.999998
0 0 0 0
-0.031006 0.097168
-1.812744 2.977051 1.118652
0.001382 0.001382 0.999998
0 0 0 0
-0.00415 0.214111
-1.812744 3.046387 1.118652
0.001382 0.001382 0.999998
0 0 0 0
-0.031006 0.214111
-1.999023 3.046387 1.118652
0.001382 0.001382 0.999998
0 0 0 0
-0.031006 0.097168
-1.999023 2.977051 1.118652
0.001382 0.001382 0.999998
0 0 0 0
-0.00415 0.097168
-1.812744 0.170166 1.118652
0.001382 0.001382 0.999998
0 0 0 0
0.996338 0.214111
-1.812744 2.977051 1.118652
0.001382 0.001382 0.999998
0 0 0 0
0.003906 0.214111
-1.999023 2.977051 1.118652
0.001382 0.001382 0.999998
0 0 0 0
0.003906 0.097168
-1.999023 0.170166 1.118652
0.001382 0.001382 0.999998
0 0 0 0
0.996338 0.097168
-1.812744 2.977051 0.996582
0.000978 -1 -0.000001
0 0 0 0
0.003906 0.027832
1.814697 2.977051 0.996582
0.000978 -1 -0.000001
0 0 0 0
0.996338 0.027832
1.814697 2.977051 1.021484
0.000978 -1 -0.000001
0 0 0 0
0.996338 0.002686
-1.812744 2.977051 1.021484
0.000978 -1 -0.000001
0 0 0 0
0.003906 0.002686
-1.812744 0.170166 0.996582
1 0.000978 -0.000001
0 0 0 0
0.003906 0.027832
-1.812744 2.977051 0.996582
1 0.000978 -0.000001
0 0 0 0
0.996338 0.027832
-1.812744 2.977051 1.021484
1 0.000978 -0.000001
0 0 0 0
0.996338 0.002686
-1.812744 0.170166 1.021484
1 0.000978 -0.000001
0 0 0 0
0.003906 0.002686
-1.812744 2.977051 1.021484
0.000978 -1 -0.000001
0 0 0 0
0.003906 0.090332
1.814697 2.977051 1.021484
0.000978 -1 -0.000001
0 0 0 0
0.996338 0.090332
1.814697 2.977051 1.09375
0.000978 -1 -0.000001
0 0 0 0
0.996338 0.033691
-1.812744 2.977051 1.09375
0.000978 -1 -0.000001
0 0 0 0
0.003906 0.033691
-1.812744 0.170166 1.021484
1 0.000978 -0.000001
0 0 0 0
0.003906 0.090332
-1.812744 2.977051 1.021484
1 0.000978 -0.000001
0 0 0 0
0.996338 0.090332
-1.812744 2.977051 1.09375
1 0.000978 -0.000001
0 0 0 0
0.996338 0.033691
-1.812744 0.170166 1.09375
1 0.000978 -0.000001
0 0 0 0
0.003906 0.033691
-1.812744 2.977051 1.09375
0.000978 -1 -0.000001
0 0 0 0
0.003906 0.027832
1.814697 2.977051 1.09375
0.000978 -1 -0.000001
0 0 0 0
0.996338 0.027832
1.814697 2.977051 1.118652
0.000978 -1 -0.000001
0 0 0 0
0.996338 0.002686
-1.812744 2.977051 1.118652
0.000978 -1 -0.000001
0 0 0 0
0.003906 0.002686
-1.812744 0.170166 1.09375
1 0.000978 -0.000001
0 0 0 0
0.003906 0.027832
-1.812744 2.977051 1.09375
1 0.000978 -0.000001
0 0 0 0
0.996338 0.027832
-1.812744 2.977051 1.118652
1 0.000978 -0.000001
0 0 0 0
0.996338 0.002686
-1.812744 0.170166 1.118652
1 0.000978 -0.000001
0 0 0 0
0.003906 0.002686
-1.812744 3.115723 1.118652
0.001382 0.001382 0.999998
0 0 0 0
0.003906 0.033691
1.814697 3.046387 1.118652
0.001382 0.001382 0.999998
0 0 0 0
0.996338 0.062256
1.814697 3.115723 1.118652
0.001382 0.001382 0.999998
0 0 0 0
0.996338 0.033691
-1.812744 3.046387 1.118652
0.001382 0.001382 0.999998
0 0 0 0
0.003906 0.062256
1.814697 2.977051 1.118652
0.001382 0.001382 0.999998
0 0 0 0
0.996338 0.090576
-1.812744 2.977051 1.118652
0.001382 0.001382 0.999998
0 0 0 0
0.003906 0.090576
2.000977 3.115723 1.118652
1 0.000978 -0.000001
0 0 0 0
1.245605 -0.089844
2.000977 3.046387 1.094971
1 0.000978 -0.000001
0 0 0 0
1.2229 -0.046875
2.000977 3.115723 1.094971
1 0.000978 -0.000001
0 0 0 0
1.2229 -0.089844
2.000977 3.046387 1.118652
1 0.000978 -0.000001
0 0 0 0
1.245605 -0.046875
2.000977 2.977051 1.118652
1 0.000978 -0.000001
0 0 0 0
1.245605 -0.00415
2.000977 2.977051 1.094971
1 0.000978 -0.000001
0 0 0 0
1.2229 -0.00415
2.000977 3.046387 1.094971
1 0.000978 -0.000001
0 0 0 0
1.031494 0.214111
2.000977 3.115723 0.796875
1 0.000978 -0.000001
0 0 0 0
1.004639 0.097168
2.000977 3.115723 1.094971
1 0.000978 -0.000001
0 0 0 0
1.004639 0.214111
2.000977 3.046387 0.796875
1 0.000978 -0.000001
0 0 0 0
1.031494 0.097168
2.000977 2.977051 1.118652
1 0.000978 -0.000001
0 0 0 0
0.996338 0.027832
2.000977 0.170166 1.118652
1 0.000978 -0.000001
0 0 0 0
0.003906 0.027832
2.000977 0.170166 1.094971
1 0.000978 -0.000001
0 0 0 0
0.003906 0.002686
2.000977 2.977051 1.094971
1 0.000978 -0.000001
0 0 0 0
0.996338 0.002686
2.000977 0.170166 1.094971
1 0.000978 -0.000001
0 0 0 0
0.003906 0.214111
2.000977 0.170166 0.796875
1 0.000978 -0.000001
0 0 0 0
0.003906 0.097168
2.000977 2.977051 0.796875
1 0.000978 -0.000001
0 0 0 0
0.996338 0.097168
2.000977 2.977051 1.094971
1 0.000978 -0.000001
0 0 0 0
0.996338 0.214111
2.000977 0.170166 0.796875
1 0.000978 -0.000001
0 0 0 0
0.003906 0.027832
2.000977 0.170166 0.77417
1 0.000978 -0.000001
0 0 0 0
0.003906 0.002686
2.000977 2.977051 0.77417
1 0.000978 -0.000001
0 0 0 0
0.996338 0.002686
2.000977 2.977051 0.796875
1 0.000978 -0.000001
0 0 0 0
0.996338 0.027832
2.000977 2.977051 0.77417
1 0.000978 -0.000001
0 0 0 0
0.112793 0.090576
2.000977 2.977051 -0.77417
1 0.000978 -0.000001
0 0 0 0
0.886963 0.090576
2.000977 3.115723 -0.77417
1 0.000978 -0.000001
0 0 0 0
0.886963 0.033691
2.000977 3.115723 0.77417
1 0.000978 -0.000001
0 0 0 0
0.112793 0.033691
2.000977 3.046387 0.796875
1 0.000978 -0.000001
0 0 0 0
1.245605 -0.046875
2.000977 2.977051 0.796875
1 0.000978 -0.000001
0 0 0 0
1.245605 -0.00415
2.000977 2.977051 0.77417
1 0.000978 -0.000001
0 0 0 0
1.2229 -0.00415
2.000977 3.115723 0.77417
1 0.000978 -0.000001
0 0 0 0
1.2229 -0.089844
2.000977 3.115723 0.796875
1 0.000978 -0.000001
0 0 0 0
1.245605 -0.089844
2.000977 2.977051 1.094971
1 0.000978 -0.000001
0 0 0 0
1.004639 0.214111
2.000977 2.977051 0.796875
1 0.000978 -0.000001
0 0 0 0
1.004639 0.097168
2.000977 3.046387 0.796875
1 0.000978 -0.000001
0 0 0 0
1.031494 0.097168
2.000977 3.046387 1.094971
1 0.000978 -0.000001
0 0 0 0
1.031494 0.214111
1.814697 3.046387 1.118652
0.001382 0.001382 0.999998
0 0 0 0
-0.031006 0.214111
2.000977 3.046387 1.118652
0.001382 0.001382 0.999998
0 0 0 0
-0.031006 0.097168
2.000977 3.115723 1.118652
0.001382 0.001382 0.999998
0 0 0 0
-0.00415 0.097168
1.814697 3.115723 1.118652
0.001382 0.001382 0.999998
0 0 0 0
-0.00415 0.214111
1.814697 0.170166 1.118652
0.001382 0.001382 0.999998
0 0 0 0
0.996338 0.214111
2.000977 0.170166 1.118652
0.001382 0.001382 0.999998
0 0 0 0
0.996338 0.097168
2.000977 2.977051 1.118652
0.001382 0.001382 0.999998
0 0 0 0
0.003906 0.097168
1.814697 2.977051 1.118652
0.001382 0.001382 0.999998
0 0 0 0
0.003906 0.214111
1.814697 2.977051 1.118652
0.001382 0.001382 0.999998
0 0 0 0
-0.00415 0.214111
2.000977 2.977051 1.118652
0.001382 0.001382 0.999998
0 0 0 0
-0.00415 0.097168
2.000977 3.046387 1.118652
0.001382 0.001382 0.999998
0 0 0 0
-0.031006 0.097168
1.814697 3.046387 1.118652
0.001382 0.001382 0.999998
0 0 0 0
-0.031006 0.214111
1.814697 2.977051 1.021484
-1 0.000978 -0.000001
0 0 0 0
0.996338 0.002686
1.814697 2.977051 0.996582
-1 0.000978 -0.000001
0 0 0 0
0.996338 0.027832
1.814697 0.170166 0.996582
-1 0.000978 -0.000001
0 0 0 0
0.003906 0.027832
1.814697 0.170166 1.021484
-1 0.000978 -0.000001
0 0 0 0
0.003906 0.002686
1.814697 2.977051 1.09375
-1 0.000978 -0.000001
0 0 0 0
0.996338 0.033691
1.814697 2.977051 1.021484
-1 0.000978 -0.000001
0 0 0 0
0.996338 0.090332
1.814697 0.170166 1.021484
-1 0.000978 -0.000001
0 0 0 0
0.003906 0.090332
1.814697 0.170166 1.09375
-1 0.000978 -0.000001
0 0 0 0
0.003906 0.033691
1.814697 2.977051 1.118652
-1 0.000978 -0.000001
0 0 0 0
0.996338 0.002686
1.814697 2.977051 1.09375
-1 0.000978 -0.000001
0 0 0 0
0.996338 0.027832
1.814697 0.170166 1.09375
-1 0.000978 -0.000001
0 0 0 0
0.003906 0.027832
1.814697 0.170166 1.118652
-1 0.000978 -0.000001
0 0 0 0
0.003906 0.002686
-1.999023 3.115723 -1.118652
-1 0.000978 -0.000001
0 0 0 0
1.245605 -0.089844
-1.999023 3.046387 -1.094971
-1 0.000978 -0.000001
0 0 0 0
1.2229 -0.046875
-1.999023 3.115723 -1.094971
-1 0.000978 -0.000001
0 0 0 0
1.2229 -0.089844
-1.999023 3.046387 -1.118652
-1 0.000978 -0.000001
0 0 0 0
1.245605 -0.046875
-1.999023 2.977051 -1.118652
-1 0.000978 -0.000001
0 0 0 0
1.245605 -0.00415
-1.999023 2.977051 -1.094971
-1 0.000978 -0.000001
0 0 0 0
1.2229 -0.00415
-1.999023 3.046387 -1.094971
-1 0.000978 -0.000001
0 0 0 0
1.031494 0.214111
-1.999023 3.115723 -0.796875
-1 0.000978 -0.000001
0 0 0 0
1.004639 0.097168
-1.999023 3.115723 -1.094971
-1 0.000978 -0.000001
0 0 0 0
1.004639 0.214111
-1.999023 3.046387 -0.796875
-1 0.000978 -0.000001
0 0 0 0
1.031494 0.097168
-1.999023 2.977051 -1.118652
-1 0.000978 -0.000001
0 0 0 0
0.996338 0.027832
-1.999023 0.170166 -1.118652
-1 0.000978 -0.000001
0 0 0 0
0.003906 0.027832
-1.999023 0.170166 -1.094971
-1 0.000978 -0.000001
0 0 0 0
0.003906 0.002686
-1.999023 2.977051 -1.094971
-1 0.000978 -0.000001
0 0 0 0
0.996338 0.002686
-1.999023 0.170166 -1.094971
-1 0.000978 -0.000001
0 0 0 0
0.003906 0.214111
-1.999023 0.170166 -0.796875
-1 0.000978 -0.000001
0 0 0 0
0.003906 0.097168
-1.999023 2.977051 -0.796875
-1 0.000978 -0.000001
0 0 0 0
0.996338 0.097168
-1.999023 2.977051 -1.094971
-1 0.000978 -0.000001
0 0 0 0
0.996338 0.214111
-1.999023 0.170166 -0.796875
-1 0.000978 -0.000001
0 0 0 0
0.003906 0.027832
-1.999023 0.170166 -0.77417
-1 -0.000977 -0.000001
0 0 0 0
0.003906 0.002686
-1.999023 2.977051 -0.77417
-1 0.000978 -0.000001
0 0 0 0
0.996338 0.002686
-1.999023 2.977051 -0.796875
-1 0.000978 -0.000001
0 0 0 0
0.996338 0.027832
-1.999023 3.046387 -0.796875
-1 0.000978 -0.000001
0 0 0 0
1.245605 -0.046875
-1.999023 2.977051 -0.796875
-1 0.000978 -0.000001
0 0 0 0
1.245605 -0.00415
-1.999023 2.977051 -0.77417
-1 0.000978 -0.000001
0 0 0 0
1.2229 -0.00415
-1.999023 3.115723 -0.77417
-1 0.000978 -0.000001
0 0 0 0
1.2229 -0.089844
-1.999023 3.115723 -0.796875
-1 0.000978 -0.000001
0 0 0 0
1.245605 -0.089844
-1.999023 2.977051 -1.094971
-1 0.000978 -0.000001
0 0 0 0
1.004639 0.214111
-1.999023 2.977051 -0.796875
-1 0.000978 -0.000001
0 0 0 0
1.004639 0.097168
-1.999023 3.046387 -0.796875
-1 0.000978 -0.000001
0 0 0 0
1.031494 0.097168
-1.999023 3.046387 -1.094971
-1 0.000978 -0.000001
0 0 0 0
1.031494 0.214111
-1.812744 3.046387 -1.118652
0.001382 0.001382 -0.999998
0 0 0 0
-0.031006 0.214111
-1.999023 3.046387 -1.118652
0.001382 0.001382 -0.999998
0 0 0 0
-0.031006 0.097168
-1.999023 3.115723 -1.118652
0.001382 0.001382 -0.999998
0 0 0 0
-0.00415 0.097168
-1.812744 3.115723 -1.118652
0.001382 0.001382 -0.999998
0 0 0 0
-0.00415 0.214111
-1.812744 0.170166 -1.118652
0.001382 0.001382 -0.999998
0 0 0 0
0.996338 0.214111
-1.999023 0.170166 -1.118652
0.001382 0.001382 -0.999998
0 0 0 0
0.996338 0.097168
-1.999023 2.977051 -1.118652
0.001382 0.001382 -0.999998
0 0 0 0
0.003906 0.097168
-1.812744 2.977051 -1.118652
0.001382 0.001382 -0.999998
0 0 0 0
0.003906 0.214111
-1.812744 2.977051 -1.118652
0.001382 0.001382 -0.999998
0 0 0 0
-0.00415 0.214111
-1.999023 2.977051 -1.118652
0.001382 0.001382 -0.999998
0 0 0 0
-0.00415 0.097168
-1.999023 3.046387 -1.118652
0.001382 0.001382 -0.999998
0 0 0 0
-0.031006 0.097168
-1.812744 3.046387 -1.118652
0.001382 0.001382 -0.999998
0 0 0 0
-0.031006 0.214111
1.814697 2.977051 -1.021484
0.000978 -1 -0.000001
0 0 0 0
0.996338 0.002686
1.814697 2.977051 -0.996582
0.000978 -1 0.000001
0 0 0 0
0.996338 0.027832
-1.812744 2.977051 -0.996582
0.000978 -1 0.000001
0 0 0 0
0.003906 0.027832
-1.812744 2.977051 -1.021484
0.000978 -1 -0.000001
0 0 0 0
0.003906 0.002686
-1.812744 2.977051 -1.021484
1 0.000978 -0.000001
0 0 0 0
0.996338 0.002686
-1.812744 2.977051 -0.996582
1 0.000978 -0.000001
0 0 0 0
0.996338 0.027832
-1.812744 0.170166 -0.996582
1 0.000978 -0.000001
0 0 0 0
0.003906 0.027832
-1.812744 0.170166 -1.021484
1 0.000978 -0.000001
0 0 0 0
0.003906 0.002686
1.814697 2.977051 -1.09375
0.000978 -1 -0.000001
0 0 0 0
0.996338 0.033691
1.814697 2.977051 -1.021484
0.000978 -1 -0.000001
0 0 0 0
0.996338 0.090332
-1.812744 2.977051 -1.021484
0.000978 -1 -0.000001
0 0 0 0
0.003906 0.090332
-1.812744 2.977051 -1.09375
0.000978 -1 -0.000001
0 0 0 0
0.003906 0.033691
-1.812744 2.977051 -1.09375
1 0.000978 -0.000001
0 0 0 0
0.996338 0.033691
-1.812744 2.977051 -1.021484
1 0.000978 -0.000001
0 0 0 0
0.996338 0.090332
-1.812744 0.170166 -1.021484
1 0.000978 -0.000001
0 0 0 0
0.003906 0.090332
-1.812744 0.170166 -1.09375
1 0.000978 -0.000001
0 0 0 0
0.003906 0.033691
1.814697 2.977051 -1.118652
0.000978 -1 -0.000001
0 0 0 0
0.996338 0.002686
1.814697 2.977051 -1.09375
0.000978 -1 -0.000001
0 0 0 0
0.996338 0.027832
-1.812744 2.977051 -1.09375
0.000978 -1 -0.000001
0 0 0 0
0.003906 0.027832
-1.812744 2.977051 -1.118652
0.000978 -1 -0.000001
0 0 0 0
0.003906 0.002686
-1.812744 2.977051 -1.118652
1 0.000978 -0.000001
0 0 0 0
0.996338 0.002686
-1.812744 2.977051 -1.09375
1 0.000978 -0.000001
0 0 0 0
0.996338 0.027832
-1.812744 0.170166 -1.09375
1 0.000978 -0.000001
0 0 0 0
0.003906 0.027832
-1.812744 0.170166 -1.118652
1 0.000978 -0.000001
0 0 0 0
0.003906 0.002686
-1.812744 3.115723 -1.118652
0.001382 0.001382 -0.999998
0 0 0 0
0.003906 0.033691
1.814697 3.115723 -1.118652
0.001382 0.001382 -0.999998
0 0 0 0
0.996338 0.033691
1.814697 3.046387 -1.118652
0.001382 0.001382 -0.999998
0 0 0 0
0.996338 0.062256
-1.812744 3.046387 -1.118652
0.001382 0.001382 -0.999998
0 0 0 0
0.003906 0.062256
1.814697 2.977051 -1.118652
0.001382 0.001382 -0.999998
0 0 0 0
0.996338 0.090576
-1.812744 2.977051 -1.118652
0.001382 0.001382 -0.999998
0 0 0 0
0.003906 0.090576
2.000977 3.115723 -1.118652
1 0.000978 -0.000001
0 0 0 0
1.245605 -0.089844
2.000977 3.115723 -1.094971
1 0.000978 -0.000001
0 0 0 0
1.2229 -0.089844
2.000977 3.046387 -1.094971
1 0.000978 -0.000001
0 0 0 0
1.2229 -0.046875
2.000977 3.046387 -1.118652
1 0.000978 -0.000001
0 0 0 0
1.245605 -0.046875
2.000977 2.977051 -1.118652
1 0.000978 -0.000001
0 0 0 0
1.245605 -0.00415
2.000977 2.977051 -1.094971
1 0.000978 -0.000001
0 0 0 0
1.2229 -0.00415
2.000977 3.046387 -1.094971
1 0.000978 -0.000001
0 0 0 0
1.031494 0.214111
2.000977 3.115723 -1.094971
1 0.000978 -0.000001
0 0 0 0
1.004639 0.214111
2.000977 3.115723 -0.796875
1 0.000978 -0.000001
0 0 0 0
1.004639 0.097168
2.000977 3.046387 -0.796875
1 0.000978 -0.000001
0 0 0 0
1.031494 0.097168
2.000977 2.977051 -1.118652
1 0.000978 -0.000001
0 0 0 0
0.996338 0.027832
2.000977 2.977051 -1.094971
1 0.000978 -0.000001
0 0 0 0
0.996338 0.002686
2.000977 0.170166 -1.094971
1 0.000978 -0.000001
0 0 0 0
0.003906 0.002686
2.000977 0.170166 -1.118652
1 0.000978 -0.000001
0 0 0 0
0.003906 0.027832
2.000977 0.170166 -1.094971
1 0.000978 -0.000001
0 0 0 0
0.003906 0.214111
2.000977 2.977051 -1.094971
1 0.000978 -0.000001
0 0 0 0
0.996338 0.214111
2.000977 2.977051 -0.796875
1 0.000978 -0.000001
0 0 0 0
0.996338 0.097168
2.000977 0.170166 -0.796875
1 0.000978 -0.000001
0 0 0 0
0.003906 0.097168
2.000977 0.170166 -0.796875
1 0.000978 -0.000001
0 0 0 0
0.003906 0.027832
2.000977 2.977051 -0.796875
1 0.000978 -0.000001
0 0 0 0
0.996338 0.027832
2.000977 2.977051 -0.77417
1 0.000978 -0.000001
0 0 0 0
0.996338 0.002686
2.000977 0.170166 -0.77417
1 0.000978 -0.000001
0 0 0 0
0.003906 0.002686
2.000977 3.046387 -0.796875
1 0.000978 -0.000001
0 0 0 0
1.245605 -0.046875
2.000977 2.977051 -0.77417
1 0.000978 -0.000001
0 0 0 0
1.2229 -0.00415
2.000977 2.977051 -0.796875
1 0.000978 -0.000001
0 0 0 0
1.245605 -0.00415
2.000977 3.115723 -0.77417
1 0.000978 -0.000001
0 0 0 0
1.2229 -0.089844
2.000977 3.115723 -0.796875
1 0.000978 -0.000001
0 0 0 0
1.245605 -0.089844
2.000977 2.977051 -1.094971
1 0.000978 -0.000001
0 0 0 0
1.004639 0.214111
2.000977 3.046387 -0.796875
1 0.000978 -0.000001
0 0 0 0
1.031494 0.097168
2.000977 2.977051 -0.796875
1 0.000978 -0.000001
0 0 0 0
1.004639 0.097168
2.000977 3.046387 -1.094971
1 0.000978 -0.000001
0 0 0 0
1.031494 0.214111
1.814697 3.046387 -1.118652
0.001382 0.001382 -0.999998
0 0 0 0
-0.031006 0.214111
1.814697 3.115723 -1.118652
0.001382 0.001382 -0.999998
0 0 0 0
-0.00415 0.214111
2.000977 3.115723 -1.118652
0.001382 0.001382 -0.999998
0 0 0 0
-0.00415 0.097168
2.000977 3.046387 -1.118652
0.001382 0.001382 -0.999998
0 0 0 0
-0.031006 0.097168
1.814697 2.977051 -1.118652
0.001382 0.001382 -0.999998
0 0 0 0
-0.00415 0.214111
1.814697 3.046387 -1.118652
0.001382 0.001382 -0.999998
0 0 0 0
-0.031006 0.214111
2.000977 3.046387 -1.118652
0.001382 0.001382 -0.999998
0 0 0 0
-0.031006 0.097168
2.000977 2.977051 -1.118652
0.001382 0.001382 -0.999998
0 0 0 0
-0.00415 0.097168
1.814697 0.170166 -1.118652
0.001382 0.001382 -0.999998
0 0 0 0
0.996338 0.214111
1.814697 2.977051 -1.118652
0.001382 0.001382 -0.999998
0 0 0 0
0.003906 0.214111
2.000977 2.977051 -1.118652
0.001382 0.001382 -0.999998
0 0 0 0
0.003906 0.097168
2.000977 0.170166 -1.118652
0.001382 0.001382 -0.999998
0 0 0 0
0.996338 0.097168
1.814697 0.170166 -0.996582
-1 0.000978 -0.000001
0 0 0 0
0.003906 0.027832
1.814697 2.977051 -0.996582
-1 0.000978 -0.000001
0 0 0 0
0.996338 0.027832
1.814697 2.977051 -1.021484
-1 0.000978 -0.000001
0 0 0 0
0.996338 0.002686
1.814697 0.170166 -1.021484
-1 0.000978 -0.000001
0 0 0 0
0.003906 0.002686
1.814697 0.170166 -1.021484
-1 0.000978 -0.000001
0 0 0 0
0.003906 0.090332
1.814697 2.977051 -1.021484
-1 0.000978 -0.000001
0 0 0 0
0.996338 0.090332
1.814697 2.977051 -1.09375
-1 0.000978 -0.000001
0 0 0 0
0.996338 0.033691
1.814697 0.170166 -1.09375
-1 0.000978 -0.000001
0 0 0 0
0.003906 0.033691
1.814697 0.170166 -1.09375
-1 0.000978 -0.000001
0 0 0 0
0.003906 0.027832
1.814697 2.977051 -1.09375
-1 0.000978 -0.000001
0 0 0 0
0.996338 0.027832
1.814697 2.977051 -1.118652
-1 0.000978 -0.000001
0 0 0 0
0.996338 0.002686
1.814697 0.170166 -1.118652
-1 0.000978 -0.000001
0 0 0 0
0.003906 0.002686
1.814697 0.170166 -0.996582
-1 0.000978 -0.000001
0 0 0 0
0.002686 0.471436
1.814697 0.170166 0.996582
-1 0.000978 -0.000001
0 0 0 0
0.002686 0.904297
1.814697 2.977051 0.996582
-1 0.000978 -0.000001
0 0 0 0
0.997559 0.904297
1.814697 2.977051 -0.996582
-1 0.000978 -0.000001
0 0 0 0
0.997559 0.471436
0.000977 0.132568 1.141357
0.001382 0.001382 0.999998
0 0 0 0
0.899658 0.033691
0.000977 0.000488 1.141357
0.001382 0.001382 0.999998
0 0 0 0
0.899658 0.090088
2.023682 0.000488 1.141357
0.001382 0.001382 0.999998
0 0 0 0
0.004395 0.090088
2.023682 0.132568 1.141357
0.001382 0.001382 0.999998
0 0 0 0
0.004395 0.033691
2.023682 0.000488 1.141357
1 0.000978 -0.000001
0 0 0 0
0.004639 0.090088
2.023682 0.000488 -1.141357
1 0.000978 -0.000001
0 0 0 0
0.995117 0.090088
2.023682 0.132568 -1.141357
1 0.000978 -0.000001
0 0 0 0
0.995117 0.033691
2.023682 0.132568 1.141357
1 0.000978 -0.000001
0 0 0 0
0.004639 0.033691
-2.021729 0.000488 -1.141357
-1 0.000978 -0.000001
0 0 0 0
0.004639 0.090088
-2.021729 0.000488 1.141357
-1 0.000978 -0.000001
0 0 0 0
0.995117 0.090088
-2.021729 0.132568 1.141357
-1 0.000978 -0.000001
0 0 0 0
0.995117 0.033691
-2.021729 0.132568 -1.141357
-1 0.000978 -0.000001
0 0 0 0
0.004639 0.033691
0.000977 0.000488 -1.141357
0.001382 0.001382 -0.999998
0 0 0 0
0.899658 0.090088
-2.021729 0.000488 -1.141357
0.001382 0.001382 -0.999998
0 0 0 0
0.004395 0.090088
-2.021729 0.132568 -1.141357
0.001382 0.001382 -0.999998
0 0 0 0
0.004395 0.033691
0.000977 0.132568 -1.141357
0.001382 0.001382 -0.999998
0 0 0 0
0.899658 0.033691
2.008057 0.148193 1.125977
0.438944 0.809915 0.389057
0 0 0 0
0.004395 0.002197
0.000977 0.132568 1.141357
0.00128 0.70005 0.714093
0 0 0 0
0.899658 0.02832
2.023682 0.132568 1.141357
0.438944 0.809915 0.389057
0 0 0 0
0.004395 0.02832
0.000977 0.148193 1.125977
0.00128 0.70005 0.714093
0 0 0 0
0.899658 0.002197
2.023682 0.132568 -1.141357
0.438944 0.809915 -0.389057
0 0 0 0
0.995117 0.02832
2.008057 0.148193 1.125977
0.438944 0.809915 0.389057
0 0 0 0
0.004639 0.002197
2.023682 0.132568 1.141357
0.438944 0.809915 0.389057
0 0 0 0
0.004639 0.02832
2.008057 0.148193 -1.125977
0.438944 0.809915 -0.389057
0 0 0 0
0.995117 0.002197
-2.006104 0.148193 1.125977
-0.438944 0.809915 0.389057
0 0 0 0
0.995117 0.002197
-2.006104 0.148193 -1.125977
-0.438944 0.809915 -0.389057
0 0 0 0
0.004639 0.002197
-2.021729 0.132568 -1.141357
-0.438944 0.809915 -0.389057
0 0 0 0
0.004639 0.02832
-2.021729 0.132568 1.141357
-0.438944 0.809915 0.389057
0 0 0 0
0.995117 0.02832
0.000977 0.132568 -1.141357
0.00128 0.70005 -0.714093
0 0 0 0
0.899658 0.002197
-2.021729 0.132568 -1.141357
-0.438944 0.809915 -0.389057
0 0 0 0
0.004395 0.002197
-2.006104 0.148193 -1.125977
-0.438944 0.809915 -0.389057
0 0 0 0
0.004395 0.02832
0.000977 0.148193 -1.125977
0.00128 0.70005 -0.714093
0 0 0 0
0.899658 0.02832
0.000977 0.148193 1.125977
0.001382 0.001382 0.999998
0 0 0 0
0.899658 0.02832
2.008057 0.148193 1.125977
0.001382 0.001382 0.999998
0 0 0 0
0.004395 0.02832
2.008057 0.170166 1.125977
0.001382 0.001382 0.999998
0 0 0 0
0.004395 0.002197
0.000977 0.170166 1.125977
0.001382 0.001382 0.999998
0 0 0 0
0.899658 0.002197
2.008057 0.148193 -1.125977
1 0.000978 -0.000001
0 0 0 0
0.995117 0.02832
2.008057 0.170166 1.125977
1 0.000978 -0.000001
0 0 0 0
0.004639 0.002197
2.008057 0.148193 1.125977
1 0.000978 -0.000001
0 0 0 0
0.004639 0.02832
2.008057 0.170166 -1.125977
1 0.000978 -0.000001
0 0 0 0
0.995117 0.002197
-2.006104 0.148193 -1.125977
0.001382 0.001382 -0.999998
0 0 0 0
0.004395 0.002197
-2.006104 0.170166 -1.125977
0.001382 0.001382 -0.999998
0 0 0 0
0.004395 0.02832
0.000977 0.170166 -1.125977
0.001382 0.001382 -0.999998
0 0 0 0
0.899658 0.02832
0.000977 0.148193 -1.125977
0.001382 0.001382 -0.999998
0 0 0 0
0.899658 0.002197
-2.006104 0.148193 -1.125977
-1 0.000978 -0.000001
0 0 0 0
0.004639 0.02832
-2.006104 0.148193 1.125977
-1 0.000978 -0.000001
0 0 0 0
0.995117 0.02832
-2.006104 0.170166 1.125977
-1 0.000978 -0.000001
0 0 0 0
0.995117 0.002197
-2.006104 0.170166 -1.125977
-1 0.000978 -0.000001
0 0 0 0
0.004639 0.002197
0.000977 0.170166 1.125977
0.000978 1 -0.000001
0 0 0 0
0.899658 0.102783
2.008057 0.170166 1.125977
0.000978 1 -0.000001
0 0 0 0
0.026611 0.102783
2.000977 0.170166 1.118652
0.000978 1 -0.000001
0 0 0 0
0.026611 0.098145
0.000977 0.170166 1.118652
0.000978 1 -0.000001
0 0 0 0
0.899658 0.098145
2.008057 0.170166 1.125977
0.000978 1 -0.000001
0 0 0 0
0.026611 0.102783
2.008057 0.170166 -1.125977
0.000978 1 -0.000001
0 0 0 0
0.515137 0.102783
2.000977 0.170166 -1.118652
0.000978 1 -0.000001
0 0 0 0
0.513184 0.098145
2.000977 0.170166 1.118652
0.000978 1 -0.000001
0 0 0 0
0.026611 0.098145
0.000977 0.170166 -1.125977
0.000978 1 -0.000001
0 0 0 0
0.899658 0.098145
-2.006104 0.170166 -1.125977
0.000978 1 -0.000001
0 0 0 0
0.026611 0.098145
-1.999023 0.170166 -1.118652
0.000978 1 -0.000001
0 0 0 0
0.026611 0.102783
0.000977 0.170166 -1.118652
0.000978 1 -0.000001
0 0 0 0
0.899658 0.102783
-1.999023 0.170166 -1.118652
0.000978 1 -0.000001
0 0 0 0
0.513184 0.102783
-2.006104 0.170166 -1.125977
0.000978 1 -0.000001
0 0 0 0
0.515137 0.098145
-2.006104 0.170166 1.125977
0.000978 1 -0.000001
0 0 0 0
0.026611 0.098145
-1.999023 0.170166 1.118652
0.000978 1 -0.000001
0 0 0 0
0.026611 0.102783
0.000977 0.170166 -1.125977
0.000978 1 -0.000001
0 0 0 0
0.899658 0.098145
0.000977 0.170166 -1.118652
0.000978 1 -0.000001
0 0 0 0
0.899658 0.102783
2.000977 0.170166 -1.118652
0.000978 1 -0.000001
0 0 0 0
0.026611 0.102783
2.008057 0.170166 -1.125977
0.000978 1 -0.000001
0 0 0 0
0.026611 0.098145
0.000977 0.148193 -1.125977
0.001382 0.001382 -0.999998
0 0 0 0
0.899658 0.002197
0.000977 0.170166 -1.125977
0.001382 0.001382 -0.999998
0 0 0 0
0.899658 0.02832
2.008057 0.170166 -1.125977
0.001382 0.001382 -0.999998
0 0 0 0
0.004395 0.02832
2.008057 0.148193 -1.125977
0.001382 0.001382 -0.999998
0 0 0 0
0.004395 0.002197
0.000977 0.132568 -1.141357
0.00128 0.70005 -0.714093
0 0 0 0
0.899658 0.002197
0.000977 0.148193 -1.125977
0.00128 0.70005 -0.714093
0 0 0 0
0.899658 0.02832
2.008057 0.148193 -1.125977
0.438944 0.809915 -0.389057
0 0 0 0
0.004395 0.02832
2.023682 0.132568 -1.141357
0.438944 0.809915 -0.389057
0 0 0 0
0.004395 0.002197
2.023682 0.000488 -1.141357
0.001382 0.001382 -0.999998
0 0 0 0
0.004395 0.090088
0.000977 0.000488 -1.141357
0.001382 0.001382 -0.999998
0 0 0 0
0.899658 0.090088
0.000977 0.132568 -1.141357
0.001382 0.001382 -0.999998
0 0 0 0
0.899658 0.033691
2.023682 0.132568 -1.141357
0.001382 0.001382 -0.999998
0 0 0 0
0.004395 0.033691
-1.999023 0.170166 1.118652
0.000978 1 -0.000001
0 0 0 0
0.026611 0.098145
-2.006104 0.170166 1.125977
0.000978 1 -0.000001
0 0 0 0
0.026611 0.102783
0.000977 0.170166 1.125977
0.000978 1 -0.000001
0 0 0 0
0.899658 0.102783
0.000977 0.170166 1.118652
0.000978 1 -0.000001
0 0 0 0
0.899658 0.098145
-2.006104 0.148193 1.125977
0.001382 0.001382 0.999998
0 0 0 0
0.004395 0.02832
0.000977 0.148193 1.125977
0.001382 0.001382 0.999998
0 0 0 0
0.899658 0.02832
0.000977 0.170166 1.125977
0.001382 0.001382 0.999998
0 0 0 0
0.899658 0.002197
-1.980469 1.400635 -0.205078
-0.001382 0.001382 -0.999998
0 0 0 0
0.458008 0.002441
-1.987549 1.400635 -0.205078
-0.002933 0.999996 -0.000009
0 0 0 0
0.996826 0.002441
-1.987549 1.400635 0.729004
-0.002933 0.999996 -0.000009
0 0 0 0
0.000977 0.002441
-1.980469 1.400635 0.729004
-0.002933 0.999996 -0.000009
0 0 0 0
0.000977 0.028076
-1.980469 1.400635 -0.205078
-0.002933 0.999996 -0.000009
0 0 0 0
0.996826 0.028076
-1.961182 1.718262 -0.205078
0.000978 1 0.000001
0 0 0 0
0.996826 0.028076
-1.980469 1.718262 0.729004
0.000978 1 0.000001
0 0 0 0
0.000977 0.002441
-1.961182 1.718262 0.729004
0.000978 1 0.000001
0 0 0 0
0.000977 0.028076
-1.980469 1.718262 -0.205078
0.000978 1 0.000001
0 0 0 0
0.996826 0.002441
-1.987549 1.700928 0.729004
0.001382 -0.001382 0.999998
0 0 0 0
0.421875 0.028564
-1.954102 1.700928 0.729004
-0.001382 -0.001382 0.999998
0 0 0 0
0.368896 0.028564
-1.961182 1.718262 0.729004
-0.001382 -0.001382 0.999998
0 0 0 0
0.379883 0.002197
-1.980469 1.718262 0.729004
0.001382 -0.001382 0.999998
0 0 0 0
0.410889 0.002197
-1.954102 1.700928 0.729004
0.000978 -1 -0.000001
0 0 0 0
0.000977 0.002441
-1.987549 1.700928 0.729004
0.000978 -1 -0.000001
0 0 0 0
0.000977 0.028076
-1.987549 1.700928 -0.205078
0.000978 -1 -0.000001
0 0 0 0
0.996826 0.028076
-1.954102 1.700928 -0.205078
0.000978 -1 -0.000001
0 0 0 0
0.996826 0.002441
-1.987549 1.700928 0.729004
-1 0.000978 -0.000001
0 0 0 0
0.000977 0.002441
-1.987549 1.746826 0.729004
-1 0.000978 -0.000001
0 0 0 0
0.000977 0.028076
-1.987549 1.746826 -0.205078
-1 0.000978 -0.000001
0 0 0 0
0.996826 0.028076
-1.987549 1.700928 -0.205078
-1 0.000978 -0.000001
0 0 0 0
0.996826 0.002441
-1.987549 1.746826 0.729004
0.001382 0.001382 0.999998
0 0 0 0
0.458008 0.028564
-1.987549 1.700928 0.729004
0.001382 -0.001382 0.999998
0 0 0 0
0.428711 0.028564
-1.980469 1.718262 0.729004
0.001382 -0.001382 0.999998
0 0 0 0
0.439941 0.002441
-1.980469 1.746826 0.729004
0.001382 0.001382 0.999998
0 0 0 0
0.458008 0.002441
-1.980469 1.718262 0.729004
1 0.000978 0.000001
0 0 0 0
0.000977 0.028076
-1.980469 1.718262 -0.205078
1 0.000978 0.000001
0 0 0 0
0.996826 0.028076
-1.980469 1.746826 -0.205078
1 0.000978 0.000001
0 0 0 0
0.996826 0.002441
-1.980469 1.746826 0.729004
1 0.000978 0.000001
0 0 0 0
0.000977 0.002441
-1.961182 1.718262 -0.205078
0.001382 0.001382 -0.999998
0 0 0 0
0.379883 0.002197
-1.954102 1.700928 -0.205078
0.001382 0.001382 -0.999998
0 0 0 0
0.368896 0.028564
-1.987549 1.700928 -0.205078
-0.001382 0.001382 -0.999998
0 0 0 0
0.421875 0.028564
-1.980469 1.718262 -0.205078
-0.001382 0.001382 -0.999998
0 0 0 0
0.410889 0.002197
-1.980469 1.718262 -0.205078
-0.001382 0.001382 -0.999998
0 0 0 0
0.439941 0.002441
-1.987549 1.700928 -0.205078
-0.001382 0.001382 -0.999998
0 0 0 0
0.428711 0.028564
-1.987549 1.746826 -0.205078
-0.001382 0.001382 -0.999998
0 0 0 0
0.458008 0.028564
-1.980469 1.746826 -0.205078
-0.001382 0.001382 -0.999998
0 0 0 0
0.458008 0.002441
-1.987549 1.746826 -0.205078
-0.002933 0.999996 -0.000009
0 0 0 0
0.996826 0.002441
-1.987549 1.746826 0.729004
-0.002933 0.999996 -0.000009
0 0 0 0
0.000977 0.002441
-1.980469 1.746826 0.729004
-0.002933 0.999996 -0.000009
0 0 0 0
0.000977 0.028076
-1.980469 1.746826 -0.205078
-0.002933 0.999996 -0.000009
0 0 0 0
0.996826 0.028076
-1.961182 2.14917 -0.205078
0.000978 1 -0.000001
0 0 0 0
0.996826 0.028076
-1.980469 2.14917 0.729004
0.000978 1 -0.000001
0 0 0 0
0.000977 0.002441
-1.961182 2.14917 0.729004
0.000978 1 -0.000001
0 0 0 0
0.000977 0.028076
-1.980469 2.14917 -0.205078
0.000978 1 -0.000001
0 0 0 0
0.996826 0.002441
-1.987549 2.131836 0.729004
0.001382 -0.001382 0.999998
0 0 0 0
0.421875 0.028564
-1.954102 2.131836 0.729004
-0.001382 -0.001382 0.999998
0 0 0 0
0.368896 0.028564
-1.961182 2.14917 0.729004
-0.001382 -0.001382 0.999998
0 0 0 0
0.379883 0.002197
-1.980469 2.14917 0.729004
0.001382 -0.001382 0.999998
0 0 0 0
0.410889 0.002197
-1.954102 2.131836 0.729004
0.000978 -1 -0.000001
0 0 0 0
0.000977 0.002441
-1.987549 2.131836 0.729004
0.000978 -1 -0.000001
0 0 0 0
0.000977 0.028076
-1.987549 2.131836 -0.205078
0.000978 -1 -0.000001
0 0 0 0
0.996826 0.028076
-1.954102 2.131836 -0.205078
0.000978 -1 -0.000001
0 0 0 0
0.996826 0.002441
-1.987549 2.131836 0.729004
-1 0.000978 -0.000001
0 0 0 0
0.000977 0.002441
-1.987549 2.177734 0.729004
-1 0.000978 -0.000001
0 0 0 0
0.000977 0.028076
-1.987549 2.177734 -0.205078
-1 0.000978 -0.000001
0 0 0 0
0.996826 0.028076
-1.987549 2.131836 -0.205078
-1 0.000978 -0.000001
0 0 0 0
0.996826 0.002441
-1.987549 2.177734 0.729004
0.001382 0.001382 0.999998
0 0 0 0
0.458008 0.028564
-1.987549 2.131836 0.729004
0.001382 -0.001382 0.999998
0 0 0 0
0.428711 0.028564
-1.980469 2.14917 0.729004
0.001382 -0.001382 0.999998
0 0 0 0
0.439941 0.002441
-1.980469 2.177734 0.729004
0.001382 0.001382 0.999998
0 0 0 0
0.458008 0.002441
-1.980469 2.14917 0.729004
1 0.000978 0.000001
0 0 0 0
0.000977 0.028076
-1.980469 2.14917 -0.205078
1 0.000978 0.000001
0 0 0 0
0.996826 0.028076
-1.980469 2.177734 -0.205078
1 0.000978 0.000001
0 0 0 0
0.996826 0.002441
-1.980469 2.177734 0.729004
1 0.000978 0.000001
0 0 0 0
0.000977 0.002441
-1.961182 2.14917 -0.205078
0.001382 0.001382 -0.999998
0 0 0 0
0.379883 0.002197
-1.954102 2.131836 -0.205078
0.001382 0.001382 -0.999998
0 0 0 0
0.368896 0.028564
-1.987549 2.131836 -0.205078
-0.001382 0.001382 -0.999998
0 0 0 0
0.421875 0.028564
-1.980469 2.14917 -0.205078
-0.001382 0.001382 -0.999998
0 0 0 0
0.410889 0.002197
-1.980469 2.14917 -0.205078
-0.001382 0.001382 -0.999998
0 0 0 0
0.439941 0.002441
-1.987549 2.131836 -0.205078
-0.001382 0.001382 -0.999998
0 0 0 0
0.428711 0.028564
-1.987549 2.177734 -0.205078
-0.001382 0.001382 -0.999998
0 0 0 0
0.458008 0.028564
-1.980469 2.177734 -0.205078
-0.001382 0.001382 -0.999998
0 0 0 0
0.458008 0.002441
-1.987549 2.177734 -0.205078
-0.002933 0.999996 -0.000009
0 0 0 0
0.996826 0.002441
-1.987549 2.177734 0.729004
-0.002933 0.999996 -0.000009
0 0 0 0
0.000977 0.002441
-1.980469 2.177734 0.729004
-0.002933 0.999996 -0.000009
0 0 0 0
0.000977 0.028076
-1.980469 2.177734 -0.205078
-0.002933 0.999996 -0.000009
0 0 0 0
0.996826 0.028076
-1.961182 1.025635 -0.205078
0.000978 1 -0.000001
0 0 0 0
0.996826 0.028076
-1.980469 1.025635 0.729004
0.000978 1 -0.000001
0 0 0 0
0.000977 0.002441
-1.961182 1.025635 0.729004
0.000978 1 -0.000001
0 0 0 0
0.000977 0.028076
-1.980469 1.025635 -0.205078
0.000978 1 -0.000001
0 0 0 0
0.996826 0.002441
-1.987549 1.008057 0.729004
0.001382 -0.001382 0.999998
0 0 0 0
0.421875 0.028564
-1.954102 1.008057 0.729004
-0.001382 -0.001382 0.999998
0 0 0 0
0.368896 0.028564
-1.961182 1.025635 0.729004
-0.001382 -0.001382 0.999998
0 0 0 0
0.379883 0.002197
-1.980469 1.025635 0.729004
0.001382 -0.001382 0.999998
0 0 0 0
0.410889 0.002197
-1.954102 1.008057 0.729004
0.000978 -1 -0.000001
0 0 0 0
0.000977 0.002441
-1.987549 1.008057 0.729004
0.000978 -1 -0.000001
0 0 0 0
0.000977 0.028076
-1.987549 1.008057 -0.205078
0.000978 -1 -0.000001
0 0 0 0
0.996826 0.028076
-1.954102 1.008057 -0.205078
0.000978 -1 -0.000001
0 0 0 0
0.996826 0.002441
-1.987549 1.008057 0.729004
-1 0.000978 -0.000001
0 0 0 0
0.000977 0.002441
-1.987549 1.054199 0.729004
-1 0.000978 -0.000001
0 0 0 0
0.000977 0.028076
-1.987549 1.054199 -0.205078
-1 0.000978 -0.000001
0 0 0 0
0.996826 0.028076
-1.987549 1.008057 -0.205078
-1 0.000978 -0.000001
0 0 0 0
0.996826 0.002441
-1.987549 1.054199 0.729004
0.001382 0.001382 0.999998
0 0 0 0
0.458008 0.028564
-1.987549 1.008057 0.729004
0.001382 -0.001382 0.999998
0 0 0 0
0.428711 0.028564
-1.980469 1.025635 0.729004
0.001382 -0.001382 0.999998
0 0 0 0
0.439941 0.002441
-1.980469 1.054199 0.729004
0.001382 0.001382 0.999998
0 0 0 0
0.458008 0.002441
-1.980469 1.025635 0.729004
1 0.000978 0.000001
0 0 0 0
0.000977 0.028076
-1.980469 1.025635 -0.205078
1 0.000978 0.000001
0 0 0 0
0.996826 0.028076
-1.980469 1.054199 -0.205078
1 0.000978 0.000001
0 0 0 0
0.996826 0.002441
-1.980469 1.054199 0.729004
1 0.000978 0.000001
0 0 0 0
0.000977 0.002441
-1.961182 1.025635 -0.205078
0.001382 0.001382 -0.999998
0 0 0 0
0.379883 0.002197
-1.954102 1.008057 -0.205078
0.001382 0.001382 -0.999998
0 0 0 0
0.368896 0.028564
-1.987549 1.008057 -0.205078
-0.001382 0.001382 -0.999998
0 0 0 0
0.421875 0.028564
-1.980469 1.025635 -0.205078
-0.001382 0.001382 -0.999998
0 0 0 0
0.410889 0.002197
-1.980469 1.025635 -0.205078
-0.001382 0.001382 -0.999998
0 0 0 0
0.439941 0.002441
-1.987549 1.008057 -0.205078
-0.001382 0.001382 -0.999998
0 0 0 0
0.428711 0.028564
-1.987549 1.054199 -0.205078
-0.001382 0.001382 -0.999998
0 0 0 0
0.458008 0.028564
-1.980469 1.054199 -0.205078
-0.001382 0.001382 -0.999998
0 0 0 0
0.458008 0.002441
-1.987549 1.054199 -0.205078
-0.002933 0.999996 -0.000009
0 0 0 0
0.996826 0.002441
-1.987549 1.054199 0.729004
-0.002933 0.999996 -0.000009
0 0 0 0
0.000977 0.002441
-1.980469 1.054199 0.729004
-0.002933 0.999996 -0.000009
0 0 0 0
0.000977 0.028076
-1.980469 1.054199 -0.205078
-0.002933 0.999996 -0.000009
0 0 0 0
0.996826 0.028076
-1.944824 0.669434 -0.728027
-1 0.000978 -0.000001
0 0 0 0
0.998047 0.903564
-1.944824 0.669434 -0.391113
-1 0.000978 -0.000001
0 0 0 0
0.998047 0.471436
-1.944824 2.488037 -0.391602
-1 0.000978 -0.000001
0 0 0 0
0.002686 0.471436
-1.944824 2.488037 -0.728516
-1 0.000978 -0.000001
0 0 0 0
0.002686 0.903564
-1.944336 1.371826 -0.72876
0.000978 1 0.000001
0 0 0 0
0.736084 0.028076
-1.963867 1.371826 -0.391113
0.000978 1 0.000001
0 0 0 0
0.262939 0.002441
-1.944336 1.371826 -0.391113
0.000978 1 0.000001
0 0 0 0
0.262939 0.028076
-1.963867 1.371826 -0.72876
0.000978 1 0.000001
0 0 0 0
0.736084 0.002441
-1.970703 1.354492 -0.391113
0.001382 -0.001382 0.999998
0 0 0 0
0.421875 0.027588
-1.9375 1.354492 -0.391113
-0.001382 -0.001382 0.999998
0 0 0 0
0.368896 0.027588
-1.944336 1.371826 -0.391113
-0.001382 -0.001382 0.999998
0 0 0 0
0.379883 0.00293
-1.963867 1.371826 -0.391113
0.001382 -0.001382 0.999998
0 0 0 0
0.410889 0.00293
-1.9375 1.354492 -0.391113
0.000978 -1 -0.000001
0 0 0 0
0.262939 0.002441
-1.970703 1.354492 -0.391113
0.000978 -1 -0.000001
0 0 0 0
0.262939 0.028076
-1.970703 1.354492 -0.72876
0.000978 -1 -0.000001
0 0 0 0
0.736084 0.028076
-1.9375 1.354492 -0.72876
0.000978 -1 -0.000001
0 0 0 0
0.736084 0.002441
-1.970703 1.354492 -0.391113
-1 0.000978 -0.000001
0 0 0 0
0.262939 0.002441
-1.970703 1.400635 -0.391113
-1 0.000978 -0.000001
0 0 0 0
0.262939 0.028076
-1.970703 1.400635 -0.72876
-1 0.000978 -0.000001
0 0 0 0
0.736084 0.028076
-1.970703 1.354492 -0.72876
-1 0.000978 -0.000001
0 0 0 0
0.736084 0.002441
-1.970703 1.400635 -0.391113
0.001382 0.001382 0.999998
0 0 0 0
0.458008 0.027588
-1.970703 1.354492 -0.391113
0.001382 -0.001382 0.999998
0 0 0 0
0.428711 0.027588
-1.963867 1.371826 -0.391113
0.001382 -0.001382 0.999998
0 0 0 0
0.439941 0.00293
-1.963867 1.400635 -0.391113
0.001382 0.001382 0.999998
0 0 0 0
0.458008 0.00293
-1.963867 1.371826 -0.391113
1 0.000978 0.000001
0 0 0 0
0.262939 0.028076
-1.963867 1.371826 -0.72876
1 0.000978 0.000001
0 0 0 0
0.736084 0.028076
-1.963867 1.400635 -0.72876
1 0.000978 0.000001
0 0 0 0
0.736084 0.002441
-1.963867 1.400635 -0.391113
1 0.000978 0.000001
0 0 0 0
0.262939 0.002441
-1.944336 1.371826 -0.72876
0.001382 0.001382 -0.999998
0 0 0 0
0.379883 0.00293
-1.9375 1.354492 -0.72876
0.001382 0.001382 -0.999998
0 0 0 0
0.368896 0.027588
-1.970703 1.354492 -0.72876
-0.001382 0.001382 -0.999998
0 0 0 0
0.421875 0.027588
-1.963867 1.371826 -0.72876
-0.001382 0.001382 -0.999998
0 0 0 0
0.410889 0.00293
-1.963867 1.371826 -0.72876
-0.001382 0.001382 -0.999998
0 0 0 0
0.439941 0.00293
-1.970703 1.354492 -0.72876
-0.001382 0.001382 -0.999998
0 0 0 0
0.428711 0.027588
-1.970703 1.400635 -0.72876
-0.001382 0.001382 -0.999998
0 0 0 0
0.458008 0.027588
-1.963867 1.400635 -0.72876
-0.001382 0.001382 -0.999998
0 0 0 0
0.458008 0.00293
-1.970703 1.400635 -0.72876
-0.002933 0.999996 0.000009
0 0 0 0
0.736084 0.002441
-1.970703 1.400635 -0.391113
-0.002933 0.999996 0.000009
0 0 0 0
0.262939 0.002441
-1.963867 1.400635 -0.391113
-0.002933 0.999996 0.000009
0 0 0 0
0.262939 0.028076
-1.963867 1.400635 -0.72876
-0.002933 0.999996 0.000009
0 0 0 0
0.736084 0.028076
-1.944336 1.718262 -0.72876
0.000978 1 0.000001
0 0 0 0
0.736084 0.028076
-1.963867 1.718262 -0.391113
0.000978 1 0.000001
0 0 0 0
0.262939 0.002441
-1.944336 1.718262 -0.391113
0.000978 1 0.000001
0 0 0 0
0.262939 0.028076
-1.963867 1.718262 -0.72876
0.000978 1 0.000001
0 0 0 0
0.736084 0.002441
-1.970703 1.700928 -0.391113
0.001382 -0.001382 0.999998
0 0 0 0
0.421875 0.027588
-1.9375 1.700928 -0.391113
-0.001382 -0.001382 0.999998
0 0 0 0
0.368896 0.027588
-1.944336 1.718262 -0.391113
-0.001382 -0.001382 0.999998
0 0 0 0
0.379883 0.00293
-1.963867 1.718262 -0.391113
0.001382 -0.001382 0.999998
0 0 0 0
0.410889 0.00293
-1.9375 1.700928 -0.391113
0.000978 -1 -0.000001
0 0 0 0
0.262939 0.002441
-1.970703 1.700928 -0.391113
0.000978 -1 -0.000001
0 0 0 0
0.262939 0.028076
-1.970703 1.700928 -0.72876
0.000978 -1 -0.000001
0 0 0 0
0.736084 0.028076
-1.9375 1.700928 -0.72876
0.000978 -1 -0.000001
0 0 0 0
0.736084 0.002441
-1.970703 1.700928 -0.391113
-1 0.000978 -0.000001
0 0 0 0
0.262939 0.002441
-1.970703 1.746826 -0.391113
-1 0.000978 -0.000001
0 0 0 0
0.262939 0.028076
-1.970703 1.746826 -0.72876
-1 0.000978 -0.000001
0 0 0 0
0.736084 0.028076
-1.970703 1.700928 -0.72876
-1 0.000978 -0.000001
0 0 0 0
0.736084 0.002441
-1.970703 1.746826 -0.391113
0.001382 0.001382 0.999998
0 0 0 0
0.458008 0.027588
-1.970703 1.700928 -0.391113
0.001382 -0.001382 0.999998
0 0 0 0
0.428711 0.027588
-1.963867 1.718262 -0.391113
0.001382 -0.001382 0.999998
0 0 0 0
0.439941 0.00293
-1.963867 1.746826 -0.391113
0.001382 0.001382 0.999998
0 0 0 0
0.458008 0.00293
-1.963867 1.718262 -0.391113
1 0.000978 0.000001
0 0 0 0
0.262939 0.028076
-1.963867 1.718262 -0.72876
1 0.000978 0.000001
0 0 0 0
0.736084 0.028076
-1.963867 1.746826 -0.72876
1 0.000978 0.000001
0 0 0 0
0.736084 0.002441
-1.963867 1.746826 -0.391113
1 0.000978 0.000001
0 0 0 0
0.262939 0.002441
-1.944336 1.718262 -0.72876
0.001382 0.001382 -0.999998
0 0 0 0
0.379883 0.00293
-1.9375 1.700928 -0.72876
0.001382 0.001382 -0.999998
0 0 0 0
0.368896 0.027588
-1.970703 1.700928 -0.72876
-0.001382 0.001382 -0.999998
0 0 0 0
0.421875 0.027588
-1.963867 1.718262 -0.72876
-0.001382 0.001382 -0.999998
0 0 0 0
0.410889 0.00293
-1.963867 1.718262 -0.72876
-0.001382 0.001382 -0.999998
0 0 0 0
0.439941 0.00293
-1.970703 1.700928 -0.72876
-0.001382 0.001382 -0.999998
0 0 0 0
0.428711 0.027588
-1.970703 1.746826 -0.72876
-0.001382 0.001382 -0.999998
0 0 0 0
0.458008 0.027588
-1.963867 1.746826 -0.72876
-0.001382 0.001382 -0.999998
0 0 0 0
0.458008 0.00293
-1.970703 1.746826 -0.72876
-0.002933 0.999996 0.000009
0 0 0 0
0.736084 0.002441
-1.970703 1.746826 -0.391113
-0.002933 0.999996 0.000009
0 0 0 0
0.262939 0.002441
-1.963867 1.746826 -0.391113
-0.002933 0.999996 0.000009
0 0 0 0
0.262939 0.028076
-1.963867 1.746826 -0.72876
-0.002933 0.999996 0.000009
0 0 0 0
0.736084 0.028076
-1.944336 2.14917 -0.72876
0.000978 1 0.000001
0 0 0 0
0.736084 0.028076
-1.963867 2.14917 -0.391113
0.000978 1 0.000001
0 0 0 0
0.262939 0.002441
-1.944336 2.14917 -0.391113
0.000978 1 0.000001
0 0 0 0
0.262939 0.028076
-1.963867 2.14917 -0.72876
0.000978 1 0.000001
0 0 0 0
0.736084 0.002441
-1.970703 2.131836 -0.391113
0.001382 -0.001382 0.999998
0 0 0 0
0.421875 0.027588
-1.9375 2.131836 -0.391113
-0.001382 -0.001382 0.999998
0 0 0 0
0.368896 0.027588
-1.944336 2.14917 -0.391113
-0.001382 -0.001382 0.999998
0 0 0 0
0.379883 0.00293
-1.963867 2.14917 -0.391113
0.001382 -0.001382 0.999998
0 0 0 0
0.410889 0.00293
-1.9375 2.131836 -0.391113
0.000978 -1 -0.000001
0 0 0 0
0.262939 0.002441
-1.970703 2.131836 -0.391113
0.000978 -1 -0.000001
0 0 0 0
0.262939 0.028076
-1.970703 2.131836 -0.72876
0.000978 -1 -0.000001
0 0 0 0
0.736084 0.028076
-1.9375 2.131836 -0.72876
0.000978 -1 -0.000001
0 0 0 0
0.736084 0.002441
-1.970703 2.131836 -0.391113
-1 0.000978 -0.000001
0 0 0 0
0.262939 0.002441
-1.970703 2.177734 -0.391113
-1 0.000978 -0.000001
0 0 0 0
0.262939 0.028076
-1.970703 2.177734 -0.72876
-1 0.000978 -0.000001
0 0 0 0
0.736084 0.028076
-1.970703 2.131836 -0.72876
-1 0.000978 -0.000001
0 0 0 0
0.736084 0.002441
-1.970703 2.177734 -0.391113
0.001382 0.001382 0.999998
0 0 0 0
0.458008 0.027588
-1.970703 2.131836 -0.391113
0.001382 -0.001382 0.999998
0 0 0 0
0.428711 0.027588
-1.963867 2.14917 -0.391113
0.001382 -0.001382 0.999998
0 0 0 0
0.439941 0.00293
-1.963867 2.177734 -0.391113
0.001382 0.001382 0.999998
0 0 0 0
0.458008 0.00293
-1.963867 2.14917 -0.391113
1 0.000978 0.000001
0 0 0 0
0.262939 0.028076
-1.963867 2.14917 -0.72876
1 0.000978 0.000001
0 0 0 0
0.736084 0.028076
-1.963867 2.177734 -0.72876
1 0.000978 0.000001
0 0 0 0
0.736084 0.002441
-1.963867 2.177734 -0.391113
1 0.000978 0.000001
0 0 0 0
0.262939 0.002441
-1.944336 2.14917 -0.72876
0.001382 0.001382 -0.999998
0 0 0 0
0.379883 0.00293
-1.9375 2.131836 -0.72876
0.001382 0.001382 -0.999998
0 0 0 0
0.368896 0.027588
-1.970703 2.131836 -0.72876
-0.001382 0.001382 -0.999998
0 0 0 0
0.421875 0.027588
-1.963867 2.14917 -0.72876
-0.001382 0.001382 -0.999998
0 0 0 0
0.410889 0.00293
-1.963867 2.14917 -0.72876
-0.001382 0.001382 -0.999998
0 0 0 0
0.439941 0.00293
-1.970703 2.131836 -0.72876
-0.001382 0.001382 -0.999998
0 0 0 0
0.428711 0.027588
-1.970703 2.177734 -0.72876
-0.001382 0.001382 -0.999998
0 0 0 0
0.458008 0.027588
-1.963867 2.177734 -0.72876
-0.001382 0.001382 -0.999998
0 0 0 0
0.458008 0.00293
-1.970703 2.177734 -0.72876
-0.002933 0.999996 0.000009
0 0 0 0
0.736084 0.002441
-1.970703 2.177734 -0.391113
-0.002933 0.999996 0.000009
0 0 0 0
0.262939 0.002441
-1.963867 2.177734 -0.391113
-0.002933 0.999996 0.000009
0 0 0 0
0.262939 0.028076
-1.963867 2.177734 -0.72876
-0.002933 0.999996 0.000009
0 0 0 0
0.736084 0.028076
-1.944336 1.025635 -0.72876
0.000978 1 0.000001
0 0 0 0
0.736084 0.028076
-1.963867 1.025635 -0.391113
0.000978 1 0.000001
0 0 0 0
0.262939 0.002441
-1.944336 1.025635 -0.391113
0.000978 1 0.000001
0 0 0 0
0.262939 0.028076
-1.963867 1.025635 -0.72876
0.000978 1 0.000001
0 0 0 0
0.736084 0.002441
-1.970703 1.008057 -0.391113
0.001382 -0.001382 0.999998
0 0 0 0
0.421875 0.027588
-1.9375 1.008057 -0.391113
-0.001382 -0.001382 0.999998
0 0 0 0
0.368896 0.027588
-1.944336 1.025635 -0.391113
-0.001382 -0.001382 0.999998
0 0 0 0
0.379883 0.00293
-1.963867 1.025635 -0.391113
0.001382 -0.001382 0.999998
0 0 0 0
0.410889 0.00293
-1.9375 1.008057 -0.391113
0.000978 -1 -0.000001
0 0 0 0
0.262939 0.002441
-1.970703 1.008057 -0.391113
0.000978 -1 -0.000001
0 0 0 0
0.262939 0.028076
-1.970703 1.008057 -0.72876
0.000978 -1 -0.000001
0 0 0 0
0.736084 0.028076
-1.9375 1.008057 -0.72876
0.000978 -1 -0.000001
0 0 0 0
0.736084 0.002441
-1.970703 1.008057 -0.391113
-1 0.000978 -0.000001
0 0 0 0
0.262939 0.002441
-1.970703 1.054199 -0.391113
-1 0.000978 -0.000001
0 0 0 0
0.262939 0.028076
-1.970703 1.054199 -0.72876
-1 0.000978 -0.000001
0 0 0 0
0.736084 0.028076
-1.970703 1.008057 -0.72876
-1 0.000978 -0.000001
0 0 0 0
0.736084 0.002441
-1.970703 1.054199 -0.391113
0.001382 0.001382 0.999998
0 0 0 0
0.458008 0.027588
-1.970703 1.008057 -0.391113
0.001382 -0.001382 0.999998
0 0 0 0
0.428711 0.027588
-1.963867 1.025635 -0.391113
0.001382 -0.001382 0.999998
0 0 0 0
0.439941 0.00293
-1.963867 1.054199 -0.391113
0.001382 0.001382 0.999998
0 0 0 0
0.458008 0.00293
-1.963867 1.025635 -0.391113
1 0.000978 0.000001
0 0 0 0
0.262939 0.028076
-1.963867 1.025635 -0.72876
1 0.000978 0.000001
0 0 0 0
0.736084 0.028076
-1.963867 1.054199 -0.72876
1 0.000978 0.000001
0 0 0 0
0.736084 0.002441
-1.963867 1.054199 -0.391113
1 0.000978 0.000001
0 0 0 0
0.262939 0.002441
-1.944336 1.025635 -0.72876
0.001382 0.001382 -0.999998
0 0 0 0
0.379883 0.00293
-1.9375 1.008057 -0.72876
0.001382 0.001382 -0.999998
0 0 0 0
0.368896 0.027588
-1.970703 1.008057 -0.72876
-0.001382 0.001382 -0.999998
0 0 0 0
0.421875 0.027588
-1.963867 1.025635 -0.72876
-0.001382 0.001382 -0.999998
0 0 0 0
0.410889 0.00293
-1.963867 1.025635 -0.72876
-0.001382 0.001382 -0.999998
0 0 0 0
0.439941 0.00293
-1.970703 1.008057 -0.72876
-0.001382 0.001382 -0.999998
0 0 0 0
0.428711 0.027588
-1.970703 1.054199 -0.72876
-0.001382 0.001382 -0.999998
0 0 0 0
0.458008 0.027588
-1.963867 1.054199 -0.72876
-0.001382 0.001382 -0.999998
0 0 0 0
0.458008 0.00293
-1.970703 1.054199 -0.72876
-0.002933 0.999996 0.000009
0 0 0 0
0.736084 0.002441
-1.970703 1.054199 -0.391113
-0.002933 0.999996 0.000009
0 0 0 0
0.262939 0.002441
-1.963867 1.054199 -0.391113
-0.002933 0.999996 0.000009
0 0 0 0
0.262939 0.028076
-1.963867 1.054199 -0.72876
-0.002933 0.999996 0.000009
0 0 0 0
0.736084 0.028076
1.041748 1.983887 0.969727
-0.001382 0.001382 -0.999998
0 0 0 0
0.996826 0.095215
-1.567627 2.294189 0.969727
-0.001382 0.001382 -0.999998
0 0 0 0
0.000977 0.21582
1.041748 2.294189 0.969727
-0.001382 0.001382 -0.999998
0 0 0 0
0.996826 0.21582
-1.567627 1.983887 0.969727
-0.001382 0.001382 -0.999998
0 0 0 0
0.000977 0.095215
1.041748 1.983887 0.969727
1 -0.000977 -0.000001
0 0 0 0
0.352783 0.002197
1.041748 2.294189 0.969727
1 0.000978 -0.000001
0 0 0 0
0.043945 0.002197
1.041748 2.294189 0.980957
1 0.000978 -0.000001
0 0 0 0
0.043945 0.028564
1.041748 1.972656 0.980957
1 -0.000977 -0.000001
0 0 0 0
0.36377 0.028564
1.041748 2.294189 0.969727
0.000978 1 -0.000001
0 0 0 0
0.996826 0.002441
-1.567627 2.294189 0.969727
0.000978 1 -0.000001
0 0 0 0
0.000977 0.002441
-1.567627 2.294189 0.980957
0.000978 1 -0.000001
0 0 0 0
0.000977 0.028076
1.041748 2.294189 0.980957
0.000978 1 -0.000001
0 0 0 0
0.996826 0.028076
1.041748 1.972656 0.980957
0.001382 0.001382 0.999998
0 0 0 0
0.996826 0.21582
1.041748 2.294189 0.980957
0.001382 0.001382 0.999998
0 0 0 0
0.996826 0.095215
-1.567627 2.294189 0.980957
0.001382 0.001382 0.999998
0 0 0 0
0.000977 0.095215
-1.567627 1.972656 0.980957
0.001382 0.001382 0.999998
0 0 0 0
0.000977 0.21582
-1.567627 2.294189 0.980957
-1 0.000978 -0.000001
0 0 0 0
0.043945 0.028564
-1.567627 2.294189 0.969727
-1 0.000978 -0.000001
0 0 0 0
0.043945 0.002197
-1.567627 1.983887 0.969727
-1 0.000978 -0.000001
0 0 0 0
0.352783 0.002197
-1.567627 1.972656 0.980957
-1 0.000978 -0.000001
0 0 0 0
0.36377 0.028564
1.041748 1.983887 0.969727
0.000978 1 -0.000001
0 0 0 0
0.996826 0.028076
-1.567627 1.983887 0.938721
0.000978 1 -0.000001
0 0 0 0
0.000977 0.002441
-1.567627 1.983887 0.969727
0.000978 1 -0.000001
0 0 0 0
0.000977 0.028076
1.041748 1.983887 0.938721
0.000978 1 -0.000001
0 0 0 0
0.996826 0.002441
-1.567627 1.972656 0.927734
-1 0.000978 -0.000001
0 0 0 0
0.421875 0.028564
-1.567627 1.972656 0.980957
-1 0.000978 -0.000001
0 0 0 0
0.368896 0.028564
-1.567627 1.983887 0.969727
-1 0.000978 -0.000001
0 0 0 0
0.379883 0.002197
-1.567627 1.983887 0.938721
-1 0.000978 -0.000001
0 0 0 0
0.410889 0.002197
1.041748 1.972656 0.980957
0.000978 -1 -0.000001
0 0 0 0
0.996826 0.002441
-1.567627 1.972656 0.980957
0.000978 -1 -0.000001
0 0 0 0
0.000977 0.002441
-1.567627 1.972656 0.927734
0.000978 -1 -0.000001
0 0 0 0
0.000977 0.028076
1.041748 1.972656 0.927734
0.000978 -1 -0.000001
0 0 0 0
0.996826 0.028076
-1.567627 1.972656 0.927734
0.001382 0.001382 -0.999998
0 0 0 0
0.000977 0.002441
-1.567627 2.001953 0.927734
0.001382 0.001382 -0.999998
0 0 0 0
0.000977 0.028076
1.041748 2.001953 0.927734
0.001382 0.001382 -0.999998
0 0 0 0
0.996826 0.028076
1.041748 1.972656 0.927734
0.001382 0.001382 -0.999998
0 0 0 0
0.996826 0.002441
-1.567627 2.001953 0.927734
-1 0.000978 -0.000001
0 0 0 0
0.458008 0.028564
-1.567627 1.972656 0.927734
-1 0.000978 -0.000001
0 0 0 0
0.428711 0.028564
-1.567627 1.983887 0.938721
-1 0.000978 -0.000001
0 0 0 0
0.439941 0.002441
-1.567627 2.001953 0.938721
-1 0.000978 -0.000001
0 0 0 0
0.458008 0.002441
-1.567627 1.983887 0.938721
0.001382 0.001382 0.999998
0 0 0 0
0.000977 0.028076
1.041748 1.983887 0.938721
0.001382 0.001382 0.999998
0 0 0 0
0.996826 0.028076
1.041748 2.001953 0.938721
0.001382 0.001382 0.999998
0 0 0 0
0.996826 0.002441
-1.567627 2.001953 0.938721
0.001382 0.001382 0.999998
0 0 0 0
0.000977 0.002441
1.041748 1.983887 0.969727
1 -0.000977 -0.000001
0 0 0 0
0.379883 0.002197
1.041748 1.972656 0.980957
1 -0.000977 -0.000001
0 0 0 0
0.368896 0.028564
1.041748 1.972656 0.927734
1 -0.000977 -0.000001
0 0 0 0
0.421875 0.028564
1.041748 1.983887 0.938721
1 -0.000977 -0.000001
0 0 0 0
0.410889 0.002197
1.041748 1.983887 0.938721
1 -0.000977 -0.000001
0 0 0 0
0.439941 0.002441
1.041748 1.972656 0.927734
1 -0.000977 -0.000001
0 0 0 0
0.428711 0.028564
1.041748 2.001953 0.927734
1 0.000978 -0.000001
0 0 0 0
0.458008 0.028564
1.041748 2.001953 0.938721
1 0.000978 -0.000001
0 0 0 0
0.458008 0.002441
1.041748 2.001953 0.927734
0.000978 1 0.000001
0 0 0 0
0.996826 0.002441
-1.567627 2.001953 0.927734
0.000978 1 0.000001
0 0 0 0
0.000977 0.002441
-1.567627 2.001953 0.938721
0.000978 1 0.000001
0 0 0 0
0.000977 0.028076
1.041748 2.001953 0.938721
0.000978 1 0.000001
0 0 0 0
0.996826 0.028076
1.041748 1.621582 0.969727
-0.001382 0.001382 -0.999998
0 0 0 0
0.996826 0.095215
-1.567627 1.931885 0.969727
-0.001382 0.001382 -0.999998
0 0 0 0
0.000977 0.21582
1.041748 1.931885 0.969727
-0.001382 0.001382 -0.999998
0 0 0 0
0.996826 0.21582
-1.567627 1.621582 0.969727
-0.001382 0.001382 -0.999998
0 0 0 0
0.000977 0.095215
1.041748 1.621582 0.969727
1 -0.000977 -0.000001
0 0 0 0
0.352783 0.002197
1.041748 1.931885 0.969727
1 0.000978 -0.000001
0 0 0 0
0.043945 0.002197
1.041748 1.931885 0.980957
1 0.000978 -0.000001
0 0 0 0
0.043945 0.028564
1.041748 1.610352 0.980957
1 -0.000977 -0.000001
0 0 0 0
0.36377 0.028564
1.041748 1.931885 0.969727
0.000978 1 -0.000001
0 0 0 0
0.996826 0.002441
-1.567627 1.931885 0.969727
0.000978 1 -0.000001
0 0 0 0
0.000977 0.002441
-1.567627 1.931885 0.980957
0.000978 1 -0.000001
0 0 0 0
0.000977 0.028076
1.041748 1.931885 0.980957
0.000978 1 -0.000001
0 0 0 0
0.996826 0.028076
1.041748 1.610352 0.980957
0.001382 0.001382 0.999998
0 0 0 0
0.996826 0.21582
1.041748 1.931885 0.980957
0.001382 0.001382 0.999998
0 0 0 0
0.996826 0.095215
-1.567627 1.931885 0.980957
0.001382 0.001382 0.999998
0 0 0 0
0.000977 0.095215
-1.567627 1.610352 0.980957
0.001382 0.001382 0.999998
0 0 0 0
0.000977 0.21582
-1.567627 1.931885 0.980957
-1 0.000978 -0.000001
0 0 0 0
0.043945 0.028564
-1.567627 1.931885 0.969727
-1 0.000978 -0.000001
0 0 0 0
0.043945 0.002197
-1.567627 1.621582 0.969727
-1 0.000978 -0.000001
0 0 0 0
0.352783 0.002197
-1.567627 1.610352 0.980957
-1 0.000978 -0.000001
0 0 0 0
0.36377 0.028564
1.041748 1.621582 0.969727
0.000978 1 -0.000001
0 0 0 0
0.996826 0.028076
-1.567627 1.621582 0.938721
0.000978 1 -0.000001
0 0 0 0
0.000977 0.002441
-1.567627 1.621582 0.969727
0.000978 1 -0.000001
0 0 0 0
0.000977 0.028076
1.041748 1.621582 0.938721
0.000978 1 -0.000001
0 0 0 0
0.996826 0.002441
-1.567627 1.610352 0.927734
-1 0.000978 -0.000001
0 0 0 0
0.421875 0.028564
-1.567627 1.610352 0.980957
-1 0.000978 -0.000001
0 0 0 0
0.368896 0.028564
-1.567627 1.621582 0.969727
-1 0.000978 -0.000001
0 0 0 0
0.379883 0.002197
-1.567627 1.621582 0.938721
-1 0.000978 -0.000001
0 0 0 0
0.410889 0.002197
1.041748 1.610352 0.980957
0.000978 -1 -0.000001
0 0 0 0
0.996826 0.002441
-1.567627 1.610352 0.980957
0.000978 -1 -0.000001
0 0 0 0
0.000977 0.002441
-1.567627 1.610352 0.927734
0.000978 -1 -0.000001
0 0 0 0
0.000977 0.028076
1.041748 1.610352 0.927734
0.000978 -1 -0.000001
0 0 0 0
0.996826 0.028076
-1.567627 1.610352 0.927734
0.001382 0.001382 -0.999998
0 0 0 0
0.000977 0.002441
-1.567627 1.639648 0.927734
0.001382 0.001382 -0.999998
0 0 0 0
0.000977 0.028076
1.041748 1.639648 0.927734
0.001382 0.001382 -0.999998
0 0 0 0
0.996826 0.028076
1.041748 1.610352 0.927734
0.001382 0.001382 -0.999998
0 0 0 0
0.996826 0.002441
-1.567627 1.639648 0.927734
-1 0.000978 -0.000001
0 0 0 0
0.458008 0.028564
-1.567627 1.610352 0.927734
-1 0.000978 -0.000001
0 0 0 0
0.428711 0.028564
-1.567627 1.621582 0.938721
-1 0.000978 -0.000001
0 0 0 0
0.439941 0.002441
-1.567627 1.639893 0.938721
-1 0.000978 -0.000001
0 0 0 0
0.458008 0.002441
-1.567627 1.621582 0.938721
0.001382 0.001382 0.999998
0 0 0 0
0.000977 0.028076
1.041748 1.621582 0.938721
0.001382 0.001382 0.999998
0 0 0 0
0.996826 0.028076
1.041748 1.639893 0.938721
0.001382 0.001382 0.999998
0 0 0 0
0.996826 0.002441
-1.567627 1.639893 0.938721
0.001382 0.001382 0.999998
0 0 0 0
0.000977 0.002441
1.041748 1.621582 0.969727
1 -0.000977 -0.000001
0 0 0 0
0.379883 0.002197
1.041748 1.610352 0.980957
1 -0.000977 -0.000001
0 0 0 0
0.368896 0.028564
1.041748 1.610352 0.927734
1 -0.000977 -0.000001
0 0 0 0
0.421875 0.028564
1.041748 1.621582 0.938721
1 -0.000977 -0.000001
0 0 0 0
0.410889 0.002197
1.041748 1.621582 0.938721
1 -0.000977 -0.000001
0 0 0 0
0.439941 0.002441
1.041748 1.610352 0.927734
1 -0.000977 -0.000001
0 0 0 0
0.428711 0.028564
1.041748 1.639648 0.927734
1 0.000978 -0.000001
0 0 0 0
0.458008 0.028564
1.041748 1.639893 0.938721
1 0.000978 -0.000001
0 0 0 0
0.458008 0.002441
1.041748 1.639648 0.927734
0.000978 1 0.000001
0 0 0 0
0.996826 0.002441
-1.567627 1.639648 0.927734
0.000978 1 0.000001
0 0 0 0
0.000977 0.002441
-1.567627 1.639893 0.938721
0.000978 1 0.000001
0 0 0 0
0.000977 0.028076
1.041748 1.639893 0.938721
0.000978 1 0.000001
0 0 0 0
0.996826 0.028076
1.777588 0.199463 -1.118652
-0.001382 0.001382 -0.999998
0 0 0 0
0.685303 0.003174
0.925293 0.199463 -1.118652
0.001382 0.001382 -0.999998
0 0 0 0
0.050049 0.003174
0.961914 0.234375 -1.118652
0.001382 0.001382 -0.999998
0 0 0 0
0.077393 0.028076
1.740967 0.234375 -1.118652
-0.001382 0.001382 -0.999998
0 0 0 0
0.657959 0.028076
1.777588 0.729248 -1.118652
-0.001382 0.001382 -0.999998
0 0 0 0
0.564941 0.003174
1.777588 0.199463 -1.118652
-0.001382 0.001382 -0.999998
0 0 0 0
0.170166 0.003174
1.740967 0.234375 -1.118652
-0.001382 0.001382 -0.999998
0 0 0 0
0.196289 0.028076
1.740967 0.694336 -1.118652
-0.001382 0.001382 -0.999998
0 0 0 0
0.539062 0.028076
1.814697 0.729248 -1.118652
0.001382 0.001382 -0.999998
0 0 0 0
0.571045 0.003418
1.814697 0.199463 -1.118652
0.001382 0.001382 -0.999998
0 0 0 0
0.258545 0.003418
1.777588 0.199463 -1.118652
-0.001382 0.001382 -0.999998
0 0 0 0
0.258545 0.027588
1.777588 0.729248 -1.118652
-0.001382 0.001382 -0.999998
0 0 0 0
0.571045 0.027588
0.925293 0.729248 -1.118652
0.001382 0.001382 -0.999998
0 0 0 0
0.050049 0.003174
1.777588 0.729248 -1.118652
-0.001382 0.001382 -0.999998
0 0 0 0
0.685303 0.003174
1.740967 0.694336 -1.118652
-0.001382 0.001382 -0.999998
0 0 0 0
0.657959 0.028076
0.961914 0.694336 -1.118652
0.001382 0.001382 -0.999998
0 0 0 0
0.077393 0.028076
1.777588 0.729248 -1.118652
-0.000977 1 -0.000001
0 0 0 0
0.345703 0.027588
1.777344 0.729248 -0.930908
0.000978 1 -0.000001
0 0 0 0
0.456299 0.027588
1.814697 0.729248 -1.118652
0.000978 1 -0.000001
0 0 0 0
0.345703 0.003418
1.815918 0.729004 -0.884277
0.004888 0.999988 -0.000024
0 0 0 0
0.483887 0.003418
1.777344 0.729248 -0.884277
0.004888 0.999988 -0.000024
0 0 0 0
0.483887 0.027588
1.351562 0.729248 -1.118652
-0.000977 1 -0.000001
0 0 0 0
0.801025 0.033203
1.777344 0.729248 -0.930908
0.000978 1 -0.000001
0 0 0 0
0.996582 0.091064
1.777588 0.729248 -1.118652
-0.000977 1 -0.000001
0 0 0 0
0.996582 0.033203
1.351318 0.729004 -0.930908
-0.000977 1 -0.000001
0 0 0 0
0.801025 0.091064
1.815918 0.729004 -0.884277
-0.001382 0.001382 0.999998
0 0 0 0
0.254395 0.003418
1.777344 0.184814 -0.884277
-0.001382 0.001382 0.999998
0 0 0 0
0.575195 0.027588
1.816895 0.184814 -0.884277
-0.001382 0.001382 0.999998
0 0 0 0
0.575195 0.003418
1.777344 0.729248 -0.884277
-0.001382 0.001382 0.999998
0 0 0 0
0.254395 0.027588
1.777344 0.184814 -0.930908
-1 0.000978 0.000001
0 0 0 0
-0.111084 0.028564
1.777344 0.184814 -0.884277
-1 0.000978 0.000001
0 0 0 0
-0.111084 0.003662
1.777344 0.729248 -0.884277
-1 0.000978 0.000001
0 0 0 0
-0.399414 0.003662
1.777344 0.729248 -0.930908
-1 0.000978 0.000001
0 0 0 0
-0.399414 0.028564
1.777344 0.184814 -0.930908
0.001382 0.001382 0.999998
0 0 0 0
0.996582 0.219727
1.777344 0.729248 -0.930908
0.001382 0.001382 0.999998
0 0 0 0
0.996582 0.466064
1.351318 0.729004 -0.930908
0.001382 0.001382 0.999998
0 0 0 0
0.801025 0.466064
1.351318 0.184814 -0.930908
0.001382 0.001382 0.999998
0 0 0 0
0.801025 0.219727
0.925293 0.729248 -1.118652
-0.000977 1 -0.000001
0 0 0 0
0.996582 0.033203
1.351318 0.729004 -0.930908
-0.000977 1 -0.000001
0 0 0 0
0.801025 0.091064
1.351562 0.729248 -1.118652
-0.000977 1 -0.000001
0 0 0 0
0.801025 0.033203
0.925293 0.729004 -0.930908
-0.000977 1 -0.000001
0 0 0 0
0.996582 0.091064
1.351318 0.184814 -0.930908
0.001382 0.001382 0.999998
0 0 0 0
0.801025 0.219727
1.351318 0.729004 -0.930908
0.001382 0.001382 0.999998
0 0 0 0
0.801025 0.466064
0.925293 0.729004 -0.930908
0.001382 0.001382 0.999998
0 0 0 0
0.996582 0.466064
0.925293 0.18457 -0.930908
0.001382 0.001382 0.999998
0 0 0 0
0.996582 0.219727
0.961914 0.234375 -1.118652
0.001382 0.001382 -0.999998
0 0 0 0
0.196289 0.028076
0.925293 0.199463 -1.118652
0.001382 0.001382 -0.999998
0 0 0 0
0.170166 0.003174
0.925293 0.729248 -1.118652
0.001382 0.001382 -0.999998
0 0 0 0
0.564941 0.003174
0.961914 0.694336 -1.118652
0.001382 0.001382 -0.999998
0 0 0 0
0.539062 0.028076
0.925293 0.682617 -1.118652
0.001382 0.001382 -0.999998
0 0 0 0
1.003418 0.027588
0.925293 0.199463 -1.118652
0.001382 0.001382 -0.999998
0 0 0 0
1.207764 0.027588
0.888184 0.199463 -1.118652
0.001382 0.001382 -0.999998
0 0 0 0
1.207764 0.003418
0.888184 0.682617 -1.118652
0.001382 0.001382 -0.999998
0 0 0 0
1.003418 0.003418
0.020508 0.682617 -1.118652
0.001382 0.001382 -0.999998
0 0 0 0
1.003418 0.027588
0.020508 0.199463 -1.118652
0.001382 0.001382 -0.999998
0 0 0 0
1.207764 0.027588
-0.016602 0.199463 -1.118652
0.001382 0.001382 -0.999998
0 0 0 0
1.207764 0.003418
-0.016602 0.682617 -1.118652
0.001382 0.001382 -0.999998
0 0 0 0
1.003418 0.003418
-1.775635 0.682617 -1.118652
0.001382 0.001382 -0.999998
0 0 0 0
1.003418 0.027588
-1.775635 0.199463 -1.118652
0.001382 0.001382 -0.999998
0 0 0 0
1.207764 0.027588
-1.812744 0.199463 -1.118652
0.001382 0.001382 -0.999998
0 0 0 0
1.207764 0.003418
-1.812744 0.682617 -1.118652
0.001382 0.001382 -0.999998
0 0 0 0
1.003418 0.003418
0.925293 0.729248 -1.118652
-0.000977 1 -0.000001
0 0 0 0
0.997314 0.095703
-1.812744 0.729248 -1.118652
0.000978 1 -0.000001
0 0 0 0
0.002686 0.095703
-1.812744 0.729248 -0.710205
0.000978 1 -0.000001
0 0 0 0
0.002686 0.217285
0.926025 0.729248 -0.710205
0.000978 1 -0.000001
0 0 0 0
0.997314 0.217285
-1.775635 0.682617 -1.118652
0.001382 0.001382 -0.999998
0 0 0 0
0.983887 0.027588
-1.812744 0.682617 -1.118652
0.001382 0.001382 -0.999998
0 0 0 0
0.997314 0.027588
-1.812744 0.729248 -1.118652
0.001382 0.001382 -0.999998
0 0 0 0
0.997314 0.003174
0.925293 0.729248 -1.118652
0.001382 0.001382 -0.999998
0 0 0 0
0.001709 0.003174
0.925293 0.682617 -1.118652
0.001382 0.001382 -0.999998
0 0 0 0
0.001709 0.027588
-1.775635 0.682617 -1.118652
0.001382 0.001382 -0.999998
0 0 0 0
0.983887 0.027588
0.925293 0.682617 -1.118652
0.001382 0.001382 -0.999998
0 0 0 0
0.001709 0.027588
0.888184 0.682617 -1.118652
0.001382 0.001382 -0.999998
0 0 0 0
0.015137 0.027588
0.454346 0.682617 -1.118652
0.001382 0.001382 -0.999998
0 0 0 0
0.172852 0.027588
0.020508 0.682617 -1.118652
0.001382 0.001382 -0.999998
0 0 0 0
0.330566 0.027588
-0.016602 0.682617 -1.118652
0.001382 0.001382 -0.999998
0 0 0 0
0.344238 0.027588
-0.452637 0.682617 -1.118652
0.001382 0.001382 -0.999998
0 0 0 0
0.502686 0.027588
-0.888916 0.682617 -1.118652
0.001382 0.001382 -0.999998
0 0 0 0
0.661377 0.027588
-0.926025 0.682617 -1.118652
0.001382 0.001382 -0.999998
0 0 0 0
0.674805 0.027588
-1.35083 0.682617 -1.118652
0.001382 0.001382 -0.999998
0 0 0 0
0.829346 0.027588
-0.888916 0.682617 -1.118652
0.001382 0.001382 -0.999998
0 0 0 0
1.003418 0.027588
-0.888916 0.199463 -1.118652
0.001382 0.001382 -0.999998
0 0 0 0
1.207764 0.027588
-0.926025 0.199463 -1.118652
0.001382 0.001382 -0.999998
0 0 0 0
1.207764 0.003418
-0.926025 0.682617 -1.118652
0.001382 0.001382 -0.999998
0 0 0 0
1.003418 0.003418
1.740967 0.61084 -1.118652
0.001382 0.001382 -0.999998
0 0 0 0
0.979736 0.028076
0.961914 0.61084 -1.118652
0.001382 0.001382 -0.999998
0 0 0 0
0.39917 0.028076
0.961914 0.652588 -1.118652
0.001382 0.001382 -0.999998
0 0 0 0
0.39917 0.003174
1.740967 0.652588 -1.118652
0.001382 0.001382 -0.999998
0 0 0 0
0.979736 0.003174
1.740967 0.652588 -1.118652
0.001294 0.658663 -0.752437
0 0 0 0
0.685303 0.003174
0.961914 0.652588 -1.118652
0.001294 0.658663 -0.752437
0 0 0 0
0.104736 0.003174
0.961914 0.694824 -1.081787
0.001294 0.658663 -0.752437
0 0 0 0
0.104736 0.028076
1.740967 0.694824 -1.081787
0.001294 0.658663 -0.752437
0 0 0 0
0.685303 0.028076
1.740967 0.276367 -1.118652
0.001382 0.001382 -0.999998
0 0 0 0
0.979736 0.028076
0.961914 0.276367 -1.118652
0.001382 0.001382 -0.999998
0 0 0 0
0.39917 0.028076
0.961914 0.318115 -1.118652
0.001382 0.001382 -0.999998
0 0 0 0
0.39917 0.003174
1.740967 0.318115 -1.118652
0.001382 0.001382 -0.999998
0 0 0 0
0.979736 0.003174
0.961914 0.276367 -1.118652
0.000981 -0.999969 0.007804
0 0 0 0
0.104736 0.028076
1.740967 0.276367 -1.118652
0.000981 -0.999969 0.007804
0 0 0 0
0.685303 0.028076
1.740967 0.276611 -1.081787
0.000981 -0.999969 0.007804
0 0 0 0
0.685303 0.003174
0.961914 0.276611 -1.081787
0.000981 -0.999969 0.007804
0 0 0 0
0.104736 0.003174
1.740967 0.234375 -1.118652
0.001294 0.658663 -0.752437
0 0 0 0
0.685303 0.003174
0.961914 0.276611 -1.081787
0.001294 0.658663 -0.752437
0 0 0 0
0.104736 0.028076
1.740967 0.276611 -1.081787
0.001294 0.658663 -0.752437
0 0 0 0
0.685303 0.028076
0.961914 0.234375 -1.118652
0.001294 0.658663 -0.752437
0 0 0 0
0.104736 0.003174
1.740967 0.318115 -1.118652
0.001294 0.658663 -0.752437
0 0 0 0
0.685303 0.003174
0.961914 0.318115 -1.118652
0.001294 0.658663 -0.752437
0 0 0 0
0.104736 0.003174
0.961914 0.360352 -1.081787
0.001294 0.658663 -0.752437
0 0 0 0
0.104736 0.028076
1.740967 0.360352 -1.081787
0.001294 0.658663 -0.752437
0 0 0 0
0.685303 0.028076
1.740967 0.359863 -1.118652
0.001382 0.001382 -0.999998
0 0 0 0
0.979736 0.028076
0.961914 0.359863 -1.118652
0.001382 0.001382 -0.999998
0 0 0 0
0.39917 0.028076
0.961914 0.401855 -1.118652
0.001382 0.001382 -0.999998
0 0 0 0
0.39917 0.003174
1.740967 0.401855 -1.118652
0.001382 0.001382 -0.999998
0 0 0 0
0.979736 0.003174
0.961914 0.359863 -1.118652
0.000981 -0.999969 0.007804
0 0 0 0
0.104736 0.028076
1.740967 0.359863 -1.118652
0.000981 -0.999969 0.007804
0 0 0 0
0.685303 0.028076
1.740967 0.360352 -1.081787
0.000981 -0.999969 0.007804
0 0 0 0
0.685303 0.003174
0.961914 0.360352 -1.081787
0.000981 -0.999969 0.007804
0 0 0 0
0.104736 0.003174
1.740967 0.401855 -1.118652
0.001294 0.658663 -0.752437
0 0 0 0
0.685303 0.003174
0.961914 0.401855 -1.118652
0.001294 0.658663 -0.752437
0 0 0 0
0.104736 0.003174
0.961914 0.443848 -1.081787
0.001294 0.658663 -0.752437
0 0 0 0
0.104736 0.028076
1.740967 0.443848 -1.081787
0.001294 0.658663 -0.752437
0 0 0 0
0.685303 0.028076
1.740967 0.443604 -1.118652
0.001382 0.001382 -0.999998
0 0 0 0
0.979736 0.028076
0.961914 0.443604 -1.118652
0.001382 0.001382 -0.999998
0 0 0 0
0.39917 0.028076
0.961914 0.485352 -1.118652
0.001382 0.001382 -0.999998
0 0 0 0
0.39917 0.003174
1.740967 0.485352 -1.118652
0.001382 0.001382 -0.999998
0 0 0 0
0.979736 0.003174
0.961914 0.443604 -1.118652
0.000981 -0.999969 0.007804
0 0 0 0
0.104736 0.028076
1.740967 0.443604 -1.118652
0.000981 -0.999969 0.007804
0 0 0 0
0.685303 0.028076
1.740967 0.443848 -1.081787
0.000981 -0.999969 0.007804
0 0 0 0
0.685303 0.003174
0.961914 0.443848 -1.081787
0.000981 -0.999969 0.007804
0 0 0 0
0.104736 0.003174
0.961914 0.485352 -1.118652
0.001294 0.658663 -0.752437
0 0 0 0
0.104736 0.003174
-2.006104 0.170166 1.125977
0.001382 0.001382 0.999998
0 0 0 0
0.004395 0.002197
0.000977 0.132568 1.141357
0.00128 0.70005 0.714093
0 0 0 0
0.899658 0.02832
0.000977 0.148193 1.125977
0.00128 0.70005 0.714093
0 0 0 0
0.899658 0.002197
-2.006104 0.148193 1.125977
-0.438944 0.809915 0.389057
0 0 0 0
0.004395 0.002197
-2.021729 0.132568 1.141357
-0.438944 0.809915 0.389057
0 0 0 0
0.004395 0.02832
-2.021729 0.132568 1.141357
0.001382 0.001382 0.999998
0 0 0 0
0.004395 0.033691
-2.021729 0.000488 1.141357
0.001382 0.001382 0.999998
0 0 0 0
0.004395 0.090088
0.000977 0.000488 1.141357
0.001382 0.001382 0.999998
0 0 0 0
0.899658 0.090088
0.000977 0.132568 1.141357
0.001382 0.001382 0.999998
0 0 0 0
0.899658 0.033691
0.000977 0.170166 -1.118652
0.001382 0.001382 -0.999998
0 0 0 0
0.987305 0.027588
0.000977 0.199463 -1.118652
0.001382 0.001382 -0.999998
0 0 0 0
0.987305 0.00293
1.814697 0.199463 -1.118652
0.001382 0.001382 -0.999998
0 0 0 0
0.003174 0.00293
1.814697 0.170166 -1.118652
0.001382 0.001382 -0.999998
0 0 0 0
0.003174 0.027588
-1.812744 0.170166 -1.118652
0.001382 0.001382 -0.999998
0 0 0 0
0.003174 0.027588
-1.812744 0.199463 -1.118652
0.001382 0.001382 -0.999998
0 0 0 0
0.003174 0.00293
0.000977 0.199463 -1.118652
0.001382 0.001382 -0.999998
0 0 0 0
0.987305 0.00293
0.000977 0.170166 -1.118652
0.001382 0.001382 -0.999998
0 0 0 0
0.987305 0.027588
0.925293 1.567871 -0.69458
0.001382 0.001382 -0.999998
0 0 0 0
0.99585 0.002197
-1.86792 1.567871 -0.69458
0.001382 0.001382 -0.999998
0 0 0 0
0.003662 0.002197
-1.86792 1.615723 -0.69458
0.001382 0.001382 -0.999998
0 0 0 0
0.003662 0.028076
0.925293 1.615723 -0.69458
0.001382 0.001382 -0.999998
0 0 0 0
0.99585 0.028076
0.925293 1.615723 -0.69458
0.000978 1 -0.000001
0 0 0 0
0.99585 0.033936
-1.86792 1.615723 -0.69458
0.000978 1 -0.000001
0 0 0 0
0.003662 0.033936
-1.86792 1.615723 -0.566162
0.000978 1 -0.000001
0 0 0 0
0.003662 0.091064
0.925293 1.615723 -0.566162
0.000978 1 -0.000001
0 0 0 0
0.99585 0.091064
0.926025 0.729248 -0.710205
0.001382 0.001382 -0.999998
0 0 0 0
0.99585 0.033936
-1.866699 0.729248 -0.710205
0.001382 0.001382 -0.999998
0 0 0 0
0.003662 0.033936
-1.866699 0.876221 -0.710205
0.001382 0.001382 -0.999998
0 0 0 0
0.003662 0.091064
0.926514 0.876221 -0.710205
0.001382 0.001382 -0.999998
0 0 0 0
0.99585 0.091064
0.925293 1.224854 -0.571533
0.001382 0.001382 -0.999998
0 0 0 0
0.99585 0.096436
-1.86792 1.224854 -0.571533
0.001382 0.001382 -0.999998
0 0 0 0
0.003662 0.096436
-1.86792 1.567871 -0.571533
0.001382 0.001382 -0.999998
0 0 0 0
0.003662 0.215576
0.925293 1.567871 -0.571533
0.001382 0.001382 -0.999998
0 0 0 0
0.99585 0.215576
0.925293 1.224854 -0.863281
0.000978 1 -0.000001
0 0 0 0
0.99585 0.096436
-1.86792 1.224854 -0.863281
0.000978 1 -0.000001
0 0 0 0
0.003662 0.096436
-1.86792 1.224854 -0.571533
0.000978 1 -0.000001
0 0 0 0
0.003662 0.215576
0.925293 1.224854 -0.571533
0.000978 1 -0.000001
0 0 0 0
0.99585 0.215576
-1.86792 1.567871 -0.69458
0.000978 -1 -0.000001
0 0 0 0
0.003662 0.091064
0.925293 1.567871 -0.69458
0.000978 -1 -0.000001
0 0 0 0
0.99585 0.091064
0.925293 1.567871 -0.571533
0.000978 -1 -0.000001
0 0 0 0
0.99585 0.033936
-1.86792 1.567871 -0.571533
0.000978 -1 -0.000001
0 0 0 0
0.003662 0.033936
0.925293 0.758057 -0.316162
0.001382 0.001382 0.999998
0 0 0 0
0.99585 0.221436
-1.86792 0.758057 -0.316162
0.001382 0.001382 0.999998
0 0 0 0
0.003662 0.221436
-1.86792 0.184814 -0.316162
0.001382 0.001382 0.999998
0 0 0 0
0.003662 0.466553
0.925293 0.184814 -0.316162
0.001382 0.001382 0.999998
0 0 0 0
0.99585 0.466553
0.925293 0.875732 -0.863281
0.001382 0.001382 -0.999998
0 0 0 0
0.99585 0.096436
-1.86792 0.875732 -0.863281
0.001382 0.001382 -0.999998
0 0 0 0
0.003662 0.096436
-1.86792 1.224854 -0.863281
0.001382 0.001382 -0.999998
0 0 0 0
0.003662 0.215576
0.925293 1.224854 -0.863281
0.001382 0.001382 -0.999998
0 0 0 0
0.99585 0.215576
-1.866699 0.876221 -0.710205
0.000979 -0.999992 0.003905
0 0 0 0
0.003662 0.033936
-1.86792 0.875732 -0.863281
0.000979 -0.999992 0.003905
0 0 0 0
0.003662 0.091064
0.925293 0.875732 -0.863281
0.000979 -0.999992 0.003905
0 0 0 0
0.99585 0.091064
0.926514 0.876221 -0.710205
0.000979 -0.999992 0.003905
0 0 0 0
0.99585 0.033936
0.925293 1.615723 -0.316162
0.001382 0.001382 0.999998
0 0 0 0
0.99585 0.470703
-1.86792 1.615723 -0.316162
0.001382 0.001382 0.999998
0 0 0 0
0.003662 0.470703
-1.86792 0.758057 -0.316162
0.001382 0.001382 0.999998
0 0 0 0
0.003662 0.9021
0.925293 0.758057 -0.316162
0.001382 0.001382 0.999998
0 0 0 0
0.99585 0.9021
0.925293 1.615723 -0.566162
0.000978 1 -0.000001
0 0 0 0
0.99585 0.033936
-1.86792 1.615723 -0.566162
0.000978 1 -0.000001
0 0 0 0
0.003662 0.033936
-1.86792 1.615723 -0.316162
0.000978 1 -0.000001
0 0 0 0
0.003662 0.091064
0.925293 1.615723 -0.316162
0.000978 1 -0.000001
0 0 0 0
0.99585 0.091064
1.939697 1.082764 0.680908
1 0.000978 -0.000001
0 0 0 0
-0.003418 0.90332
1.939697 1.082764 -0.680908
1 0.000978 -0.000001
0 0 0 0
-0.003418 0.471436
1.939697 1.980957 -0.680908
1 0.000978 -0.000001
0 0 0 0
-0.279541 0.471436
1.939697 1.980957 0.680908
1 0.000978 -0.000001
0 0 0 0
-0.279541 0.90332
1.939697 1.980957 0.680908
1 0.000978 -0.000001
0 0 0 0
-0.279541 0.90332
1.939697 1.980957 -0.680908
1 0.000978 -0.000001
0 0 0 0
-0.279541 0.471436
1.939697 2.879395 -0.680908
1 0.000978 -0.000001
0 0 0 0
-0.003418 0.471436
1.939697 2.879395 0.680908
1 0.000978 -0.000001
0 0 0 0
-0.003418 0.90332
0.483643 3.259521 -1.891846
0.001007 -0.998102 -0.061582
0 0 0 0
0.00293 0.091064
0.637207 3.259521 -1.891846
0.001007 -0.998102 -0.061582
0 0 0 0
0.00293 0.033447
0.637207 3.19165 -0.800537
0.000993 -0.999518 -0.031035
0 0 0 0
0.34375 0.033447
0.483643 3.19165 -0.800537
0.000993 -0.999518 -0.031035
0 0 0 0
0.34375 0.091064
0.483643 3.191895 0.798096
0.000978 -1 -0.000001
0 0 0 0
0.821045 0.091064
0.637207 3.191895 0.798096
0.000978 -1 -0.000001
0 0 0 0
0.821045 0.033447
0.483643 3.28125 -1.890625
-1 0.000978 -0.000001
0 0 0 0
0.00293 0.002686
0.483643 3.259521 -1.891846
-1 0.000978 -0.000001
0 0 0 0
0.00293 0.027588
0.483643 3.19165 -0.800537
-1 0.000978 -0.000001
0 0 0 0
0.34375 0.027588
0.483643 3.213379 -0.799072
-1 0.000978 -0.000001
0 0 0 0
0.34375 0.002686
0.483643 3.213379 0.794678
-1 0.000978 -0.000001
0 0 0 0
0.821045 0.002686
0.483643 3.191895 0.798096
-1 0.000978 -0.000001
0 0 0 0
0.821045 0.027588
0.483643 3.282471 1.366211
-1 0.000978 -0.000001
0 0 0 0
0.99707 0.027588
0.483643 3.303955 1.362793
-1 0.000978 -0.000001
0 0 0 0
0.99707 0.002686
0.483643 3.28125 -1.890625
0.001007 0.998102 0.061582
0 0 0 0
0.00293 0.091064
0.637207 3.213379 -0.799072
0.000993 0.999518 0.031035
0 0 0 0
0.34375 0.033447
0.637207 3.28125 -1.890625
0.001007 0.998102 0.061582
0 0 0 0
0.00293 0.033447
0.483643 3.213379 -0.799072
0.000993 0.999518 0.031035
0 0 0 0
0.34375 0.091064
0.483643 3.213379 0.794678
0.000978 1 -0.000001
0 0 0 0
0.821045 0.091064
0.637207 3.213379 0.794678
0.000978 1 -0.000001
0 0 0 0
0.821045 0.033447
0.483643 3.259521 -1.891846
0.001382 0.062179 -0.998064
0 0 0 0
0.24707 -0.002441
0.483643 3.28125 -1.890625
0.001382 0.062179 -0.998064
0 0 0 0
0.222412 -0.002441
0.637207 3.28125 -1.890625
0.001382 0.062179 -0.998064
0 0 0 0
0.222412 -0.090332
0.637207 3.259521 -1.891846
0.001382 0.062179 -0.998064
0 0 0 0
0.24707 -0.090332
0.637207 3.28125 -1.890625
1 0.000978 -0.000001
0 0 0 0
0.00293 0.002686
0.637207 3.19165 -0.800537
1 -0.000977 -0.000001
0 0 0 0
0.34375 0.027588
0.637207 3.259521 -1.891846
1 0.000978 -0.000001
0 0 0 0
0.00293 0.027588
0.637207 3.213379 -0.799072
1 -0.000977 -0.000001
0 0 0 0
0.34375 0.002686
0.637207 3.213379 0.794678
1 -0.000977 -0.000001
0 0 0 0
0.821045 0.002686
0.637207 3.191895 0.798096
1 -0.000977 -0.000001
0 0 0 0
0.821045 0.027588
0.637207 3.282471 1.366211
1 -0.000977 -0.000001
0 0 0 0
0.99707 0.027588
0.637207 3.303955 1.362793
1 -0.000977 -0.000001
0 0 0 0
0.99707 0.002686
0.483643 3.282471 1.366211
0.001052 -0.987522 0.15748
0 0 0 0
0.99707 0.091064
0.483643 3.191895 0.798096
0.001052 -0.987522 0.15748
0 0 0 0
0.821045 0.091064
0.637207 3.191895 0.798096
0.001052 -0.987522 0.15748
0 0 0 0
0.821045 0.033447
0.637207 3.282471 1.366211
0.001052 -0.987522 0.15748
0 0 0 0
0.99707 0.033447
0.483643 3.303955 1.362793
0.001052 0.987522 -0.15748
0 0 0 0
0.99707 0.091064
0.637207 3.213379 0.794678
0.001052 0.987522 -0.15748
0 0 0 0
0.821045 0.033447
0.483643 3.213379 0.794678
0.001052 0.987522 -0.15748
0 0 0 0
0.821045 0.091064
0.637207 3.303955 1.362793
0.001052 0.987522 -0.15748
0 0 0 0
0.99707 0.033447
0.483643 3.282471 1.366211
0.001378 0.155736 0.987798
0 0 0 0
0.222412 -0.002441
0.637207 3.282471 1.366211
0.001378 0.155736 0.987798
0 0 0 0
0.222412 -0.090332
0.637207 3.303955 1.362793
0.001378 0.155736 0.987798
0 0 0 0
0.24707 -0.090332
0.483643 3.303955 1.362793
0.001378 0.155736 0.987798
0 0 0 0
0.24707 -0.002441
1.604248 3.259521 -1.891846
0.001007 -0.998102 -0.061582
0 0 0 0
0.00293 0.091064
1.757812 3.259521 -1.891846
0.001007 -0.998102 -0.061582
0 0 0 0
0.00293 0.033447
1.757812 3.19165 -0.800537
0.000993 -0.999518 -0.031035
0 0 0 0
0.34375 0.033447
1.604248 3.19165 -0.800537
0.000993 -0.999518 -0.031035
0 0 0 0
0.34375 0.091064
1.604248 3.191895 0.798096
0.000978 -1 -0.000001
0 0 0 0
0.821045 0.091064
1.757812 3.191895 0.798096
0.000978 -1 -0.000001
0 0 0 0
0.821045 0.033447
1.604248 3.28125 -1.890625
-1 0.000978 -0.000001
0 0 0 0
0.00293 0.002686
1.604248 3.259521 -1.891846
-1 0.000978 -0.000001
0 0 0 0
0.00293 0.027588
1.604248 3.19165 -0.800537
-1 0.000978 -0.000001
0 0 0 0
0.34375 0.027588
1.604248 3.213379 -0.799072
-1 0.000978 -0.000001
0 0 0 0
0.34375 0.002686
1.604248 3.213379 0.794678
-1 0.000978 -0.000001
0 0 0 0
0.821045 0.002686
1.604248 3.191895 0.798096
-1 0.000978 -0.000001
0 0 0 0
0.821045 0.027588
1.604248 3.282471 1.366211
-1 0.000978 -0.000001
0 0 0 0
0.99707 0.027588
1.604248 3.303955 1.362793
-1 0.000978 -0.000001
0 0 0 0
0.99707 0.002686
1.604248 3.28125 -1.890625
0.001007 0.998102 0.061582
0 0 0 0
0.00293 0.091064
1.757812 3.213379 -0.799072
0.000993 0.999518 0.031035
0 0 0 0
0.34375 0.033447
1.757812 3.28125 -1.890625
0.001007 0.998102 0.061582
0 0 0 0
0.00293 0.033447
1.604248 3.213379 -0.799072
0.000993 0.999518 0.031035
0 0 0 0
0.34375 0.091064
1.604248 3.213379 0.794678
0.000978 1 -0.000001
0 0 0 0
0.821045 0.091064
1.757812 3.213379 0.794678
0.000978 1 -0.000001
0 0 0 0
0.821045 0.033447
1.604248 3.259521 -1.891846
0.001382 0.062179 -0.998064
0 0 0 0
0.24707 -0.002441
1.604248 3.28125 -1.890625
0.001382 0.062179 -0.998064
0 0 0 0
0.222412 -0.002441
1.757812 3.28125 -1.890625
0.001382 0.062179 -0.998064
0 0 0 0
0.222412 -0.090332
1.757812 3.259521 -1.891846
0.001382 0.062179 -0.998064
0 0 0 0
0.24707 -0.090332
1.757812 3.28125 -1.890625
1 -0.000977 -0.000001
0 0 0 0
0.00293 0.002686
1.757812 3.19165 -0.800537
1 -0.000977 -0.000001
0 0 0 0
0.34375 0.027588
1.757812 3.259521 -1.891846
1 -0.000977 -0.000001
0 0 0 0
0.00293 0.027588
1.757812 3.213379 -0.799072
1 -0.000977 -0.000001
0 0 0 0
0.34375 0.002686
1.757812 3.213379 0.794678
1 -0.000977 -0.000001
0 0 0 0
0.821045 0.002686
1.757812 3.191895 0.798096
1 -0.000977 -0.000001
0 0 0 0
0.821045 0.027588
1.757812 3.282471 1.366211
1 -0.000977 -0.000001
0 0 0 0
0.99707 0.027588
1.757812 3.303955 1.362793
1 -0.000977 -0.000001
0 0 0 0
0.99707 0.002686
1.604248 3.282471 1.366211
0.001052 -0.987522 0.15748
0 0 0 0
0.99707 0.091064
1.604248 3.191895 0.798096
0.001052 -0.987522 0.15748
0 0 0 0
0.821045 0.091064
1.757812 3.191895 0.798096
0.001052 -0.987522 0.15748
0 0 0 0
0.821045 0.033447
1.757812 3.282471 1.366211
0.001052 -0.987522 0.15748
0 0 0 0
0.99707 0.033447
1.604248 3.303955 1.362793
0.001052 0.987522 -0.15748
0 0 0 0
0.99707 0.091064
1.757812 3.213379 0.794678
0.001052 0.987522 -0.15748
0 0 0 0
0.821045 0.033447
1.604248 3.213379 0.794678
0.001052 0.987522 -0.15748
0 0 0 0
0.821045 0.091064
1.757812 3.303955 1.362793
0.001052 0.987522 -0.15748
0 0 0 0
0.99707 0.033447
1.604248 3.282471 1.366211
0.001378 0.155736 0.987798
0 0 0 0
0.222412 -0.002441
1.757812 3.282471 1.366211
0.001378 0.155736 0.987798
0 0 0 0
0.222412 -0.090332
1.757812 3.303955 1.362793
0.001378 0.155736 0.987798
0 0 0 0
0.24707 -0.090332
1.604248 3.303955 1.362793
0.001378 0.155736 0.987798
0 0 0 0
0.24707 -0.002441
1.604248 3.213379 -0.435547
0.000978 1 -0.000001
0 0 0 0
0.00293 0.091553
0.637207 3.213379 -0.435547
0.000978 1 -0.000001
0 0 0 0
0.370117 0.091553
0.637207 3.213379 -0.281982
0.000978 1 -0.000001
0 0 0 0
0.370117 0.033203
1.604248 3.213379 -0.281982
0.000978 1 -0.000001
0 0 0 0
0.00293 0.033203
1.604248 3.213379 -0.281982
0.001382 0.001382 0.999998
0 0 0 0
0.00293 0.028809
0.637207 3.213379 -0.281982
0.001382 0.001382 0.999998
0 0 0 0
0.370117 0.028809
0.637207 3.196533 -0.281982
0.001382 0.001382 0.999998
0 0 0 0
0.370117 0.002686
1.604248 3.196533 -0.281982
0.001382 0.001382 0.999998
0 0 0 0
0.00293 0.002686
1.604248 3.196533 -0.281982
0.000978 -1 -0.000001
0 0 0 0
0.00293 0.091553
0.637207 3.196533 -0.281982
0.000978 -1 -0.000001
0 0 0 0
0.370117 0.091553
0.637207 3.196533 -0.435547
0.000978 -1 -0.000001
0 0 0 0
0.370117 0.033203
1.604248 3.196533 -0.435547
0.000978 -1 -0.000001
0 0 0 0
0.00293 0.033203
1.604248 3.196533 -0.435547
0.001382 0.001382 -0.999998
0 0 0 0
0.00293 0.028809
0.637207 3.196533 -0.435547
0.001382 0.001382 -0.999998
0 0 0 0
0.370117 0.028809
0.637207 3.213379 -0.435547
0.001382 0.001382 -0.999998
0 0 0 0
0.370117 0.002686
1.604248 3.213379 -0.435547
0.001382 0.001382 -0.999998
0 0 0 0
0.00293 0.002686
1.604248 3.213379 0.430908
0.000978 1 -0.000001
0 0 0 0
0.00293 0.033203
1.604248 3.213379 0.277344
0.000978 1 -0.000001
0 0 0 0
0.00293 0.091553
0.637207 3.213379 0.277344
0.000978 1 -0.000001
0 0 0 0
0.370117 0.091553
0.637207 3.213379 0.430908
0.000978 1 -0.000001
0 0 0 0
0.370117 0.033203
1.604248 3.213379 0.277344
0.001382 0.001382 -0.999998
0 0 0 0
0.00293 0.002686
1.604248 3.196533 0.277344
0.001382 0.001382 -0.999998
0 0 0 0
0.00293 0.028809
0.637207 3.196533 0.277344
0.001382 0.001382 -0.999998
0 0 0 0
0.370117 0.028809
0.637207 3.213379 0.277344
0.001382 0.001382 -0.999998
0 0 0 0
0.370117 0.002686
1.604248 3.196533 0.277344
0.000978 -1 -0.000001
0 0 0 0
0.00293 0.033203
1.604248 3.196533 0.430908
0.000978 -1 -0.000001
0 0 0 0
0.00293 0.091553
0.637207 3.196533 0.430908
0.000978 -1 -0.000001
0 0 0 0
0.370117 0.091553
0.637207 3.196533 0.277344
0.000978 -1 -0.000001
0 0 0 0
0.370117 0.033203
1.604248 3.196533 0.430908
0.001382 0.001382 0.999998
0 0 0 0
0.00293 0.002686
1.604248 3.213379 0.430908
0.001382 0.001382 0.999998
0 0 0 0
0.00293 0.028809
0.637207 3.213379 0.430908
0.001382 0.001382 0.999998
0 0 0 0
0.370117 0.028809
0.637207 3.196533 0.430908
0.001382 0.001382 0.999998
0 0 0 0
0.370117 0.002686
-0.483643 3.213379 0.430908
0.000978 1 -0.000001
0 0 0 0
0.381348 0.033203
0.483398 3.213379 0.430908
0.000978 1 -0.000001
0 0 0 0
0.748535 0.033203
0.483398 3.213379 0.277344
0.000978 1 -0.000001
0 0 0 0
0.748535 0.091553
-0.483643 3.213379 0.277344
0.000978 1 -0.000001
0 0 0 0
0.381348 0.091553
-0.483643 3.213379 0.277344
0.001382 0.001382 -0.999998
0 0 0 0
0.381348 0.002686
0.483398 3.213379 0.277344
0.001382 0.001382 -0.999998
0 0 0 0
0.748535 0.002686
0.483398 3.196533 0.277344
0.001382 0.001382 -0.999998
0 0 0 0
0.748535 0.028809
-0.483643 3.196533 0.277344
0.001382 0.001382 -0.999998
0 0 0 0
0.381348 0.028809
-0.483643 3.196533 0.277344
0.000978 -1 -0.000001
0 0 0 0
0.381348 0.033203
0.483398 3.196533 0.277344
0.000978 -1 -0.000001
0 0 0 0
0.748535 0.033203
0.483398 3.196533 0.430908
0.000978 -1 -0.000001
0 0 0 0
0.748535 0.091553
-0.483643 3.196533 0.430908
0.000978 -1 -0.000001
0 0 0 0
0.381348 0.091553
-0.483643 3.196533 0.430908
0.001382 0.001382 0.999998
0 0 0 0
0.381348 0.002686
0.483398 3.196533 0.430908
0.001382 0.001382 0.999998
0 0 0 0
0.748535 0.002686
0.483398 3.213379 0.430908
0.001382 0.001382 0.999998
0 0 0 0
0.748535 0.028809
-0.483643 3.213379 0.430908
0.001382 0.001382 0.999998
0 0 0 0
0.381348 0.028809
-0.483643 3.213379 -0.435547
0.000978 1 -0.000001
0 0 0 0
0.381348 0.091553
-0.483643 3.213379 -0.281982
0.000978 1 -0.000001
0 0 0 0
0.381348 0.033203
0.483398 3.213379 -0.281982
0.000978 1 -0.000001
0 0 0 0
0.748535 0.033203
0.483398 3.213379 -0.435547
0.000978 1 -0.000001
0 0 0 0
0.748535 0.091553
-0.483643 3.213379 -0.281982
0.001382 0.001382 0.999998
0 0 0 0
0.381348 0.028809
-0.483643 3.196533 -0.281982
0.001382 0.001382 0.999998
0 0 0 0
0.381348 0.002686
0.483398 3.196533 -0.281982
0.001382 0.001382 0.999998
0 0 0 0
0.748535 0.002686
0.483398 3.213379 -0.281982
0.001382 0.001382 0.999998
0 0 0 0
0.748535 0.028809
-0.483643 3.196533 -0.281982
0.000978 -1 -0.000001
0 0 0 0
0.381348 0.091553
-0.483643 3.196533 -0.435547
0.000978 -1 -0.000001
0 0 0 0
0.381348 0.033203
0.483398 3.196533 -0.435547
0.000978 -1 -0.000001
0 0 0 0
0.748535 0.033203
0.483398 3.196533 -0.281982
0.000978 -1 -0.000001
0 0 0 0
0.748535 0.091553
-0.483643 3.196533 -0.435547
0.001382 0.001382 -0.999998
0 0 0 0
0.381348 0.028809
-0.483643 3.213379 -0.435547
0.001382 0.001382 -0.999998
0 0 0 0
0.381348 0.002686
0.483398 3.213379 -0.435547
0.001382 0.001382 -0.999998
0 0 0 0
0.748535 0.002686
0.483398 3.196533 -0.435547
0.001382 0.001382 -0.999998
0 0 0 0
0.748535 0.028809
-1.604248 3.213379 -0.435547
0.000978 1 -0.000001
0 0 0 0
0.997314 0.091553
-1.604248 3.213379 -0.281982
0.000978 1 -0.000001
0 0 0 0
0.997314 0.033203
-0.637207 3.213379 -0.281982
0.000978 1 -0.000001
0 0 0 0
0.630127 0.033203
-0.637207 3.213379 -0.435547
0.000978 1 -0.000001
0 0 0 0
0.630127 0.091553
-1.604248 3.213379 -0.281982
0.001382 0.001382 0.999998
0 0 0 0
0.997314 0.028809
-1.604248 3.196533 -0.281982
0.001382 0.001382 0.999998
0 0 0 0
0.997314 0.002686
-0.637207 3.196533 -0.281982
0.001382 0.001382 0.999998
0 0 0 0
0.630127 0.002686
-0.637207 3.213379 -0.281982
0.001382 0.001382 0.999998
0 0 0 0
0.630127 0.028809
-1.604248 3.196533 -0.281982
0.000978 -1 -0.000001
0 0 0 0
0.997314 0.091553
-1.604248 3.196533 -0.435547
0.000978 -1 -0.000001
0 0 0 0
0.997314 0.033203
-0.637207 3.196533 -0.435547
0.000978 -1 -0.000001
0 0 0 0
0.630127 0.033203
-0.637207 3.196533 -0.281982
0.000978 -1 -0.000001
0 0 0 0
0.630127 0.091553
-1.604248 3.196533 -0.435547
0.001382 0.001382 -0.999998
0 0 0 0
0.997314 0.028809
-1.604248 3.213379 -0.435547
0.001382 0.001382 -0.999998
0 0 0 0
0.997314 0.002686
-0.637207 3.213379 -0.435547
0.001382 0.001382 -0.999998
0 0 0 0
0.630127 0.002686
-0.637207 3.196533 -0.435547
0.001382 0.001382 -0.999998
0 0 0 0
0.630127 0.028809
-1.604248 3.213379 0.430908
0.000978 1 -0.000001
0 0 0 0
0.997314 0.033203
-0.637207 3.213379 0.430908
0.000978 1 -0.000001
0 0 0 0
0.630127 0.033203
-0.637207 3.213379 0.277344
0.000978 1 -0.000001
0 0 0 0
0.630127 0.091553
-1.604248 3.213379 0.277344
0.000978 1 -0.000001
0 0 0 0
0.997314 0.091553
-1.604248 3.213379 0.277344
0.001382 0.001382 -0.999998
0 0 0 0
0.997314 0.002686
-0.637207 3.213379 0.277344
0.001382 0.001382 -0.999998
0 0 0 0
0.630127 0.002686
-0.637207 3.196533 0.277344
0.001382 0.001382 -0.999998
0 0 0 0
0.630127 0.028809
-1.604248 3.196533 0.277344
0.001382 0.001382 -0.999998
0 0 0 0
0.997314 0.028809
-1.604248 3.196533 0.277344
0.000978 -1 -0.000001
0 0 0 0
0.997314 0.033203
-0.637207 3.196533 0.277344
0.000978 -1 -0.000001
0 0 0 0
0.630127 0.033203
-0.637207 3.196533 0.430908
0.000978 -1 -0.000001
0 0 0 0
0.630127 0.091553
-1.604248 3.196533 0.430908
0.000978 -1 -0.000001
0 0 0 0
0.997314 0.091553
-1.604248 3.196533 0.430908
0.001382 0.001382 0.999998
0 0 0 0
0.997314 0.002686
-0.637207 3.196533 0.430908
0.001382 0.001382 0.999998
0 0 0 0
0.630127 0.002686
-0.637207 3.213379 0.430908
0.001382 0.001382 0.999998
0 0 0 0
0.630127 0.028809
-1.604248 3.213379 0.430908
0.001382 0.001382 0.999998
0 0 0 0
0.997314 0.028809
-0.636963 3.259521 -1.891846
0.001007 -0.998102 -0.061582
0 0 0 0
0.00293 0.091064
-0.483398 3.259521 -1.891846
0.001007 -0.998102 -0.061582
0 0 0 0
0.00293 0.033447
-0.483398 3.19165 -0.800537
0.000993 -0.999518 -0.031035
0 0 0 0
0.34375 0.033447
-0.636963 3.19165 -0.800537
0.000993 -0.999518 -0.031035
0 0 0 0
0.34375 0.091064
-0.636963 3.191895 0.798096
0.000978 -1 -0.000001
0 0 0 0
0.821045 0.091064
-0.483398 3.191895 0.798096
0.000978 -1 -0.000001
0 0 0 0
0.821045 0.033447
-0.636963 3.28125 -1.890625
-1 0.000978 -0.000001
0 0 0 0
0.00293 0.002686
-0.636963 3.259521 -1.891846
-1 0.000978 -0.000001
0 0 0 0
0.00293 0.027588
-0.636963 3.19165 -0.800537
-1 -0.000977 -0.000001
0 0 0 0
0.34375 0.027588
-0.636963 3.213379 -0.799072
-1 -0.000977 -0.000001
0 0 0 0
0.34375 0.002686
-0.636963 3.213379 0.794678
-1 -0.000977 -0.000001
0 0 0 0
0.821045 0.002686
-0.636963 3.191895 0.798096
-1 -0.000977 -0.000001
0 0 0 0
0.821045 0.027588
-0.636963 3.282471 1.366211
-1 -0.000977 -0.000001
0 0 0 0
0.99707 0.027588
-0.636963 3.303955 1.362793
-1 -0.000977 -0.000001
0 0 0 0
0.99707 0.002686
-0.636963 3.28125 -1.890625
0.001007 0.998102 0.061582
0 0 0 0
0.00293 0.091064
-0.483398 3.213379 -0.799072
0.000993 0.999518 0.031035
0 0 0 0
0.34375 0.033447
-0.483398 3.28125 -1.890625
0.001007 0.998102 0.061582
0 0 0 0
0.00293 0.033447
-0.636963 3.213379 -0.799072
0.000993 0.999518 0.031035
0 0 0 0
0.34375 0.091064
-0.636963 3.213379 0.794678
0.000978 1 -0.000001
0 0 0 0
0.821045 0.091064
-0.483398 3.213379 0.794678
0.000978 1 -0.000001
0 0 0 0
0.821045 0.033447
-0.636963 3.259521 -1.891846
0.001382 0.062179 -0.998064
0 0 0 0
0.24707 -0.002441
-0.636963 3.28125 -1.890625
0.001382 0.062179 -0.998064
0 0 0 0
0.222412 -0.002441
-0.483398 3.28125 -1.890625
0.001382 0.062179 -0.998064
0 0 0 0
0.222412 -0.090332
-0.483398 3.259521 -1.891846
0.001382 0.062179 -0.998064
0 0 0 0
0.24707 -0.090332
-0.483398 3.28125 -1.890625
1 0.000978 -0.000001
0 0 0 0
0.00293 0.002686
-0.483398 3.19165 -0.800537
1 0.000978 -0.000001
0 0 0 0
0.34375 0.027588
-0.483398 3.259521 -1.891846
1 0.000978 -0.000001
0 0 0 0
0.00293 0.027588
-0.483398 3.213379 -0.799072
1 0.000978 -0.000001
0 0 0 0
0.34375 0.002686
-0.483398 3.213379 0.794678
1 -0.000977 -0.000001
0 0 0 0
0.821045 0.002686
-0.483398 3.191895 0.798096
1 -0.000977 -0.000001
0 0 0 0
0.821045 0.027588
-0.483398 3.282471 1.366211
1 -0.000977 -0.000001
0 0 0 0
0.99707 0.027588
-0.483398 3.303955 1.362793
1 -0.000977 -0.000001
0 0 0 0
0.99707 0.002686
-0.636963 3.282471 1.366211
0.001052 -0.987522 0.15748
0 0 0 0
0.99707 0.091064
-0.636963 3.191895 0.798096
0.001052 -0.987522 0.15748
0 0 0 0
0.821045 0.091064
-0.483398 3.191895 0.798096
0.001052 -0.987522 0.15748
0 0 0 0
0.821045 0.033447
-0.483398 3.282471 1.366211
0.001052 -0.987522 0.15748
0 0 0 0
0.99707 0.033447
-0.636963 3.303955 1.362793
0.001052 0.987522 -0.15748
0 0 0 0
0.99707 0.091064
-0.483398 3.213379 0.794678
0.001052 0.987522 -0.15748
0 0 0 0
0.821045 0.033447
-0.636963 3.213379 0.794678
0.001052 0.987522 -0.15748
0 0 0 0
0.821045 0.091064
-0.483398 3.303955 1.362793
0.001052 0.987522 -0.15748
0 0 0 0
0.99707 0.033447
-0.636963 3.282471 1.366211
0.001378 0.155736 0.987798
0 0 0 0
0.222412 -0.002441
-0.483398 3.282471 1.366211
0.001378 0.155736 0.987798
0 0 0 0
0.222412 -0.090332
-0.483398 3.303955 1.362793
0.001378 0.155736 0.987798
0 0 0 0
0.24707 -0.090332
-0.636963 3.303955 1.362793
0.001378 0.155736 0.987798
0 0 0 0
0.24707 -0.002441
-1.757812 3.259521 -1.891846
0.001007 -0.998102 -0.061582
0 0 0 0
0.00293 0.091064
-1.604248 3.259521 -1.891846
0.001007 -0.998102 -0.061582
0 0 0 0
0.00293 0.033447
-1.604248 3.19165 -0.800537
0.000993 -0.999518 -0.031035
0 0 0 0
0.34375 0.033447
-1.757812 3.19165 -0.800537
0.000993 -0.999518 -0.031035
0 0 0 0
0.34375 0.091064
-1.757812 3.191895 0.798096
0.000978 -1 -0.000001
0 0 0 0
0.821045 0.091064
-1.604248 3.191895 0.798096
0.000978 -1 -0.000001
0 0 0 0
0.821045 0.033447
-1.757812 3.28125 -1.890625
-1 0.000978 -0.000001
0 0 0 0
0.00293 0.002686
-1.757812 3.259521 -1.891846
-1 0.000978 -0.000001
0 0 0 0
0.00293 0.027588
-1.757812 3.19165 -0.800537
-1 -0.000977 -0.000001
0 0 0 0
0.34375 0.027588
-1.757812 3.213379 -0.799072
-1 -0.000977 -0.000001
0 0 0 0
0.34375 0.002686
-1.757812 3.213379 0.794678
-1 -0.000977 -0.000001
0 0 0 0
0.821045 0.002686
-1.757812 3.191895 0.798096
-1 -0.000977 -0.000001
0 0 0 0
0.821045 0.027588
-1.757812 3.282471 1.366211
-1 -0.000977 -0.000001
0 0 0 0
0.99707 0.027588
-1.757812 3.303955 1.362793
-1 -0.000977 -0.000001
0 0 0 0
0.99707 0.002686
-1.757812 3.28125 -1.890625
0.001007 0.998102 0.061582
0 0 0 0
0.00293 0.091064
-1.604248 3.213379 -0.799072
0.000993 0.999518 0.031035
0 0 0 0
0.34375 0.033447
-1.604248 3.28125 -1.890625
0.001007 0.998102 0.061582
0 0 0 0
0.00293 0.033447
-1.757812 3.213379 -0.799072
0.000993 0.999518 0.031035
0 0 0 0
0.34375 0.091064
-1.757812 3.213379 0.794678
0.000978 1 -0.000001
0 0 0 0
0.821045 0.091064
-1.604248 3.213379 0.794678
0.000978 1 -0.000001
0 0 0 0
0.821045 0.033447
-1.757812 3.259521 -1.891846
0.001382 0.062179 -0.998064
0 0 0 0
0.24707 -0.002441
-1.757812 3.28125 -1.890625
0.001382 0.062179 -0.998064
0 0 0 0
0.222412 -0.002441
-1.604248 3.28125 -1.890625
0.001382 0.062179 -0.998064
0 0 0 0
0.222412 -0.090332
-1.604248 3.259521 -1.891846
0.001382 0.062179 -0.998064
0 0 0 0
0.24707 -0.090332
-1.604248 3.28125 -1.890625
1 0.000978 -0.000001
0 0 0 0
0.00293 0.002686
-1.604248 3.19165 -0.800537
1 0.000978 -0.000001
0 0 0 0
0.34375 0.027588
-1.604248 3.259521 -1.891846
1 0.000978 -0.000001
0 0 0 0
0.00293 0.027588
-1.604248 3.213379 -0.799072
1 0.000978 -0.000001
0 0 0 0
0.34375 0.002686
-1.604248 3.213379 0.794678
1 0.000978 -0.000001
0 0 0 0
0.821045 0.002686
-1.604248 3.191895 0.798096
1 0.000978 -0.000001
0 0 0 0
0.821045 0.027588
-1.604248 3.282471 1.366211
1 0.000978 -0.000001
0 0 0 0
0.99707 0.027588
-1.604248 3.303955 1.362793
1 0.000978 -0.000001
0 0 0 0
0.99707 0.002686
-1.757812 3.282471 1.366211
0.001052 -0.987522 0.15748
0 0 0 0
0.99707 0.091064
-1.757812 3.191895 0.798096
0.001052 -0.987522 0.15748
0 0 0 0
0.821045 0.091064
-1.604248 3.191895 0.798096
0.001052 -0.987522 0.15748
0 0 0 0
0.821045 0.033447
-1.604248 3.282471 1.366211
0.001052 -0.987522 0.15748
0 0 0 0
0.99707 0.033447
-1.757812 3.303955 1.362793
0.001052 0.987522 -0.15748
0 0 0 0
0.99707 0.091064
-1.604248 3.213379 0.794678
0.001052 0.987522 -0.15748
0 0 0 0
0.821045 0.033447
-1.757812 3.213379 0.794678
0.001052 0.987522 -0.15748
0 0 0 0
0.821045 0.091064
-1.604248 3.303955 1.362793
0.001052 0.987522 -0.15748
0 0 0 0
0.99707 0.033447
-1.757812 3.282471 1.366211
0.001378 0.155736 0.987798
0 0 0 0
0.222412 -0.002441
-1.604248 3.282471 1.366211
0.001378 0.155736 0.987798
0 0 0 0
0.222412 -0.090332
-1.604248 3.303955 1.362793
0.001378 0.155736 0.987798
0 0 0 0
0.24707 -0.090332
-1.757812 3.303955 1.362793
0.001378 0.155736 0.987798
0 0 0 0
0.24707 -0.002441
1.69751 2.021729 -0.774658
0.000978 -1 -0.000001
0 0 0 0
0.605957 0.002441
0.954102 2.021729 -0.774658
0.000978 -1 -0.000001
0 0 0 0
0.30127 0.002441
0.954102 2.021729 -0.834229
0.000978 -1 -0.000001
0 0 0 0
0.30127 0.028809
1.69751 2.021729 -0.834229
0.000978 -1 -0.000001
0 0 0 0
0.605957 0.028809
1.69751 2.021729 -0.834229
0.001382 0.001382 -0.999998
0 0 0 0
0.605957 0.028809
0.954102 2.021729 -0.834229
0.001382 0.001382 -0.999998
0 0 0 0
0.30127 0.028809
0.954102 2.060547 -0.834229
0.001382 0.001382 -0.999998
0 0 0 0
0.30127 0.002441
1.69751 2.060547 -0.834229
0.001382 0.001382 -0.999998
0 0 0 0
0.605957 0.002441
0.954102 2.060547 -0.774658
0.000978 1 -0.000001
0 0 0 0
0.30127 0.028809
1.69751 2.060547 -0.774658
0.000978 1 -0.000001
0 0 0 0
0.605957 0.028809
1.69751 2.060547 -0.834229
0.000978 1 -0.000001
0 0 0 0
0.605957 0.002441
0.954102 2.060547 -0.834229
0.000978 1 -0.000001
0 0 0 0
0.30127 0.002441
1.69751 1.696533 -0.774658
0.000978 -1 -0.000001
0 0 0 0
0.605957 0.002441
0.954102 1.696533 -0.774658
0.000978 -1 -0.000001
0 0 0 0
0.30127 0.002441
0.954102 1.696533 -0.834229
0.000978 -1 -0.000001
0 0 0 0
0.30127 0.028809
1.69751 1.696533 -0.834229
0.000978 -1 -0.000001
0 0 0 0
0.605957 0.028809
1.69751 1.696533 -0.834229
0.001382 0.001382 -0.999998
0 0 0 0
0.605957 0.028809
0.954102 1.696533 -0.834229
0.001382 0.001382 -0.999998
0 0 0 0
0.30127 0.028809
0.954102 1.735596 -0.834229
0.001382 0.001382 -0.999998
0 0 0 0
0.30127 0.002441
1.69751 1.735596 -0.834229
0.001382 0.001382 -0.999998
0 0 0 0
0.605957 0.002441
0.954102 1.735596 -0.774658
0.000978 1 -0.000001
0 0 0 0
0.30127 0.028809
1.69751 1.735596 -0.774658
0.000978 1 -0.000001
0 0 0 0
0.605957 0.028809
1.69751 1.735596 -0.834229
0.000978 1 -0.000001
0 0 0 0
0.605957 0.002441
0.954102 1.735596 -0.834229
0.000978 1 -0.000001
0 0 0 0
0.30127 0.002441
1.69751 1.371582 -0.774658
0.000978 -1 -0.000001
0 0 0 0
0.605957 0.002441
0.954102 1.371582 -0.774658
0.000978 -1 -0.000001
0 0 0 0
0.30127 0.002441
0.954102 1.371582 -0.834229
0.000978 -1 -0.000001
0 0 0 0
0.30127 0.028809
1.69751 1.371582 -0.834229
0.000978 -1 -0.000001
0 0 0 0
0.605957 0.028809
1.69751 1.371582 -0.834229
0.001382 0.001382 -0.999998
0 0 0 0
0.605957 0.028809
0.954102 1.371582 -0.834229
0.001382 0.001382 -0.999998
0 0 0 0
0.30127 0.028809
0.954102 1.410645 -0.834229
0.001382 0.001382 -0.999998
0 0 0 0
0.30127 0.002441
1.69751 1.410645 -0.834229
0.001382 0.001382 -0.999998
0 0 0 0
0.605957 0.002441
0.954102 1.410645 -0.774658
0.000978 1 -0.000001
0 0 0 0
0.30127 0.028809
1.69751 1.410645 -0.774658
0.000978 1 -0.000001
0 0 0 0
0.605957 0.028809
1.69751 1.410645 -0.834229
0.000978 1 -0.000001
0 0 0 0
0.605957 0.002441
0.954102 1.410645 -0.834229
0.000978 1 -0.000001
0 0 0 0
0.30127 0.002441
1.69751 1.046631 -0.774658
0.000978 -1 -0.000001
0 0 0 0
0.605957 0.002441
0.954102 1.046631 -0.774658
0.000978 -1 -0.000001
0 0 0 0
0.30127 0.002441
0.954102 1.046631 -0.834229
0.000978 -1 -0.000001
0 0 0 0
0.30127 0.028809
1.69751 1.046631 -0.834229
0.000978 -1 -0.000001
0 0 0 0
0.605957 0.028809
1.69751 1.046631 -0.834229
0.001382 0.001382 -0.999998
0 0 0 0
0.605957 0.028809
0.954102 1.046631 -0.834229
0.001382 0.001382 -0.999998
0 0 0 0
0.30127 0.028809
0.954102 1.085449 -0.834229
0.001382 0.001382 -0.999998
0 0 0 0
0.30127 0.002441
1.69751 1.085449 -0.834229
0.001382 0.001382 -0.999998
0 0 0 0
0.605957 0.002441
0.954102 1.085449 -0.774658
0.000978 1 -0.000001
0 0 0 0
0.30127 0.028809
1.69751 1.085449 -0.774658
0.000978 1 -0.000001
0 0 0 0
0.605957 0.028809
1.69751 1.085449 -0.834229
0.000978 1 -0.000001
0 0 0 0
0.605957 0.002441
0.954102 1.085449 -0.834229
0.000978 1 -0.000001
0 0 0 0
0.30127 0.002441
-1.812744 1.11377 1.037842
0.001382 0.001382 0.999998
0 0 0 0
0.997803 1.091309
1.814697 1 1.037842
0.001382 0.001382 0.999998
0 0 0 0
0.003418 1.032715
1.814697 1.11377 1.037842
0.001382 0.001382 0.999998
0 0 0 0
0.003418 1.091309
-1.812744 1 1.037842
0.001382 0.001382 0.999998
0 0 0 0
0.997803 1.032715
-1.812744 1.11377 1.037842
0.001175 0.896168 0.443713
0 0 0 0
0.997803 1.002441
1.814697 1.11377 1.037842
0.001175 0.896168 0.443713
0 0 0 0
0.003418 1.002441
1.814697 1.125244 1.014893
0.001175 0.896168 0.443713
0 0 0 0
0.003418 1.028564
-1.812744 1.125244 1.014893
0.001175 0.896168 0.443713
0 0 0 0
0.997803 1.028564
1.814697 1 1.037842
0.000978 -1 -0.000001
0 0 0 0
0.003418 1.028564
-1.812744 1 1.037842
0.000978 -1 -0.000001
0 0 0 0
0.997803 1.028564
-1.812744 1 0.997314
0.000978 -1 -0.000001
0 0 0 0
0.997803 1.002441
1.814697 1 0.997314
0.000978 -1 -0.000001
0 0 0 0
0.003418 1.002441
-1.775635 0.999756 1.105225
0.000978 1 -0.000001
0 0 0 0
0.482422 0.026855
-1.812744 0.999756 0.996582
0.000978 1 -0.000001
0 0 0 0
0.512207 0.003418
-1.812744 0.999756 1.105225
0.000978 1 -0.000001
0 0 0 0
0.482422 0.003418
-1.775635 0.999756 0.996582
0.000978 1 -0.000001
0 0 0 0
0.512207 0.026855
-1.812744 0.999756 1.105225
0.001382 0.001382 0.999998
0 0 0 0
0.482422 0.003418
-1.812744 0.199463 1.105225
0.001382 0.001382 0.999998
0 0 0 0
0.262695 0.003418
-1.775635 0.199463 1.105225
0.001382 0.001382 0.999998
0 0 0 0
0.262695 0.026855
-1.775635 0.999756 1.105225
0.001382 0.001382 0.999998
0 0 0 0
0.482422 0.026855
-1.812744 0.170166 1.105225
0.001382 0.001382 0.999998
0 0 0 0
0.000977 0.026855
-1.775635 0.199463 1.105225
0.001382 0.001382 0.999998
0 0 0 0
0.010986 0.003418
-1.812744 0.199463 1.105225
0.001382 0.001382 0.999998
0 0 0 0
0.000977 0.003418
1.777588 0.199463 1.105225
0.001382 0.001382 0.999998
0 0 0 0
0.986572 0.003418
1.814697 0.170166 1.105225
0.001382 0.001382 0.999998
0 0 0 0
0.996826 0.026855
1.814697 0.199463 1.105225
0.001382 0.001382 0.999998
0 0 0 0
0.996826 0.003418
1.777588 0.999756 1.105225
0.000978 1 -0.000001
0 0 0 0
0.482422 0.026855
1.814697 0.999756 1.105225
0.000978 1 -0.000001
0 0 0 0
0.482422 0.003418
1.814697 0.999756 0.996582
0.000978 1 -0.000001
0 0 0 0
0.512207 0.003418
1.777588 0.999756 0.996582
0.000978 1 -0.000001
0 0 0 0
0.512207 0.026855
1.814697 0.999756 1.105225
0.001382 0.001382 0.999998
0 0 0 0
0.482422 0.003418
1.777588 0.999756 1.105225
0.001382 0.001382 0.999998
0 0 0 0
0.482422 0.026855
1.777588 0.199463 1.105225
0.001382 0.001382 0.999998
0 0 0 0
0.262695 0.026855
1.814697 0.199463 1.105225
0.001382 0.001382 0.999998
0 0 0 0
0.262695 0.003418
-1.812744 0.999756 0.996582
0.001382 0.001382 -0.999998
0 0 0 0
0.512207 0.003418
-1.775635 0.999756 0.996582
0.001382 0.001382 -0.999998
0 0 0 0
0.512207 0.026855
-1.775635 0.187744 0.996582
0.001382 0.001382 -0.999998
0 0 0 0
0.735107 0.026855
-1.812744 0.187744 0.996582
0.001382 0.001382 -0.999998
0 0 0 0
0.735107 0.003418
-1.775635 0.999756 0.996582
0.001382 0.001382 -0.999998
0 0 0 0
0.003418 0.465576
1.777588 0.999756 0.996582
0.001382 0.001382 -0.999998
0 0 0 0
0.99707 0.465576
1.777588 0.187744 0.996582
0.001382 0.001382 -0.999998
0 0 0 0
0.99707 0.220947
-1.775635 0.187744 0.996582
0.001382 0.001382 -0.999998
0 0 0 0
0.003418 0.220947
1.777588 0.999756 0.996582
0.001382 0.001382 -0.999998
0 0 0 0
0.512207 0.026855
1.814697 0.999756 0.996582
0.001382 0.001382 -0.999998
0 0 0 0
0.512207 0.003418
1.814697 0.187744 0.996582
0.001382 0.001382 -0.999998
0 0 0 0
0.735107 0.003418
1.777588 0.187744 0.996582
0.001382 0.001382 -0.999998
0 0 0 0
0.735107 0.026855
-1.974121 0.583496 -0.569336
-1 -0.000977 -0.000001
0 0 0 0
0.425293 0.027588
-1.974121 0.621094 -0.77417
-1 -0.000977 -0.000001
0 0 0 0
0.222168 0.00293
-1.974121 0.583496 -0.735352
-1 -0.000977 -0.000001
0 0 0 0
0.237549 0.027588
-1.974121 0.621094 -0.344971
-1 -0.000977 -0.000001
0 0 0 0
0.628662 0.00293
-1.974121 0.583496 -0.383789
-1 -0.000977 -0.000001
0 0 0 0
0.613281 0.027588
-1.974121 0.583496 -0.735352
-1 -0.000977 -0.000001
0 0 0 0
0.496338 0.027588
-1.974121 0.621094 -0.77417
-1 -0.000977 -0.000001
0 0 0 0
0.51123 0.00293
-1.974121 0.1875 -0.77417
-1 0.000978 -0.000001
0 0 0 0
0.339355 0.00293
-1.974121 0.224854 -0.735352
-1 0.000978 -0.000001
0 0 0 0
0.354248 0.027588
-1.974121 0.187256 -0.344971
-1 0.000978 -0.000001
0 0 0 0
0.628662 0.00293
-1.974121 0.224854 -0.383789
-1 -0.000977 -0.000001
0 0 0 0
0.613281 0.027588
-1.974121 0.224854 -0.569336
-1 -0.000977 -0.000001
0 0 0 0
0.425293 0.027588
-1.974121 0.1875 -0.77417
-1 0.000978 -0.000001
0 0 0 0
0.222168 0.00293
-1.974121 0.224854 -0.735352
-1 0.000978 -0.000001
0 0 0 0
0.237549 0.027588
-1.974121 0.224854 -0.383789
-1 -0.000977 -0.000001
0 0 0 0
0.354248 0.027588
-1.974121 0.187256 -0.344971
-1 0.000978 -0.000001
0 0 0 0
0.339355 0.00293
-1.974121 0.621094 -0.344971
-1 -0.000977 -0.000001
0 0 0 0
0.511475 0.00293
-1.974121 0.583496 -0.383789
-1 -0.000977 -0.000001
0 0 0 0
0.496582 0.027588
1021
2 1 0
3 2 0
4 2 3
5 4 3
8 7 6
9 8 6
12 11 10
11 13 10
10 13 14
15 10 14
18 17 16
17 19 16
22 21 20
23 22 20
24 22 23
25 24 23
28 27 26
29 28 26
30 29 26
31 30 26
34 33 32
35 34 32
36 34 35
37 36 35
40 39 38
41 40 38
44 43 42
43 45 42
48 47 46
47 49 46
52 51 50
53 52 50
56 55 54
57 56 54
60 59 58
61 60 58
64 63 62
65 64 62
68 67 66
67 69 66
72 71 70
73 72 70
76 75 74
77 76 74
80 79 78
81 80 78
84 83 82
85 84 82
88 87 86
89 88 86
92 91 90
93 92 90
96 95 94
97 96 94
100 99 98
101 100 98
104 103 102
103 105 102
103 106 105
106 107 105
110 109 108
109 111 108
114 113 112
115 114 112
118 117 116
119 118 116
122 121 120
123 122 120
126 125 124
127 126 124
130 129 128
131 130 128
134 133 132
135 134 132
138 137 136
139 138 136
142 141 140
143 142 140
146 145 144
147 146 144
150 149 148
151 150 148
154 153 152
155 154 152
158 157 156
159 158 156
162 161 160
163 162 160
166 165 164
167 166 164
170 169 168
171 170 168
174 173 172
175 174 172
178 177 176
179 178 176
182 181 180
183 182 180
186 185 184
187 186 184
190 189 188
191 190 188
194 193 192
195 194 192
198 197 196
199 198 196
202 201 200
203 202 200
206 205 204
207 206 204
210 209 208
211 210 208
214 213 212
215 214 212
218 217 216
217 219 216
222 221 220
223 222 220
226 225 224
227 226 224
230 229 228
231 230 228
234 233 232
235 234 232
238 237 236
239 238 236
242 241 240
243 242 240
246 245 244
247 246 244
250 249 248
251 250 248
254 253 252
255 254 252
258 257 256
259 258 256
262 261 260
263 262 260
266 265 264
267 266 264
270 269 268
271 270 268
274 273 272
275 274 272
278 277 276
279 278 276
282 281 280
283 282 280
286 285 284
287 286 284
290 289 288
291 290 288
294 293 292
295 294 292
298 297 296
299 298 296
302 301 300
303 302 300
306 305 304
307 306 304
310 309 308
311 310 308
314 313 312
315 314 312
314 317 316
317 318 316
316 320 319
320 321 319
319 322 313
322 323 313
326 325 324
327 326 324
326 329 328
329 330 328
328 332 331
332 333 331
331 334 325
334 335 325
338 337 336
337 339 336
336 339 340
339 341 340
340 341 342
341 343 342
342 343 344
343 345 344
344 345 346
345 347 346
346 347 348
347 349 348
352 351 350
352 350 353
352 353 354
352 354 355
352 355 356
352 356 351
359 358 357
360 359 357
361 360 357
362 361 357
363 362 357
358 363 357
366 365 364
365 367 364
370 369 368
371 370 368
374 373 372
375 374 372
378 377 376
377 379 376
382 381 380
383 382 380
386 385 384
385 387 384
387 388 384
391 390 389
392 391 389
395 394 393
395 393 396
397 395 396
400 399 398
401 400 398
404 403 402
405 404 402
408 407 406
407 409 406
409 407 410
411 409 410
414 413 412
415 414 412
415 412 416
417 415 416
420 419 418
421 420 418
420 421 422
423 420 422
426 425 424
429 428 427
430 429 427
433 432 431
434 433 431
437 436 435
436 438 435
441 440 439
442 441 439
445 444 443
446 445 443
449 448 447
450 449 447
453 452 451
454 453 451
457 456 455
458 457 455
461 460 459
462 461 459
465 464 463
468 467 466
471 470 469
472 471 469
475 474 473
476 475 473
479 478 477
480 479 477
483 482 481
484 483 481
487 486 485
486 488 485
491 490 489
492 491 489
495 494 493
496 495 493
499 498 497
500 499 497
503 502 501
504 503 501
507 506 505
508 507 505
511 510 509
512 511 509
515 514 513
516 515 513
519 518 517
520 519 517
523 522 521
524 523 521
527 526 525
526 528 525
529 528 526
530 529 526
531 529 530
532 531 530
535 534 533
536 535 533
539 538 537
540 539 537
543 542 541
544 543 541
547 546 545
548 547 545
551 550 549
552 551 549
555 554 553
556 555 553
559 558 557
560 559 557
563 562 561
561 562 564
565 561 564
568 567 566
569 568 566
572 571 570
573 572 570
576 575 574
577 576 574
580 579 578
579 581 578
578 581 582
585 584 583
586 585 583
589 588 587
590 589 587
593 592 591
592 594 591
597 596 595
598 597 595
601 600 599
600 602 599
605 604 603
606 605 603
605 606 607
608 605 607
611 610 609
612 611 609
615 614 613
616 615 613
619 618 617
620 619 617
623 622 621
624 623 621
627 626 625
628 627 625
631 630 629
630 632 629
632 633 629
636 635 634
635 637 634
640 639 638
641 640 638
644 643 642
645 644 642
648 647 646
649 648 646
652 651 650
653 652 650
656 655 654
657 656 654
660 659 658
661 660 658
664 663 662
665 664 662
668 667 666
669 668 666
672 671 670
673 672 670
676 675 674
675 677 674
675 678 677
678 679 677
682 681 680
681 683 680
683 681 684
681 685 684
688 687 686
687 689 686
692 691 690
693 692 690
696 695 694
697 696 694
700 699 698
701 700 698
704 703 702
705 704 702
708 707 706
709 708 706
710 709 706
713 712 711
714 713 711
717 716 715
718 717 715
721 720 719
722 721 719
725 724 723
726 725 723
729 728 727
730 729 727
733 732 731
734 733 731
737 736 735
738 737 735
741 740 739
740 742 739
742 740 743
740 744 743
747 746 745
746 748 745
751 750 749
752 751 749
755 754 753
756 755 753
759 758 757
760 759 757
763 762 761
764 763 761
765 764 761
768 767 766
769 768 766
772 771 770
773 772 770
776 775 774
777 776 774
780 779 778
781 780 778
784 783 782
785 784 782
788 787 786
789 788 786
792 791 790
793 792 790
796 795 794
797 796 794
800 799 798
801 800 798
804 803 802
805 804 802
808 807 806
809 808 806
810 808 809
811 810 809
814 813 812
815 814 812
814 815 816
817 814 816
820 819 818
821 820 818
824 823 822
825 824 822
828 827 826
829 828 826
832 831 830
833 832 830
836 835 834
835 837 834
837 838 834
841 840 839
840 842 839
845 844 843
846 845 843
849 848 847
850 849 847
853 852 851
854 853 851
857 856 855
858 857 855
861 860 859
862 861 859
865 864 863
866 865 863
869 868 867
870 869 867
873 872 871
874 873 871
877 876 875
878 877 875
881 880 879
882 881 879
885 884 883
886 885 883
889 888 887
888 890 887
893 892 891
892 894 891
897 896 895
898 897 895
901 900 899
902 901 899
905 904 903
906 905 903
909 908 907
908 910 907
913 912 911
914 913 911
917 916 915
918 917 915
921 920 919
922 921 919
925 924 923
926 925 923
929 928 927
930 929 927
933 932 931
934 933 931
937 936 935
938 937 935
941 940 939
942 941 939
945 944 943
946 945 943
949 948 947
950 949 947
953 952 951
954 953 951
957 956 955
958 465 463
961 960 959
962 961 959
965 964 963
964 966 963
969 968 967
970 969 967
973 972 971
974 973 971
977 976 975
978 977 975
981 980 979
982 981 979
985 984 983
986 985 983
989 988 987
990 989 987
993 992 991
994 993 991
997 996 995
998 997 995
1001 1000 999
1000 1002 999
1005 1004 1003
1006 1005 1003
1009 1008 1007
1010 1009 1007
1013 1012 1011
1014 1013 1011
1017 1016 1015
1018 1017 1015
1021 1020 1019
1022 1021 1019
1025 1024 1023
1026 1025 1023
1029 1028 1027
1030 1029 1027
1033 1032 1031
1034 1033 1031
1037 1036 1035
1036 1038 1035
1041 1040 1039
1042 1041 1039
1045 1044 1043
1046 1045 1043
1049 1048 1047
1050 1049 1047
1053 1052 1051
1054 1053 1051
1057 1056 1055
1058 1057 1055
1061 1060 1059
1062 1061 1059
1065 1064 1063
1066 1065 1063
1069 1068 1067
1070 1069 1067
1073 1072 1071
1074 1073 1071
1077 1076 1075
1076 1078 1075
1081 1080 1079
1082 1081 1079
1085 1084 1083
1086 1085 1083
1089 1088 1087
1090 1089 1087
1093 1092 1091
1094 1093 1091
1097 1096 1095
1098 1097 1095
1101 1100 1099
1102 1101 1099
1105 1104 1103
1106 1105 1103
1109 1108 1107
1110 1109 1107
1113 1112 1111
1112 1114 1111
1117 1116 1115
1118 1117 1115
1121 1120 1119
1122 1121 1119
1125 1124 1123
1126 1125 1123
1129 1128 1127
1130 1129 1127
1133 1132 1131
1134 1133 1131
1137 1136 1135
1138 1137 1135
1141 1140 1139
1142 1141 1139
1145 1144 1143
1146 1145 1143
1149 1148 1147
1148 1150 1147
1153 1152 1151
1154 1153 1151
1157 1156 1155
1158 1157 1155
1161 1160 1159
1162 1161 1159
1165 1164 1163
1166 1165 1163
1169 1168 1167
1170 1169 1167
1173 1172 1171
1174 1173 1171
1177 1176 1175
1178 1177 1175
1181 1180 1179
1182 1181 1179
1185 1184 1183
1184 1186 1183
1189 1188 1187
1190 1189 1187
1193 1192 1191
1194 1193 1191
1197 1196 1195
1198 1197 1195
1201 1200 1199
1202 1201 1199
1205 1204 1203
1206 1205 1203
1209 1208 1207
1210 1209 1207
1213 1212 1211
1214 1213 1211
1217 1216 1215
1218 1217 1215
1221 1220 1219
1220 1222 1219
1225 1224 1223
1226 1225 1223
1229 1228 1227
1230 1229 1227
1233 1232 1231
1234 1233 1231
1237 1236 1235
1238 1237 1235
1241 1240 1239
1240 1242 1239
1245 1244 1243
1246 1245 1243
1249 1248 1247
1250 1249 1247
1253 1252 1251
1254 1253 1251
1257 1256 1255
1258 1257 1255
1261 1260 1259
1262 1261 1259
1265 1264 1263
1266 1265 1263
1269 1268 1267
1270 1269 1267
1273 1272 1271
1274 1273 1271
1277 1276 1275
1276 1278 1275
1281 1280 1279
1282 1281 1279
1285 1284 1283
1286 1285 1283
1289 1288 1287
1290 1289 1287
1293 1292 1291
1294 1293 1291
1297 1296 1295
1296 1298 1295
1301 1300 1299
1302 1301 1299
1305 1304 1303
1306 1305 1303
1309 1308 1307
1310 1309 1307
1313 1312 1311
1314 1313 1311
1317 1316 1315
1318 1317 1315
1321 1320 1319
1322 1321 1319
1325 1324 1323
1326 1325 1323
1329 1328 1327
1330 1329 1327
1333 1332 1331
1334 1333 1331
1337 1336 1335
1338 1337 1335
1341 1340 1339
1342 1341 1339
1345 1344 1343
1346 1345 1343
1349 1348 1347
1348 1349 1350
1351 1348 1350
1354 1353 1352
1353 1355 1352
1358 1357 1356
1357 1359 1356
1362 1361 1360
1363 1362 1360
1366 1365 1364
1367 1366 1364
1370 1369 1368
1369 1371 1368
1374 1373 1372
1375 1374 1372
1378 1377 1376
1379 1378 1376
1382 1381 1380
1383 1382 1380
1386 1385 1384
1387 1386 1384
1390 1389 1388
1391 1390 1388
1394 1393 1392
1395 1394 1392
1398 1397 1396
1399 1398 1396
1400 1399 1396
1403 1402 1401
1404 1403 1401
1405 1404 1401
1406 1405 1401
1407 1406 1401
1408 1407 1401
1409 1408 1401
1410 1409 1401
1413 1412 1411
1414 1413 1411
1417 1416 1415
1418 1417 1415
1421 1420 1419
1422 1421 1419
1425 1424 1423
1426 1425 1423
1429 1428 1427
1430 1429 1427
1433 1432 1431
1432 1434 1431
1437 1436 1435
1438 1437 1435
1441 1440 1439
1442 1441 1439
1445 1444 1443
1446 1445 1443
1449 1448 1447
1450 1449 1447
1453 1452 1451
1454 1453 1451
1457 1456 1455
1458 1457 1455
467 1459 466
1460 957 955
1463 1462 1461
1464 1463 1461
1467 1466 1465
1468 1467 1465
1471 1470 1469
1472 1471 1469
1475 1474 1473
1476 1475 1473
1479 1478 1477
1480 1479 1477
1483 1482 1481
1484 1483 1481
1487 1486 1485
1488 1487 1485
1491 1490 1489
1492 1491 1489
1495 1494 1493
1496 1495 1493
1499 1498 1497
1500 1499 1497
1503 1502 1501
1504 1503 1501
1507 1506 1505
1508 1507 1505
1511 1510 1509
1512 1511 1509
1515 1514 1513
1516 1515 1513
1519 1518 1517
1520 1519 1517
1523 1522 1521
1524 1523 1521
1527 1526 1525
1528 1527 1525
1531 1530 1529
1532 1531 1529
1532 1533 1531
1533 1534 1531
1537 1536 1535
1538 1537 1535
1538 1539 1537
1539 1540 1537
1540 1539 1541
1539 1542 1541
1545 1544 1543
1544 1546 1543
1547 1546 1544
1548 1547 1544
1551 1550 1549
1552 1551 1549
1555 1554 1553
1554 1556 1553
1557 1556 1554
1558 1557 1554
1558 1559 1557
1559 1560 1557
1563 1562 1561
1564 1563 1561
1567 1566 1565
1566 1568 1565
1571 1570 1569
1572 1571 1569
1575 1574 1573
1576 1575 1573
1576 1577 1575
1577 1578 1575
1581 1580 1579
1582 1581 1579
1582 1583 1581
1583 1584 1581
1584 1583 1585
1583 1586 1585
1589 1588 1587
1588 1590 1587
1591 1590 1588
1592 1591 1588
1595 1594 1593
1596 1595 1593
1599 1598 1597
1598 1600 1597
1601 1600 1598
1602 1601 1598
1602 1603 1601
1603 1604 1601
1607 1606 1605
1608 1607 1605
1611 1610 1609
1610 1612 1609
1615 1614 1613
1616 1615 1613
1619 1618 1617
1620 1619 1617
1623 1622 1621
1624 1623 1621
1627 1626 1625
1628 1627 1625
1631 1630 1629
1632 1631 1629
1635 1634 1633
1636 1635 1633
1639 1638 1637
1640 1639 1637
1643 1642 1641
1644 1643 1641
1647 1646 1645
1648 1647 1645
1651 1650 1649
1652 1651 1649
1655 1654 1653
1656 1655 1653
1659 1658 1657
1660 1659 1657
1663 1662 1661
1664 1663 1661
1667 1666 1665
1668 1667 1665
1671 1670 1669
1672 1671 1669
1675 1674 1673
1676 1675 1673
1679 1678 1677
1680 1679 1677
1683 1682 1681
1684 1683 1681
1687 1686 1685
1688 1687 1685
1691 1690 1689
1692 1691 1689
1695 1694 1693
1696 1695 1693
1699 1698 1697
1700 1699 1697
1703 1702 1701
1704 1703 1701
1707 1706 1705
1708 1707 1705
1711 1710 1709
1712 1711 1709
1715 1714 1713
1716 1715 1713
1716 1717 1715
1717 1718 1715
1721 1720 1719
1722 1721 1719
1722 1723 1721
1723 1724 1721
1724 1723 1725
1723 1726 1725
1729 1728 1727
1728 1730 1727
1731 1730 1728
1732 1731 1728
1735 1734 1733
1736 1735 1733
1739 1738 1737
1738 1740 1737
1741 1740 1738
1742 1741 1738
1742 1743 1741
1743 1744 1741
1747 1746 1745
1748 1747 1745
1751 1750 1749
1750 1752 1749
1755 1754 1753
1756 1755 1753
1759 1758 1757
1760 1759 1757
1760 1761 1759
1761 1762 1759
1765 1764 1763
1766 1765 1763
1766 1767 1765
1767 1768 1765
1768 1767 1769
1767 1770 1769
1773 1772 1771
1772 1774 1771
1775 1774 1772
1776 1775 1772
1779 1778 1777
1780 1779 1777
1783 1782 1781
1782 1784 1781
1785 1784 1782
1786 1785 1782
1786 1787 1785
1787 1788 1785
1791 1790 1789
1792 1791 1789
1795 1794 1793
1794 1796 1793
1799 1798 1797
1800 1799 1797
1803 1802 1801
1804 1803 1801
1807 1806 1805
1808 1807 1805
1811 1810 1809
1812 1811 1809
1815 1814 1813
1816 1815 1813
1819 1818 1817
1820 1819 1817
1823 1822 1821
1824 1823 1821
1827 1826 1825
1828 1827 1825
1831 1830 1829
1832 1831 1829
1835 1834 1833
1836 1835 1833
1839 1838 1837
1840 1839 1837
1843 1842 1841
1844 1843 1841
1847 1846 1845
1848 1847 1845
1851 1850 1849
1850 1852 1849
1855 1854 1853
1856 1855 1853
1859 1858 1857
1860 1859 1857
1863 1862 1861
1862 1864 1861
1867 1866 1865
1868 1867 1865
1871 1870 1869
1870 1872 1869
1872 1873 1869
1872 1874 1873
1877 1876 1875
1878 1877 1875
1881 1880 1879
1882 1881 1879
1885 1884 1883
1886 1885 1883
1889 1888 1887
1890 1889 1887
1893 1892 1891
1894 1893 1891
1897 1896 1895
1896 1898 1895
1898 1899 1895
1902 1901 1900
1903 1902 1900
1906 1905 1904
1906 1904 1907
1908 1906 1907
1911 1910 1909
1912 1911 1909
sm03_material\environment\template\architecture\gbl_arch_shiny_metal_trim_01\jn_gbl_arch_shiny_metal_trim_01_worn_02.material
1
0
204
-1.990723 0.224854 0.736572
-1 0.000978 -0.000001
0 0 0 0
1.003418 0.217041
-1.990723 0.583496 0.736572
-1 0.000978 -0.000001
0 0 0 0
1.003418 0.095215
-1.990723 0.583496 0.262451
-1 -0.000977 -0.000001
0 0 0 0
1.164307 0.095215
-1.990723 0.224854 0.262451
-1 0.000978 -0.000001
0 0 0 0
1.164307 0.217041
-1.990723 0.224854 0.262451
-1 0.000978 -0.000001
0 0 0 0
1.164307 0.217041
-1.990723 0.583496 0.262451
-1 -0.000977 -0.000001
0 0 0 0
1.164307 0.095215
-1.990723 0.583496 -0.21167
-1 -0.000977 -0.000001
0 0 0 0
1.003418 0.095215
-1.990723 0.224854 -0.21167
-1 0.000978 -0.000001
0 0 0 0
1.003418 0.217041
0.020508 0.682617 -1.118652
0.001382 0.001382 -0.999998
0 0 0 0
1.001709 0.219971
0.454346 0.682617 -1.118652
0.001382 0.001382 -0.999998
0 0 0 0
1.169434 0.219971
0.454346 0.199463 -1.118652
0.001382 0.001382 -0.999998
0 0 0 0
1.169434 0.468018
0.020508 0.199463 -1.118652
0.001382 0.001382 -0.999998
0 0 0 0
1.001709 0.468018
-0.888916 0.682617 -1.118652
0.001382 0.001382 -0.999998
0 0 0 0
1.001709 0.219971
-0.452637 0.682617 -1.118652
0.001382 0.001382 -0.999998
0 0 0 0
1.169434 0.219971
-0.452637 0.199463 -1.118652
0.001382 0.001382 -0.999998
0 0 0 0
1.169434 0.468018
-0.888916 0.199463 -1.118652
0.001382 0.001382 -0.999998
0 0 0 0
1.001709 0.468018
-1.775635 0.682617 -1.118652
0.001382 0.001382 -0.999998
0 0 0 0
1.001709 0.219971
-1.35083 0.682617 -1.118652
0.001382 0.001382 -0.999998
0 0 0 0
1.169434 0.219971
-1.35083 0.199463 -1.118652
0.001382 0.001382 -0.999998
0 0 0 0
1.169434 0.468018
-1.775635 0.199463 -1.118652
0.001382 0.001382 -0.999998
0 0 0 0
1.001709 0.468018
-1.35083 0.682617 -1.118652
0.001382 0.001382 -0.999998
0 0 0 0
1.169434 0.219971
-0.926025 0.682617 -1.118652
0.001382 0.001382 -0.999998
0 0 0 0
1.001709 0.219971
-0.926025 0.199463 -1.118652
0.001382 0.001382 -0.999998
0 0 0 0
1.001709 0.468018
-1.35083 0.199463 -1.118652
0.001382 0.001382 -0.999998
0 0 0 0
1.169434 0.468018
-0.452637 0.682617 -1.118652
0.001382 0.001382 -0.999998
0 0 0 0
1.169434 0.219971
-0.016602 0.682617 -1.118652
0.001382 0.001382 -0.999998
0 0 0 0
1.001709 0.219971
-0.016602 0.199463 -1.118652
0.001382 0.001382 -0.999998
0 0 0 0
1.001709 0.468018
-0.452637 0.199463 -1.118652
0.001382 0.001382 -0.999998
0 0 0 0
1.169434 0.468018
0.454346 0.682617 -1.118652
0.001382 0.001382 -0.999998
0 0 0 0
1.169434 0.219971
0.888184 0.682617 -1.118652
0.001382 0.001382 -0.999998
0 0 0 0
1.001709 0.219971
0.888184 0.199463 -1.118652
0.001382 0.001382 -0.999998
0 0 0 0
1.001709 0.468018
0.454346 0.199463 -1.118652
0.001382 0.001382 -0.999998
0 0 0 0
1.169434 0.468018
2.000977 0.985107 0
1 0.000978 -0.000001
0 0 0 0
0.25293 0.220947
2.000977 0.199463 0
1 0.000978 -0.000001
0 0 0 0
0.25293 0.466309
2.000977 0.199463 -0.77417
1 0.000978 -0.000001
0 0 0 0
0.00293 0.466309
2.000977 0.985107 -0.77417
1 0.000978 -0.000001
0 0 0 0
0.00293 0.220947
2.000977 0.985107 0.77417
1 0.000978 -0.000001
0 0 0 0
0.00293 0.220947
2.000977 0.199463 0.77417
1 0.000978 -0.000001
0 0 0 0
0.00293 0.466309
2.000977 0.199463 0
1 0.000978 -0.000001
0 0 0 0
0.25293 0.466309
2.000977 0.985107 0
1 0.000978 -0.000001
0 0 0 0
0.25293 0.220947
-1.812744 1.125244 0.99707
0.001382 -0.001382 -0.999998
0 0 0 0
0.002197 0.903809
-1.812744 3.010254 0.99707
0.001382 0.001382 -0.999998
0 0 0 0
0.002197 0.470947
1.814697 3.010254 0.99707
0.001382 0.001382 -0.999998
0 0 0 0
0.996338 0.470947
1.814697 1.125244 0.99707
0.001382 -0.001382 -0.999998
0 0 0 0
0.996338 0.903809
-1.812744 2.794922 1.014893
0.001382 0.001382 0.999998
0 0 0 0
0.003418 1.028564
-1.812744 2.740967 1.014893
0.001382 0.001382 0.999998
0 0 0 0
0.003418 1.002441
1.814697 2.740967 1.014893
0.001382 0.001382 0.999998
0 0 0 0
0.997803 1.002441
1.814697 2.794922 1.014893
0.001382 0.001382 0.999998
0 0 0 0
0.997803 1.028564
-1.812744 2.848633 1.014893
0.001382 0.001382 0.999998
0 0 0 0
0.997803 1.028564
-1.812744 2.794922 1.014893
0.001382 0.001382 0.999998
0 0 0 0
0.997803 1.002441
1.814697 2.794922 1.014893
0.001382 0.001382 0.999998
0 0 0 0
0.003418 1.002441
1.814697 2.848633 1.014893
0.001382 0.001382 0.999998
0 0 0 0
0.003418 1.028564
-1.812744 2.902588 1.014893
0.001382 0.001382 0.999998
0 0 0 0
0.003418 1.002441
-1.812744 2.848633 1.014893
0.001382 0.001382 0.999998
0 0 0 0
0.003418 1.028564
1.814697 2.848633 1.014893
0.001382 0.001382 0.999998
0 0 0 0
0.997803 1.028564
1.814697 2.902588 1.014893
0.001382 0.001382 0.999998
0 0 0 0
0.997803 1.002441
-1.812744 2.956543 1.014893
0.001382 0.001382 0.999998
0 0 0 0
0.997803 1.002441
-1.812744 2.902588 1.014893
0.001382 0.001382 0.999998
0 0 0 0
0.997803 1.028564
1.814697 2.902588 1.014893
0.001382 0.001382 0.999998
0 0 0 0
0.003418 1.028564
1.814697 2.956543 1.014893
0.001382 0.001382 0.999998
0 0 0 0
0.003418 1.002441
-1.812744 3.010254 1.014893
0.001382 0.001382 0.999998
0 0 0 0
0.003418 1.028564
-1.812744 2.956543 1.014893
0.001382 0.001382 0.999998
0 0 0 0
0.003418 1.002441
1.814697 2.956543 1.014893
0.001382 0.001382 0.999998
0 0 0 0
0.997803 1.002441
1.814697 3.010254 1.014893
0.001382 0.001382 0.999998
0 0 0 0
0.997803 1.028564
-1.812744 2.256348 1.014893
0.001382 0.001382 0.999998
0 0 0 0
0.003418 1.028564
-1.812744 2.202393 1.014893
0.001382 0.001382 0.999998
0 0 0 0
0.003418 1.002441
1.814697 2.202393 1.014893
0.001382 0.001382 0.999998
0 0 0 0
0.997803 1.002441
1.814697 2.256348 1.014893
0.001382 0.001382 0.999998
0 0 0 0
0.997803 1.028564
-1.812744 2.310059 1.014893
0.001382 0.001382 0.999998
0 0 0 0
0.997803 1.028564
-1.812744 2.256348 1.014893
0.001382 0.001382 0.999998
0 0 0 0
0.997803 1.002441
1.814697 2.256348 1.014893
0.001382 0.001382 0.999998
0 0 0 0
0.003418 1.002441
1.814697 2.310059 1.014893
0.001382 0.001382 0.999998
0 0 0 0
0.003418 1.028564
-1.812744 2.364014 1.014893
0.001382 0.001382 0.999998
0 0 0 0
0.003418 1.002441
-1.812744 2.310059 1.014893
0.001382 0.001382 0.999998
0 0 0 0
0.003418 1.028564
1.814697 2.310059 1.014893
0.001382 0.001382 0.999998
0 0 0 0
0.997803 1.028564
1.814697 2.364014 1.014893
0.001382 0.001382 0.999998
0 0 0 0
0.997803 1.002441
-1.812744 2.417725 1.014893
0.001382 0.001382 0.999998
0 0 0 0
0.997803 1.002441
-1.812744 2.364014 1.014893
0.001382 0.001382 0.999998
0 0 0 0
0.997803 1.028564
1.814697 2.364014 1.014893
0.001382 0.001382 0.999998
0 0 0 0
0.003418 1.028564
1.814697 2.417725 1.014893
0.001382 0.001382 0.999998
0 0 0 0
0.003418 1.002441
-1.812744 2.47168 1.014893
0.001382 0.001382 0.999998
0 0 0 0
0.003418 1.028564
-1.812744 2.417725 1.014893
0.001382 0.001382 0.999998
0 0 0 0
0.003418 1.002441
1.814697 2.417725 1.014893
0.001382 0.001382 0.999998
0 0 0 0
0.997803 1.002441
1.814697 2.47168 1.014893
0.001382 0.001382 0.999998
0 0 0 0
0.997803 1.028564
-1.812744 2.525635 1.014893
0.001382 0.001382 0.999998
0 0 0 0
0.997803 1.028564
-1.812744 2.47168 1.014893
0.001382 0.001382 0.999998
0 0 0 0
0.997803 1.002441
1.814697 2.47168 1.014893
0.001382 0.001382 0.999998
0 0 0 0
0.003418 1.002441
1.814697 2.525635 1.014893
0.001382 0.001382 0.999998
0 0 0 0
0.003418 1.028564
-1.812744 2.579346 1.014893
0.001382 0.001382 0.999998
0 0 0 0
0.003418 1.002441
-1.812744 2.525635 1.014893
0.001382 0.001382 0.999998
0 0 0 0
0.003418 1.028564
1.814697 2.525635 1.014893
0.001382 0.001382 0.999998
0 0 0 0
0.997803 1.028564
1.814697 2.579346 1.014893
0.001382 0.001382 0.999998
0 0 0 0
0.997803 1.002441
-1.812744 2.633301 1.014893
0.001382 0.001382 0.999998
0 0 0 0
0.997803 1.002441
-1.812744 2.579346 1.014893
0.001382 0.001382 0.999998
0 0 0 0
0.997803 1.028564
1.814697 2.579346 1.014893
0.001382 0.001382 0.999998
0 0 0 0
0.003418 1.028564
1.814697 2.633301 1.014893
0.001382 0.001382 0.999998
0 0 0 0
0.003418 1.002441
-1.812744 2.687012 1.014893
0.001382 0.001382 0.999998
0 0 0 0
0.003418 1.028564
-1.812744 2.633301 1.014893
0.001382 0.001382 0.999998
0 0 0 0
0.003418 1.002441
1.814697 2.633301 1.014893
0.001382 0.001382 0.999998
0 0 0 0
0.997803 1.002441
1.814697 2.687012 1.014893
0.001382 0.001382 0.999998
0 0 0 0
0.997803 1.028564
-1.812744 2.740967 1.014893
0.001382 0.001382 0.999998
0 0 0 0
0.997803 1.028564
-1.812744 2.687012 1.014893
0.001382 0.001382 0.999998
0 0 0 0
0.997803 1.002441
1.814697 2.687012 1.014893
0.001382 0.001382 0.999998
0 0 0 0
0.003418 1.002441
1.814697 2.740967 1.014893
0.001382 0.001382 0.999998
0 0 0 0
0.003418 1.028564
-1.812744 1.717529 1.014893
0.001382 0.001382 0.999998
0 0 0 0
0.003418 1.028564
-1.812744 1.663818 1.014893
0.001382 0.001382 0.999998
0 0 0 0
0.003418 1.002441
1.814697 1.663818 1.014893
0.001382 0.001382 0.999998
0 0 0 0
0.997803 1.002441
1.814697 1.717529 1.014893
0.001382 0.001382 0.999998
0 0 0 0
0.997803 1.028564
-1.812744 1.771484 1.014893
0.001382 0.001382 0.999998
0 0 0 0
0.997803 1.028564
-1.812744 1.717529 1.014893
0.001382 0.001382 0.999998
0 0 0 0
0.997803 1.002441
1.814697 1.717529 1.014893
0.001382 0.001382 0.999998
0 0 0 0
0.003418 1.002441
1.814697 1.771484 1.014893
0.001382 0.001382 0.999998
0 0 0 0
0.003418 1.028564
-1.812744 1.825439 1.014893
0.001382 0.001382 0.999998
0 0 0 0
0.003418 1.002441
-1.812744 1.771484 1.014893
0.001382 0.001382 0.999998
0 0 0 0
0.003418 1.028564
1.814697 1.771484 1.014893
0.001382 0.001382 0.999998
0 0 0 0
0.997803 1.028564
1.814697 1.825439 1.014893
0.001382 0.001382 0.999998
0 0 0 0
0.997803 1.002441
-1.812744 1.87915 1.014893
0.001382 0.001382 0.999998
0 0 0 0
0.997803 1.002441
-1.812744 1.825439 1.014893
0.001382 0.001382 0.999998
0 0 0 0
0.997803 1.028564
1.814697 1.825439 1.014893
0.001382 0.001382 0.999998
0 0 0 0
0.003418 1.028564
1.814697 1.87915 1.014893
0.001382 0.001382 0.999998
0 0 0 0
0.003418 1.002441
-1.812744 1.933105 1.014893
0.001382 0.001382 0.999998
0 0 0 0
0.003418 1.028564
-1.812744 1.87915 1.014893
0.001382 0.001382 0.999998
0 0 0 0
0.003418 1.002441
1.814697 1.87915 1.014893
0.001382 0.001382 0.999998
0 0 0 0
0.997803 1.002441
1.814697 1.933105 1.014893
0.001382 0.001382 0.999998
0 0 0 0
0.997803 1.028564
-1.812744 1.986816 1.014893
0.001382 0.001382 0.999998
0 0 0 0
0.997803 1.028564
-1.812744 1.933105 1.014893
0.001382 0.001382 0.999998
0 0 0 0
0.997803 1.002441
1.814697 1.933105 1.014893
0.001382 0.001382 0.999998
0 0 0 0
0.003418 1.002441
1.814697 1.986816 1.014893
0.001382 0.001382 0.999998
0 0 0 0
0.003418 1.028564
-1.812744 2.040771 1.014893
0.001382 0.001382 0.999998
0 0 0 0
0.003418 1.002441
-1.812744 1.986816 1.014893
0.001382 0.001382 0.999998
0 0 0 0
0.003418 1.028564
1.814697 1.986816 1.014893
0.001382 0.001382 0.999998
0 0 0 0
0.997803 1.028564
1.814697 2.040771 1.014893
0.001382 0.001382 0.999998
0 0 0 0
0.997803 1.002441
-1.812744 2.094727 1.014893
0.001382 0.001382 0.999998
0 0 0 0
0.997803 1.002441
-1.812744 2.040771 1.014893
0.001382 0.001382 0.999998
0 0 0 0
0.997803 1.028564
1.814697 2.040771 1.014893
0.001382 0.001382 0.999998
0 0 0 0
0.003418 1.028564
1.814697 2.094727 1.014893
0.001382 0.001382 0.999998
0 0 0 0
0.003418 1.002441
-1.812744 2.148438 1.014893
0.001382 0.001382 0.999998
0 0 0 0
0.003418 1.028564
-1.812744 2.094727 1.014893
0.001382 0.001382 0.999998
0 0 0 0
0.003418 1.002441
1.814697 2.094727 1.014893
0.001382 0.001382 0.999998
0 0 0 0
0.997803 1.002441
1.814697 2.148438 1.014893
0.001382 0.001382 0.999998
0 0 0 0
0.997803 1.028564
-1.812744 2.202393 1.014893
0.001382 0.001382 0.999998
0 0 0 0
0.997803 1.028564
-1.812744 2.148438 1.014893
0.001382 0.001382 0.999998
0 0 0 0
0.997803 1.002441
1.814697 2.148438 1.014893
0.001382 0.001382 0.999998
0 0 0 0
0.003418 1.002441
1.814697 2.202393 1.014893
0.001382 0.001382 0.999998
0 0 0 0
0.003418 1.028564
-1.812744 1.178955 1.014893
0.001382 0.001382 0.999998
0 0 0 0
0.003418 1.028564
-1.812744 1.125244 1.014893
0.001382 0.001382 0.999998
0 0 0 0
0.003418 1.002441
1.814697 1.125244 1.014893
0.001382 0.001382 0.999998
0 0 0 0
0.997803 1.002441
1.814697 1.178955 1.014893
0.001382 0.001382 0.999998
0 0 0 0
0.997803 1.028564
-1.812744 1.23291 1.014893
0.001382 0.001382 0.999998
0 0 0 0
0.997803 1.028564
-1.812744 1.178955 1.014893
0.001382 0.001382 0.999998
0 0 0 0
0.997803 1.002441
1.814697 1.178955 1.014893
0.001382 0.001382 0.999998
0 0 0 0
0.003418 1.002441
1.814697 1.23291 1.014893
0.001382 0.001382 0.999998
0 0 0 0
0.003418 1.028564
-1.812744 1.286621 1.014893
0.001382 0.001382 0.999998
0 0 0 0
0.003418 1.002441
-1.812744 1.23291 1.014893
0.001382 0.001382 0.999998
0 0 0 0
0.003418 1.028564
1.814697 1.23291 1.014893
0.001382 0.001382 0.999998
0 0 0 0
0.997803 1.028564
1.814697 1.286621 1.014893
0.001382 0.001382 0.999998
0 0 0 0
0.997803 1.002441
-1.812744 1.340576 1.014893
0.001382 0.001382 0.999998
0 0 0 0
0.997803 1.002441
-1.812744 1.286621 1.014893
0.001382 0.001382 0.999998
0 0 0 0
0.997803 1.028564
1.814697 1.286621 1.014893
0.001382 0.001382 0.999998
0 0 0 0
0.003418 1.028564
1.814697 1.340576 1.014893
0.001382 0.001382 0.999998
0 0 0 0
0.003418 1.002441
-1.812744 1.394531 1.014893
0.001382 0.001382 0.999998
0 0 0 0
0.003418 1.028564
-1.812744 1.340576 1.014893
0.001382 0.001382 0.999998
0 0 0 0
0.003418 1.002441
1.814697 1.340576 1.014893
0.001382 0.001382 0.999998
0 0 0 0
0.997803 1.002441
1.814697 1.394531 1.014893
0.001382 0.001382 0.999998
0 0 0 0
0.997803 1.028564
-1.812744 1.448242 1.014893
0.001382 0.001382 0.999998
0 0 0 0
0.997803 1.028564
-1.812744 1.394531 1.014893
0.001382 0.001382 0.999998
0 0 0 0
0.997803 1.002441
1.814697 1.394531 1.014893
0.001382 0.001382 0.999998
0 0 0 0
0.003418 1.002441
1.814697 1.448242 1.014893
0.001382 0.001382 0.999998
0 0 0 0
0.003418 1.028564
-1.812744 1.502197 1.014893
0.001382 0.001382 0.999998
0 0 0 0
0.003418 1.002441
-1.812744 1.448242 1.014893
0.001382 0.001382 0.999998
0 0 0 0
0.003418 1.028564
1.814697 1.448242 1.014893
0.001382 0.001382 0.999998
0 0 0 0
0.997803 1.028564
1.814697 1.502197 1.014893
0.001382 0.001382 0.999998
0 0 0 0
0.997803 1.002441
-1.812744 1.555908 1.014893
0.001382 0.001382 0.999998
0 0 0 0
0.997803 1.002441
-1.812744 1.502197 1.014893
0.001382 0.001382 0.999998
0 0 0 0
0.997803 1.028564
1.814697 1.502197 1.014893
0.001382 0.001382 0.999998
0 0 0 0
0.003418 1.028564
1.814697 1.555908 1.014893
0.001382 0.001382 0.999998
0 0 0 0
0.003418 1.002441
-1.812744 1.609863 1.014893
0.001382 0.001382 0.999998
0 0 0 0
0.003418 1.028564
-1.812744 1.555908 1.014893
0.001382 0.001382 0.999998
0 0 0 0
0.003418 1.002441
1.814697 1.555908 1.014893
0.001382 0.001382 0.999998
0 0 0 0
0.997803 1.002441
1.814697 1.609863 1.014893
0.001382 0.001382 0.999998
0 0 0 0
0.997803 1.028564
-1.812744 1.663818 1.014893
0.001382 0.001382 0.999998
0 0 0 0
0.997803 1.028564
-1.812744 1.609863 1.014893
0.001382 0.001382 0.999998
0 0 0 0
0.997803 1.002441
1.814697 1.609863 1.014893
0.001382 0.001382 0.999998
0 0 0 0
0.003418 1.002441
1.814697 1.663818 1.014893
0.001382 0.001382 0.999998
0 0 0 0
0.003418 1.028564
-1.812744 1 0.997314
0.001382 -0.001382 -0.999998
0 0 0 0
0.997803 1.091309
-1.812744 1.125244 0.99707
0.001382 -0.001382 -0.999998
0 0 0 0
0.997803 1.032715
1.814697 1.125244 0.99707
0.001382 -0.001382 -0.999998
0 0 0 0
0.003418 1.032715
1.814697 1 0.997314
0.001382 -0.001382 -0.999998
0 0 0 0
0.003418 1.091309
-1.775635 0.999756 1.105225
0.000978 1 -0.000001
0 0 0 0
0.003418 0.033691
1.777588 0.999756 1.105225
0.000978 1 -0.000001
0 0 0 0
0.99707 0.033691
1.777588 0.999756 0.996582
0.000978 1 -0.000001
0 0 0 0
0.99707 0.090576
-1.775635 0.999756 0.996582
0.000978 1 -0.000001
0 0 0 0
0.003418 0.090576
-1.775635 0.199463 1.105225
0.001382 0.001382 0.999998
0 0 0 0
0.003418 0.465576
1.777588 0.199463 1.105225
0.001382 0.001382 0.999998
0 0 0 0
0.99707 0.465576
1.777588 0.999756 1.105225
0.001382 0.001382 0.999998
0 0 0 0
0.99707 0.220947
-1.775635 0.999756 1.105225
0.001382 0.001382 0.999998
0 0 0 0
0.003418 0.220947
-1.974121 0.583496 -0.383789
-1 -0.000977 -0.000001
0 0 0 0
1.003418 0.095215
-1.974121 0.583496 -0.569336
-1 -0.000977 -0.000001
0 0 0 0
1.081055 0.095215
-1.974121 0.224854 -0.569336
-1 -0.000977 -0.000001
0 0 0 0
1.081055 0.217041
-1.974121 0.224854 -0.383789
-1 -0.000977 -0.000001
0 0 0 0
1.003418 0.217041
-1.974121 0.224854 -0.569336
-1 -0.000977 -0.000001
0 0 0 0
1.081055 0.217041
-1.974121 0.583496 -0.569336
-1 -0.000977 -0.000001
0 0 0 0
1.081055 0.095215
-1.974121 0.583496 -0.735352
-1 -0.000977 -0.000001
0 0 0 0
1.003418 0.095215
-1.974121 0.224854 -0.735352
-1 0.000978 -0.000001
0 0 0 0
1.003418 0.217041
102
2 1 0
3 2 0
6 5 4
7 6 4
10 9 8
11 10 8
14 13 12
15 14 12
18 17 16
19 18 16
22 21 20
23 22 20
26 25 24
27 26 24
30 29 28
31 30 28
34 33 32
35 34 32
38 37 36
39 38 36
42 41 40
43 42 40
46 45 44
47 46 44
50 49 48
51 50 48
54 53 52
55 54 52
58 57 56
59 58 56
62 61 60
63 62 60
66 65 64
67 66 64
70 69 68
71 70 68
74 73 72
75 74 72
78 77 76
79 78 76
82 81 80
83 82 80
86 85 84
87 86 84
90 89 88
91 90 88
94 93 92
95 94 92
98 97 96
99 98 96
102 101 100
103 102 100
106 105 104
107 106 104
110 109 108
111 110 108
114 113 112
115 114 112
118 117 116
119 118 116
122 121 120
123 122 120
126 125 124
127 126 124
130 129 128
131 130 128
134 133 132
135 134 132
138 137 136
139 138 136
142 141 140
143 142 140
146 145 144
147 146 144
150 149 148
151 150 148
154 153 152
155 154 152
158 157 156
159 158 156
162 161 160
163 162 160
166 165 164
167 166 164
170 169 168
171 170 168
174 173 172
175 174 172
178 177 176
179 178 176
182 181 180
183 182 180
186 185 184
187 186 184
190 189 188
191 190 188
194 193 192
195 194 192
198 197 196
199 198 196
202 201 200
203 202 200
sm04_material\environment\global\prop\gbl_prop_Newsstand_01\np_gbl_prop_Newsstand_01.material
1
0
674
2.00415 2.688477 -0.906738
1 0.000978 -0.000001
0 0 0 0
0.926514 0.230713
2.00415 2.663574 -1.023438
1 0.000978 -0.000001
0 0 0 0
0.90918 0.312012
2.00415 2.688477 -1.023438
1 0.000978 -0.000001
0 0 0 0
0.926514 0.312012
2.00415 2.663574 -0.874268
1 0.000978 -0.000001
0 0 0 0
0.90918 0.208252
2.00415 2.701172 -0.874268
1 0.000978 -0.000001
0 0 0 0
0.935303 0.208252
2.00415 2.756836 -0.98877
1 -0.000977 -0.000001
0 0 0 0
0.973877 0.287842
2.00415 2.747314 -1.023438
1 0.000978 -0.000001
0 0 0 0
0.967285 0.312012
2.00415 2.781738 -1.023438
1 -0.000977 -0.000001
0 0 0 0
0.991211 0.312012
2.00415 2.781738 -0.874268
1 -0.000977 -0.000001
0 0 0 0
0.991211 0.208252
2.00415 2.756836 -0.874268
1 -0.000977 -0.000001
0 0 0 0
0.973877 0.208252
2.00415 2.547119 -0.944092
1 -0.000977 -0.000001
0 0 0 0
0.916504 0.269775
2.00415 2.545654 -0.924072
1 -0.000977 -0.000001
0 0 0 0
0.915527 0.255859
2.00415 2.545898 -0.934814
1 -0.000977 -0.000001
0 0 0 0
0.915771 0.263184
2.00415 2.57666 -0.942627
1 0.000978 -0.000001
0 0 0 0
0.937256 0.268799
2.00415 2.549316 -0.953369
1 0.000978 -0.000001
0 0 0 0
0.918213 0.276367
2.00415 2.577393 -0.94873
1 0.000978 -0.000001
0 0 0 0
0.9375 0.272949
2.00415 2.553223 -0.962891
1 0.000978 -0.000001
0 0 0 0
0.920898 0.282715
2.00415 2.578369 -0.953369
1 0.000978 -0.000001
0 0 0 0
0.938232 0.276367
2.00415 2.560059 -0.971924
1 -0.000977 -0.000001
0 0 0 0
0.925537 0.289062
2.00415 2.580322 -0.958008
1 -0.000977 -0.000001
0 0 0 0
0.939697 0.279541
2.00415 2.569336 -0.979492
1 -0.000977 -0.000001
0 0 0 0
0.932129 0.294434
2.00415 2.58374 -0.962646
1 -0.000977 -0.000001
0 0 0 0
0.942139 0.282715
2.00415 2.578857 -0.983643
1 -0.000977 -0.000001
0 0 0 0
0.938721 0.297119
2.00415 2.588379 -0.96582
1 -0.000977 -0.000001
0 0 0 0
0.945312 0.284912
2.00415 2.588379 -0.985596
1 0.000978 -0.000001
0 0 0 0
0.945312 0.298584
2.00415 2.593018 -0.967285
1 0.000978 -0.000001
0 0 0 0
0.948486 0.285889
2.00415 2.596924 -0.986084
1 -0.000977 -0.000001
0 0 0 0
0.951416 0.298828
2.00415 2.597656 -0.967285
1 -0.000977 -0.000001
0 0 0 0
0.951904 0.285889
2.00415 2.607178 -0.984863
1 -0.000977 -0.000001
0 0 0 0
0.958496 0.298096
2.00415 2.602539 -0.96582
1 0.000978 -0.000001
0 0 0 0
0.955078 0.284912
2.00415 2.617188 -0.981689
1 -0.000977 -0.000001
0 0 0 0
0.965332 0.295898
2.00415 2.606934 -0.962402
1 -0.000977 -0.000001
0 0 0 0
0.958252 0.282471
2.00415 2.625 -0.976807
1 -0.000977 -0.000001
0 0 0 0
0.970947 0.29248
2.00415 2.610107 -0.958008
1 0.000978 -0.000001
0 0 0 0
0.960449 0.279541
2.00415 2.633301 -0.968506
1 0.000978 -0.000001
0 0 0 0
0.976562 0.286865
2.00415 2.613037 -0.94873
1 0.000978 -0.000001
0 0 0 0
0.962646 0.272949
2.00415 2.639648 -0.958008
1 0.000978 -0.000001
0 0 0 0
0.980957 0.279541
2.00415 2.613525 -0.942871
1 0.000978 -0.000001
0 0 0 0
0.962891 0.268799
2.00415 2.644531 -0.939453
1 0.000978 -0.000001
0 0 0 0
0.984375 0.266602
2.00415 2.64502 -0.929688
1 0.000978 -0.000001
0 0 0 0
0.984863 0.259766
2.00415 2.614014 -0.924072
1 0.000978 -0.000001
0 0 0 0
0.963135 0.255859
2.00415 2.644531 -0.920898
1 0.000978 -0.000001
0 0 0 0
0.984375 0.253662
2.00415 2.612549 -0.911621
1 -0.000977 -0.000001
0 0 0 0
0.962158 0.24707
2.00415 2.640137 -0.902588
1 -0.000977 -0.000001
0 0 0 0
0.981445 0.240967
2.00415 2.630859 -0.888428
1 -0.000977 -0.000001
0 0 0 0
0.974854 0.230957
2.00415 2.608643 -0.902344
1 0.000978 -0.000001
0 0 0 0
0.959473 0.240723
2.00415 2.621338 -0.880859
1 0.000978 -0.000001
0 0 0 0
0.968262 0.22583
2.00415 2.604736 -0.897705
1 -0.000977 -0.000001
0 0 0 0
0.956787 0.237305
2.00415 2.612061 -0.876953
1 -0.000977 -0.000001
0 0 0 0
0.96167 0.2229
2.00415 2.599365 -0.894043
1 -0.000977 -0.000001
0 0 0 0
0.952881 0.234863
2.00415 2.602539 -0.875
1 0.000978 -0.000001
0 0 0 0
0.955078 0.22168
2.00415 2.588379 -0.893555
1 0.000978 -0.000001
0 0 0 0
0.945312 0.234619
2.00415 2.583496 -0.874756
1 0.000978 -0.000001
0 0 0 0
0.941895 0.221436
2.00415 2.583496 -0.895508
1 -0.000977 -0.000001
0 0 0 0
0.941895 0.23584
2.00415 2.573975 -0.876465
1 -0.000977 -0.000001
0 0 0 0
0.935303 0.222656
2.00415 2.581055 -0.897705
1 -0.000977 -0.000001
0 0 0 0
0.940186 0.237305
2.00415 2.564697 -0.879883
1 0.000978 -0.000001
0 0 0 0
0.928711 0.225098
2.00415 2.577881 -0.902344
1 0.000978 -0.000001
0 0 0 0
0.937988 0.240723
2.00415 2.555176 -0.88623
1 -0.000977 -0.000001
0 0 0 0
0.922119 0.229492
2.00415 2.57666 -0.905273
1 -0.000977 -0.000001
0 0 0 0
0.937256 0.242676
2.00415 2.550537 -0.891357
1 -0.000977 -0.000001
0 0 0 0
0.918945 0.23291
2.00415 2.545654 -0.89917
1 0.000978 -0.000001
0 0 0 0
0.915527 0.238525
2.00415 2.430908 -0.912842
1 0.000978 -0.000001
0 0 0 0
0.938232 0.281738
2.00415 2.384277 -0.986084
1 -0.000977 -0.000001
0 0 0 0
0.989014 0.313965
2.00415 2.411133 -0.986084
1 -0.000977 -0.000001
0 0 0 0
0.989014 0.29541
2.00415 2.417236 -0.874268
1 0.000978 -0.000001
0 0 0 0
0.911377 0.291016
2.00415 2.443848 -0.874268
1 0.000978 -0.000001
0 0 0 0
0.911377 0.272705
2.00415 2.461914 -0.946289
1 0.000978 -0.000001
0 0 0 0
0.961426 0.26001
2.00415 2.448242 -0.986084
1 -0.000977 -0.000001
0 0 0 0
0.989014 0.269531
2.00415 2.475098 -0.986084
1 0.000978 -0.000001
0 0 0 0
0.989014 0.250977
2.00415 2.49292 -0.912842
1 0.000978 -0.000001
0 0 0 0
0.938232 0.238525
2.00415 2.479492 -0.874268
1 -0.000977 -0.000001
0 0 0 0
0.911377 0.247803
2.00415 2.506348 -0.874268
1 0.000978 -0.000001
0 0 0 0
0.911377 0.229248
2.00415 2.539551 -0.986084
1 0.000978 -0.000001
0 0 0 0
0.989014 0.206055
2.00415 2.512451 -0.986084
1 0.000978 -0.000001
0 0 0 0
0.989014 0.224854
2.00415 2.375244 -0.884521
1 0.000978 -0.000001
0 0 0 0
0.977295 0.228516
2.00415 2.386475 -0.89917
1 0.000978 -0.000001
0 0 0 0
0.984863 0.238525
2.00415 2.380615 -0.889404
1 0.000978 -0.000001
0 0 0 0
0.980713 0.231689
2.00415 2.360596 -0.905273
1 0.000978 -0.000001
0 0 0 0
0.967529 0.24292
2.00415 2.363281 -0.878418
1 0.000978 -0.000001
0 0 0 0
0.969238 0.224121
2.00415 2.35083 -0.898438
1 0.000978 -0.000001
0 0 0 0
0.960938 0.238037
2.00415 2.346924 -0.875
1 -0.000977 -0.000001
0 0 0 0
0.958496 0.22168
2.00415 2.342041 -0.893799
1 -0.000977 -0.000001
0 0 0 0
0.955078 0.234863
2.00415 2.337158 -0.874268
1 -0.000977 -0.000001
0 0 0 0
0.951904 0.221191
2.00415 2.332764 -0.892822
1 -0.000977 -0.000001
0 0 0 0
0.948975 0.234131
2.00415 2.317383 -0.875488
1 0.000978 -0.000001
0 0 0 0
0.938721 0.222168
2.00415 2.322266 -0.894775
1 0.000978 -0.000001
0 0 0 0
0.941895 0.235596
2.00415 2.307373 -0.87793
1 0.000978 -0.000001
0 0 0 0
0.932129 0.223877
2.00415 2.317627 -0.897949
1 0.000978 -0.000001
0 0 0 0
0.938965 0.237793
2.00415 2.297119 -0.883301
1 -0.000977 -0.000001
0 0 0 0
0.925293 0.227539
2.00415 2.31543 -0.902344
1 -0.000977 -0.000001
0 0 0 0
0.9375 0.240723
2.00415 2.288086 -0.892334
1 -0.000977 -0.000001
0 0 0 0
0.919189 0.233643
2.00415 2.284912 -0.897461
1 0.000978 -0.000001
0 0 0 0
0.917236 0.237305
2.00415 2.315186 -0.906006
1 0.000978 -0.000001
0 0 0 0
0.937256 0.243164
2.00415 2.282715 -0.907715
1 -0.000977 -0.000001
0 0 0 0
0.915527 0.244385
2.00415 2.28418 -0.91626
1 -0.000977 -0.000001
0 0 0 0
0.916504 0.250488
2.00415 2.28833 -0.924805
1 0.000978 -0.000001
0 0 0 0
0.919189 0.256348
2.00415 2.317139 -0.910645
1 0.000978 -0.000001
0 0 0 0
0.938477 0.246338
2.00415 2.297607 -0.932373
1 -0.000977 -0.000001
0 0 0 0
0.925537 0.261719
2.00415 2.292969 -0.929932
1 0.000978 -0.000001
0 0 0 0
0.922363 0.26001
2.00415 2.307373 -0.936279
1 -0.000977 -0.000001
0 0 0 0
0.932129 0.264404
2.00415 2.322266 -0.91333
1 -0.000977 -0.000001
0 0 0 0
0.941895 0.248535
2.00415 2.338379 -0.946289
1 -0.000977 -0.000001
0 0 0 0
0.952637 0.271484
2.00415 2.352051 -0.921631
1 0.000978 -0.000001
0 0 0 0
0.96167 0.25415
2.00415 2.34375 -0.949463
1 0.000978 -0.000001
0 0 0 0
0.956299 0.273682
2.00415 2.361816 -0.925537
1 0.000978 -0.000001
0 0 0 0
0.968262 0.256836
2.00415 2.370605 -0.931152
1 0.000978 -0.000001
0 0 0 0
0.974121 0.260742
2.00415 2.347168 -0.953369
1 0.000978 -0.000001
0 0 0 0
0.958496 0.276123
2.00415 2.376953 -0.938965
1 0.000978 -0.000001
0 0 0 0
0.978271 0.266357
2.00415 2.379883 -0.94873
1 0.000978 -0.000001
0 0 0 0
0.980225 0.273193
2.00415 2.379639 -0.958008
1 0.000978 -0.000001
0 0 0 0
0.980225 0.279541
2.00415 2.347656 -0.957275
1 0.000978 -0.000001
0 0 0 0
0.95874 0.279053
2.00415 2.372314 -0.972656
1 0.000978 -0.000001
0 0 0 0
0.975342 0.289795
2.00415 2.376709 -0.966553
1 0.000978 -0.000001
0 0 0 0
0.978271 0.2854
2.00415 2.367188 -0.977051
1 0.000978 -0.000001
0 0 0 0
0.971924 0.292725
2.00415 2.345703 -0.962891
1 0.000978 -0.000001
0 0 0 0
0.95752 0.282715
2.00415 2.35791 -0.981934
1 -0.000977 -0.000001
0 0 0 0
0.96582 0.296143
2.00415 2.346924 -0.984619
1 0.000978 -0.000001
0 0 0 0
0.958496 0.298096
2.00415 2.341309 -0.96582
1 0.000978 -0.000001
0 0 0 0
0.95459 0.284912
2.00415 2.332031 -0.967529
1 -0.000977 -0.000001
0 0 0 0
0.948486 0.286133
2.00415 2.327148 -0.98584
1 -0.000977 -0.000001
0 0 0 0
0.945312 0.298828
2.00415 2.322998 -0.966064
1 0.000978 -0.000001
0 0 0 0
0.942383 0.285156
2.00415 2.317383 -0.984863
1 0.000978 -0.000001
0 0 0 0
0.938721 0.298096
2.00415 2.31665 -0.963135
1 0.000978 -0.000001
0 0 0 0
0.938232 0.282959
2.00415 2.307373 -0.98291
1 -0.000977 -0.000001
0 0 0 0
0.932129 0.296875
2.00415 2.311768 -0.958984
1 -0.000977 -0.000001
0 0 0 0
0.934814 0.280029
2.00415 2.297607 -0.979004
1 0.000978 -0.000001
0 0 0 0
0.925537 0.294189
2.00415 2.308838 -0.955078
1 0.000978 -0.000001
0 0 0 0
0.932861 0.277344
2.00415 2.28833 -0.971436
1 -0.000977 -0.000001
0 0 0 0
0.919434 0.288818
2.00415 2.282715 -0.961182
1 -0.000977 -0.000001
0 0 0 0
0.915527 0.281738
2.00415 2.284912 -0.966309
1 -0.000977 -0.000001
0 0 0 0
0.916992 0.285156
2.00415 2.117188 -0.986084
1 0.000978 -0.000001
0 0 0 0
0.94165 0.285889
2.00415 2.117188 -1.023438
1 0.000978 -0.000001
0 0 0 0
0.94165 0.311768
2.00415 2.148193 -1.004639
1 0.000978 -0.000001
0 0 0 0
0.963135 0.298828
2.00415 2.148193 -0.986084
1 0.000978 -0.000001
0 0 0 0
0.963135 0.285889
2.00415 2.148193 -0.967529
1 0.000978 -0.000001
0 0 0 0
0.963135 0.272949
2.00415 2.160645 -0.967529
1 0.000978 -0.000001
0 0 0 0
0.971924 0.272949
2.00415 2.160645 -0.986084
1 0.000978 -0.000001
0 0 0 0
0.971924 0.285889
2.00415 2.117188 -0.967529
1 0.000978 -0.000001
0 0 0 0
0.94165 0.272949
2.00415 2.098633 -0.986084
1 0.000978 -0.000001
0 0 0 0
0.928711 0.285889
2.00415 2.098633 -0.967529
1 0.000978 -0.000001
0 0 0 0
0.928711 0.272949
2.00415 2.148193 -0.908447
1 0.000978 -0.000001
0 0 0 0
0.963135 0.231934
2.00415 2.116943 -0.899902
1 -0.000977 -0.000001
0 0 0 0
0.941406 0.22583
2.00415 2.147461 -0.89624
1 -0.000977 -0.000001
0 0 0 0
0.962646 0.223389
2.00415 2.14502 -0.886963
1 -0.000977 -0.000001
0 0 0 0
0.960938 0.217041
2.00415 2.116211 -0.896973
1 0.000978 -0.000001
0 0 0 0
0.940918 0.223877
2.00415 2.134033 -0.876953
1 0.000978 -0.000001
0 0 0 0
0.953369 0.209961
2.00415 2.142822 -0.883057
1 0.000978 -0.000001
0 0 0 0
0.959229 0.214355
2.00415 2.125244 -0.874512
1 0.000978 -0.000001
0 0 0 0
0.947021 0.208252
2.00415 2.114502 -0.894287
1 -0.000977 -0.000001
0 0 0 0
0.939697 0.221924
2.00415 2.107422 -0.875488
1 -0.000977 -0.000001
0 0 0 0
0.934814 0.208984
2.00415 2.107422 -0.893555
1 0.000978 -0.000001
0 0 0 0
0.934814 0.221436
2.00415 2.098633 -0.877686
1 0.000978 -0.000001
0 0 0 0
0.928711 0.210449
2.00415 2.101807 -0.895508
1 0.000978 -0.000001
0 0 0 0
0.930664 0.2229
2.00415 1.986816 -0.874268
1 0.000978 -0.000001
0 0 0 0
0.915771 0.221191
2.00415 1.989502 -0.881348
1 0.000978 -0.000001
0 0 0 0
0.917725 0.226074
2.00415 2.017822 -0.874268
1 0.000978 -0.000001
0 0 0 0
0.937256 0.221191
2.00415 1.991943 -0.891113
1 0.000978 -0.000001
0 0 0 0
0.919189 0.23291
2.00415 2.021484 -0.886719
1 0.000978 -0.000001
0 0 0 0
0.939697 0.229736
2.00415 1.99292 -0.899902
1 0.000978 -0.000001
0 0 0 0
0.919922 0.239014
2.00415 2.025146 -0.907959
1 0.000978 -0.000001
0 0 0 0
0.942383 0.244629
2.00415 2.02417 -0.930176
1 0.000978 -0.000001
0 0 0 0
0.94165 0.26001
2.00415 1.993164 -0.95166
1 -0.000977 -0.000001
0 0 0 0
0.920166 0.275146
2.00415 2.02417 -0.94873
1 -0.000977 -0.000001
0 0 0 0
0.94165 0.272949
2.00415 2.04126 -0.943604
1 0.000978 -0.000001
0 0 0 0
0.953613 0.269287
2.00415 2.031738 -0.927246
1 0.000978 -0.000001
0 0 0 0
0.947021 0.258057
2.00415 2.043701 -0.923584
1 0.000978 -0.000001
0 0 0 0
0.955078 0.255371
2.00415 2.050781 -0.941406
1 0.000978 -0.000001
0 0 0 0
0.960205 0.267822
2.00415 2.048828 -0.921143
1 0.000978 -0.000001
0 0 0 0
0.958984 0.253906
2.00415 2.060303 -0.938965
1 0.000978 -0.000001
0 0 0 0
0.966797 0.266113
2.00415 2.053223 -0.916504
1 0.000978 -0.000001
0 0 0 0
0.961914 0.250488
2.00415 2.069336 -0.935547
1 0.000978 -0.000001
0 0 0 0
0.973145 0.263672
2.00415 2.076416 -0.930908
1 0.000978 -0.000001
0 0 0 0
0.978027 0.260742
2.00415 2.054932 -0.912598
1 0.000978 -0.000001
0 0 0 0
0.963135 0.247803
2.00415 2.081299 -0.925293
1 0.000978 -0.000001
0 0 0 0
0.981445 0.256592
2.00415 2.084229 -0.918457
1 -0.000977 -0.000001
0 0 0 0
0.983398 0.251953
2.00415 2.055176 -0.908447
1 -0.000977 -0.000001
0 0 0 0
0.963135 0.244873
2.00415 2.086182 -0.909424
1 -0.000977 -0.000001
0 0 0 0
0.984619 0.245605
2.00415 2.085449 -0.899902
1 0.000978 -0.000001
0 0 0 0
0.984375 0.239014
2.00415 2.054688 -0.903076
1 0.000978 -0.000001
0 0 0 0
0.962891 0.241211
2.00415 2.08252 -0.891357
1 0.000978 -0.000001
0 0 0 0
0.982422 0.233154
2.00415 2.076904 -0.883301
1 0.000978 -0.000001
0 0 0 0
0.978516 0.227539
2.00415 2.052246 -0.898926
1 0.000978 -0.000001
0 0 0 0
0.961182 0.238281
2.00415 2.064941 -0.876221
1 -0.000977 -0.000001
0 0 0 0
0.969971 0.222412
2.00415 2.047852 -0.894287
1 -0.000977 -0.000001
0 0 0 0
0.958252 0.235107
2.00415 2.05542 -0.874512
1 -0.000977 -0.000001
0 0 0 0
0.963379 0.221191
2.00415 2.045898 -0.874756
1 -0.000977 -0.000001
0 0 0 0
0.956787 0.221436
2.00415 2.042969 -0.893066
1 -0.000977 -0.000001
0 0 0 0
0.954834 0.234131
2.00415 2.036133 -0.877441
1 -0.000977 -0.000001
0 0 0 0
0.949951 0.223389
2.00415 2.037842 -0.893799
1 -0.000977 -0.000001
0 0 0 0
0.951172 0.234619
2.00415 2.028564 -0.900879
1 0.000978 -0.000001
0 0 0 0
0.94458 0.239746
2.00415 2.024658 -0.957764
1 0.000978 -0.000001
0 0 0 0
0.942139 0.279297
2.00415 1.994141 -0.960449
1 0.000978 -0.000001
0 0 0 0
0.920654 0.28125
2.00415 2.003662 -0.978027
1 0.000978 -0.000001
0 0 0 0
0.92749 0.293213
2.00415 1.99707 -0.970459
1 0.000978 -0.000001
0 0 0 0
0.922852 0.288086
2.00415 2.009766 -0.981689
1 0.000978 -0.000001
0 0 0 0
0.931641 0.295898
2.00415 2.02832 -0.963867
1 0.000978 -0.000001
0 0 0 0
0.94458 0.283447
2.00415 2.017578 -0.984375
1 0.000978 -0.000001
0 0 0 0
0.937012 0.297852
2.00415 2.0271 -0.98584
1 0.000978 -0.000001
0 0 0 0
0.943604 0.298828
2.00415 2.036621 -0.967041
1 0.000978 -0.000001
0 0 0 0
0.950195 0.285645
2.00415 2.036865 -0.986084
1 0.000978 -0.000001
0 0 0 0
0.950439 0.298828
2.00415 2.045898 -0.967285
1 -0.000977 -0.000001
0 0 0 0
0.956787 0.285889
2.00415 2.045898 -0.985596
1 -0.000977 -0.000001
0 0 0 0
0.956787 0.298584
2.00415 2.05542 -0.984131
1 -0.000977 -0.000001
0 0 0 0
0.963379 0.297607
2.00415 2.055176 -0.963867
1 -0.000977 -0.000001
0 0 0 0
0.963135 0.283447
2.00415 2.065186 -0.980225
1 -0.000977 -0.000001
0 0 0 0
0.970215 0.294922
2.00415 2.07251 -0.974365
1 -0.000977 -0.000001
0 0 0 0
0.975342 0.290771
2.00415 2.061279 -0.955078
1 -0.000977 -0.000001
0 0 0 0
0.967529 0.277344
2.00415 2.080078 -0.961182
1 -0.000977 -0.000001
0 0 0 0
0.980469 0.281738
2.00415 1.943359 -0.986084
1 0.000978 -0.000001
0 0 0 0
0.967529 0.299072
2.00415 1.968262 -0.986084
1 0.000978 -0.000001
0 0 0 0
0.984863 0.299072
2.00415 1.943359 -0.970459
1 -0.000977 -0.000001
0 0 0 0
0.967529 0.288086
2.00415 1.968262 -0.874268
1 0.000978 -0.000001
0 0 0 0
0.984863 0.221191
2.00415 1.937256 -0.874268
1 0.000978 -0.000001
0 0 0 0
0.963135 0.221191
2.00415 1.936523 -0.943604
1 0.000978 -0.000001
0 0 0 0
0.962646 0.269531
2.00415 1.934814 -0.952881
1 -0.000977 -0.000001
0 0 0 0
0.96167 0.275879
2.00415 1.930908 -0.959961
1 -0.000977 -0.000001
0 0 0 0
0.95874 0.280762
2.00415 1.923584 -0.965576
1 0.000978 -0.000001
0 0 0 0
0.953857 0.284668
2.00415 1.928223 -0.981445
1 0.000978 -0.000001
0 0 0 0
0.957031 0.295898
2.00415 1.916016 -0.967529
1 0.000978 -0.000001
0 0 0 0
0.948486 0.285889
2.00415 1.918457 -0.984863
1 0.000978 -0.000001
0 0 0 0
0.950195 0.298096
2.00415 1.908203 -0.986084
1 0.000978 -0.000001
0 0 0 0
0.943115 0.298828
2.00415 1.908447 -0.965088
1 0.000978 -0.000001
0 0 0 0
0.943115 0.284424
2.00415 1.899658 -0.985596
1 0.000978 -0.000001
0 0 0 0
0.937012 0.298584
2.00415 1.885498 -0.981201
1 -0.000977 -0.000001
0 0 0 0
0.927246 0.295654
2.00415 1.892578 -0.984131
1 0.000978 -0.000001
0 0 0 0
0.932129 0.297607
2.00415 1.9021 -0.95752
1 -0.000977 -0.000001
0 0 0 0
0.938721 0.279053
2.00415 1.878662 -0.976562
1 0.000978 -0.000001
0 0 0 0
0.922363 0.292236
2.00415 1.871338 -0.9646
1 0.000978 -0.000001
0 0 0 0
0.91748 0.283936
2.00415 1.874268 -0.970947
1 0.000978 -0.000001
0 0 0 0
0.919434 0.28833
2.00415 1.869141 -0.951172
1 0.000978 -0.000001
0 0 0 0
0.915771 0.274658
2.00415 1.900146 -0.941895
1 0.000978 -0.000001
0 0 0 0
0.937256 0.268066
2.00415 1.868896 -0.874268
1 0.000978 -0.000001
0 0 0 0
0.915527 0.221191
2.00415 1.899902 -0.874268
1 0.000978 -0.000001
0 0 0 0
0.937256 0.221191
2.00415 1.744629 -0.874268
1 0.000978 -0.000001
0 0 0 0
0.913574 0.208252
2.00415 1.769531 -0.889893
1 0.000978 -0.000001
0 0 0 0
0.930664 0.218994
2.00415 1.769531 -0.874268
1 0.000978 -0.000001
0 0 0 0
0.930664 0.208252
2.00415 1.777832 -0.912109
1 0.000978 -0.000001
0 0 0 0
0.936523 0.234375
2.00415 1.775879 -0.928223
1 0.000978 -0.000001
0 0 0 0
0.935059 0.245605
2.00415 1.776367 -0.940186
1 0.000978 -0.000001
0 0 0 0
0.935547 0.25415
2.00415 1.778809 -0.951904
1 0.000978 -0.000001
0 0 0 0
0.937256 0.262207
2.00415 1.744629 -1.023438
1 0.000978 -0.000001
0 0 0 0
0.913574 0.312012
2.00415 1.775879 -0.97168
1 0.000978 -0.000001
0 0 0 0
0.935303 0.275879
2.00415 1.775635 -1.023438
1 0.000978 -0.000001
0 0 0 0
0.935059 0.312012
2.00415 1.783447 -0.960449
1 0.000978 -0.000001
0 0 0 0
0.94043 0.268311
2.00415 1.789795 -0.96582
1 0.000978 -0.000001
0 0 0 0
0.944824 0.271729
2.00415 1.782959 -0.978027
1 0.000978 -0.000001
0 0 0 0
0.939941 0.280273
2.00415 1.791748 -0.983154
1 0.000978 -0.000001
0 0 0 0
0.946289 0.283936
2.00415 1.797363 -0.967285
1 -0.000977 -0.000001
0 0 0 0
0.950195 0.272949
2.00415 1.803223 -0.98584
1 -0.000977 -0.000001
0 0 0 0
0.954102 0.285889
2.00415 1.805176 -0.965576
1 -0.000977 -0.000001
0 0 0 0
0.955566 0.271729
2.00415 1.814209 -0.985352
1 -0.000977 -0.000001
0 0 0 0
0.961914 0.2854
2.00415 1.811523 -0.960449
1 0.000978 -0.000001
0 0 0 0
0.959961 0.268066
2.00415 1.825195 -0.981689
1 0.000978 -0.000001
0 0 0 0
0.969482 0.282959
2.00415 1.835693 -0.973877
1 0.000978 -0.000001
0 0 0 0
0.976807 0.277588
2.00415 1.816162 -0.952148
1 0.000978 -0.000001
0 0 0 0
0.963379 0.262207
2.00415 1.843506 -0.963379
1 0.000978 -0.000001
0 0 0 0
0.982178 0.270264
2.00415 1.8479 -0.95166
1 0.000978 -0.000001
0 0 0 0
0.985352 0.261963
2.00415 1.818604 -0.943115
1 0.000978 -0.000001
0 0 0 0
0.964844 0.256104
2.00415 1.849854 -0.940186
1 0.000978 -0.000001
0 0 0 0
0.986572 0.25415
2.00415 1.819092 -0.93457
1 0.000978 -0.000001
0 0 0 0
0.965332 0.250244
2.00415 1.850098 -0.928467
1 0.000978 -0.000001
0 0 0 0
0.986816 0.24585
2.00415 1.818848 -0.923096
1 0.000978 -0.000001
0 0 0 0
0.965088 0.242188
2.00415 1.849121 -0.917236
1 0.000978 -0.000001
0 0 0 0
0.986328 0.238037
2.00415 1.847412 -0.908691
1 -0.000977 -0.000001
0 0 0 0
0.984863 0.232178
2.00415 1.817139 -0.912109
1 -0.000977 -0.000001
0 0 0 0
0.963867 0.234375
2.00415 1.84375 -0.899658
1 -0.000977 -0.000001
0 0 0 0
0.982422 0.22583
-2.005859 2.003662 -0.919678
-1 0.000978 -0.000001
0 0 0 0
0.92749 0.293213
-2.005859 1.994141 -0.937256
-1 0.000978 -0.000001
0 0 0 0
0.920654 0.28125
-2.005859 1.99707 -0.927246
-1 0.000978 -0.000001
0 0 0 0
0.922852 0.288086
-2.005859 2.024658 -0.939697
-1 0.000978 -0.000001
0 0 0 0
0.942139 0.279297
-2.005859 2.009766 -0.915771
-1 0.000978 -0.000001
0 0 0 0
0.931641 0.295898
-2.005859 2.02832 -0.933838
-1 0.000978 -0.000001
0 0 0 0
0.94458 0.283447
-2.005859 2.017578 -0.91333
-1 -0.000977 -0.000001
0 0 0 0
0.937012 0.297852
-2.005859 2.0271 -0.911865
-1 -0.000977 -0.000001
0 0 0 0
0.943604 0.298828
-2.005859 2.036621 -0.930664
-1 -0.000977 -0.000001
0 0 0 0
0.950195 0.285645
-2.005859 2.036865 -0.911621
-1 0.000978 -0.000001
0 0 0 0
0.950439 0.298828
-2.005859 2.045898 -0.93042
-1 0.000978 -0.000001
0 0 0 0
0.956787 0.285889
-2.005859 2.045898 -0.912109
-1 -0.000977 -0.000001
0 0 0 0
0.956787 0.298584
-2.005859 2.05542 -0.913574
-1 0.000978 -0.000001
0 0 0 0
0.963379 0.297607
-2.005859 2.055176 -0.933838
-1 0.000978 -0.000001
0 0 0 0
0.963135 0.283447
-2.005859 2.065186 -0.917236
-1 -0.000977 -0.000001
0 0 0 0
0.970215 0.294922
-2.005859 2.07251 -0.92334
-1 -0.000977 -0.000001
0 0 0 0
0.975342 0.290771
-2.005859 2.061279 -0.942627
-1 0.000978 -0.000001
0 0 0 0
0.967529 0.277344
-2.005859 2.080078 -0.936279
-1 0.000978 -0.000001
0 0 0 0
0.980469 0.281738
-2.005859 1.943359 -0.911621
-1 0.000978 -0.000001
0 0 0 0
0.967529 0.299072
-2.005859 1.968262 -0.911621
-1 -0.000977 -0.000001
0 0 0 0
0.984863 0.299072
-2.005859 1.943359 -0.927246
-1 -0.000977 -0.000001
0 0 0 0
0.967529 0.288086
-2.005859 1.968262 -1.023438
-1 -0.000977 -0.000001
0 0 0 0
0.984863 0.221191
-2.005859 1.937256 -1.023438
-1 -0.000977 -0.000001
0 0 0 0
0.963135 0.221191
-2.005859 1.936523 -0.953857
-1 -0.000977 -0.000001
0 0 0 0
0.962646 0.269531
-2.005859 1.934814 -0.944824
-1 -0.000977 -0.000001
0 0 0 0
0.96167 0.275879
-2.005859 1.930908 -0.937744
-1 0.000978 -0.000001
0 0 0 0
0.95874 0.280762
-2.005859 1.923584 -0.931885
-1 0.000978 -0.000001
0 0 0 0
0.953857 0.284668
-2.005859 1.928223 -0.916016
-1 0.000978 -0.000001
0 0 0 0
0.957031 0.295898
-2.005859 1.916016 -0.930176
-1 -0.000977 -0.000001
0 0 0 0
0.948486 0.285889
-2.005859 1.918457 -0.912842
-1 0.000978 -0.000001
0 0 0 0
0.950195 0.298096
-2.005859 1.908203 -0.911621
-1 -0.000977 -0.000001
0 0 0 0
0.943115 0.298828
-2.005859 1.908447 -0.932617
-1 -0.000977 -0.000001
0 0 0 0
0.943115 0.284424
-2.005859 1.899658 -0.912109
-1 -0.000977 -0.000001
0 0 0 0
0.937012 0.298584
-2.005859 1.885498 -0.916504
-1 -0.000977 -0.000001
0 0 0 0
0.927246 0.295654
-2.005859 1.892578 -0.913574
-1 0.000978 -0.000001
0 0 0 0
0.932129 0.297607
-2.005859 1.9021 -0.940186
-1 -0.000977 -0.000001
0 0 0 0
0.938721 0.279053
-2.005859 1.878662 -0.921143
-1 -0.000977 -0.000001
0 0 0 0
0.922363 0.292236
-2.005859 1.871338 -0.933105
-1 -0.000977 -0.000001
0 0 0 0
0.91748 0.283936
-2.005859 1.874268 -0.926758
-1 -0.000977 -0.000001
0 0 0 0
0.919434 0.28833
-2.005859 1.869141 -0.946533
-1 -0.000977 -0.000001
0 0 0 0
0.915771 0.274658
-2.005859 1.900146 -0.955811
-1 -0.000977 -0.000001
0 0 0 0
0.937256 0.268066
-2.005859 1.868896 -1.023438
-1 -0.000977 -0.000001
0 0 0 0
0.915527 0.221191
-2.005859 1.899902 -1.023438
-1 -0.000977 -0.000001
0 0 0 0
0.937256 0.221191
-2.005859 1.744629 -1.023438
-1 -0.000977 -0.000001
0 0 0 0
0.913574 0.208252
-2.005859 1.769531 -1.007812
-1 -0.000977 -0.000001
0 0 0 0
0.930664 0.218994
-2.005859 1.769531 -1.023438
-1 0.000978 -0.000001
0 0 0 0
0.930664 0.208252
-2.005859 1.777832 -0.985596
-1 -0.000977 -0.000001
0 0 0 0
0.936523 0.234375
-2.005859 1.775879 -0.969482
-1 -0.000977 -0.000001
0 0 0 0
0.935059 0.245605
-2.005859 1.776367 -0.95752
-1 0.000978 -0.000001
0 0 0 0
0.935547 0.25415
-2.005859 1.778809 -0.945801
-1 0.000978 -0.000001
0 0 0 0
0.937256 0.262207
-2.005859 1.744629 -0.874268
-1 0.000978 -0.000001
0 0 0 0
0.913574 0.312012
-2.005859 1.775879 -0.926025
-1 0.000978 -0.000001
0 0 0 0
0.935303 0.275879
-2.005859 1.775635 -0.874268
-1 0.000978 -0.000001
0 0 0 0
0.935059 0.312012
-2.005859 1.783447 -0.937012
-1 0.000978 -0.000001
0 0 0 0
0.94043 0.268311
-2.005859 1.789795 -0.931885
-1 -0.000977 -0.000001
0 0 0 0
0.944824 0.271729
-2.005859 1.782959 -0.919678
-1 -0.000977 -0.000001
0 0 0 0
0.939941 0.280273
-2.005859 1.791748 -0.914307
-1 -0.000977 -0.000001
0 0 0 0
0.946289 0.283936
-2.005859 1.797363 -0.93042
-1 -0.000977 -0.000001
0 0 0 0
0.950195 0.272949
-2.005859 1.803223 -0.911865
-1 0.000978 -0.000001
0 0 0 0
0.954102 0.285889
-2.005859 1.805176 -0.931885
-1 -0.000977 -0.000001
0 0 0 0
0.955566 0.271729
-2.005859 1.814209 -0.912354
-1 -0.000977 -0.000001
0 0 0 0
0.961914 0.2854
-2.005859 1.811523 -0.937256
-1 0.000978 -0.000001
0 0 0 0
0.959961 0.268066
-2.005859 1.825195 -0.916016
-1 0.000978 -0.000001
0 0 0 0
0.969482 0.282959
-2.005859 1.835693 -0.923828
-1 0.000978 -0.000001
0 0 0 0
0.976807 0.277588
-2.005859 1.816162 -0.945557
-1 -0.000977 -0.000001
0 0 0 0
0.963379 0.262207
-2.005859 1.843506 -0.934326
-1 -0.000977 -0.000001
0 0 0 0
0.982178 0.270264
-2.005859 1.8479 -0.946045
-1 0.000978 -0.000001
0 0 0 0
0.985352 0.261963
-2.005859 1.818604 -0.95459
-1 0.000978 -0.000001
0 0 0 0
0.964844 0.256104
-2.005859 1.849854 -0.95752
-1 0.000978 -0.000001
0 0 0 0
0.986572 0.25415
-2.005859 1.819092 -0.962891
-1 0.000978 -0.000001
0 0 0 0
0.965332 0.250244
-2.005859 1.850098 -0.969238
-1 0.000978 -0.000001
0 0 0 0
0.986816 0.24585
-2.005859 1.818848 -0.974609
-1 -0.000977 -0.000001
0 0 0 0
0.965088 0.242188
-2.005859 1.849121 -0.980225
-1 -0.000977 -0.000001
0 0 0 0
0.986328 0.238037
-2.005859 1.847412 -0.989014
-1 0.000978 -0.000001
0 0 0 0
0.984863 0.232178
-2.005859 1.817139 -0.985596
-1 0.000978 -0.000001
0 0 0 0
0.963867 0.234375
-2.005859 1.84375 -0.998047
-1 0.000978 -0.000001
0 0 0 0
0.982422 0.22583
-2.005859 1.838867 -1.005859
-1 0.000978 -0.000001
0 0 0 0
0.979004 0.220459
-2.005859 1.811768 -0.996826
-1 -0.000977 -0.000001
0 0 0 0
0.960205 0.226562
-2.005859 1.826904 -1.016846
-1 -0.000977 -0.000001
0 0 0 0
0.970703 0.212646
-2.005859 1.833496 -1.011719
-1 0.000978 -0.000001
0 0 0 0
0.975342 0.216309
-2.005859 1.81958 -1.020264
-1 -0.000977 -0.000001
0 0 0 0
0.965576 0.210205
-2.005859 1.805908 -1.002686
-1 -0.000977 -0.000001
0 0 0 0
0.956055 0.222656
-2.005859 1.811279 -1.022705
-1 0.000978 -0.000001
0 0 0 0
0.959961 0.208496
-2.005859 1.80249 -1.023193
-1 -0.000977 -0.000001
0 0 0 0
0.953857 0.208252
-2.005859 1.798096 -1.004639
-1 -0.000977 -0.000001
0 0 0 0
0.950684 0.221191
-2.005859 1.791992 -1.021973
-1 0.000978 -0.000001
0 0 0 0
0.946289 0.209229
-2.005859 1.787598 -1.001465
-1 0.000978 -0.000001
0 0 0 0
0.943359 0.223389
-2.005859 1.779541 -1.01709
-1 0.000978 -0.000001
0 0 0 0
0.937744 0.212646
-2.005859 1.772705 -1.011475
-1 -0.000977 -0.000001
0 0 0 0
0.933105 0.216309
-2.005859 1.782471 -0.996094
-1 -0.000977 -0.000001
0 0 0 0
0.939697 0.227051
-2.005859 2.261719 -1.012939
-1 -0.000977 -0.000001
0 0 0 0
0.977295 0.228516
-2.005859 2.272949 -0.998535
-1 -0.000977 -0.000001
0 0 0 0
0.984863 0.238525
-2.005859 2.26709 -1.008301
-1 -0.000977 -0.000001
0 0 0 0
0.980713 0.231689
-2.005859 2.246826 -0.992188
-1 -0.000977 -0.000001
0 0 0 0
0.967529 0.24292
-2.005859 2.249512 -1.019043
-1 -0.000977 -0.000001
0 0 0 0
0.969238 0.224121
-2.005859 2.237061 -0.999268
-1 -0.000977 -0.000001
0 0 0 0
0.960938 0.238037
-2.005859 2.233154 -1.022705
-1 -0.000977 -0.000001
0 0 0 0
0.958496 0.22168
-2.005859 2.228271 -1.003662
-1 0.000978 -0.000001
0 0 0 0
0.955078 0.234863
-2.005859 2.223389 -1.023193
-1 0.000978 -0.000001
0 0 0 0
0.951904 0.221191
-2.005859 2.218994 -1.004639
-1 -0.000977 -0.000001
0 0 0 0
0.948975 0.234131
-2.005859 2.203369 -1.022217
-1 -0.000977 -0.000001
0 0 0 0
0.938721 0.222168
-2.005859 2.208252 -1.002686
-1 -0.000977 -0.000001
0 0 0 0
0.941895 0.235596
-2.005859 2.203857 -0.999512
-1 -0.000977 -0.000001
0 0 0 0
0.938965 0.237793
-2.005859 2.193359 -1.019531
-1 -0.000977 -0.000001
0 0 0 0
0.932129 0.223877
-2.005859 2.182861 -1.014404
-1 0.000978 -0.000001
0 0 0 0
0.925293 0.227539
-2.005859 2.201416 -0.995361
-1 0.000978 -0.000001
0 0 0 0
0.9375 0.240723
-2.005859 2.173828 -1.005371
-1 0.000978 -0.000001
0 0 0 0
0.919189 0.233643
-2.005859 2.170654 -1
-1 0.000978 -0.000001
0 0 0 0
0.917236 0.237305
-2.005859 2.201172 -0.991699
-1 0.000978 -0.000001
0 0 0 0
0.937256 0.243164
-2.005859 2.168457 -0.98999
-1 0.000978 -0.000001
0 0 0 0
0.915527 0.244385
-2.005859 2.169922 -0.981445
-1 0.000978 -0.000001
0 0 0 0
0.916504 0.250488
-2.005859 2.174072 -0.9729
-1 0.000978 -0.000001
0 0 0 0
0.919189 0.256348
-2.005859 2.203125 -0.987061
-1 -0.000977 -0.000001
0 0 0 0
0.938477 0.246338
-2.005859 2.18335 -0.965332
-1 -0.000977 -0.000001
0 0 0 0
0.925537 0.261719
-2.005859 2.178711 -0.967529
-1 0.000978 -0.000001
0 0 0 0
0.922363 0.26001
-2.005859 2.193359 -0.961182
-1 -0.000977 -0.000001
0 0 0 0
0.932129 0.264404
-2.005859 2.208252 -0.984131
-1 -0.000977 -0.000001
0 0 0 0
0.941895 0.248535
-2.005859 2.224365 -0.951172
-1 0.000978 -0.000001
0 0 0 0
0.952637 0.271484
-2.005859 2.238281 -0.97583
-1 0.000978 -0.000001
0 0 0 0
0.96167 0.25415
-2.005859 2.22998 -0.947998
-1 0.000978 -0.000001
0 0 0 0
0.956299 0.273682
-2.005859 2.248291 -0.972168
-1 0.000978 -0.000001
0 0 0 0
0.968262 0.256836
-2.005859 2.25708 -0.966553
-1 -0.000977 -0.000001
0 0 0 0
0.974121 0.260742
-2.005859 2.233398 -0.944336
-1 -0.000977 -0.000001
0 0 0 0
0.958496 0.276123
-2.005859 2.263428 -0.958496
-1 -0.000977 -0.000001
0 0 0 0
0.978271 0.266357
-2.005859 2.266357 -0.94873
-1 -0.000977 -0.000001
0 0 0 0
0.980225 0.273193
-2.005859 2.266113 -0.939453
-1 -0.000977 -0.000001
0 0 0 0
0.980225 0.279541
-2.005859 2.233887 -0.940186
-1 0.000978 -0.000001
0 0 0 0
0.95874 0.279053
-2.005859 2.258789 -0.924805
-1 0.000978 -0.000001
0 0 0 0
0.975342 0.289795
-2.005859 2.263184 -0.931152
-1 0.000978 -0.000001
0 0 0 0
0.978271 0.2854
-2.005859 2.253662 -0.92041
-1 0.000978 -0.000001
0 0 0 0
0.971924 0.292725
-2.005859 2.231934 -0.934814
-1 -0.000977 -0.000001
0 0 0 0
0.95752 0.282715
-2.005859 2.244385 -0.915771
-1 -0.000977 -0.000001
0 0 0 0
0.96582 0.296143
-2.005859 2.233154 -0.912842
-1 -0.000977 -0.000001
0 0 0 0
0.958496 0.298096
-2.005859 2.227295 -0.931641
-1 -0.000977 -0.000001
0 0 0 0
0.95459 0.284912
-2.005859 2.218262 -0.930176
-1 0.000978 -0.000001
0 0 0 0
0.948486 0.286133
-2.005859 2.213379 -0.911865
-1 -0.000977 -0.000001
0 0 0 0
0.945312 0.298828
-2.005859 2.208984 -0.931641
-1 -0.000977 -0.000001
0 0 0 0
0.942383 0.285156
-2.005859 2.203369 -0.912842
-1 0.000978 -0.000001
0 0 0 0
0.938721 0.298096
-2.005859 2.202637 -0.93457
-1 -0.000977 -0.000001
0 0 0 0
0.938232 0.282959
-2.005859 2.193359 -0.914795
-1 -0.000977 -0.000001
0 0 0 0
0.932129 0.296875
-2.005859 2.197754 -0.938721
-1 -0.000977 -0.000001
0 0 0 0
0.934814 0.280029
-2.005859 2.18335 -0.918457
-1 -0.000977 -0.000001
0 0 0 0
0.925537 0.294189
-2.005859 2.19458 -0.942627
-1 0.000978 -0.000001
0 0 0 0
0.932861 0.277344
-2.005859 2.174072 -0.92627
-1 0.000978 -0.000001
0 0 0 0
0.919434 0.288818
-2.005859 2.168457 -0.936279
-1 0.000978 -0.000001
0 0 0 0
0.915527 0.281738
-2.005859 2.170654 -0.931396
-1 0.000978 -0.000001
0 0 0 0
0.916992 0.285156
2.00415 1.838867 -0.891846
1 0.000978 -0.000001
0 0 0 0
0.979004 0.220459
2.00415 1.811768 -0.900635
1 -0.000977 -0.000001
0 0 0 0
0.960205 0.226562
2.00415 1.826904 -0.880859
1 -0.000977 -0.000001
0 0 0 0
0.970703 0.212646
2.00415 1.833496 -0.885986
1 0.000978 -0.000001
0 0 0 0
0.975342 0.216309
2.00415 1.81958 -0.877197
1 -0.000977 -0.000001
0 0 0 0
0.965576 0.210205
2.00415 1.805908 -0.89502
1 0.000978 -0.000001
0 0 0 0
0.956055 0.222656
2.00415 1.811279 -0.875
1 0.000978 -0.000001
0 0 0 0
0.959961 0.208496
2.00415 1.80249 -0.874268
1 0.000978 -0.000001
0 0 0 0
0.953857 0.208252
2.00415 1.798096 -0.893066
1 0.000978 -0.000001
0 0 0 0
0.950684 0.221191
2.00415 1.791992 -0.875732
1 0.000978 -0.000001
0 0 0 0
0.946289 0.209229
2.00415 1.787598 -0.89624
1 0.000978 -0.000001
0 0 0 0
0.943359 0.223389
2.00415 1.779541 -0.880615
1 0.000978 -0.000001
0 0 0 0
0.937744 0.212646
2.00415 1.772705 -0.885986
1 -0.000977 -0.000001
0 0 0 0
0.933105 0.216309
2.00415 1.782471 -0.901367
1 0.000978 -0.000001
0 0 0 0
0.939697 0.227051
2.00415 2.261719 -0.884521
1 0.000978 -0.000001
0 0 0 0
0.977295 0.228516
2.00415 2.272949 -0.89917
1 0.000978 -0.000001
0 0 0 0
0.984863 0.238525
2.00415 2.26709 -0.889404
1 0.000978 -0.000001
0 0 0 0
0.980713 0.231689
2.00415 2.246826 -0.905273
1 0.000978 -0.000001
0 0 0 0
0.967529 0.24292
2.00415 2.249512 -0.878418
1 0.000978 -0.000001
0 0 0 0
0.969238 0.224121
2.00415 2.237061 -0.898438
1 0.000978 -0.000001
0 0 0 0
0.960938 0.238037
2.00415 2.233154 -0.875
1 -0.000977 -0.000001
0 0 0 0
0.958496 0.22168
2.00415 2.228271 -0.893799
1 -0.000977 -0.000001
0 0 0 0
0.955078 0.234863
2.00415 2.223389 -0.874268
1 -0.000977 -0.000001
0 0 0 0
0.951904 0.221191
2.00415 2.218994 -0.892822
1 -0.000977 -0.000001
0 0 0 0
0.948975 0.234131
2.00415 2.203369 -0.875488
1 0.000978 -0.000001
0 0 0 0
0.938721 0.222168
2.00415 2.208252 -0.894775
1 0.000978 -0.000001
0 0 0 0
0.941895 0.235596
2.00415 2.203857 -0.897949
1 0.000978 -0.000001
0 0 0 0
0.938965 0.237793
2.00415 2.193359 -0.87793
1 0.000978 -0.000001
0 0 0 0
0.932129 0.223877
2.00415 2.182861 -0.883301
1 -0.000977 -0.000001
0 0 0 0
0.925293 0.227539
2.00415 2.201416 -0.902344
1 -0.000977 -0.000001
0 0 0 0
0.9375 0.240723
2.00415 2.173828 -0.892334
1 -0.000977 -0.000001
0 0 0 0
0.919189 0.233643
2.00415 2.170654 -0.897461
1 0.000978 -0.000001
0 0 0 0
0.917236 0.237305
2.00415 2.201172 -0.906006
1 0.000978 -0.000001
0 0 0 0
0.937256 0.243164
2.00415 2.168457 -0.907715
1 -0.000977 -0.000001
0 0 0 0
0.915527 0.244385
2.00415 2.169922 -0.91626
1 -0.000977 -0.000001
0 0 0 0
0.916504 0.250488
2.00415 2.174072 -0.924805
1 0.000978 -0.000001
0 0 0 0
0.919189 0.256348
2.00415 2.203125 -0.910645
1 0.000978 -0.000001
0 0 0 0
0.938477 0.246338
2.00415 2.18335 -0.932373
1 -0.000977 -0.000001
0 0 0 0
0.925537 0.261719
2.00415 2.178711 -0.929932
1 0.000978 -0.000001
0 0 0 0
0.922363 0.26001
2.00415 2.193359 -0.936279
1 -0.000977 -0.000001
0 0 0 0
0.932129 0.264404
2.00415 2.208252 -0.91333
1 -0.000977 -0.000001
0 0 0 0
0.941895 0.248535
2.00415 2.224365 -0.946289
1 -0.000977 -0.000001
0 0 0 0
0.952637 0.271484
2.00415 2.238281 -0.921631
1 0.000978 -0.000001
0 0 0 0
0.96167 0.25415
2.00415 2.22998 -0.949463
1 0.000978 -0.000001
0 0 0 0
0.956299 0.273682
2.00415 2.248291 -0.925537
1 0.000978 -0.000001
0 0 0 0
0.968262 0.256836
2.00415 2.25708 -0.931152
1 0.000978 -0.000001
0 0 0 0
0.974121 0.260742
2.00415 2.233398 -0.953369
1 0.000978 -0.000001
0 0 0 0
0.958496 0.276123
2.00415 2.263428 -0.938965
1 0.000978 -0.000001
0 0 0 0
0.978271 0.266357
2.00415 2.266357 -0.94873
1 0.000978 -0.000001
0 0 0 0
0.980225 0.273193
2.00415 2.266113 -0.958008
1 0.000978 -0.000001
0 0 0 0
0.980225 0.279541
2.00415 2.233887 -0.957275
1 0.000978 -0.000001
0 0 0 0
0.95874 0.279053
2.00415 2.258789 -0.972656
1 0.000978 -0.000001
0 0 0 0
0.975342 0.289795
2.00415 2.263184 -0.966553
1 0.000978 -0.000001
0 0 0 0
0.978271 0.2854
2.00415 2.253662 -0.977051
1 0.000978 -0.000001
0 0 0 0
0.971924 0.292725
2.00415 2.231934 -0.962891
1 0.000978 -0.000001
0 0 0 0
0.95752 0.282715
2.00415 2.244385 -0.981934
1 -0.000977 -0.000001
0 0 0 0
0.96582 0.296143
2.00415 2.233154 -0.984619
1 0.000978 -0.000001
0 0 0 0
0.958496 0.298096
2.00415 2.227295 -0.96582
1 0.000978 -0.000001
0 0 0 0
0.95459 0.284912
2.00415 2.218262 -0.967529
1 -0.000977 -0.000001
0 0 0 0
0.948486 0.286133
2.00415 2.213379 -0.98584
1 -0.000977 -0.000001
0 0 0 0
0.945312 0.298828
2.00415 2.208984 -0.966064
1 0.000978 -0.000001
0 0 0 0
0.942383 0.285156
2.00415 2.203369 -0.984863
1 0.000978 -0.000001
0 0 0 0
0.938721 0.298096
2.00415 2.202637 -0.963135
1 0.000978 -0.000001
0 0 0 0
0.938232 0.282959
2.00415 2.193359 -0.98291
1 -0.000977 -0.000001
0 0 0 0
0.932129 0.296875
2.00415 2.197754 -0.958984
1 -0.000977 -0.000001
0 0 0 0
0.934814 0.280029
2.00415 2.18335 -0.979004
1 0.000978 -0.000001
0 0 0 0
0.925537 0.294189
2.00415 2.19458 -0.955078
1 0.000978 -0.000001
0 0 0 0
0.932861 0.277344
2.00415 2.174072 -0.971436
1 -0.000977 -0.000001
0 0 0 0
0.919434 0.288818
2.00415 2.168457 -0.961182
1 -0.000977 -0.000001
0 0 0 0
0.915527 0.281738
2.00415 2.170654 -0.966309
1 -0.000977 -0.000001
0 0 0 0
0.916992 0.285156
-2.005859 2.688477 -0.990967
-1 -0.000977 -0.000001
0 0 0 0
0.926514 0.230713
-2.005859 2.663574 -0.874268
-1 -0.000977 -0.000001
0 0 0 0
0.90918 0.312012
-2.005859 2.688477 -0.874268
-1 -0.000977 -0.000001
0 0 0 0
0.926514 0.312012
-2.005859 2.663574 -1.023438
-1 -0.000977 -0.000001
0 0 0 0
0.90918 0.208252
-2.005859 2.701172 -1.023438
-1 0.000978 -0.000001
0 0 0 0
0.935303 0.208252
-2.005859 2.756836 -0.908691
-1 0.000978 -0.000001
0 0 0 0
0.973877 0.287842
-2.005859 2.747314 -0.874268
-1 0.000978 -0.000001
0 0 0 0
0.967285 0.312012
-2.005859 2.781738 -0.874268
-1 0.000978 -0.000001
0 0 0 0
0.991211 0.312012
-2.005859 2.781738 -1.023438
-1 0.000978 -0.000001
0 0 0 0
0.991211 0.208252
-2.005859 2.756836 -1.023438
-1 0.000978 -0.000001
0 0 0 0
0.973877 0.208252
-2.005859 2.547119 -0.953369
-1 0.000978 -0.000001
0 0 0 0
0.916504 0.269775
-2.005859 2.545654 -0.973633
-1 0.000978 -0.000001
0 0 0 0
0.915527 0.255859
-2.005859 2.545898 -0.962891
-1 0.000978 -0.000001
0 0 0 0
0.915771 0.263184
-2.005859 2.57666 -0.955078
-1 0.000978 -0.000001
0 0 0 0
0.937256 0.268799
-2.005859 2.549316 -0.944092
-1 0.000978 -0.000001
0 0 0 0
0.918213 0.276367
-2.005859 2.577393 -0.94873
-1 0.000978 -0.000001
0 0 0 0
0.9375 0.272949
-2.005859 2.553223 -0.934814
-1 -0.000977 -0.000001
0 0 0 0
0.920898 0.282715
-2.005859 2.578369 -0.944092
-1 -0.000977 -0.000001
0 0 0 0
0.938232 0.276367
-2.005859 2.560059 -0.925537
-1 -0.000977 -0.000001
0 0 0 0
0.925537 0.289062
-2.005859 2.580322 -0.939453
-1 -0.000977 -0.000001
0 0 0 0
0.939697 0.279541
-2.005859 2.569336 -0.918213
-1 0.000978 -0.000001
0 0 0 0
0.932129 0.294434
-2.005859 2.58374 -0.935059
-1 0.000978 -0.000001
0 0 0 0
0.942139 0.282715
-2.005859 2.578857 -0.914062
-1 0.000978 -0.000001
0 0 0 0
0.938721 0.297119
-2.005859 2.588379 -0.931641
-1 0.000978 -0.000001
0 0 0 0
0.945312 0.284912
-2.005859 2.588379 -0.912109
-1 0.000978 -0.000001
0 0 0 0
0.945312 0.298584
-2.005859 2.593018 -0.93042
-1 0.000978 -0.000001
0 0 0 0
0.948486 0.285889
-2.005859 2.596924 -0.911621
-1 0.000978 -0.000001
0 0 0 0
0.951416 0.298828
-2.005859 2.597656 -0.93042
-1 -0.000977 -0.000001
0 0 0 0
0.951904 0.285889
-2.005859 2.607178 -0.912598
-1 -0.000977 -0.000001
0 0 0 0
0.958496 0.298096
-2.005859 2.602539 -0.931885
-1 -0.000977 -0.000001
0 0 0 0
0.955078 0.284912
-2.005859 2.617188 -0.916016
-1 -0.000977 -0.000001
0 0 0 0
0.965332 0.295898
-2.005859 2.606934 -0.935059
-1 -0.000977 -0.000001
0 0 0 0
0.958252 0.282471
-2.005859 2.625 -0.920898
-1 0.000978 -0.000001
0 0 0 0
0.970947 0.29248
-2.005859 2.610107 -0.939453
-1 0.000978 -0.000001
0 0 0 0
0.960449 0.279541
-2.005859 2.633301 -0.928955
-1 0.000978 -0.000001
0 0 0 0
0.976562 0.286865
-2.005859 2.613037 -0.94873
-1 0.000978 -0.000001
0 0 0 0
0.962646 0.272949
-2.005859 2.639648 -0.939453
-1 0.000978 -0.000001
0 0 0 0
0.980957 0.279541
-2.005859 2.613525 -0.954834
-1 0.000978 -0.000001
0 0 0 0
0.962891 0.268799
-2.005859 2.644531 -0.958008
-1 0.000978 -0.000001
0 0 0 0
0.984375 0.266602
-2.005859 2.64502 -0.967773
-1 0.000978 -0.000001
0 0 0 0
0.984863 0.259766
-2.005859 2.614014 -0.973633
-1 0.000978 -0.000001
0 0 0 0
0.963135 0.255859
-2.005859 2.644531 -0.976807
-1 0.000978 -0.000001
0 0 0 0
0.984375 0.253662
-2.005859 2.612549 -0.986084
-1 0.000978 -0.000001
0 0 0 0
0.962158 0.24707
-2.005859 2.640137 -0.994873
-1 0.000978 -0.000001
0 0 0 0
0.981445 0.240967
-2.005859 2.630859 -1.009277
-1 -0.000977 -0.000001
0 0 0 0
0.974854 0.230957
-2.005859 2.608643 -0.995361
-1 -0.000977 -0.000001
0 0 0 0
0.959473 0.240723
-2.005859 2.621338 -1.016602
-1 -0.000977 -0.000001
0 0 0 0
0.968262 0.22583
-2.005859 2.604736 -1
-1 0.000978 -0.000001
0 0 0 0
0.956787 0.237305
-2.005859 2.612061 -1.020752
-1 0.000978 -0.000001
0 0 0 0
0.96167 0.2229
-2.005859 2.599365 -1.003418
-1 0.000978 -0.000001
0 0 0 0
0.952881 0.234863
-2.005859 2.602539 -1.022705
-1 0.000978 -0.000001
0 0 0 0
0.955078 0.22168
-2.005859 2.588379 -1.00415
-1 0.000978 -0.000001
0 0 0 0
0.945312 0.234619
-2.005859 2.583496 -1.022949
-1 0.000978 -0.000001
0 0 0 0
0.941895 0.221436
-2.005859 2.583496 -1.002197
-1 0.000978 -0.000001
0 0 0 0
0.941895 0.23584
-2.005859 2.573975 -1.02124
-1 0.000978 -0.000001
0 0 0 0
0.935303 0.222656
-2.005859 2.581055 -1
-1 0.000978 -0.000001
0 0 0 0
0.940186 0.237305
-2.005859 2.564697 -1.017822
-1 0.000978 -0.000001
0 0 0 0
0.928711 0.225098
-2.005859 2.577881 -0.995361
-1 -0.000977 -0.000001
0 0 0 0
0.937988 0.240723
-2.005859 2.555176 -1.011475
-1 -0.000977 -0.000001
0 0 0 0
0.922119 0.229492
-2.005859 2.57666 -0.992188
-1 -0.000977 -0.000001
0 0 0 0
0.937256 0.242676
-2.005859 2.550537 -1.006348
-1 -0.000977 -0.000001
0 0 0 0
0.918945 0.23291
-2.005859 2.545654 -0.998535
-1 0.000978 -0.000001
0 0 0 0
0.915527 0.238525
-2.005859 2.430908 -0.984863
-1 0.000978 -0.000001
0 0 0 0
0.938232 0.281738
-2.005859 2.384277 -0.911621
-1 0.000978 -0.000001
0 0 0 0
0.989014 0.313965
-2.005859 2.411133 -0.911621
-1 0.000978 -0.000001
0 0 0 0
0.989014 0.29541
-2.005859 2.417236 -1.023438
-1 0.000978 -0.000001
0 0 0 0
0.911377 0.291016
-2.005859 2.443848 -1.023438
-1 0.000978 -0.000001
0 0 0 0
0.911377 0.272705
-2.005859 2.461914 -0.951416
-1 0.000978 -0.000001
0 0 0 0
0.961426 0.26001
-2.005859 2.448242 -0.911621
-1 0.000978 -0.000001
0 0 0 0
0.989014 0.269531
-2.005859 2.475098 -0.911621
-1 0.000978 -0.000001
0 0 0 0
0.989014 0.250977
-2.005859 2.49292 -0.984863
-1 -0.000977 -0.000001
0 0 0 0
0.938232 0.238525
-2.005859 2.479492 -1.023438
-1 0.000978 -0.000001
0 0 0 0
0.911377 0.247803
-2.005859 2.506348 -1.023438
-1 -0.000977 -0.000001
0 0 0 0
0.911377 0.229248
-2.005859 2.539551 -0.911621
-1 -0.000977 -0.000001
0 0 0 0
0.989014 0.206055
-2.005859 2.512451 -0.911621
-1 -0.000977 -0.000001
0 0 0 0
0.989014 0.224854
-2.005859 2.375244 -1.012939
-1 -0.000977 -0.000001
0 0 0 0
0.977295 0.228516
-2.005859 2.386475 -0.998535
-1 -0.000977 -0.000001
0 0 0 0
0.984863 0.238525
-2.005859 2.380615 -1.008301
-1 -0.000977 -0.000001
0 0 0 0
0.980713 0.231689
-2.005859 2.360596 -0.992188
-1 -0.000977 -0.000001
0 0 0 0
0.967529 0.24292
-2.005859 2.363281 -1.019043
-1 -0.000977 -0.000001
0 0 0 0
0.969238 0.224121
-2.005859 2.35083 -0.999268
-1 -0.000977 -0.000001
0 0 0 0
0.960938 0.238037
-2.005859 2.346924 -1.022705
-1 -0.000977 -0.000001
0 0 0 0
0.958496 0.22168
-2.005859 2.342041 -1.003662
-1 0.000978 -0.000001
0 0 0 0
0.955078 0.234863
-2.005859 2.337158 -1.023193
-1 0.000978 -0.000001
0 0 0 0
0.951904 0.221191
-2.005859 2.332764 -1.004639
-1 -0.000977 -0.000001
0 0 0 0
0.948975 0.234131
-2.005859 2.317383 -1.022217
-1 -0.000977 -0.000001
0 0 0 0
0.938721 0.222168
-2.005859 2.322266 -1.002686
-1 -0.000977 -0.000001
0 0 0 0
0.941895 0.235596
-2.005859 2.307373 -1.019531
-1 -0.000977 -0.000001
0 0 0 0
0.932129 0.223877
-2.005859 2.317627 -0.999512
-1 -0.000977 -0.000001
0 0 0 0
0.938965 0.237793
-2.005859 2.297119 -1.014404
-1 0.000978 -0.000001
0 0 0 0
0.925293 0.227539
-2.005859 2.31543 -0.995361
-1 0.000978 -0.000001
0 0 0 0
0.9375 0.240723
-2.005859 2.288086 -1.005371
-1 0.000978 -0.000001
0 0 0 0
0.919189 0.233643
-2.005859 2.284912 -1
-1 0.000978 -0.000001
0 0 0 0
0.917236 0.237305
-2.005859 2.315186 -0.991699
-1 0.000978 -0.000001
0 0 0 0
0.937256 0.243164
-2.005859 2.282715 -0.98999
-1 0.000978 -0.000001
0 0 0 0
0.915527 0.244385
-2.005859 2.28418 -0.981445
-1 0.000978 -0.000001
0 0 0 0
0.916504 0.250488
-2.005859 2.28833 -0.9729
-1 0.000978 -0.000001
0 0 0 0
0.919189 0.256348
-2.005859 2.317139 -0.987061
-1 -0.000977 -0.000001
0 0 0 0
0.938477 0.246338
-2.005859 2.297607 -0.965332
-1 -0.000977 -0.000001
0 0 0 0
0.925537 0.261719
-2.005859 2.292969 -0.967529
-1 0.000978 -0.000001
0 0 0 0
0.922363 0.26001
-2.005859 2.307373 -0.961182
-1 -0.000977 -0.000001
0 0 0 0
0.932129 0.264404
-2.005859 2.322266 -0.984131
-1 -0.000977 -0.000001
0 0 0 0
0.941895 0.248535
-2.005859 2.338379 -0.951172
-1 0.000978 -0.000001
0 0 0 0
0.952637 0.271484
-2.005859 2.352051 -0.97583
-1 0.000978 -0.000001
0 0 0 0
0.96167 0.25415
-2.005859 2.34375 -0.947998
-1 0.000978 -0.000001
0 0 0 0
0.956299 0.273682
-2.005859 2.361816 -0.972168
-1 0.000978 -0.000001
0 0 0 0
0.968262 0.256836
-2.005859 2.370605 -0.966553
-1 -0.000977 -0.000001
0 0 0 0
0.974121 0.260742
-2.005859 2.347168 -0.944336
-1 -0.000977 -0.000001
0 0 0 0
0.958496 0.276123
-2.005859 2.376953 -0.958496
-1 -0.000977 -0.000001
0 0 0 0
0.978271 0.266357
-2.005859 2.379883 -0.94873
-1 -0.000977 -0.000001
0 0 0 0
0.980225 0.273193
-2.005859 2.379639 -0.939453
-1 -0.000977 -0.000001
0 0 0 0
0.980225 0.279541
-2.005859 2.347656 -0.940186
-1 0.000978 -0.000001
0 0 0 0
0.95874 0.279053
-2.005859 2.372314 -0.924805
-1 0.000978 -0.000001
0 0 0 0
0.975342 0.289795
-2.005859 2.376709 -0.931152
-1 0.000978 -0.000001
0 0 0 0
0.978271 0.2854
-2.005859 2.367188 -0.92041
-1 0.000978 -0.000001
0 0 0 0
0.971924 0.292725
-2.005859 2.345703 -0.934814
-1 -0.000977 -0.000001
0 0 0 0
0.95752 0.282715
-2.005859 2.35791 -0.915771
-1 -0.000977 -0.000001
0 0 0 0
0.96582 0.296143
-2.005859 2.346924 -0.912842
-1 -0.000977 -0.000001
0 0 0 0
0.958496 0.298096
-2.005859 2.341309 -0.931641
-1 -0.000977 -0.000001
0 0 0 0
0.95459 0.284912
-2.005859 2.332031 -0.930176
-1 0.000978 -0.000001
0 0 0 0
0.948486 0.286133
-2.005859 2.327148 -0.911865
-1 -0.000977 -0.000001
0 0 0 0
0.945312 0.298828
-2.005859 2.322998 -0.931641
-1 -0.000977 -0.000001
0 0 0 0
0.942383 0.285156
-2.005859 2.317383 -0.912842
-1 0.000978 -0.000001
0 0 0 0
0.938721 0.298096
-2.005859 2.31665 -0.93457
-1 -0.000977 -0.000001
0 0 0 0
0.938232 0.282959
-2.005859 2.307373 -0.914795
-1 -0.000977 -0.000001
0 0 0 0
0.932129 0.296875
-2.005859 2.311768 -0.938721
-1 -0.000977 -0.000001
0 0 0 0
0.934814 0.280029
-2.005859 2.297607 -0.918457
-1 -0.000977 -0.000001
0 0 0 0
0.925537 0.294189
-2.005859 2.308838 -0.942627
-1 0.000978 -0.000001
0 0 0 0
0.932861 0.277344
-2.005859 2.28833 -0.92627
-1 0.000978 -0.000001
0 0 0 0
0.919434 0.288818
-2.005859 2.282715 -0.936279
-1 0.000978 -0.000001
0 0 0 0
0.915527 0.281738
-2.005859 2.284912 -0.931396
-1 0.000978 -0.000001
0 0 0 0
0.916992 0.285156
-2.005859 2.117188 -0.911621
-1 0.000978 -0.000001
0 0 0 0
0.94165 0.285889
-2.005859 2.117188 -0.874268
-1 0.000978 -0.000001
0 0 0 0
0.94165 0.311768
-2.005859 2.148193 -0.892822
-1 0.000978 -0.000001
0 0 0 0
0.963135 0.298828
-2.005859 2.148193 -0.911621
-1 0.000978 -0.000001
0 0 0 0
0.963135 0.285889
-2.005859 2.148193 -0.930176
-1 0.000978 -0.000001
0 0 0 0
0.963135 0.272949
-2.005859 2.160645 -0.930176
-1 0.000978 -0.000001
0 0 0 0
0.971924 0.272949
-2.005859 2.160645 -0.911621
-1 0.000978 -0.000001
0 0 0 0
0.971924 0.285889
-2.005859 2.117188 -0.930176
-1 0.000978 -0.000001
0 0 0 0
0.94165 0.272949
-2.005859 2.098633 -0.911621
-1 0.000978 -0.000001
0 0 0 0
0.928711 0.285889
-2.005859 2.098633 -0.930176
-1 0.000978 -0.000001
0 0 0 0
0.928711 0.272949
-2.005859 2.148193 -0.989258
-1 0.000978 -0.000001
0 0 0 0
0.963135 0.231934
-2.005859 2.116943 -0.997803
-1 0.000978 -0.000001
0 0 0 0
0.941406 0.22583
-2.005859 2.147461 -1.001465
-1 0.000978 -0.000001
0 0 0 0
0.962646 0.223389
-2.005859 2.14502 -1.010498
-1 0.000978 -0.000001
0 0 0 0
0.960938 0.217041
-2.005859 2.116211 -1.000732
-1 -0.000977 -0.000001
0 0 0 0
0.940918 0.223877
-2.005859 2.134033 -1.020752
-1 -0.000977 -0.000001
0 0 0 0
0.953369 0.209961
-2.005859 2.142822 -1.014404
-1 0.000978 -0.000001
0 0 0 0
0.959229 0.214355
-2.005859 2.125244 -1.023193
-1 -0.000977 -0.000001
0 0 0 0
0.947021 0.208252
-2.005859 2.114502 -1.003418
-1 -0.000977 -0.000001
0 0 0 0
0.939697 0.221924
-2.005859 2.107422 -1.022217
-1 0.000978 -0.000001
0 0 0 0
0.934814 0.208984
-2.005859 2.107422 -1.00415
-1 0.000978 -0.000001
0 0 0 0
0.934814 0.221436
-2.005859 2.098633 -1.02002
-1 0.000978 -0.000001
0 0 0 0
0.928711 0.210449
-2.005859 2.101807 -1.002197
-1 0.000978 -0.000001
0 0 0 0
0.930664 0.2229
-2.005859 1.986816 -1.023438
-1 0.000978 -0.000001
0 0 0 0
0.915771 0.221191
-2.005859 1.989502 -1.016357
-1 -0.000977 -0.000001
0 0 0 0
0.917725 0.226074
-2.005859 2.017822 -1.023438
-1 -0.000977 -0.000001
0 0 0 0
0.937256 0.221191
-2.005859 1.991943 -1.006592
-1 -0.000977 -0.000001
0 0 0 0
0.919189 0.23291
-2.005859 2.021484 -1.010986
-1 0.000978 -0.000001
0 0 0 0
0.939697 0.229736
-2.005859 1.99292 -0.997803
-1 0.000978 -0.000001
0 0 0 0
0.919922 0.239014
-2.005859 2.025146 -0.989502
-1 0.000978 -0.000001
0 0 0 0
0.942383 0.244629
-2.005859 2.02417 -0.967529
-1 0.000978 -0.000001
0 0 0 0
0.94165 0.26001
-2.005859 1.993164 -0.945801
-1 0.000978 -0.000001
0 0 0 0
0.920166 0.275146
-2.005859 2.02417 -0.94873
-1 0.000978 -0.000001
0 0 0 0
0.94165 0.272949
-2.005859 2.04126 -0.954102
-1 0.000978 -0.000001
0 0 0 0
0.953613 0.269287
-2.005859 2.031738 -0.970215
-1 0.000978 -0.000001
0 0 0 0
0.947021 0.258057
-2.005859 2.043701 -0.974121
-1 -0.000977 -0.000001
0 0 0 0
0.955078 0.255371
-2.005859 2.050781 -0.956299
-1 -0.000977 -0.000001
0 0 0 0
0.960205 0.267822
-2.005859 2.048828 -0.976318
-1 -0.000977 -0.000001
0 0 0 0
0.958984 0.253906
-2.005859 2.060303 -0.95874
-1 -0.000977 -0.000001
0 0 0 0
0.966797 0.266113
-2.005859 2.053223 -0.980957
-1 0.000978 -0.000001
0 0 0 0
0.961914 0.250488
-2.005859 2.069336 -0.962158
-1 0.000978 -0.000001
0 0 0 0
0.973145 0.263672
-2.005859 2.076416 -0.966553
-1 0.000978 -0.000001
0 0 0 0
0.978027 0.260742
-2.005859 2.054932 -0.985107
-1 0.000978 -0.000001
0 0 0 0
0.963135 0.247803
-2.005859 2.081299 -0.972412
-1 0.000978 -0.000001
0 0 0 0
0.981445 0.256592
-2.005859 2.084229 -0.979004
-1 0.000978 -0.000001
0 0 0 0
0.983398 0.251953
-2.005859 2.055176 -0.989014
-1 -0.000977 -0.000001
0 0 0 0
0.963135 0.244873
-2.005859 2.086182 -0.988037
-1 -0.000977 -0.000001
0 0 0 0
0.984619 0.245605
-2.005859 2.085449 -0.997803
-1 -0.000977 -0.000001
0 0 0 0
0.984375 0.239014
-2.005859 2.054688 -0.994385
-1 -0.000977 -0.000001
0 0 0 0
0.962891 0.241211
-2.005859 2.08252 -1.006348
-1 -0.000977 -0.000001
0 0 0 0
0.982422 0.233154
-2.005859 2.076904 -1.014404
-1 -0.000977 -0.000001
0 0 0 0
0.978516 0.227539
-2.005859 2.052246 -0.998779
-1 0.000978 -0.000001
0 0 0 0
0.961182 0.238281
-2.005859 2.064941 -1.021484
-1 0.000978 -0.000001
0 0 0 0
0.969971 0.222412
-2.005859 2.047852 -1.003174
-1 0.000978 -0.000001
0 0 0 0
0.958252 0.235107
-2.005859 2.05542 -1.023193
-1 -0.000977 -0.000001
0 0 0 0
0.963379 0.221191
-2.005859 2.045898 -1.022705
-1 0.000978 -0.000001
0 0 0 0
0.956787 0.221436
-2.005859 2.042969 -1.004639
-1 -0.000977 -0.000001
0 0 0 0
0.954834 0.234131
-2.005859 2.036133 -1.020264
-1 -0.000977 -0.000001
0 0 0 0
0.949951 0.223389
-2.005859 2.037842 -1.003906
-1 0.000978 -0.000001
0 0 0 0
0.951172 0.234619
-2.005859 2.028564 -0.996582
-1 0.000978 -0.000001
0 0 0 0
0.94458 0.239746
651
2 1 0
1 3 0
4 0 3
0 4 5
6 0 5
5 7 6
8 7 5
9 8 5
12 11 10
11 13 10
14 10 13
15 14 13
16 14 15
17 16 15
18 16 17
19 18 17
20 18 19
21 20 19
22 20 21
23 22 21
24 22 23
25 24 23
26 24 25
27 26 25
28 26 27
29 28 27
30 28 29
31 30 29
31 32 30
32 31 33
34 32 33
34 33 35
36 34 35
36 35 37
38 36 37
38 37 39
37 40 39
40 41 39
41 40 42
43 41 42
43 42 44
42 45 44
45 44 44
46 44 45
47 46 45
46 47 48
47 49 48
49 50 48
49 51 50
51 52 50
51 53 52
53 54 52
53 55 54
55 56 54
55 57 56
57 58 56
57 59 58
59 60 58
60 59 61
11 40 13
40 37 13
64 63 62
63 65 62
62 65 66
67 62 66
68 62 67
69 68 67
67 70 69
70 67 71
72 70 71
70 72 73
74 70 73
77 76 75
76 78 75
75 78 79
78 80 79
79 80 81
80 82 81
83 81 82
84 83 82
85 83 84
86 85 84
87 85 86
88 87 86
88 89 87
89 88 90
91 89 90
90 92 91
92 90 93
94 92 93
93 95 94
96 95 93
97 96 93
96 97 98
99 96 98
100 98 97
101 100 97
100 101 102
101 103 102
104 102 103
105 104 103
106 104 105
107 104 106
108 107 106
109 107 108
107 109 110
111 107 110
111 110 112
110 113 112
111 112 114
115 111 114
115 114 116
116 117 115
117 118 115
118 117 119
117 120 119
119 120 121
120 122 121
121 122 123
122 124 123
123 124 125
124 126 125
125 126 127
126 128 127
129 127 128
130 129 128
133 132 131
134 133 131
135 134 131
135 136 134
136 137 134
138 135 131
131 139 138
139 140 138
141 135 138
142 141 138
143 141 142
144 143 142
145 144 142
144 145 146
147 144 146
148 146 145
149 148 145
150 148 149
151 150 149
150 151 152
151 153 152
156 155 154
157 155 156
158 157 156
157 158 159
158 160 159
159 160 161
162 159 161
163 162 161
164 163 161
165 164 161
164 165 166
167 164 166
167 166 168
169 167 168
168 170 169
170 171 169
171 170 172
170 173 172
173 174 172
174 173 175
173 176 175
176 177 175
178 177 176
179 178 176
178 179 180
181 180 179
182 181 179
183 181 182
184 183 182
183 184 185
185 184 186
184 187 186
186 187 188
187 189 188
158 188 189
190 158 189
158 190 160
162 163 191
192 162 191
192 191 193
194 192 193
195 193 191
196 195 191
196 197 195
198 197 196
199 198 196
199 200 198
200 199 201
202 200 201
202 201 203
201 204 203
204 205 203
205 204 206
204 207 206
207 208 206
211 210 209
212 210 211
213 212 211
214 213 211
211 215 214
211 216 215
216 211 217
211 218 217
217 218 219
218 220 219
219 220 221
219 221 222
221 223 222
224 222 223
225 224 223
222 224 226
224 227 226
228 226 227
229 228 227
228 230 226
230 231 226
230 232 231
232 233 231
236 235 234
235 237 234
237 238 234
234 238 239
234 239 240
241 234 240
242 241 240
243 241 242
244 242 240
242 244 245
246 242 245
247 246 245
248 247 245
248 249 247
249 248 250
251 249 250
251 250 252
253 251 252
252 254 253
254 252 255
256 254 255
257 256 255
258 257 255
259 257 258
260 259 258
260 261 259
261 260 262
263 261 262
263 262 264
262 265 264
265 266 264
269 268 267
271 267 270
272 271 270
272 273 271
274 273 272
275 274 272
275 276 274
276 275 277
278 276 277
278 277 279
277 280 279
280 281 279
281 280 282
280 283 282
283 284 282
287 286 285
288 286 287
289 288 287
290 289 287
287 291 290
287 292 291
292 287 293
287 294 293
293 294 295
294 296 295
295 296 297
295 297 298
297 299 298
300 298 299
301 300 299
298 300 302
300 303 302
304 302 303
305 304 303
304 306 302
306 307 302
306 308 307
308 309 307
312 311 310
311 313 310
313 314 310
310 314 315
310 315 316
317 310 316
318 317 316
319 317 318
320 318 316
318 320 321
322 318 321
323 322 321
324 323 321
324 325 323
325 324 326
327 325 326
327 326 328
329 327 328
328 330 329
330 328 331
332 330 331
333 332 331
334 333 331
335 333 334
336 335 334
336 337 335
337 336 338
339 337 338
339 338 340
338 341 340
341 342 340
343 342 341
344 343 341
344 345 343
345 346 343
345 344 347
344 348 347
347 348 349
349 348 350
348 351 350
350 351 352
351 353 352
353 354 352
354 353 355
353 356 355
356 311 355
311 356 313
359 358 357
358 360 357
357 360 361
360 362 361
361 362 363
362 364 363
365 363 364
366 365 364
367 365 366
368 367 366
367 368 369
370 367 369
369 371 370
371 369 372
373 371 372
372 374 373
374 372 375
376 374 375
375 377 376
378 377 375
379 378 375
378 379 380
381 378 380
382 380 379
383 382 379
382 383 384
383 385 384
386 384 385
387 386 385
388 386 387
389 386 388
390 389 388
391 389 390
389 391 392
393 389 392
393 392 394
392 395 394
393 394 396
397 393 396
397 396 398
398 399 397
399 400 397
400 399 401
399 402 401
401 402 403
402 404 403
403 404 405
404 406 405
405 406 407
406 408 407
407 408 409
408 410 409
411 409 410
412 411 410
413 266 265
414 413 265
414 415 413
415 416 413
415 414 417
414 418 417
417 418 419
419 418 420
418 421 420
420 421 422
421 423 422
423 424 422
424 423 425
423 426 425
426 235 425
235 426 237
429 428 427
428 430 427
427 430 431
430 432 431
431 432 433
432 434 433
435 433 434
436 435 434
437 435 436
438 437 436
437 438 439
440 437 439
439 441 440
441 439 442
443 441 442
442 444 443
444 442 445
446 444 445
445 447 446
448 447 445
449 448 445
448 449 450
451 448 450
452 450 449
453 452 449
452 453 454
453 455 454
456 454 455
457 456 455
458 456 457
459 456 458
460 459 458
461 459 460
459 461 462
463 459 462
463 462 464
462 465 464
463 464 466
467 463 466
467 466 468
468 469 467
469 470 467
470 469 471
469 472 471
471 472 473
472 474 473
473 474 475
474 476 475
475 476 477
476 478 477
477 478 479
478 480 479
481 479 480
482 481 480
485 484 483
484 486 483
487 483 486
483 487 488
489 483 488
488 490 489
491 490 488
492 491 488
495 494 493
494 496 493
497 493 496
498 497 496
499 497 498
500 499 498
501 499 500
502 501 500
503 501 502
504 503 502
505 503 504
506 505 504
507 505 506
508 507 506
509 507 508
510 509 508
511 509 510
512 511 510
513 511 512
514 513 512
514 515 513
515 514 516
517 515 516
517 516 518
519 517 518
519 518 520
521 519 520
521 520 522
520 523 522
523 524 522
524 523 525
526 524 525
526 525 527
525 528 527
529 527 528
530 529 528
529 530 531
530 532 531
532 533 531
532 534 533
534 535 533
534 536 535
536 537 535
536 538 537
538 539 537
538 540 539
540 541 539
540 542 541
542 543 541
543 542 544
494 523 496
523 520 496
547 546 545
546 548 545
545 548 549
550 545 549
551 545 550
552 551 550
550 553 552
553 550 554
555 553 554
553 555 556
557 553 556
560 559 558
559 561 558
558 561 562
561 563 562
562 563 564
563 565 564
566 564 565
567 566 565
568 566 567
569 568 567
570 568 569
571 570 569
571 572 570
572 571 573
574 572 573
573 575 574
575 573 576
577 575 576
576 578 577
579 578 576
580 579 576
579 580 581
582 579 581
583 581 580
584 583 580
583 584 585
584 586 585
587 585 586
588 587 586
589 587 588
590 587 589
591 590 589
592 590 591
590 592 593
594 590 593
594 593 595
593 596 595
594 595 597
598 594 597
598 597 599
599 600 598
600 601 598
601 600 602
600 603 602
602 603 604
603 605 604
604 605 606
605 607 606
606 607 608
607 609 608
608 609 610
609 611 610
612 610 611
613 612 611
616 615 614
617 616 614
618 617 614
618 619 617
619 620 617
621 618 614
614 622 621
622 623 621
624 618 621
625 624 621
626 624 625
627 626 625
628 627 625
627 628 629
630 627 629
631 629 628
632 631 628
633 631 632
634 633 632
633 634 635
634 636 635
639 638 637
640 638 639
641 640 639
640 641 642
641 643 642
642 643 644
645 642 644
646 645 644
647 646 644
648 647 644
647 648 649
650 647 649
650 649 651
652 650 651
651 653 652
653 654 652
654 653 655
653 656 655
656 657 655
657 656 658
656 659 658
659 660 658
661 660 659
662 661 659
661 662 663
664 663 662
665 664 662
666 664 665
667 666 665
666 667 668
668 667 669
667 670 669
669 670 671
670 672 671
641 671 672
673 641 672
641 673 643
645 646 270
268 645 270
268 270 267
sm05_material\environment\global\prop\gbl_prop_Newsstand_01\np_gbl_prop_Newsstand_01.material
1
0
533
-1.942871 2.977051 -0.256836
0.000978 1 -0.000001
0 0 0 0
0.562012 0.506836
-1.990723 2.977051 -0.256836
0.000978 1 -0.000001
0 0 0 0
0.562012 0.524658
-1.990723 2.977051 0.774658
0.000978 1 -0.000001
0 0 0 0
0.815186 0.524658
-1.942871 2.977051 0.774658
0.000978 1 -0.000001
0 0 0 0
0.815186 0.506836
-1.990723 2.977051 -0.256836
0.001382 0.001382 -0.999998
0 0 0 0
0.815186 0.524658
-1.942871 2.977051 -0.256836
0.001382 0.001382 -0.999998
0 0 0 0
0.815186 0.506836
-1.942871 2.539795 -0.256836
0.001382 0.001382 -0.999998
0 0 0 0
0.677246 0.506836
-1.990723 2.539795 -0.256836
0.001382 0.001382 -0.999998
0 0 0 0
0.677246 0.524658
-1.942871 2.977051 -0.256836
1 -0.000977 -0.000001
0 0 0 0
0.815186 0.506836
-1.942871 2.977051 0.774658
1 -0.000977 -0.000001
0 0 0 0
0.562012 0.506836
-1.942871 2.539795 0.774658
1 -0.000977 -0.000001
0 0 0 0
0.562012 0.741455
-1.942871 2.539795 -0.256836
1 -0.000977 -0.000001
0 0 0 0
0.815186 0.741455
-1.990723 2.539795 0.774658
0.000978 -1 0.000001
0 0 0 0
0.562012 0.524658
-1.990723 2.539795 -0.256836
0.000978 -1 0.000001
0 0 0 0
0.815186 0.524658
-1.942871 2.539795 -0.256836
0.000978 -1 0.000001
0 0 0 0
0.815186 0.506836
-1.942871 2.539795 0.774658
0.000978 -1 0.000001
0 0 0 0
0.562012 0.506836
-1.942871 2.539795 0.774658
-0.001382 0.001382 0.999998
0 0 0 0
0.815186 0.506836
-1.942871 2.977051 0.774658
-0.001382 0.001382 0.999998
0 0 0 0
0.677246 0.506836
-1.990723 2.977051 0.774658
-0.001382 0.001382 0.999998
0 0 0 0
0.677246 0.524658
-1.990723 2.539795 0.774658
-0.001382 0.001382 0.999998
0 0 0 0
0.815186 0.524658
-1.990723 2.977051 0.774658
-1 0.000978 -0.000001
0 0 0 0
0.815186 0.506836
-1.990723 2.977051 -0.256836
-1 0.000978 -0.000001
0 0 0 0
0.562012 0.506836
-1.990723 2.539795 -0.256836
-1 0.000978 -0.000001
0 0 0 0
0.562012 0.741455
-1.990723 2.539795 0.774658
-1 0.000978 -0.000001
0 0 0 0
0.815186 0.741455
-1.567627 1.639648 0.928955
0.001382 0.001382 -0.999998
0 0 0 0
0.823242 0.092285
1.041748 1.848145 0.928955
0.001382 0.001382 -0.999998
0 0 0 0
0.001465 0.032715
1.041748 1.639648 0.928955
0.001382 0.001382 -0.999998
0 0 0 0
0.001465 0.092285
-1.567627 1.848145 0.928955
0.001382 0.001382 -0.999998
0 0 0 0
0.823242 0.032715
1.041748 1.639893 0.9375
1 -0.000977 -0.000001
0 0 0 0
0.001465 0.001465
1.041748 1.639648 0.928955
1 -0.000977 -0.000001
0 0 0 0
0.001465 0.029785
1.041748 1.848145 0.928955
1 -0.000977 -0.000001
0 0 0 0
0.947266 0.029785
1.041748 1.848145 0.9375
1 -0.000977 -0.000001
0 0 0 0
0.947266 0.001465
-1.567627 1.848145 0.9375
0.000978 1 -0.000001
0 0 0 0
5.836182 0.001465
1.041748 1.848145 0.9375
0.000978 1 -0.000001
0 0 0 0
-5.998535 0.001465
1.041748 1.848145 0.928955
0.000978 1 -0.000001
0 0 0 0
-5.998535 0.029785
-1.567627 1.848145 0.928955
0.000978 1 -0.000001
0 0 0 0
5.836182 0.029785
-1.567627 1.848145 0.928955
-1 0.000978 -0.000001
0 0 0 0
0.947021 0.001465
-1.567627 1.639648 0.928955
-1 0.000978 -0.000001
0 0 0 0
0.001465 0.001465
-1.567627 1.639893 0.9375
-1 0.000978 -0.000001
0 0 0 0
0.001465 0.029785
-1.567627 1.848145 0.9375
-1 0.000978 -0.000001
0 0 0 0
0.947021 0.029785
-1.567627 2.001953 0.928955
0.001382 0.001382 -0.999998
0 0 0 0
1 0.092285
1.041748 2.210449 0.928955
0.001382 0.001382 -0.999998
0 0 0 0
0.001465 0.032715
1.041748 2.001953 0.928955
0.001382 0.001382 -0.999998
0 0 0 0
0.001465 0.092285
-1.567627 2.210449 0.928955
0.001382 0.001382 -0.999998
0 0 0 0
1 0.032715
1.041748 2.001953 0.9375
1 -0.000977 -0.000001
0 0 0 0
0.001465 0.001465
1.041748 2.001953 0.928955
1 -0.000977 -0.000001
0 0 0 0
0.001465 0.029785
1.041748 2.210449 0.928955
1 -0.000977 -0.000001
0 0 0 0
1 0.029785
1.041748 2.210449 0.9375
1 -0.000977 -0.000001
0 0 0 0
1 0.001465
-1.567627 2.210449 0.9375
0.000978 1 -0.000001
0 0 0 0
1 0.001465
1.041748 2.210449 0.9375
0.000978 1 -0.000001
0 0 0 0
0.001465 0.001465
1.041748 2.210449 0.928955
0.000978 1 -0.000001
0 0 0 0
0.001465 0.029785
-1.567627 2.210449 0.928955
0.000978 1 -0.000001
0 0 0 0
1 0.029785
-1.567627 2.210449 0.928955
-1 0.000978 -0.000001
0 0 0 0
1 0.001465
-1.567627 2.001953 0.928955
-1 0.000978 -0.000001
0 0 0 0
0.001465 0.001465
-1.567627 2.001953 0.9375
-1 0.000978 -0.000001
0 0 0 0
0.001465 0.029785
-1.567627 2.210449 0.9375
-1 0.000978 -0.000001
0 0 0 0
1 0.029785
1.79834 2.414795 0.970947
-1 0.000978 -0.000001
0 0 0 0
0.499756 0.403809
1.79834 2.414795 -0.97168
-1 0.000978 -0.000001
0 0 0 0
0.001709 0.403809
1.79834 2.309082 -0.97168
-1 0.000978 -0.000001
0 0 0 0
0.001709 0.456055
1.79834 2.309082 0.970947
-1 0.000978 -0.000001
0 0 0 0
0.499756 0.456055
1.79834 2.294189 0.970947
-1 0.000978 -0.000001
0 0 0 0
0.499756 0.344238
1.79834 2.294189 -0.97168
-1 0.000978 -0.000001
0 0 0 0
0.001709 0.344238
1.79834 2.188232 -0.97168
-1 0.000978 -0.000001
0 0 0 0
0.001709 0.396973
1.79834 2.188232 0.970947
-1 0.000978 -0.000001
0 0 0 0
0.499756 0.396973
1.79834 2.17334 0.970947
-1 0.000978 -0.000001
0 0 0 0
0.499756 0.403809
1.79834 2.17334 -0.97168
-1 0.000978 -0.000001
0 0 0 0
0.001709 0.403809
1.79834 2.067627 -0.97168
-1 0.000978 -0.000001
0 0 0 0
0.001709 0.456055
1.79834 2.067627 0.970947
-1 0.000978 -0.000001
0 0 0 0
0.499756 0.456055
1.79834 2.052734 0.970947
-1 0.000978 -0.000001
0 0 0 0
0.499756 0.344238
1.79834 2.052734 -0.97168
-1 0.000978 -0.000001
0 0 0 0
0.001709 0.344238
1.79834 1.946777 -0.97168
-1 0.000978 -0.000001
0 0 0 0
0.001709 0.396973
1.79834 1.946777 0.970947
-1 0.000978 -0.000001
0 0 0 0
0.499756 0.396973
1.79834 1.931885 0.970947
-1 0.000978 -0.000001
0 0 0 0
0.499756 0.403809
1.79834 1.931885 -0.97168
-1 0.000978 -0.000001
0 0 0 0
0.001709 0.403809
1.79834 1.825928 -0.97168
-1 0.000978 -0.000001
0 0 0 0
0.001709 0.456055
1.79834 1.825928 0.970947
-1 0.000978 -0.000001
0 0 0 0
0.499756 0.456055
1.79834 1.811279 0.970947
-1 0.000978 -0.000001
0 0 0 0
0.499756 0.344238
1.79834 1.811279 -0.97168
-1 0.000978 -0.000001
0 0 0 0
0.001709 0.344238
1.79834 1.705322 -0.97168
-1 0.000978 -0.000001
0 0 0 0
0.001709 0.396973
1.79834 1.705322 0.970947
-1 0.000978 -0.000001
0 0 0 0
0.499756 0.396973
1.79834 1.69043 0.970947
-1 0.000978 -0.000001
0 0 0 0
0.499756 0.403809
1.79834 1.69043 -0.97168
-1 0.000978 -0.000001
0 0 0 0
0.001709 0.403809
1.79834 1.584473 -0.97168
-1 0.000978 -0.000001
0 0 0 0
0.001709 0.456055
1.79834 1.584473 0.970947
-1 0.000978 -0.000001
0 0 0 0
0.499756 0.456055
1.79834 1.56958 0.970947
-1 0.000978 -0.000001
0 0 0 0
0.499756 0.344238
1.79834 1.56958 -0.97168
-1 0.000978 -0.000001
0 0 0 0
0.001709 0.344238
1.79834 1.463867 -0.97168
-1 0.000978 -0.000001
0 0 0 0
0.001709 0.396973
1.79834 1.463867 0.970947
-1 0.000978 -0.000001
0 0 0 0
0.499756 0.396973
1.79834 1.448975 0.970947
-1 0.000978 -0.000001
0 0 0 0
0.499756 0.403809
1.79834 1.448975 -0.97168
-1 0.000978 -0.000001
0 0 0 0
0.001709 0.403809
1.79834 1.343018 -0.97168
-1 0.000978 -0.000001
0 0 0 0
0.001709 0.456055
1.79834 1.343018 0.970947
-1 0.000978 -0.000001
0 0 0 0
0.499756 0.456055
1.79834 1.328125 0.970947
-1 0.000978 -0.000001
0 0 0 0
0.499756 0.344238
1.79834 1.328125 -0.97168
-1 0.000978 -0.000001
0 0 0 0
0.001709 0.344238
1.79834 1.222412 -0.97168
-1 0.000978 -0.000001
0 0 0 0
0.001709 0.396973
1.79834 1.222412 0.970947
-1 0.000978 -0.000001
0 0 0 0
0.499756 0.396973
1.79834 1.20752 0.970947
-1 0.000978 -0.000001
0 0 0 0
0.499756 0.403809
1.79834 1.20752 -0.97168
-1 0.000978 -0.000001
0 0 0 0
0.001709 0.403809
1.79834 1.101562 -0.97168
-1 0.000978 -0.000001
0 0 0 0
0.001709 0.456055
1.79834 1.101562 0.970947
-1 0.000978 -0.000001
0 0 0 0
0.499756 0.456055
1.79834 1.08667 0.970947
-1 0.000978 -0.000001
0 0 0 0
0.499756 0.344238
1.79834 1.08667 -0.97168
-1 0.000978 -0.000001
0 0 0 0
0.001709 0.344238
1.79834 0.980957 -0.97168
-1 0.000978 -0.000001
0 0 0 0
0.001709 0.396973
1.79834 0.980957 0.970947
-1 0.000978 -0.000001
0 0 0 0
0.499756 0.396973
1.79834 0.966064 0.970947
-1 0.000978 -0.000001
0 0 0 0
0.499756 0.403809
1.79834 0.966064 -0.97168
-1 0.000978 -0.000001
0 0 0 0
0.001709 0.403809
1.79834 0.860107 -0.97168
-1 0.000978 -0.000001
0 0 0 0
0.001709 0.456055
1.79834 0.860107 0.970947
-1 0.000978 -0.000001
0 0 0 0
0.499756 0.456055
1.79834 0.845215 0.970947
-1 0.000978 -0.000001
0 0 0 0
0.499756 0.344238
1.79834 0.845215 -0.97168
-1 0.000978 -0.000001
0 0 0 0
0.001709 0.344238
1.79834 0.739258 -0.97168
-1 0.000978 -0.000001
0 0 0 0
0.001709 0.396973
1.79834 0.739258 0.970947
-1 0.000978 -0.000001
0 0 0 0
0.499756 0.396973
1.79834 0.724365 0.970947
-1 0.000978 -0.000001
0 0 0 0
0.499756 0.403809
1.79834 0.724365 -0.97168
-1 0.000978 -0.000001
0 0 0 0
0.001709 0.403809
1.79834 0.618652 -0.97168
-1 0.000978 -0.000001
0 0 0 0
0.001709 0.456055
1.79834 0.618652 0.970947
-1 0.000978 -0.000001
0 0 0 0
0.499756 0.456055
1.79834 0.60376 0.970947
-1 0.000978 -0.000001
0 0 0 0
0.499756 0.344238
1.79834 0.60376 -0.97168
-1 0.000978 -0.000001
0 0 0 0
0.001709 0.344238
1.79834 0.497803 -0.97168
-1 0.000978 -0.000001
0 0 0 0
0.001709 0.396973
1.79834 0.497803 0.970947
-1 0.000978 -0.000001
0 0 0 0
0.499756 0.396973
1.79834 0.48291 0.970947
-1 0.000978 -0.000001
0 0 0 0
0.499756 0.403809
1.79834 0.48291 -0.97168
-1 0.000978 -0.000001
0 0 0 0
0.001709 0.403809
1.79834 0.377197 -0.97168
-1 0.000978 -0.000001
0 0 0 0
0.001709 0.456055
1.79834 0.377197 0.970947
-1 0.000978 -0.000001
0 0 0 0
0.499756 0.456055
1.79834 2.535645 0.970947
-1 0.000978 -0.000001
0 0 0 0
0.499756 0.344238
1.79834 2.535645 -0.97168
-1 0.000978 -0.000001
0 0 0 0
0.001709 0.344238
1.79834 2.429688 -0.97168
-1 0.000978 -0.000001
0 0 0 0
0.001709 0.396973
1.79834 2.429688 0.970947
-1 0.000978 -0.000001
0 0 0 0
0.499756 0.396973
-1.733154 2.414795 0.980957
0.001382 0.001382 -0.999998
0 0 0 0
0.001709 0.396973
1.734131 2.414795 0.980957
0.001382 0.001382 -0.999998
0 0 0 0
0.998779 0.396973
1.734131 2.309082 0.980957
0.001382 0.001382 -0.999998
0 0 0 0
0.998779 0.344238
-1.733154 2.309082 0.980957
0.001382 0.001382 -0.999998
0 0 0 0
0.001709 0.344238
-1.733154 2.294189 0.980957
0.001382 0.001382 -0.999998
0 0 0 0
0.001709 0.456055
1.734131 2.294189 0.980957
0.001382 0.001382 -0.999998
0 0 0 0
0.998779 0.456055
1.734131 2.188232 0.980957
0.001382 0.001382 -0.999998
0 0 0 0
0.998779 0.403809
-1.733154 2.188232 0.980957
0.001382 0.001382 -0.999998
0 0 0 0
0.001709 0.403809
-1.733154 2.17334 0.980957
0.001382 0.001382 -0.999998
0 0 0 0
0.001709 0.396973
1.734131 2.17334 0.980957
0.001382 0.001382 -0.999998
0 0 0 0
0.998779 0.396973
1.734131 2.067627 0.980957
0.001382 0.001382 -0.999998
0 0 0 0
0.998779 0.344238
-1.733154 2.067627 0.980957
0.001382 0.001382 -0.999998
0 0 0 0
0.001709 0.344238
-1.733154 2.052734 0.980957
0.001382 0.001382 -0.999998
0 0 0 0
0.001709 0.456055
1.734131 2.052734 0.980957
0.001382 0.001382 -0.999998
0 0 0 0
0.998779 0.456055
1.734131 1.946777 0.980957
0.001382 0.001382 -0.999998
0 0 0 0
0.998779 0.403809
-1.733154 1.946777 0.980957
0.001382 0.001382 -0.999998
0 0 0 0
0.001709 0.403809
-1.733154 1.931885 0.980957
0.001382 0.001382 -0.999998
0 0 0 0
0.001709 0.396973
1.734131 1.931885 0.980957
0.001382 0.001382 -0.999998
0 0 0 0
0.998779 0.396973
1.734131 1.825928 0.980957
0.001382 0.001382 -0.999998
0 0 0 0
0.998779 0.344238
-1.733154 1.825928 0.980957
0.001382 0.001382 -0.999998
0 0 0 0
0.001709 0.344238
-1.733154 1.811279 0.980957
0.001382 0.001382 -0.999998
0 0 0 0
0.001709 0.456055
1.734131 1.811279 0.980957
0.001382 0.001382 -0.999998
0 0 0 0
0.998779 0.456055
1.734131 1.705322 0.980957
0.001382 0.001382 -0.999998
0 0 0 0
0.998779 0.403809
-1.733154 1.705322 0.980957
0.001382 0.001382 -0.999998
0 0 0 0
0.001709 0.403809
-1.733154 1.69043 0.980957
0.001382 0.001382 -0.999998
0 0 0 0
0.001709 0.396973
1.734131 1.69043 0.980957
0.001382 0.001382 -0.999998
0 0 0 0
0.998779 0.396973
1.734131 1.584473 0.980957
0.001382 0.001382 -0.999998
0 0 0 0
0.998779 0.344238
-1.733154 1.584473 0.980957
0.001382 0.001382 -0.999998
0 0 0 0
0.001709 0.344238
-1.733154 1.56958 0.980957
0.001382 0.001382 -0.999998
0 0 0 0
0.001709 0.456055
1.734131 1.56958 0.980957
0.001382 0.001382 -0.999998
0 0 0 0
0.998779 0.456055
1.734131 1.463867 0.980957
0.001382 0.001382 -0.999998
0 0 0 0
0.998779 0.403809
-1.733154 1.463867 0.980957
0.001382 0.001382 -0.999998
0 0 0 0
0.001709 0.403809
-1.733154 1.448975 0.980957
0.001382 0.001382 -0.999998
0 0 0 0
0.001709 0.396973
1.734131 1.448975 0.980957
0.001382 0.001382 -0.999998
0 0 0 0
0.998779 0.396973
1.734131 1.343018 0.980957
0.001382 0.001382 -0.999998
0 0 0 0
0.998779 0.344238
-1.733154 1.343018 0.980957
0.001382 0.001382 -0.999998
0 0 0 0
0.001709 0.344238
-1.733154 1.328125 0.980957
0.001382 0.001382 -0.999998
0 0 0 0
0.001709 0.456055
1.734131 1.328125 0.980957
0.001382 0.001382 -0.999998
0 0 0 0
0.998779 0.456055
1.734131 1.222412 0.980957
0.001382 0.001382 -0.999998
0 0 0 0
0.998779 0.403809
-1.733154 1.222412 0.980957
0.001382 0.001382 -0.999998
0 0 0 0
0.001709 0.403809
-1.733154 1.20752 0.980957
0.001382 0.001382 -0.999998
0 0 0 0
0.001709 0.396973
1.734131 1.20752 0.980957
0.001382 0.001382 -0.999998
0 0 0 0
0.998779 0.396973
1.734131 1.101562 0.980957
0.001382 0.001382 -0.999998
0 0 0 0
0.998779 0.344238
-1.733154 1.101562 0.980957
0.001382 0.001382 -0.999998
0 0 0 0
0.001709 0.344238
-1.733154 1.08667 0.980957
0.001382 0.001382 -0.999998
0 0 0 0
0.001709 0.456055
1.734131 1.08667 0.980957
0.001382 0.001382 -0.999998
0 0 0 0
0.998779 0.456055
1.734131 0.980957 0.980957
0.001382 0.001382 -0.999998
0 0 0 0
0.998779 0.403809
-1.733154 0.980957 0.980957
0.001382 0.001382 -0.999998
0 0 0 0
0.001709 0.403809
-1.733154 0.966064 0.980957
0.001382 0.001382 -0.999998
0 0 0 0
0.001709 0.396973
1.734131 0.966064 0.980957
0.001382 0.001382 -0.999998
0 0 0 0
0.998779 0.396973
1.734131 0.860107 0.980957
0.001382 0.001382 -0.999998
0 0 0 0
0.998779 0.344238
-1.733154 0.860107 0.980957
0.001382 0.001382 -0.999998
0 0 0 0
0.001709 0.344238
-1.733154 0.845215 0.980957
0.001382 0.001382 -0.999998
0 0 0 0
0.001709 0.456055
1.734131 0.845215 0.980957
0.001382 0.001382 -0.999998
0 0 0 0
0.998779 0.456055
1.734131 0.739258 0.980957
0.001382 0.001382 -0.999998
0 0 0 0
0.998779 0.403809
-1.733154 0.739258 0.980957
0.001382 0.001382 -0.999998
0 0 0 0
0.001709 0.403809
-1.733154 0.724365 0.980957
0.001382 0.001382 -0.999998
0 0 0 0
0.001709 0.396973
1.734131 0.724365 0.980957
0.001382 0.001382 -0.999998
0 0 0 0
0.998779 0.396973
1.734131 0.618652 0.980957
0.001382 0.001382 -0.999998
0 0 0 0
0.998779 0.344238
-1.733154 0.618652 0.980957
0.001382 0.001382 -0.999998
0 0 0 0
0.001709 0.344238
-1.733154 0.60376 0.980957
0.001382 0.001382 -0.999998
0 0 0 0
0.001709 0.456055
1.734131 0.60376 0.980957
0.001382 0.001382 -0.999998
0 0 0 0
0.998779 0.456055
1.734131 0.497803 0.980957
0.001382 0.001382 -0.999998
0 0 0 0
0.998779 0.403809
-1.733154 0.497803 0.980957
0.001382 0.001382 -0.999998
0 0 0 0
0.001709 0.403809
-1.733154 0.48291 0.980957
0.001382 0.001382 -0.999998
0 0 0 0
0.001709 0.396973
1.734131 0.48291 0.980957
0.001382 0.001382 -0.999998
0 0 0 0
0.998779 0.396973
1.734131 0.377197 0.980957
0.001382 0.001382 -0.999998
0 0 0 0
0.998779 0.344238
-1.733154 0.377197 0.980957
0.001382 0.001382 -0.999998
0 0 0 0
0.001709 0.344238
-1.733154 2.535645 0.980957
0.001382 0.001382 -0.999998
0 0 0 0
0.001709 0.456055
1.734131 2.535645 0.980957
0.001382 0.001382 -0.999998
0 0 0 0
0.998779 0.456055
1.734131 2.429688 0.980957
0.001382 0.001382 -0.999998
0 0 0 0
0.998779 0.403809
-1.733154 2.429688 0.980957
0.001382 0.001382 -0.999998
0 0 0 0
0.001709 0.403809
1.69751 2.021729 -0.196045
0.000978 -1 -0.000001
0 0 0 0
0.700439 0.746826
0.954102 2.021729 -0.196045
0.000978 -1 -0.000001
0 0 0 0
0.562256 0.746826
0.954102 2.021729 -0.774658
0.000978 -1 -0.000001
0 0 0 0
0.562256 0.997314
1.69751 2.021729 -0.774658
0.000978 -1 -0.000001
0 0 0 0
0.700439 0.997314
0.954102 2.060547 -0.196045
0.000978 1 -0.000001
0 0 0 0
0.562256 0.997314
1.69751 2.060547 -0.196045
0.000978 1 -0.000001
0 0 0 0
0.700439 0.997314
1.69751 2.060547 -0.774658
0.000978 1 -0.000001
0 0 0 0
0.700439 0.746826
0.954102 2.060547 -0.774658
0.000978 1 -0.000001
0 0 0 0
0.562256 0.746826
1.69751 1.696533 -0.196045
0.000978 -1 -0.000001
0 0 0 0
0.700439 0.746826
0.954102 1.696533 -0.196045
0.000978 -1 -0.000001
0 0 0 0
0.562256 0.746826
0.954102 1.696533 -0.774658
0.000978 -1 -0.000001
0 0 0 0
0.562256 0.997314
1.69751 1.696533 -0.774658
0.000978 -1 -0.000001
0 0 0 0
0.700439 0.997314
0.954102 1.735596 -0.196045
0.000978 1 -0.000001
0 0 0 0
0.562256 0.997314
1.69751 1.735596 -0.196045
0.000978 1 -0.000001
0 0 0 0
0.700439 0.997314
1.69751 1.735596 -0.774658
0.000978 1 -0.000001
0 0 0 0
0.700439 0.746826
0.954102 1.735596 -0.774658
0.000978 1 -0.000001
0 0 0 0
0.562256 0.746826
1.69751 1.371582 -0.196045
0.000978 -1 -0.000001
0 0 0 0
0.700439 0.746826
0.954102 1.371582 -0.196045
0.000978 -1 -0.000001
0 0 0 0
0.562256 0.746826
0.954102 1.371582 -0.774658
0.000978 -1 -0.000001
0 0 0 0
0.562256 0.997314
1.69751 1.371582 -0.774658
0.000978 -1 -0.000001
0 0 0 0
0.700439 0.997314
0.954102 1.410645 -0.196045
0.000978 1 -0.000001
0 0 0 0
0.562256 0.997314
1.69751 1.410645 -0.196045
0.000978 1 -0.000001
0 0 0 0
0.700439 0.997314
1.69751 1.410645 -0.774658
0.000978 1 -0.000001
0 0 0 0
0.700439 0.746826
0.954102 1.410645 -0.774658
0.000978 1 -0.000001
0 0 0 0
0.562256 0.746826
1.69751 1.046631 -0.196045
0.000978 -1 -0.000001
0 0 0 0
0.700439 0.746826
0.954102 1.046631 -0.196045
0.000978 -1 -0.000001
0 0 0 0
0.562256 0.746826
0.954102 1.046631 -0.774658
0.000978 -1 -0.000001
0 0 0 0
0.562256 0.997314
1.69751 1.046631 -0.774658
0.000978 -1 -0.000001
0 0 0 0
0.700439 0.997314
0.954102 1.085449 -0.196045
0.000978 1 -0.000001
0 0 0 0
0.562256 0.997314
1.69751 1.085449 -0.196045
0.000978 1 -0.000001
0 0 0 0
0.700439 0.997314
1.69751 1.085449 -0.774658
0.000978 1 -0.000001
0 0 0 0
0.700439 0.746826
0.954102 1.085449 -0.774658
0.000978 1 -0.000001
0 0 0 0
0.562256 0.746826
1.726318 2.338867 -0.17041
0.001382 0.001382 0.999998
0 0 0 0
0.199707 0.508301
0.925293 0.758057 -0.17041
0.001382 0.001382 0.999998
0 0 0 0
0.558838 0.923828
1.726318 0.758057 -0.17041
0.001382 0.001382 0.999998
0 0 0 0
0.558838 0.508301
0.925293 2.338867 -0.17041
0.001382 0.001382 0.999998
0 0 0 0
0.199707 0.923828
1.726318 2.338867 -0.88208
1 0.000978 -0.000001
0 0 0 0
0.199707 0.508301
1.726318 2.338867 -0.17041
1 0.000978 -0.000001
0 0 0 0
0.199707 0.923828
1.726318 0.758057 -0.17041
1 0.000978 -0.000001
0 0 0 0
0.558838 0.923828
1.726318 0.758057 -0.88208
1 0.000978 -0.000001
0 0 0 0
0.558838 0.508301
1.726318 0.758057 -0.88208
1 0.000978 -0.000001
0 0 0 0
0.001465 0.508301
1.726318 0.758057 -0.17041
1 0.000978 -0.000001
0 0 0 0
0.001465 0.923828
1.726318 0.365479 -0.17041
1 0.000978 -0.000001
0 0 0 0
0.19751 0.923828
1.726318 0.365479 -0.88208
1 0.000978 -0.000001
0 0 0 0
0.19751 0.508301
1.726318 0.758057 -0.17041
0.001382 0.001382 0.999998
0 0 0 0
0.001465 0.508301
0.925293 0.758057 -0.17041
0.001382 0.001382 0.999998
0 0 0 0
0.001465 0.923828
0.925293 0.365479 -0.17041
0.001382 0.001382 0.999998
0 0 0 0
0.19751 0.923828
1.726318 0.365479 -0.17041
0.001382 0.001382 0.999998
0 0 0 0
0.19751 0.508301
0.925293 0.365479 -0.88208
0.000978 -1 -0.000001
0 0 0 0
0.001465 0.923828
1.726318 0.365479 -0.88208
0.000978 -1 -0.000001
0 0 0 0
0.19751 0.923828
1.726318 0.365479 -0.17041
0.000978 -1 -0.000001
0 0 0 0
0.19751 0.508301
0.925293 0.365479 -0.17041
0.000978 -1 -0.000001
0 0 0 0
0.001465 0.508301
0.925293 2.338867 -0.17041
-1 0.000978 -0.000001
0 0 0 0
0.199707 0.508301
0.925293 0.758057 -0.88208
-1 0.000978 -0.000001
0 0 0 0
0.558838 0.923828
0.925293 0.758057 -0.17041
-1 0.000978 -0.000001
0 0 0 0
0.558838 0.508301
0.925293 2.338867 -0.88208
-1 0.000978 -0.000001
0 0 0 0
0.199707 0.923828
0.925293 0.758057 -0.17041
-1 0.000978 -0.000001
0 0 0 0
0.001465 0.508301
0.925293 0.758057 -0.88208
-1 0.000978 -0.000001
0 0 0 0
0.001465 0.923828
0.925293 0.365479 -0.88208
-1 0.000978 -0.000001
0 0 0 0
0.19751 0.923828
0.925293 0.365479 -0.17041
-1 0.000978 -0.000001
0 0 0 0
0.19751 0.508301
0.925293 0.758057 -0.923584
0.001382 0.001382 -0.999998
0 0 0 0
0.19751 0.923828
1.726318 0.365479 -0.923584
0.001382 0.001382 -0.999998
0 0 0 0
0.001465 0.508301
0.925293 0.365479 -0.923584
0.001382 0.001382 -0.999998
0 0 0 0
0.001465 0.923828
1.726318 0.758057 -0.923584
0.001382 0.001382 -0.999998
0 0 0 0
0.19751 0.508301
0.925293 0.365479 -0.88208
-1 0.000978 -0.000001
0 0 0 0
0.127686 0.462646
0.925293 0.758057 -0.923584
-1 0.000978 -0.000001
0 0 0 0
0.00415 0.502197
0.925293 0.365479 -0.923584
-1 0.000978 -0.000001
0 0 0 0
0.127686 0.502197
0.925293 0.758057 -0.88208
-1 0.000978 -0.000001
0 0 0 0
0.00415 0.462646
0.925293 0.365479 -0.923584
0.000978 -1 -0.000001
0 0 0 0
0.00415 0.502197
1.726318 0.365479 -0.923584
0.000978 -1 -0.000001
0 0 0 0
0.256104 0.502197
1.726318 0.365479 -0.88208
0.000978 -1 -0.000001
0 0 0 0
0.256104 0.462646
0.925293 0.365479 -0.88208
0.000978 -1 -0.000001
0 0 0 0
0.00415 0.462646
1.726318 0.758057 -0.923584
1 0.000978 -0.000001
0 0 0 0
0.00415 0.462646
1.726318 0.758057 -0.88208
1 0.000978 -0.000001
0 0 0 0
0.00415 0.502197
1.726318 0.365479 -0.88208
1 0.000978 -0.000001
0 0 0 0
0.127686 0.502197
1.726318 0.365479 -0.923584
1 0.000978 -0.000001
0 0 0 0
0.127686 0.462646
0.925293 2.338867 -0.17041
0.001382 0.001382 0.999998
0 0 0 0
0.00415 0.502197
1.726318 2.338867 -0.17041
0.001382 0.001382 0.999998
0 0 0 0
0.240479 0.502197
1.726318 2.39209 -0.17041
0.001382 0.001382 0.999998
0 0 0 0
0.240479 0.462646
0.925293 2.39209 -0.17041
0.001382 0.001382 0.999998
0 0 0 0
0.00415 0.462646
1.726318 2.39209 -0.17041
1 0.000978 -0.000001
0 0 0 0
0.00415 0.462646
1.726318 2.338867 -0.17041
1 0.000978 -0.000001
0 0 0 0
0.00415 0.502197
1.726318 2.338867 -0.88208
1 0.000978 -0.000001
0 0 0 0
0.227783 0.502197
1.726318 2.39209 -0.923584
1 0.000978 -0.000001
0 0 0 0
0.240479 0.462646
1.726318 2.338867 -0.923584
1 0.000978 -0.000001
0 0 0 0
0.240479 0.502197
0.925293 2.39209 -0.17041
0.000978 1 -0.000001
0 0 0 0
0.001465 0.923828
1.726318 2.39209 -0.17041
0.000978 1 -0.000001
0 0 0 0
0.19751 0.923828
1.726318 2.39209 -0.923584
0.000978 1 -0.000001
0 0 0 0
0.19751 0.508301
0.925293 2.39209 -0.923584
0.000978 1 -0.000001
0 0 0 0
0.001465 0.508301
1.726318 0.758057 -0.88208
0.001382 0.001382 -0.999998
0 0 0 0
0.00415 0.462646
0.925293 0.758057 -0.88208
-0.001382 0.001382 -0.999998
0 0 0 0
0.256104 0.462646
0.954102 0.790283 -0.88208
-0.001382 0.001382 -0.999998
0 0 0 0
0.24707 0.502197
1.69751 0.790283 -0.88208
0.001382 0.001382 -0.999998
0 0 0 0
0.013184 0.502197
0.954102 0.790283 -0.88208
-0.001382 0.001382 -0.999998
0 0 0 0
0.014404 0.502197
0.925293 0.758057 -0.88208
-0.001382 0.001382 -0.999998
0 0 0 0
0.00415 0.462646
0.925293 2.338867 -0.88208
-0.001382 0.001382 -0.999998
0 0 0 0
0.501465 0.462646
0.954102 2.306641 -0.88208
-0.001382 0.001382 -0.999998
0 0 0 0
0.491211 0.502197
1.69751 0.790283 -0.88208
0.000978 1 -0.000001
0 0 0 0
0.700439 0.746826
0.954102 0.790283 -0.88208
0.000978 1 -0.000001
0 0 0 0
0.562256 0.746826
0.954102 0.790283 -0.196045
0.000978 1 -0.000001
0 0 0 0
0.562256 0.997314
1.69751 0.790283 -0.196045
0.000978 1 -0.000001
0 0 0 0
0.700439 0.997314
0.954102 0.790283 -0.88208
1 0.000978 -0.000001
0 0 0 0
0.997803 0.746826
0.954102 2.306641 -0.88208
1 0.000978 -0.000001
0 0 0 0
0.701904 0.746826
0.954102 2.306641 -0.196045
1 0.000978 -0.000001
0 0 0 0
0.701904 0.997314
0.954102 0.790283 -0.196045
1 0.000978 -0.000001
0 0 0 0
0.997803 0.997314
1.69751 0.790283 -0.196045
0.001382 0.001382 -0.999998
0 0 0 0
0.701904 0.746826
0.954102 0.790283 -0.196045
0.001382 0.001382 -0.999998
0 0 0 0
0.701904 0.997314
0.954102 2.306641 -0.196045
0.001382 0.001382 -0.999998
0 0 0 0
0.997803 0.997314
1.69751 2.306641 -0.196045
0.001382 0.001382 -0.999998
0 0 0 0
0.997803 0.746826
0.925293 2.338867 -0.88208
-0.001382 0.001382 -0.999998
0 0 0 0
0.256104 0.462646
1.69751 2.306641 -0.88208
0.001382 0.001382 -0.999998
0 0 0 0
0.013184 0.502197
0.954102 2.306641 -0.88208
-0.001382 0.001382 -0.999998
0 0 0 0
0.24707 0.502197
1.726318 2.338867 -0.88208
0.001382 0.001382 -0.999998
0 0 0 0
0.00415 0.462646
0.954102 2.306641 -0.88208
0.000978 -1 -0.000001
0 0 0 0
0.562256 0.997314
1.69751 2.306641 -0.88208
0.000978 -1 -0.000001
0 0 0 0
0.700439 0.997314
1.69751 2.306641 -0.196045
0.000978 -1 -0.000001
0 0 0 0
0.700439 0.746826
0.954102 2.306641 -0.196045
0.000978 -1 -0.000001
0 0 0 0
0.562256 0.746826
1.726318 2.338867 -0.88208
0.001382 0.001382 -0.999998
0 0 0 0
0.501465 0.462646
1.726318 0.758057 -0.88208
0.001382 0.001382 -0.999998
0 0 0 0
0.00415 0.462646
1.69751 0.790283 -0.88208
0.001382 0.001382 -0.999998
0 0 0 0
0.014404 0.502197
1.69751 2.306641 -0.88208
0.001382 0.001382 -0.999998
0 0 0 0
0.491211 0.502197
1.69751 2.306641 -0.88208
-1 0.000978 -0.000001
0 0 0 0
0.701904 0.997314
1.69751 0.790283 -0.88208
-1 0.000978 -0.000001
0 0 0 0
0.997803 0.997314
1.69751 0.790283 -0.196045
-1 0.000978 -0.000001
0 0 0 0
0.997803 0.746826
1.69751 2.306641 -0.196045
-1 0.000978 -0.000001
0 0 0 0
0.701904 0.746826
1.726318 2.338867 -0.923584
0.001382 0.001382 -0.999998
0 0 0 0
0.240479 0.462646
0.925293 2.338867 -0.923584
0.001382 0.001382 -0.999998
0 0 0 0
0.00415 0.462646
0.925293 2.39209 -0.923584
0.001382 0.001382 -0.999998
0 0 0 0
0.00415 0.502197
1.726318 2.39209 -0.923584
0.001382 0.001382 -0.999998
0 0 0 0
0.240479 0.502197
0.925293 2.338867 -0.923584
-1 0.000978 -0.000001
0 0 0 0
0.00415 0.502197
0.925293 2.338867 -0.88208
-1 0.000978 -0.000001
0 0 0 0
0.01709 0.502197
0.925293 2.39209 -0.923584
-1 -0.000977 -0.000001
0 0 0 0
0.00415 0.462646
0.925293 2.39209 -0.17041
-1 -0.000977 -0.000001
0 0 0 0
0.240479 0.462646
0.925293 2.338867 -0.17041
-1 0.000978 -0.000001
0 0 0 0
0.240479 0.502197
0.925293 2.338867 -0.88208
-1 0.000978 -0.000001
0 0 0 0
0.00415 0.462646
0.925293 0.758057 -0.923584
-1 0.000978 -0.000001
0 0 0 0
0.491455 0.502197
0.925293 0.758057 -0.88208
-1 0.000978 -0.000001
0 0 0 0
0.491455 0.462646
0.925293 0.758057 -0.923584
0.001382 0.001382 -0.999998
0 0 0 0
0.00415 0.502197
0.925293 2.338867 -0.923584
0.001382 0.001382 -0.999998
0 0 0 0
0.491455 0.502197
0.977051 2.285156 -0.923584
0.001382 0.001382 -0.999998
0 0 0 0
0.474854 0.462646
0.977051 0.811768 -0.923584
0.001382 0.001382 -0.999998
0 0 0 0
0.020752 0.462646
0.925293 2.338867 -0.923584
0.001382 0.001382 -0.999998
0 0 0 0
0.250977 0.462646
1.674805 2.285156 -0.923584
0.001382 0.001382 -0.999998
0 0 0 0
0.02002 0.502197
0.977051 2.285156 -0.923584
0.001382 0.001382 -0.999998
0 0 0 0
0.235107 0.502197
1.726318 2.338867 -0.923584
0.001382 0.001382 -0.999998
0 0 0 0
0.00415 0.462646
0.977051 2.285156 -0.923584
0.000978 -1 -0.000001
0 0 0 0
0.00415 0.502197
1.674805 2.285156 -0.923584
0.000978 -1 -0.000001
0 0 0 0
0.219238 0.502197
1.674805 2.285156 -0.88208
0.000978 -1 -0.000001
0 0 0 0
0.219238 0.462646
0.977051 2.285156 -0.88208
0.000978 -1 -0.000001
0 0 0 0
0.00415 0.462646
0.977051 0.811768 -0.923584
1 0.000978 -0.000001
0 0 0 0
0.458252 0.462646
0.977051 2.285156 -0.923584
1 0.000978 -0.000001
0 0 0 0
0.00415 0.462646
0.977051 2.285156 -0.88208
1 0.000978 -0.000001
0 0 0 0
0.00415 0.502197
0.977051 0.811768 -0.88208
1 0.000978 -0.000001
0 0 0 0
0.458252 0.502197
0.977051 2.285156 -0.88208
0.001382 0.001382 0.999998
0 0 0 0
0.020752 0.462646
0.925293 2.338867 -0.88208
0.001382 0.001382 0.999998
0 0 0 0
0.00415 0.502197
0.925293 0.758057 -0.88208
0.001382 0.001382 0.999998
0 0 0 0
0.491455 0.502197
0.977051 0.811768 -0.88208
0.001382 0.001382 0.999998
0 0 0 0
0.474854 0.462646
0.925293 2.338867 -0.88208
0.001382 0.001382 0.999998
0 0 0 0
0.250977 0.502197
0.977051 2.285156 -0.88208
0.001382 0.001382 0.999998
0 0 0 0
0.235107 0.462646
1.674805 2.285156 -0.88208
-0.001382 0.001382 0.999998
0 0 0 0
0.02002 0.462646
1.726318 2.338867 -0.88208
-0.001382 0.001382 0.999998
0 0 0 0
0.00415 0.502197
1.674805 2.285156 -0.923584
0.001382 0.001382 -0.999998
0 0 0 0
0.474854 0.502197
1.726318 2.338867 -0.923584
0.001382 0.001382 -0.999998
0 0 0 0
0.491455 0.462646
1.726318 0.758057 -0.923584
0.001382 0.001382 -0.999998
0 0 0 0
0.00415 0.462646
1.674805 0.811768 -0.923584
0.001382 0.001382 -0.999998
0 0 0 0
0.020752 0.502197
1.674805 2.285156 -0.923584
-1 0.000978 -0.000001
0 0 0 0
0.00415 0.502197
1.674805 0.811768 -0.923584
-1 0.000978 -0.000001
0 0 0 0
0.458252 0.502197
1.674805 0.811768 -0.88208
-1 0.000978 -0.000001
0 0 0 0
0.458252 0.462646
1.674805 2.285156 -0.88208
-1 0.000978 -0.000001
0 0 0 0
0.00415 0.462646
1.674805 2.285156 -0.88208
-0.001382 0.001382 0.999998
0 0 0 0
0.020752 0.502197
1.674805 0.811768 -0.88208
-0.001382 0.001382 0.999998
0 0 0 0
0.474854 0.502197
1.726318 0.758057 -0.88208
-0.001382 0.001382 0.999998
0 0 0 0
0.491455 0.462646
1.726318 2.338867 -0.88208
-0.001382 0.001382 0.999998
0 0 0 0
0.00415 0.462646
1.726318 0.758057 -0.923584
0.001382 0.001382 -0.999998
0 0 0 0
0.00415 0.502197
0.925293 0.758057 -0.923584
0.001382 0.001382 -0.999998
0 0 0 0
0.250977 0.502197
0.977051 0.811768 -0.923584
0.001382 0.001382 -0.999998
0 0 0 0
0.235107 0.462646
1.674805 0.811768 -0.923584
0.001382 0.001382 -0.999998
0 0 0 0
0.02002 0.462646
1.674805 0.811768 -0.923584
0.000978 1 -0.000001
0 0 0 0
0.219238 0.462646
0.977051 0.811768 -0.923584
0.000978 1 -0.000001
0 0 0 0
0.00415 0.462646
0.977051 0.811768 -0.88208
0.000978 1 -0.000001
0 0 0 0
0.00415 0.502197
1.674805 0.811768 -0.88208
0.000978 1 -0.000001
0 0 0 0
0.219238 0.502197
1.726318 0.758057 -0.88208
-0.001382 0.001382 0.999998
0 0 0 0
0.00415 0.462646
1.674805 0.811768 -0.88208
-0.001382 0.001382 0.999998
0 0 0 0
0.02002 0.502197
0.977051 0.811768 -0.88208
0.001382 0.001382 0.999998
0 0 0 0
0.235107 0.502197
0.925293 0.758057 -0.88208
0.001382 0.001382 0.999998
0 0 0 0
0.250977 0.462646
0.925293 2.338867 -0.88208
0.000978 -1 -0.000001
0 0 0 0
0.00415 0.462646
1.726318 2.338867 -0.923584
0.000978 -1 -0.000001
0 0 0 0
0.240479 0.502197
1.726318 2.338867 -0.88208
0.000978 -1 -0.000001
0 0 0 0
0.240479 0.462646
0.925293 2.338867 -0.923584
0.000978 -1 -0.000001
0 0 0 0
0.00415 0.502197
1.726318 2.338867 -0.923584
1 0.000978 -0.000001
0 0 0 0
0.00415 0.462646
1.726318 2.338867 -0.88208
1 0.000978 -0.000001
0 0 0 0
0.00415 0.502197
1.726318 0.758057 -0.88208
1 0.000978 -0.000001
0 0 0 0
0.491455 0.502197
1.726318 0.758057 -0.923584
1 0.000978 -0.000001
0 0 0 0
0.491455 0.462646
0.925293 2.338867 -0.88208
0.000978 1 -0.000001
0 0 0 0
0.00415 0.502197
1.726318 2.338867 -0.88208
0.000978 1 -0.000001
0 0 0 0
0.250977 0.502197
1.726318 2.338867 -0.923584
0.000978 1 -0.000001
0 0 0 0
0.250977 0.462646
0.925293 2.338867 -0.923584
0.000978 1 -0.000001
0 0 0 0
0.00415 0.462646
0.925293 0.758057 -0.923584
0.000978 1 -0.000001
0 0 0 0
0.00415 0.462646
1.726318 0.758057 -0.88208
0.000978 1 -0.000001
0 0 0 0
0.240479 0.502197
1.726318 0.758057 -0.923584
0.000978 1 -0.000001
0 0 0 0
0.240479 0.462646
0.925293 0.758057 -0.88208
0.000978 1 -0.000001
0 0 0 0
0.00415 0.502197
0.925293 0.758057 -0.923584
0.000978 -1 -0.000001
0 0 0 0
0.00415 0.502197
1.726318 0.758057 -0.923584
0.000978 -1 -0.000001
0 0 0 0
0.250977 0.502197
1.726318 0.758057 -0.88208
0.000978 -1 -0.000001
0 0 0 0
0.250977 0.462646
0.925293 0.758057 -0.88208
0.000978 -1 -0.000001
0 0 0 0
0.00415 0.462646
-1.990723 2.488037 -0.204834
-1 -0.000977 -0.000001
0 0 0 0
0.026611 0.036377
-1.990723 2.536133 -0.251221
-1 -0.000977 -0.000001
0 0 0 0
0.001465 0.087402
-1.990723 0.621094 -0.250488
-1 0.000978 -0.000001
0 0 0 0
0.997559 0.087402
-1.990723 0.669434 -0.204346
-1 0.000978 -0.000001
0 0 0 0
0.972412 0.036377
-1.990723 0.621094 -0.250488
-1 0.000978 -0.000001
0 0 0 0
0.232666 0.087402
-1.990723 0.621094 0.775146
-1 0.000978 -0.000001
0 0 0 0
0.766113 0.087402
-1.990723 0.669434 0.729004
-1 0.000978 -0.000001
0 0 0 0
0.742188 0.036377
-1.990723 0.669434 -0.204346
-1 0.000978 -0.000001
0 0 0 0
0.256836 0.036377
-1.990723 0.669434 0.729004
-1 0.000978 -0.000001
0 0 0 0
0.972412 0.087402
-1.990723 0.621094 0.775146
-1 0.000978 -0.000001
0 0 0 0
0.997559 0.036377
-1.990723 2.536133 0.774658
-1 -0.000977 -0.000001
0 0 0 0
0.001465 0.036377
-1.990723 2.488037 0.728516
-1 -0.000977 -0.000001
0 0 0 0
0.026611 0.087402
-1.990723 2.488037 -0.204834
-1 -0.000977 -0.000001
0 0 0 0
0.256836 0.087402
-1.990723 2.488037 0.728516
-1 -0.000977 -0.000001
0 0 0 0
0.742188 0.087402
-1.990723 2.536133 0.774658
-1 -0.000977 -0.000001
0 0 0 0
0.766113 0.036377
-1.990723 2.536133 -0.251221
-1 -0.000977 -0.000001
0 0 0 0
0.232666 0.036377
-1.990723 2.488037 -0.204834
0.001382 0.001382 0.999998
0 0 0 0
0.026611 0.087402
-1.990723 0.669434 -0.204346
0.001382 0.001382 0.999998
0 0 0 0
0.972412 0.087402
-1.96167 0.669434 -0.204346
0.001382 0.001382 0.999998
0 0 0 0
0.972412 0.036377
-1.96167 2.488037 -0.204834
0.001382 0.001382 0.999998
0 0 0 0
0.026611 0.036377
-1.990723 0.669434 0.729004
0.000978 1 -0.000001
0 0 0 0
0.742188 0.087402
-1.96167 0.669434 0.729004
0.000978 1 -0.000001
0 0 0 0
0.742188 0.036377
-1.96167 0.669434 -0.204346
0.000978 1 -0.000001
0 0 0 0
0.256836 0.036377
-1.990723 0.669434 -0.204346
0.000978 1 -0.000001
0 0 0 0
0.256836 0.087402
-1.990723 0.669434 0.729004
-0.001382 -0.001382 -0.999998
0 0 0 0
0.026611 0.087402
-1.990723 2.488037 0.728516
-0.001382 -0.001382 -0.999998
0 0 0 0
0.972412 0.087402
-1.96167 2.488037 0.728516
-0.001382 -0.001382 -0.999998
0 0 0 0
0.972412 0.036377
-1.96167 0.669434 0.729004
-0.001382 -0.001382 -0.999998
0 0 0 0
0.026611 0.036377
-1.96167 2.488037 0.728516
0.000978 -1 0.000001
0 0 0 0
0.256836 0.036377
-1.990723 2.488037 0.728516
0.000978 -1 0.000001
0 0 0 0
0.256836 0.087402
-1.990723 2.488037 -0.204834
0.000978 -1 0.000001
0 0 0 0
0.742188 0.087402
-1.96167 2.488037 -0.204834
0.000978 -1 0.000001
0 0 0 0
0.742188 0.036377
-1.974121 2.488037 -0.728516
-1 0.000978 -0.000001
0 0 0 0
0.026611 0.036377
-1.974121 2.536133 -0.774902
-1 0.000978 -0.000001
0 0 0 0
0.001465 0.087402
-1.974121 0.621094 -0.77417
-1 0.000978 -0.000001
0 0 0 0
0.997559 0.087402
-1.974121 0.669434 -0.728027
-1 0.000978 -0.000001
0 0 0 0
0.972412 0.036377
-1.974121 0.621094 -0.77417
-1 0.000978 -0.000001
0 0 0 0
0.387939 0.087402
-1.974121 0.621094 -0.344971
-1 0.000978 -0.000001
0 0 0 0
0.611084 0.087402
-1.974121 0.669434 -0.391113
-1 0.000978 -0.000001
0 0 0 0
0.587158 0.036377
-1.974121 0.669434 -0.728027
-1 0.000978 -0.000001
0 0 0 0
0.411865 0.036377
-1.974121 0.669434 -0.391113
-1 0.000978 -0.000001
0 0 0 0
0.972412 0.087402
-1.974121 0.621094 -0.344971
-1 0.000978 -0.000001
0 0 0 0
0.997559 0.036377
-1.974121 2.536133 -0.345459
-1 0.000978 -0.000001
0 0 0 0
0.001465 0.036377
-1.974121 2.488037 -0.391602
-1 0.000978 -0.000001
0 0 0 0
0.026611 0.087402
-1.944824 2.488037 -0.728516
0.001382 0.001382 0.999998
0 0 0 0
0.026611 0.036377
-1.974121 0.669434 -0.728027
0.001382 0.001382 0.999998
0 0 0 0
0.972412 0.087402
-1.944824 0.669434 -0.728027
0.001382 0.001382 0.999998
0 0 0 0
0.972412 0.036377
-1.974121 2.488037 -0.728516
0.001382 0.001382 0.999998
0 0 0 0
0.026611 0.087402
-1.974121 0.669434 -0.391113
0.000978 1 0.000001
0 0 0 0
0.587158 0.087402
-1.944824 0.669434 -0.391113
0.000978 1 0.000001
0 0 0 0
0.587158 0.036377
-1.944824 0.669434 -0.728027
0.000978 1 0.000001
0 0 0 0
0.411865 0.036377
-1.974121 0.669434 -0.728027
0.000978 1 0.000001
0 0 0 0
0.411865 0.087402
-1.974121 0.669434 -0.391113
0.001382 -0.001382 -0.999998
0 0 0 0
0.026611 0.087402
-1.974121 2.488037 -0.391602
0.001382 -0.001382 -0.999998
0 0 0 0
0.972412 0.087402
-1.944824 2.488037 -0.391602
0.001382 -0.001382 -0.999998
0 0 0 0
0.972412 0.036377
-1.944824 0.669434 -0.391113
0.001382 -0.001382 -0.999998
0 0 0 0
0.026611 0.036377
-1.974121 2.488037 -0.728516
-1 0.000978 -0.000001
0 0 0 0
0.411865 0.087402
-1.974121 2.488037 -0.391602
-1 0.000978 -0.000001
0 0 0 0
0.587158 0.087402
-1.974121 2.536133 -0.345459
-1 0.000978 -0.000001
0 0 0 0
0.611084 0.036377
-1.974121 2.536133 -0.774902
-1 0.000978 -0.000001
0 0 0 0
0.387939 0.036377
-1.944824 2.488037 -0.391602
0.000978 -1 -0.000001
0 0 0 0
0.411865 0.036377
-1.974121 2.488037 -0.391602
0.000978 -1 -0.000001
0 0 0 0
0.411865 0.087402
-1.974121 2.488037 -0.728516
0.000978 -1 -0.000001
0 0 0 0
0.587158 0.087402
-1.944824 2.488037 -0.728516
0.000978 -1 -0.000001
0 0 0 0
0.587158 0.036377
1.814697 2.521973 -1.09375
0.000978 -1 -0.000001
0 0 0 0
0.900635 0.030518
1.814697 2.521973 -1.067871
0.000978 -1 -0.000001
0 0 0 0
0.900635 0.002197
-1.812744 2.521973 -1.067871
0.000978 -1 -0.000001
0 0 0 0
0.015869 0.002197
-1.812744 2.521973 -1.09375
0.000978 -1 -0.000001
0 0 0 0
0.015869 0.030518
-1.812744 2.977051 -1.09375
0.001382 0.001382 -0.999998
0 0 0 0
0.030273 0.31665
1.814697 2.977051 -1.09375
0.001382 0.001382 -0.999998
0 0 0 0
0.915283 0.31665
1.814697 2.521973 -1.09375
0.001382 0.001382 -0.999998
0 0 0 0
0.915283 0.093994
-1.812744 2.521973 -1.09375
0.001382 0.001382 -0.999998
0 0 0 0
0.030273 0.093994
1.960938 0.985107 0.77417
1 0.000978 -0.000001
0 0 0 0
0.076172 0.036377
1.960938 2.879395 0.680908
1 0.000978 -0.000001
0 0 0 0
0.53833 0.087402
1.960938 2.977051 0.77417
1 0.000978 -0.000001
0 0 0 0
0.562012 0.036377
1.960938 1.082764 0.680908
1 0.000978 -0.000001
0 0 0 0
0.099854 0.087402
1.960938 2.977051 0.77417
1 0.000978 -0.000001
0 0 0 0
0.507812 0.036377
1.960938 2.879395 0.680908
1 0.000978 -0.000001
0 0 0 0
0.485107 0.087402
1.960938 2.879395 -0.680908
1 0.000978 -0.000001
0 0 0 0
0.153076 0.087402
1.960938 2.977051 -0.77417
1 0.000978 -0.000001
0 0 0 0
0.130127 0.036377
1.960938 0.985107 -0.77417
1 0.000978 -0.000001
0 0 0 0
0.076172 0.036377
1.960938 2.977051 -0.77417
1 0.000978 -0.000001
0 0 0 0
0.562012 0.036377
1.960938 2.879395 -0.680908
1 0.000978 -0.000001
0 0 0 0
0.53833 0.087402
1.960938 1.082764 -0.680908
1 0.000978 -0.000001
0 0 0 0
0.099854 0.087402
1.960938 0.985107 0.77417
1 0.000978 -0.000001
0 0 0 0
0.507812 0.036377
1.960938 0.985107 -0.77417
1 0.000978 -0.000001
0 0 0 0
0.130127 0.036377
1.960938 1.082764 -0.680908
1 0.000978 -0.000001
0 0 0 0
0.153076 0.087402
1.960938 1.082764 0.680908
1 0.000978 -0.000001
0 0 0 0
0.485107 0.087402
1.960938 1.082764 0.680908
0.001382 0.001382 -0.999998
0 0 0 0
0.015869 0.002197
1.939697 1.082764 0.680908
0.001382 0.001382 -0.999998
0 0 0 0
0.015869 0.030518
1.939697 2.879395 0.680908
0.001382 0.001382 -0.999998
0 0 0 0
0.454102 0.030518
1.960938 2.879395 0.680908
0.001382 0.001382 -0.999998
0 0 0 0
0.454102 0.002197
1.960938 2.879395 0.680908
0.000978 -1 -0.000001
0 0 0 0
0.015869 0.002197
1.939697 2.879395 0.680908
0.000978 -1 -0.000001
0 0 0 0
0.015869 0.030518
1.939697 2.879395 -0.680908
0.000978 -1 -0.000001
0 0 0 0
0.3479 0.030518
1.960938 2.879395 -0.680908
0.000978 -1 -0.000001
0 0 0 0
0.3479 0.002197
1.960938 2.879395 -0.680908
0.001382 0.001382 0.999998
0 0 0 0
0.015869 0.002197
1.939697 2.879395 -0.680908
0.001382 0.001382 0.999998
0 0 0 0
0.015869 0.030518
1.939697 1.082764 -0.680908
0.001382 0.001382 0.999998
0 0 0 0
0.454102 0.030518
1.960938 1.082764 -0.680908
0.001382 0.001382 0.999998
0 0 0 0
0.454102 0.002197
1.960938 1.082764 -0.680908
0.000978 1 -0.000001
0 0 0 0
0.015869 0.002197
1.939697 1.082764 -0.680908
0.000978 1 -0.000001
0 0 0 0
0.015869 0.030518
1.939697 1.082764 0.680908
0.000978 1 -0.000001
0 0 0 0
0.3479 0.030518
1.960938 1.082764 0.680908
0.000978 1 -0.000001
0 0 0 0
0.3479 0.002197
-1.974121 2.977051 -0.774902
0.000978 1 -0.000001
0 0 0 0
0.015869 0.030518
-1.947998 2.977051 -0.345459
0.000978 1 -0.000001
0 0 0 0
0.120361 0.002197
-1.947998 2.977051 -0.774902
0.000978 1 -0.000001
0 0 0 0
0.015869 0.002197
-1.974121 2.977051 -0.345459
0.000978 1 -0.000001
0 0 0 0
0.120361 0.030518
-1.974121 2.977051 -0.774902
0.001382 0.001382 -0.999998
0 0 0 0
0.123291 0.030518
-1.947998 2.977051 -0.774902
0.001382 0.001382 -0.999998
0 0 0 0
0.123291 0.002197
-1.947998 2.536133 -0.774902
0.001382 0.001382 -0.999998
0 0 0 0
0.015869 0.002197
-1.974121 2.536133 -0.774902
0.001382 0.001382 -0.999998
0 0 0 0
0.015869 0.030518
-1.947998 2.977051 -0.774902
1 0.000978 0.000001
0 0 0 0
0.286133 0.093994
-1.947998 2.977051 -0.345459
1 0.000978 0.000001
0 0 0 0
0.181396 0.093994
-1.947998 2.536133 -0.345459
1 0.000978 0.000001
0 0 0 0
0.181396 0.31665
-1.947998 2.536133 -0.774902
1 0.000978 0.000001
0 0 0 0
0.286133 0.31665
-1.974121 2.536133 -0.774902
0.000978 -1 -0.000001
0 0 0 0
0.120361 0.030518
-1.947998 2.536133 -0.774902
0.000978 -1 -0.000001
0 0 0 0
0.120361 0.002197
-1.947998 2.536133 -0.345459
0.000978 -1 -0.000001
0 0 0 0
0.015869 0.002197
-1.974121 2.536133 -0.345459
0.000978 -1 -0.000001
0 0 0 0
0.015869 0.030518
-1.947998 2.977051 -0.345459
-0.001382 0.001382 0.999998
0 0 0 0
0.015869 0.002197
-1.974121 2.977051 -0.345459
-0.001382 0.001382 0.999998
0 0 0 0
0.015869 0.030518
-1.974121 2.536133 -0.345459
-0.001382 0.001382 0.999998
0 0 0 0
0.123291 0.030518
-1.947998 2.536133 -0.345459
-0.001382 0.001382 0.999998
0 0 0 0
0.123291 0.002197
-1.974121 2.977051 -0.345459
-1 0.000978 -0.000001
0 0 0 0
0.286133 0.093994
-1.974121 2.977051 -0.774902
-1 0.000978 -0.000001
0 0 0 0
0.181396 0.093994
-1.974121 2.536133 -0.774902
-1 0.000978 -0.000001
0 0 0 0
0.181396 0.31665
-1.974121 2.536133 -0.345459
-1 0.000978 -0.000001
0 0 0 0
0.286133 0.31665
268
2 1 0
3 2 0
6 5 4
7 6 4
10 9 8
11 10 8
14 13 12
15 14 12
18 17 16
19 18 16
22 21 20
23 22 20
26 25 24
25 27 24
30 29 28
31 30 28
34 33 32
35 34 32
38 37 36
39 38 36
42 41 40
41 43 40
46 45 44
47 46 44
50 49 48
51 50 48
54 53 52
55 54 52
58 57 56
59 58 56
62 61 60
63 62 60
66 65 64
67 66 64
70 69 68
71 70 68
74 73 72
75 74 72
78 77 76
79 78 76
82 81 80
83 82 80
86 85 84
87 86 84
90 89 88
91 90 88
94 93 92
95 94 92
98 97 96
99 98 96
102 101 100
103 102 100
106 105 104
107 106 104
110 109 108
111 110 108
114 113 112
115 114 112
118 117 116
119 118 116
122 121 120
123 122 120
126 125 124
127 126 124
130 129 128
131 130 128
134 133 132
135 134 132
138 137 136
139 138 136
142 141 140
143 142 140
146 145 144
147 146 144
150 149 148
151 150 148
154 153 152
155 154 152
158 157 156
159 158 156
162 161 160
163 162 160
166 165 164
167 166 164
170 169 168
171 170 168
174 173 172
175 174 172
178 177 176
179 178 176
182 181 180
183 182 180
186 185 184
187 186 184
190 189 188
191 190 188
194 193 192
195 194 192
198 197 196
199 198 196
202 201 200
203 202 200
206 205 204
207 206 204
210 209 208
211 210 208
214 213 212
215 214 212
218 217 216
219 218 216
222 221 220
223 222 220
226 225 224
227 226 224
230 229 228
231 230 228
234 233 232
233 235 232
238 237 236
239 238 236
242 241 240
243 242 240
246 245 244
247 246 244
250 249 248
251 250 248
254 253 252
253 255 252
258 257 256
259 258 256
262 261 260
261 263 260
266 265 264
265 267 264
270 269 268
271 270 268
274 273 272
275 274 272
278 277 276
279 278 276
282 281 280
283 282 280
283 284 282
287 286 285
288 287 285
291 290 289
292 291 289
295 294 293
296 295 293
299 298 297
300 299 297
303 302 301
304 303 301
307 306 305
308 307 305
311 310 309
310 312 309
315 314 313
316 315 313
319 318 317
320 319 317
323 322 321
324 323 321
327 326 325
328 327 325
331 330 329
330 331 332
333 330 332
335 329 334
336 335 334
339 338 337
340 339 337
343 342 341
342 344 341
347 346 345
348 347 345
351 350 349
352 351 349
355 354 353
356 355 353
359 358 357
360 359 357
363 362 361
364 363 361
367 366 365
368 367 365
371 370 369
372 371 369
375 374 373
376 375 373
379 378 377
380 379 377
383 382 381
384 383 381
387 386 385
386 388 385
391 390 389
392 391 389
395 394 393
396 395 393
399 398 397
398 400 397
403 402 401
404 403 401
407 406 405
408 407 405
411 410 409
412 411 409
415 414 413
416 415 413
419 418 417
420 419 417
423 422 421
424 423 421
427 426 425
428 427 425
431 430 429
432 431 429
435 434 433
436 435 433
439 438 437
440 439 437
443 442 441
444 443 441
447 446 445
448 447 445
451 450 449
450 452 449
455 454 453
456 455 453
459 458 457
460 459 457
463 462 461
464 463 461
467 466 465
468 467 465
471 470 469
472 471 469
475 474 473
476 475 473
479 478 477
478 480 477
483 482 481
484 483 481
487 486 485
488 487 485
491 490 489
492 491 489
495 494 493
496 495 493
499 498 497
500 499 497
503 502 501
504 503 501
507 506 505
508 507 505
511 510 509
510 512 509
515 514 513
516 515 513
519 518 517
520 519 517
523 522 521
524 523 521
527 526 525
528 527 525
531 530 529
532 531 529
sm06_material\environment\global\prop\gbl_prop_scaffolding_lightbulb_01\np_gbl_prop_scaffolding_lightbulb_01.material
1
0
72
-1.46875 2.597656 -0.79541
0.00115 0.923391 -0.383858
0 0 0 0
0 0.003418
-0.434326 2.597656 -0.79541
0.00115 0.923391 -0.383858
0 0 0 0
1 0.003418
-0.434326 2.585205 -0.807861
0.001356 0.381062 -0.924549
0 0 0 0
1 0.12793
-1.46875 2.585205 -0.807861
0.001356 0.381062 -0.924549
0 0 0 0
0 0.12793
-0.434326 2.567383 -0.807861
0.001356 -0.383666 -0.923471
0 0 0 0
1 0.252197
-1.46875 2.567383 -0.807861
0.001356 -0.383666 -0.923471
0 0 0 0
0 0.252197
-0.434326 2.554932 -0.795166
0.001149 -0.924663 -0.380785
0 0 0 0
1 0.376465
-1.46875 2.554932 -0.795166
0.001149 -0.924663 -0.380785
0 0 0 0
0 0.376465
-0.434326 2.554932 -0.777588
0.00115 -0.923391 0.383858
0 0 0 0
1 0.500977
-1.46875 2.554932 -0.777588
0.00115 -0.923391 0.383858
0 0 0 0
0 0.500977
-0.434326 2.567383 -0.765137
0.001356 -0.381062 0.924549
0 0 0 0
1 0.625244
-1.46875 2.567383 -0.765137
0.001356 -0.381062 0.924549
0 0 0 0
0 0.625244
-0.434326 2.585205 -0.765137
0.001356 0.383666 0.923471
0 0 0 0
1 0.749512
-1.46875 2.585205 -0.765137
0.001356 0.383666 0.923471
0 0 0 0
0 0.749512
-0.434326 2.597656 -0.777588
0.001149 0.924663 0.380785
0 0 0 0
1 0.874023
-1.46875 2.597656 -0.777588
0.001149 0.924663 0.380785
0 0 0 0
0 0.874023
-0.434326 2.597656 -0.79541
0.00115 0.923391 -0.383858
0 0 0 0
1 0.998291
-1.46875 2.597656 -0.79541
0.00115 0.923391 -0.383858
0 0 0 0
0 0.998291
-1.46875 2.597656 -0.848877
0.001149 0.924663 0.380785
0 0 0 0
0 0.003418
-0.434326 2.585205 -0.836426
0.001356 0.383666 0.923471
0 0 0 0
1 0.12793
-0.434326 2.597656 -0.848877
0.001149 0.924663 0.380785
0 0 0 0
1 0.003418
-1.46875 2.585205 -0.836426
0.001356 0.383666 0.923471
0 0 0 0
0 0.12793
-0.434326 2.567383 -0.836426
0.001356 -0.381062 0.924549
0 0 0 0
1 0.252197
-1.46875 2.567383 -0.836426
0.001356 -0.381062 0.924549
0 0 0 0
0 0.252197
-0.434326 2.554932 -0.848877
0.00115 -0.923391 0.383858
0 0 0 0
1 0.376465
-1.46875 2.554932 -0.848877
0.00115 -0.923391 0.383858
0 0 0 0
0 0.376465
-0.434326 2.554932 -0.866699
0.001149 -0.924663 -0.380785
0 0 0 0
1 0.500977
-1.46875 2.554932 -0.866699
0.001149 -0.924663 -0.380785
0 0 0 0
0 0.500977
-0.434326 2.567383 -0.87915
0.001356 -0.383666 -0.923471
0 0 0 0
1 0.625244
-1.46875 2.567383 -0.87915
0.001356 -0.383666 -0.923471
0 0 0 0
0 0.625244
-0.434326 2.584961 -0.87915
0.001356 0.381062 -0.924549
0 0 0 0
1 0.749512
-1.46875 2.584961 -0.87915
0.001356 0.381062 -0.924549
0 0 0 0
0 0.749512
-0.434326 2.597656 -0.866699
0.00115 0.923391 -0.383858
0 0 0 0
1 0.874023
-1.46875 2.597656 -0.866699
0.00115 0.923391 -0.383858
0 0 0 0
0 0.874023
-0.434326 2.597656 -0.848877
0.001149 0.924663 0.380785
0 0 0 0
1 0.998291
-1.46875 2.597656 -0.848877
0.001149 0.924663 0.380785
0 0 0 0
0 0.998291
0.726074 2.597656 -0.79541
0.00115 0.923391 -0.383858
0 0 0 0
0 0.003418
-0.30835 2.585205 -0.807861
0.001356 0.381062 -0.924549
0 0 0 0
1 0.12793
-0.30835 2.597656 -0.79541
0.00115 0.923391 -0.383858
0 0 0 0
1 0.003418
0.726074 2.585205 -0.807861
0.001356 0.381062 -0.924549
0 0 0 0
0 0.12793
-0.30835 2.567383 -0.807861
0.001356 -0.383666 -0.923471
0 0 0 0
1 0.252197
0.726074 2.567383 -0.807861
0.001356 -0.383666 -0.923471
0 0 0 0
0 0.252197
0.726074 2.554932 -0.795166
0.001149 -0.924663 -0.380785
0 0 0 0
0 0.376465
-0.30835 2.554932 -0.795166
0.001149 -0.924663 -0.380785
0 0 0 0
1 0.376465
-0.30835 2.554932 -0.777588
0.00115 -0.923391 0.383858
0 0 0 0
1 0.500977
0.726074 2.554932 -0.777588
0.00115 -0.923391 0.383858
0 0 0 0
0 0.500977
-0.30835 2.567383 -0.765137
-0.001356 -0.381062 0.924549
0 0 0 0
1 0.625244
0.726074 2.567383 -0.765137
0.001356 -0.381062 0.924549
0 0 0 0
0 0.625244
-0.30835 2.585205 -0.765137
-0.001356 0.383666 0.923471
0 0 0 0
1 0.749512
0.726074 2.585205 -0.765137
0.001356 0.383666 0.923471
0 0 0 0
0 0.749512
-0.30835 2.597656 -0.777588
0.001149 0.924663 0.380785
0 0 0 0
1 0.874023
0.726074 2.597656 -0.777588
0.001149 0.924663 0.380785
0 0 0 0
0 0.874023
-0.30835 2.597656 -0.79541
0.00115 0.923391 -0.383858
0 0 0 0
1 0.998291
0.726074 2.597656 -0.79541
0.00115 0.923391 -0.383858
0 0 0 0
0 0.998291
0.726074 2.597656 -0.848877
0.001149 0.924663 0.380785
0 0 0 0
0 0.003418
-0.30835 2.597656 -0.848877
0.001149 0.924663 0.380785
0 0 0 0
1 0.003418
-0.30835 2.585205 -0.836426
-0.001356 0.383666 0.923471
0 0 0 0
1 0.12793
0.726074 2.585205 -0.836426
0.001356 0.383666 0.923471
0 0 0 0
0 0.12793
-0.30835 2.567383 -0.836426
-0.001356 -0.381062 0.924549
0 0 0 0
1 0.252197
0.726074 2.567383 -0.836426
0.001356 -0.381062 0.924549
0 0 0 0
0 0.252197
-0.30835 2.554932 -0.848877
0.00115 -0.923391 0.383858
0 0 0 0
1 0.376465
0.726074 2.554932 -0.848877
0.00115 -0.923391 0.383858
0 0 0 0
0 0.376465
-0.30835 2.554688 -0.866699
0.001149 -0.924663 -0.380785
0 0 0 0
1 0.500977
0.726074 2.554688 -0.866699
0.001149 -0.924663 -0.380785
0 0 0 0
0 0.500977
-0.30835 2.567383 -0.87915
0.001356 -0.383666 -0.923471
0 0 0 0
1 0.625244
0.726074 2.567383 -0.87915
0.001356 -0.383666 -0.923471
0 0 0 0
0 0.625244
-0.30835 2.584961 -0.87915
0.001356 0.381062 -0.924549
0 0 0 0
1 0.749512
0.726074 2.584961 -0.87915
0.001356 0.381062 -0.924549
0 0 0 0
0 0.749512
-0.30835 2.597656 -0.866699
0.00115 0.923391 -0.383858
0 0 0 0
1 0.874023
0.726074 2.597656 -0.866699
0.00115 0.923391 -0.383858
0 0 0 0
0 0.874023
-0.30835 2.597656 -0.848877
0.001149 0.924663 0.380785
0 0 0 0
1 0.998291
0.726074 2.597656 -0.848877
0.001149 0.924663 0.380785
0 0 0 0
0 0.998291
64
2 1 0
3 2 0
4 2 3
5 4 3
6 4 5
7 6 5
8 6 7
9 8 7
10 8 9
11 10 9
12 10 11
13 12 11
14 12 13
15 14 13
16 14 15
17 16 15
20 19 18
19 21 18
19 22 21
22 23 21
22 24 23
24 25 23
24 26 25
26 27 25
26 28 27
28 29 27
28 30 29
30 31 29
30 32 31
32 33 31
32 34 33
34 35 33
38 37 36
37 39 36
37 40 39
40 41 39
42 41 40
43 42 40
43 44 42
44 45 42
44 46 45
46 47 45
46 48 47
48 49 47
48 50 49
50 51 49
50 52 51
52 53 51
56 55 54
57 56 54
58 56 57
59 58 57
60 58 59
61 60 59
62 60 61
63 62 61
64 62 63
65 64 63
66 64 65
67 66 65
68 66 67
69 68 67
70 68 69
71 70 69
sm07_materials\cp_materials\glass\cp_glass_04.material
1
0
348
-1.719971 0.904541 -0.915283
0.001382 0.001382 -0.999998
0 0 0 0
0.096924 0.494385
0.889404 1.113037 -0.915283
0.001382 0.001382 -0.999998
0 0 0 0
0.056641 0.998047
0.889404 0.904541 -0.915283
0.001382 0.001382 -0.999998
0 0 0 0
0.096924 0.998047
-1.719971 1.113037 -0.915283
0.001382 0.001382 -0.999998
0 0 0 0
0.056641 0.494385
0.889404 0.904541 -0.906738
1 0.000978 -0.000001
0 0 0 0
0.255615 0.155273
0.889404 0.904541 -0.915283
1 0.000978 -0.000001
0 0 0 0
0.25708 0.155273
0.889404 1.113037 -0.915283
1 0.000978 -0.000001
0 0 0 0
0.25708 0.11499
0.889404 1.113037 -0.906738
1 0.000978 -0.000001
0 0 0 0
0.255615 0.11499
-1.719971 1.113037 -0.906738
0.000978 1 -0.000001
0 0 0 0
0.001953 0.494385
0.889404 1.113037 -0.906738
0.000978 1 -0.000001
0 0 0 0
0.001953 0.998047
0.889404 1.113037 -0.915283
0.000978 1 -0.000001
0 0 0 0
0.003662 0.998047
-1.719971 1.113037 -0.915283
0.000978 1 -0.000001
0 0 0 0
0.003662 0.494385
-1.719971 1.113037 -0.915283
-1 0.000978 -0.000001
0 0 0 0
0.263428 0.11499
-1.719971 0.904541 -0.915283
-1 0.000978 -0.000001
0 0 0 0
0.263428 0.155273
-1.719971 0.904541 -0.906738
-1 0.000978 -0.000001
0 0 0 0
0.264893 0.155273
-1.719971 1.113037 -0.906738
-1 0.000978 -0.000001
0 0 0 0
0.264893 0.11499
0.908203 1.547607 -0.863281
0.001281 -0.695775 0.718259
0 0 0 0
0.17749 0.072754
0.925293 1.547607 -0.863281
0.001281 -0.695775 0.718259
0 0 0 0
0.180908 0.072754
0.925293 1.566895 -0.844727
0.001281 -0.695775 0.718259
0 0 0 0
0.180908 0.069336
0.908203 1.566895 -0.844727
0.001281 -0.695775 0.718259
0 0 0 0
0.17749 0.069336
0.908203 1.566895 -0.844727
0.000978 -1 0.000001
0 0 0 0
0.17749 0.069336
0.925293 1.566895 -0.844727
0.000978 -1 0.000001
0 0 0 0
0.180908 0.069336
0.925293 1.566895 -0.576172
0.000978 -1 0.000001
0 0 0 0
0.180908 0.017334
0.908203 1.566895 -0.576172
0.000978 -1 0.000001
0 0 0 0
0.17749 0.017334
0.925293 1.224854 -0.863281
0.001382 0.001382 0.999998
0 0 0 0
0.141846 0.072754
0.925293 1.522461 -0.863281
0.001382 0.001382 0.999998
0 0 0 0
0.141846 0.015381
0.925293 1.547607 -0.863281
0.001382 0.001382 0.999998
0 0 0 0
0.141846 0.010498
0.908203 1.547607 -0.863281
0.001382 0.001382 0.999998
0 0 0 0
0.138672 0.010498
0.908203 1.224854 -0.863281
0.001382 0.001382 0.999998
0 0 0 0
0.138672 0.072754
0.908203 1.224854 -0.576172
1 -0.000977 -0.000001
0 0 0 0
0.216553 0.155273
0.908203 1.224854 -0.863281
1 -0.000977 -0.000001
0 0 0 0
0.138672 0.072754
0.908203 1.547607 -0.863281
1 -0.000977 -0.000001
0 0 0 0
0.17749 0.072754
0.908203 1.566895 -0.844727
1 -0.000977 -0.000001
0 0 0 0
0.17749 0.069336
0.908203 1.566895 -0.576172
1 -0.000977 -0.000001
0 0 0 0
0.748535 0.251221
0.175049 1.224854 -0.863281
1 -0.000977 -0.000001
0 0 0 0
0.872314 0.321289
0.175049 1.566895 -0.576172
1 -0.000977 -0.000001
0 0 0 0
0.816895 0.255127
0.175049 1.224854 -0.576172
1 -0.000977 -0.000001
0 0 0 0
0.816895 0.321289
0.175293 1.547607 -0.863281
1 -0.000977 -0.000001
0 0 0 0
0.872314 0.258789
0.175293 1.566895 -0.844727
1 -0.000977 -0.000001
0 0 0 0
0.868652 0.255127
0.192139 1.566895 -0.576172
-1 0.000978 0.000001
0 0 0 0
0.93457 0.22168
0.192139 1.566895 -0.844727
-1 0.000978 0.000001
0 0 0 0
0.882812 0.22168
0.192139 1.547607 -0.863281
-1 0.000978 0.000001
0 0 0 0
0.87915 0.225586
0.192139 1.224854 -0.863281
-1 0.000978 0.000001
0 0 0 0
0.87915 0.287842
0.192139 1.224854 -0.576172
-1 0.000978 0.000001
0 0 0 0
0.93457 0.287842
0.175293 1.547607 -0.863281
0.001281 -0.695775 0.718259
0 0 0 0
0.187256 0.155273
0.192139 1.547607 -0.863281
0.001281 -0.695775 0.718259
0 0 0 0
0.190674 0.155273
0.192139 1.566895 -0.844727
0.001281 -0.695775 0.718259
0 0 0 0
0.190674 0.151611
0.175293 1.566895 -0.844727
0.001281 -0.695775 0.718259
0 0 0 0
0.187256 0.151611
0.175293 1.566895 -0.844727
0.000978 -1 0.000001
0 0 0 0
0.187256 0.151611
0.192139 1.566895 -0.844727
0.000978 -1 0.000001
0 0 0 0
0.190674 0.151611
0.192139 1.566895 -0.576172
0.000978 -1 0.000001
0 0 0 0
0.190674 0.099854
0.175049 1.566895 -0.576172
0.000978 -1 0.000001
0 0 0 0
0.187256 0.099854
0.192139 1.224854 -0.863281
0.001382 0.001382 0.999998
0 0 0 0
0.151611 0.072754
0.192139 1.547607 -0.863281
0.001382 0.001382 0.999998
0 0 0 0
0.151611 0.010498
0.175293 1.547607 -0.863281
0.001382 0.001382 0.999998
0 0 0 0
0.148438 0.010498
0.175049 1.224854 -0.863281
0.001382 0.001382 0.999998
0 0 0 0
0.148438 0.072754
-0.557861 1.224854 -0.863281
1 -0.000977 -0.000001
0 0 0 0
0.998047 0.287842
-0.557861 1.566895 -0.576172
1 -0.000977 -0.000001
0 0 0 0
0.942627 0.22168
-0.557861 1.224854 -0.576172
1 -0.000977 -0.000001
0 0 0 0
0.942627 0.287842
-0.557861 1.547607 -0.863281
1 -0.000977 -0.000001
0 0 0 0
0.998047 0.225586
-0.557861 1.566895 -0.844727
1 -0.000977 -0.000001
0 0 0 0
0.994385 0.22168
-0.540771 1.566895 -0.576172
-1 0.000978 0.000001
0 0 0 0
0.936523 0.151855
-0.540771 1.566895 -0.844727
-1 0.000978 0.000001
0 0 0 0
0.884521 0.151855
-0.540771 1.547607 -0.863281
-1 0.000978 0.000001
0 0 0 0
0.881104 0.155518
-0.540771 1.224854 -0.863281
-1 0.000978 0.000001
0 0 0 0
0.881104 0.217773
-0.541016 1.224854 -0.576172
-1 0.000978 0.000001
0 0 0 0
0.936523 0.217773
-0.557861 1.547607 -0.863281
0.001281 -0.695775 0.718259
0 0 0 0
0.197021 0.155273
-0.540771 1.547607 -0.863281
0.001281 -0.695775 0.718259
0 0 0 0
0.200439 0.155273
-0.540771 1.566895 -0.844727
0.001281 -0.695775 0.718259
0 0 0 0
0.200439 0.151611
-0.557861 1.566895 -0.844727
0.001281 -0.695775 0.718259
0 0 0 0
0.197021 0.151611
-0.557861 1.566895 -0.844727
0.000978 -1 0.000001
0 0 0 0
0.197021 0.151611
-0.540771 1.566895 -0.844727
0.000978 -1 0.000001
0 0 0 0
0.200439 0.151611
-0.540771 1.566895 -0.576172
0.000978 -1 0.000001
0 0 0 0
0.200439 0.099854
-0.557861 1.566895 -0.576172
0.000978 -1 0.000001
0 0 0 0
0.197021 0.099854
-0.540771 1.224854 -0.863281
0.001382 0.001382 0.999998
0 0 0 0
0.161377 0.072754
-0.540771 1.547607 -0.863281
0.001382 0.001382 0.999998
0 0 0 0
0.161377 0.010498
-0.557861 1.547607 -0.863281
0.001382 0.001382 0.999998
0 0 0 0
0.158203 0.010498
-0.557861 1.224854 -0.863281
0.001382 0.001382 0.999998
0 0 0 0
0.158203 0.072754
-1.291016 1.224854 -0.863281
1 -0.000977 -0.000001
0 0 0 0
0.875 0.251221
-1.291016 1.566895 -0.576172
1 -0.000977 -0.000001
0 0 0 0
0.81958 0.185303
-1.291016 1.224854 -0.576172
1 -0.000977 -0.000001
0 0 0 0
0.81958 0.251221
-1.291016 1.547607 -0.863281
1 -0.000977 -0.000001
0 0 0 0
0.875 0.188965
-1.291016 1.566895 -0.844727
1 -0.000977 -0.000001
0 0 0 0
0.871338 0.185303
-1.273926 1.566895 -0.576172
-1 0.000978 0.000001
0 0 0 0
0.813232 0.185303
-1.273926 1.566895 -0.844727
-1 0.000978 0.000001
0 0 0 0
0.761475 0.185303
-1.273926 1.547607 -0.863281
-1 0.000978 0.000001
0 0 0 0
0.757812 0.188965
-1.273926 1.224854 -0.863281
-1 0.000978 0.000001
0 0 0 0
0.757812 0.251221
-1.273926 1.224854 -0.576172
-1 0.000978 0.000001
0 0 0 0
0.813232 0.251221
-1.291016 1.547607 -0.863281
0.001281 -0.695775 0.718259
0 0 0 0
0.206787 0.155273
-1.273926 1.547607 -0.863281
0.001281 -0.695775 0.718259
0 0 0 0
0.210205 0.155273
-1.273926 1.566895 -0.844727
0.001281 -0.695775 0.718259
0 0 0 0
0.210205 0.151611
-1.291016 1.566895 -0.844727
0.001281 -0.695775 0.718259
0 0 0 0
0.206787 0.151611
-1.291016 1.566895 -0.844727
0.000978 -1 0.000001
0 0 0 0
0.206787 0.151611
-1.273926 1.566895 -0.844727
0.000978 -1 0.000001
0 0 0 0
0.210205 0.151611
-1.273926 1.566895 -0.576172
0.000978 -1 0.000001
0 0 0 0
0.210205 0.099854
-1.291016 1.566895 -0.576172
0.000978 -1 0.000001
0 0 0 0
0.206787 0.099854
-1.273926 1.224854 -0.863281
0.001382 0.001382 0.999998
0 0 0 0
0.171143 0.072754
-1.273926 1.547607 -0.863281
0.001382 0.001382 0.999998
0 0 0 0
0.171143 0.010498
-1.291016 1.547607 -0.863281
0.001382 0.001382 0.999998
0 0 0 0
0.167969 0.010498
-1.291016 1.224854 -0.863281
0.001382 0.001382 0.999998
0 0 0 0
0.167969 0.072754
-1.273926 1.25293 -0.838867
0.001115 -0.953473 0.301476
0 0 0 0
0.39209 0.576904
0.908203 1.25293 -0.838867
0.001115 -0.953473 0.301476
0 0 0 0
0.39209 0.998047
0.908203 1.332764 -0.586182
0.001115 -0.953473 0.301476
0 0 0 0
0.440674 0.998047
-1.273926 1.332764 -0.586182
0.001115 -0.953473 0.301476
0 0 0 0
0.440674 0.576904
-1.273926 1.38623 -0.586182
0.001382 0.001382 0.999998
0 0 0 0
0.11377 0.576904
-1.273926 1.332764 -0.586182
0.001382 0.001382 0.999998
0 0 0 0
0.103516 0.576904
0.908203 1.332764 -0.586182
0.001382 0.001382 0.999998
0 0 0 0
0.103516 0.998047
0.908203 1.38623 -0.586182
0.001382 0.001382 0.999998
0 0 0 0
0.11377 0.998047
-1.273926 1.241699 -0.844727
0.001114 0.954502 -0.298204
0 0 0 0
0.243164 0.576904
-1.273926 1.325195 -0.576172
0.001114 0.954502 -0.298204
0 0 0 0
0.191162 0.576904
0.908203 1.325195 -0.576172
0.001114 0.954502 -0.298204
0 0 0 0
0.191162 0.998047
0.908203 1.241699 -0.844727
0.001114 0.954502 -0.298204
0 0 0 0
0.243164 0.998047
-1.273926 1.29248 -0.860596
0.001367 0.296591 0.955004
0 0 0 0
0.130859 0.576904
-1.273926 1.241699 -0.844727
0.001367 0.296591 0.955004
0 0 0 0
0.121094 0.576904
0.908203 1.241699 -0.844727
0.001367 0.296591 0.955004
0 0 0 0
0.121094 0.998047
0.908203 1.29248 -0.860596
0.001367 0.296591 0.955004
0 0 0 0
0.130859 0.998047
0.908203 1.38623 -0.576172
0.000978 -1 -0.000001
0 0 0 0
0.18335 0.998047
-1.273926 1.38623 -0.576172
0.000978 -1 -0.000001
0 0 0 0
0.18335 0.576904
-1.273926 1.38623 -0.586182
0.000978 -1 -0.000001
0 0 0 0
0.181396 0.576904
0.908203 1.38623 -0.586182
0.000978 -1 -0.000001
0 0 0 0
0.181396 0.998047
-1.273926 1.29248 -0.860596
0.001114 -0.954502 0.298204
0 0 0 0
0.138672 0.576904
0.908203 1.29248 -0.860596
0.001114 -0.954502 0.298204
0 0 0 0
0.138672 0.998047
0.908203 1.294678 -0.853027
0.001114 -0.954502 0.298204
0 0 0 0
0.140137 0.998047
-1.273926 1.294678 -0.853027
0.001114 -0.954502 0.298204
0 0 0 0
0.140137 0.576904
-1.273926 1.566895 -0.586182
0.001382 0.001382 0.999998
0 0 0 0
0.259766 0.576904
-1.273926 1.51416 -0.586182
0.001382 0.001382 0.999998
0 0 0 0
0.249756 0.576904
0.908203 1.51416 -0.586182
0.001382 0.001382 0.999998
0 0 0 0
0.249756 0.998047
0.908203 1.566895 -0.586182
0.001382 0.001382 0.999998
0 0 0 0
0.259766 0.998047
0.908203 1.51416 -0.586182
0.001121 -0.949261 0.314486
0 0 0 0
0.493652 0.998047
-1.273926 1.51416 -0.586182
0.001121 -0.949261 0.314486
0 0 0 0
0.493652 0.576904
-1.273926 1.436035 -0.820557
0.001121 -0.949261 0.314486
0 0 0 0
0.448486 0.576904
0.908203 1.436035 -0.820557
0.001121 -0.949261 0.314486
0 0 0 0
0.448486 0.998047
-1.273926 1.506592 -0.576172
0.001119 0.950329 -0.311245
0 0 0 0
0.302246 0.576904
0.908203 1.506592 -0.576172
0.001119 0.950329 -0.311245
0 0 0 0
0.302246 0.998047
0.908203 1.424805 -0.82666
0.001119 0.950329 -0.311245
0 0 0 0
0.350586 0.998047
-1.273926 1.424805 -0.82666
0.001119 0.950329 -0.311245
0 0 0 0
0.350586 0.576904
0.908203 1.475586 -0.842285
0.001367 0.296591 0.955004
0 0 0 0
0.384277 0.998047
-1.273926 1.475586 -0.842285
0.001367 0.296591 0.955004
0 0 0 0
0.384277 0.576904
-1.273926 1.424805 -0.82666
0.001367 0.296591 0.955004
0 0 0 0
0.374512 0.576904
0.908203 1.424805 -0.82666
0.001367 0.296591 0.955004
0 0 0 0
0.374512 0.998047
0.908203 1.566895 -0.576172
0.000978 -1 0.000001
0 0 0 0
0.358887 0.998047
-1.273926 1.566895 -0.576172
0.000978 -1 0.000001
0 0 0 0
0.358887 0.576904
-1.273926 1.566895 -0.586182
0.000978 -1 -0.000001
0 0 0 0
0.356934 0.576904
0.908203 1.566895 -0.586182
0.000978 -1 -0.000001
0 0 0 0
0.356934 0.998047
-1.273926 1.475586 -0.842285
0.001114 -0.954502 0.298204
0 0 0 0
0.366699 0.576904
0.908203 1.475586 -0.842285
0.001114 -0.954502 0.298204
0 0 0 0
0.366699 0.998047
0.908203 1.477783 -0.834961
0.001114 -0.954502 0.298204
0 0 0 0
0.368164 0.998047
-1.273926 1.477783 -0.834961
0.001114 -0.954502 0.298204
0 0 0 0
0.368164 0.576904
-1.968994 2.177734 -0.39209
0.000978 -1 -0.000001
0 0 0 0
0.707275 0.186035
-1.97168 2.177734 -0.72998
0.000978 -1 -0.000001
0 0 0 0
0.706787 0.251221
-1.968994 2.177734 -0.72998
0.000978 -1 -0.000001
0 0 0 0
0.707275 0.251221
-1.97168 2.177734 -0.39209
0.000978 -1 -0.000001
0 0 0 0
0.706787 0.186035
-1.968994 2.177734 -0.72998
0.001382 0.001382 -0.999998
0 0 0 0
0.709717 0.049316
-1.97168 2.177734 -0.72998
0.001382 0.001382 -0.999998
0 0 0 0
0.709229 0.049316
-1.97168 2.322998 -0.72998
0.001382 0.001382 -0.999998
0 0 0 0
0.709229 0.077393
-1.968994 2.322998 -0.72998
0.001382 0.001382 -0.999998
0 0 0 0
0.709717 0.077393
-1.968994 2.322998 -0.39209
0.000978 1 0.000001
0 0 0 0
0.714111 0.251221
-1.968994 2.322998 -0.72998
0.000978 1 0.000001
0 0 0 0
0.714111 0.186035
-1.97168 2.322998 -0.72998
0.000978 1 0.000001
0 0 0 0
0.713623 0.186035
-1.97168 2.322998 -0.39209
0.000978 1 0.000001
0 0 0 0
0.713623 0.251221
-1.97168 2.322998 -0.72998
-1 0.000978 -0.000001
0 0 0 0
0.571533 0.111084
-1.97168 2.177734 -0.72998
-1 0.000978 -0.000001
0 0 0 0
0.543457 0.111084
-1.97168 2.177734 -0.39209
-1 0.000978 -0.000001
0 0 0 0
0.543457 0.17627
-1.97168 2.322998 -0.39209
-1 0.000978 -0.000001
0 0 0 0
0.571533 0.17627
-1.97168 2.177734 -0.39209
0.001382 0.001382 0.999998
0 0 0 0
0.682617 0.061768
-1.968994 2.177734 -0.39209
0.001382 0.001382 0.999998
0 0 0 0
0.683105 0.061768
-1.968994 2.322998 -0.39209
0.001382 0.001382 0.999998
0 0 0 0
0.683105 0.033691
-1.97168 2.322998 -0.39209
0.001382 0.001382 0.999998
0 0 0 0
0.682617 0.033691
-1.968994 1.746826 -0.39209
0.000978 -1 -0.000001
0 0 0 0
0.694092 0.186035
-1.97168 1.746826 -0.72998
0.000978 -1 -0.000001
0 0 0 0
0.693604 0.251221
-1.968994 1.746826 -0.72998
0.000978 -1 -0.000001
0 0 0 0
0.694092 0.251221
-1.97168 1.746826 -0.39209
0.000978 -1 -0.000001
0 0 0 0
0.693604 0.186035
-1.968994 1.746826 -0.72998
0.001382 0.001382 -0.999998
0 0 0 0
0.703125 0.049316
-1.97168 1.746826 -0.72998
0.001382 0.001382 -0.999998
0 0 0 0
0.702637 0.049316
-1.97168 1.892334 -0.72998
0.001382 0.001382 -0.999998
0 0 0 0
0.702637 0.077393
-1.968994 1.892334 -0.72998
0.001382 0.001382 -0.999998
0 0 0 0
0.703125 0.077393
-1.968994 1.892334 -0.39209
0.000978 1 0.000001
0 0 0 0
0.700684 0.251221
-1.968994 1.892334 -0.72998
0.000978 1 0.000001
0 0 0 0
0.700684 0.186035
-1.97168 1.892334 -0.72998
0.000978 1 0.000001
0 0 0 0
0.700195 0.186035
-1.97168 1.892334 -0.39209
0.000978 1 0.000001
0 0 0 0
0.700195 0.251221
-1.97168 1.892334 -0.72998
-1 0.000978 -0.000001
0 0 0 0
0.503174 0.111084
-1.97168 1.746826 -0.72998
-1 0.000978 -0.000001
0 0 0 0
0.475098 0.111084
-1.97168 1.746826 -0.39209
-1 0.000978 -0.000001
0 0 0 0
0.475098 0.17627
-1.97168 1.892334 -0.39209
-1 0.000978 -0.000001
0 0 0 0
0.503174 0.17627
-1.97168 1.746826 -0.39209
0.001382 0.001382 0.999998
0 0 0 0
0.676025 0.061768
-1.968994 1.746826 -0.39209
0.001382 0.001382 0.999998
0 0 0 0
0.676514 0.061768
-1.968994 1.892334 -0.39209
0.001382 0.001382 0.999998
0 0 0 0
0.676514 0.033691
-1.97168 1.892334 -0.39209
0.001382 0.001382 0.999998
0 0 0 0
0.676025 0.033691
-1.968994 1.400635 -0.39209
0.000978 -1 -0.000001
0 0 0 0
0.680664 0.117432
-1.97168 1.400635 -0.72998
0.000978 -1 -0.000001
0 0 0 0
0.680176 0.182617
-1.968994 1.400635 -0.72998
0.000978 -1 -0.000001
0 0 0 0
0.680664 0.182617
-1.97168 1.400635 -0.39209
0.000978 -1 -0.000001
0 0 0 0
0.680176 0.117432
-1.968994 1.400635 -0.72998
0.001382 0.001382 -0.999998
0 0 0 0
0.669922 0.033691
-1.97168 1.400635 -0.72998
0.001382 0.001382 -0.999998
0 0 0 0
0.669434 0.033691
-1.97168 1.545898 -0.72998
0.001382 0.001382 -0.999998
0 0 0 0
0.669434 0.061768
-1.968994 1.545898 -0.72998
0.001382 0.001382 -0.999998
0 0 0 0
0.669922 0.061768
-1.968994 1.545898 -0.39209
0.000978 1 0.000001
0 0 0 0
0.6875 0.182617
-1.968994 1.545898 -0.72998
0.000978 1 0.000001
0 0 0 0
0.6875 0.117432
-1.97168 1.545898 -0.72998
0.000978 1 0.000001
0 0 0 0
0.687012 0.117432
-1.97168 1.545898 -0.39209
0.000978 1 0.000001
0 0 0 0
0.687012 0.182617
-1.97168 1.545898 -0.72998
-1 0.000978 -0.000001
0 0 0 0
0.434814 0.111328
-1.97168 1.400635 -0.72998
-1 0.000978 -0.000001
0 0 0 0
0.406738 0.111328
-1.97168 1.400635 -0.39209
-1 0.000978 -0.000001
0 0 0 0
0.406738 0.176514
-1.97168 1.545898 -0.39209
-1 0.000978 -0.000001
0 0 0 0
0.434814 0.176514
-1.97168 1.400635 -0.39209
0.001382 0.001382 0.999998
0 0 0 0
0.662598 0.061768
-1.968994 1.400635 -0.39209
0.001382 0.001382 0.999998
0 0 0 0
0.66333 0.061768
-1.968994 1.545898 -0.39209
0.001382 0.001382 0.999998
0 0 0 0
0.66333 0.033691
-1.97168 1.545898 -0.39209
0.001382 0.001382 0.999998
0 0 0 0
0.662598 0.033691
-1.968994 1.054199 -0.39209
0.000978 -1 -0.000001
0 0 0 0
0.66748 0.101807
-1.97168 1.054199 -0.72998
0.000978 -1 -0.000001
0 0 0 0
0.666992 0.166992
-1.968994 1.054199 -0.72998
0.000978 -1 -0.000001
0 0 0 0
0.66748 0.166992
-1.97168 1.054199 -0.39209
0.000978 -1 -0.000001
0 0 0 0
0.666992 0.101807
-1.968994 1.054199 -0.72998
0.001382 0.001382 -0.999998
0 0 0 0
0.590088 0.033691
-1.97168 1.054199 -0.72998
0.001382 0.001382 -0.999998
0 0 0 0
0.5896 0.033691
-1.97168 1.199463 -0.72998
0.001382 0.001382 -0.999998
0 0 0 0
0.5896 0.061768
-1.968994 1.199463 -0.72998
0.001382 0.001382 -0.999998
0 0 0 0
0.590088 0.061768
-1.968994 1.199463 -0.39209
0.000978 1 0.000001
0 0 0 0
0.674072 0.182617
-1.968994 1.199463 -0.72998
0.000978 1 0.000001
0 0 0 0
0.674072 0.117432
-1.97168 1.199463 -0.72998
0.000978 1 0.000001
0 0 0 0
0.673584 0.117432
-1.97168 1.199463 -0.39209
0.000978 1 0.000001
0 0 0 0
0.673584 0.182617
-1.97168 1.199463 -0.72998
-1 0.000978 -0.000001
0 0 0 0
0.366455 0.111328
-1.97168 1.054199 -0.72998
-1 0.000978 -0.000001
0 0 0 0
0.338379 0.111328
-1.97168 1.054199 -0.39209
-1 0.000978 -0.000001
0 0 0 0
0.338379 0.176514
-1.97168 1.199463 -0.39209
-1 0.000978 -0.000001
0 0 0 0
0.366455 0.176514
-1.97168 1.054199 -0.39209
0.001382 0.001382 0.999998
0 0 0 0
0.582764 0.061768
-1.968994 1.054199 -0.39209
0.001382 0.001382 0.999998
0 0 0 0
0.583252 0.061768
-1.968994 1.199463 -0.39209
0.001382 0.001382 0.999998
0 0 0 0
0.583252 0.033691
-1.97168 1.199463 -0.39209
0.001382 0.001382 0.999998
0 0 0 0
0.582764 0.033691
-1.968994 0.668457 -0.39209
0.000978 -1 -0.000001
0 0 0 0
0.654053 0.101807
-1.97168 0.668457 -0.72998
0.000978 -1 -0.000001
0 0 0 0
0.653564 0.166992
-1.968994 0.668457 -0.72998
0.000978 -1 -0.000001
0 0 0 0
0.654053 0.166992
-1.97168 0.668457 -0.39209
0.000978 -1 -0.000001
0 0 0 0
0.653564 0.101807
-1.968994 0.668457 -0.72998
0.001382 0.001382 -0.999998
0 0 0 0
0.271729 0.119629
-1.97168 0.668457 -0.72998
0.001382 0.001382 -0.999998
0 0 0 0
0.27124 0.119629
-1.97168 0.853027 -0.72998
0.001382 0.001382 -0.999998
0 0 0 0
0.27124 0.155273
-1.968994 0.853027 -0.72998
0.001382 0.001382 -0.999998
0 0 0 0
0.271729 0.155273
-1.968994 0.853027 -0.39209
0.000978 1 0.000001
0 0 0 0
0.660889 0.166992
-1.968994 0.853027 -0.72998
0.000978 1 0.000001
0 0 0 0
0.660889 0.101807
-1.97168 0.853027 -0.72998
0.000978 1 0.000001
0 0 0 0
0.6604 0.101807
-1.97168 0.853027 -0.39209
0.000978 1 0.000001
0 0 0 0
0.6604 0.166992
-1.97168 0.853027 -0.72998
-1 0.000978 -0.000001
0 0 0 0
0.647461 0.101807
-1.97168 0.668457 -0.72998
-1 0.000978 -0.000001
0 0 0 0
0.611816 0.101807
-1.97168 0.668457 -0.39209
-1 0.000978 -0.000001
0 0 0 0
0.611816 0.166992
-1.97168 0.853027 -0.39209
-1 0.000978 -0.000001
0 0 0 0
0.647461 0.166992
-1.97168 0.668457 -0.39209
0.001382 0.001382 0.999998
0 0 0 0
0.286621 0.155273
-1.968994 0.668457 -0.39209
0.001382 0.001382 0.999998
0 0 0 0
0.287354 0.155273
-1.968994 0.853027 -0.39209
0.001382 0.001382 0.999998
0 0 0 0
0.287354 0.119629
-1.97168 0.853027 -0.39209
0.001382 0.001382 0.999998
0 0 0 0
0.286621 0.119629
-1.98291 2.177734 0.729248
0.000978 -1 -0.000001
0 0 0 0
0.268799 0.392578
-1.985596 2.177734 -0.205078
0.000978 -1 -0.000001
0 0 0 0
0.268311 0.572998
-1.98291 2.177734 -0.205078
0.000978 -1 -0.000001
0 0 0 0
0.268799 0.572998
-1.985596 2.177734 0.729248
0.000978 -1 -0.000001
0 0 0 0
0.268311 0.392578
-1.98291 2.177734 -0.205078
0.001382 0.001382 -0.999998
0 0 0 0
0.656494 0.033691
-1.985596 2.177734 -0.205078
0.001382 0.001382 -0.999998
0 0 0 0
0.656006 0.033691
-1.985596 2.322998 -0.205078
0.001382 0.001382 -0.999998
0 0 0 0
0.656006 0.061768
-1.98291 2.322998 -0.205078
0.001382 0.001382 -0.999998
0 0 0 0
0.656494 0.061768
-1.98291 2.322998 0.729248
0.000978 1 -0.000001
0 0 0 0
0.275391 0.572998
-1.98291 2.322998 -0.205078
0.000978 1 -0.000001
0 0 0 0
0.275391 0.392578
-1.985596 2.322998 -0.205078
0.000978 1 -0.000001
0 0 0 0
0.274902 0.392578
-1.985596 2.322998 0.729248
0.000978 1 -0.000001
0 0 0 0
0.274902 0.572998
-1.985596 2.177734 -0.205078
-1 0.000978 -0.000001
0 0 0 0
0.070557 0.310059
-1.985596 2.177734 0.729248
-1 0.000978 -0.000001
0 0 0 0
0.070557 0.490479
-1.985596 2.322998 0.729248
-1 0.000978 -0.000001
0 0 0 0
0.098633 0.490479
-1.985596 2.322998 -0.205078
-1 0.000978 -0.000001
0 0 0 0
0.098633 0.310059
-1.985596 2.177734 0.729248
0.001382 0.001382 0.999998
0 0 0 0
0.649414 0.061768
-1.98291 2.177734 0.729248
0.001382 0.001382 0.999998
0 0 0 0
0.649902 0.061768
-1.98291 2.322998 0.729248
0.001382 0.001382 0.999998
0 0 0 0
0.649902 0.033691
-1.985596 2.322998 0.729248
0.001382 0.001382 0.999998
0 0 0 0
0.649414 0.033691
-1.98291 1.746826 0.729248
0.000978 -1 -0.000001
0 0 0 0
0.255371 0.392578
-1.985596 1.746826 -0.205078
0.000978 -1 -0.000001
0 0 0 0
0.254883 0.572998
-1.98291 1.746826 -0.205078
0.000978 -1 -0.000001
0 0 0 0
0.255371 0.572998
-1.985596 1.746826 0.729248
0.000978 -1 -0.000001
0 0 0 0
0.254883 0.392578
-1.98291 1.746826 -0.205078
0.001382 0.001382 -0.999998
0 0 0 0
0.629883 0.033691
-1.985596 1.746826 -0.205078
0.001382 0.001382 -0.999998
0 0 0 0
0.629395 0.033691
-1.985596 1.892334 -0.205078
0.001382 0.001382 -0.999998
0 0 0 0
0.629395 0.061768
-1.98291 1.892334 -0.205078
0.001382 0.001382 -0.999998
0 0 0 0
0.629883 0.061768
-1.98291 1.892334 0.729248
0.000978 1 -0.000001
0 0 0 0
0.262207 0.572998
-1.98291 1.892334 -0.205078
0.000978 1 -0.000001
0 0 0 0
0.262207 0.392578
-1.985596 1.892334 -0.205078
0.000978 1 -0.000001
0 0 0 0
0.261719 0.392578
-1.985596 1.892334 0.729248
0.000978 1 -0.000001
0 0 0 0
0.261719 0.572998
-1.985596 1.746826 -0.205078
-1 0.000978 -0.000001
0 0 0 0
0.349854 0.392578
-1.985596 1.746826 0.729248
-1 0.000978 -0.000001
0 0 0 0
0.349854 0.572998
-1.985596 1.892334 0.729248
-1 0.000978 -0.000001
0 0 0 0
0.37793 0.572998
-1.985596 1.892334 -0.205078
-1 0.000978 -0.000001
0 0 0 0
0.37793 0.392578
-1.985596 1.746826 0.729248
0.001382 0.001382 0.999998
0 0 0 0
0.622803 0.061768
-1.98291 1.746826 0.729248
0.001382 0.001382 0.999998
0 0 0 0
0.623291 0.061768
-1.98291 1.892334 0.729248
0.001382 0.001382 0.999998
0 0 0 0
0.623291 0.033691
-1.985596 1.892334 0.729248
0.001382 0.001382 0.999998
0 0 0 0
0.622803 0.033691
-1.98291 1.400635 0.729248
0.000978 -1 -0.000001
0 0 0 0
0.242188 0.392578
-1.985596 1.400635 -0.205078
0.000978 -1 -0.000001
0 0 0 0
0.241699 0.572998
-1.98291 1.400635 -0.205078
0.000978 -1 -0.000001
0 0 0 0
0.242188 0.572998
-1.985596 1.400635 0.729248
0.000978 -1 -0.000001
0 0 0 0
0.241699 0.392578
-1.98291 1.400635 -0.205078
0.001382 0.001382 -0.999998
0 0 0 0
0.603271 0.033691
-1.985596 1.400635 -0.205078
0.001382 0.001382 -0.999998
0 0 0 0
0.602783 0.033691
-1.985596 1.545898 -0.205078
0.001382 0.001382 -0.999998
0 0 0 0
0.602783 0.061768
-1.98291 1.545898 -0.205078
0.001382 0.001382 -0.999998
0 0 0 0
0.603271 0.061768
-1.98291 1.545898 0.729248
0.000978 1 -0.000001
0 0 0 0
0.248779 0.572998
-1.98291 1.545898 -0.205078
0.000978 1 -0.000001
0 0 0 0
0.248779 0.392578
-1.985596 1.545898 -0.205078
0.000978 1 -0.000001
0 0 0 0
0.248291 0.392578
-1.985596 1.545898 0.729248
0.000978 1 -0.000001
0 0 0 0
0.248291 0.572998
-1.985596 1.400635 -0.205078
-1 0.000978 -0.000001
0 0 0 0
0.20752 0.392578
-1.985596 1.400635 0.729248
-1 0.000978 -0.000001
0 0 0 0
0.20752 0.572998
-1.985596 1.545898 0.729248
-1 0.000978 -0.000001
0 0 0 0
0.235596 0.572998
-1.985596 1.545898 -0.205078
-1 0.000978 -0.000001
0 0 0 0
0.235596 0.392578
-1.985596 1.400635 0.729248
0.001382 0.001382 0.999998
0 0 0 0
0.596191 0.061768
-1.98291 1.400635 0.729248
0.001382 0.001382 0.999998
0 0 0 0
0.59668 0.061768
-1.98291 1.545898 0.729248
0.001382 0.001382 0.999998
0 0 0 0
0.59668 0.033691
-1.985596 1.545898 0.729248
0.001382 0.001382 0.999998
0 0 0 0
0.596191 0.033691
-1.98291 1.054199 0.729248
0.000978 -1 -0.000001
0 0 0 0
0.19458 0.392578
-1.985596 1.054199 -0.205078
0.000978 -1 -0.000001
0 0 0 0
0.194092 0.572998
-1.98291 1.054199 -0.205078
0.000978 -1 -0.000001
0 0 0 0
0.19458 0.572998
-1.985596 1.054199 0.729248
0.000978 -1 -0.000001
0 0 0 0
0.194092 0.392578
-1.98291 1.054199 -0.205078
0.001382 0.001382 -0.999998
0 0 0 0
0.563477 0.042969
-1.985596 1.054199 -0.205078
0.001382 0.001382 -0.999998
0 0 0 0
0.562988 0.042969
-1.985596 1.199463 -0.205078
0.001382 0.001382 -0.999998
0 0 0 0
0.562988 0.071045
-1.98291 1.199463 -0.205078
0.001382 0.001382 -0.999998
0 0 0 0
0.563477 0.071045
-1.98291 1.199463 0.729248
0.000978 1 -0.000001
0 0 0 0
0.201416 0.572998
-1.98291 1.199463 -0.205078
0.000978 1 -0.000001
0 0 0 0
0.201416 0.392578
-1.985596 1.199463 -0.205078
0.000978 1 -0.000001
0 0 0 0
0.200684 0.392578
-1.985596 1.199463 0.729248
0.000978 1 -0.000001
0 0 0 0
0.200684 0.572998
-1.985596 1.054199 -0.205078
-1 0.000978 -0.000001
0 0 0 0
0.159912 0.392578
-1.985596 1.054199 0.729248
-1 0.000978 -0.000001
0 0 0 0
0.159912 0.572998
-1.985596 1.199463 0.729248
-1 0.000978 -0.000001
0 0 0 0
0.187988 0.572998
-1.985596 1.199463 -0.205078
-1 0.000978 -0.000001
0 0 0 0
0.187988 0.392578
-1.985596 1.054199 0.729248
0.001382 0.001382 0.999998
0 0 0 0
0.556152 0.071045
-1.98291 1.054199 0.729248
0.001382 0.001382 0.999998
0 0 0 0
0.556641 0.071045
-1.98291 1.199463 0.729248
0.001382 0.001382 0.999998
0 0 0 0
0.556641 0.042969
-1.985596 1.199463 0.729248
0.001382 0.001382 0.999998
0 0 0 0
0.556152 0.042969
-1.98291 0.668457 0.729248
0.000978 -1 -0.000001
0 0 0 0
0.147217 0.392578
-1.985596 0.668457 -0.205078
0.000978 -1 -0.000001
0 0 0 0
0.146729 0.572998
-1.98291 0.668457 -0.205078
0.000978 -1 -0.000001
0 0 0 0
0.147217 0.572998
-1.985596 0.668457 0.729248
0.000978 -1 -0.000001
0 0 0 0
0.146729 0.392578
-1.98291 0.668457 -0.205078
0.001382 0.001382 -0.999998
0 0 0 0
0.302734 0.071777
-1.985596 0.668457 -0.205078
0.001382 0.001382 -0.999998
0 0 0 0
0.302246 0.071777
-1.985596 0.853027 -0.205078
0.001382 0.001382 -0.999998
0 0 0 0
0.302246 0.107422
-1.98291 0.853027 -0.205078
0.001382 0.001382 -0.999998
0 0 0 0
0.302734 0.107422
-1.98291 0.853027 0.729248
0.000978 1 -0.000001
0 0 0 0
0.153809 0.572998
-1.98291 0.853027 -0.205078
0.000978 1 -0.000001
0 0 0 0
0.153809 0.392578
-1.985596 0.853027 -0.205078
0.000978 1 -0.000001
0 0 0 0
0.15332 0.392578
-1.985596 0.853027 0.729248
0.000978 1 -0.000001
0 0 0 0
0.15332 0.572998
-1.985596 0.668457 -0.205078
-1 0.000978 -0.000001
0 0 0 0
0.104736 0.392578
-1.985596 0.668457 0.729248
-1 0.000978 -0.000001
0 0 0 0
0.104736 0.572998
-1.985596 0.853027 0.729248
-1 0.000978 -0.000001
0 0 0 0
0.140381 0.572998
-1.985596 0.853027 -0.205078
-1 0.000978 -0.000001
0 0 0 0
0.140381 0.392578
-1.985596 0.668457 0.729248
0.001382 0.001382 0.999998
0 0 0 0
0.310059 0.107422
-1.98291 0.668457 0.729248
0.001382 0.001382 0.999998
0 0 0 0
0.310547 0.107422
-1.98291 0.853027 0.729248
0.001382 0.001382 0.999998
0 0 0 0
0.310547 0.071777
-1.985596 0.853027 0.729248
0.001382 0.001382 0.999998
0 0 0 0
0.310059 0.071777
178
2 1 0
1 3 0
6 5 4
7 6 4
10 9 8
11 10 8
14 13 12
15 14 12
18 17 16
19 18 16
22 21 20
23 22 20
26 25 24
27 26 24
28 27 24
31 30 29
32 31 29
33 32 29
36 35 34
34 35 37
35 38 37
41 40 39
42 41 39
43 42 39
46 45 44
47 46 44
50 49 48
51 50 48
54 53 52
55 54 52
58 57 56
56 57 59
57 60 59
63 62 61
64 63 61
65 64 61
68 67 66
69 68 66
72 71 70
73 72 70
76 75 74
77 76 74
80 79 78
78 79 81
79 82 81
85 84 83
86 85 83
87 86 83
90 89 88
91 90 88
94 93 92
95 94 92
98 97 96
99 98 96
102 101 100
103 102 100
106 105 104
107 106 104
110 109 108
111 110 108
114 113 112
115 114 112
118 117 116
119 118 116
122 121 120
123 122 120
126 125 124
127 126 124
130 129 128
131 130 128
134 133 132
135 134 132
138 137 136
139 138 136
142 141 140
143 142 140
146 145 144
147 146 144
150 149 148
149 151 148
154 153 152
155 154 152
158 157 156
159 158 156
162 161 160
163 162 160
166 165 164
167 166 164
170 169 168
169 171 168
174 173 172
175 174 172
178 177 176
179 178 176
182 181 180
183 182 180
186 185 184
187 186 184
190 189 188
189 191 188
194 193 192
195 194 192
198 197 196
199 198 196
202 201 200
203 202 200
206 205 204
207 206 204
210 209 208
209 211 208
214 213 212
215 214 212
218 217 216
219 218 216
222 221 220
223 222 220
226 225 224
227 226 224
230 229 228
229 231 228
234 233 232
235 234 232
238 237 236
239 238 236
242 241 240
243 242 240
246 245 244
247 246 244
250 249 248
249 251 248
254 253 252
255 254 252
258 257 256
259 258 256
262 261 260
263 262 260
266 265 264
267 266 264
270 269 268
269 271 268
274 273 272
275 274 272
278 277 276
279 278 276
282 281 280
283 282 280
286 285 284
287 286 284
290 289 288
289 291 288
294 293 292
295 294 292
298 297 296
299 298 296
302 301 300
303 302 300
306 305 304
307 306 304
310 309 308
309 311 308
314 313 312
315 314 312
318 317 316
319 318 316
322 321 320
323 322 320
326 325 324
327 326 324
330 329 328
329 331 328
334 333 332
335 334 332
338 337 336
339 338 336
342 341 340
343 342 340
346 345 344
347 346 344
sm08_environment\outsourcing\glassegg\manmade\os_restauranttable_01\gh_glass_02_dirty_opaque.material
1
0
360
1.692139 3.290039 -2.031006
0.001007 -0.998102 -0.061582
0 0 0 0
0.11084 0.513428
2.298096 3.213379 -0.799072
0.001007 -0.998102 -0.061582
0 0 0 0
0.229248 0.754395
1.692139 3.213379 -0.799072
0.001007 -0.998102 -0.061582
0 0 0 0
0.11084 0.754395
2.298096 3.290039 -2.031006
0.001007 -0.998102 -0.061582
0 0 0 0
0.229248 0.513428
1.692139 3.24292 -0.797363
-1 0.000978 -0.000001
0 0 0 0
0.306885 0.513428
1.692139 3.290039 -2.031006
-1 0.000978 -0.000001
0 0 0 0
0.315918 0.75415
1.692139 3.213379 -0.799072
-1 0.000978 -0.000001
0 0 0 0
0.301025 0.513672
1.692139 3.319336 -2.029053
-1 0.000978 -0.000001
0 0 0 0
0.321777 0.753906
1.692139 3.24292 -0.797363
0.001382 -0.062179 0.998064
0 0 0 0
0.934814 0.037109
1.692139 3.213379 -0.799072
0.001382 -0.062179 0.998064
0 0 0 0
0.94043 0.037109
2.298096 3.213379 -0.799072
0.001382 -0.062179 0.998064
0 0 0 0
0.94043 0.155518
2.298096 3.24292 -0.797363
0.001382 -0.062179 0.998064
0 0 0 0
0.934814 0.155518
1.692139 3.319336 -2.029053
0.001007 0.998102 0.061582
0 0 0 0
0.017822 0.754395
1.692139 3.24292 -0.797363
0.001007 0.998102 0.061582
0 0 0 0
0.017822 0.513428
2.298096 3.24292 -0.797363
0.001007 0.998102 0.061582
0 0 0 0
0.136475 0.513428
2.298096 3.319336 -2.029053
0.001007 0.998102 0.061582
0 0 0 0
0.136475 0.754395
2.298096 3.24292 -0.797363
1 0.000978 -0.000001
0 0 0 0
0.412109 0.75415
2.298096 3.213379 -0.799072
1 0.000978 -0.000001
0 0 0 0
0.406494 0.753906
2.298096 3.290039 -2.031006
1 0.000978 -0.000001
0 0 0 0
0.421387 0.513428
2.298096 3.319336 -2.029053
1 0.000978 -0.000001
0 0 0 0
0.427246 0.513672
2.298096 3.319336 -2.029053
0.001382 0.062179 -0.998064
0 0 0 0
0.973877 0.155518
2.298096 3.290039 -2.031006
0.001382 0.062179 -0.998064
0 0 0 0
0.968018 0.155518
1.692139 3.290039 -2.031006
0.001382 0.062179 -0.998064
0 0 0 0
0.968018 0.037109
1.692139 3.319336 -2.029053
0.001382 0.062179 -0.998064
0 0 0 0
0.973877 0.037109
0.571533 3.290039 -2.031006
0.001007 -0.998102 -0.061582
0 0 0 0
0.000732 0.33252
1.669922 3.213379 -0.799072
0.001007 -0.998102 -0.061582
0 0 0 0
0.215576 0.573486
0.571533 3.213379 -0.799072
0.001007 -0.998102 -0.061582
0 0 0 0
0.000732 0.573486
1.669922 3.290039 -2.031006
0.001007 -0.998102 -0.061582
0 0 0 0
0.215576 0.33252
0.571533 3.24292 -0.797363
-1 0.000978 -0.000001
0 0 0 0
0.285645 0.513428
0.571533 3.290039 -2.031006
-1 0.000978 -0.000001
0 0 0 0
0.294922 0.75415
0.571533 3.213379 -0.799072
-1 0.000978 -0.000001
0 0 0 0
0.280029 0.513672
0.571533 3.319336 -2.029053
-1 0.000978 -0.000001
0 0 0 0
0.300781 0.753906
0.571533 3.213379 -0.799072
0.001382 -0.062179 0.998064
0 0 0 0
0.62915 0.134521
1.669922 3.213379 -0.799072
0.001382 -0.062179 0.998064
0 0 0 0
0.62915 0.349121
1.669922 3.24292 -0.797363
0.001382 -0.062179 0.998064
0 0 0 0
0.623535 0.349121
0.571533 3.24292 -0.797363
0.001382 -0.062179 0.998064
0 0 0 0
0.623535 0.134521
1.669922 3.24292 -0.797363
0.001007 0.998102 0.061582
0 0 0 0
0.380859 0.332275
0.571533 3.319336 -2.029053
0.001007 0.998102 0.061582
0 0 0 0
0.16626 0.573242
0.571533 3.24292 -0.797363
0.001007 0.998102 0.061582
0 0 0 0
0.16626 0.332275
1.669922 3.319336 -2.029053
0.001007 0.998102 0.061582
0 0 0 0
0.380859 0.573242
1.669922 3.24292 -0.797363
1 0.000978 -0.000001
0 0 0 0
0.391113 0.75415
1.669922 3.213379 -0.799072
1 0.000978 -0.000001
0 0 0 0
0.385498 0.753906
1.669922 3.290039 -2.031006
1 0.000978 -0.000001
0 0 0 0
0.400391 0.513428
1.669922 3.319336 -2.029053
1 0.000978 -0.000001
0 0 0 0
0.406006 0.513672
0.571533 3.319336 -2.029053
0.001382 0.062179 -0.998064
0 0 0 0
0.568848 0.134521
1.669922 3.319336 -2.029053
0.001382 0.062179 -0.998064
0 0 0 0
0.568848 0.349121
1.669922 3.290039 -2.031006
0.001382 0.062179 -0.998064
0 0 0 0
0.563232 0.349121
0.571533 3.290039 -2.031006
0.001382 0.062179 -0.998064
0 0 0 0
0.563232 0.134521
-0.549072 3.24292 -0.797363
0.001007 0.998102 0.061582
0 0 0 0
0.496826 0.292725
0.549072 3.24292 -0.797363
0.001007 0.998102 0.061582
0 0 0 0
0.711426 0.292725
0.549072 3.319336 -2.029053
0.001007 0.998102 0.061582
0 0 0 0
0.711426 0.533447
-0.549072 3.319336 -2.029053
0.001007 0.998102 0.061582
0 0 0 0
0.496826 0.533447
0.549072 3.290039 -2.031006
1 0.000978 -0.000001
0 0 0 0
0.37915 0.513428
0.549072 3.319336 -2.029053
1 0.000978 -0.000001
0 0 0 0
0.38501 0.513672
0.549072 3.24292 -0.797363
1 0.000978 -0.000001
0 0 0 0
0.370117 0.75415
0.549072 3.213379 -0.799072
1 0.000978 -0.000001
0 0 0 0
0.364258 0.753906
0.549072 3.213379 -0.799072
0.001382 -0.062179 0.998064
0 0 0 0
0.619141 0.349121
0.549072 3.24292 -0.797363
0.001382 -0.062179 0.998064
0 0 0 0
0.613525 0.349121
-0.549072 3.24292 -0.797363
0.001382 -0.062179 0.998064
0 0 0 0
0.613525 0.134521
-0.549072 3.213379 -0.799072
0.001382 -0.062179 0.998064
0 0 0 0
0.619141 0.134521
0.549072 3.290039 -2.031006
0.001007 -0.998102 -0.061582
0 0 0 0
0.546143 0.292725
0.549072 3.213379 -0.799072
0.001007 -0.998102 -0.061582
0 0 0 0
0.546143 0.533447
-0.549072 3.213379 -0.799072
0.001007 -0.998102 -0.061582
0 0 0 0
0.331543 0.533447
-0.549072 3.290039 -2.031006
0.001007 -0.998102 -0.061582
0 0 0 0
0.331543 0.292725
-0.549072 3.24292 -0.797363
-1 -0.000977 -0.000001
0 0 0 0
0.264648 0.513428
-0.549072 3.319336 -2.029053
-1 -0.000977 -0.000001
0 0 0 0
0.279541 0.753906
-0.549072 3.290039 -2.031006
-1 -0.000977 -0.000001
0 0 0 0
0.273926 0.75415
-0.549072 3.213379 -0.799072
-1 -0.000977 -0.000001
0 0 0 0
0.259033 0.513672
0.549072 3.319336 -2.029053
0.001382 0.062179 -0.998064
0 0 0 0
0.558838 0.349121
0.549072 3.290039 -2.031006
0.001382 0.062179 -0.998064
0 0 0 0
0.552979 0.349121
-0.549072 3.290039 -2.031006
0.001382 0.062179 -0.998064
0 0 0 0
0.552979 0.134521
-0.549072 3.319336 -2.029053
0.001382 0.062179 -0.998064
0 0 0 0
0.558838 0.134521
-1.669922 3.24292 -0.797363
0.001007 0.998102 0.061582
0 0 0 0
0.791748 0.111816
-0.571533 3.24292 -0.797363
0.001007 0.998102 0.061582
0 0 0 0
1.006592 0.111816
-0.571533 3.319336 -2.029053
0.001007 0.998102 0.061582
0 0 0 0
1.006592 0.352539
-1.669922 3.319336 -2.029053
0.001007 0.998102 0.061582
0 0 0 0
0.791748 0.352539
-0.571533 3.290039 -2.031006
1 0.000978 -0.000001
0 0 0 0
0.358154 0.513428
-0.571533 3.319336 -2.029053
1 0.000978 -0.000001
0 0 0 0
0.364014 0.513672
-0.571533 3.24292 -0.797363
1 0.000978 -0.000001
0 0 0 0
0.348877 0.75415
-0.571533 3.213379 -0.799072
1 0.000978 -0.000001
0 0 0 0
0.343262 0.753906
-0.571533 3.213379 -0.799072
0.001382 -0.062179 0.998064
0 0 0 0
0.249756 0.227051
-0.571533 3.24292 -0.797363
0.001382 -0.062179 0.998064
0 0 0 0
0.244141 0.227051
-1.669922 3.24292 -0.797363
0.001382 -0.062179 0.998064
0 0 0 0
0.244141 0.012451
-1.669922 3.213379 -0.799072
0.001382 -0.062179 0.998064
0 0 0 0
0.249756 0.012451
-0.571533 3.290039 -2.031006
0.001007 -0.998102 -0.061582
0 0 0 0
0.876709 0.292725
-0.571533 3.213379 -0.799072
0.001007 -0.998102 -0.061582
0 0 0 0
0.876709 0.533447
-1.669922 3.213379 -0.799072
0.001007 -0.998102 -0.061582
0 0 0 0
0.661865 0.533447
-1.669922 3.290039 -2.031006
0.001007 -0.998102 -0.061582
0 0 0 0
0.661865 0.292725
-1.669922 3.24292 -0.797363
-1 0.000978 -0.000001
0 0 0 0
0.243652 0.513428
-1.669922 3.319336 -2.029053
-1 0.000978 -0.000001
0 0 0 0
0.258545 0.753906
-1.669922 3.290039 -2.031006
-1 0.000978 -0.000001
0 0 0 0
0.252686 0.75415
-1.669922 3.213379 -0.799072
-1 0.000978 -0.000001
0 0 0 0
0.237793 0.513672
-0.571533 3.319336 -2.029053
0.001382 0.062179 -0.998064
0 0 0 0
0.548828 0.349121
-0.571533 3.290039 -2.031006
0.001382 0.062179 -0.998064
0 0 0 0
0.542969 0.349121
-1.669922 3.290039 -2.031006
0.001382 0.062179 -0.998064
0 0 0 0
0.542969 0.134521
-1.669922 3.319336 -2.029053
0.001382 0.062179 -0.998064
0 0 0 0
0.548828 0.134521
-2.298096 3.290039 -2.031006
0.001007 -0.998102 -0.061582
0 0 0 0
0.71167 0.111816
-1.692139 3.213379 -0.799072
0.001007 -0.998102 -0.061582
0 0 0 0
0.830078 0.352539
-2.298096 3.213379 -0.799072
0.001007 -0.998102 -0.061582
0 0 0 0
0.71167 0.352539
-1.692139 3.290039 -2.031006
0.001007 -0.998102 -0.061582
0 0 0 0
0.830078 0.111816
-2.298096 3.24292 -0.797363
-1 0.000978 -0.000001
0 0 0 0
0.222412 0.513428
-2.298096 3.290039 -2.031006
-1 0.000978 -0.000001
0 0 0 0
0.231689 0.75415
-2.298096 3.213379 -0.799072
-1 0.000978 -0.000001
0 0 0 0
0.216797 0.513672
-2.298096 3.319336 -2.029053
-1 0.000978 -0.000001
0 0 0 0
0.237549 0.753906
-2.298096 3.24292 -0.797363
0.001382 -0.062179 0.998064
0 0 0 0
0.973145 -0.053711
-2.298096 3.213379 -0.799072
0.001382 -0.062179 0.998064
0 0 0 0
0.97876 -0.053711
-1.692139 3.213379 -0.799072
0.001382 -0.062179 0.998064
0 0 0 0
0.97876 0.064697
-1.692139 3.24292 -0.797363
0.001382 -0.062179 0.998064
0 0 0 0
0.973145 0.064697
-2.298096 3.319336 -2.029053
0.001007 0.998102 0.061582
0 0 0 0
0.618652 0.352539
-2.298096 3.24292 -0.797363
0.001007 0.998102 0.061582
0 0 0 0
0.618652 0.111816
-1.692139 3.24292 -0.797363
0.001007 0.998102 0.061582
0 0 0 0
0.737061 0.111816
-1.692139 3.319336 -2.029053
0.001007 0.998102 0.061582
0 0 0 0
0.737061 0.352539
-1.692139 3.24292 -0.797363
1 0.000978 -0.000001
0 0 0 0
0.327881 0.75415
-1.692139 3.213379 -0.799072
1 0.000978 -0.000001
0 0 0 0
0.322266 0.753906
-1.692139 3.290039 -2.031006
1 0.000978 -0.000001
0 0 0 0
0.337158 0.513428
-1.692139 3.319336 -2.029053
1 0.000978 -0.000001
0 0 0 0
0.342773 0.513672
-1.692139 3.319336 -2.029053
0.001382 0.062179 -0.998064
0 0 0 0
0.96875 0.064697
-1.692139 3.290039 -2.031006
0.001382 0.062179 -0.998064
0 0 0 0
0.963135 0.064697
-2.298096 3.290039 -2.031006
0.001382 0.062179 -0.998064
0 0 0 0
0.963135 -0.053711
-2.298096 3.319336 -2.029053
0.001382 0.062179 -0.998064
0 0 0 0
0.96875 -0.053711
2.298096 3.24292 -0.75708
0.001382 0.001382 -0.999998
0 0 0 0
0.95874 0.064453
2.298096 3.213379 -0.75708
0.001382 0.001382 -0.999998
0 0 0 0
0.952881 0.064453
1.692139 3.213379 -0.75708
0.001382 0.001382 -0.999998
0 0 0 0
0.952881 -0.053711
1.692139 3.24292 -0.75708
0.001382 0.001382 -0.999998
0 0 0 0
0.95874 -0.053711
1.692139 3.213379 -0.75708
0.000978 -1 -0.000001
0 0 0 0
0.106689 0.687256
2.298096 3.213379 -0.75708
0.000978 -1 -0.000001
0 0 0 0
0.225098 0.687256
2.298096 3.213379 0.752686
0.000978 -1 -0.000001
0 0 0 0
0.225098 0.982178
1.692139 3.213379 0.752686
0.000978 -1 -0.000001
0 0 0 0
0.106689 0.982178
1.692139 3.24292 -0.75708
-1 0.000978 -0.000001
0 0 0 0
0.221924 0.982178
1.692139 3.213379 -0.75708
-1 0.000978 -0.000001
0 0 0 0
0.216309 0.982178
1.692139 3.213379 0.752686
-1 0.000978 -0.000001
0 0 0 0
0.216309 0.687256
1.692139 3.24292 0.752686
-1 0.000978 -0.000001
0 0 0 0
0.221924 0.687256
1.692139 3.24292 -0.75708
0.000978 1 -0.000001
0 0 0 0
0.013672 0.982178
1.692139 3.24292 0.752686
0.000978 1 -0.000001
0 0 0 0
0.013672 0.687256
2.298096 3.24292 0.752686
0.000978 1 -0.000001
0 0 0 0
0.13208 0.687256
2.298096 3.24292 -0.75708
0.000978 1 -0.000001
0 0 0 0
0.13208 0.982178
2.298096 3.24292 0.752686
0.001382 0.001382 0.999998
0 0 0 0
0.945801 0.155518
1.692139 3.24292 0.752686
0.001382 0.001382 0.999998
0 0 0 0
0.945801 0.037109
1.692139 3.213379 0.752686
0.001382 0.001382 0.999998
0 0 0 0
0.95166 0.037109
2.298096 3.213379 0.752686
0.001382 0.001382 0.999998
0 0 0 0
0.95166 0.155518
2.298096 3.213379 -0.75708
1 0.000978 -0.000001
0 0 0 0
0.227295 0.687256
2.298096 3.24292 -0.75708
1 0.000978 -0.000001
0 0 0 0
0.233154 0.687256
2.298096 3.24292 0.752686
1 0.000978 -0.000001
0 0 0 0
0.233154 0.982178
2.298096 3.213379 0.752686
1 0.000978 -0.000001
0 0 0 0
0.227295 0.982178
1.669922 3.213379 -0.75708
0.000978 -1 -0.000001
0 0 0 0
0.425537 0.687256
0.571533 3.213379 0.752686
0.000978 -1 -0.000001
0 0 0 0
0.210938 0.982178
0.571533 3.213379 -0.75708
0.000978 -1 -0.000001
0 0 0 0
0.210938 0.687256
1.669922 3.213379 0.752686
0.000978 -1 -0.000001
0 0 0 0
0.425537 0.982178
0.571533 3.213379 -0.75708
-1 0.000978 -0.000001
0 0 0 0
0.403809 0.982178
0.571533 3.213379 0.752686
-1 0.000978 -0.000001
0 0 0 0
0.403809 0.687256
0.571533 3.24292 0.752686
-1 0.000978 -0.000001
0 0 0 0
0.409424 0.687256
0.571533 3.24292 -0.75708
-1 0.000978 -0.000001
0 0 0 0
0.409424 0.982178
1.669922 3.24292 -0.75708
0.001382 0.001382 -0.999998
0 0 0 0
0.538574 0.349121
1.669922 3.213379 -0.75708
0.001382 0.001382 -0.999998
0 0 0 0
0.532959 0.349121
0.571533 3.213379 -0.75708
0.001382 0.001382 -0.999998
0 0 0 0
0.532959 0.134521
0.571533 3.24292 -0.75708
0.001382 0.001382 -0.999998
0 0 0 0
0.538574 0.134521
1.669922 3.24292 0.752686
0.001382 0.001382 0.999998
0 0 0 0
0.603271 0.349121
0.571533 3.24292 0.752686
0.001382 0.001382 0.999998
0 0 0 0
0.603271 0.134521
0.571533 3.213379 0.752686
0.001382 0.001382 0.999998
0 0 0 0
0.609131 0.134521
1.669922 3.213379 0.752686
0.001382 0.001382 0.999998
0 0 0 0
0.609131 0.349121
1.669922 3.24292 -0.75708
0.000978 1 -0.000001
0 0 0 0
0.601807 0.982178
0.571533 3.24292 -0.75708
0.000978 1 -0.000001
0 0 0 0
0.387207 0.982178
0.571533 3.24292 0.752686
0.000978 1 -0.000001
0 0 0 0
0.387207 0.687256
1.669922 3.24292 0.752686
0.000978 1 -0.000001
0 0 0 0
0.601807 0.687256
1.669922 3.213379 -0.75708
1 0.000978 -0.000001
0 0 0 0
0.580078 0.687256
1.669922 3.24292 -0.75708
1 0.000978 -0.000001
0 0 0 0
0.585938 0.687256
1.669922 3.24292 0.752686
1 0.000978 -0.000001
0 0 0 0
0.585938 0.982178
1.669922 3.213379 0.752686
1 0.000978 -0.000001
0 0 0 0
0.580078 0.982178
0.549072 3.213379 -0.75708
0.000978 -1 -0.000001
0 0 0 0
0.778076 0.687256
0.549072 3.213379 0.752686
0.000978 -1 -0.000001
0 0 0 0
0.778076 0.982178
-0.549072 3.213379 0.752686
0.000978 -1 -0.000001
0 0 0 0
0.563721 0.982178
-0.549072 3.213379 -0.75708
0.000978 -1 -0.000001
0 0 0 0
0.563721 0.687256
0.549072 3.24292 -0.75708
1 0.000978 -0.000001
0 0 0 0
0.762207 0.687256
0.549072 3.213379 0.752686
1 0.000978 -0.000001
0 0 0 0
0.756592 0.982178
0.549072 3.213379 -0.75708
1 0.000978 -0.000001
0 0 0 0
0.756592 0.687256
0.549072 3.24292 0.752686
1 0.000978 -0.000001
0 0 0 0
0.762207 0.982178
-0.549072 3.24292 -0.75708
0.001382 0.001382 -0.999998
0 0 0 0
0.528564 0.134521
0.549072 3.24292 -0.75708
0.001382 0.001382 -0.999998
0 0 0 0
0.528564 0.349121
0.549072 3.213379 -0.75708
0.001382 0.001382 -0.999998
0 0 0 0
0.522705 0.349121
-0.549072 3.213379 -0.75708
0.001382 0.001382 -0.999998
0 0 0 0
0.522705 0.134521
-0.549072 3.24292 0.752686
0.001382 0.001382 0.999998
0 0 0 0
0.593262 0.134521
-0.549072 3.213379 0.752686
0.001382 0.001382 0.999998
0 0 0 0
0.599121 0.134521
0.549072 3.213379 0.752686
0.001382 0.001382 0.999998
0 0 0 0
0.599121 0.349121
0.549072 3.24292 0.752686
0.001382 0.001382 0.999998
0 0 0 0
0.593262 0.349121
0.549072 3.24292 -0.75708
0.000978 1 -0.000001
0 0 0 0
0.95459 0.982178
-0.549072 3.24292 -0.75708
0.000978 1 -0.000001
0 0 0 0
0.73999 0.982178
-0.549072 3.24292 0.752686
0.000978 1 -0.000001
0 0 0 0
0.73999 0.687256
0.549072 3.24292 0.752686
0.000978 1 -0.000001
0 0 0 0
0.95459 0.687256
-0.549072 3.24292 -0.75708
-1 0.000978 -0.000001
0 0 0 0
0.938721 0.982178
-0.549072 3.213379 -0.75708
-1 0.000978 -0.000001
0 0 0 0
0.932861 0.982178
-0.549072 3.213379 0.752686
-1 0.000978 -0.000001
0 0 0 0
0.932861 0.687256
-0.549072 3.24292 0.752686
-1 0.000978 -0.000001
0 0 0 0
0.938721 0.687256
-0.571533 3.213379 -0.75708
0.000978 -1 -0.000001
0 0 0 0
1.006348 0.466553
-0.571533 3.213379 0.752686
0.000978 -1 -0.000001
0 0 0 0
1.006348 0.761475
-1.669922 3.213379 0.752686
0.000978 -1 -0.000001
0 0 0 0
0.791992 0.761475
-1.669922 3.213379 -0.75708
0.000978 -1 -0.000001
0 0 0 0
0.791992 0.466553
-0.571533 3.24292 -0.75708
1 0.000978 -0.000001
0 0 0 0
0.815186 0.466553
-0.571533 3.213379 0.752686
1 0.000978 -0.000001
0 0 0 0
0.809326 0.761475
-0.571533 3.213379 -0.75708
1 0.000978 -0.000001
0 0 0 0
0.809326 0.466553
-0.571533 3.24292 0.752686
1 0.000978 -0.000001
0 0 0 0
0.815186 0.761475
-1.669922 3.24292 -0.75708
0.001382 0.001382 -0.999998
0 0 0 0
0.518555 0.134521
-0.571533 3.24292 -0.75708
0.001382 0.001382 -0.999998
0 0 0 0
0.518555 0.349121
-0.571533 3.213379 -0.75708
0.001382 0.001382 -0.999998
0 0 0 0
0.512695 0.349121
-1.669922 3.213379 -0.75708
0.001382 0.001382 -0.999998
0 0 0 0
0.512695 0.134521
-1.669922 3.24292 0.752686
0.001382 0.001382 0.999998
0 0 0 0
0.255127 0.012451
-1.669922 3.213379 0.752686
0.001382 0.001382 0.999998
0 0 0 0
0.260986 0.012451
-0.571533 3.213379 0.752686
0.001382 0.001382 0.999998
0 0 0 0
0.260986 0.227051
-0.571533 3.24292 0.752686
0.001382 0.001382 0.999998
0 0 0 0
0.255127 0.227051
-0.571533 3.24292 -0.75708
0.000978 1 -0.000001
0 0 0 0
0.83252 0.761475
-1.669922 3.24292 -0.75708
0.000978 1 -0.000001
0 0 0 0
0.618164 0.761475
-1.669922 3.24292 0.752686
0.000978 1 -0.000001
0 0 0 0
0.618164 0.466553
-0.571533 3.24292 0.752686
0.000978 1 -0.000001
0 0 0 0
0.83252 0.466553
-1.669922 3.24292 -0.75708
-1 0.000978 -0.000001
0 0 0 0
0.641357 0.761475
-1.669922 3.213379 -0.75708
-1 0.000978 -0.000001
0 0 0 0
0.635498 0.761475
-1.669922 3.213379 0.752686
-1 0.000978 -0.000001
0 0 0 0
0.635498 0.466553
-1.669922 3.24292 0.752686
-1 0.000978 -0.000001
0 0 0 0
0.641357 0.466553
-1.692139 3.213379 -0.75708
0.000978 -1 -0.000001
0 0 0 0
0.645996 0.466553
-2.298096 3.213379 0.752686
0.000978 -1 -0.000001
0 0 0 0
0.527832 0.761475
-2.298096 3.213379 -0.75708
0.000978 -1 -0.000001
0 0 0 0
0.527832 0.466553
-1.692139 3.213379 0.752686
0.000978 -1 -0.000001
0 0 0 0
0.645996 0.761475
-2.298096 3.213379 -0.75708
-1 0.000978 -0.000001
0 0 0 0
0.439697 0.761475
-2.298096 3.213379 0.752686
-1 0.000978 -0.000001
0 0 0 0
0.439697 0.466553
-2.298096 3.24292 0.752686
-1 0.000978 -0.000001
0 0 0 0
0.445312 0.466553
-2.298096 3.24292 -0.75708
-1 0.000978 -0.000001
0 0 0 0
0.445312 0.761475
-1.692139 3.24292 -0.75708
0.001382 0.001382 -0.999998
0 0 0 0
0.94873 0.064453
-1.692139 3.213379 -0.75708
0.001382 0.001382 -0.999998
0 0 0 0
0.942871 0.064453
-2.298096 3.213379 -0.75708
0.001382 0.001382 -0.999998
0 0 0 0
0.942871 -0.053711
-2.298096 3.24292 -0.75708
0.001382 0.001382 -0.999998
0 0 0 0
0.94873 -0.053711
-2.298096 3.24292 -0.75708
0.000978 1 -0.000001
0 0 0 0
0.434814 0.761475
-2.298096 3.24292 0.752686
0.000978 1 -0.000001
0 0 0 0
0.434814 0.466553
-1.692139 3.24292 0.752686
0.000978 1 -0.000001
0 0 0 0
0.553223 0.466553
-1.692139 3.24292 -0.75708
0.000978 1 -0.000001
0 0 0 0
0.553223 0.761475
-1.692139 3.24292 0.752686
0.001382 0.001382 0.999998
0 0 0 0
0.932861 0.064453
-2.298096 3.24292 0.752686
0.001382 0.001382 0.999998
0 0 0 0
0.932861 -0.053711
-2.298096 3.213379 0.752686
0.001382 0.001382 0.999998
0 0 0 0
0.938477 -0.053711
-1.692139 3.213379 0.752686
0.001382 0.001382 0.999998
0 0 0 0
0.938477 0.064453
-1.692139 3.213379 -0.75708
1 0.000978 -0.000001
0 0 0 0
0.429443 0.466553
-1.692139 3.24292 -0.75708
1 0.000978 -0.000001
0 0 0 0
0.435303 0.466553
-1.692139 3.24292 0.752686
1 0.000978 -0.000001
0 0 0 0
0.435303 0.761475
-1.692139 3.213379 0.752686
1 0.000978 -0.000001
0 0 0 0
0.429443 0.761475
-2.298096 3.35498 1.49707
0.001052 0.987522 -0.15748
0 0 0 0
0.635498 0.019531
-1.692139 3.242432 0.790039
0.001052 0.987522 -0.15748
0 0 0 0
0.754395 0.158447
-2.298096 3.242432 0.790039
0.001052 0.987522 -0.15748
0 0 0 0
0.635498 0.158447
-1.692139 3.35498 1.49707
0.001052 0.987522 -0.15748
0 0 0 0
0.754395 0.019531
-2.298096 3.325928 1.501709
-1 -0.000977 -0.000001
0 0 0 0
0.296631 0.03833
-2.298096 3.35498 1.49707
-1 -0.000977 -0.000001
0 0 0 0
0.302246 0.039307
-2.298096 3.242432 0.790039
-1 -0.000977 -0.000001
0 0 0 0
0.280273 0.17749
-2.298096 3.213379 0.794678
-1 -0.000977 -0.000001
0 0 0 0
0.274658 0.176514
-2.298096 3.242432 0.790039
0.001378 -0.155736 -0.987798
0 0 0 0
0.928467 -0.068604
-1.692139 3.242432 0.790039
0.001378 -0.155736 -0.987798
0 0 0 0
0.928467 0.050293
-1.692139 3.213379 0.794678
0.001378 -0.155736 -0.987798
0 0 0 0
0.922852 0.050293
-2.298096 3.213379 0.794678
0.001378 -0.155736 -0.987798
0 0 0 0
0.922852 -0.068604
-2.298096 3.325928 1.501709
0.001052 -0.987522 0.15748
0 0 0 0
0.540771 0.158447
-2.298096 3.213379 0.794678
0.001052 -0.987522 0.15748
0 0 0 0
0.540771 0.019531
-1.692139 3.213379 0.794678
0.001052 -0.987522 0.15748
0 0 0 0
0.659912 0.019531
-1.692139 3.325928 1.501709
0.001052 -0.987522 0.15748
0 0 0 0
0.659912 0.158447
-1.692139 3.242432 0.790039
1 0.000978 -0.000001
0 0 0 0
0.308105 0.03833
-1.692139 3.35498 1.49707
1 0.000978 -0.000001
0 0 0 0
0.330078 0.176514
-1.692139 3.325928 1.501709
1 0.000978 -0.000001
0 0 0 0
0.324463 0.17749
-1.692139 3.213379 0.794678
1 0.000978 -0.000001
0 0 0 0
0.30249 0.039307
-1.692139 3.35498 1.49707
0.001378 0.155736 0.987798
0 0 0 0
0.912598 0.050293
-2.298096 3.35498 1.49707
0.001378 0.155736 0.987798
0 0 0 0
0.912598 -0.068604
-2.298096 3.325928 1.501709
0.001378 0.155736 0.987798
0 0 0 0
0.918457 -0.068604
-1.692139 3.325928 1.501709
0.001378 0.155736 0.987798
0 0 0 0
0.918457 0.050293
-0.571533 3.325928 1.501709
0.001052 -0.987522 0.15748
0 0 0 0
0.034668 0.389648
-1.669922 3.213379 0.794678
0.001052 -0.987522 0.15748
0 0 0 0
0.173828 0.173828
-0.571533 3.213379 0.794678
0.001052 -0.987522 0.15748
0 0 0 0
0.173828 0.389648
-1.669922 3.325928 1.501709
0.001052 -0.987522 0.15748
0 0 0 0
0.034668 0.173828
-0.571533 3.242432 0.790039
1 0.000978 -0.000001
0 0 0 0
0.335938 0.03833
-0.571533 3.325928 1.501709
1 0.000978 -0.000001
0 0 0 0
0.352295 0.17749
-0.571533 3.213379 0.794678
1 0.000978 -0.000001
0 0 0 0
0.330322 0.039307
-0.571533 3.35498 1.49707
1 0.000978 -0.000001
0 0 0 0
0.35791 0.176514
-0.571533 3.213379 0.794678
0.001378 -0.155736 -0.987798
0 0 0 0
0.502686 0.349609
-1.669922 3.213379 0.794678
0.001378 -0.155736 -0.987798
0 0 0 0
0.502686 0.133789
-1.669922 3.242432 0.790039
0.001378 -0.155736 -0.987798
0 0 0 0
0.508301 0.133789
-0.571533 3.242432 0.790039
0.001378 -0.155736 -0.987798
0 0 0 0
0.508301 0.349609
-1.669922 3.242432 0.790039
0.001052 0.987522 -0.15748
0 0 0 0
0.010498 0.012207
-0.571533 3.35498 1.49707
0.001052 0.987522 -0.15748
0 0 0 0
0.149658 0.228027
-0.571533 3.242432 0.790039
0.001052 0.987522 -0.15748
0 0 0 0
0.010498 0.228027
-1.669922 3.35498 1.49707
0.001052 0.987522 -0.15748
0 0 0 0
0.149658 0.012207
-1.669922 3.242432 0.790039
-1 0.000978 -0.000001
0 0 0 0
0.36377 0.17749
-1.669922 3.213379 0.794678
-1 0.000978 -0.000001
0 0 0 0
0.358154 0.176514
-1.669922 3.325928 1.501709
-1 0.000978 -0.000001
0 0 0 0
0.380127 0.03833
-1.669922 3.35498 1.49707
-1 0.000978 -0.000001
0 0 0 0
0.385742 0.039307
-0.571533 3.35498 1.49707
0.001378 0.155736 0.987798
0 0 0 0
0.266357 0.187988
-1.669922 3.35498 1.49707
0.001378 0.155736 0.987798
0 0 0 0
0.266357 -0.027832
-1.669922 3.325928 1.501709
0.001378 0.155736 0.987798
0 0 0 0
0.271973 -0.027832
-0.571533 3.325928 1.501709
0.001378 0.155736 0.987798
0 0 0 0
0.271973 0.187988
0.549072 3.325928 1.501709
0.001052 -0.987522 0.15748
0 0 0 0
0.377197 0.349609
-0.549072 3.213379 0.794678
0.001052 -0.987522 0.15748
0 0 0 0
0.516357 0.133789
0.549072 3.213379 0.794678
0.001052 -0.987522 0.15748
0 0 0 0
0.516357 0.349609
-0.549072 3.325928 1.501709
0.001052 -0.987522 0.15748
0 0 0 0
0.377197 0.133789
0.549072 3.242432 0.790039
1 0.000978 -0.000001
0 0 0 0
0.391602 0.03833
0.549072 3.325928 1.501709
1 0.000978 -0.000001
0 0 0 0
0.407959 0.17749
0.549072 3.213379 0.794678
1 0.000978 -0.000001
0 0 0 0
0.385986 0.039307
0.549072 3.35498 1.49707
1 0.000978 -0.000001
0 0 0 0
0.413574 0.176514
0.549072 3.213379 0.794678
0.001378 -0.155736 -0.987798
0 0 0 0
0.385254 0.349609
-0.549072 3.213379 0.794678
0.001378 -0.155736 -0.987798
0 0 0 0
0.385254 0.133789
-0.549072 3.242432 0.790039
0.001378 -0.155736 -0.987798
0 0 0 0
0.390869 0.133789
0.549072 3.242432 0.790039
0.001378 -0.155736 -0.987798
0 0 0 0
0.390869 0.349609
-0.549072 3.242432 0.790039
0.001052 0.987522 -0.15748
0 0 0 0
0.249756 0.133789
0.549072 3.35498 1.49707
0.001052 0.987522 -0.15748
0 0 0 0
0.388672 0.349609
0.549072 3.242432 0.790039
0.001052 0.987522 -0.15748
0 0 0 0
0.249756 0.349609
-0.549072 3.35498 1.49707
0.001052 0.987522 -0.15748
0 0 0 0
0.388672 0.133789
-0.549072 3.242432 0.790039
-1 0.000978 -0.000001
0 0 0 0
0.419434 0.17749
-0.549072 3.213379 0.794678
-1 0.000978 -0.000001
0 0 0 0
0.413818 0.176514
-0.549072 3.325928 1.501709
-1 0.000978 -0.000001
0 0 0 0
0.435791 0.03833
-0.549072 3.35498 1.49707
-1 0.000978 -0.000001
0 0 0 0
0.441406 0.039307
0.549072 3.35498 1.49707
0.001378 0.155736 0.987798
0 0 0 0
0.583252 0.349609
-0.549072 3.35498 1.49707
0.001378 0.155736 0.987798
0 0 0 0
0.583252 0.133789
-0.549072 3.325928 1.501709
0.001378 0.155736 0.987798
0 0 0 0
0.588867 0.133789
0.549072 3.325928 1.501709
0.001378 0.155736 0.987798
0 0 0 0
0.588867 0.349609
1.669922 3.242432 0.790039
0.001052 0.987522 -0.15748
0 0 0 0
0.118408 0.227783
0.571533 3.242432 0.790039
0.001052 0.987522 -0.15748
0 0 0 0
0.118408 0.011963
0.571533 3.35498 1.49707
0.001052 0.987522 -0.15748
0 0 0 0
0.257324 0.011963
1.669922 3.35498 1.49707
0.001052 0.987522 -0.15748
0 0 0 0
0.257324 0.227783
0.571533 3.325928 1.501709
-1 -0.000977 -0.000001
0 0 0 0
0.463623 0.03833
0.571533 3.35498 1.49707
-1 -0.000977 -0.000001
0 0 0 0
0.469238 0.039307
0.571533 3.242432 0.790039
-1 -0.000977 -0.000001
0 0 0 0
0.447266 0.17749
0.571533 3.213379 0.794678
-1 -0.000977 -0.000001
0 0 0 0
0.44165 0.176514
0.571533 3.213379 0.794678
0.001378 -0.155736 -0.987798
0 0 0 0
0.375244 0.133789
0.571533 3.242432 0.790039
0.001378 -0.155736 -0.987798
0 0 0 0
0.380859 0.133789
1.669922 3.242432 0.790039
0.001378 -0.155736 -0.987798
0 0 0 0
0.380859 0.349609
1.669922 3.213379 0.794678
0.001378 -0.155736 -0.987798
0 0 0 0
0.375244 0.349609
0.571533 3.325928 1.501709
0.001052 -0.987522 0.15748
0 0 0 0
0.142334 0.173584
0.571533 3.213379 0.794678
0.001052 -0.987522 0.15748
0 0 0 0
0.28125 0.173584
1.669922 3.213379 0.794678
0.001052 -0.987522 0.15748
0 0 0 0
0.28125 0.389404
1.669922 3.325928 1.501709
0.001052 -0.987522 0.15748
0 0 0 0
0.142334 0.389404
1.669922 3.242432 0.790039
1 -0.000977 -0.000001
0 0 0 0
0.475098 0.03833
1.669922 3.35498 1.49707
1 -0.000977 -0.000001
0 0 0 0
0.49707 0.176514
1.669922 3.325928 1.501709
1 -0.000977 -0.000001
0 0 0 0
0.491455 0.17749
1.669922 3.213379 0.794678
1 -0.000977 -0.000001
0 0 0 0
0.469482 0.039307
0.571533 3.35498 1.49707
0.001378 0.155736 0.987798
0 0 0 0
0.573242 0.133789
0.571533 3.325928 1.501709
0.001378 0.155736 0.987798
0 0 0 0
0.578857 0.133789
1.669922 3.325928 1.501709
0.001378 0.155736 0.987798
0 0 0 0
0.578857 0.349609
1.669922 3.35498 1.49707
0.001378 0.155736 0.987798
0 0 0 0
0.573242 0.349609
1.692139 3.35498 1.49707
0.001052 0.987522 -0.15748
0 0 0 0
0.824707 0.019531
2.298096 3.242432 0.790039
0.001052 0.987522 -0.15748
0 0 0 0
0.943848 0.158447
1.692139 3.242432 0.790039
0.001052 0.987522 -0.15748
0 0 0 0
0.824707 0.158447
2.298096 3.35498 1.49707
0.001052 0.987522 -0.15748
0 0 0 0
0.943848 0.019531
1.692139 3.325928 1.501709
-1 -0.000977 -0.000001
0 0 0 0
0.519287 0.03833
1.692139 3.35498 1.49707
-1 -0.000977 -0.000001
0 0 0 0
0.525146 0.039307
1.692139 3.242432 0.790039
-1 -0.000977 -0.000001
0 0 0 0
0.503174 0.17749
1.692139 3.213379 0.794678
-1 -0.000977 -0.000001
0 0 0 0
0.497314 0.176514
1.692139 3.242432 0.790039
0.001378 -0.155736 -0.987798
0 0 0 0
0.908447 -0.068604
2.298096 3.242432 0.790039
0.001378 -0.155736 -0.987798
0 0 0 0
0.908447 0.050293
2.298096 3.213379 0.794678
0.001378 -0.155736 -0.987798
0 0 0 0
0.902588 0.050293
1.692139 3.213379 0.794678
0.001378 -0.155736 -0.987798
0 0 0 0
0.902588 -0.068604
1.692139 3.325928 1.501709
0.001052 -0.987522 0.15748
0 0 0 0
0.730225 0.158447
1.692139 3.213379 0.794678
0.001052 -0.987522 0.15748
0 0 0 0
0.730225 0.019531
2.298096 3.213379 0.794678
0.001052 -0.987522 0.15748
0 0 0 0
0.849121 0.019531
2.298096 3.325928 1.501709
0.001052 -0.987522 0.15748
0 0 0 0
0.849121 0.158447
2.298096 3.242432 0.790039
1 -0.000977 -0.000001
0 0 0 0
0.531006 0.03833
2.298096 3.35498 1.49707
1 -0.000977 -0.000001
0 0 0 0
0.552979 0.176514
2.298096 3.325928 1.501709
1 -0.000977 -0.000001
0 0 0 0
0.547119 0.17749
2.298096 3.213379 0.794678
1 -0.000977 -0.000001
0 0 0 0
0.525146 0.039307
2.298096 3.35498 1.49707
0.001378 0.155736 0.987798
0 0 0 0
0.957031 0.155762
1.692139 3.35498 1.49707
0.001378 0.155736 0.987798
0 0 0 0
0.957031 0.036865
1.692139 3.325928 1.501709
0.001378 0.155736 0.987798
0 0 0 0
0.962646 0.036865
2.298096 3.325928 1.501709
0.001378 0.155736 0.987798
0 0 0 0
0.962646 0.155762
180
2 1 0
1 3 0
6 5 4
5 7 4
10 9 8
11 10 8
14 13 12
15 14 12
18 17 16
19 18 16
22 21 20
23 22 20
26 25 24
25 27 24
30 29 28
29 31 28
34 33 32
35 34 32
38 37 36
37 39 36
42 41 40
43 42 40
46 45 44
47 46 44
50 49 48
51 50 48
54 53 52
55 54 52
58 57 56
59 58 56
62 61 60
63 62 60
66 65 64
67 66 64
70 69 68
71 70 68
74 73 72
75 74 72
78 77 76
79 78 76
82 81 80
83 82 80
86 85 84
87 86 84
90 89 88
91 90 88
94 93 92
95 94 92
98 97 96
97 99 96
102 101 100
101 103 100
106 105 104
107 106 104
110 109 108
111 110 108
114 113 112
115 114 112
118 117 116
119 118 116
122 121 120
123 122 120
126 125 124
127 126 124
130 129 128
131 130 128
134 133 132
135 134 132
138 137 136
139 138 136
142 141 140
143 142 140
146 145 144
145 147 144
150 149 148
151 150 148
154 153 152
155 154 152
158 157 156
159 158 156
162 161 160
163 162 160
166 165 164
167 166 164
170 169 168
171 170 168
174 173 172
173 175 172
178 177 176
179 178 176
182 181 180
183 182 180
186 185 184
187 186 184
190 189 188
191 190 188
194 193 192
195 194 192
198 197 196
197 199 196
202 201 200
203 202 200
206 205 204
207 206 204
210 209 208
211 210 208
214 213 212
215 214 212
218 217 216
217 219 216
222 221 220
223 222 220
226 225 224
227 226 224
230 229 228
231 230 228
234 233 232
235 234 232
238 237 236
239 238 236
242 241 240
241 243 240
246 245 244
247 246 244
250 249 248
251 250 248
254 253 252
255 254 252
258 257 256
259 258 256
262 261 260
263 262 260
266 265 264
265 267 264
270 269 268
269 271 268
274 273 272
275 274 272
278 277 276
277 279 276
282 281 280
283 282 280
286 285 284
287 286 284
290 289 288
289 291 288
294 293 292
293 295 292
298 297 296
299 298 296
302 301 300
301 303 300
306 305 304
307 306 304
310 309 308
311 310 308
314 313 312
315 314 312
318 317 316
319 318 316
322 321 320
323 322 320
326 325 324
327 326 324
330 329 328
331 330 328
334 333 332
335 334 332
338 337 336
337 339 336
342 341 340
343 342 340
346 345 344
347 346 344
350 349 348
351 350 348
354 353 352
355 354 352
358 357 356
359 358 356
