0
6
sm00_materials\cp_materials\plastic\cp_rough_plastic_black_glossy_trim_01.material
1
0
120
-0.066162 7.725098 2.328369
0.001382 0.001382 -0.999998
0 0 0 0
0 0.03302
-0.060791 7.200684 2.328369
0.001382 0.001382 -0.999998
0 0 0 0
1 0.092285
-0.066162 7.200684 2.328369
0.001382 0.001382 -0.999998
0 0 0 0
1 0.03302
-0.060791 7.725098 2.328369
0.001382 0.001382 -0.999998
0 0 0 0
0 0.092285
-0.068848 7.725098 2.333008
-0.865729 0.001197 -0.500511
0 0 0 0
0 0.03302
-0.066162 7.725098 2.328369
-0.865729 0.001197 -0.500511
0 0 0 0
0 0.092285
-0.066162 7.200684 2.328369
-0.865729 0.001197 -0.500511
0 0 0 0
1 0.092285
-0.068848 7.200684 2.333008
-0.865729 0.001197 -0.500511
0 0 0 0
1 0.03302
-0.066162 7.725098 2.337646
-0.865729 0.001197 0.500511
0 0 0 0
0 0.03302
-0.068848 7.725098 2.333008
-0.865729 0.001197 0.500511
0 0 0 0
0 0.092285
-0.068848 7.200684 2.333008
-0.865729 0.001197 0.500511
0 0 0 0
1 0.092285
-0.066162 7.200684 2.337646
-0.865729 0.001197 0.500511
0 0 0 0
1 0.03302
-0.060791 7.725098 2.337646
-0.001382 0.001382 0.999998
0 0 0 0
0 0.03302
-0.066162 7.725098 2.337646
-0.001382 0.001382 0.999998
0 0 0 0
0 0.092285
-0.066162 7.200684 2.337646
-0.001382 0.001382 0.999998
0 0 0 0
1 0.092285
-0.060791 7.200684 2.337646
-0.001382 0.001382 0.999998
0 0 0 0
1 0.03302
-0.058105 7.725098 2.333008
0.86573 0.001197 0.500511
0 0 0 0
0 0.03302
-0.060791 7.725098 2.337646
0.86573 0.001197 0.500511
0 0 0 0
0 0.092285
-0.060791 7.200684 2.337646
0.86573 0.001197 0.500511
0 0 0 0
1 0.092285
-0.058105 7.200684 2.333008
0.86573 0.001197 0.500511
0 0 0 0
1 0.03302
-0.066162 7.725098 2.328369
0.000978 1 -0.000001
0 0 0 0
0.912476 0.2677
-0.058105 7.725098 2.333008
0.000978 1 -0.000001
0 0 0 0
0.96991 0.234375
-0.060791 7.725098 2.328369
0.000978 1 -0.000001
0 0 0 0
0.931396 0.234375
-0.060791 7.725098 2.337646
0.000978 1 -0.000001
0 0 0 0
0.98938 0.2677
-0.068848 7.725098 2.333008
0.000978 1 -0.000001
0 0 0 0
0.932007 0.301025
-0.066162 7.725098 2.337646
0.000978 1 -0.000001
0 0 0 0
0.97052 0.301025
-0.060791 7.725098 2.328369
0.86573 0.001197 -0.500511
0 0 0 0
0 0.03302
-0.058105 7.725098 2.333008
0.86573 0.001197 -0.500511
0 0 0 0
0 0.092285
-0.058105 7.200684 2.333008
0.86573 0.001197 -0.500511
0 0 0 0
1 0.092285
-0.060791 7.200684 2.328369
0.86573 0.001197 -0.500511
0 0 0 0
1 0.03302
-0.067627 7.216553 2.325684
0.001382 0.001382 -0.999998
0 0 0 0
0 0.03302
-0.059082 6.763672 2.325684
0.001382 0.001382 -0.999998
0 0 0 0
1 0.092285
-0.067627 6.763672 2.325684
0.001382 0.001382 -0.999998
0 0 0 0
1 0.03302
-0.059082 7.216553 2.325684
0.001382 0.001382 -0.999998
0 0 0 0
0 0.092285
-0.072021 7.216553 2.333008
-0.865729 0.001197 -0.500511
0 0 0 0
0 0.03302
-0.067627 7.216553 2.325684
-0.865729 0.001197 -0.500511
0 0 0 0
0 0.092285
-0.067627 6.763672 2.325684
-0.865729 0.001197 -0.500511
0 0 0 0
1 0.092285
-0.072021 6.763672 2.333008
-0.865729 0.001197 -0.500511
0 0 0 0
1 0.03302
-0.067627 7.216553 2.340332
-0.865729 0.001197 0.500511
0 0 0 0
0 0.03302
-0.072021 7.216553 2.333008
-0.865729 0.001197 0.500511
0 0 0 0
0 0.092285
-0.072021 6.763672 2.333008
-0.865729 0.001197 0.500511
0 0 0 0
1 0.092285
-0.067627 6.763672 2.340332
-0.865729 0.001197 0.500511
0 0 0 0
1 0.03302
-0.059082 7.216553 2.340332
-0.001382 -0.001382 0.999998
0 0 0 0
0 0.03302
-0.067627 7.216553 2.340332
-0.001382 -0.001382 0.999998
0 0 0 0
0 0.092285
-0.067627 6.763672 2.340332
-0.001382 -0.001382 0.999998
0 0 0 0
1 0.092285
-0.059082 6.763672 2.340332
-0.001382 -0.001382 0.999998
0 0 0 0
1 0.03302
-0.054932 7.216553 2.333008
0.86573 0.001197 0.500511
0 0 0 0
0 0.03302
-0.059082 7.216553 2.340332
0.86573 0.001197 0.500511
0 0 0 0
0 0.092285
-0.059082 6.763672 2.340332
0.86573 0.001197 0.500511
0 0 0 0
1 0.092285
-0.054932 6.763672 2.333008
0.86573 0.001197 0.500511
0 0 0 0
1 0.03302
-0.059082 7.216553 2.325684
0.000978 1 -0.000001
0 0 0 0
0.931396 0.234375
-0.059082 7.216553 2.340332
0.000978 1 -0.000001
0 0 0 0
0.98938 0.2677
-0.054932 7.216553 2.333008
0.000978 1 -0.000001
0 0 0 0
0.96991 0.234375
-0.067627 7.216553 2.325684
0.000978 1 -0.000001
0 0 0 0
0.912476 0.2677
-0.067627 7.216553 2.340332
0.000978 1 -0.000001
0 0 0 0
0.97052 0.301025
-0.072021 7.216553 2.333008
0.000978 1 -0.000001
0 0 0 0
0.932007 0.301025
-0.059082 7.216553 2.325684
0.86573 0.001197 -0.500511
0 0 0 0
0 0.03302
-0.054932 7.216553 2.333008
0.86573 0.001197 -0.500511
0 0 0 0
0 0.092285
-0.054932 6.763672 2.333008
0.86573 0.001197 -0.500511
0 0 0 0
1 0.092285
-0.059082 6.763672 2.325684
0.86573 0.001197 -0.500511
0 0 0 0
1 0.03302
-0.014404 7.389404 2.329346
0.001382 0.001382 -0.999998
0 0 0 0
0 0.03302
-0.01001 7.048096 2.329346
0.001382 0.001382 -0.999998
0 0 0 0
1 0.092285
-0.014404 7.048096 2.329346
0.001382 0.001382 -0.999998
0 0 0 0
1 0.03302
-0.01001 7.389404 2.329346
0.001382 0.001382 -0.999998
0 0 0 0
0 0.092285
-0.016602 7.389404 2.333008
-0.865729 0.001197 -0.500511
0 0 0 0
0 0.03302
-0.014404 7.389404 2.329346
-0.865729 0.001197 -0.500511
0 0 0 0
0 0.092285
-0.014404 7.048096 2.329346
-0.865729 0.001197 -0.500511
0 0 0 0
1 0.092285
-0.016602 7.048096 2.333008
-0.865729 0.001197 -0.500511
0 0 0 0
1 0.03302
-0.014404 7.389404 2.336914
-0.865729 0.001197 0.500511
0 0 0 0
0 0.03302
-0.016602 7.389404 2.333008
-0.865729 0.001197 0.500511
0 0 0 0
0 0.092285
-0.016602 7.048096 2.333008
-0.865729 0.001197 0.500511
0 0 0 0
1 0.092285
-0.014404 7.048096 2.336914
-0.865729 0.001197 0.500511
0 0 0 0
1 0.03302
-0.01001 7.389404 2.336914
-0.001382 0.001382 0.999998
0 0 0 0
0 0.03302
-0.014404 7.389404 2.336914
-0.001382 0.001382 0.999998
0 0 0 0
0 0.092285
-0.014404 7.048096 2.336914
-0.001382 0.001382 0.999998
0 0 0 0
1 0.092285
-0.01001 7.048096 2.336914
-0.001382 0.001382 0.999998
0 0 0 0
1 0.03302
-0.007812 7.389404 2.333008
0.86573 0.001197 0.500511
0 0 0 0
0 0.03302
-0.01001 7.389404 2.336914
0.86573 0.001197 0.500511
0 0 0 0
0 0.092285
-0.01001 7.048096 2.336914
0.86573 0.001197 0.500511
0 0 0 0
1 0.092285
-0.007812 7.048096 2.333008
0.86573 0.001197 0.500511
0 0 0 0
1 0.03302
-0.014404 7.389404 2.329346
0.000978 1 -0.000001
0 0 0 0
0.912476 0.2677
-0.007812 7.389404 2.333008
0.000978 1 -0.000001
0 0 0 0
0.96991 0.234375
-0.01001 7.389404 2.329346
0.000978 1 -0.000001
0 0 0 0
0.931396 0.234375
-0.01001 7.389404 2.336914
0.000978 1 -0.000001
0 0 0 0
0.98938 0.2677
-0.016602 7.389404 2.333008
0.000978 1 -0.000001
0 0 0 0
0.932007 0.301025
-0.014404 7.389404 2.336914
0.000978 1 -0.000001
0 0 0 0
0.97052 0.301025
-0.01001 7.389404 2.329346
0.86573 0.001197 -0.500511
0 0 0 0
0 0.03302
-0.007812 7.389404 2.333008
0.86573 0.001197 -0.500511
0 0 0 0
0 0.092285
-0.007812 7.048096 2.333008
0.86573 0.001197 -0.500511
0 0 0 0
1 0.092285
-0.01001 7.048096 2.329346
0.86573 0.001197 -0.500511
0 0 0 0
1 0.03302
-0.015625 7.05835 2.327148
0.001382 0.001382 -0.999998
0 0 0 0
0 0.03302
-0.008789 6.763672 2.327148
0.001382 0.001382 -0.999998
0 0 0 0
1 0.092285
-0.015625 6.763672 2.327148
0.001382 0.001382 -0.999998
0 0 0 0
1 0.03302
-0.008789 7.05835 2.327148
0.001382 0.001382 -0.999998
0 0 0 0
0 0.092285
-0.019043 7.05835 2.333008
-0.865729 0.001197 -0.500511
0 0 0 0
0 0.03302
-0.015625 7.05835 2.327148
-0.865729 0.001197 -0.500511
0 0 0 0
0 0.092285
-0.015625 6.763672 2.327148
-0.865729 0.001197 -0.500511
0 0 0 0
1 0.092285
-0.019043 6.763672 2.333008
-0.865729 0.001197 -0.500511
0 0 0 0
1 0.03302
-0.015625 7.05835 2.339111
-0.865729 0.001197 0.500511
0 0 0 0
0 0.03302
-0.019043 7.05835 2.333008
-0.865729 0.001197 0.500511
0 0 0 0
0 0.092285
-0.019043 6.763672 2.333008
-0.865729 0.001197 0.500511
0 0 0 0
1 0.092285
-0.015625 6.763672 2.339111
-0.865729 0.001197 0.500511
0 0 0 0
1 0.03302
-0.008789 7.05835 2.339111
-0.001382 -0.001382 0.999998
0 0 0 0
0 0.03302
-0.015625 7.05835 2.339111
-0.001382 -0.001382 0.999998
0 0 0 0
0 0.092285
-0.015625 6.763672 2.339111
-0.001382 -0.001382 0.999998
0 0 0 0
1 0.092285
-0.008789 6.763672 2.339111
-0.001382 -0.001382 0.999998
0 0 0 0
1 0.03302
-0.005371 7.05835 2.333008
0.86573 0.001197 0.500511
0 0 0 0
0 0.03302
-0.008789 7.05835 2.339111
0.86573 0.001197 0.500511
0 0 0 0
0 0.092285
-0.008789 6.763672 2.339111
0.86573 0.001197 0.500511
0 0 0 0
1 0.092285
-0.005371 6.763672 2.333008
0.86573 0.001197 0.500511
0 0 0 0
1 0.03302
-0.008789 7.05835 2.327148
0.000978 1 -0.000001
0 0 0 0
0.931396 0.234375
-0.008789 7.05835 2.339111
0.000978 1 -0.000001
0 0 0 0
0.98938 0.2677
-0.005371 7.05835 2.333008
0.000978 1 -0.000001
0 0 0 0
0.96991 0.234375
-0.015625 7.05835 2.327148
0.000978 1 -0.000001
0 0 0 0
0.912476 0.2677
-0.015625 7.05835 2.339111
0.000978 1 -0.000001
0 0 0 0
0.97052 0.301025
-0.019043 7.05835 2.333008
0.000978 1 -0.000001
0 0 0 0
0.932007 0.301025
-0.008789 7.05835 2.327148
0.86573 0.001197 -0.500511
0 0 0 0
0 0.03302
-0.005371 7.05835 2.333008
0.86573 0.001197 -0.500511
0 0 0 0
0 0.092285
-0.005371 6.763672 2.333008
0.86573 0.001197 -0.500511
0 0 0 0
1 0.092285
-0.008789 6.763672 2.327148
0.86573 0.001197 -0.500511
0 0 0 0
1 0.03302
64
2 1 0
1 3 0
6 5 4
7 6 4
10 9 8
11 10 8
14 13 12
15 14 12
18 17 16
19 18 16
22 21 20
21 23 20
20 23 24
23 25 24
28 27 26
29 28 26
32 31 30
31 33 30
36 35 34
37 36 34
40 39 38
41 40 38
44 43 42
45 44 42
48 47 46
49 48 46
52 51 50
51 53 50
51 54 53
54 55 53
58 57 56
59 58 56
62 61 60
61 63 60
66 65 64
67 66 64
70 69 68
71 70 68
74 73 72
75 74 72
78 77 76
79 78 76
82 81 80
81 83 80
80 83 84
83 85 84
88 87 86
89 88 86
92 91 90
91 93 90
96 95 94
97 96 94
100 99 98
101 100 98
104 103 102
105 104 102
108 107 106
109 108 106
112 111 110
111 113 110
111 114 113
114 115 113
118 117 116
119 118 116
sm01_materials\cp_materials\plastic\cp_rough_plastic_black_glossy_trim_01.material
1
0
296
-0.016602 6.066162 2.434326
0.000978 -1 0.000001
0 0 0 0
0 0.217712
0.016602 6.066162 2.434326
0.000978 -1 0.000001
0 0 0 0
0 0.217712
0.016602 6.066162 2.557617
0.000978 -1 0.000001
0 0 0 0
0 0.217712
-0.016602 6.066162 2.557617
0.000978 -1 0.000001
0 0 0 0
0 0.217712
-0.016602 6.097656 2.557617
-1 -0.000977 0.000001
0 0 0 0
0 0.217712
-0.016602 6.097656 2.434326
-1 -0.000977 0.000001
0 0 0 0
0 0.217712
-0.016602 6.066162 2.434326
-1 -0.000977 0.000001
0 0 0 0
0 0.217712
-0.016602 6.066162 2.557617
-1 -0.000977 0.000001
0 0 0 0
0 0.217712
0.016602 6.097656 2.557617
-0.000977 1 -0.000001
0 0 0 0
0 0.217712
0.016602 6.097656 2.434326
-0.000977 1 -0.000001
0 0 0 0
0 0.217712
-0.016602 6.097656 2.434326
-0.000977 1 -0.000001
0 0 0 0
0 0.217712
-0.016602 6.097656 2.557617
-0.000977 1 -0.000001
0 0 0 0
0 0.217712
0.016602 6.066162 2.434326
1 0.000978 -0.000001
0 0 0 0
0 0.217712
0.016602 6.097656 2.434326
1 0.000978 -0.000001
0 0 0 0
0 0.217712
0.016602 6.097656 2.557617
1 0.000978 -0.000001
0 0 0 0
0 0.217712
0.016602 6.066162 2.557617
1 0.000978 -0.000001
0 0 0 0
0 0.217712
0.033936 5.915039 2.353271
0.000978 -1 0.000001
0 0 0 0
0 0.217712
0.039551 5.915039 2.339355
0.000978 -1 0.000001
0 0 0 0
0 0.217712
0.053223 5.915039 2.345215
0.000978 -1 0.000001
0 0 0 0
0 0.217712
0.047607 5.915039 2.358887
0.000978 -1 0.000001
0 0 0 0
0 0.217712
0.039551 5.915039 2.339355
-0.922281 -0.067764 -0.380533
0 0 0 0
0 0.217712
0.033936 5.915039 2.353271
-0.922281 -0.067764 -0.380533
0 0 0 0
0 0.217712
0.028809 5.97168 2.355469
-0.923123 -0.033338 -0.383056
0 0 0 0
0 0.217712
0.037354 5.97168 2.334473
-0.923123 -0.033338 -0.383056
0 0 0 0
0 0.217712
0.037354 6.022461 2.334473
-0.923391 0.00115 -0.383858
0 0 0 0
0 0.217712
0.037354 5.97168 2.334473
-0.923123 -0.033338 -0.383056
0 0 0 0
0 0.217712
0.028809 6.022461 2.355469
-0.923391 0.00115 -0.383858
0 0 0 0
0 0.217712
0.053223 5.915039 2.345215
0.380816 -0.069116 -0.922064
0 0 0 0
0 0.217712
0.039551 5.915039 2.339355
0.380816 -0.069116 -0.922064
0 0 0 0
0 0.217712
0.037354 5.97168 2.334473
0.383607 -0.033888 -0.922875
0 0 0 0
0 0.217712
0.05835 5.97168 2.343018
0.383607 -0.033888 -0.922875
0 0 0 0
0 0.217712
0.037354 6.022461 2.334473
0.383666 0.001356 -0.923471
0 0 0 0
0 0.217712
0.05835 6.022461 2.343018
0.383666 0.001356 -0.923471
0 0 0 0
0 0.217712
0.049805 5.97168 2.364014
0.923123 -0.033338 0.383056
0 0 0 0
0 0.217712
0.047607 5.915039 2.358887
0.922281 -0.067764 0.380533
0 0 0 0
0 0.217712
0.053223 5.915039 2.345215
0.922281 -0.067764 0.380533
0 0 0 0
0 0.217712
0.05835 5.97168 2.343018
0.923123 -0.033338 0.383056
0 0 0 0
0 0.217712
0.033936 5.915039 2.353271
-0.380816 -0.069116 0.922064
0 0 0 0
0 0.217712
0.047607 5.915039 2.358887
-0.380816 -0.069116 0.922064
0 0 0 0
0 0.217712
0.049805 5.97168 2.364014
-0.383607 -0.033888 0.922875
0 0 0 0
0 0.217712
0.028809 5.97168 2.355469
-0.383607 -0.033888 0.922875
0 0 0 0
0 0.217712
0.049805 6.022461 2.364014
-0.383666 -0.001356 0.923471
0 0 0 0
0 0.217712
0.028809 6.022461 2.355469
-0.383666 -0.001356 0.923471
0 0 0 0
0 0.217712
0.049805 5.97168 2.364014
0.923123 -0.033338 0.383056
0 0 0 0
0 0.217712
0.05835 5.97168 2.343018
0.923123 -0.033338 0.383056
0 0 0 0
0 0.217712
0.05835 6.022461 2.343018
0.923391 0.00115 0.383858
0 0 0 0
0 0.217712
0.049805 6.022461 2.364014
0.923391 0.00115 0.383858
0 0 0 0
0 0.217712
-0.048828 5.915039 2.358887
0.000978 -1 0.000001
0 0 0 0
0 0.217712
-0.062744 5.915039 2.353271
0.000978 -1 0.000001
0 0 0 0
0 0.217712
-0.056885 5.915039 2.339355
0.000978 -1 0.000001
0 0 0 0
0 0.217712
-0.043213 5.915039 2.345215
0.000978 -1 0.000001
0 0 0 0
0 0.217712
-0.059082 5.97168 2.334473
-0.923123 -0.033338 -0.383056
0 0 0 0
0 0.217712
-0.056885 5.915039 2.339355
-0.922281 -0.067764 -0.380533
0 0 0 0
0 0.217712
-0.062744 5.915039 2.353271
-0.922281 -0.067764 -0.380533
0 0 0 0
0 0.217712
-0.067627 5.97168 2.355469
-0.923123 -0.033338 -0.383056
0 0 0 0
0 0.217712
-0.038086 5.97168 2.343018
0.383607 -0.033888 -0.922875
0 0 0 0
0 0.217712
-0.043213 5.915039 2.345215
0.380816 -0.069116 -0.922064
0 0 0 0
0 0.217712
-0.056885 5.915039 2.339355
0.380816 -0.069116 -0.922064
0 0 0 0
0 0.217712
-0.059082 5.97168 2.334473
0.383607 -0.033888 -0.922875
0 0 0 0
0 0.217712
-0.059082 6.022461 2.334473
0.383666 0.001356 -0.923471
0 0 0 0
0 0.217712
-0.046631 6.022461 2.364014
0.923391 0.00115 0.383858
0 0 0 0
0 0.217712
-0.038086 5.97168 2.343018
0.923123 -0.033338 0.383056
0 0 0 0
0 0.217712
-0.038086 6.022461 2.343018
0.923391 0.00115 0.383858
0 0 0 0
0 0.217712
-0.046631 5.97168 2.364014
0.923123 -0.033338 0.383056
0 0 0 0
0 0.217712
-0.043213 5.915039 2.345215
0.922281 -0.067764 0.380533
0 0 0 0
0 0.217712
-0.048828 5.915039 2.358887
0.922281 -0.067764 0.380533
0 0 0 0
0 0.217712
-0.067627 5.97168 2.355469
-0.383607 -0.033888 0.922875
0 0 0 0
0 0.217712
-0.062744 5.915039 2.353271
-0.380816 -0.069116 0.922064
0 0 0 0
0 0.217712
-0.048828 5.915039 2.358887
-0.380816 -0.069116 0.922064
0 0 0 0
0 0.217712
-0.067627 5.97168 2.355469
-0.383607 -0.033888 0.922875
0 0 0 0
0 0.217712
-0.048828 5.915039 2.358887
-0.380816 -0.069116 0.922064
0 0 0 0
0 0.217712
-0.046631 5.97168 2.364014
-0.383607 -0.033888 0.922875
0 0 0 0
0 0.217712
-0.046631 6.022461 2.364014
-0.383666 -0.001356 0.923471
0 0 0 0
0 0.217712
-0.067627 6.022461 2.355469
-0.383666 -0.001356 0.923471
0 0 0 0
0 0.217712
-0.046631 6.022461 2.364014
0.923391 0.00115 0.383858
0 0 0 0
0 0.217712
-0.046631 5.97168 2.364014
0.923123 -0.033338 0.383056
0 0 0 0
0 0.217712
-0.038086 5.97168 2.343018
0.923123 -0.033338 0.383056
0 0 0 0
0 0.217712
-0.038086 5.97168 2.343018
0.383607 -0.033888 -0.922875
0 0 0 0
0 0.217712
-0.059082 6.022461 2.334473
0.383666 0.001356 -0.923471
0 0 0 0
0 0.217712
-0.038086 6.022461 2.343018
0.383666 0.001356 -0.923471
0 0 0 0
0 0.217712
-0.059082 5.97168 2.334473
-0.923123 -0.033338 -0.383056
0 0 0 0
0 0.217712
-0.067627 5.97168 2.355469
-0.923123 -0.033338 -0.383056
0 0 0 0
0 0.217712
-0.067627 6.022461 2.355469
-0.923391 0.00115 -0.383858
0 0 0 0
0 0.217712
-0.059082 6.022461 2.334473
-0.923391 0.00115 -0.383858
0 0 0 0
0 0.217712
0.109375 6.020752 2.294434
0.000978 -1 0.000001
0 0 0 0
0 0.217712
0.109375 6.020752 2.333008
0.000978 -1 0.000001
0 0 0 0
0 0.217712
-0.109131 6.020752 2.333008
0.000978 -1 0.000001
0 0 0 0
0 0.217712
-0.109131 6.020752 2.294434
0.000978 -1 0.000001
0 0 0 0
0 0.217712
-0.109131 6.020752 2.333008
0.000978 -1 0.000001
0 0 0 0
0 0.217712
0.109375 6.020752 2.333008
0.000978 -1 0.000001
0 0 0 0
0 0.217712
0.109375 6.020752 2.391113
0.000978 -1 0.000001
0 0 0 0
0 0.217712
-0.109375 6.020752 2.391113
0.000978 -1 0.000001
0 0 0 0
0 0.217712
0.109375 6.020752 2.333008
1 -0.000977 -0.000001
0 0 0 0
0 0.217712
0.109375 6.1521 2.333008
1 -0.000977 -0.000001
0 0 0 0
0 0.217712
0.109375 6.1521 2.391113
1 0.000978 -0.000001
0 0 0 0
0 0.217712
0.109375 6.020752 2.391113
1 0.000978 -0.000001
0 0 0 0
0 0.217712
0.109375 6.020752 2.333008
1 -0.000977 -0.000001
0 0 0 0
0 0.217712
0.109375 6.020752 2.294434
1 0.000978 -0.000001
0 0 0 0
0 0.217712
0.109375 6.1521 2.294434
1 -0.000977 0.000001
0 0 0 0
0 0.217712
0.109375 6.1521 2.333008
1 -0.000977 -0.000001
0 0 0 0
0 0.217712
0.109375 6.020752 2.294434
0.001382 0.001382 -0.999998
0 0 0 0
0 0.217712
-0.109131 6.020752 2.294434
0.001382 0.001382 -0.999998
0 0 0 0
0 0.217712
-0.109131 6.1521 2.294434
0.001382 0.001382 -0.999998
0 0 0 0
0 0.217712
0.109375 6.020752 2.294434
0.001382 0.001382 -0.999998
0 0 0 0
0 0.217712
-0.109131 6.1521 2.294434
0.001382 0.001382 -0.999998
0 0 0 0
0 0.217712
0.109375 6.1521 2.294434
0.001382 0.001382 -0.999998
0 0 0 0
0 0.217712
-0.109131 6.020752 2.294434
-1 -0.000977 0.000001
0 0 0 0
0 0.217712
-0.109131 6.020752 2.333008
-1 0.000978 0.000001
0 0 0 0
0 0.217712
-0.109131 6.1521 2.333008
-1 0.000978 0.000001
0 0 0 0
0 0.217712
-0.109131 6.1521 2.294434
-1 0.000978 0.000001
0 0 0 0
0 0.217712
-0.109375 6.1521 2.391113
-1 0.000978 0.000001
0 0 0 0
0 0.217712
-0.109131 6.1521 2.333008
-1 0.000978 0.000001
0 0 0 0
0 0.217712
-0.109131 6.020752 2.333008
-1 0.000978 0.000001
0 0 0 0
0 0.217712
-0.109375 6.020752 2.391113
-1 -0.000977 0.000001
0 0 0 0
0 0.217712
0.109375 6.020752 2.391113
-0.001382 -0.001382 0.999998
0 0 0 0
0 0.217712
0.109375 6.1521 2.391113
-0.001382 -0.001382 0.999998
0 0 0 0
0 0.217712
-0.109375 6.1521 2.391113
-0.001382 -0.001382 0.999998
0 0 0 0
0 0.217712
-0.109375 6.020752 2.391113
-0.001382 -0.001382 0.999998
0 0 0 0
0 0.217712
-0.109131 6.830566 2.333008
-1 0.000978 0.000001
0 0 0 0
0 0.217712
-0.109131 6.781494 2.333008
-1 0.000978 0.000001
0 0 0 0
0 0.217712
-0.109375 6.781494 2.391113
-1 0.000978 0.000001
0 0 0 0
0 0.217712
-0.109375 6.830566 2.391113
-1 -0.000977 0.000001
0 0 0 0
0 0.217712
-0.109131 6.830566 2.294434
-1 -0.000977 0.000001
0 0 0 0
0 0.217712
-0.109131 6.781494 2.294434
-1 0.000978 -0.000001
0 0 0 0
0 0.217712
-0.109131 6.781494 2.333008
-1 0.000978 0.000001
0 0 0 0
0 0.217712
-0.109131 6.830566 2.333008
-1 0.000978 0.000001
0 0 0 0
0 0.217712
0.109375 6.830566 2.294434
-0.000977 1 -0.000001
0 0 0 0
0 0.217712
-0.109131 6.830566 2.294434
-0.000977 1 -0.000001
0 0 0 0
0 0.217712
-0.109131 6.830566 2.333008
0.000978 1 -0.000001
0 0 0 0
0 0.217712
0.109375 6.830566 2.333008
0.000978 1 -0.000001
0 0 0 0
0 0.217712
0.109375 6.830566 2.391113
-0.000977 1 -0.000001
0 0 0 0
0 0.217712
0.109375 6.830566 2.333008
0.000978 1 -0.000001
0 0 0 0
0 0.217712
-0.109131 6.830566 2.333008
0.000978 1 -0.000001
0 0 0 0
0 0.217712
-0.109375 6.830566 2.391113
-0.000977 1 -0.000001
0 0 0 0
0 0.217712
0.109375 6.781494 2.294434
0.001382 0.001382 -0.999998
0 0 0 0
0 0.217712
-0.109131 6.781494 2.294434
0.001382 0.001382 -0.999998
0 0 0 0
0 0.217712
-0.109131 6.830566 2.294434
0.001382 0.001382 -0.999998
0 0 0 0
0 0.217712
0.109375 6.830566 2.294434
0.001382 0.001382 -0.999998
0 0 0 0
0 0.217712
0.109375 6.830566 2.294434
1 0.000978 -0.000001
0 0 0 0
0 0.217712
0.109375 6.830566 2.333008
1 0.000978 -0.000001
0 0 0 0
0 0.217712
0.109375 6.781494 2.333008
1 0.000978 -0.000001
0 0 0 0
0 0.217712
0.109375 6.781494 2.294434
1 0.000978 -0.000001
0 0 0 0
0 0.217712
0.109375 6.781494 2.391113
1 0.000978 -0.000001
0 0 0 0
0 0.217712
0.109375 6.781494 2.333008
1 0.000978 -0.000001
0 0 0 0
0 0.217712
0.109375 6.830566 2.333008
1 0.000978 -0.000001
0 0 0 0
0 0.217712
0.109375 6.830566 2.391113
1 0.000978 -0.000001
0 0 0 0
0 0.217712
-0.109375 6.781494 2.391113
-0.001382 -0.001382 0.999998
0 0 0 0
0 0.217712
0.109375 6.781494 2.391113
-0.001382 -0.001382 0.999998
0 0 0 0
0 0.217712
0.109375 6.830566 2.391113
-0.001382 -0.001382 0.999998
0 0 0 0
0 0.217712
-0.109375 6.830566 2.391113
-0.001382 -0.001382 0.999998
0 0 0 0
0 0.217712
0.109375 6.162354 2.391113
1 0.000978 -0.000001
0 0 0 0
0 0.217712
0.109375 6.162354 2.333008
1 0.000978 -0.000001
0 0 0 0
0 0.217712
0.109375 6.763672 2.333008
1 0.000978 -0.000001
0 0 0 0
0 0.217712
0.109375 6.763672 2.391113
1 0.000978 -0.000001
0 0 0 0
0 0.217712
0.109375 6.763672 2.294434
1 0.000978 -0.000001
0 0 0 0
0 0.217712
0.109375 6.763672 2.333008
1 0.000978 -0.000001
0 0 0 0
0 0.217712
0.109375 6.162354 2.333008
1 0.000978 -0.000001
0 0 0 0
0 0.217712
0.109375 6.162354 2.294434
1 0.000978 -0.000001
0 0 0 0
0 0.217712
0.109375 6.763672 2.294434
0.001382 0.001382 -0.999998
0 0 0 0
0 0.217712
0.109375 6.162354 2.294434
0.001382 0.001382 -0.999998
0 0 0 0
0 0.217712
-0.109131 6.162354 2.294434
0.001382 0.001382 -0.999998
0 0 0 0
0 0.217712
-0.109131 6.763672 2.294434
0.001382 0.001382 -0.999998
0 0 0 0
0 0.217712
-0.109131 6.162354 2.333008
-1 -0.000977 0.000001
0 0 0 0
0 0.217712
-0.109131 6.763672 2.333008
-1 -0.000977 0.000001
0 0 0 0
0 0.217712
-0.109131 6.763672 2.294434
-1 -0.000977 0.000001
0 0 0 0
0 0.217712
-0.109131 6.162354 2.294434
-1 -0.000977 0.000001
0 0 0 0
0 0.217712
-0.109375 6.763672 2.391113
-1 0.000978 0.000001
0 0 0 0
0 0.217712
-0.109131 6.763672 2.333008
-1 -0.000977 0.000001
0 0 0 0
0 0.217712
-0.109131 6.162354 2.333008
-1 -0.000977 0.000001
0 0 0 0
0 0.217712
-0.109375 6.162354 2.391113
-1 0.000978 0.000001
0 0 0 0
0 0.217712
-0.109375 6.763672 2.391113
-0.001382 -0.001382 0.999998
0 0 0 0
0 0.217712
-0.109375 6.162354 2.391113
-0.001382 -0.001382 0.999998
0 0 0 0
0 0.217712
0.109375 6.162354 2.391113
-0.001382 -0.001382 0.999998
0 0 0 0
0 0.217712
-0.109375 6.763672 2.391113
-0.001382 -0.001382 0.999998
0 0 0 0
0 0.217712
0.109375 6.162354 2.391113
-0.001382 -0.001382 0.999998
0 0 0 0
0 0.217712
0.109375 6.763672 2.391113
-0.001382 -0.001382 0.999998
0 0 0 0
0 0.217712
-0.016602 6.409912 2.434326
0.000978 -1 0.000001
0 0 0 0
0 0.217712
0.016602 6.409912 2.434326
0.000978 -1 0.000001
0 0 0 0
0 0.217712
0.016602 6.409912 2.557617
0.000978 -1 0.000001
0 0 0 0
0 0.217712
-0.016602 6.409912 2.557617
0.000978 -1 0.000001
0 0 0 0
0 0.217712
-0.016602 6.441406 2.557617
-1 -0.000977 0.000001
0 0 0 0
0 0.217712
-0.016602 6.441406 2.434326
-1 -0.000977 0.000001
0 0 0 0
0 0.217712
-0.016602 6.409912 2.434326
-1 -0.000977 0.000001
0 0 0 0
0 0.217712
-0.016602 6.409912 2.557617
-1 -0.000977 0.000001
0 0 0 0
0 0.217712
0.016602 6.441406 2.557617
-0.000977 1 -0.000001
0 0 0 0
0 0.217712
0.016602 6.441406 2.434326
-0.000977 1 -0.000001
0 0 0 0
0 0.217712
-0.016602 6.441406 2.434326
-0.000977 1 -0.000001
0 0 0 0
0 0.217712
-0.016602 6.441406 2.557617
-0.000977 1 -0.000001
0 0 0 0
0 0.217712
0.016602 6.409912 2.434326
1 0.000978 -0.000001
0 0 0 0
0 0.217712
0.016602 6.441406 2.434326
1 0.000978 -0.000001
0 0 0 0
0 0.217712
0.016602 6.441406 2.557617
1 0.000978 -0.000001
0 0 0 0
0 0.217712
0.016602 6.409912 2.557617
1 0.000978 -0.000001
0 0 0 0
0 0.217712
0.0354 6.05835 2.505371
1 0.000978 -0.000001
0 0 0 0
0 0.217712
0.0354 6.097656 2.434326
1 0.000978 -0.000001
0 0 0 0
0.59314 0.091858
0.0354 6.097656 2.505371
1 0.000978 -0.000001
0 0 0 0
0 0.091858
0.0354 6.05835 2.434326
1 0.000978 -0.000001
0 0 0 0
0.59314 0.217712
0.0354 6.05835 2.385742
1 0.000978 -0.000001
0 0 0 0
1 0.217712
0.0354 6.097656 2.385742
1 0.000978 -0.000001
0 0 0 0
1 0.091858
0.019287 6.05835 2.505371
0.001382 0.001382 0.999998
0 0 0 0
0 0.226501
0.0354 6.05835 2.505371
0.001382 0.001382 0.999998
0 0 0 0
1 0.226501
0.0354 6.097656 2.505371
0.001382 0.001382 0.999998
0 0 0 0
1 0.088928
0.019287 6.097656 2.505371
0.001382 0.001382 0.999998
0 0 0 0
0 0.088928
0.019287 6.05835 2.456055
0.000978 -1 -0.000001
0 0 0 0
0.418152 0.794739
0.0354 6.05835 2.505371
0.000978 -1 -0.000001
0 0 0 0
0.707581 0.8927
0.019287 6.05835 2.505371
0.000978 -1 -0.000001
0 0 0 0
0.707581 0.794739
0.0354 6.05835 2.434326
0.000978 -1 -0.000001
0 0 0 0
0.290588 0.8927
-0.019287 6.05835 2.456055
0.000978 -1 -0.000001
0 0 0 0
0.418152 0.564148
-0.0354 6.05835 2.434326
0.000978 -1 -0.000001
0 0 0 0
0.290588 0.466187
-0.0354 6.05835 2.505371
0.000978 -1 -0.000001
0 0 0 0
0.707581 0.466187
-0.019287 6.05835 2.505371
0.000978 -1 -0.000001
0 0 0 0
0.707581 0.564148
-0.0354 6.05835 2.385742
0.000978 -1 -0.000001
0 0 0 0
0.004517 0.466187
0.0354 6.05835 2.385742
0.000978 -1 -0.000001
0 0 0 0
0.004517 0.8927
-0.019287 6.097656 2.456055
0.000978 1 -0.000001
0 0 0 0
0.433777 0.80304
-0.0354 6.097656 2.505371
0.000978 1 -0.000001
0 0 0 0
0.736023 0.903015
-0.019287 6.097656 2.505371
0.000978 1 -0.000001
0 0 0 0
0.736023 0.80304
-0.0354 6.097656 2.434326
0.000978 1 -0.000001
0 0 0 0
0.300598 0.903015
0.0354 6.097656 2.434326
0.000978 1 -0.000001
0 0 0 0
0.300598 0.46759
0.019287 6.097656 2.456055
0.000978 1 -0.000001
0 0 0 0
0.433777 0.567566
0.0354 6.097656 2.505371
0.000978 1 -0.000001
0 0 0 0
0.736023 0.46759
0.019287 6.097656 2.505371
0.000978 1 -0.000001
0 0 0 0
0.736023 0.567566
0.0354 6.097656 2.385742
0.000978 1 -0.000001
0 0 0 0
0.001892 0.46759
-0.0354 6.097656 2.385742
0.000978 1 -0.000001
0 0 0 0
0.001892 0.903015
-0.0354 6.05835 2.505371
0.001382 0.001382 0.999998
0 0 0 0
0 0.226501
-0.019287 6.097656 2.505371
0.001382 0.001382 0.999998
0 0 0 0
1 0.088928
-0.0354 6.097656 2.505371
0.001382 0.001382 0.999998
0 0 0 0
0 0.088928
-0.019287 6.05835 2.505371
0.001382 0.001382 0.999998
0 0 0 0
1 0.226501
-0.0354 6.097656 2.505371
-1 0.000978 -0.000001
0 0 0 0
0 0.217712
-0.0354 6.05835 2.434326
-1 0.000978 -0.000001
0 0 0 0
0.59314 0.091858
-0.0354 6.05835 2.505371
-1 0.000978 -0.000001
0 0 0 0
0 0.091858
-0.0354 6.097656 2.434326
-1 0.000978 -0.000001
0 0 0 0
0.59314 0.217712
-0.0354 6.097656 2.385742
-1 0.000978 -0.000001
0 0 0 0
1 0.217712
-0.0354 6.05835 2.385742
-1 0.000978 -0.000001
0 0 0 0
1 0.091858
0.019287 6.05835 2.456055
-1 0.000978 -0.000001
0 0 0 0
0 0.226501
0.019287 6.05835 2.505371
-1 0.000978 -0.000001
0 0 0 0
1 0.226501
0.019287 6.097656 2.505371
-1 0.000978 -0.000001
0 0 0 0
1 0.088928
0.019287 6.097656 2.456055
-1 0.000978 -0.000001
0 0 0 0
0 0.088928
-0.019287 6.097656 2.456055
1 0.000978 -0.000001
0 0 0 0
0 0.226501
-0.019287 6.097656 2.505371
1 0.000978 -0.000001
0 0 0 0
1 0.226501
-0.019287 6.05835 2.505371
1 0.000978 -0.000001
0 0 0 0
1 0.088928
-0.019287 6.05835 2.456055
1 0.000978 -0.000001
0 0 0 0
0 0.088928
-0.019287 6.05835 2.456055
-0.001382 0.001382 0.999998
0 0 0 0
0 0.226501
0.019287 6.05835 2.456055
-0.001382 0.001382 0.999998
0 0 0 0
1 0.226501
0.019287 6.097656 2.456055
-0.001382 0.001382 0.999998
0 0 0 0
1 0.088928
-0.019287 6.097656 2.456055
-0.001382 0.001382 0.999998
0 0 0 0
0 0.088928
0.0354 6.404053 2.505371
1 0.000978 -0.000001
0 0 0 0
0 0.217712
0.0354 6.443604 2.434326
1 0.000978 -0.000001
0 0 0 0
0.59314 0.091858
0.0354 6.443604 2.505371
1 0.000978 -0.000001
0 0 0 0
0 0.091858
0.0354 6.404053 2.434326
1 0.000978 -0.000001
0 0 0 0
0.59314 0.217712
0.0354 6.404053 2.385742
1 0.000978 -0.000001
0 0 0 0
1 0.217712
0.0354 6.443604 2.385742
1 0.000978 -0.000001
0 0 0 0
1 0.091858
0.019287 6.404053 2.505371
0.001382 0.001382 0.999998
0 0 0 0
0 0.226501
0.0354 6.404053 2.505371
0.001382 0.001382 0.999998
0 0 0 0
1 0.226501
0.0354 6.443604 2.505371
0.001382 0.001382 0.999998
0 0 0 0
1 0.088928
0.019287 6.443604 2.505371
0.001382 0.001382 0.999998
0 0 0 0
0 0.088928
0.019287 6.404053 2.456055
0.000978 -1 -0.000001
0 0 0 0
0.418152 0.794739
0.0354 6.404053 2.505371
0.000978 -1 -0.000001
0 0 0 0
0.707581 0.8927
0.019287 6.404053 2.505371
0.000978 -1 -0.000001
0 0 0 0
0.707581 0.794739
0.0354 6.404053 2.434326
0.000978 -1 -0.000001
0 0 0 0
0.290588 0.8927
-0.019287 6.404053 2.456055
0.000978 -1 -0.000001
0 0 0 0
0.418152 0.564148
-0.0354 6.404053 2.434326
0.000978 -1 -0.000001
0 0 0 0
0.290588 0.466187
-0.0354 6.404053 2.505371
0.000978 -1 -0.000001
0 0 0 0
0.707581 0.466187
-0.019287 6.404053 2.505371
0.000978 -1 -0.000001
0 0 0 0
0.707581 0.564148
-0.0354 6.404053 2.385742
0.000978 -1 -0.000001
0 0 0 0
0.004517 0.466187
0.0354 6.404053 2.385742
0.000978 -1 -0.000001
0 0 0 0
0.004517 0.8927
-0.019287 6.443604 2.456055
0.000978 1 0.000001
0 0 0 0
0.433777 0.80304
-0.0354 6.443604 2.505371
0.000978 1 -0.000001
0 0 0 0
0.736023 0.903015
-0.019287 6.443604 2.505371
0.000978 1 -0.000001
0 0 0 0
0.736023 0.80304
-0.0354 6.443604 2.434326
0.000978 1 0.000001
0 0 0 0
0.300598 0.903015
0.0354 6.443604 2.434326
0.000978 1 0.000001
0 0 0 0
0.300598 0.46759
0.019287 6.443604 2.456055
0.000978 1 0.000001
0 0 0 0
0.433777 0.567566
0.0354 6.443604 2.505371
0.000978 1 -0.000001
0 0 0 0
0.736023 0.46759
0.019287 6.443604 2.505371
0.000978 1 -0.000001
0 0 0 0
0.736023 0.567566
0.0354 6.443604 2.385742
0.000978 1 -0.000001
0 0 0 0
0.001892 0.46759
-0.0354 6.443604 2.385742
0.000978 1 -0.000001
0 0 0 0
0.001892 0.903015
-0.0354 6.404053 2.505371
0.001382 0.001382 0.999998
0 0 0 0
0 0.226501
-0.019287 6.443604 2.505371
0.001382 0.001382 0.999998
0 0 0 0
1 0.088928
-0.0354 6.443604 2.505371
0.001382 0.001382 0.999998
0 0 0 0
0 0.088928
-0.019287 6.404053 2.505371
0.001382 0.001382 0.999998
0 0 0 0
1 0.226501
-0.0354 6.443604 2.505371
-1 0.000978 -0.000001
0 0 0 0
0 0.217712
-0.0354 6.404053 2.434326
-1 0.000978 -0.000001
0 0 0 0
0.59314 0.091858
-0.0354 6.404053 2.505371
-1 0.000978 -0.000001
0 0 0 0
0 0.091858
-0.0354 6.443604 2.434326
-1 0.000978 -0.000001
0 0 0 0
0.59314 0.217712
-0.0354 6.443604 2.385742
-1 0.000978 -0.000001
0 0 0 0
1 0.217712
-0.0354 6.404053 2.385742
-1 0.000978 -0.000001
0 0 0 0
1 0.091858
0.019287 6.404053 2.456055
-1 0.000978 -0.000001
0 0 0 0
0 0.226501
0.019287 6.404053 2.505371
-1 0.000978 -0.000001
0 0 0 0
1 0.226501
0.019287 6.443604 2.505371
-1 0.000978 -0.000001
0 0 0 0
1 0.088928
0.019287 6.443604 2.456055
-1 0.000978 -0.000001
0 0 0 0
0 0.088928
-0.019287 6.443604 2.456055
1 0.000978 -0.000001
0 0 0 0
0 0.226501
-0.019287 6.443604 2.505371
1 0.000978 -0.000001
0 0 0 0
1 0.226501
-0.019287 6.404053 2.505371
1 0.000978 -0.000001
0 0 0 0
1 0.088928
-0.019287 6.404053 2.456055
1 0.000978 -0.000001
0 0 0 0
0 0.088928
-0.019287 6.404053 2.456055
-0.001382 0.001382 0.999998
0 0 0 0
0 0.226501
0.019287 6.404053 2.456055
-0.001382 0.001382 0.999998
0 0 0 0
1 0.226501
0.019287 6.443604 2.456055
-0.001382 0.001382 0.999998
0 0 0 0
1 0.088928
-0.019287 6.443604 2.456055
-0.001382 0.001382 0.999998
0 0 0 0
0 0.088928
164
2 1 0
3 2 0
6 5 4
7 6 4
10 9 8
11 10 8
14 13 12
15 14 12
18 17 16
19 18 16
22 21 20
23 22 20
22 25 24
26 22 24
29 28 27
30 29 27
31 29 30
32 31 30
35 34 33
36 35 33
39 38 37
40 39 37
41 39 40
42 41 40
45 44 43
46 45 43
49 48 47
50 49 47
53 52 51
54 53 51
57 56 55
58 57 55
59 58 55
62 61 60
61 64 63
64 65 63
68 67 66
71 70 69
72 71 69
73 72 69
76 75 74
79 78 77
82 81 80
83 82 80
86 85 84
87 86 84
90 89 88
91 90 88
94 93 92
95 94 92
98 97 96
99 98 96
102 101 100
105 104 103
108 107 106
109 108 106
112 111 110
113 112 110
116 115 114
117 116 114
120 119 118
121 120 118
124 123 122
125 124 122
128 127 126
129 128 126
132 131 130
133 132 130
136 135 134
137 136 134
140 139 138
141 140 138
144 143 142
145 144 142
148 147 146
149 148 146
152 151 150
153 152 150
156 155 154
157 156 154
160 159 158
161 160 158
164 163 162
165 164 162
168 167 166
169 168 166
172 171 170
175 174 173
178 177 176
179 178 176
182 181 180
183 182 180
186 185 184
187 186 184
190 189 188
191 190 188
194 193 192
193 195 192
196 195 193
197 196 193
200 199 198
201 200 198
204 203 202
203 205 202
202 205 206
205 207 206
206 207 208
209 206 208
210 207 205
211 210 205
214 213 212
213 215 212
215 216 212
216 217 212
217 216 218
219 217 218
220 216 215
221 220 215
224 223 222
223 225 222
228 227 226
227 229 226
230 229 227
231 230 227
234 233 232
235 234 232
238 237 236
239 238 236
242 241 240
243 242 240
246 245 244
245 247 244
248 247 245
249 248 245
252 251 250
253 252 250
256 255 254
255 257 254
254 257 258
257 259 258
258 259 260
261 258 260
262 259 257
263 262 257
266 265 264
265 267 264
267 268 264
268 269 264
269 268 270
271 269 270
272 268 267
273 272 267
276 275 274
275 277 274
280 279 278
279 281 278
282 281 279
283 282 279
286 285 284
287 286 284
290 289 288
291 290 288
294 293 292
295 294 292
sm02_materials\cp_materials\metal\cp_base_steel_trim_01.material
1
0
2943
-0.084473 0.0896 0.060547
0.80959 -0.586731 -0.017642
0 0 0 0
0 0.603088
-0.088379 0.074951 0.625
0.310274 -0.950523 -0.015364
0 0 0 0
1 0.578857
-0.095947 0.081299 0.060547
0.307926 -0.951323 -0.012872
0 0 0 0
0 0.578857
-0.077881 0.082764 0.625
0.808683 -0.588044 -0.015364
0 0 0 0
1 0.603088
-0.07373 0.094971 0.625
0.999927 -0.00295 -0.011687
0 0 0 0
1 0.627319
-0.080078 0.102783 0.060547
0.999927 0.00295 -0.011687
0 0 0 0
0 0.627319
-0.077881 0.107178 0.625
0.81055 0.585669 -0.000465
0 0 0 0
1 0.65155
-0.084473 0.116211 0.060547
0.806405 0.591364 0.000116
0 0 0 0
0 0.65155
-0.088379 0.114746 0.625
0.312059 0.949957 0.014156
0 0 0 0
1 0.675781
-0.095947 0.124512 0.060547
0.305579 0.95211 0.010365
0 0 0 0
0 0.675781
-0.101318 0.114746 0.625
-0.30725 0.951387 0.021441
0 0 0 0
1 0.700012
-0.109863 0.124512 0.060547
-0.310837 0.950272 0.019049
0 0 0 0
0 0.700012
-0.111816 0.107178 0.625
-0.809759 0.586309 0.023047
0 0 0 0
1 0.724243
-0.121338 0.116211 0.060547
-0.80812 0.588533 0.023903
0 0 0 0
0 0.724243
-0.125488 0.102783 0.060547
-0.999807 0.002961 0.019446
0 0 0 0
0 0.748474
-0.115723 0.094971 0.625
-0.999874 -0.002955 0.015571
0 0 0 0
1 0.748474
-0.121338 0.0896 0.060547
-0.810794 -0.585301 0.005916
0 0 0 0
0 0.772705
-0.111816 0.082764 0.625
-0.806643 -0.591015 0.005342
0 0 0 0
1 0.772705
-0.109863 0.081299 0.060547
-0.312692 -0.949838 -0.005549
0 0 0 0
0 0.796875
-0.101318 0.074951 0.625
-0.305018 -0.952323 -0.006657
0 0 0 0
1 0.796936
-0.095947 0.081299 0.060547
0.307926 -0.951323 -0.012872
0 0 0 0
0 0.821106
-0.088379 0.074951 0.625
0.310274 -0.950523 -0.015364
0 0 0 0
1 0.821106
-0.061035 -0.070801 2.489502
0.733523 0.001267 -0.679663
0 0 0 0
0.574158 0.466248
-0.068115 -0.070801 2.486084
0.001382 0.001382 -0.999998
0 0 0 0
0.586975 0.466248
-0.068115 0.071045 2.486084
0.001382 0.001382 -0.999998
0 0 0 0
0.586975 0.221252
-0.061035 0.071045 2.489502
0.733523 0.001267 -0.679663
0 0 0 0
0.574158 0.221252
-0.056641 -0.070557 2.498291
0.974522 0.001082 -0.224291
0 0 0 0
0.561401 0.466248
-0.056641 0.070801 2.498291
0.974522 0.001082 -0.224291
0 0 0 0
0.561401 0.221252
-0.056641 -0.070557 2.509277
0.980504 0.001069 0.196496
0 0 0 0
0.548584 0.466248
-0.056641 0.070801 2.509277
0.980504 0.001069 0.196496
0 0 0 0
0.548584 0.221252
-0.060791 -0.070312 2.518066
0.747745 0.001261 0.663984
0 0 0 0
0.535767 0.466248
-0.060791 0.070557 2.518066
0.747745 0.001261 0.663984
0 0 0 0
0.535767 0.221252
-0.067627 -0.070312 2.521484
0.001382 0.001382 0.999998
0 0 0 0
0.522949 0.466248
-0.067627 0.070557 2.521484
0.001382 0.001382 0.999998
0 0 0 0
0.522949 0.221252
-0.074463 0.070557 2.518066
-0.735571 0.001266 0.677446
0 0 0 0
0.510193 0.221252
-0.074463 -0.070312 2.518066
-0.735571 0.001266 0.677446
0 0 0 0
0.510193 0.466248
-0.078857 0.070801 2.509277
-0.974522 0.001082 0.224291
0 0 0 0
0.497375 0.221252
-0.078857 -0.070557 2.509277
-0.974522 0.001082 0.224291
0 0 0 0
0.497375 0.466248
-0.079102 0.070801 2.498291
-0.980504 0.001069 -0.196496
0 0 0 0
0.484558 0.221252
-0.079102 -0.070557 2.498291
-0.980504 0.001069 -0.196496
0 0 0 0
0.484558 0.466248
-0.074951 0.071045 2.489502
-0.743709 0.001263 -0.668502
0 0 0 0
0.471741 0.221252
-0.074951 -0.070801 2.489502
-0.743709 0.001263 -0.668502
0 0 0 0
0.471741 0.466248
-0.068115 0.071045 2.486084
0.001382 0.001382 -0.999998
0 0 0 0
0.458984 0.221252
-0.068115 -0.070801 2.486084
0.001382 0.001382 -0.999998
0 0 0 0
0.458984 0.466248
-0.077148 -0.088867 1.25708
0.651976 0.001296 -0.758239
0 0 0 0
0.742676 0.466248
-0.085693 -0.088867 1.253662
0.001382 0.001382 -0.999998
0 0 0 0
0.755493 0.466248
-0.085693 0.089111 1.253662
0.001382 0.001382 -0.999998
0 0 0 0
0.755493 0.221252
-0.077148 0.088867 1.25708
0.651976 0.001296 -0.758239
0 0 0 0
0.742676 0.221252
-0.071533 -0.088623 1.265869
0.961419 0.001104 -0.275087
0 0 0 0
0.729858 0.466248
-0.071533 0.088867 1.265869
0.961419 0.001104 -0.275087
0 0 0 0
0.729858 0.221252
-0.071533 -0.088623 1.276855
0.969569 0.001091 0.244816
0 0 0 0
0.717041 0.466248
-0.071533 0.088623 1.276855
0.969569 0.001091 0.244816
0 0 0 0
0.717041 0.221252
-0.07666 -0.088379 1.285645
0.66531 0.001292 0.746566
0 0 0 0
0.704224 0.466248
-0.07666 0.088623 1.285645
0.66531 0.001292 0.746566
0 0 0 0
0.704224 0.221252
-0.085205 -0.088379 1.289062
0.001382 0.001382 0.999998
0 0 0 0
0.691467 0.466248
-0.085205 0.088379 1.289062
0.001382 0.001382 0.999998
0 0 0 0
0.691467 0.221252
-0.093994 0.088623 1.285645
-0.656438 0.001295 0.754379
0 0 0 0
0.67865 0.221252
-0.093994 -0.088379 1.285645
-0.656438 0.001295 0.754379
0 0 0 0
0.67865 0.466248
-0.099365 0.088623 1.276855
-0.962366 0.001102 0.271755
0 0 0 0
0.665833 0.221252
-0.099365 -0.088623 1.276855
-0.962366 0.001102 0.271755
0 0 0 0
0.665833 0.466248
-0.099609 0.088867 1.265869
-0.968706 0.001092 -0.24821
0 0 0 0
0.653015 0.221252
-0.099609 -0.088623 1.265869
-0.968706 0.001092 -0.24821
0 0 0 0
0.653015 0.466248
-0.094238 0.088867 1.25708
-0.660883 0.001293 -0.750488
0 0 0 0
0.640259 0.221252
-0.094238 -0.088867 1.25708
-0.660883 0.001293 -0.750488
0 0 0 0
0.640259 0.466248
-0.085693 -0.088867 1.253662
0.001382 0.001382 -0.999998
0 0 0 0
0.627441 0.466248
-0.085693 0.089111 1.253662
0.001382 0.001382 -0.999998
0 0 0 0
0.627441 0.221252
-0.085205 -0.0979 0.63208
0.615647 0.001307 -0.788021
0 0 0 0
0.50592 0.466248
-0.094727 -0.098145 0.628662
-0.001382 0.001382 -0.999998
0 0 0 0
0.518738 0.466248
-0.094727 0.098145 0.628662
-0.001382 0.001382 -0.999998
0 0 0 0
0.518738 0.221252
-0.085205 0.098145 0.63208
0.615647 0.001307 -0.788021
0 0 0 0
0.50592 0.221252
-0.079102 -0.0979 0.640869
0.954502 0.001114 -0.298204
0 0 0 0
0.493103 0.466248
-0.079102 0.0979 0.640869
0.954502 0.001114 -0.298204
0 0 0 0
0.493103 0.221252
-0.079102 -0.097656 0.651855
0.962366 0.001102 0.271754
0 0 0 0
0.480286 0.466248
-0.079102 0.097656 0.651855
0.962366 0.001102 0.271754
0 0 0 0
0.480286 0.221252
-0.084717 -0.097656 0.660645
0.629398 0.001303 0.777082
0 0 0 0
0.467468 0.466248
-0.084717 0.097656 0.660645
0.629398 0.001303 0.777082
0 0 0 0
0.467468 0.221252
-0.094238 -0.097412 0.664062
0.001382 0.001382 0.999998
0 0 0 0
0.454712 0.466248
-0.094238 0.097656 0.664062
0.001382 0.001382 0.999998
0 0 0 0
0.454712 0.221252
-0.10376 0.097656 0.660645
-0.620247 0.001306 0.784405
0 0 0 0
0.441895 0.221252
-0.10376 -0.097656 0.660645
-0.620247 0.001306 0.784405
0 0 0 0
0.441895 0.466248
-0.109863 0.097656 0.651855
-0.95552 0.001112 0.294924
0 0 0 0
0.429077 0.221252
-0.109863 -0.097656 0.651855
-0.95552 0.001112 0.294924
0 0 0 0
0.429077 0.466248
-0.109863 0.0979 0.640869
-0.962366 0.001102 -0.271755
0 0 0 0
0.41626 0.221252
-0.109863 -0.0979 0.640869
-0.962366 0.001102 -0.271755
0 0 0 0
0.41626 0.466248
-0.104248 0.098145 0.63208
-0.624831 0.001304 -0.780759
0 0 0 0
0.403503 0.221252
-0.104248 -0.0979 0.63208
-0.624831 0.001304 -0.780759
0 0 0 0
0.403503 0.466248
-0.094727 0.098145 0.628662
-0.001382 0.001382 -0.999998
0 0 0 0
0.390686 0.221252
-0.094727 -0.098145 0.628662
-0.001382 0.001382 -0.999998
0 0 0 0
0.390686 0.466248
-0.093018 -0.106934 0.024658
0.582994 0.001316 -0.812475
0 0 0 0
0.168274 0.466248
-0.103516 -0.106934 0.021484
0.001382 0.001382 -0.999998
0 0 0 0
0.181091 0.466248
-0.103516 0.106934 0.021484
0.001382 0.001382 -0.999998
0 0 0 0
0.181091 0.221252
-0.093018 0.106934 0.024658
0.582994 0.001316 -0.812475
0 0 0 0
0.168274 0.221252
-0.086426 -0.106689 0.033691
0.947097 0.001124 -0.320946
0 0 0 0
0.155457 0.466248
-0.086426 0.106689 0.033691
0.947097 0.001124 -0.320946
0 0 0 0
0.155457 0.221252
-0.086426 -0.106689 0.044678
0.95552 0.001112 0.294924
0 0 0 0
0.142639 0.466248
-0.086426 0.106689 0.044678
0.95552 0.001112 0.294924
0 0 0 0
0.142639 0.221252
-0.092529 -0.106445 0.053467
0.594745 0.001313 0.803914
0 0 0 0
0.129822 0.466248
-0.092529 0.106445 0.053467
0.594745 0.001313 0.803914
0 0 0 0
0.129822 0.221252
-0.103027 -0.106445 0.056885
0.001382 0.001382 0.999998
0 0 0 0
0.117065 0.466248
-0.103027 0.106445 0.056885
0.001382 0.001382 0.999998
0 0 0 0
0.117065 0.221252
-0.113281 0.106445 0.053467
-0.587706 0.001315 0.809074
0 0 0 0
0.104248 0.221252
-0.113281 -0.106445 0.053467
-0.587706 0.001315 0.809074
0 0 0 0
0.104248 0.466248
-0.119873 0.106689 0.044678
-0.948184 0.001122 0.31772
0 0 0 0
0.091431 0.221252
-0.119873 -0.106689 0.044678
-0.948184 0.001122 0.31772
0 0 0 0
0.091431 0.466248
-0.120117 0.106689 0.033691
-0.954502 0.001114 -0.298204
0 0 0 0
0.078613 0.221252
-0.120117 -0.106689 0.033691
-0.954502 0.001114 -0.298204
0 0 0 0
0.078613 0.466248
-0.11377 0.106934 0.024658
-0.590056 0.001314 -0.807361
0 0 0 0
0.065857 0.221252
-0.11377 -0.106934 0.024658
-0.590056 0.001314 -0.807361
0 0 0 0
0.065857 0.466248
-0.103516 0.106934 0.021484
0.001382 0.001382 -0.999998
0 0 0 0
0.05304 0.221252
-0.103516 -0.106934 0.021484
0.001382 0.001382 -0.999998
0 0 0 0
0.05304 0.466248
-0.068848 -0.07959 1.88208
0.69148 0.001283 -0.722395
0 0 0 0
0.558533 0.466248
-0.07666 -0.07959 1.878662
0.001382 0.001382 -0.999998
0 0 0 0
0.571289 0.466248
-0.07666 0.079834 1.878662
0.001382 0.001382 -0.999998
0 0 0 0
0.571289 0.221252
-0.068848 0.079834 1.88208
0.69148 0.001283 -0.722395
0 0 0 0
0.558533 0.221252
-0.063965 -0.07959 1.890869
0.968706 0.001092 -0.24821
0 0 0 0
0.545715 0.466248
-0.063965 0.079834 1.890869
0.968706 0.001092 -0.24821
0 0 0 0
0.545715 0.221252
-0.063965 -0.079346 1.901855
0.975309 0.00108 0.220843
0 0 0 0
0.532898 0.466248
-0.063965 0.07959 1.901855
0.975309 0.00108 0.220843
0 0 0 0
0.532898 0.221252
-0.068604 -0.079346 1.910889
0.706425 0.001277 0.707786
0 0 0 0
0.520081 0.466248
-0.068604 0.079346 1.910889
0.706425 0.001277 0.707786
0 0 0 0
0.520081 0.221252
-0.076172 -0.079102 1.914062
0.001382 0.001382 0.999998
0 0 0 0
0.507263 0.466248
-0.076172 0.079346 1.914062
0.001382 0.001382 0.999998
0 0 0 0
0.507263 0.221252
-0.083984 0.079346 1.910889
-0.695775 0.001281 0.718259
0 0 0 0
0.494507 0.221252
-0.083984 -0.079346 1.910889
-0.695775 0.001281 0.718259
0 0 0 0
0.494507 0.466248
-0.088867 0.07959 1.901855
-0.968706 0.001092 0.24821
0 0 0 0
0.481689 0.221252
-0.088867 -0.079346 1.901855
-0.968706 0.001092 0.24821
0 0 0 0
0.481689 0.466248
-0.089111 0.079834 1.890869
-0.974522 0.001082 -0.224291
0 0 0 0
0.468872 0.221252
-0.089111 -0.07959 1.890869
-0.974522 0.001082 -0.224291
0 0 0 0
0.468872 0.466248
-0.084473 0.079834 1.88208
-0.70218 0.001279 -0.711998
0 0 0 0
0.456116 0.221252
-0.084473 -0.07959 1.88208
-0.70218 0.001279 -0.711998
0 0 0 0
0.456116 0.466248
-0.07666 0.079834 1.878662
0.001382 0.001382 -0.999998
0 0 0 0
0.443298 0.221252
-0.07666 -0.07959 1.878662
0.001382 0.001382 -0.999998
0 0 0 0
0.443298 0.466248
-0.09375 0.082275 0.037598
0.952642 0.297386 0.063523
0 0 0 0
-0.000061 0.639404
-0.085938 -0.077637 0.63916
0.95292 -0.290462 -0.08703
0 0 0 0
0.999939 0.629639
-0.093994 0.076416 0.035889
0.949538 -0.300874 -0.08862
0 0 0 0
-0.000061 0.629639
-0.085938 -0.072266 0.640869
0.950299 0.303975 0.067315
0 0 0 0
0.999939 0.639404
-0.097412 0.087158 0.038818
0.588467 0.784978 0.193691
0 0 0 0
-0.000061 0.64917
-0.089111 -0.067871 0.64209
0.588467 0.784978 0.193691
0 0 0 0
0.999939 0.64917
-0.094482 -0.066406 0.642578
0.003276 0.968703 0.248202
0 0 0 0
0.999939 0.658875
-0.103271 0.088867 0.039307
-0.003276 0.968703 0.248202
0 0 0 0
-0.000061 0.658875
-0.099854 -0.067871 0.64209
-0.582326 0.784686 0.212519
0 0 0 0
0.999939 0.66864
-0.108887 0.087158 0.038818
-0.59026 0.779487 0.209744
0 0 0 0
-0.000061 0.66864
-0.103027 -0.072266 0.640869
-0.948047 0.303743 0.09459
0 0 0 0
0.999939 0.678406
-0.112549 0.082275 0.037598
-0.951484 0.294725 0.088406
0 0 0 0
-0.000061 0.678406
-0.103027 -0.077637 0.63916
-0.953539 -0.295023 -0.061031
0 0 0 0
0.999939 0.688171
-0.112549 0.076416 0.035889
-0.951625 -0.301096 -0.061253
0 0 0 0
-0.000061 0.688171
-0.099854 -0.082031 0.637939
-0.591688 -0.783587 -0.189463
0 0 0 0
0.999939 0.697876
-0.109131 0.071777 0.034668
-0.591688 -0.783587 -0.189463
0 0 0 0
-0.000061 0.697876
-0.103271 0.070068 0.03418
-0.003276 -0.968703 -0.248202
0 0 0 0
-0.000061 0.707642
-0.094482 -0.08374 0.637451
0.003276 -0.968703 -0.248202
0 0 0 0
0.999939 0.707642
-0.097412 0.071777 0.034668
0.585626 -0.783342 -0.208368
0 0 0 0
-0.000061 0.717407
-0.089355 -0.082031 0.637939
0.591895 -0.77881 -0.207642
0 0 0 0
0.999939 0.717407
-0.093994 0.076416 0.035889
0.949538 -0.300874 -0.08862
0 0 0 0
-0.000061 0.727173
-0.085938 -0.077637 0.63916
0.95292 -0.290462 -0.08703
0 0 0 0
0.999939 0.727173
-0.097412 0.087158 0.038818
0.588467 0.784978 0.193691
0 0 0 0
0.375 0.311584
-0.089111 -0.067871 0.64209
0.588467 0.784978 0.193691
0 0 0 0
0.375 0.6875
-0.085938 -0.072266 0.640869
0.950299 0.303975 0.067315
0 0 0 0
0.400024 0.6875
-0.09375 0.082275 0.037598
0.952642 0.297386 0.063523
0 0 0 0
0.400024 0.311584
-0.085938 -0.077637 0.63916
0.95292 -0.290462 -0.08703
0 0 0 0
0.424988 0.6875
-0.093994 0.076416 0.035889
0.949538 -0.300874 -0.08862
0 0 0 0
0.424988 0.311584
-0.089355 -0.082031 0.637939
0.591895 -0.77881 -0.207642
0 0 0 0
0.450012 0.6875
-0.097412 0.071777 0.034668
0.585626 -0.783342 -0.208368
0 0 0 0
0.450012 0.311584
-0.094482 -0.08374 0.637451
0.003276 -0.968703 -0.248202
0 0 0 0
0.474976 0.6875
-0.103271 0.070068 0.03418
-0.003276 -0.968703 -0.248202
0 0 0 0
0.474976 0.311584
-0.099854 -0.082031 0.637939
-0.591688 -0.783587 -0.189463
0 0 0 0
0.5 0.6875
-0.109131 0.071777 0.034668
-0.591688 -0.783587 -0.189463
0 0 0 0
0.5 0.311584
-0.112549 0.076416 0.035889
-0.951625 -0.301096 -0.061253
0 0 0 0
0.525024 0.311584
-0.103027 -0.077637 0.63916
-0.953539 -0.295023 -0.061031
0 0 0 0
0.525024 0.6875
-0.112549 0.082275 0.037598
-0.951484 0.294725 0.088406
0 0 0 0
0.549988 0.311584
-0.103027 -0.072266 0.640869
-0.948047 0.303743 0.09459
0 0 0 0
0.549988 0.6875
-0.108887 0.087158 0.038818
-0.59026 0.779487 0.209744
0 0 0 0
0.575012 0.311584
-0.099854 -0.067871 0.64209
-0.582326 0.784686 0.212519
0 0 0 0
0.575012 0.6875
-0.103271 0.088867 0.039307
-0.003276 0.968703 0.248202
0 0 0 0
0.599976 0.311584
-0.094482 -0.066406 0.642578
0.003276 0.968703 0.248202
0 0 0 0
0.599976 0.6875
-0.097412 0.087158 0.038818
0.588467 0.784978 0.193691
0 0 0 0
0.625 0.311584
-0.089111 -0.067871 0.64209
0.588467 0.784978 0.193691
0 0 0 0
0.625 0.6875
-0.094238 -0.083496 0.659668
-0.003249 -0.97372 0.227723
0 0 0 0
1 0.755005
-0.080811 0.059814 1.262695
0.58497 -0.790931 0.179549
0 0 0 0
0 0.745239
-0.085693 0.05835 1.263184
0.003249 -0.97372 0.227723
0 0 0 0
0 0.755005
-0.088867 -0.081787 0.65918
0.595052 -0.783857 0.177431
0 0 0 0
1 0.745239
-0.077881 0.063721 1.261475
0.948221 -0.311371 0.062652
0 0 0 0
0 0.735535
-0.085693 -0.077637 0.657959
0.955792 -0.288446 0.057102
0 0 0 0
1 0.735535
-0.077881 0.068604 1.259766
0.955238 0.285252 -0.078437
0 0 0 0
0 0.725769
-0.085693 -0.072266 0.656494
0.947034 0.310253 -0.082886
0 0 0 0
1 0.725769
-0.080811 0.07251 1.258545
0.600178 0.77714 -0.18931
0 0 0 0
0 0.716003
-0.089111 -0.067871 0.655273
0.583843 0.788775 -0.192254
0 0 0 0
1 0.716003
-0.085693 0.074219 1.258057
0.003249 0.97372 -0.227723
0 0 0 0
0 0.706238
-0.094238 -0.066162 0.654785
-0.003249 0.97372 -0.227723
0 0 0 0
1 0.706238
-0.099609 -0.067871 0.655273
-0.58816 0.789512 -0.175321
0 0 0 0
1 0.696472
-0.090576 0.07251 1.258545
-0.598199 0.782423 -0.173128
0 0 0 0
0 0.696533
-0.102783 -0.072266 0.656494
-0.950071 0.306637 -0.05779
0 0 0 0
1 0.686768
-0.093506 0.068604 1.259766
-0.956997 0.285596 -0.05091
0 0 0 0
0 0.686768
-0.102783 -0.077637 0.657959
-0.953864 -0.288093 0.084538
0 0 0 0
1 0.677002
-0.093506 0.063721 1.261475
-0.945544 -0.313141 0.088818
0 0 0 0
0 0.677002
-0.099609 -0.081787 0.65918
-0.596988 -0.77854 0.193599
0 0 0 0
1 0.667236
-0.090332 0.059814 1.262695
-0.579899 -0.791353 0.193591
0 0 0 0
0 0.667236
-0.094238 -0.083496 0.659668
-0.003249 -0.97372 0.227723
0 0 0 0
1 0.657532
-0.085693 0.05835 1.263184
0.003249 -0.97372 0.227723
0 0 0 0
0 0.657532
-0.085693 -0.072266 0.656494
0.947034 0.310253 -0.082886
0 0 0 0
0.400024 0.6875
-0.089111 -0.067871 0.655273
0.583843 0.788775 -0.192254
0 0 0 0
0.375 0.6875
-0.080811 0.07251 1.258545
0.600178 0.77714 -0.18931
0 0 0 0
0.375 0.311584
-0.077881 0.068604 1.259766
0.955238 0.285252 -0.078437
0 0 0 0
0.400024 0.311584
-0.085693 -0.077637 0.657959
0.955792 -0.288446 0.057102
0 0 0 0
0.424988 0.6875
-0.077881 0.063721 1.261475
0.948221 -0.311371 0.062652
0 0 0 0
0.424988 0.311584
-0.088867 -0.081787 0.65918
0.595052 -0.783857 0.177431
0 0 0 0
0.450012 0.6875
-0.080811 0.059814 1.262695
0.58497 -0.790931 0.179549
0 0 0 0
0.450012 0.311584
-0.094238 -0.083496 0.659668
-0.003249 -0.97372 0.227723
0 0 0 0
0.474976 0.6875
-0.085693 0.05835 1.263184
0.003249 -0.97372 0.227723
0 0 0 0
0.474976 0.311584
-0.090332 0.059814 1.262695
-0.579899 -0.791353 0.193591
0 0 0 0
0.5 0.311584
-0.099609 -0.081787 0.65918
-0.596988 -0.77854 0.193599
0 0 0 0
0.5 0.6875
-0.093506 0.063721 1.261475
-0.945544 -0.313141 0.088818
0 0 0 0
0.525024 0.311584
-0.102783 -0.077637 0.657959
-0.953864 -0.288093 0.084538
0 0 0 0
0.525024 0.6875
-0.093506 0.068604 1.259766
-0.956997 0.285596 -0.05091
0 0 0 0
0.549988 0.311584
-0.102783 -0.072266 0.656494
-0.950071 0.306637 -0.05779
0 0 0 0
0.549988 0.6875
-0.090576 0.07251 1.258545
-0.598199 0.782423 -0.173128
0 0 0 0
0.575012 0.311584
-0.099609 -0.067871 0.655273
-0.58816 0.789512 -0.175321
0 0 0 0
0.575012 0.6875
-0.085693 0.074219 1.258057
0.003249 0.97372 -0.227723
0 0 0 0
0.599976 0.311584
-0.094238 -0.066162 0.654785
-0.003249 0.97372 -0.227723
0 0 0 0
0.599976 0.6875
-0.089111 -0.067871 0.655273
0.583843 0.788775 -0.192254
0 0 0 0
0.625 0.6875
-0.080811 0.07251 1.258545
0.600178 0.77714 -0.18931
0 0 0 0
0.625 0.311584
-0.077637 0.063477 1.281494
0.944966 -0.317695 -0.078162
0 0 0 0
0 0.661011
-0.072266 -0.066895 1.883545
0.605876 -0.77717 -0.170062
0 0 0 0
1 0.651245
-0.080566 0.05957 1.280273
0.579645 -0.795819 -0.175169
0 0 0 0
0 0.651245
-0.06958 -0.063232 1.884766
0.959253 -0.273928 -0.069264
0 0 0 0
1 0.661011
-0.077637 0.068359 1.282959
0.958152 0.28275 0.04468
0 0 0 0
0 0.670715
-0.06958 -0.058838 1.886475
0.944992 0.322362 0.055428
0 0 0 0
1 0.670776
-0.080566 0.072266 1.284424
0.602203 0.782969 0.15592
0 0 0 0
0 0.680481
-0.072266 -0.055176 1.887695
0.582263 0.797058 0.160216
0 0 0 0
1 0.680481
-0.085205 0.07373 1.284912
-0.003222 0.978342 0.206969
0 0 0 0
0 0.690247
-0.07666 -0.053955 1.888184
0.003222 0.978342 0.206969
0 0 0 0
1 0.690247
-0.081055 -0.055176 1.887695
-0.576425 0.797229 0.179335
0 0 0 0
1 0.700012
-0.090088 0.072266 1.284424
-0.602767 0.778619 0.174427
0 0 0 0
0 0.700012
-0.08374 -0.058838 1.886475
-0.942952 0.322455 0.082856
0 0 0 0
1 0.709778
-0.093018 0.068359 1.282959
-0.957508 0.27864 0.074416
0 0 0 0
0 0.709717
-0.08374 -0.063232 1.884766
-0.95994 -0.276694 -0.044221
0 0 0 0
1 0.719482
-0.093018 0.063477 1.281494
-0.946862 -0.317625 -0.050658
0 0 0 0
0 0.719482
-0.081055 -0.066895 1.883545
-0.604475 -0.781087 -0.15657
0 0 0 0
1 0.729248
-0.090088 0.05957 1.280273
-0.586132 -0.794488 -0.158863
0 0 0 0
0 0.729248
-0.07666 -0.068115 1.883057
0.003217 -0.979073 -0.203483
0 0 0 0
1 0.739014
-0.085449 0.058105 1.279785
-0.003217 -0.979073 -0.203483
0 0 0 0
0 0.739014
-0.080566 0.05957 1.280273
0.579645 -0.795819 -0.175169
0 0 0 0
0 0.748779
-0.072266 -0.066895 1.883545
0.605876 -0.77717 -0.170062
0 0 0 0
1 0.748779
-0.080566 0.072266 1.284424
0.602203 0.782969 0.15592
0 0 0 0
0.375 0.311584
-0.072266 -0.055176 1.887695
0.582263 0.797058 0.160216
0 0 0 0
0.375 0.6875
-0.06958 -0.058838 1.886475
0.944992 0.322362 0.055428
0 0 0 0
0.400024 0.6875
-0.077637 0.068359 1.282959
0.958152 0.28275 0.04468
0 0 0 0
0.400024 0.311584
-0.06958 -0.063232 1.884766
0.959253 -0.273928 -0.069264
0 0 0 0
0.424988 0.6875
-0.077637 0.063477 1.281494
0.944966 -0.317695 -0.078162
0 0 0 0
0.424988 0.311584
-0.072266 -0.066895 1.883545
0.605876 -0.77717 -0.170062
0 0 0 0
0.450012 0.6875
-0.080566 0.05957 1.280273
0.579645 -0.795819 -0.175169
0 0 0 0
0.450012 0.311584
-0.07666 -0.068115 1.883057
0.003217 -0.979073 -0.203483
0 0 0 0
0.474976 0.6875
-0.085449 0.058105 1.279785
-0.003217 -0.979073 -0.203483
0 0 0 0
0.474976 0.311584
-0.090088 0.05957 1.280273
-0.586132 -0.794488 -0.158863
0 0 0 0
0.5 0.311584
-0.081055 -0.066895 1.883545
-0.604475 -0.781087 -0.15657
0 0 0 0
0.5 0.6875
-0.093018 0.063477 1.281494
-0.946862 -0.317625 -0.050658
0 0 0 0
0.525024 0.311584
-0.08374 -0.063232 1.884766
-0.95994 -0.276694 -0.044221
0 0 0 0
0.525024 0.6875
-0.093018 0.068359 1.282959
-0.957508 0.27864 0.074416
0 0 0 0
0.549988 0.311584
-0.08374 -0.058838 1.886475
-0.942952 0.322455 0.082856
0 0 0 0
0.549988 0.6875
-0.090088 0.072266 1.284424
-0.602767 0.778619 0.174427
0 0 0 0
0.575012 0.311584
-0.081055 -0.055176 1.887695
-0.576425 0.797229 0.179335
0 0 0 0
0.575012 0.6875
-0.085205 0.07373 1.284912
-0.003222 0.978342 0.206969
0 0 0 0
0.599976 0.311584
-0.07666 -0.053955 1.888184
0.003222 0.978342 0.206969
0 0 0 0
0.599976 0.6875
-0.072266 -0.055176 1.887695
0.582263 0.797058 0.160216
0 0 0 0
0.625 0.6875
-0.080566 0.072266 1.284424
0.602203 0.782969 0.15592
0 0 0 0
0.625 0.311584
-0.069336 -0.062988 1.907959
0.961986 -0.270154 0.040002
0 0 0 0
1 0.691162
-0.061523 0.054688 2.509766
0.962228 0.264991 -0.06243
0 0 0 0
0 0.681396
-0.061523 0.050781 2.511475
0.942199 -0.331422 0.049198
0 0 0 0
0 0.691162
-0.069336 -0.058594 1.906494
0.941832 0.327462 -0.075639
0 0 0 0
1 0.681396
-0.063965 0.057861 2.508545
0.614296 0.773908 -0.153971
0 0 0 0
0 0.671631
-0.072021 -0.055176 1.905273
0.575347 0.802541 -0.157808
0 0 0 0
1 0.671631
-0.067627 0.059082 2.508057
0.003189 0.983218 -0.182408
0 0 0 0
0 0.661926
-0.076416 -0.053711 1.904785
-0.003189 0.983218 -0.182408
0 0 0 0
1 0.661926
-0.080566 -0.055176 1.905273
-0.581702 0.801015 -0.141411
0 0 0 0
1 0.652161
-0.071533 0.057861 2.508545
-0.611995 0.778808 -0.137551
0 0 0 0
0 0.652161
-0.083252 -0.058594 1.906494
-0.944648 0.324879 -0.04575
0 0 0 0
1 0.642395
-0.073975 0.054688 2.509766
-0.963492 0.265482 -0.034666
0 0 0 0
0 0.642395
-0.083252 -0.062988 1.907959
-0.960105 -0.271576 0.066665
0 0 0 0
1 0.632629
-0.07373 0.050781 2.511475
-0.939235 -0.334063 0.078988
0 0 0 0
0 0.632629
-0.080566 -0.066406 1.909424
-0.610528 -0.776558 0.155607
0 0 0 0
1 0.622925
-0.071533 0.047607 2.512695
-0.572167 -0.803984 0.161975
0 0 0 0
0 0.622925
-0.076416 -0.067871 1.909912
-0.003194 -0.982556 0.185939
0 0 0 0
1 0.613159
-0.067627 0.046387 2.513184
0.003194 -0.982556 0.185939
0 0 0 0
0 0.613159
0.114746 -0.127686 0.060547
-0.001382 -0.001382 0.999998
0 0 0 0
0.046753 0.91803
0.128174 -0.11792 0.060547
-0.001382 -0.001382 0.999998
0 0 0 0
0.026428 0.924622
0.106445 -0.102051 0.060547
-0.001382 -0.001382 0.999998
0 0 0 0
0.046753 0.952576
0.098145 -0.127686 0.060547
-0.001382 -0.001382 0.999998
0 0 0 0
0.067078 0.924622
0.084717 -0.11792 0.060547
-0.001382 -0.001382 0.999998
0 0 0 0
0.079651 0.941895
0.07959 -0.102051 0.060547
0.001382 -0.001382 0.999998
0 0 0 0
0.079651 0.963257
0.084717 -0.086182 0.060547
0.001382 0.001382 0.999998
0 0 0 0
0.067078 0.980591
0.098145 -0.076416 0.060547
0.001382 0.001382 0.999998
0 0 0 0
0.046753 0.987183
0.114746 -0.076416 0.060547
0.001382 0.001382 0.999998
0 0 0 0
0.026428 0.980591
0.128174 -0.086182 0.060547
0.001382 0.001382 0.999998
0 0 0 0
0.013855 0.963257
0.133301 -0.102051 0.060547
0.001382 0.001382 0.999998
0 0 0 0
0.013855 0.941895
0.128906 -0.118652 0.017822
0.001382 0.001382 -0.999998
0 0 0 0
0.026428 0.924622
0.115234 -0.128418 0.017822
0.001382 0.001382 -0.999998
0 0 0 0
0.013855 0.941895
0.106934 -0.102783 0.017822
0.001382 0.001382 -0.999998
0 0 0 0
0.046753 0.952576
0.134033 -0.102783 0.017822
0.001382 0.001382 -0.999998
0 0 0 0
0.046753 0.91803
0.128906 -0.086914 0.017822
0.001382 0.001382 -0.999998
0 0 0 0
0.067078 0.924622
0.115234 -0.076904 0.017822
0.001382 0.001382 -0.999998
0 0 0 0
0.079651 0.941895
0.098633 -0.076904 0.017822
0.001382 0.001382 -0.999998
0 0 0 0
0.079651 0.963257
0.085205 -0.086914 0.017822
0.001382 0.001382 -0.999998
0 0 0 0
0.067078 0.980591
0.080078 -0.102783 0.017822
0.001382 0.001382 -0.999998
0 0 0 0
0.046753 0.987183
0.085205 -0.118652 0.017822
0.001382 0.001382 -0.999998
0 0 0 0
0.026428 0.980591
0.098633 -0.128418 0.017822
0.001382 0.001382 -0.999998
0 0 0 0
0.013855 0.963257
0.090576 -0.117676 0.625
-0.306138 -0.951883 0.014065
0 0 0 0
0.075806 0.216248
0.105225 -0.116943 0.667725
0.30725 -0.951387 0.021441
0 0 0 0
0.128845 0.096252
0.090088 -0.116943 0.667725
-0.312059 -0.949957 0.014156
0 0 0 0
0.075806 0.096252
0.105957 -0.117676 0.625
0.311397 -0.950008 0.022726
0 0 0 0
0.128845 0.216248
0.117676 -0.10791 0.667725
0.809759 -0.586309 0.023047
0 0 0 0
0.181885 0.096252
0.118408 -0.108643 0.625
0.80812 -0.588533 0.023903
0 0 0 0
0.181885 0.216248
0.123047 -0.094238 0.625
0.999807 -0.002961 0.019446
0 0 0 0
0.234924 0.216248
0.122314 -0.093506 0.667725
0.999807 0.002961 0.019446
0 0 0 0
0.234924 0.096252
0.118408 -0.07959 0.625
0.811712 0.584001 0.008194
0 0 0 0
0.287964 0.216248
0.117676 -0.079102 0.667725
0.806643 0.591015 0.005342
0 0 0 0
0.287964 0.096252
0.105957 -0.070557 0.625
0.312692 0.949838 -0.005549
0 0 0 0
0.341003 0.216248
0.105225 -0.070068 0.667725
0.305018 0.952323 -0.006657
0 0 0 0
0.341003 0.096252
0.090576 -0.070557 0.625
-0.307926 0.951323 -0.012872
0 0 0 0
0.394043 0.216248
0.090088 -0.070068 0.667725
-0.310274 0.950523 -0.015364
0 0 0 0
0.394043 0.096252
0.078369 -0.07959 0.625
-0.80959 0.586731 -0.017642
0 0 0 0
0.447083 0.216248
0.077881 -0.079102 0.667725
-0.808683 0.588044 -0.015364
0 0 0 0
0.447083 0.096252
0.072998 -0.093506 0.667725
-0.999927 0.00295 -0.011687
0 0 0 0
0.500122 0.096252
0.073486 -0.094238 0.625
-0.999927 -0.00295 -0.011687
0 0 0 0
0.500122 0.216248
0.077881 -0.10791 0.667725
-0.811476 -0.58438 0.002751
0 0 0 0
0.553162 0.096252
0.078369 -0.108643 0.625
-0.806405 -0.591364 -0.000116
0 0 0 0
0.553162 0.216248
0.090088 -0.116943 0.667725
-0.312059 -0.949957 0.014156
0 0 0 0
0.606201 0.096252
0.090576 -0.117676 0.625
-0.306138 -0.951883 0.014065
0 0 0 0
0.606201 0.216248
0.105225 -0.116943 0.667725
-0.001382 -0.001382 0.999998
0 0 0 0
0.046753 0.91803
0.117676 -0.10791 0.667725
-0.001382 -0.001382 0.999998
0 0 0 0
0.026428 0.924622
0.097656 -0.093506 0.667725
-0.001382 -0.001382 0.999998
0 0 0 0
0.046753 0.952576
0.090088 -0.116943 0.667725
-0.001382 -0.001382 0.999998
0 0 0 0
0.067078 0.924622
0.077881 -0.10791 0.667725
-0.001382 -0.001382 0.999998
0 0 0 0
0.079651 0.941895
0.072998 -0.093506 0.667725
0.001382 -0.001382 0.999998
0 0 0 0
0.079651 0.963257
0.077881 -0.079102 0.667725
0.001382 0.001382 0.999998
0 0 0 0
0.067078 0.980591
0.090088 -0.070068 0.667725
0.001382 0.001382 0.999998
0 0 0 0
0.046753 0.987183
0.105225 -0.070068 0.667725
-0.001382 0.001382 0.999998
0 0 0 0
0.026428 0.980591
0.117676 -0.079102 0.667725
-0.001382 0.001382 0.999998
0 0 0 0
0.013855 0.963257
0.122314 -0.093506 0.667725
0.001382 0.001382 0.999998
0 0 0 0
0.013855 0.941895
0.118408 -0.108643 0.625
-0.001382 0.001382 -0.999998
0 0 0 0
0.026428 0.924622
0.105957 -0.117676 0.625
-0.001382 0.001382 -0.999998
0 0 0 0
0.013855 0.941895
0.098389 -0.094238 0.625
0.001382 0.001382 -0.999998
0 0 0 0
0.046753 0.952576
0.123047 -0.094238 0.625
0.001382 0.001382 -0.999998
0 0 0 0
0.046753 0.91803
0.118408 -0.07959 0.625
0.001382 0.001382 -0.999998
0 0 0 0
0.067078 0.924622
0.105957 -0.070557 0.625
0.001382 0.001382 -0.999998
0 0 0 0
0.079651 0.941895
0.090576 -0.070557 0.625
0.001382 0.001382 -0.999998
0 0 0 0
0.079651 0.963257
0.078369 -0.07959 0.625
0.001382 0.001382 -0.999998
0 0 0 0
0.067078 0.980591
0.073486 -0.094238 0.625
0.001382 0.001382 -0.999998
0 0 0 0
0.046753 0.987183
0.078369 -0.108643 0.625
0.001382 0.001382 -0.999998
0 0 0 0
0.026428 0.980591
0.090576 -0.117676 0.625
0.001382 0.001382 -0.999998
0 0 0 0
0.013855 0.963257
0.090576 0.071289 0.625
-0.307926 -0.951323 -0.012872
0 0 0 0
0.075806 0.216248
0.105225 0.071045 0.667725
0.305018 -0.952323 -0.006657
0 0 0 0
0.128845 0.096252
0.090088 0.071045 0.667725
-0.310274 -0.950523 -0.015364
0 0 0 0
0.075806 0.096252
0.105957 0.071289 0.625
0.312692 -0.949838 -0.005549
0 0 0 0
0.128845 0.216248
0.117676 0.079834 0.667725
0.806643 -0.591015 0.005342
0 0 0 0
0.181885 0.096252
0.118408 0.080322 0.625
0.811712 -0.584001 0.008194
0 0 0 0
0.181885 0.216248
0.122314 0.094238 0.667725
0.999807 -0.002961 0.019446
0 0 0 0
0.234924 0.096252
0.123047 0.094971 0.625
0.999807 0.002961 0.019446
0 0 0 0
0.234924 0.216248
0.117676 0.108887 0.667725
0.809759 0.586309 0.023047
0 0 0 0
0.287964 0.096252
0.118408 0.109619 0.625
0.80812 0.588533 0.023903
0 0 0 0
0.287964 0.216248
0.105957 0.118408 0.625
0.311397 0.950008 0.022726
0 0 0 0
0.341003 0.216248
0.105225 0.117676 0.667725
0.30725 0.951387 0.021441
0 0 0 0
0.341003 0.096252
0.090576 0.118408 0.625
-0.306138 0.951883 0.014065
0 0 0 0
0.394043 0.216248
0.090088 0.117676 0.667725
-0.312059 0.949957 0.014156
0 0 0 0
0.394043 0.096252
0.078369 0.109619 0.625
-0.806405 0.591364 -0.000116
0 0 0 0
0.447083 0.216248
0.077881 0.108887 0.667725
-0.81055 0.585669 0.000465
0 0 0 0
0.447083 0.096252
0.073486 0.094971 0.625
-0.999927 0.00295 -0.011687
0 0 0 0
0.500122 0.216248
0.072998 0.094238 0.667725
-0.999927 -0.00295 -0.011687
0 0 0 0
0.500122 0.096252
0.078369 0.080322 0.625
-0.80959 -0.586731 -0.017642
0 0 0 0
0.553162 0.216248
0.077881 0.079834 0.667725
-0.808683 -0.588044 -0.015364
0 0 0 0
0.553162 0.096252
0.090088 0.071045 0.667725
-0.310274 -0.950523 -0.015364
0 0 0 0
0.606201 0.096252
0.090576 0.071289 0.625
-0.307926 -0.951323 -0.012872
0 0 0 0
0.606201 0.216248
0.105225 0.071045 0.667725
-0.001382 -0.001382 0.999998
0 0 0 0
0.046753 0.91803
0.117676 0.079834 0.667725
-0.001382 -0.001382 0.999998
0 0 0 0
0.026428 0.924622
0.097656 0.094238 0.667725
-0.001382 -0.001382 0.999998
0 0 0 0
0.046753 0.952576
0.090088 0.071045 0.667725
-0.001382 -0.001382 0.999998
0 0 0 0
0.067078 0.924622
0.077881 0.079834 0.667725
-0.001382 -0.001382 0.999998
0 0 0 0
0.079651 0.941895
0.072998 0.094238 0.667725
0.001382 -0.001382 0.999998
0 0 0 0
0.079651 0.963257
0.077881 0.108887 0.667725
0.001382 0.001382 0.999998
0 0 0 0
0.067078 0.980591
0.090088 0.117676 0.667725
0.001382 0.001382 0.999998
0 0 0 0
0.046753 0.987183
0.105225 0.117676 0.667725
0.001382 0.001382 0.999998
0 0 0 0
0.026428 0.980591
0.117676 0.108887 0.667725
0.001382 0.001382 0.999998
0 0 0 0
0.013855 0.963257
0.122314 0.094238 0.667725
0.001382 0.001382 0.999998
0 0 0 0
0.013855 0.941895
0.118408 0.080322 0.625
-0.001382 0.001382 -0.999998
0 0 0 0
0.026428 0.924622
0.105957 0.071289 0.625
-0.001382 0.001382 -0.999998
0 0 0 0
0.013855 0.941895
0.098389 0.094971 0.625
0.001382 0.001382 -0.999998
0 0 0 0
0.046753 0.952576
0.123047 0.094971 0.625
0.001382 0.001382 -0.999998
0 0 0 0
0.046753 0.91803
0.118408 0.109619 0.625
0.001382 0.001382 -0.999998
0 0 0 0
0.067078 0.924622
0.105957 0.118408 0.625
0.001382 0.001382 -0.999998
0 0 0 0
0.079651 0.941895
0.090576 0.118408 0.625
0.001382 0.001382 -0.999998
0 0 0 0
0.079651 0.963257
0.078369 0.109619 0.625
0.001382 0.001382 -0.999998
0 0 0 0
0.067078 0.980591
0.073486 0.094971 0.625
0.001382 0.001382 -0.999998
0 0 0 0
0.046753 0.987183
0.078369 0.080322 0.625
0.001382 0.001382 -0.999998
0 0 0 0
0.026428 0.980591
0.090576 0.071289 0.625
0.001382 0.001382 -0.999998
0 0 0 0
0.013855 0.963257
0.082275 0.064697 1.25
-0.307926 -0.951323 -0.012872
0 0 0 0
0.075806 0.216248
0.095459 0.064453 1.292725
0.305018 -0.952323 -0.006657
0 0 0 0
0.128845 0.096252
0.081787 0.064453 1.292725
-0.310274 -0.950523 -0.015364
0 0 0 0
0.075806 0.096252
0.096191 0.064697 1.25
0.312692 -0.949838 -0.005549
0 0 0 0
0.128845 0.216248
0.106689 0.07251 1.292725
0.806643 -0.591015 0.005342
0 0 0 0
0.181885 0.096252
0.107422 0.072998 1.25
0.811712 -0.584001 0.008194
0 0 0 0
0.181885 0.216248
0.111084 0.085449 1.292725
0.999807 -0.002961 0.019446
0 0 0 0
0.234924 0.096252
0.111816 0.086182 1.25
0.999807 0.002961 0.019446
0 0 0 0
0.234924 0.216248
0.106689 0.098633 1.292725
0.809759 0.586309 0.023047
0 0 0 0
0.287964 0.096252
0.107422 0.099365 1.25
0.80812 0.588533 0.023903
0 0 0 0
0.287964 0.216248
0.096191 0.107422 1.25
0.311397 0.950008 0.022726
0 0 0 0
0.341003 0.216248
0.095459 0.106689 1.292725
0.30725 0.951387 0.021441
0 0 0 0
0.341003 0.096252
0.082275 0.107422 1.25
-0.306138 0.951883 0.014065
0 0 0 0
0.394043 0.216248
0.081787 0.106689 1.292725
-0.312059 0.949957 0.014156
0 0 0 0
0.394043 0.096252
0.071045 0.099365 1.25
-0.806405 0.591364 -0.000116
0 0 0 0
0.447083 0.216248
0.070557 0.098633 1.292725
-0.81055 0.585669 0.000465
0 0 0 0
0.447083 0.096252
0.066895 0.086182 1.25
-0.999927 0.00295 -0.011687
0 0 0 0
0.500122 0.216248
0.066406 0.085449 1.292725
-0.999927 -0.00295 -0.011687
0 0 0 0
0.500122 0.096252
0.071045 0.072998 1.25
-0.80959 -0.586731 -0.017642
0 0 0 0
0.553162 0.216248
0.070557 0.07251 1.292725
-0.808683 -0.588044 -0.015364
0 0 0 0
0.553162 0.096252
0.081787 0.064453 1.292725
-0.310274 -0.950523 -0.015364
0 0 0 0
0.606201 0.096252
0.082275 0.064697 1.25
-0.307926 -0.951323 -0.012872
0 0 0 0
0.606201 0.216248
0.095459 0.064453 1.292725
-0.001382 -0.001382 0.999998
0 0 0 0
0.046753 0.91803
0.106689 0.07251 1.292725
-0.001382 -0.001382 0.999998
0 0 0 0
0.026428 0.924622
0.088623 0.085449 1.292725
-0.001382 -0.001382 0.999998
0 0 0 0
0.046753 0.952576
0.081787 0.064453 1.292725
-0.001382 -0.001382 0.999998
0 0 0 0
0.067078 0.924622
0.070557 0.07251 1.292725
-0.001382 -0.001382 0.999998
0 0 0 0
0.079651 0.941895
0.066406 0.085449 1.292725
0.001382 -0.001382 0.999998
0 0 0 0
0.079651 0.963257
0.070557 0.098633 1.292725
0.001382 0.001382 0.999998
0 0 0 0
0.067078 0.980591
0.081787 0.106689 1.292725
0.001382 0.001382 0.999998
0 0 0 0
0.046753 0.987183
0.095459 0.106689 1.292725
-0.001382 0.001382 0.999998
0 0 0 0
0.026428 0.980591
0.106689 0.098633 1.292725
-0.001382 0.001382 0.999998
0 0 0 0
0.013855 0.963257
0.111084 0.085449 1.292725
0.001382 0.001382 0.999998
0 0 0 0
0.013855 0.941895
0.107422 0.072998 1.25
0.001382 0.001382 -0.999998
0 0 0 0
0.026428 0.924622
0.096191 0.064697 1.25
0.001382 0.001382 -0.999998
0 0 0 0
0.013855 0.941895
0.089355 0.086182 1.25
0.001382 0.001382 -0.999998
0 0 0 0
0.046753 0.952576
0.111816 0.086182 1.25
0.001382 0.001382 -0.999998
0 0 0 0
0.046753 0.91803
0.107422 0.099365 1.25
0.001382 0.001382 -0.999998
0 0 0 0
0.067078 0.924622
0.096191 0.107422 1.25
0.001382 0.001382 -0.999998
0 0 0 0
0.079651 0.941895
0.082275 0.107422 1.25
0.001382 0.001382 -0.999998
0 0 0 0
0.079651 0.963257
0.071045 0.099365 1.25
0.001382 0.001382 -0.999998
0 0 0 0
0.067078 0.980591
0.066895 0.086182 1.25
0.001382 0.001382 -0.999998
0 0 0 0
0.046753 0.987183
0.071045 0.072998 1.25
0.001382 0.001382 -0.999998
0 0 0 0
0.026428 0.980591
0.082275 0.064697 1.25
0.001382 0.001382 -0.999998
0 0 0 0
0.013855 0.963257
0.082275 -0.106689 1.25
-0.306138 -0.951883 0.014065
0 0 0 0
0.075806 0.216248
0.095459 -0.105957 1.292725
0.30725 -0.951387 0.021441
0 0 0 0
0.128845 0.096252
0.081787 -0.105957 1.292725
-0.312059 -0.949957 0.014156
0 0 0 0
0.075806 0.096252
0.096191 -0.106689 1.25
0.311397 -0.950008 0.022726
0 0 0 0
0.128845 0.216248
0.106689 -0.0979 1.292725
0.809759 -0.586309 0.023047
0 0 0 0
0.181885 0.096252
0.107422 -0.098633 1.25
0.80812 -0.588533 0.023903
0 0 0 0
0.181885 0.216248
0.111816 -0.085449 1.25
0.999807 -0.002961 0.019446
0 0 0 0
0.234924 0.216248
0.111084 -0.084717 1.292725
0.999807 0.002961 0.019446
0 0 0 0
0.234924 0.096252
0.107422 -0.072021 1.25
0.811712 0.584001 0.008194
0 0 0 0
0.287964 0.216248
0.106689 -0.071533 1.292725
0.806643 0.591015 0.005342
0 0 0 0
0.287964 0.096252
0.096191 -0.063965 1.25
0.312692 0.949838 -0.005549
0 0 0 0
0.341003 0.216248
0.095459 -0.063477 1.292725
0.305018 0.952323 -0.006657
0 0 0 0
0.341003 0.096252
0.082275 -0.063965 1.25
-0.307926 0.951323 -0.012872
0 0 0 0
0.394043 0.216248
0.081787 -0.063477 1.292725
-0.310274 0.950523 -0.015364
0 0 0 0
0.394043 0.096252
0.071045 -0.072021 1.25
-0.80959 0.586731 -0.017642
0 0 0 0
0.447083 0.216248
0.070557 -0.071533 1.292725
-0.808683 0.588044 -0.015364
0 0 0 0
0.447083 0.096252
0.066406 -0.084717 1.292725
-0.999927 0.00295 -0.011687
0 0 0 0
0.500122 0.096252
0.066895 -0.085449 1.25
-0.999927 -0.00295 -0.011687
0 0 0 0
0.500122 0.216248
0.070557 -0.0979 1.292725
-0.81055 -0.585669 0.000465
0 0 0 0
0.553162 0.096252
0.071045 -0.098633 1.25
-0.806405 -0.591364 -0.000116
0 0 0 0
0.553162 0.216248
0.081787 -0.105957 1.292725
-0.312059 -0.949957 0.014156
0 0 0 0
0.606201 0.096252
0.082275 -0.106689 1.25
-0.306138 -0.951883 0.014065
0 0 0 0
0.606201 0.216248
0.095459 -0.105957 1.292725
-0.001382 -0.001382 0.999998
0 0 0 0
0.046753 0.91803
0.106689 -0.0979 1.292725
-0.001382 -0.001382 0.999998
0 0 0 0
0.026428 0.924622
0.088623 -0.084717 1.292725
-0.001382 -0.001382 0.999998
0 0 0 0
0.046753 0.952576
0.081787 -0.105957 1.292725
-0.001382 -0.001382 0.999998
0 0 0 0
0.067078 0.924622
0.070557 -0.0979 1.292725
-0.001382 -0.001382 0.999998
0 0 0 0
0.079651 0.941895
0.066406 -0.084717 1.292725
0.001382 -0.001382 0.999998
0 0 0 0
0.079651 0.963257
0.070557 -0.071533 1.292725
0.001382 0.001382 0.999998
0 0 0 0
0.067078 0.980591
0.081787 -0.063477 1.292725
0.001382 0.001382 0.999998
0 0 0 0
0.046753 0.987183
0.095459 -0.063477 1.292725
-0.001382 0.001382 0.999998
0 0 0 0
0.026428 0.980591
0.106689 -0.071533 1.292725
-0.001382 0.001382 0.999998
0 0 0 0
0.013855 0.963257
0.111084 -0.084717 1.292725
0.001382 0.001382 0.999998
0 0 0 0
0.013855 0.941895
0.107422 -0.098633 1.25
0.001382 0.001382 -0.999998
0 0 0 0
0.026428 0.924622
0.096191 -0.106689 1.25
0.001382 0.001382 -0.999998
0 0 0 0
0.013855 0.941895
0.089355 -0.085449 1.25
0.001382 0.001382 -0.999998
0 0 0 0
0.046753 0.952576
0.111816 -0.085449 1.25
0.001382 0.001382 -0.999998
0 0 0 0
0.046753 0.91803
0.107422 -0.072021 1.25
0.001382 0.001382 -0.999998
0 0 0 0
0.067078 0.924622
0.096191 -0.063965 1.25
0.001382 0.001382 -0.999998
0 0 0 0
0.079651 0.941895
0.082275 -0.063965 1.25
0.001382 0.001382 -0.999998
0 0 0 0
0.079651 0.963257
0.071045 -0.072021 1.25
0.001382 0.001382 -0.999998
0 0 0 0
0.067078 0.980591
0.066895 -0.085449 1.25
0.001382 0.001382 -0.999998
0 0 0 0
0.046753 0.987183
0.071045 -0.098633 1.25
-0.001382 0.001382 -0.999998
0 0 0 0
0.026428 0.980591
0.082275 -0.106689 1.25
-0.001382 0.001382 -0.999998
0 0 0 0
0.013855 0.963257
0.073975 -0.095703 1.875
-0.306138 -0.951883 0.014065
0 0 0 0
0.075806 0.216248
0.085938 -0.094971 1.917725
0.30725 -0.951387 0.021441
0 0 0 0
0.128845 0.096252
0.073486 -0.094971 1.917725
-0.312059 -0.949957 0.014156
0 0 0 0
0.075806 0.096252
0.086426 -0.095703 1.875
0.311397 -0.950008 0.022726
0 0 0 0
0.128845 0.216248
0.095947 -0.087646 1.917725
0.809759 -0.586309 0.023047
0 0 0 0
0.181885 0.096252
0.09668 -0.088379 1.875
0.80812 -0.588533 0.023903
0 0 0 0
0.181885 0.216248
0.100586 -0.076416 1.875
0.999807 -0.002961 0.019446
0 0 0 0
0.234924 0.216248
0.099609 -0.075928 1.917725
0.999807 0.002961 0.019446
0 0 0 0
0.234924 0.096252
0.09668 -0.064697 1.875
0.810794 0.585301 0.005916
0 0 0 0
0.287964 0.216248
0.095947 -0.064209 1.917725
0.806643 0.591015 0.005342
0 0 0 0
0.287964 0.096252
0.086426 -0.057373 1.875
0.312692 0.949838 -0.005549
0 0 0 0
0.341003 0.216248
0.085938 -0.056885 1.917725
0.305018 0.952323 -0.006657
0 0 0 0
0.341003 0.096252
0.073975 -0.057373 1.875
-0.307926 0.951323 -0.012872
0 0 0 0
0.394043 0.216248
0.073486 -0.056885 1.917725
-0.310274 0.950523 -0.015364
0 0 0 0
0.394043 0.096252
0.063965 -0.064697 1.875
-0.80959 0.586731 -0.017642
0 0 0 0
0.447083 0.216248
0.063477 -0.064209 1.917725
-0.808683 0.588044 -0.015364
0 0 0 0
0.447083 0.096252
0.059814 -0.075928 1.917725
-0.999927 0.00295 -0.011687
0 0 0 0
0.500122 0.096252
0.060059 -0.076416 1.875
-0.999927 -0.00295 -0.011687
0 0 0 0
0.500122 0.216248
0.063477 -0.087646 1.917725
-0.811476 -0.58438 0.002751
0 0 0 0
0.553162 0.096252
0.063965 -0.088379 1.875
-0.806405 -0.591364 -0.000116
0 0 0 0
0.553162 0.216248
0.073486 -0.094971 1.917725
-0.312059 -0.949957 0.014156
0 0 0 0
0.606201 0.096252
0.073975 -0.095703 1.875
-0.306138 -0.951883 0.014065
0 0 0 0
0.606201 0.216248
0.085938 -0.094971 1.917725
-0.001382 -0.001382 0.999998
0 0 0 0
0.046753 0.91803
0.095947 -0.087646 1.917725
-0.001382 -0.001382 0.999998
0 0 0 0
0.026428 0.924622
0.07959 -0.075928 1.917725
-0.001382 -0.001382 0.999998
0 0 0 0
0.046753 0.952576
0.073486 -0.094971 1.917725
-0.001382 -0.001382 0.999998
0 0 0 0
0.067078 0.924622
0.063477 -0.087646 1.917725
-0.001382 -0.001382 0.999998
0 0 0 0
0.079651 0.941895
0.059814 -0.075928 1.917725
0.001382 -0.001382 0.999998
0 0 0 0
0.079651 0.963257
0.063477 -0.064209 1.917725
0.001382 0.001382 0.999998
0 0 0 0
0.067078 0.980591
0.073486 -0.056885 1.917725
0.001382 0.001382 0.999998
0 0 0 0
0.046753 0.987183
0.085938 -0.056885 1.917725
-0.001382 0.001382 0.999998
0 0 0 0
0.026428 0.980591
0.095947 -0.064209 1.917725
-0.001382 0.001382 0.999998
0 0 0 0
0.013855 0.963257
0.099609 -0.075928 1.917725
0.001382 0.001382 0.999998
0 0 0 0
0.013855 0.941895
0.09668 -0.088379 1.875
0.001382 0.001382 -0.999998
0 0 0 0
0.026428 0.924622
0.086426 -0.095703 1.875
0.001382 0.001382 -0.999998
0 0 0 0
0.013855 0.941895
0.080322 -0.076416 1.875
0.001382 0.001382 -0.999998
0 0 0 0
0.046753 0.952576
0.100586 -0.076416 1.875
0.001382 0.001382 -0.999998
0 0 0 0
0.046753 0.91803
0.09668 -0.064697 1.875
0.001382 0.001382 -0.999998
0 0 0 0
0.067078 0.924622
0.086426 -0.057373 1.875
0.001382 0.001382 -0.999998
0 0 0 0
0.079651 0.941895
0.073975 -0.057373 1.875
0.001382 0.001382 -0.999998
0 0 0 0
0.079651 0.963257
0.063965 -0.064697 1.875
0.001382 0.001382 -0.999998
0 0 0 0
0.067078 0.980591
0.060059 -0.076416 1.875
0.001382 0.001382 -0.999998
0 0 0 0
0.046753 0.987183
0.063965 -0.088379 1.875
0.001382 0.001382 -0.999998
0 0 0 0
0.026428 0.980591
0.073975 -0.095703 1.875
0.001382 0.001382 -0.999998
0 0 0 0
0.013855 0.963257
0.073975 0.058105 1.875
-0.307926 -0.951323 -0.012872
0 0 0 0
0.075806 0.216248
0.085938 0.057617 1.917725
0.305018 -0.952323 -0.006657
0 0 0 0
0.128845 0.096252
0.073486 0.057617 1.917725
-0.310274 -0.950523 -0.015364
0 0 0 0
0.075806 0.096252
0.086426 0.058105 1.875
0.312692 -0.949838 -0.005549
0 0 0 0
0.128845 0.216248
0.095947 0.064941 1.917725
0.806643 -0.591015 0.005342
0 0 0 0
0.181885 0.096252
0.09668 0.06543 1.875
0.811712 -0.584001 0.008194
0 0 0 0
0.181885 0.216248
0.099609 0.07666 1.917725
0.999807 -0.002961 0.019446
0 0 0 0
0.234924 0.096252
0.100586 0.077393 1.875
0.999807 0.002961 0.019446
0 0 0 0
0.234924 0.216248
0.095947 0.088623 1.917725
0.809759 0.586309 0.023047
0 0 0 0
0.287964 0.096252
0.09668 0.089111 1.875
0.80812 0.588533 0.023903
0 0 0 0
0.287964 0.216248
0.086426 0.096436 1.875
0.311397 0.950008 0.022726
0 0 0 0
0.341003 0.216248
0.085938 0.095703 1.917725
0.30725 0.951387 0.021441
0 0 0 0
0.341003 0.096252
0.073975 0.096436 1.875
-0.306138 0.951883 0.014065
0 0 0 0
0.394043 0.216248
0.073486 0.095703 1.917725
-0.312059 0.949957 0.014156
0 0 0 0
0.394043 0.096252
0.063965 0.089111 1.875
-0.806405 0.591364 -0.000116
0 0 0 0
0.447083 0.216248
0.063477 0.088623 1.917725
-0.81055 0.585669 0.000465
0 0 0 0
0.447083 0.096252
0.060059 0.077393 1.875
-0.999927 0.00295 -0.011687
0 0 0 0
0.500122 0.216248
0.059814 0.07666 1.917725
-0.999927 -0.00295 -0.011687
0 0 0 0
0.500122 0.096252
0.063965 0.06543 1.875
-0.80959 -0.586731 -0.017642
0 0 0 0
0.553162 0.216248
0.063477 0.064941 1.917725
-0.808683 -0.588044 -0.015364
0 0 0 0
0.553162 0.096252
0.073486 0.057617 1.917725
-0.310274 -0.950523 -0.015364
0 0 0 0
0.606201 0.096252
0.073975 0.058105 1.875
-0.307926 -0.951323 -0.012872
0 0 0 0
0.606201 0.216248
0.085938 0.057617 1.917725
-0.001382 -0.001382 0.999998
0 0 0 0
0.046753 0.91803
0.095947 0.064941 1.917725
-0.001382 -0.001382 0.999998
0 0 0 0
0.026428 0.924622
0.07959 0.07666 1.917725
-0.001382 -0.001382 0.999998
0 0 0 0
0.046753 0.952576
0.073486 0.057617 1.917725
-0.001382 -0.001382 0.999998
0 0 0 0
0.067078 0.924622
0.063477 0.064941 1.917725
-0.001382 -0.001382 0.999998
0 0 0 0
0.079651 0.941895
0.059814 0.07666 1.917725
0.001382 -0.001382 0.999998
0 0 0 0
0.079651 0.963257
0.063477 0.088623 1.917725
0.001382 0.001382 0.999998
0 0 0 0
0.067078 0.980591
0.073486 0.095703 1.917725
0.001382 0.001382 0.999998
0 0 0 0
0.046753 0.987183
0.085938 0.095703 1.917725
0.001382 0.001382 0.999998
0 0 0 0
0.026428 0.980591
0.095947 0.088623 1.917725
0.001382 0.001382 0.999998
0 0 0 0
0.013855 0.963257
0.099609 0.07666 1.917725
0.001382 0.001382 0.999998
0 0 0 0
0.013855 0.941895
0.09668 0.06543 1.875
-0.001382 0.001382 -0.999998
0 0 0 0
0.026428 0.924622
0.086426 0.058105 1.875
-0.001382 0.001382 -0.999998
0 0 0 0
0.013855 0.941895
0.080322 0.077393 1.875
0.001382 0.001382 -0.999998
0 0 0 0
0.046753 0.952576
0.100586 0.077393 1.875
0.001382 0.001382 -0.999998
0 0 0 0
0.046753 0.91803
0.09668 0.089111 1.875
0.001382 0.001382 -0.999998
0 0 0 0
0.067078 0.924622
0.086426 0.096436 1.875
0.001382 0.001382 -0.999998
0 0 0 0
0.079651 0.941895
0.073975 0.096436 1.875
0.001382 0.001382 -0.999998
0 0 0 0
0.079651 0.963257
0.063965 0.089111 1.875
0.001382 0.001382 -0.999998
0 0 0 0
0.067078 0.980591
-0.063721 0.047607 2.512695
0.576297 -0.804305 0.144828
0 0 0 0
0 0.603394
-0.072021 -0.066406 1.909424
0.608255 -0.781447 0.139164
0 0 0 0
1 0.603394
-0.061523 0.050781 2.511475
0.942199 -0.331422 0.049198
0 0 0 0
0 0.593628
-0.069336 -0.062988 1.907959
0.961986 -0.270154 0.040002
0 0 0 0
1 0.593628
-0.069336 -0.058594 1.906494
0.941832 0.327462 -0.075639
0 0 0 0
0.400024 0.6875
-0.072021 -0.055176 1.905273
0.575347 0.802541 -0.157808
0 0 0 0
0.375 0.6875
-0.063965 0.057861 2.508545
0.614296 0.773908 -0.153971
0 0 0 0
0.375 0.311584
-0.061523 0.054688 2.509766
0.962228 0.264991 -0.06243
0 0 0 0
0.400024 0.311584
-0.069336 -0.062988 1.907959
0.961986 -0.270154 0.040002
0 0 0 0
0.424988 0.6875
-0.061523 0.050781 2.511475
0.942199 -0.331422 0.049198
0 0 0 0
0.424988 0.311584
-0.072021 -0.066406 1.909424
0.608255 -0.781447 0.139164
0 0 0 0
0.450012 0.6875
-0.063721 0.047607 2.512695
0.576297 -0.804305 0.144828
0 0 0 0
0.450012 0.311584
-0.076416 -0.067871 1.909912
-0.003194 -0.982556 0.185939
0 0 0 0
0.474976 0.6875
-0.067627 0.046387 2.513184
0.003194 -0.982556 0.185939
0 0 0 0
0.474976 0.311584
-0.071533 0.047607 2.512695
-0.572167 -0.803984 0.161975
0 0 0 0
0.5 0.311584
-0.080566 -0.066406 1.909424
-0.610528 -0.776558 0.155607
0 0 0 0
0.5 0.6875
-0.07373 0.050781 2.511475
-0.939235 -0.334063 0.078988
0 0 0 0
0.525024 0.311584
-0.083252 -0.062988 1.907959
-0.960105 -0.271576 0.066665
0 0 0 0
0.525024 0.6875
-0.073975 0.054688 2.509766
-0.963492 0.265482 -0.034666
0 0 0 0
0.549988 0.311584
-0.083252 -0.058594 1.906494
-0.944648 0.324879 -0.04575
0 0 0 0
0.549988 0.6875
-0.071533 0.057861 2.508545
-0.611995 0.778808 -0.137551
0 0 0 0
0.575012 0.311584
-0.080566 -0.055176 1.905273
-0.581702 0.801015 -0.141411
0 0 0 0
0.575012 0.6875
-0.067627 0.059082 2.508057
0.003189 0.983218 -0.182408
0 0 0 0
0.599976 0.311584
-0.076416 -0.053711 1.904785
-0.003189 0.983218 -0.182408
0 0 0 0
0.599976 0.6875
-0.072021 -0.055176 1.905273
0.575347 0.802541 -0.157808
0 0 0 0
0.625 0.6875
-0.063965 0.057861 2.508545
0.614296 0.773908 -0.153971
0 0 0 0
0.625 0.311584
-0.111084 0.077393 0.060547
-0.305018 -0.952323 -0.006657
0 0 0 0
0.075806 0.096252
-0.111816 0.077881 0.017822
-0.312692 -0.949838 -0.005549
0 0 0 0
0.075806 0.216248
-0.095215 0.077881 0.017822
0.307926 -0.951323 -0.012872
0 0 0 0
0.128845 0.216248
-0.094482 0.077393 0.060547
0.310274 -0.950523 -0.015364
0 0 0 0
0.128845 0.096252
-0.081543 0.087646 0.017822
0.80959 -0.586731 -0.017642
0 0 0 0
0.181885 0.216248
-0.081055 0.087158 0.060547
0.808683 -0.588044 -0.015364
0 0 0 0
0.181885 0.096252
-0.075928 0.102783 0.060547
0.999927 -0.00295 -0.011687
0 0 0 0
0.234924 0.096252
-0.076416 0.103516 0.017822
0.999927 0.00295 -0.011687
0 0 0 0
0.234924 0.216248
-0.081055 0.118652 0.060547
0.81055 0.585669 0.000465
0 0 0 0
0.287964 0.096252
-0.081543 0.119385 0.017822
0.806405 0.591364 -0.000116
0 0 0 0
0.287964 0.216248
-0.094482 0.128418 0.060547
0.312059 0.949957 0.014156
0 0 0 0
0.341003 0.096252
-0.095215 0.12915 0.017822
0.306138 0.951883 0.014065
0 0 0 0
0.341003 0.216248
-0.111084 0.128418 0.060547
-0.30725 0.951387 0.021441
0 0 0 0
0.394043 0.096252
-0.111816 0.12915 0.017822
-0.311397 0.950008 0.022726
0 0 0 0
0.394043 0.216248
-0.124512 0.118652 0.060547
-0.809759 0.586309 0.023047
0 0 0 0
0.447083 0.096252
-0.125244 0.119385 0.017822
-0.80812 0.588533 0.023903
0 0 0 0
0.447083 0.216248
-0.130615 0.103516 0.017822
-0.999807 0.002961 0.019446
0 0 0 0
0.500122 0.216248
-0.129639 0.102783 0.060547
-0.999807 -0.002961 0.019446
0 0 0 0
0.500122 0.096252
-0.125244 0.087646 0.017822
-0.811712 -0.584001 0.008194
0 0 0 0
0.553162 0.216248
-0.124512 0.087158 0.060547
-0.806643 -0.591015 0.005342
0 0 0 0
0.553162 0.096252
-0.111816 0.077881 0.017822
-0.312692 -0.949838 -0.005549
0 0 0 0
0.606201 0.216248
-0.111084 0.077393 0.060547
-0.305018 -0.952323 -0.006657
0 0 0 0
0.606201 0.096252
-0.094482 0.077393 0.060547
-0.001382 -0.001382 0.999998
0 0 0 0
0.046753 0.91803
-0.081055 0.087158 0.060547
-0.001382 -0.001382 0.999998
0 0 0 0
0.026428 0.924622
-0.102783 0.102783 0.060547
-0.001382 -0.001382 0.999998
0 0 0 0
0.046753 0.952576
-0.111084 0.077393 0.060547
-0.001382 -0.001382 0.999998
0 0 0 0
0.067078 0.924622
-0.124512 0.087158 0.060547
-0.001382 -0.001382 0.999998
0 0 0 0
0.079651 0.941895
-0.129639 0.102783 0.060547
0.001382 -0.001382 0.999998
0 0 0 0
0.079651 0.963257
-0.124512 0.118652 0.060547
0.001382 0.001382 0.999998
0 0 0 0
0.067078 0.980591
-0.111084 0.128418 0.060547
0.001382 0.001382 0.999998
0 0 0 0
0.046753 0.987183
-0.094482 0.128418 0.060547
0.001382 0.001382 0.999998
0 0 0 0
0.026428 0.980591
-0.081055 0.118652 0.060547
0.001382 0.001382 0.999998
0 0 0 0
0.013855 0.963257
-0.075928 0.102783 0.060547
0.001382 0.001382 0.999998
0 0 0 0
0.013855 0.941895
-0.081543 0.087646 0.017822
0.001382 0.001382 -0.999998
0 0 0 0
0.026428 0.924622
-0.095215 0.077881 0.017822
0.001382 0.001382 -0.999998
0 0 0 0
0.013855 0.941895
-0.103516 0.103516 0.017822
0.001382 0.001382 -0.999998
0 0 0 0
0.046753 0.952576
-0.076416 0.103516 0.017822
0.001382 0.001382 -0.999998
0 0 0 0
0.046753 0.91803
-0.081543 0.119385 0.017822
0.001382 0.001382 -0.999998
0 0 0 0
0.067078 0.924622
-0.095215 0.12915 0.017822
0.001382 0.001382 -0.999998
0 0 0 0
0.079651 0.941895
-0.111816 0.12915 0.017822
0.001382 0.001382 -0.999998
0 0 0 0
0.079651 0.963257
-0.125244 0.119385 0.017822
0.001382 0.001382 -0.999998
0 0 0 0
0.067078 0.980591
-0.130615 0.103516 0.017822
0.001382 0.001382 -0.999998
0 0 0 0
0.046753 0.987183
-0.125244 0.087646 0.017822
0.001382 0.001382 -0.999998
0 0 0 0
0.026428 0.980591
-0.111816 0.077881 0.017822
0.001382 0.001382 -0.999998
0 0 0 0
0.013855 0.963257
-0.077393 0.082031 0.667725
0.80959 -0.586731 -0.017642
0 0 0 0
0 0.603088
-0.079834 0.068115 1.25
0.310274 -0.950523 -0.015364
0 0 0 0
1 0.578857
-0.087646 0.074463 0.667725
0.307926 -0.951323 -0.012872
0 0 0 0
0 0.578857
-0.070312 0.074951 1.25
0.808683 -0.588044 -0.015364
0 0 0 0
1 0.603088
-0.066895 0.086182 1.25
0.999927 -0.00295 -0.011687
0 0 0 0
1 0.627319
-0.073242 0.094238 0.667725
0.999927 0.00295 -0.011687
0 0 0 0
0 0.627319
-0.070312 0.097412 1.25
0.811476 0.58438 -0.002751
0 0 0 0
1 0.65155
-0.077393 0.106689 0.667725
0.806405 0.591364 0.000116
0 0 0 0
0 0.65155
-0.079834 0.104248 1.25
0.312059 0.949957 0.014156
0 0 0 0
1 0.675781
-0.087646 0.114014 0.667725
0.305579 0.95211 0.010365
0 0 0 0
0 0.675781
-0.091553 0.104248 1.25
-0.30725 0.951387 0.021441
0 0 0 0
1 0.700012
-0.100586 0.114014 0.667725
-0.310837 0.950272 0.019049
0 0 0 0
0 0.700012
-0.101074 0.097412 1.25
-0.809759 0.586309 0.023047
0 0 0 0
1 0.724243
-0.111084 0.106689 0.667725
-0.80812 0.588533 0.023903
0 0 0 0
0 0.724243
-0.11499 0.094238 0.667725
-0.999807 0.002961 0.019446
0 0 0 0
0 0.748474
-0.104736 0.086182 1.25
-0.999874 -0.002955 0.015571
0 0 0 0
1 0.748474
-0.111084 0.082031 0.667725
-0.810794 -0.585301 0.005916
0 0 0 0
0 0.772705
-0.101074 0.074951 1.25
-0.806643 -0.591015 0.005342
0 0 0 0
1 0.772705
-0.100586 0.074463 0.667725
-0.312692 -0.949838 -0.005549
0 0 0 0
0 0.796875
-0.091553 0.068115 1.25
-0.305018 -0.952323 -0.006657
0 0 0 0
1 0.796936
-0.087646 0.074463 0.667725
0.307926 -0.951323 -0.012872
0 0 0 0
0 0.821106
-0.079834 0.068115 1.25
0.310274 -0.950523 -0.015364
0 0 0 0
1 0.821106
-0.069824 0.074463 1.292725
0.80959 -0.586731 -0.017642
0 0 0 0
0 0.603088
-0.071533 0.061035 1.875
0.310274 -0.950523 -0.015364
0 0 0 0
1 0.578857
-0.079346 0.067627 1.292725
0.307926 -0.951323 -0.012872
0 0 0 0
0 0.578857
-0.062988 0.067383 1.875
0.808683 -0.588044 -0.015364
0 0 0 0
1 0.603088
-0.059814 0.077393 1.875
0.999927 -0.00295 -0.011687
0 0 0 0
1 0.627319
-0.066406 0.085449 1.292725
0.999927 0.00295 -0.011687
0 0 0 0
0 0.627319
-0.062988 0.087402 1.875
0.81055 0.585669 -0.000465
0 0 0 0
1 0.65155
-0.069824 0.09668 1.292725
0.806405 0.591364 0.000116
0 0 0 0
0 0.65155
-0.071533 0.093506 1.875
0.312059 0.949957 0.014156
0 0 0 0
1 0.675781
-0.079346 0.103516 1.292725
0.305579 0.95211 0.010365
0 0 0 0
0 0.675781
-0.082031 0.093506 1.875
-0.30725 0.951387 0.021441
0 0 0 0
1 0.700012
-0.091064 0.103516 1.292725
-0.310837 0.950272 0.019049
0 0 0 0
0 0.700012
-0.090576 0.087402 1.875
-0.809759 0.586309 0.023047
0 0 0 0
1 0.724243
-0.100342 0.09668 1.292725
-0.80812 0.588533 0.023903
0 0 0 0
0 0.724243
-0.104004 0.085449 1.292725
-0.999807 0.002961 0.019446
0 0 0 0
0 0.748474
-0.09375 0.077393 1.875
-0.999874 -0.002955 0.015571
0 0 0 0
1 0.748474
-0.100342 0.074463 1.292725
-0.810794 -0.585301 0.005916
0 0 0 0
0 0.772705
-0.090576 0.067383 1.875
-0.806643 -0.591015 0.005342
0 0 0 0
1 0.772705
-0.091064 0.067627 1.292725
-0.312692 -0.949838 -0.005549
0 0 0 0
0 0.796875
-0.082031 0.061035 1.875
-0.305018 -0.952323 -0.006657
0 0 0 0
1 0.796936
-0.079346 0.067627 1.292725
0.307926 -0.951323 -0.012872
0 0 0 0
0 0.821106
-0.071533 0.061035 1.875
0.310274 -0.950523 -0.015364
0 0 0 0
1 0.821106
-0.0625 0.066895 1.917725
0.80959 -0.586731 -0.017642
0 0 0 0
0 0.603088
-0.063477 0.054443 2.482422
0.310274 -0.950523 -0.015364
0 0 0 0
1 0.578857
-0.071045 0.060791 1.917725
0.307926 -0.951323 -0.012872
0 0 0 0
0 0.578857
-0.055908 0.059814 2.482422
0.808683 -0.588044 -0.015364
0 0 0 0
1 0.603088
-0.052979 0.068848 2.482422
0.999927 -0.00295 -0.011687
0 0 0 0
1 0.627319
-0.059326 0.07666 1.917725
0.999927 0.00295 -0.011687
0 0 0 0
0 0.627319
-0.055908 0.077637 2.482422
0.81055 0.585669 -0.000465
0 0 0 0
1 0.65155
-0.0625 0.08667 1.917725
0.806405 0.591364 0.000116
0 0 0 0
0 0.65155
-0.063477 0.083252 2.482422
0.312059 0.949957 0.014156
0 0 0 0
1 0.675781
-0.071045 0.092773 1.917725
0.305579 0.95211 0.010365
0 0 0 0
0 0.675781
-0.072754 0.083252 2.482422
-0.30725 0.951387 0.021441
0 0 0 0
1 0.700012
-0.081299 0.092773 1.917725
-0.310837 0.950272 0.019049
0 0 0 0
0 0.700012
-0.080322 0.077637 2.482422
-0.809759 0.586309 0.023047
0 0 0 0
1 0.724243
-0.089844 0.08667 1.917725
-0.80812 0.588533 0.023903
0 0 0 0
0 0.724243
-0.093018 0.07666 1.917725
-0.999807 0.002961 0.019446
0 0 0 0
0 0.748474
-0.083252 0.068848 2.482422
-0.999874 -0.002955 0.015571
0 0 0 0
1 0.748474
-0.089844 0.066895 1.917725
-0.810794 -0.585301 0.005916
0 0 0 0
0 0.772705
-0.080322 0.059814 2.482422
-0.806643 -0.591015 0.005342
0 0 0 0
1 0.772705
-0.081299 0.060791 1.917725
-0.312692 -0.949838 -0.005549
0 0 0 0
0 0.796875
-0.072754 0.054443 2.482422
-0.305018 -0.952323 -0.006657
0 0 0 0
1 0.796936
-0.071045 0.060791 1.917725
0.307926 -0.951323 -0.012872
0 0 0 0
0 0.821106
-0.063477 0.054443 2.482422
0.310274 -0.950523 -0.015364
0 0 0 0
1 0.821106
-0.101807 0.071045 0.667725
-0.305018 -0.952323 -0.006657
0 0 0 0
0.075806 0.096252
-0.102539 0.071289 0.625
-0.312692 -0.949838 -0.005549
0 0 0 0
0.075806 0.216248
-0.087158 0.071289 0.625
0.307926 -0.951323 -0.012872
0 0 0 0
0.128845 0.216248
-0.08667 0.071045 0.667725
0.310274 -0.950523 -0.015364
0 0 0 0
0.128845 0.096252
-0.074707 0.080322 0.625
0.80959 -0.586731 -0.017642
0 0 0 0
0.181885 0.216248
-0.074219 0.079834 0.667725
0.808683 -0.588044 -0.015364
0 0 0 0
0.181885 0.096252
-0.06958 0.094238 0.667725
0.999927 -0.00295 -0.011687
0 0 0 0
0.234924 0.096252
-0.070068 0.094971 0.625
0.999927 0.00295 -0.011687
0 0 0 0
0.234924 0.216248
-0.074219 0.108887 0.667725
0.81055 0.585669 0.000465
0 0 0 0
0.287964 0.096252
-0.074707 0.109619 0.625
0.806405 0.591364 -0.000116
0 0 0 0
0.287964 0.216248
-0.08667 0.117676 0.667725
0.312059 0.949957 0.014156
0 0 0 0
0.341003 0.096252
-0.087158 0.118408 0.625
0.306138 0.951883 0.014065
0 0 0 0
0.341003 0.216248
-0.101807 0.117676 0.667725
-0.30725 0.951387 0.021441
0 0 0 0
0.394043 0.096252
-0.102539 0.118408 0.625
-0.311397 0.950008 0.022726
0 0 0 0
0.394043 0.216248
-0.114014 0.108887 0.667725
-0.809759 0.586309 0.023047
0 0 0 0
0.447083 0.096252
-0.114746 0.109619 0.625
-0.80812 0.588533 0.023903
0 0 0 0
0.447083 0.216248
-0.119629 0.094971 0.625
-0.999807 0.002961 0.019446
0 0 0 0
0.500122 0.216248
-0.118652 0.094238 0.667725
-0.999807 -0.002961 0.019446
0 0 0 0
0.500122 0.096252
-0.114746 0.080322 0.625
-0.811712 -0.584001 0.008194
0 0 0 0
0.553162 0.216248
-0.114014 0.079834 0.667725
-0.806643 -0.591015 0.005342
0 0 0 0
0.553162 0.096252
-0.102539 0.071289 0.625
-0.312692 -0.949838 -0.005549
0 0 0 0
0.606201 0.216248
-0.101807 0.071045 0.667725
-0.305018 -0.952323 -0.006657
0 0 0 0
0.606201 0.096252
-0.08667 0.071045 0.667725
-0.001382 -0.001382 0.999998
0 0 0 0
0.046753 0.91803
-0.074219 0.079834 0.667725
-0.001382 -0.001382 0.999998
0 0 0 0
0.026428 0.924622
-0.094238 0.094238 0.667725
-0.001382 -0.001382 0.999998
0 0 0 0
0.046753 0.952576
-0.101807 0.071045 0.667725
-0.001382 -0.001382 0.999998
0 0 0 0
0.067078 0.924622
-0.114014 0.079834 0.667725
-0.001382 -0.001382 0.999998
0 0 0 0
0.079651 0.941895
-0.118652 0.094238 0.667725
0.001382 -0.001382 0.999998
0 0 0 0
0.079651 0.963257
-0.114014 0.108887 0.667725
0.001382 0.001382 0.999998
0 0 0 0
0.067078 0.980591
-0.101807 0.117676 0.667725
0.001382 0.001382 0.999998
0 0 0 0
0.046753 0.987183
-0.08667 0.117676 0.667725
0.001382 0.001382 0.999998
0 0 0 0
0.026428 0.980591
-0.074219 0.108887 0.667725
0.001382 0.001382 0.999998
0 0 0 0
0.013855 0.963257
-0.06958 0.094238 0.667725
0.001382 0.001382 0.999998
0 0 0 0
0.013855 0.941895
-0.074707 0.080322 0.625
-0.001382 0.001382 -0.999998
0 0 0 0
0.026428 0.924622
-0.087158 0.071289 0.625
-0.001382 0.001382 -0.999998
0 0 0 0
0.013855 0.941895
-0.094727 0.094971 0.625
0.001382 0.001382 -0.999998
0 0 0 0
0.046753 0.952576
-0.070068 0.094971 0.625
0.001382 0.001382 -0.999998
0 0 0 0
0.046753 0.91803
-0.074707 0.109619 0.625
0.001382 0.001382 -0.999998
0 0 0 0
0.067078 0.924622
-0.087158 0.118408 0.625
0.001382 0.001382 -0.999998
0 0 0 0
0.079651 0.941895
-0.102539 0.118408 0.625
0.001382 0.001382 -0.999998
0 0 0 0
0.079651 0.963257
-0.114746 0.109619 0.625
0.001382 0.001382 -0.999998
0 0 0 0
0.067078 0.980591
-0.119629 0.094971 0.625
0.001382 0.001382 -0.999998
0 0 0 0
0.046753 0.987183
-0.114746 0.080322 0.625
0.001382 0.001382 -0.999998
0 0 0 0
0.026428 0.980591
-0.102539 0.071289 0.625
0.001382 0.001382 -0.999998
0 0 0 0
0.013855 0.963257
-0.092041 0.064453 1.292725
-0.305018 -0.952323 -0.006657
0 0 0 0
0.075806 0.096252
-0.092773 0.064697 1.25
-0.312692 -0.949838 -0.005549
0 0 0 0
0.075806 0.216248
-0.078857 0.064697 1.25
0.307926 -0.951323 -0.012872
0 0 0 0
0.128845 0.216248
-0.078369 0.064453 1.292725
0.310274 -0.950523 -0.015364
0 0 0 0
0.128845 0.096252
-0.067627 0.072998 1.25
0.80959 -0.586731 -0.017642
0 0 0 0
0.181885 0.216248
-0.067139 0.07251 1.292725
0.808683 -0.588044 -0.015364
0 0 0 0
0.181885 0.096252
-0.062744 0.085449 1.292725
0.999927 -0.00295 -0.011687
0 0 0 0
0.234924 0.096252
-0.063232 0.086182 1.25
0.999927 0.00295 -0.011687
0 0 0 0
0.234924 0.216248
-0.067139 0.098633 1.292725
0.81055 0.585669 0.000465
0 0 0 0
0.287964 0.096252
-0.067627 0.099365 1.25
0.806405 0.591364 -0.000116
0 0 0 0
0.287964 0.216248
-0.078369 0.106689 1.292725
0.312059 0.949957 0.014156
0 0 0 0
0.341003 0.096252
-0.078857 0.107422 1.25
0.306138 0.951883 0.014065
0 0 0 0
0.341003 0.216248
-0.092041 0.106689 1.292725
-0.30725 0.951387 0.021441
0 0 0 0
0.394043 0.096252
-0.092773 0.107422 1.25
-0.311397 0.950008 0.022726
0 0 0 0
0.394043 0.216248
-0.103271 0.098633 1.292725
-0.809759 0.586309 0.023047
0 0 0 0
0.447083 0.096252
-0.104004 0.099365 1.25
-0.80812 0.588533 0.023903
0 0 0 0
0.447083 0.216248
-0.108154 0.086182 1.25
-0.999807 0.002961 0.019446
0 0 0 0
0.500122 0.216248
-0.107422 0.085449 1.292725
-0.999807 -0.002961 0.019446
0 0 0 0
0.500122 0.096252
-0.104004 0.072998 1.25
-0.811712 -0.584001 0.008194
0 0 0 0
0.553162 0.216248
-0.103271 0.07251 1.292725
-0.806643 -0.591015 0.005342
0 0 0 0
0.553162 0.096252
-0.092773 0.064697 1.25
-0.312692 -0.949838 -0.005549
0 0 0 0
0.606201 0.216248
-0.092041 0.064453 1.292725
-0.305018 -0.952323 -0.006657
0 0 0 0
0.606201 0.096252
-0.078369 0.064453 1.292725
-0.001382 -0.001382 0.999998
0 0 0 0
0.046753 0.91803
-0.067139 0.07251 1.292725
-0.001382 -0.001382 0.999998
0 0 0 0
0.026428 0.924622
-0.085205 0.085449 1.292725
-0.001382 -0.001382 0.999998
0 0 0 0
0.046753 0.952576
-0.092041 0.064453 1.292725
-0.001382 -0.001382 0.999998
0 0 0 0
0.067078 0.924622
-0.103271 0.07251 1.292725
-0.001382 -0.001382 0.999998
0 0 0 0
0.079651 0.941895
-0.107422 0.085449 1.292725
0.001382 -0.001382 0.999998
0 0 0 0
0.079651 0.963257
-0.103271 0.098633 1.292725
0.001382 0.001382 0.999998
0 0 0 0
0.067078 0.980591
-0.092041 0.106689 1.292725
0.001382 0.001382 0.999998
0 0 0 0
0.046753 0.987183
-0.078369 0.106689 1.292725
-0.001382 0.001382 0.999998
0 0 0 0
0.026428 0.980591
-0.067139 0.098633 1.292725
-0.001382 0.001382 0.999998
0 0 0 0
0.013855 0.963257
-0.062744 0.085449 1.292725
0.001382 0.001382 0.999998
0 0 0 0
0.013855 0.941895
-0.067627 0.072998 1.25
0.001382 0.001382 -0.999998
0 0 0 0
0.026428 0.924622
-0.078857 0.064697 1.25
0.001382 0.001382 -0.999998
0 0 0 0
0.013855 0.941895
-0.085693 0.086182 1.25
0.001382 0.001382 -0.999998
0 0 0 0
0.046753 0.952576
-0.063232 0.086182 1.25
0.001382 0.001382 -0.999998
0 0 0 0
0.046753 0.91803
-0.067627 0.099365 1.25
0.001382 0.001382 -0.999998
0 0 0 0
0.067078 0.924622
-0.078857 0.107422 1.25
0.001382 0.001382 -0.999998
0 0 0 0
0.079651 0.941895
-0.092773 0.107422 1.25
0.001382 0.001382 -0.999998
0 0 0 0
0.079651 0.963257
-0.104004 0.099365 1.25
0.001382 0.001382 -0.999998
0 0 0 0
0.067078 0.980591
-0.108154 0.086182 1.25
0.001382 0.001382 -0.999998
0 0 0 0
0.046753 0.987183
-0.104004 0.072998 1.25
0.001382 0.001382 -0.999998
0 0 0 0
0.026428 0.980591
-0.092773 0.064697 1.25
0.001382 0.001382 -0.999998
0 0 0 0
0.013855 0.963257
-0.082275 0.057617 1.917725
-0.305018 -0.952323 -0.006657
0 0 0 0
0.075806 0.096252
-0.083008 0.058105 1.875
-0.312692 -0.949838 -0.005549
0 0 0 0
0.075806 0.216248
-0.070557 0.058105 1.875
0.307926 -0.951323 -0.012872
0 0 0 0
0.128845 0.216248
-0.070068 0.057617 1.917725
0.310274 -0.950523 -0.015364
0 0 0 0
0.128845 0.096252
-0.060547 0.06543 1.875
0.80959 -0.586731 -0.017642
0 0 0 0
0.181885 0.216248
-0.060059 0.064941 1.917725
0.808683 -0.588044 -0.015364
0 0 0 0
0.181885 0.096252
-0.056152 0.07666 1.917725
0.999927 -0.00295 -0.011687
0 0 0 0
0.234924 0.096252
-0.056641 0.077393 1.875
0.999927 0.00295 -0.011687
0 0 0 0
0.234924 0.216248
-0.060059 0.088623 1.917725
0.81055 0.585669 0.000465
0 0 0 0
0.287964 0.096252
-0.060547 0.089111 1.875
0.806405 0.591364 -0.000116
0 0 0 0
0.287964 0.216248
-0.070068 0.095703 1.917725
0.312059 0.949957 0.014156
0 0 0 0
0.341003 0.096252
-0.070557 0.096436 1.875
0.306138 0.951883 0.014065
0 0 0 0
0.341003 0.216248
-0.082275 0.095703 1.917725
-0.30725 0.951387 0.021441
0 0 0 0
0.394043 0.096252
-0.083008 0.096436 1.875
-0.311397 0.950008 0.022726
0 0 0 0
0.394043 0.216248
-0.092285 0.088623 1.917725
-0.809759 0.586309 0.023047
0 0 0 0
0.447083 0.096252
-0.093018 0.089111 1.875
-0.80812 0.588533 0.023903
0 0 0 0
0.447083 0.216248
-0.096924 0.077393 1.875
-0.999807 0.002961 0.019446
0 0 0 0
0.500122 0.216248
-0.096191 0.07666 1.917725
-0.999807 -0.002961 0.019446
0 0 0 0
0.500122 0.096252
-0.093018 0.06543 1.875
-0.811712 -0.584001 0.008194
0 0 0 0
0.553162 0.216248
-0.092285 0.064941 1.917725
-0.806643 -0.591015 0.005342
0 0 0 0
0.553162 0.096252
-0.083008 0.058105 1.875
-0.312692 -0.949838 -0.005549
0 0 0 0
0.606201 0.216248
-0.082275 0.057617 1.917725
-0.305018 -0.952323 -0.006657
0 0 0 0
0.606201 0.096252
-0.070068 0.057617 1.917725
-0.001382 -0.001382 0.999998
0 0 0 0
0.046753 0.91803
-0.060059 0.064941 1.917725
-0.001382 -0.001382 0.999998
0 0 0 0
0.026428 0.924622
-0.076172 0.07666 1.917725
-0.001382 -0.001382 0.999998
0 0 0 0
0.046753 0.952576
-0.082275 0.057617 1.917725
-0.001382 -0.001382 0.999998
0 0 0 0
0.067078 0.924622
-0.092285 0.064941 1.917725
-0.001382 -0.001382 0.999998
0 0 0 0
0.079651 0.941895
-0.096191 0.07666 1.917725
0.001382 -0.001382 0.999998
0 0 0 0
0.079651 0.963257
-0.092285 0.088623 1.917725
0.001382 0.001382 0.999998
0 0 0 0
0.067078 0.980591
-0.082275 0.095703 1.917725
0.001382 0.001382 0.999998
0 0 0 0
0.046753 0.987183
-0.070068 0.095703 1.917725
0.001382 0.001382 0.999998
0 0 0 0
0.026428 0.980591
-0.060059 0.088623 1.917725
0.001382 0.001382 0.999998
0 0 0 0
0.013855 0.963257
-0.056152 0.07666 1.917725
0.001382 0.001382 0.999998
0 0 0 0
0.013855 0.941895
-0.060547 0.06543 1.875
-0.001382 0.001382 -0.999998
0 0 0 0
0.026428 0.924622
-0.070557 0.058105 1.875
-0.001382 0.001382 -0.999998
0 0 0 0
0.013855 0.941895
-0.076904 0.077393 1.875
0.001382 0.001382 -0.999998
0 0 0 0
0.046753 0.952576
-0.056641 0.077393 1.875
0.001382 0.001382 -0.999998
0 0 0 0
0.046753 0.91803
-0.060547 0.089111 1.875
0.001382 0.001382 -0.999998
0 0 0 0
0.067078 0.924622
-0.070557 0.096436 1.875
0.001382 0.001382 -0.999998
0 0 0 0
0.079651 0.941895
-0.083008 0.096436 1.875
0.001382 0.001382 -0.999998
0 0 0 0
0.079651 0.963257
-0.093018 0.089111 1.875
0.001382 0.001382 -0.999998
0 0 0 0
0.067078 0.980591
-0.096924 0.077393 1.875
0.001382 0.001382 -0.999998
0 0 0 0
0.046753 0.987183
-0.093018 0.06543 1.875
0.001382 0.001382 -0.999998
0 0 0 0
0.026428 0.980591
-0.083008 0.058105 1.875
0.001382 0.001382 -0.999998
0 0 0 0
0.013855 0.963257
-0.072998 0.05127 2.525146
-0.305018 -0.952323 -0.006657
0 0 0 0
0.075806 0.096252
-0.07373 0.051758 2.482422
-0.312692 -0.949838 -0.005549
0 0 0 0
0.075806 0.216248
-0.0625 0.051758 2.482422
0.307926 -0.951323 -0.012872
0 0 0 0
0.128845 0.216248
-0.062012 0.05127 2.525146
0.310274 -0.950523 -0.015364
0 0 0 0
0.128845 0.096252
-0.053467 0.05835 2.482422
0.80959 -0.586731 -0.017642
0 0 0 0
0.181885 0.216248
-0.052979 0.057861 2.525146
0.808683 -0.588044 -0.015364
0 0 0 0
0.181885 0.096252
-0.049805 0.068115 2.525146
0.999927 -0.00295 -0.011687
0 0 0 0
0.234924 0.096252
-0.050049 0.068848 2.482422
0.999927 0.00295 -0.011687
0 0 0 0
0.234924 0.216248
-0.052979 0.078613 2.525146
0.81055 0.585669 0.000465
0 0 0 0
0.287964 0.096252
-0.053467 0.079346 2.482422
0.806405 0.591364 -0.000116
0 0 0 0
0.287964 0.216248
-0.062012 0.085205 2.525146
0.312059 0.949957 0.014156
0 0 0 0
0.341003 0.096252
-0.0625 0.085938 2.482422
0.306138 0.951883 0.014065
0 0 0 0
0.341003 0.216248
-0.072998 0.085205 2.525146
-0.30725 0.951387 0.021441
0 0 0 0
0.394043 0.096252
-0.07373 0.085938 2.482422
-0.311397 0.950008 0.022726
0 0 0 0
0.394043 0.216248
0.060059 0.077393 1.875
0.001382 0.001382 -0.999998
0 0 0 0
0.046753 0.987183
0.063965 0.06543 1.875
0.001382 0.001382 -0.999998
0 0 0 0
0.026428 0.980591
0.073975 0.058105 1.875
0.001382 0.001382 -0.999998
0 0 0 0
0.013855 0.963257
0.066162 0.051758 2.482422
-0.307926 -0.951323 -0.012872
0 0 0 0
0.075806 0.216248
0.076416 0.05127 2.525146
0.305018 -0.952323 -0.006657
0 0 0 0
0.128845 0.096252
0.06543 0.05127 2.525146
-0.310274 -0.950523 -0.015364
0 0 0 0
0.075806 0.096252
0.077148 0.051758 2.482422
0.312692 -0.949838 -0.005549
0 0 0 0
0.128845 0.216248
0.085449 0.057861 2.525146
0.806643 -0.591015 0.005342
0 0 0 0
0.181885 0.096252
0.086182 0.05835 2.482422
0.811712 -0.584001 0.008194
0 0 0 0
0.181885 0.216248
0.088623 0.068115 2.525146
0.999807 -0.002961 0.019446
0 0 0 0
0.234924 0.096252
0.0896 0.068848 2.482422
0.999807 0.002961 0.019446
0 0 0 0
0.234924 0.216248
0.085449 0.078613 2.525146
0.809759 0.586309 0.023047
0 0 0 0
0.287964 0.096252
0.086182 0.079346 2.482422
0.80812 0.588533 0.023903
0 0 0 0
0.287964 0.216248
0.077148 0.085938 2.482422
0.311397 0.950008 0.022726
0 0 0 0
0.341003 0.216248
0.076416 0.085205 2.525146
0.30725 0.951387 0.021441
0 0 0 0
0.341003 0.096252
0.066162 0.085938 2.482422
-0.306138 0.951883 0.014065
0 0 0 0
0.394043 0.216248
0.06543 0.085205 2.525146
-0.312059 0.949957 0.014156
0 0 0 0
0.394043 0.096252
0.057129 0.079346 2.482422
-0.806405 0.591364 -0.000116
0 0 0 0
0.447083 0.216248
0.056641 0.078613 2.525146
-0.81055 0.585669 0.000465
0 0 0 0
0.447083 0.096252
0.053711 0.068848 2.482422
-0.999927 0.00295 -0.011687
0 0 0 0
0.500122 0.216248
0.053223 0.068115 2.525146
-0.999927 -0.00295 -0.011687
0 0 0 0
0.500122 0.096252
0.057129 0.05835 2.482422
-0.80959 -0.586731 -0.017642
0 0 0 0
0.553162 0.216248
0.056641 0.057861 2.525146
-0.808683 -0.588044 -0.015364
0 0 0 0
0.553162 0.096252
0.06543 0.05127 2.525146
-0.310274 -0.950523 -0.015364
0 0 0 0
0.606201 0.096252
0.066162 0.051758 2.482422
-0.307926 -0.951323 -0.012872
0 0 0 0
0.606201 0.216248
0.076416 0.05127 2.525146
-0.001382 -0.001382 0.999998
0 0 0 0
0.046753 0.91803
0.085449 0.057861 2.525146
-0.001382 -0.001382 0.999998
0 0 0 0
0.026428 0.924622
0.071045 0.068115 2.525146
-0.001382 -0.001382 0.999998
0 0 0 0
0.046753 0.952576
0.06543 0.05127 2.525146
-0.001382 -0.001382 0.999998
0 0 0 0
0.067078 0.924622
0.056641 0.057861 2.525146
-0.001382 -0.001382 0.999998
0 0 0 0
0.079651 0.941895
0.053223 0.068115 2.525146
0.001382 -0.001382 0.999998
0 0 0 0
0.079651 0.963257
0.056641 0.078613 2.525146
-0.001382 0.001382 0.999998
0 0 0 0
0.067078 0.980591
0.06543 0.085205 2.525146
-0.001382 0.001382 0.999998
0 0 0 0
0.046753 0.987183
0.076416 0.085205 2.525146
0.001382 0.001382 0.999998
0 0 0 0
0.026428 0.980591
0.085449 0.078613 2.525146
0.001382 0.001382 0.999998
0 0 0 0
0.013855 0.963257
0.088623 0.068115 2.525146
0.001382 0.001382 0.999998
0 0 0 0
0.013855 0.941895
0.086182 0.05835 2.482422
0.001382 0.001382 -0.999998
0 0 0 0
0.026428 0.924622
0.077148 0.051758 2.482422
0.001382 0.001382 -0.999998
0 0 0 0
0.013855 0.941895
0.071533 0.068848 2.482422
0.001382 0.001382 -0.999998
0 0 0 0
0.046753 0.952576
0.0896 0.068848 2.482422
0.001382 0.001382 -0.999998
0 0 0 0
0.046753 0.91803
0.086182 0.079346 2.482422
0.001382 0.001382 -0.999998
0 0 0 0
0.067078 0.924622
0.077148 0.085938 2.482422
0.001382 0.001382 -0.999998
0 0 0 0
0.079651 0.941895
0.066162 0.085938 2.482422
0.001382 0.001382 -0.999998
0 0 0 0
0.079651 0.963257
0.057129 0.079346 2.482422
0.001382 0.001382 -0.999998
0 0 0 0
0.067078 0.980591
0.053711 0.068848 2.482422
0.001382 0.001382 -0.999998
0 0 0 0
0.046753 0.987183
0.057129 0.05835 2.482422
-0.001382 0.001382 -0.999998
0 0 0 0
0.026428 0.980591
0.066162 0.051758 2.482422
-0.001382 0.001382 -0.999998
0 0 0 0
0.013855 0.963257
0.066162 -0.084961 2.482422
-0.306138 -0.951883 0.014065
0 0 0 0
0.075806 0.216248
0.076416 -0.084229 2.525146
0.30725 -0.951387 0.021441
0 0 0 0
0.128845 0.096252
0.06543 -0.084229 2.525146
-0.312059 -0.949957 0.014156
0 0 0 0
0.075806 0.096252
0.077148 -0.084961 2.482422
0.311397 -0.950008 0.022726
0 0 0 0
0.128845 0.216248
0.085449 -0.077881 2.525146
0.809759 -0.586309 0.023047
0 0 0 0
0.181885 0.096252
0.086182 -0.078613 2.482422
0.80812 -0.588533 0.023903
0 0 0 0
0.181885 0.216248
0.0896 -0.067871 2.482422
0.999807 -0.002961 0.019446
0 0 0 0
0.234924 0.216248
0.088623 -0.067383 2.525146
0.999807 0.002961 0.019446
0 0 0 0
0.234924 0.096252
0.086182 -0.057373 2.482422
0.810794 0.585301 0.005916
0 0 0 0
0.287964 0.216248
0.085449 -0.056885 2.525146
0.806643 0.591015 0.005342
0 0 0 0
0.287964 0.096252
0.077148 -0.051025 2.482422
0.312692 0.949838 -0.005549
0 0 0 0
0.341003 0.216248
0.076416 -0.050537 2.525146
0.305018 0.952323 -0.006657
0 0 0 0
0.341003 0.096252
0.066162 -0.051025 2.482422
-0.307926 0.951323 -0.012872
0 0 0 0
0.394043 0.216248
0.06543 -0.050537 2.525146
-0.310274 0.950523 -0.015364
0 0 0 0
0.394043 0.096252
0.057129 -0.057373 2.482422
-0.80959 0.586731 -0.017642
0 0 0 0
0.447083 0.216248
0.056641 -0.056885 2.525146
-0.808683 0.588044 -0.015364
0 0 0 0
0.447083 0.096252
0.053223 -0.067383 2.525146
-0.999927 0.00295 -0.011687
0 0 0 0
0.500122 0.096252
0.053711 -0.067871 2.482422
-0.999927 -0.00295 -0.011687
0 0 0 0
0.500122 0.216248
0.056641 -0.077881 2.525146
-0.811476 -0.58438 0.002751
0 0 0 0
0.553162 0.096252
0.057129 -0.078613 2.482422
-0.806405 -0.591364 -0.000116
0 0 0 0
0.553162 0.216248
0.06543 -0.084229 2.525146
-0.312059 -0.949957 0.014156
0 0 0 0
0.606201 0.096252
0.066162 -0.084961 2.482422
-0.306138 -0.951883 0.014065
0 0 0 0
0.606201 0.216248
0.076416 -0.084229 2.525146
-0.001382 -0.001382 0.999998
0 0 0 0
0.046753 0.91803
0.085449 -0.077881 2.525146
-0.001382 -0.001382 0.999998
0 0 0 0
0.026428 0.924622
0.071045 -0.067383 2.525146
-0.001382 -0.001382 0.999998
0 0 0 0
0.046753 0.952576
0.06543 -0.084229 2.525146
-0.001382 -0.001382 0.999998
0 0 0 0
0.067078 0.924622
0.056641 -0.077881 2.525146
-0.001382 -0.001382 0.999998
0 0 0 0
0.079651 0.941895
0.053223 -0.067383 2.525146
0.001382 -0.001382 0.999998
0 0 0 0
0.079651 0.963257
0.056641 -0.056885 2.525146
0.001382 0.001382 0.999998
0 0 0 0
0.067078 0.980591
0.06543 -0.050537 2.525146
0.001382 0.001382 0.999998
0 0 0 0
0.046753 0.987183
0.076416 -0.050537 2.525146
0.001382 0.001382 0.999998
0 0 0 0
0.026428 0.980591
0.085449 -0.056885 2.525146
0.001382 0.001382 0.999998
0 0 0 0
0.013855 0.963257
0.088623 -0.067383 2.525146
0.001382 0.001382 0.999998
0 0 0 0
0.013855 0.941895
0.086182 -0.078613 2.482422
0.001382 0.001382 -0.999998
0 0 0 0
0.026428 0.924622
0.077148 -0.084961 2.482422
0.001382 0.001382 -0.999998
0 0 0 0
0.013855 0.941895
0.071533 -0.067871 2.482422
0.001382 0.001382 -0.999998
0 0 0 0
0.046753 0.952576
0.0896 -0.067871 2.482422
0.001382 0.001382 -0.999998
0 0 0 0
0.046753 0.91803
0.086182 -0.057373 2.482422
0.001382 0.001382 -0.999998
0 0 0 0
0.067078 0.924622
0.077148 -0.051025 2.482422
0.001382 0.001382 -0.999998
0 0 0 0
0.079651 0.941895
0.066162 -0.051025 2.482422
0.001382 0.001382 -0.999998
0 0 0 0
0.079651 0.963257
0.057129 -0.057373 2.482422
0.001382 0.001382 -0.999998
0 0 0 0
0.067078 0.980591
0.053711 -0.067871 2.482422
0.001382 0.001382 -0.999998
0 0 0 0
0.046753 0.987183
0.057129 -0.078613 2.482422
-0.001382 0.001382 -0.999998
0 0 0 0
0.026428 0.980591
0.066162 -0.084961 2.482422
-0.001382 0.001382 -0.999998
0 0 0 0
0.013855 0.963257
-0.106934 0.093018 0.024658
0.001316 -0.582994 -0.812475
0 0 0 0
0.168274 0.466248
-0.106934 0.103516 0.021484
0.001382 -0.001382 -0.999998
0 0 0 0
0.181091 0.466248
0.106934 0.103516 0.021484
0.001382 -0.001382 -0.999998
0 0 0 0
0.181091 0.221252
0.106934 0.093018 0.024658
0.001316 -0.582994 -0.812475
0 0 0 0
0.168274 0.221252
-0.106689 0.086426 0.033691
0.001124 -0.947097 -0.320946
0 0 0 0
0.155457 0.466248
0.106689 0.086426 0.033691
0.001124 -0.947097 -0.320946
0 0 0 0
0.155457 0.221252
-0.106689 0.086426 0.044678
0.001112 -0.95552 0.294924
0 0 0 0
0.142639 0.466248
0.106689 0.086426 0.044678
0.001112 -0.95552 0.294924
0 0 0 0
0.142639 0.221252
-0.106445 0.092529 0.053467
0.001313 -0.594745 0.803914
0 0 0 0
0.129822 0.466248
0.106445 0.092529 0.053467
0.001313 -0.594745 0.803914
0 0 0 0
0.129822 0.221252
-0.106445 0.103027 0.056885
0.001382 -0.001382 0.999998
0 0 0 0
0.117065 0.466248
0.106445 0.103027 0.056885
0.001382 -0.001382 0.999998
0 0 0 0
0.117065 0.221252
-0.106445 0.113281 0.053467
0.001315 0.587706 0.809074
0 0 0 0
0.104248 0.466248
0.106445 0.113281 0.053467
0.001315 0.587706 0.809074
0 0 0 0
0.104248 0.221252
0.106689 0.119873 0.044678
0.001122 0.948184 0.31772
0 0 0 0
0.091431 0.221252
-0.106689 0.119873 0.044678
0.001122 0.948184 0.31772
0 0 0 0
0.091431 0.466248
0.106689 0.120117 0.033691
0.001114 0.954502 -0.298204
0 0 0 0
0.078613 0.221252
-0.106689 0.120117 0.033691
0.001114 0.954502 -0.298204
0 0 0 0
0.078613 0.466248
0.106934 0.11377 0.024658
0.001314 0.590056 -0.807361
0 0 0 0
0.065857 0.221252
-0.106934 0.11377 0.024658
0.001314 0.590056 -0.807361
0 0 0 0
0.065857 0.466248
-0.106934 0.103516 0.021484
0.001382 -0.001382 -0.999998
0 0 0 0
0.05304 0.466248
0.106934 0.103516 0.021484
0.001382 -0.001382 -0.999998
0 0 0 0
0.05304 0.221252
-0.0979 0.085205 0.63208
0.001307 -0.615647 -0.788021
0 0 0 0
0.50592 0.466248
-0.0979 0.094971 0.628662
0.001382 0.001382 -0.999998
0 0 0 0
0.518738 0.466248
0.098145 0.094971 0.628662
0.001382 0.001382 -0.999998
0 0 0 0
0.518738 0.221252
0.098145 0.085205 0.63208
0.001307 -0.615647 -0.788021
0 0 0 0
0.50592 0.221252
-0.097656 0.079346 0.640869
0.001114 -0.954502 -0.298204
0 0 0 0
0.493103 0.466248
0.098145 0.079346 0.640869
0.001114 -0.954502 -0.298204
0 0 0 0
0.493103 0.221252
-0.097656 0.079102 0.651855
0.001102 -0.962366 0.271755
0 0 0 0
0.480286 0.466248
0.0979 0.079102 0.651855
0.001102 -0.962366 0.271755
0 0 0 0
0.480286 0.221252
-0.097412 0.084961 0.660645
0.001303 -0.629398 0.777082
0 0 0 0
0.467468 0.466248
0.097656 0.084961 0.660645
0.001303 -0.629398 0.777082
0 0 0 0
0.467468 0.221252
-0.097412 0.094482 0.664062
0.001382 -0.001382 0.999998
0 0 0 0
0.454712 0.466248
0.097656 0.094482 0.664062
0.001382 -0.001382 0.999998
0 0 0 0
0.454712 0.221252
-0.097412 0.104004 0.660645
0.001306 0.620247 0.784405
0 0 0 0
0.441895 0.466248
0.097656 0.104004 0.660645
0.001306 0.620247 0.784405
0 0 0 0
0.441895 0.221252
0.0979 0.109863 0.651855
0.001112 0.95552 0.294924
0 0 0 0
0.429077 0.221252
-0.097656 0.109863 0.651855
0.001112 0.95552 0.294924
0 0 0 0
0.429077 0.466248
0.098145 0.110107 0.640869
0.001104 0.961419 -0.275087
0 0 0 0
0.41626 0.221252
-0.097656 0.110107 0.640869
0.001104 0.961419 -0.275087
0 0 0 0
0.41626 0.466248
0.098145 0.104492 0.63208
0.001304 0.624831 -0.780759
0 0 0 0
0.403503 0.221252
-0.0979 0.104492 0.63208
0.001304 0.624831 -0.780759
0 0 0 0
0.403503 0.466248
-0.0979 0.094971 0.628662
0.001382 0.001382 -0.999998
0 0 0 0
0.390686 0.466248
0.098145 0.094971 0.628662
0.001382 0.001382 -0.999998
0 0 0 0
0.390686 0.221252
-0.088623 0.077393 1.25708
0.001296 -0.651976 -0.758239
0 0 0 0
0.742676 0.466248
-0.088623 0.086182 1.253662
0.001382 -0.001382 -0.999998
0 0 0 0
0.755493 0.466248
0.089355 0.086182 1.253662
0.001382 -0.001382 -0.999998
0 0 0 0
0.755493 0.221252
0.089111 0.077393 1.25708
0.001296 -0.651976 -0.758239
0 0 0 0
0.742676 0.221252
-0.088379 0.072021 1.265869
0.001104 -0.961419 -0.275087
0 0 0 0
0.729858 0.466248
0.089111 0.072021 1.265869
0.001104 -0.961419 -0.275087
0 0 0 0
0.729858 0.221252
-0.088379 0.071777 1.276855
0.001091 -0.969569 0.244816
0 0 0 0
0.717041 0.466248
0.088867 0.071777 1.276855
0.001091 -0.969569 0.244816
0 0 0 0
0.717041 0.221252
-0.088135 0.077148 1.285645
0.001292 -0.66531 0.746566
0 0 0 0
0.704224 0.466248
0.088867 0.077148 1.285645
0.001292 -0.66531 0.746566
0 0 0 0
0.704224 0.221252
-0.088135 0.085693 1.289062
0.001382 -0.001382 0.999998
0 0 0 0
0.691467 0.466248
0.088623 0.085693 1.289062
0.001382 -0.001382 0.999998
0 0 0 0
0.691467 0.221252
0.088867 0.094238 1.285645
0.001295 0.656438 0.754378
0 0 0 0
0.67865 0.221252
-0.088135 0.094238 1.285645
0.001295 0.656438 0.754378
0 0 0 0
0.67865 0.466248
0.088867 0.099854 1.276855
0.001102 0.962366 0.271754
0 0 0 0
0.665833 0.221252
-0.088379 0.099854 1.276855
0.001102 0.962366 0.271754
0 0 0 0
0.665833 0.466248
-0.088379 0.099854 1.265869
0.001092 0.968706 -0.24821
0 0 0 0
0.653015 0.466248
0.089111 0.099854 1.265869
0.001092 0.968706 -0.24821
0 0 0 0
0.653015 0.221252
0.089111 0.094727 1.25708
0.001293 0.660883 -0.750488
0 0 0 0
0.640259 0.221252
-0.088623 0.094727 1.25708
0.001293 0.660883 -0.750488
0 0 0 0
0.640259 0.466248
-0.088623 0.086182 1.253662
0.001382 -0.001382 -0.999998
0 0 0 0
0.627441 0.466248
0.089355 0.086182 1.253662
0.001382 -0.001382 -0.999998
0 0 0 0
0.627441 0.221252
-0.079346 0.06958 1.88208
0.001283 -0.69148 -0.722395
0 0 0 0
0.558533 0.466248
-0.079346 0.077393 1.878662
0.001382 -0.001382 -0.999998
0 0 0 0
0.571289 0.466248
0.080322 0.077393 1.878662
0.001382 -0.001382 -0.999998
0 0 0 0
0.571289 0.221252
0.080322 0.06958 1.88208
0.001283 -0.69148 -0.722395
0 0 0 0
0.558533 0.221252
-0.079102 0.064453 1.890869
0.001092 -0.968706 -0.24821
0 0 0 0
0.545715 0.466248
0.080078 0.064453 1.890869
0.001092 -0.968706 -0.24821
0 0 0 0
0.545715 0.221252
-0.079102 0.064453 1.901855
0.00108 -0.975309 0.220843
0 0 0 0
0.532898 0.466248
0.079834 0.064453 1.901855
0.00108 -0.975309 0.220843
0 0 0 0
0.532898 0.221252
-0.078857 0.069092 1.910889
0.001277 -0.706425 0.707786
0 0 0 0
0.520081 0.466248
0.079834 0.069092 1.910889
0.001277 -0.706425 0.707786
0 0 0 0
0.520081 0.221252
-0.078857 0.076904 1.914062
0.001382 -0.001382 0.999998
0 0 0 0
0.507263 0.466248
0.079834 0.076904 1.914062
0.001382 -0.001382 0.999998
0 0 0 0
0.507263 0.221252
0.079834 0.084473 1.910889
0.001281 0.695775 0.718259
0 0 0 0
0.494507 0.221252
-0.078857 0.084473 1.910889
0.001281 0.695775 0.718259
0 0 0 0
0.494507 0.466248
0.079834 0.0896 1.901855
0.001092 0.968706 0.24821
0 0 0 0
0.481689 0.221252
-0.079102 0.0896 1.901855
0.001092 0.968706 0.24821
0 0 0 0
0.481689 0.466248
0.080078 0.0896 1.890869
0.001082 0.974522 -0.224291
0 0 0 0
0.468872 0.221252
-0.079102 0.0896 1.890869
0.001082 0.974522 -0.224291
0 0 0 0
0.468872 0.466248
0.080322 0.084961 1.88208
0.001279 0.70218 -0.711998
0 0 0 0
0.456116 0.221252
-0.079346 0.084961 1.88208
0.001279 0.70218 -0.711998
0 0 0 0
0.456116 0.466248
-0.079346 0.077393 1.878662
0.001382 -0.001382 -0.999998
0 0 0 0
0.443298 0.466248
0.080322 0.077393 1.878662
0.001382 -0.001382 -0.999998
0 0 0 0
0.443298 0.221252
-0.070312 0.061768 2.489502
0.001267 -0.733523 -0.679663
0 0 0 0
0.574158 0.466248
-0.070312 0.068848 2.486084
0.001382 -0.001382 -0.999998
0 0 0 0
0.586975 0.466248
0.071533 0.068848 2.486084
0.001382 -0.001382 -0.999998
0 0 0 0
0.586975 0.221252
0.071533 0.061768 2.489502
0.001267 -0.733523 -0.679663
0 0 0 0
0.574158 0.221252
-0.070068 0.057373 2.498291
0.001082 -0.974522 -0.224291
0 0 0 0
0.561401 0.466248
0.071289 0.057373 2.498291
0.001082 -0.974522 -0.224291
0 0 0 0
0.561401 0.221252
-0.070068 0.057373 2.509277
0.001069 -0.980504 0.196496
0 0 0 0
0.548584 0.466248
0.071289 0.057373 2.509277
0.001069 -0.980504 0.196496
0 0 0 0
0.548584 0.221252
-0.069824 0.061523 2.518066
0.001261 -0.747745 0.663984
0 0 0 0
0.535767 0.466248
0.071045 0.061523 2.518066
0.001261 -0.747745 0.663984
0 0 0 0
0.535767 0.221252
-0.069824 0.068359 2.521484
0.001382 -0.001382 0.999998
0 0 0 0
0.522949 0.466248
0.071045 0.068359 2.521484
0.001382 -0.001382 0.999998
0 0 0 0
0.522949 0.221252
0.071045 0.075195 2.518066
0.001265 0.737614 0.675222
0 0 0 0
0.510193 0.221252
-0.069824 0.075195 2.518066
0.001265 0.737614 0.675222
0 0 0 0
0.510193 0.466248
0.071289 0.07959 2.509277
0.00108 0.975309 0.220843
0 0 0 0
0.497375 0.221252
-0.070068 0.07959 2.509277
0.00108 0.975309 0.220843
0 0 0 0
0.497375 0.466248
0.071289 0.079834 2.498291
0.001069 0.980504 -0.196496
0 0 0 0
0.484558 0.221252
-0.070068 0.079834 2.498291
0.001069 0.980504 -0.196496
0 0 0 0
0.484558 0.466248
0.071533 0.075684 2.489502
0.001263 0.743709 -0.668502
0 0 0 0
0.471741 0.221252
-0.070312 0.075684 2.489502
0.001263 0.743709 -0.668502
0 0 0 0
0.471741 0.466248
-0.070312 0.068848 2.486084
0.001382 -0.001382 -0.999998
0 0 0 0
0.458984 0.466248
0.071533 0.068848 2.486084
0.001382 -0.001382 -0.999998
0 0 0 0
0.458984 0.221252
0.093018 -0.106934 0.024658
-0.582994 0.001316 -0.812475
0 0 0 0
0.168274 0.221252
0.103516 0.106934 0.021484
-0.001382 0.001382 -0.999998
0 0 0 0
0.181091 0.466248
0.103516 -0.106934 0.021484
-0.001382 0.001382 -0.999998
0 0 0 0
0.181091 0.221252
0.093018 0.106934 0.024658
-0.582994 0.001316 -0.812475
0 0 0 0
0.168274 0.466248
0.086426 -0.106689 0.033691
-0.947097 0.001124 -0.320946
0 0 0 0
0.155457 0.221252
0.086426 0.106689 0.033691
-0.947097 0.001124 -0.320946
0 0 0 0
0.155457 0.466248
0.086426 -0.106689 0.044678
-0.95552 0.001112 0.294924
0 0 0 0
0.142639 0.221252
0.086426 0.106689 0.044678
-0.95552 0.001112 0.294924
0 0 0 0
0.142639 0.466248
0.092529 -0.106445 0.053467
-0.594745 0.001313 0.803914
0 0 0 0
0.129822 0.221252
0.092529 0.106445 0.053467
-0.594745 0.001313 0.803914
0 0 0 0
0.129822 0.466248
0.103027 -0.106445 0.056885
-0.001382 0.001382 0.999998
0 0 0 0
0.117065 0.221252
0.103027 0.106445 0.056885
-0.001382 0.001382 0.999998
0 0 0 0
0.117065 0.466248
0.113281 0.106445 0.053467
0.587706 0.001315 0.809074
0 0 0 0
0.104248 0.466248
0.113281 -0.106445 0.053467
0.587706 0.001315 0.809074
0 0 0 0
0.104248 0.221252
0.119873 0.106689 0.044678
0.948184 0.001122 0.31772
0 0 0 0
0.091431 0.466248
0.119873 -0.106689 0.044678
0.948184 0.001122 0.31772
0 0 0 0
0.091431 0.221252
0.120117 0.106689 0.033691
0.954502 0.001114 -0.298204
0 0 0 0
0.078613 0.466248
0.120117 -0.106689 0.033691
0.954502 0.001114 -0.298204
0 0 0 0
0.078613 0.221252
0.11377 0.106934 0.024658
0.590056 0.001314 -0.807361
0 0 0 0
0.065857 0.466248
0.11377 -0.106934 0.024658
0.590056 0.001314 -0.807361
0 0 0 0
0.065857 0.221252
0.103516 0.106934 0.021484
-0.001382 0.001382 -0.999998
0 0 0 0
0.05304 0.466248
0.103516 -0.106934 0.021484
-0.001382 0.001382 -0.999998
0 0 0 0
0.05304 0.221252
0.085449 0.098145 0.63208
-0.615647 0.001307 -0.788021
0 0 0 0
0.50592 0.466248
0.094971 0.098145 0.628662
0.001382 0.001382 -0.999998
0 0 0 0
0.518738 0.466248
0.094971 -0.098145 0.628662
0.001382 0.001382 -0.999998
0 0 0 0
0.518738 0.221252
0.085449 -0.0979 0.63208
-0.615647 0.001307 -0.788021
0 0 0 0
0.50592 0.221252
0.079346 -0.0979 0.640869
-0.954502 0.001114 -0.298204
0 0 0 0
0.493103 0.221252
0.079346 0.0979 0.640869
-0.954502 0.001114 -0.298204
0 0 0 0
0.493103 0.466248
0.079346 -0.097656 0.651855
-0.962366 0.001102 0.271755
0 0 0 0
0.480286 0.221252
0.079346 0.097656 0.651855
-0.962366 0.001102 0.271755
0 0 0 0
0.480286 0.466248
0.084961 -0.097656 0.660645
-0.629398 0.001303 0.777082
0 0 0 0
0.467468 0.221252
0.084961 0.097656 0.660645
-0.627116 0.001304 0.778924
0 0 0 0
0.467468 0.466248
0.094482 -0.097412 0.664062
-0.001382 0.001382 0.999998
0 0 0 0
0.454712 0.221252
0.094482 0.097656 0.664062
-0.001382 0.001382 0.999998
0 0 0 0
0.454712 0.466248
0.104004 0.097656 0.660645
0.620247 0.001306 0.784405
0 0 0 0
0.441895 0.466248
0.104004 -0.097656 0.660645
0.620247 0.001306 0.784405
0 0 0 0
0.441895 0.221252
0.110107 0.097656 0.651855
0.95552 0.001112 0.294924
0 0 0 0
0.429077 0.466248
0.110107 -0.097656 0.651855
0.95552 0.001112 0.294924
0 0 0 0
0.429077 0.221252
0.110352 0.0979 0.640869
0.961419 0.001104 -0.275087
0 0 0 0
0.41626 0.466248
0.110352 -0.0979 0.640869
0.961419 0.001104 -0.275087
0 0 0 0
0.41626 0.221252
0.104492 0.098145 0.63208
0.624831 0.001304 -0.780759
0 0 0 0
0.403503 0.466248
0.104492 -0.0979 0.63208
0.624831 0.001304 -0.780759
0 0 0 0
0.403503 0.221252
0.094971 0.098145 0.628662
0.001382 0.001382 -0.999998
0 0 0 0
0.390686 0.466248
0.094971 -0.098145 0.628662
0.001382 0.001382 -0.999998
0 0 0 0
0.390686 0.221252
0.077637 -0.088867 1.25708
-0.651976 0.001296 -0.758239
0 0 0 0
0.742676 0.221252
0.086426 0.089111 1.253662
-0.001382 0.001382 -0.999998
0 0 0 0
0.755493 0.466248
0.086426 -0.088867 1.253662
-0.001382 0.001382 -0.999998
0 0 0 0
0.755493 0.221252
0.077637 0.088867 1.25708
-0.651976 0.001296 -0.758239
0 0 0 0
0.742676 0.466248
0.072266 -0.088623 1.265869
-0.962366 0.001102 -0.271755
0 0 0 0
0.729858 0.221252
0.072266 0.088867 1.265869
-0.962366 0.001102 -0.271755
0 0 0 0
0.729858 0.466248
0.072021 -0.088623 1.276855
-0.969569 0.001091 0.244816
0 0 0 0
0.717041 0.221252
0.072021 0.088623 1.276855
-0.969569 0.001091 0.244816
0 0 0 0
0.717041 0.466248
0.077148 -0.088379 1.285645
-0.66531 0.001292 0.746566
0 0 0 0
0.704224 0.221252
0.077148 0.088623 1.285645
-0.66531 0.001292 0.746566
0 0 0 0
0.704224 0.466248
0.085938 -0.088379 1.289062
-0.001382 0.001382 0.999998
0 0 0 0
0.691467 0.221252
0.085938 0.088379 1.289062
-0.001382 0.001382 0.999998
0 0 0 0
0.691467 0.466248
0.094482 0.088623 1.285645
0.656438 0.001295 0.754378
0 0 0 0
0.67865 0.466248
0.094482 -0.088379 1.285645
0.656438 0.001295 0.754378
0 0 0 0
0.67865 0.221252
0.099854 0.088623 1.276855
0.962366 0.001102 0.271754
0 0 0 0
0.665833 0.466248
0.099854 -0.088623 1.276855
0.962366 0.001102 0.271754
0 0 0 0
0.665833 0.221252
0.100098 0.088867 1.265869
0.968706 0.001092 -0.24821
0 0 0 0
0.653015 0.466248
0.100098 -0.088623 1.265869
0.968706 0.001092 -0.24821
0 0 0 0
0.653015 0.221252
0.094971 0.088867 1.25708
0.660883 0.001293 -0.750488
0 0 0 0
0.640259 0.466248
0.094971 -0.088867 1.25708
0.660883 0.001293 -0.750488
0 0 0 0
0.640259 0.221252
0.086426 0.089111 1.253662
-0.001382 0.001382 -0.999998
0 0 0 0
0.627441 0.466248
0.086426 -0.088867 1.253662
-0.001382 0.001382 -0.999998
0 0 0 0
0.627441 0.221252
0.069824 -0.07959 1.88208
-0.69148 0.001283 -0.722395
0 0 0 0
0.558533 0.221252
0.077637 0.079834 1.878662
-0.001382 0.001382 -0.999998
0 0 0 0
0.571289 0.466248
0.077637 -0.07959 1.878662
-0.001382 0.001382 -0.999998
0 0 0 0
0.571289 0.221252
0.069824 0.079834 1.88208
-0.69148 0.001283 -0.722395
0 0 0 0
0.558533 0.466248
0.064941 -0.07959 1.890869
-0.968706 0.001092 -0.24821
0 0 0 0
0.545715 0.221252
0.064941 0.079834 1.890869
-0.968706 0.001092 -0.24821
0 0 0 0
0.545715 0.466248
0.064697 -0.079346 1.901855
-0.975309 0.00108 0.220843
0 0 0 0
0.532898 0.221252
0.064697 0.07959 1.901855
-0.975309 0.00108 0.220843
0 0 0 0
0.532898 0.466248
0.06958 -0.079346 1.910889
-0.706425 0.001277 0.707786
0 0 0 0
0.520081 0.221252
0.06958 0.079346 1.910889
-0.706425 0.001277 0.707786
0 0 0 0
0.520081 0.466248
0.077148 -0.079102 1.914062
-0.001382 0.001382 0.999998
0 0 0 0
0.507263 0.221252
0.077148 0.079346 1.914062
-0.001382 0.001382 0.999998
0 0 0 0
0.507263 0.466248
0.084961 0.079346 1.910889
0.695775 0.001281 0.718259
0 0 0 0
0.494507 0.466248
0.084961 -0.079346 1.910889
0.695775 0.001281 0.718259
0 0 0 0
0.494507 0.221252
-0.081787 0.078613 2.525146
-0.809759 0.586309 0.023047
0 0 0 0
0.447083 0.096252
-0.08252 0.079346 2.482422
-0.80812 0.588533 0.023903
0 0 0 0
0.447083 0.216248
-0.085938 0.068848 2.482422
-0.999807 0.002961 0.019446
0 0 0 0
0.500122 0.216248
-0.085205 0.068115 2.525146
-0.999807 -0.002961 0.019446
0 0 0 0
0.500122 0.096252
-0.08252 0.05835 2.482422
-0.811712 -0.584001 0.008194
0 0 0 0
0.553162 0.216248
-0.081787 0.057861 2.525146
-0.806643 -0.591015 0.005342
0 0 0 0
0.553162 0.096252
-0.07373 0.051758 2.482422
-0.312692 -0.949838 -0.005549
0 0 0 0
0.606201 0.216248
-0.072998 0.05127 2.525146
-0.305018 -0.952323 -0.006657
0 0 0 0
0.606201 0.096252
-0.062012 0.05127 2.525146
-0.001382 -0.001382 0.999998
0 0 0 0
0.046753 0.91803
-0.052979 0.057861 2.525146
-0.001382 -0.001382 0.999998
0 0 0 0
0.026428 0.924622
-0.067383 0.068115 2.525146
-0.001382 -0.001382 0.999998
0 0 0 0
0.046753 0.952576
-0.072998 0.05127 2.525146
-0.001382 -0.001382 0.999998
0 0 0 0
0.067078 0.924622
-0.081787 0.057861 2.525146
-0.001382 -0.001382 0.999998
0 0 0 0
0.079651 0.941895
-0.085205 0.068115 2.525146
0.001382 -0.001382 0.999998
0 0 0 0
0.079651 0.963257
-0.081787 0.078613 2.525146
-0.001382 0.001382 0.999998
0 0 0 0
0.067078 0.980591
-0.072998 0.085205 2.525146
-0.001382 0.001382 0.999998
0 0 0 0
0.046753 0.987183
-0.062012 0.085205 2.525146
0.001382 0.001382 0.999998
0 0 0 0
0.026428 0.980591
-0.052979 0.078613 2.525146
0.001382 0.001382 0.999998
0 0 0 0
0.013855 0.963257
-0.049805 0.068115 2.525146
0.001382 0.001382 0.999998
0 0 0 0
0.013855 0.941895
-0.053467 0.05835 2.482422
0.001382 0.001382 -0.999998
0 0 0 0
0.026428 0.924622
-0.0625 0.051758 2.482422
0.001382 0.001382 -0.999998
0 0 0 0
0.013855 0.941895
-0.068115 0.068848 2.482422
0.001382 0.001382 -0.999998
0 0 0 0
0.046753 0.952576
-0.050049 0.068848 2.482422
0.001382 0.001382 -0.999998
0 0 0 0
0.046753 0.91803
-0.053467 0.079346 2.482422
0.001382 0.001382 -0.999998
0 0 0 0
0.067078 0.924622
-0.0625 0.085938 2.482422
0.001382 0.001382 -0.999998
0 0 0 0
0.079651 0.941895
-0.07373 0.085938 2.482422
0.001382 0.001382 -0.999998
0 0 0 0
0.079651 0.963257
-0.08252 0.079346 2.482422
0.001382 0.001382 -0.999998
0 0 0 0
0.067078 0.980591
-0.085938 0.068848 2.482422
0.001382 0.001382 -0.999998
0 0 0 0
0.046753 0.987183
-0.08252 0.05835 2.482422
-0.001382 0.001382 -0.999998
0 0 0 0
0.026428 0.980591
-0.07373 0.051758 2.482422
-0.001382 0.001382 -0.999998
0 0 0 0
0.013855 0.963257
-0.082275 -0.094971 1.917725
-0.30725 -0.951387 0.021441
0 0 0 0
0.075806 0.096252
-0.083008 -0.095703 1.875
-0.311397 -0.950008 0.022726
0 0 0 0
0.075806 0.216248
-0.070557 -0.095703 1.875
0.306138 -0.951883 0.014065
0 0 0 0
0.128845 0.216248
-0.070068 -0.094971 1.917725
0.312059 -0.949957 0.014156
0 0 0 0
0.128845 0.096252
-0.060547 -0.088379 1.875
0.806405 -0.591364 -0.000116
0 0 0 0
0.181885 0.216248
-0.060059 -0.087646 1.917725
0.811476 -0.58438 0.002751
0 0 0 0
0.181885 0.096252
-0.056641 -0.076416 1.875
0.999927 -0.00295 -0.011687
0 0 0 0
0.234924 0.216248
-0.056152 -0.075928 1.917725
0.999927 0.00295 -0.011687
0 0 0 0
0.234924 0.096252
-0.060547 -0.064697 1.875
0.80959 0.586731 -0.017642
0 0 0 0
0.287964 0.216248
-0.060059 -0.064209 1.917725
0.808683 0.588044 -0.015364
0 0 0 0
0.287964 0.096252
-0.070068 -0.056885 1.917725
0.310274 0.950523 -0.015364
0 0 0 0
0.341003 0.096252
-0.070557 -0.057373 1.875
0.307926 0.951323 -0.012872
0 0 0 0
0.341003 0.216248
-0.082275 -0.056885 1.917725
-0.305018 0.952323 -0.006657
0 0 0 0
0.394043 0.096252
-0.083008 -0.057373 1.875
-0.312692 0.949838 -0.005549
0 0 0 0
0.394043 0.216248
-0.092285 -0.064209 1.917725
-0.806643 0.591015 0.005342
0 0 0 0
0.447083 0.096252
-0.093018 -0.064697 1.875
-0.810794 0.585301 0.005916
0 0 0 0
0.447083 0.216248
-0.096191 -0.075928 1.917725
-0.999807 0.002961 0.019446
0 0 0 0
0.500122 0.096252
-0.096924 -0.076416 1.875
-0.999807 -0.002961 0.019446
0 0 0 0
0.500122 0.216248
-0.092285 -0.087646 1.917725
-0.809759 -0.586309 0.023047
0 0 0 0
0.553162 0.096252
-0.093018 -0.088379 1.875
-0.80812 -0.588533 0.023903
0 0 0 0
0.553162 0.216248
-0.083008 -0.095703 1.875
-0.311397 -0.950008 0.022726
0 0 0 0
0.606201 0.216248
-0.082275 -0.094971 1.917725
-0.30725 -0.951387 0.021441
0 0 0 0
0.606201 0.096252
-0.070068 -0.094971 1.917725
-0.001382 -0.001382 0.999998
0 0 0 0
0.046753 0.91803
-0.060059 -0.087646 1.917725
-0.001382 -0.001382 0.999998
0 0 0 0
0.026428 0.924622
-0.076172 -0.075928 1.917725
-0.001382 -0.001382 0.999998
0 0 0 0
0.046753 0.952576
-0.082275 -0.094971 1.917725
-0.001382 -0.001382 0.999998
0 0 0 0
0.067078 0.924622
-0.092285 -0.087646 1.917725
-0.001382 -0.001382 0.999998
0 0 0 0
0.079651 0.941895
-0.096191 -0.075928 1.917725
0.001382 -0.001382 0.999998
0 0 0 0
0.079651 0.963257
-0.092285 -0.064209 1.917725
0.001382 0.001382 0.999998
0 0 0 0
0.067078 0.980591
-0.082275 -0.056885 1.917725
0.001382 0.001382 0.999998
0 0 0 0
0.046753 0.987183
-0.070068 -0.056885 1.917725
-0.001382 0.001382 0.999998
0 0 0 0
0.026428 0.980591
-0.060059 -0.064209 1.917725
-0.001382 0.001382 0.999998
0 0 0 0
0.013855 0.963257
-0.056152 -0.075928 1.917725
0.001382 0.001382 0.999998
0 0 0 0
0.013855 0.941895
-0.060547 -0.088379 1.875
0.001382 0.001382 -0.999998
0 0 0 0
0.026428 0.924622
-0.070557 -0.095703 1.875
0.001382 0.001382 -0.999998
0 0 0 0
0.013855 0.941895
-0.076904 -0.076416 1.875
0.001382 0.001382 -0.999998
0 0 0 0
0.046753 0.952576
-0.056641 -0.076416 1.875
0.001382 0.001382 -0.999998
0 0 0 0
0.046753 0.91803
-0.060547 -0.064697 1.875
0.001382 0.001382 -0.999998
0 0 0 0
0.067078 0.924622
-0.070557 -0.057373 1.875
0.001382 0.001382 -0.999998
0 0 0 0
0.079651 0.941895
-0.083008 -0.057373 1.875
0.001382 0.001382 -0.999998
0 0 0 0
0.079651 0.963257
-0.093018 -0.064697 1.875
0.001382 0.001382 -0.999998
0 0 0 0
0.067078 0.980591
-0.096924 -0.076416 1.875
0.001382 0.001382 -0.999998
0 0 0 0
0.046753 0.987183
-0.093018 -0.088379 1.875
0.001382 0.001382 -0.999998
0 0 0 0
0.026428 0.980591
-0.083008 -0.095703 1.875
0.001382 0.001382 -0.999998
0 0 0 0
0.013855 0.963257
-0.072998 -0.084229 2.525146
-0.30725 -0.951387 0.021441
0 0 0 0
0.075806 0.096252
-0.07373 -0.084961 2.482422
-0.311397 -0.950008 0.022726
0 0 0 0
0.075806 0.216248
-0.0625 -0.084961 2.482422
0.306138 -0.951883 0.014065
0 0 0 0
0.128845 0.216248
-0.062012 -0.084229 2.525146
0.312059 -0.949957 0.014156
0 0 0 0
0.128845 0.096252
-0.053467 -0.078613 2.482422
0.806405 -0.591364 -0.000116
0 0 0 0
0.181885 0.216248
-0.052979 -0.077881 2.525146
0.811476 -0.58438 0.002751
0 0 0 0
0.181885 0.096252
-0.050049 -0.067871 2.482422
0.999927 -0.00295 -0.011687
0 0 0 0
0.234924 0.216248
-0.049805 -0.067383 2.525146
0.999927 0.00295 -0.011687
0 0 0 0
0.234924 0.096252
-0.053467 -0.057373 2.482422
0.80959 0.586731 -0.017642
0 0 0 0
0.287964 0.216248
-0.052979 -0.056885 2.525146
0.808683 0.588044 -0.015364
0 0 0 0
0.287964 0.096252
-0.062012 -0.050537 2.525146
0.310274 0.950523 -0.015364
0 0 0 0
0.341003 0.096252
-0.0625 -0.051025 2.482422
0.307926 0.951323 -0.012872
0 0 0 0
0.341003 0.216248
-0.072998 -0.050537 2.525146
-0.305018 0.952323 -0.006657
0 0 0 0
0.394043 0.096252
-0.07373 -0.051025 2.482422
-0.312692 0.949838 -0.005549
0 0 0 0
0.394043 0.216248
-0.081787 -0.056885 2.525146
-0.806643 0.591015 0.005342
0 0 0 0
0.447083 0.096252
-0.08252 -0.057373 2.482422
-0.810794 0.585301 0.005916
0 0 0 0
0.447083 0.216248
-0.085205 -0.067383 2.525146
-0.999807 0.002961 0.019446
0 0 0 0
0.500122 0.096252
-0.085938 -0.067871 2.482422
-0.999807 -0.002961 0.019446
0 0 0 0
0.500122 0.216248
-0.081787 -0.077881 2.525146
-0.809759 -0.586309 0.023047
0 0 0 0
0.553162 0.096252
-0.08252 -0.078613 2.482422
-0.80812 -0.588533 0.023903
0 0 0 0
0.553162 0.216248
-0.07373 -0.084961 2.482422
-0.311397 -0.950008 0.022726
0 0 0 0
0.606201 0.216248
-0.072998 -0.084229 2.525146
-0.30725 -0.951387 0.021441
0 0 0 0
0.606201 0.096252
-0.062012 -0.084229 2.525146
-0.001382 -0.001382 0.999998
0 0 0 0
0.046753 0.91803
-0.052979 -0.077881 2.525146
-0.001382 -0.001382 0.999998
0 0 0 0
0.026428 0.924622
-0.067383 -0.067383 2.525146
-0.001382 -0.001382 0.999998
0 0 0 0
0.046753 0.952576
-0.072998 -0.084229 2.525146
-0.001382 -0.001382 0.999998
0 0 0 0
0.067078 0.924622
-0.081787 -0.077881 2.525146
-0.001382 -0.001382 0.999998
0 0 0 0
0.079651 0.941895
-0.085205 -0.067383 2.525146
0.001382 -0.001382 0.999998
0 0 0 0
0.079651 0.963257
-0.081787 -0.056885 2.525146
0.001382 0.001382 0.999998
0 0 0 0
0.067078 0.980591
-0.072998 -0.050537 2.525146
0.001382 0.001382 0.999998
0 0 0 0
0.046753 0.987183
-0.062012 -0.050537 2.525146
0.001382 0.001382 0.999998
0 0 0 0
0.026428 0.980591
-0.052979 -0.056885 2.525146
0.001382 0.001382 0.999998
0 0 0 0
0.013855 0.963257
-0.049805 -0.067383 2.525146
0.001382 0.001382 0.999998
0 0 0 0
0.013855 0.941895
-0.053467 -0.078613 2.482422
0.001382 0.001382 -0.999998
0 0 0 0
0.026428 0.924622
-0.0625 -0.084961 2.482422
0.001382 0.001382 -0.999998
0 0 0 0
0.013855 0.941895
-0.068115 -0.067871 2.482422
0.001382 0.001382 -0.999998
0 0 0 0
0.046753 0.952576
-0.050049 -0.067871 2.482422
0.001382 0.001382 -0.999998
0 0 0 0
0.046753 0.91803
-0.053467 -0.057373 2.482422
0.001382 0.001382 -0.999998
0 0 0 0
0.067078 0.924622
-0.0625 -0.051025 2.482422
0.001382 0.001382 -0.999998
0 0 0 0
0.079651 0.941895
-0.07373 -0.051025 2.482422
0.001382 0.001382 -0.999998
0 0 0 0
0.079651 0.963257
-0.08252 -0.057373 2.482422
0.001382 0.001382 -0.999998
0 0 0 0
0.067078 0.980591
-0.085938 -0.067871 2.482422
0.001382 0.001382 -0.999998
0 0 0 0
0.046753 0.987183
-0.08252 -0.078613 2.482422
-0.001382 0.001382 -0.999998
0 0 0 0
0.026428 0.980591
-0.07373 -0.084961 2.482422
-0.001382 0.001382 -0.999998
0 0 0 0
0.013855 0.963257
-0.092041 -0.105957 1.292725
-0.30725 -0.951387 0.021441
0 0 0 0
0.075806 0.096252
-0.092773 -0.106689 1.25
-0.311397 -0.950008 0.022726
0 0 0 0
0.075806 0.216248
-0.078857 -0.106689 1.25
0.306138 -0.951883 0.014065
0 0 0 0
0.128845 0.216248
-0.078369 -0.105957 1.292725
0.312059 -0.949957 0.014156
0 0 0 0
0.128845 0.096252
-0.067627 -0.098633 1.25
0.806405 -0.591364 -0.000116
0 0 0 0
0.181885 0.216248
-0.067139 -0.0979 1.292725
0.81055 -0.585669 0.000465
0 0 0 0
0.181885 0.096252
-0.063232 -0.085449 1.25
0.999927 -0.00295 -0.011687
0 0 0 0
0.234924 0.216248
-0.062744 -0.084717 1.292725
0.999927 0.00295 -0.011687
0 0 0 0
0.234924 0.096252
-0.067627 -0.072021 1.25
0.80959 0.586731 -0.017642
0 0 0 0
0.287964 0.216248
-0.067139 -0.071533 1.292725
0.808683 0.588044 -0.015364
0 0 0 0
0.287964 0.096252
-0.078369 -0.063477 1.292725
0.310274 0.950523 -0.015364
0 0 0 0
0.341003 0.096252
-0.078857 -0.063965 1.25
0.307926 0.951323 -0.012872
0 0 0 0
0.341003 0.216248
-0.092041 -0.063477 1.292725
-0.305018 0.952323 -0.006657
0 0 0 0
0.394043 0.096252
-0.092773 -0.063965 1.25
-0.312692 0.949838 -0.005549
0 0 0 0
0.394043 0.216248
-0.103271 -0.071533 1.292725
-0.806643 0.591015 0.005342
0 0 0 0
0.447083 0.096252
-0.104004 -0.072021 1.25
-0.811712 0.584001 0.008194
0 0 0 0
0.447083 0.216248
-0.107422 -0.084717 1.292725
-0.999807 0.002961 0.019446
0 0 0 0
0.500122 0.096252
-0.108154 -0.085449 1.25
-0.999807 -0.002961 0.019446
0 0 0 0
0.500122 0.216248
-0.103271 -0.0979 1.292725
-0.809759 -0.586309 0.023047
0 0 0 0
0.553162 0.096252
-0.104004 -0.098633 1.25
-0.80812 -0.588533 0.023903
0 0 0 0
0.553162 0.216248
-0.092773 -0.106689 1.25
-0.311397 -0.950008 0.022726
0 0 0 0
0.606201 0.216248
-0.092041 -0.105957 1.292725
-0.30725 -0.951387 0.021441
0 0 0 0
0.606201 0.096252
-0.078369 -0.105957 1.292725
-0.001382 -0.001382 0.999998
0 0 0 0
0.046753 0.91803
-0.067139 -0.0979 1.292725
-0.001382 -0.001382 0.999998
0 0 0 0
0.026428 0.924622
-0.085205 -0.084717 1.292725
-0.001382 -0.001382 0.999998
0 0 0 0
0.046753 0.952576
-0.092041 -0.105957 1.292725
-0.001382 -0.001382 0.999998
0 0 0 0
0.067078 0.924622
-0.103271 -0.0979 1.292725
-0.001382 -0.001382 0.999998
0 0 0 0
0.079651 0.941895
-0.107422 -0.084717 1.292725
0.001382 -0.001382 0.999998
0 0 0 0
0.079651 0.963257
-0.103271 -0.071533 1.292725
0.001382 0.001382 0.999998
0 0 0 0
0.067078 0.980591
-0.092041 -0.063477 1.292725
0.001382 0.001382 0.999998
0 0 0 0
0.046753 0.987183
-0.078369 -0.063477 1.292725
-0.001382 0.001382 0.999998
0 0 0 0
0.026428 0.980591
-0.067139 -0.071533 1.292725
-0.001382 0.001382 0.999998
0 0 0 0
0.013855 0.963257
-0.062744 -0.084717 1.292725
0.001382 0.001382 0.999998
0 0 0 0
0.013855 0.941895
-0.067627 -0.098633 1.25
0.001382 0.001382 -0.999998
0 0 0 0
0.026428 0.924622
-0.078857 -0.106689 1.25
0.001382 0.001382 -0.999998
0 0 0 0
0.013855 0.941895
-0.085693 -0.085449 1.25
0.001382 0.001382 -0.999998
0 0 0 0
0.046753 0.952576
-0.063232 -0.085449 1.25
0.001382 0.001382 -0.999998
0 0 0 0
0.046753 0.91803
-0.067627 -0.072021 1.25
0.001382 0.001382 -0.999998
0 0 0 0
0.067078 0.924622
-0.078857 -0.063965 1.25
0.001382 0.001382 -0.999998
0 0 0 0
0.079651 0.941895
-0.092773 -0.063965 1.25
0.001382 0.001382 -0.999998
0 0 0 0
0.079651 0.963257
-0.104004 -0.072021 1.25
0.001382 0.001382 -0.999998
0 0 0 0
0.067078 0.980591
-0.108154 -0.085449 1.25
0.001382 0.001382 -0.999998
0 0 0 0
0.046753 0.987183
-0.104004 -0.098633 1.25
-0.001382 0.001382 -0.999998
0 0 0 0
0.026428 0.980591
-0.092773 -0.106689 1.25
-0.001382 0.001382 -0.999998
0 0 0 0
0.013855 0.963257
-0.101807 -0.116943 0.667725
-0.30725 -0.951387 0.021441
0 0 0 0
0.075806 0.096252
-0.102539 -0.117676 0.625
-0.311397 -0.950008 0.022726
0 0 0 0
0.075806 0.216248
-0.087158 -0.117676 0.625
0.306138 -0.951883 0.014065
0 0 0 0
0.128845 0.216248
-0.08667 -0.116943 0.667725
0.312059 -0.949957 0.014156
0 0 0 0
0.128845 0.096252
-0.074707 -0.108643 0.625
0.806405 -0.591364 -0.000116
0 0 0 0
0.181885 0.216248
-0.074219 -0.10791 0.667725
0.811476 -0.58438 0.002751
0 0 0 0
0.181885 0.096252
-0.070068 -0.094238 0.625
0.999927 -0.00295 -0.011687
0 0 0 0
0.234924 0.216248
-0.06958 -0.093506 0.667725
0.999927 0.00295 -0.011687
0 0 0 0
0.234924 0.096252
-0.074707 -0.07959 0.625
0.80959 0.586731 -0.017642
0 0 0 0
0.287964 0.216248
-0.074219 -0.079102 0.667725
0.808683 0.588044 -0.015364
0 0 0 0
0.287964 0.096252
-0.08667 -0.070068 0.667725
0.310274 0.950523 -0.015364
0 0 0 0
0.341003 0.096252
-0.087158 -0.070557 0.625
0.307926 0.951323 -0.012872
0 0 0 0
0.341003 0.216248
-0.101807 -0.070068 0.667725
-0.305018 0.952323 -0.006657
0 0 0 0
0.394043 0.096252
-0.102539 -0.070557 0.625
-0.312692 0.949838 -0.005549
0 0 0 0
0.394043 0.216248
-0.114014 -0.079102 0.667725
-0.806643 0.591015 0.005342
0 0 0 0
0.447083 0.096252
-0.114746 -0.07959 0.625
-0.811712 0.584001 0.008194
0 0 0 0
0.447083 0.216248
-0.118652 -0.093506 0.667725
-0.999807 0.002961 0.019446
0 0 0 0
0.500122 0.096252
-0.119629 -0.094238 0.625
-0.999807 -0.002961 0.019446
0 0 0 0
0.500122 0.216248
-0.114014 -0.10791 0.667725
-0.809759 -0.586309 0.023047
0 0 0 0
0.553162 0.096252
-0.114746 -0.108643 0.625
-0.80812 -0.588533 0.023903
0 0 0 0
0.553162 0.216248
-0.102539 -0.117676 0.625
-0.311397 -0.950008 0.022726
0 0 0 0
0.606201 0.216248
-0.101807 -0.116943 0.667725
-0.30725 -0.951387 0.021441
0 0 0 0
0.606201 0.096252
-0.08667 -0.116943 0.667725
-0.001382 -0.001382 0.999998
0 0 0 0
0.046753 0.91803
-0.074219 -0.10791 0.667725
-0.001382 -0.001382 0.999998
0 0 0 0
0.026428 0.924622
-0.094238 -0.093506 0.667725
-0.001382 -0.001382 0.999998
0 0 0 0
0.046753 0.952576
-0.101807 -0.116943 0.667725
-0.001382 -0.001382 0.999998
0 0 0 0
0.067078 0.924622
-0.114014 -0.10791 0.667725
-0.001382 -0.001382 0.999998
0 0 0 0
0.079651 0.941895
-0.118652 -0.093506 0.667725
0.001382 -0.001382 0.999998
0 0 0 0
0.079651 0.963257
-0.114014 -0.079102 0.667725
0.001382 0.001382 0.999998
0 0 0 0
0.067078 0.980591
-0.101807 -0.070068 0.667725
0.001382 0.001382 0.999998
0 0 0 0
0.046753 0.987183
-0.08667 -0.070068 0.667725
-0.001382 0.001382 0.999998
0 0 0 0
0.026428 0.980591
-0.074219 -0.079102 0.667725
-0.001382 0.001382 0.999998
0 0 0 0
0.013855 0.963257
-0.06958 -0.093506 0.667725
0.001382 0.001382 0.999998
0 0 0 0
0.013855 0.941895
-0.074707 -0.108643 0.625
-0.001382 0.001382 -0.999998
0 0 0 0
0.026428 0.924622
-0.087158 -0.117676 0.625
-0.001382 0.001382 -0.999998
0 0 0 0
0.013855 0.941895
-0.094727 -0.094238 0.625
0.001382 0.001382 -0.999998
0 0 0 0
0.046753 0.952576
-0.070068 -0.094238 0.625
0.001382 0.001382 -0.999998
0 0 0 0
0.046753 0.91803
-0.074707 -0.07959 0.625
0.001382 0.001382 -0.999998
0 0 0 0
0.067078 0.924622
-0.087158 -0.070557 0.625
0.001382 0.001382 -0.999998
0 0 0 0
0.079651 0.941895
-0.102539 -0.070557 0.625
0.001382 0.001382 -0.999998
0 0 0 0
0.079651 0.963257
-0.114746 -0.07959 0.625
0.001382 0.001382 -0.999998
0 0 0 0
0.067078 0.980591
-0.119629 -0.094238 0.625
0.001382 0.001382 -0.999998
0 0 0 0
0.046753 0.987183
-0.114746 -0.108643 0.625
0.001382 0.001382 -0.999998
0 0 0 0
0.026428 0.980591
-0.102539 -0.117676 0.625
0.001382 0.001382 -0.999998
0 0 0 0
0.013855 0.963257
-0.111084 -0.127686 0.060547
-0.30725 -0.951387 0.021441
0 0 0 0
0.075806 0.096252
-0.111816 -0.128418 0.017822
-0.311397 -0.950008 0.022726
0 0 0 0
0.075806 0.216248
-0.095215 -0.128418 0.017822
0.306138 -0.951883 0.014065
0 0 0 0
0.128845 0.216248
-0.094482 -0.127686 0.060547
0.312059 -0.949957 0.014156
0 0 0 0
0.128845 0.096252
-0.081543 -0.118652 0.017822
0.806405 -0.591364 -0.000116
0 0 0 0
0.181885 0.216248
-0.081055 -0.11792 0.060547
0.81055 -0.585669 0.000465
0 0 0 0
0.181885 0.096252
-0.076416 -0.102783 0.017822
0.999927 -0.00295 -0.011687
0 0 0 0
0.234924 0.216248
-0.075928 -0.102051 0.060547
0.999927 0.00295 -0.011687
0 0 0 0
0.234924 0.096252
-0.081543 -0.086914 0.017822
0.80959 0.586731 -0.017642
0 0 0 0
0.287964 0.216248
-0.081055 -0.086182 0.060547
0.808683 0.588044 -0.015364
0 0 0 0
0.287964 0.096252
-0.094482 -0.076416 0.060547
0.310274 0.950523 -0.015364
0 0 0 0
0.341003 0.096252
-0.095215 -0.076904 0.017822
0.307926 0.951323 -0.012872
0 0 0 0
0.341003 0.216248
-0.111084 -0.076416 0.060547
-0.305018 0.952323 -0.006657
0 0 0 0
0.394043 0.096252
-0.111816 -0.076904 0.017822
-0.312692 0.949838 -0.005549
0 0 0 0
0.394043 0.216248
-0.124512 -0.086182 0.060547
-0.806643 0.591015 0.005342
0 0 0 0
0.447083 0.096252
-0.125244 -0.086914 0.017822
-0.811712 0.584001 0.008194
0 0 0 0
0.447083 0.216248
-0.129639 -0.102051 0.060547
-0.999807 0.002961 0.019446
0 0 0 0
0.500122 0.096252
-0.130615 -0.102783 0.017822
-0.999807 -0.002961 0.019446
0 0 0 0
0.500122 0.216248
-0.124512 -0.11792 0.060547
-0.809759 -0.586309 0.023047
0 0 0 0
0.553162 0.096252
-0.125244 -0.118652 0.017822
-0.80812 -0.588533 0.023903
0 0 0 0
0.553162 0.216248
-0.111816 -0.128418 0.017822
-0.311397 -0.950008 0.022726
0 0 0 0
0.606201 0.216248
-0.111084 -0.127686 0.060547
-0.30725 -0.951387 0.021441
0 0 0 0
0.606201 0.096252
-0.094482 -0.127686 0.060547
-0.001382 -0.001382 0.999998
0 0 0 0
0.046753 0.91803
-0.081055 -0.11792 0.060547
-0.001382 -0.001382 0.999998
0 0 0 0
0.026428 0.924622
-0.102783 -0.102051 0.060547
-0.001382 -0.001382 0.999998
0 0 0 0
0.046753 0.952576
-0.111084 -0.127686 0.060547
-0.001382 -0.001382 0.999998
0 0 0 0
0.067078 0.924622
-0.124512 -0.11792 0.060547
-0.001382 -0.001382 0.999998
0 0 0 0
0.079651 0.941895
-0.129639 -0.102051 0.060547
0.001382 -0.001382 0.999998
0 0 0 0
0.079651 0.963257
-0.124512 -0.086182 0.060547
0.001382 0.001382 0.999998
0 0 0 0
0.067078 0.980591
-0.111084 -0.076416 0.060547
0.001382 0.001382 0.999998
0 0 0 0
0.046753 0.987183
-0.094482 -0.076416 0.060547
0.001382 0.001382 0.999998
0 0 0 0
0.026428 0.980591
-0.081055 -0.086182 0.060547
0.001382 0.001382 0.999998
0 0 0 0
0.013855 0.963257
-0.075928 -0.102051 0.060547
0.001382 0.001382 0.999998
0 0 0 0
0.013855 0.941895
-0.081543 -0.118652 0.017822
0.001382 0.001382 -0.999998
0 0 0 0
0.026428 0.924622
-0.095215 -0.128418 0.017822
0.001382 0.001382 -0.999998
0 0 0 0
0.013855 0.941895
-0.103516 -0.102783 0.017822
0.001382 0.001382 -0.999998
0 0 0 0
0.046753 0.952576
-0.076416 -0.102783 0.017822
0.001382 0.001382 -0.999998
0 0 0 0
0.046753 0.91803
-0.081543 -0.086914 0.017822
0.001382 0.001382 -0.999998
0 0 0 0
0.067078 0.924622
-0.095215 -0.076904 0.017822
0.001382 0.001382 -0.999998
0 0 0 0
0.079651 0.941895
-0.111816 -0.076904 0.017822
0.001382 0.001382 -0.999998
0 0 0 0
0.079651 0.963257
-0.125244 -0.086914 0.017822
0.001382 0.001382 -0.999998
0 0 0 0
0.067078 0.980591
-0.130615 -0.102783 0.017822
0.001382 0.001382 -0.999998
0 0 0 0
0.046753 0.987183
-0.125244 -0.118652 0.017822
0.001382 0.001382 -0.999998
0 0 0 0
0.026428 0.980591
-0.111816 -0.128418 0.017822
0.001382 0.001382 -0.999998
0 0 0 0
0.013855 0.963257
0.112549 -0.084717 0.037598
0.951484 -0.294725 0.088406
0 0 0 0
0.999939 0.629639
0.103516 0.075684 0.63916
0.953539 0.295023 -0.061031
0 0 0 0
-0.000061 0.639404
0.103516 0.070312 0.640869
0.948552 -0.303251 0.091043
0 0 0 0
-0.000061 0.629639
0.112549 -0.078857 0.035889
0.951625 0.301096 -0.061253
0 0 0 0
0.999939 0.639404
0.100098 0.080078 0.637939
0.591688 0.783587 -0.189463
0 0 0 0
-0.000061 0.64917
0.109131 -0.074219 0.034668
0.590081 0.784284 -0.191581
0 0 0 0
0.999939 0.64917
0.103271 -0.072266 0.03418
0.003276 0.968703 -0.248202
0 0 0 0
0.999939 0.658875
0.094971 0.081543 0.637451
-0.003276 0.968703 -0.248202
0 0 0 0
-0.000061 0.658875
0.097412 -0.074219 0.034668
-0.585626 0.783342 -0.208368
0 0 0 0
0.999939 0.66864
0.0896 0.080078 0.637939
-0.591895 0.77881 -0.207642
0 0 0 0
-0.000061 0.66864
0.093994 -0.078857 0.035889
-0.949538 0.300874 -0.08862
0 0 0 0
0.999939 0.678406
0.086182 0.075684 0.63916
-0.95292 0.290462 -0.08703
0 0 0 0
-0.000061 0.678406
0.093994 -0.084717 0.037598
-0.952642 -0.297386 0.063523
0 0 0 0
0.999939 0.688171
0.086182 0.070312 0.640869
-0.949785 -0.305829 0.066161
0 0 0 0
-0.000061 0.688171
0.097412 -0.0896 0.038818
-0.589158 -0.783762 0.196496
0 0 0 0
0.999939 0.697876
0.0896 0.065918 0.64209
-0.588467 -0.784978 0.193691
0 0 0 0
-0.000061 0.697876
0.094727 0.064209 0.642578
-0.003276 -0.968703 0.248202
0 0 0 0
-0.000061 0.707642
0.103271 -0.091309 0.039307
0.003276 -0.968703 0.248202
0 0 0 0
0.999939 0.707642
0.100098 0.065918 0.64209
0.582326 -0.784686 0.212519
0 0 0 0
-0.000061 0.717407
0.108887 -0.0896 0.038818
0.59026 -0.779487 0.209744
0 0 0 0
0.999939 0.717407
0.103516 0.070312 0.640869
0.948552 -0.303251 0.091043
0 0 0 0
-0.000061 0.727173
0.112549 -0.084717 0.037598
0.951484 -0.294725 0.088406
0 0 0 0
0.999939 0.727173
0.099854 0.065674 0.655273
0.58816 -0.789512 -0.175321
0 0 0 0
0 0.745239
0.086182 -0.075928 1.258057
-0.003249 -0.97372 -0.227723
0 0 0 0
1 0.755005
0.094727 0.063965 0.654785
0.003249 -0.97372 -0.227723
0 0 0 0
0 0.755005
0.091064 -0.074463 1.258545
0.598199 -0.782423 -0.173128
0 0 0 0
1 0.745239
0.103271 0.070068 0.656494
0.949545 -0.308477 -0.05662
0 0 0 0
0 0.735535
0.093994 -0.070557 1.259766
0.956997 -0.285596 -0.05091
0 0 0 0
1 0.735535
0.103271 0.075439 0.657959
0.954318 0.287617 0.080952
0 0 0 0
0 0.725769
0.093994 -0.065674 1.261475
0.945033 0.315011 0.087641
0 0 0 0
1 0.725769
0.099854 0.079834 0.65918
0.59629 0.779763 0.190809
0 0 0 0
0 0.716003
0.091064 -0.061523 1.262695
0.579899 0.791353 0.193591
0 0 0 0
1 0.716003
0.089844 0.07959 1.901855
0.968706 0.001092 0.24821
0 0 0 0
0.481689 0.466248
0.089844 -0.079346 1.901855
0.968706 0.001092 0.24821
0 0 0 0
0.481689 0.221252
0.090088 0.079834 1.890869
0.974522 0.001082 -0.224291
0 0 0 0
0.468872 0.466248
0.090088 -0.07959 1.890869
0.974522 0.001082 -0.224291
0 0 0 0
0.468872 0.221252
0.085449 0.079834 1.88208
0.70218 0.001279 -0.711998
0 0 0 0
0.456116 0.466248
0.085449 -0.07959 1.88208
0.70218 0.001279 -0.711998
0 0 0 0
0.456116 0.221252
0.077637 0.079834 1.878662
-0.001382 0.001382 -0.999998
0 0 0 0
0.443298 0.466248
0.077637 -0.07959 1.878662
-0.001382 0.001382 -0.999998
0 0 0 0
0.443298 0.221252
0.062256 0.071045 2.489502
-0.733523 0.001267 -0.679663
0 0 0 0
0.574158 0.466248
0.069092 0.071045 2.486084
-0.001382 0.001382 -0.999998
0 0 0 0
0.586975 0.466248
0.069092 -0.070801 2.486084
-0.001382 0.001382 -0.999998
0 0 0 0
0.586975 0.221252
0.062256 -0.070801 2.489502
-0.733523 0.001267 -0.679663
0 0 0 0
0.574158 0.221252
0.057861 -0.070557 2.498291
-0.974522 0.001082 -0.224291
0 0 0 0
0.561401 0.221252
0.057861 0.070801 2.498291
-0.974522 0.001082 -0.224291
0 0 0 0
0.561401 0.466248
0.057861 -0.070557 2.509277
-0.980504 0.001069 0.196496
0 0 0 0
0.548584 0.221252
0.057861 0.070801 2.509277
-0.980504 0.001069 0.196496
0 0 0 0
0.548584 0.466248
0.062012 -0.070312 2.518066
-0.747745 0.001261 0.663984
0 0 0 0
0.535767 0.221252
0.062012 0.070557 2.518066
-0.747745 0.001261 0.663984
0 0 0 0
0.535767 0.466248
0.068604 -0.070312 2.521484
-0.001382 0.001382 0.999998
0 0 0 0
0.522949 0.221252
0.068604 0.070557 2.521484
-0.001382 0.001382 0.999998
0 0 0 0
0.522949 0.466248
0.075684 0.070557 2.518066
0.737614 0.001265 0.675222
0 0 0 0
0.510193 0.466248
0.075684 -0.070312 2.518066
0.737614 0.001265 0.675222
0 0 0 0
0.510193 0.221252
0.080078 0.070801 2.509277
0.975309 0.00108 0.220843
0 0 0 0
0.497375 0.466248
0.080078 -0.070557 2.509277
0.975309 0.00108 0.220843
0 0 0 0
0.497375 0.221252
0.080078 0.070801 2.498291
0.980504 0.001069 -0.196496
0 0 0 0
0.484558 0.466248
0.080078 -0.070557 2.498291
0.980504 0.001069 -0.196496
0 0 0 0
0.484558 0.221252
0.076172 0.071045 2.489502
0.743709 0.001263 -0.668502
0 0 0 0
0.471741 0.466248
0.076172 -0.070801 2.489502
0.743709 0.001263 -0.668502
0 0 0 0
0.471741 0.221252
0.069092 0.071045 2.486084
-0.001382 0.001382 -0.999998
0 0 0 0
0.458984 0.466248
0.069092 -0.070801 2.486084
-0.001382 0.001382 -0.999998
0 0 0 0
0.458984 0.221252
0.106934 -0.093018 0.024658
0.001316 0.582994 -0.812475
0 0 0 0
0.168274 0.466248
0.106934 -0.103516 0.021484
0.001382 0.001382 -0.999998
0 0 0 0
0.181091 0.466248
-0.106934 -0.103516 0.021484
0.001382 0.001382 -0.999998
0 0 0 0
0.181091 0.221252
-0.106934 -0.093018 0.024658
0.001316 0.582994 -0.812475
0 0 0 0
0.168274 0.221252
-0.106689 -0.086426 0.033691
0.001124 0.947097 -0.320946
0 0 0 0
0.155457 0.221252
0.106689 -0.086426 0.033691
0.001124 0.947097 -0.320946
0 0 0 0
0.155457 0.466248
-0.106689 -0.086426 0.044678
0.001112 0.95552 0.294924
0 0 0 0
0.142639 0.221252
0.106689 -0.086426 0.044678
0.001112 0.95552 0.294924
0 0 0 0
0.142639 0.466248
-0.106445 -0.092529 0.053467
0.001313 0.594745 0.803914
0 0 0 0
0.129822 0.221252
0.106445 -0.092529 0.053467
0.001313 0.594745 0.803914
0 0 0 0
0.129822 0.466248
0.106445 -0.103027 0.056885
0.001382 0.001382 0.999998
0 0 0 0
0.117065 0.466248
-0.106445 -0.103027 0.056885
0.001382 0.001382 0.999998
0 0 0 0
0.117065 0.221252
0.106445 -0.113281 0.053467
0.001315 -0.587706 0.809074
0 0 0 0
0.104248 0.466248
-0.106445 -0.113281 0.053467
0.001315 -0.587706 0.809074
0 0 0 0
0.104248 0.221252
0.106689 -0.119873 0.044678
0.001122 -0.948184 0.31772
0 0 0 0
0.091431 0.466248
-0.106689 -0.119873 0.044678
0.001122 -0.948184 0.31772
0 0 0 0
0.091431 0.221252
0.106689 -0.120117 0.033691
0.001114 -0.954502 -0.298204
0 0 0 0
0.078613 0.466248
-0.106689 -0.120117 0.033691
0.001114 -0.954502 -0.298204
0 0 0 0
0.078613 0.221252
0.106934 -0.11377 0.024658
0.001314 -0.590056 -0.807361
0 0 0 0
0.065857 0.466248
-0.106934 -0.11377 0.024658
0.001314 -0.590056 -0.807361
0 0 0 0
0.065857 0.221252
0.106934 -0.103516 0.021484
0.001382 0.001382 -0.999998
0 0 0 0
0.05304 0.466248
-0.106934 -0.103516 0.021484
0.001382 0.001382 -0.999998
0 0 0 0
0.05304 0.221252
0.098145 -0.085205 0.63208
0.001307 0.615647 -0.788021
0 0 0 0
0.50592 0.466248
0.098145 -0.094727 0.628662
0.001382 -0.001382 -0.999998
0 0 0 0
0.518738 0.466248
-0.0979 -0.094727 0.628662
0.001382 -0.001382 -0.999998
0 0 0 0
0.518738 0.221252
-0.0979 -0.085205 0.63208
0.001307 0.615647 -0.788021
0 0 0 0
0.50592 0.221252
-0.097656 -0.079102 0.640869
0.001114 0.954502 -0.298204
0 0 0 0
0.493103 0.221252
0.098145 -0.079102 0.640869
0.001114 0.954502 -0.298204
0 0 0 0
0.493103 0.466248
-0.097656 -0.079102 0.651855
0.001102 0.962366 0.271754
0 0 0 0
0.480286 0.221252
0.0979 -0.079102 0.651855
0.001102 0.962366 0.271754
0 0 0 0
0.480286 0.466248
-0.097412 -0.084961 0.660645
0.001303 0.629398 0.777082
0 0 0 0
0.467468 0.221252
0.097656 -0.084961 0.660645
0.001303 0.629398 0.777082
0 0 0 0
0.467468 0.466248
0.097656 -0.094238 0.664062
0.001382 0.001382 0.999998
0 0 0 0
0.454712 0.466248
-0.097412 -0.094238 0.664062
0.001382 0.001382 0.999998
0 0 0 0
0.454712 0.221252
0.097656 -0.10376 0.660645
0.001306 -0.620247 0.784405
0 0 0 0
0.441895 0.466248
-0.097412 -0.10376 0.660645
0.001306 -0.620247 0.784405
0 0 0 0
0.441895 0.221252
0.0979 -0.109863 0.651855
0.001112 -0.95552 0.294924
0 0 0 0
0.429077 0.466248
-0.097656 -0.109863 0.651855
0.001112 -0.95552 0.294924
0 0 0 0
0.429077 0.221252
0.098145 -0.110107 0.640869
0.001104 -0.961419 -0.275087
0 0 0 0
0.41626 0.466248
-0.097656 -0.110107 0.640869
0.001104 -0.961419 -0.275087
0 0 0 0
0.41626 0.221252
0.098145 -0.104248 0.63208
0.001304 -0.624831 -0.780759
0 0 0 0
0.403503 0.466248
-0.0979 -0.104248 0.63208
0.001304 -0.624831 -0.780759
0 0 0 0
0.403503 0.221252
0.098145 -0.094727 0.628662
0.001382 -0.001382 -0.999998
0 0 0 0
0.390686 0.466248
-0.0979 -0.094727 0.628662
0.001382 -0.001382 -0.999998
0 0 0 0
0.390686 0.221252
0.089111 -0.077148 1.25708
0.001296 0.651976 -0.758239
0 0 0 0
0.742676 0.466248
0.089355 -0.085938 1.253662
0.001382 0.001382 -0.999998
0 0 0 0
0.755493 0.466248
-0.088623 -0.085938 1.253662
0.001382 0.001382 -0.999998
0 0 0 0
0.755493 0.221252
-0.088623 -0.077148 1.25708
0.001296 0.651976 -0.758239
0 0 0 0
0.742676 0.221252
-0.088379 -0.071777 1.265869
0.001104 0.961419 -0.275087
0 0 0 0
0.729858 0.221252
0.089111 -0.071777 1.265869
0.001104 0.961419 -0.275087
0 0 0 0
0.729858 0.466248
0.088867 -0.071777 1.276855
0.001091 0.969569 0.244816
0 0 0 0
0.717041 0.466248
-0.088379 -0.071777 1.276855
0.001091 0.969569 0.244816
0 0 0 0
0.717041 0.221252
-0.088135 -0.076904 1.285645
0.001292 0.66531 0.746566
0 0 0 0
0.704224 0.221252
0.088867 -0.076904 1.285645
0.001292 0.66531 0.746566
0 0 0 0
0.704224 0.466248
-0.088135 -0.085449 1.289062
0.001382 0.001382 0.999998
0 0 0 0
0.691467 0.221252
0.088623 -0.085449 1.289062
0.001382 0.001382 0.999998
0 0 0 0
0.691467 0.466248
0.088867 -0.094238 1.285645
0.001295 -0.656438 0.754379
0 0 0 0
0.67865 0.466248
-0.088135 -0.094238 1.285645
0.001295 -0.656438 0.754379
0 0 0 0
0.67865 0.221252
0.088867 -0.099609 1.276855
0.001102 -0.962366 0.271755
0 0 0 0
0.665833 0.466248
-0.088379 -0.099609 1.276855
0.001102 -0.962366 0.271755
0 0 0 0
0.665833 0.221252
0.089111 -0.099854 1.265869
0.001092 -0.968706 -0.24821
0 0 0 0
0.653015 0.466248
-0.088379 -0.099854 1.265869
0.001092 -0.968706 -0.24821
0 0 0 0
0.653015 0.221252
0.089111 -0.094482 1.25708
0.001293 -0.663099 -0.748531
0 0 0 0
0.640259 0.466248
-0.088623 -0.094482 1.25708
0.001293 -0.660883 -0.750488
0 0 0 0
0.640259 0.221252
0.089355 -0.085938 1.253662
0.001382 0.001382 -0.999998
0 0 0 0
0.627441 0.466248
-0.088623 -0.085938 1.253662
0.001382 0.001382 -0.999998
0 0 0 0
0.627441 0.221252
0.080322 -0.069336 1.88208
0.001283 0.69148 -0.722395
0 0 0 0
0.558533 0.466248
0.080322 -0.077148 1.878662
0.001382 0.001382 -0.999998
0 0 0 0
0.571289 0.466248
-0.079346 -0.077148 1.878662
0.001382 0.001382 -0.999998
0 0 0 0
0.571289 0.221252
-0.079346 -0.069336 1.88208
0.001283 0.69148 -0.722395
0 0 0 0
0.558533 0.221252
-0.079102 -0.064453 1.890869
0.001092 0.968706 -0.24821
0 0 0 0
0.545715 0.221252
0.080078 -0.064453 1.890869
0.001092 0.968706 -0.24821
0 0 0 0
0.545715 0.466248
-0.079102 -0.064209 1.901855
0.00108 0.975309 0.220843
0 0 0 0
0.532898 0.221252
0.079834 -0.064209 1.901855
0.00108 0.975309 0.220843
0 0 0 0
0.532898 0.466248
-0.078857 -0.068848 1.910889
0.001277 0.706425 0.707786
0 0 0 0
0.520081 0.221252
0.079834 -0.068848 1.910889
0.001277 0.706425 0.707786
0 0 0 0
0.520081 0.466248
-0.078857 -0.07666 1.914062
0.001382 0.001382 0.999998
0 0 0 0
0.507263 0.221252
0.079834 -0.07666 1.914062
0.001382 0.001382 0.999998
0 0 0 0
0.507263 0.466248
0.079834 -0.084473 1.910889
0.001281 -0.695775 0.718259
0 0 0 0
0.494507 0.466248
-0.078857 -0.084473 1.910889
0.001281 -0.695775 0.718259
0 0 0 0
0.494507 0.221252
0.079834 -0.089355 1.901855
0.001092 -0.968706 0.24821
0 0 0 0
0.481689 0.466248
-0.079102 -0.089355 1.901855
0.001092 -0.968706 0.24821
0 0 0 0
0.481689 0.221252
0.080078 -0.089355 1.890869
0.001082 -0.974522 -0.224291
0 0 0 0
0.468872 0.466248
-0.079102 -0.089355 1.890869
0.001082 -0.974522 -0.224291
0 0 0 0
0.468872 0.221252
0.080322 -0.084717 1.88208
0.001279 -0.70218 -0.711998
0 0 0 0
0.456116 0.466248
-0.079346 -0.084717 1.88208
0.001279 -0.70218 -0.711998
0 0 0 0
0.456116 0.221252
0.080322 -0.077148 1.878662
0.001382 0.001382 -0.999998
0 0 0 0
0.443298 0.466248
-0.079346 -0.077148 1.878662
0.001382 0.001382 -0.999998
0 0 0 0
0.443298 0.221252
0.071533 -0.061523 2.489502
0.001267 0.733523 -0.679663
0 0 0 0
0.574158 0.466248
0.071533 -0.068359 2.486084
0.001382 0.001382 -0.999998
0 0 0 0
0.586975 0.466248
-0.070312 -0.068359 2.486084
0.001382 0.001382 -0.999998
0 0 0 0
0.586975 0.221252
-0.070312 -0.061523 2.489502
0.001267 0.733523 -0.679663
0 0 0 0
0.574158 0.221252
-0.070068 -0.057129 2.498291
0.001082 0.974522 -0.224291
0 0 0 0
0.561401 0.221252
0.071289 -0.057129 2.498291
0.001082 0.974522 -0.224291
0 0 0 0
0.561401 0.466248
-0.070068 -0.057129 2.509277
0.001069 0.980504 0.196496
0 0 0 0
0.548584 0.221252
0.071289 -0.057129 2.509277
0.001069 0.980504 0.196496
0 0 0 0
0.548584 0.466248
-0.069824 -0.061279 2.518066
0.001261 0.747745 0.663984
0 0 0 0
0.535767 0.221252
0.071045 -0.061279 2.518066
0.001261 0.747745 0.663984
0 0 0 0
0.535767 0.466248
-0.069824 -0.067871 2.521484
0.001382 0.001382 0.999998
0 0 0 0
0.522949 0.221252
0.071045 -0.067871 2.521484
0.001382 0.001382 0.999998
0 0 0 0
0.522949 0.466248
0.071045 -0.074951 2.518066
0.001266 -0.735571 0.677446
0 0 0 0
0.510193 0.466248
-0.069824 -0.074951 2.518066
0.001265 -0.737614 0.675222
0 0 0 0
0.510193 0.221252
0.071289 -0.079346 2.509277
0.00108 -0.975309 0.220843
0 0 0 0
0.497375 0.466248
-0.070068 -0.079346 2.509277
0.00108 -0.975309 0.220843
0 0 0 0
0.497375 0.221252
0.071289 -0.079346 2.498291
0.001069 -0.980504 -0.196496
0 0 0 0
0.484558 0.466248
-0.070068 -0.079346 2.498291
0.001069 -0.980504 -0.196496
0 0 0 0
0.484558 0.221252
0.071533 -0.075439 2.489502
0.001263 -0.743709 -0.668502
0 0 0 0
0.471741 0.466248
-0.070312 -0.075439 2.489502
0.001263 -0.743709 -0.668502
0 0 0 0
0.471741 0.221252
0.071533 -0.068359 2.486084
0.001382 0.001382 -0.999998
0 0 0 0
0.458984 0.466248
-0.070312 -0.068359 2.486084
0.001382 0.001382 -0.999998
0 0 0 0
0.458984 0.221252
-0.008545 -0.390869 2.532471
0.000978 -1 -0.000001
0 0 0 0
0.28186 0.914124
0.008545 -0.390869 2.532471
0.000978 -1 -0.000001
0 0 0 0
0.258484 0.954529
0 -0.390869 2.547363
0.000978 -1 0.000001
0 0 0 0
0.305176 0.954529
-0.01709 -0.390869 2.547363
0.000978 -1 -0.000001
0 0 0 0
0.328552 0.914124
-0.008545 -0.390869 2.562256
0.000978 -1 -0.000001
0 0 0 0
0.351868 0.95459
0.008545 -0.390869 2.562256
0.000978 -1 0.000001
0 0 0 0
0.328491 0.994995
0.01709 -0.390869 2.547363
0.000978 -1 0.000001
0 0 0 0
0.281799 0.994995
0.014893 5.229736 2.523682
0.001382 0.001382 -0.999998
0 0 0 0
0.001709 0.094238
-0.014893 5.229736 2.523682
0.001382 0.001382 -0.999998
0 0 0 0
0.001709 0.13678
-0.014893 6.644531 2.523926
0.001382 0.001382 -0.999998
0 0 0 0
0.99707 0.13678
0.014893 6.644531 2.523926
0.001382 0.001382 -0.999998
0 0 0 0
0.99707 0.094238
-0.014893 6.644531 2.523926
-0.865729 0.001197 -0.500511
0 0 0 0
0.001709 0.13678
-0.014893 5.229736 2.523682
-0.865729 0.001197 -0.500511
0 0 0 0
0.997986 0.13678
-0.029785 5.229736 2.549316
-0.865729 0.001197 -0.500511
0 0 0 0
0.997986 0.094238
-0.029785 6.644531 2.549561
-0.865729 0.001197 -0.500511
0 0 0 0
0.001709 0.094238
-0.029785 6.644531 2.549561
-0.865729 -0.001197 0.500511
0 0 0 0
0.001709 0.13678
-0.029785 5.229736 2.549316
-0.865729 -0.001197 0.500511
0 0 0 0
0.997986 0.13678
-0.014893 5.229736 2.575195
-0.865729 -0.001197 0.500511
0 0 0 0
0.997986 0.094238
-0.014893 6.644531 2.575439
-0.865729 -0.001197 0.500511
0 0 0 0
0.001709 0.094238
-0.014893 5.229736 2.575195
0.001382 -0.001382 0.999998
0 0 0 0
0.99707 0.13678
0.014893 5.229736 2.575195
0.001382 -0.001382 0.999998
0 0 0 0
0.99707 0.094238
0.014893 6.644531 2.575439
0.001382 -0.001382 0.999998
0 0 0 0
0.001709 0.094238
-0.014893 6.644531 2.575439
0.001382 -0.001382 0.999998
0 0 0 0
0.001709 0.13678
0.014893 5.229736 2.575195
0.86573 -0.001197 0.500511
0 0 0 0
0.99823 0.13678
0.029785 5.229736 2.549316
0.86573 -0.001197 0.500511
0 0 0 0
0.99823 0.094238
0.029785 6.644531 2.549561
0.86573 -0.001197 0.500511
0 0 0 0
0.001709 0.094238
0.014893 6.644531 2.575439
0.86573 -0.001197 0.500511
0 0 0 0
0.001709 0.13678
0.029785 5.229736 2.549316
0.86573 0.001197 -0.500511
0 0 0 0
0.001709 0.094238
0.014893 5.229736 2.523682
0.86573 0.001197 -0.500511
0 0 0 0
0.001709 0.13678
0.014893 6.644531 2.523926
0.86573 0.001197 -0.500511
0 0 0 0
0.998291 0.13678
0.029785 6.644531 2.549561
0.86573 0.001197 -0.500511
0 0 0 0
0.998291 0.094238
0.014893 2.561523 2.522949
0.001382 0.001382 -0.999998
0 0 0 0
0.001465 0.496948
-0.014893 2.561523 2.522949
0.001382 0.001382 -0.999998
0 0 0 0
0.001465 0.470703
-0.014893 4.23291 2.523193
0.001382 0.001382 -0.999998
0 0 0 0
0.997314 0.470703
0.014893 4.23291 2.523193
0.001382 0.001382 -0.999998
0 0 0 0
0.997314 0.496948
-0.014893 4.23291 2.523193
-0.865729 0.001197 -0.500511
0 0 0 0
0.001465 0.496948
-0.014893 2.561523 2.522949
-0.865729 0.001197 -0.500511
0 0 0 0
0.997986 0.496948
-0.029785 2.561523 2.548584
-0.865729 0.001197 -0.500511
0 0 0 0
0.997986 0.470703
-0.029785 4.23291 2.549072
-0.865729 0.001197 -0.500511
0 0 0 0
0.001465 0.470703
-0.029785 4.23291 2.549072
-0.865729 -0.001197 0.500511
0 0 0 0
0.001465 0.496948
-0.029785 2.561523 2.548584
-0.865729 -0.001197 0.500511
0 0 0 0
0.99823 0.496948
-0.014893 2.561523 2.574463
-0.865729 -0.001197 0.500511
0 0 0 0
0.99823 0.470703
-0.014893 4.23291 2.574707
-0.865729 -0.001197 0.500511
0 0 0 0
0.001465 0.470703
-0.014893 2.561523 2.574463
0.001382 -0.001382 0.999998
0 0 0 0
0.997314 0.496948
0.014893 2.561523 2.574463
0.001382 -0.001382 0.999998
0 0 0 0
0.997314 0.470703
0.014893 4.23291 2.574707
0.001382 -0.001382 0.999998
0 0 0 0
0.001465 0.470703
-0.014893 4.23291 2.574707
0.001382 -0.001382 0.999998
0 0 0 0
0.001465 0.496948
0.014893 2.561523 2.574463
0.86573 -0.001197 0.500511
0 0 0 0
0.998535 0.496948
0.029785 2.561523 2.548584
0.86573 -0.001197 0.500511
0 0 0 0
0.998535 0.470703
0.029785 4.23291 2.549072
0.86573 -0.001197 0.500511
0 0 0 0
0.001465 0.470703
0.014893 4.23291 2.574707
0.86573 -0.001197 0.500511
0 0 0 0
0.001465 0.496948
0.029785 2.561523 2.548584
0.86573 0.001197 -0.500511
0 0 0 0
0.998352 0.496948
0.014893 2.561523 2.522949
0.86573 0.001197 -0.500511
0 0 0 0
0.998352 0.470703
0.014893 4.23291 2.523193
0.86573 0.001197 -0.500511
0 0 0 0
0.001465 0.470703
0.029785 4.23291 2.549072
0.86573 0.001197 -0.500511
0 0 0 0
0.001465 0.496948
-0.014893 -0.151367 2.521729
0.001382 -0.045608 -0.998958
0 0 0 0
0.640564 0.153503
0.014893 -0.151367 2.521729
0.001382 -0.045608 -0.998958
0 0 0 0
0.640564 0.096008
0.008545 -0.390869 2.532471
0.001382 -0.045608 -0.998958
0 0 0 0
0.002502 0.096008
-0.008545 -0.390869 2.532471
0.001382 -0.045608 -0.998958
0 0 0 0
0.002502 0.153503
-0.01709 -0.390869 2.547363
-0.86531 -0.046676 -0.499058
0 0 0 0
0.003418 0.153503
-0.029785 -0.151367 2.547363
-0.86531 -0.046676 -0.499058
0 0 0 0
0.507263 0.153503
-0.014893 -0.151367 2.521729
-0.86531 -0.046676 -0.499058
0 0 0 0
0.505615 0.096008
-0.008545 -0.390869 2.532471
-0.86531 -0.046676 -0.499058
0 0 0 0
0.002502 0.096008
-0.014893 -0.151367 2.573242
-0.86531 -0.046676 0.499058
0 0 0 0
0.641235 0.153503
-0.029785 -0.151367 2.547363
-0.86531 -0.046676 0.499058
0 0 0 0
0.641235 0.096008
-0.01709 -0.390869 2.547363
-0.86531 -0.046676 0.499058
0 0 0 0
0.002502 0.096008
-0.008545 -0.390869 2.562256
-0.86531 -0.046676 0.499058
0 0 0 0
0.002502 0.153503
0.008545 -0.390869 2.562256
0.001382 -0.045608 0.998958
0 0 0 0
0.002502 0.153503
0.014893 -0.151367 2.573242
0.001382 -0.045608 0.998958
0 0 0 0
0.640564 0.153503
-0.014893 -0.151367 2.573242
0.001382 -0.045608 0.998958
0 0 0 0
0.640564 0.096008
-0.008545 -0.390869 2.562256
0.001382 -0.045608 0.998958
0 0 0 0
0.002502 0.096008
0.029785 -0.151367 2.547363
0.86531 -0.046676 0.499058
0 0 0 0
0.641418 0.153503
0.014893 -0.151367 2.573242
0.86531 -0.046676 0.499058
0 0 0 0
0.641418 0.096008
0.008545 -0.390869 2.562256
0.86531 -0.046676 0.499058
0 0 0 0
0.002502 0.096008
0.01709 -0.390869 2.547363
0.86531 -0.046676 0.499058
0 0 0 0
0.002502 0.153503
0.008545 -0.390869 2.532471
0.86531 -0.046676 -0.499058
0 0 0 0
0.002502 0.153503
0.014893 -0.151367 2.521729
0.86531 -0.046676 -0.499058
0 0 0 0
0.641357 0.153503
0.029785 -0.151367 2.547363
0.86531 -0.046676 -0.499058
0 0 0 0
0.641357 0.096008
0.01709 -0.390869 2.547363
0.86531 -0.046676 -0.499058
0 0 0 0
0.002502 0.096008
0.004395 -0.218262 2.419434
0.866004 -0.500032 -0.002086
0 0 0 0
0.000854 0.357849
0.004639 -0.218262 2.676514
0.866004 -0.500032 -0.002086
0 0 0 0
0.999146 0.357849
0 -0.220703 2.676514
0.000978 -1 -0.000001
0 0 0 0
0.999146 0.340149
0 -0.220703 2.419434
-0.000977 -1 -0.000001
0 0 0 0
0.000854 0.340149
-0.004395 -0.218262 2.676514
-0.866004 -0.500032 0.002086
0 0 0 0
0.999146 0.320068
-0.004639 -0.218262 2.419434
-0.866004 -0.500032 0.002086
0 0 0 0
0.000854 0.320068
-0.004639 -0.212891 2.419434
-0.866004 0.500032 0.002086
0 0 0 0
0.000854 0.299988
-0.004395 -0.212891 2.676514
-0.866004 0.500032 0.002086
0 0 0 0
0.999146 0.299988
0 -0.210449 2.419434
-0.000977 1 -0.000001
0 0 0 0
0.000854 0.279907
0 -0.210449 2.676514
0.000978 1 -0.000001
0 0 0 0
0.999146 0.279907
0.004395 -0.212891 2.419434
0.866004 0.500032 -0.002086
0 0 0 0
0.000854 0.259827
0.004639 -0.212891 2.676514
0.866004 0.500032 -0.002086
0 0 0 0
0.999146 0.259827
0.004395 -0.218262 2.419434
0.866004 -0.500032 -0.002086
0 0 0 0
0.000854 0.242188
0.004639 -0.218262 2.676514
0.866004 -0.500032 -0.002086
0 0 0 0
0.999146 0.242188
0.004395 -0.218262 2.419434
0.001382 0.001382 -0.999998
0 0 0 0
0.121887 0.936218
0 -0.220703 2.419434
-0.001382 0.001382 -0.999998
0 0 0 0
0.121887 0.921875
0 -0.215576 2.419434
-0.001382 0.001382 -0.999998
0 0 0 0
0.109497 0.929016
0.004395 -0.212891 2.419434
0.001382 0.001382 -0.999998
0 0 0 0
0.109497 0.943359
0 -0.210449 2.419434
-0.001382 0.001382 -0.999998
0 0 0 0
0.097107 0.936157
-0.004639 -0.212891 2.419434
-0.001382 0.001382 -0.999998
0 0 0 0
0.097107 0.921875
-0.004639 -0.218262 2.419434
-0.001382 0.001382 -0.999998
0 0 0 0
0.109497 0.914734
0.004639 -0.218262 2.676514
0.001382 0.001382 0.999998
0 0 0 0
0.109497 0.943359
0.004639 -0.212891 2.676514
-0.001382 0.001382 0.999998
0 0 0 0
0.121887 0.936157
0 -0.215576 2.676514
0.001382 0.001382 0.999998
0 0 0 0
0.109497 0.929016
0 -0.220703 2.676514
0.001382 0.001382 0.999998
0 0 0 0
0.097107 0.936218
-0.004395 -0.218262 2.676514
-0.001382 0.001382 0.999998
0 0 0 0
0.097107 0.921875
-0.004395 -0.212891 2.676514
0.001382 0.001382 0.999998
0 0 0 0
0.109497 0.914734
0 -0.210449 2.676514
0.001382 0.001382 0.999998
0 0 0 0
0.121887 0.921875
-0.005859 0.413086 1.627197
0.001176 -0.89472 -0.446626
0 0 0 0
1.000916 0.028748
0.005859 0.413086 1.627197
0.001176 -0.89472 -0.446626
0 0 0 0
1.000916 0.002502
0.005859 0.072021 2.308594
0.001176 -0.89472 -0.446626
0 0 0 0
0.002502 0.002502
-0.005859 0.072021 2.308594
0.001176 -0.89472 -0.446626
0 0 0 0
0.002502 0.028748
-0.005859 0.094238 2.318359
-1 0.000978 -0.000001
0 0 0 0
0.999023 0.002502
-0.005859 0.435303 1.636963
-1 0.000978 -0.000001
0 0 0 0
0.002502 0.002502
-0.005859 0.413086 1.627197
-1 0.000978 -0.000001
0 0 0 0
0.004395 0.028748
-0.005859 0.072021 2.308594
-1 0.000978 -0.000001
0 0 0 0
1.000916 0.028748
0.005859 0.413086 1.627197
1 0.000978 -0.000001
0 0 0 0
0.004395 0.002502
0.005859 0.435303 1.636963
1 0.000978 -0.000001
0 0 0 0
0.002502 0.028748
0.005859 0.094238 2.318359
1 0.000978 -0.000001
0 0 0 0
0.999084 0.028748
0.005859 0.072021 2.308594
1 0.000978 -0.000001
0 0 0 0
1.000977 0.002502
0.005859 0.094238 2.318359
0.001176 0.89472 0.446626
0 0 0 0
1.000977 0.002502
0.005859 0.435303 1.636963
0.001176 0.89472 0.446626
0 0 0 0
0.002502 0.002502
-0.005859 0.435303 1.636963
0.001176 0.89472 0.446626
0 0 0 0
0.002502 0.028748
-0.005859 0.094238 2.318359
0.001176 0.89472 0.446626
0 0 0 0
1.000977 0.028748
-0.005859 0.815674 2.007568
0.001356 -0.383666 -0.923471
0 0 0 0
0.997314 0.028748
0.005859 0.815674 2.007568
0.001356 -0.383666 -0.923471
0 0 0 0
0.997314 0.002502
0.005859 0.09375 2.306885
0.001356 -0.383666 -0.923471
0 0 0 0
0.002502 0.002502
-0.005859 0.09375 2.306885
0.001356 -0.383666 -0.923471
0 0 0 0
0.002502 0.028748
-0.005859 0.106201 2.327637
-1 0.000978 -0.000001
0 0 0 0
0.991089 0.002502
-0.005859 0.828125 2.02832
-1 0.000978 -0.000001
0 0 0 0
0.002502 0.002502
-0.005859 0.815674 2.007568
-1 0.000978 -0.000001
0 0 0 0
0.008728 0.028748
-0.005859 0.09375 2.306885
-1 0.000978 -0.000001
0 0 0 0
0.997314 0.028748
0.005859 0.815674 2.007568
1 0.000978 -0.000001
0 0 0 0
0.008728 0.002502
0.005859 0.828125 2.02832
1 0.000978 -0.000001
0 0 0 0
0.002502 0.028748
0.005859 0.106201 2.327637
1 0.000978 -0.000001
0 0 0 0
0.991089 0.028748
0.005859 0.09375 2.306885
1 0.000978 -0.000001
0 0 0 0
0.997314 0.002502
0.005859 0.106201 2.327637
0.001356 0.383666 0.923471
0 0 0 0
0.997314 0.002502
0.005859 0.828125 2.02832
0.001356 0.383666 0.923471
0 0 0 0
0.002502 0.002502
-0.005859 0.828125 2.02832
0.001356 0.383666 0.923471
0 0 0 0
0.002502 0.028748
-0.005859 0.106201 2.327637
0.001356 0.383666 0.923471
0 0 0 0
0.997314 0.028748
-0.010742 0.848145 2.30542
0.001288 0.676297 -0.736628
0 0 0 0
0.999512 0.028748
0.010742 0.848145 2.30542
0.001288 0.676297 -0.736628
0 0 0 0
0.999512 0.002502
0.010742 0.301025 1.802734
0.001293 0.663099 -0.748531
0 0 0 0
0.183594 0.002502
-0.010742 0.301025 1.802734
0.001297 0.649737 -0.760158
0 0 0 0
0.183594 0.028748
0.003174 0.172363 1.696533
0.001301 0.636217 -0.771509
0 0 0 0
0.000488 0.002502
-0.003174 0.172363 1.696533
0.001301 0.636217 -0.771509
0 0 0 0
0.000488 0.028748
-0.010742 0.287354 1.822754
-0.999889 -0.012756 -0.007643
0 0 0 0
0.813232 0.002502
-0.010742 0.834473 2.325439
-1 0.000978 -0.000001
0 0 0 0
0.000488 0.002502
-0.010742 0.848145 2.30542
-1 0.000978 -0.000001
0 0 0 0
0.004456 0.028748
-0.010742 0.301025 1.802734
-0.999518 -0.024667 -0.018858
0 0 0 0
0.8172 0.028748
-0.003174 0.168457 1.702393
-0.998923 -0.03861 -0.02573
0 0 0 0
0.998352 0.002502
-0.003174 0.172363 1.696533
-0.998923 -0.03861 -0.02573
0 0 0 0
0.999512 0.028748
0.010742 0.848145 2.30542
1 0.000978 -0.000001
0 0 0 0
0.005798 0.002502
0.010742 0.834473 2.325439
1 0.000978 -0.000001
0 0 0 0
0.001831 0.028748
0.010742 0.287354 1.822754
0.999889 -0.012756 -0.007643
0 0 0 0
0.814697 0.028748
0.010742 0.301025 1.802734
0.999518 -0.024667 -0.018858
0 0 0 0
0.818665 0.002502
0.003174 0.168457 1.702393
0.998923 -0.03861 -0.02573
0 0 0 0
0.999817 0.028748
0.003174 0.172363 1.696533
0.998923 -0.03861 -0.02573
0 0 0 0
1.000977 0.002502
0.010742 0.287354 1.822754
0.001282 -0.69363 0.720331
0 0 0 0
0.814148 0.002502
0.010742 0.834473 2.325439
0.001288 -0.676296 0.736628
0 0 0 0
0.000488 0.002502
-0.010742 0.834473 2.325439
0.001288 -0.676296 0.736628
0 0 0 0
0.000488 0.028748
-0.010742 0.287354 1.822754
0.001282 -0.69363 0.720331
0 0 0 0
0.814148 0.028748
-0.003174 0.168457 1.702393
0.001276 -0.710651 0.703544
0 0 0 0
0.999512 0.028748
0.003174 0.168457 1.702393
0.001276 -0.710651 0.703544
0 0 0 0
0.999512 0.002502
-0.056641 -0.345459 2.548096
-1 0.000978 -0.000001
0 0 0 0
0.097107 0.936218
-0.056641 -0.342773 2.55249
-1 0.000978 -0.000001
0 0 0 0
0.109497 0.943359
-0.056641 -0.340332 2.548096
-1 0.000978 -0.000001
0 0 0 0
0.109497 0.929016
-0.056641 -0.342773 2.543701
-1 0.000978 -0.000001
0 0 0 0
0.097107 0.921875
-0.056641 -0.337646 2.543701
-1 0.000978 -0.000001
0 0 0 0
0.109497 0.914734
-0.056641 -0.335205 2.548096
-1 0.000978 -0.000001
0 0 0 0
0.121887 0.921875
-0.056641 -0.337646 2.55249
-1 0.000978 -0.000001
0 0 0 0
0.121887 0.936157
0.003174 0.172363 1.696533
0.001221 -0.828859 -0.559456
0 0 0 0
0.119568 0.996399
0.003174 0.168457 1.702393
0.001221 -0.828859 -0.559456
0 0 0 0
0.119568 0.971375
-0.003174 0.168457 1.702393
0.001221 -0.828859 -0.559456
0 0 0 0
0.097412 0.971375
-0.003174 0.172363 1.696533
0.001221 -0.828859 -0.559456
0 0 0 0
0.097412 0.996399
-0.010742 1.088135 2.218262
-1 0.000978 -0.000001
0 0 0 0
0.002502 0.002502
-0.010742 0.623535 1.776367
-1 0.000978 -0.000001
0 0 0 0
0.941528 0.028748
-0.010742 1.075928 2.230225
-1 0.000978 -0.000001
0 0 0 0
0.002502 0.028748
-0.010742 0.635742 1.76416
-1 0.000978 -0.000001
0 0 0 0
0.941528 0.002502
-0.010742 1.075928 2.230225
0.001277 0.706425 0.707786
0 0 0 0
0.11969 0.995605
0.010742 1.075928 2.230225
0.001277 0.706425 0.707786
0 0 0 0
0.11969 0.970825
0.010742 1.088135 2.218262
0.001277 0.706425 0.707786
0 0 0 0
0.097351 0.970825
-0.010742 1.088135 2.218262
0.001277 0.706425 0.707786
0 0 0 0
0.097351 0.995605
0.010742 0.635742 1.76416
0.001277 0.708541 -0.705669
0 0 0 0
0.941528 0.002502
-0.010742 0.635742 1.76416
0.001277 0.708541 -0.705669
0 0 0 0
0.941528 0.028748
-0.010742 1.088135 2.218262
0.001277 0.708541 -0.705669
0 0 0 0
0.002502 0.028748
0.010742 1.088135 2.218262
0.001277 0.708541 -0.705669
0 0 0 0
0.002502 0.002502
0.010742 0.623535 1.776367
1 0.000978 -0.000001
0 0 0 0
0.941528 0.002502
0.010742 0.635742 1.76416
1 0.000978 -0.000001
0 0 0 0
0.941528 0.028748
0.010742 1.088135 2.218262
1 0.000978 -0.000001
0 0 0 0
0.002502 0.028748
0.010742 1.075928 2.230225
1 0.000978 -0.000001
0 0 0 0
0.002502 0.002502
0.010742 0.171143 1.322266
0.001277 -0.706425 -0.707786
0 0 0 0
0.11969 0.995605
-0.010742 0.171143 1.322266
0.001277 -0.706425 -0.707786
0 0 0 0
0.11969 0.970825
-0.010742 0.18335 1.310303
0.001277 -0.706425 -0.707786
0 0 0 0
0.097351 0.970825
0.010742 0.18335 1.310303
0.001277 -0.706425 -0.707786
0 0 0 0
0.097351 0.995605
0.010742 0.171143 1.322266
1 0.000978 -0.000001
0 0 0 0
0.002502 0.002502
0.010742 0.18335 1.310303
1 0.000978 -0.000001
0 0 0 0
0.002502 0.028748
0.010742 0.635742 1.76416
1 0.000978 -0.000001
0 0 0 0
0.941528 0.028748
0.010742 0.623535 1.776367
1 0.000978 -0.000001
0 0 0 0
0.941528 0.002502
0.010742 0.18335 1.310303
0.001277 0.708541 -0.705669
0 0 0 0
0.002502 0.002502
-0.010742 0.18335 1.310303
0.001277 0.708541 -0.705669
0 0 0 0
0.002502 0.028748
-0.010742 0.635742 1.76416
0.001277 0.708541 -0.705669
0 0 0 0
0.941528 0.028748
0.010742 0.635742 1.76416
0.001277 0.708541 -0.705669
0 0 0 0
0.941528 0.002502
-0.010742 0.635742 1.76416
-1 0.000978 -0.000001
0 0 0 0
0.941528 0.002502
-0.010742 0.18335 1.310303
-1 0.000978 -0.000001
0 0 0 0
0.002502 0.002502
-0.010742 0.171143 1.322266
-1 0.000978 -0.000001
0 0 0 0
0.002502 0.028748
-0.010742 0.623535 1.776367
-1 0.000978 -0.000001
0 0 0 0
0.941528 0.028748
0.026123 0.377197 1.574219
0.001277 -0.706425 -0.707786
0 0 0 0
0.246704 0.996094
0.026123 0.389648 1.561768
0.001277 -0.706425 -0.707786
0 0 0 0
0.246704 0.907837
0.035156 0.389648 1.561768
0.001277 -0.706425 -0.707786
0 0 0 0
0.221802 0.907837
0.035156 0.377197 1.574219
0.001277 -0.706425 -0.707786
0 0 0 0
0.221802 0.996094
0.026123 0.389648 1.561768
0.001277 0.708541 -0.705669
0 0 0 0
-0.000732 0.028748
0.026123 0.867188 2.04126
0.001277 0.708541 -0.705669
0 0 0 0
1.000732 0.028748
0.035156 0.867188 2.04126
0.001277 0.708541 -0.705669
0 0 0 0
1.000732 0.002502
0.035156 0.389648 1.561768
0.001277 0.708541 -0.705669
0 0 0 0
-0.000732 0.002502
0.035156 0.377197 1.574219
1 0.000978 -0.000001
0 0 0 0
1.000732 0.028748
0.035156 0.389648 1.561768
1 0.000978 -0.000001
0 0 0 0
1.000732 0.002502
0.035156 0.867188 2.04126
1 0.000978 -0.000001
0 0 0 0
-0.000732 0.002502
0.035156 0.854736 2.053711
1 0.000978 -0.000001
0 0 0 0
-0.000732 0.028748
0.094482 0.081299 0.659668
0.003249 0.97372 0.227723
0 0 0 0
0 0.706238
0.086182 -0.060059 1.263184
-0.003249 0.97372 0.227723
0 0 0 0
1 0.706238
0.081299 -0.061523 1.262695
-0.58497 0.790931 0.179549
0 0 0 0
1 0.696472
0.089355 0.079834 0.65918
-0.595052 0.783857 0.177431
0 0 0 0
0 0.696533
0.078369 -0.065674 1.261475
-0.947692 0.313212 0.061467
0 0 0 0
1 0.686768
0.085938 0.075439 0.657959
-0.955294 0.290305 0.056001
0 0 0 0
0 0.686768
0.078369 -0.070557 1.259766
-0.955238 -0.285252 -0.078437
0 0 0 0
1 0.677002
0.086182 0.070068 0.656494
-0.947034 -0.310253 -0.082886
0 0 0 0
0 0.677002
0.081543 -0.074463 1.258545
-0.600178 -0.77714 -0.189311
0 0 0 0
1 0.667236
0.089355 0.065674 0.655273
-0.583843 -0.788775 -0.192254
0 0 0 0
0 0.667236
0.086182 -0.075928 1.258057
-0.003249 -0.97372 -0.227723
0 0 0 0
1 0.657532
0.094727 0.063965 0.654785
0.003249 -0.97372 -0.227723
0 0 0 0
0 0.657532
0.090576 -0.074219 1.284424
0.602767 -0.778619 0.174427
0 0 0 0
1 0.651245
0.084473 0.057129 1.886475
0.942952 -0.322455 0.082856
0 0 0 0
0 0.661011
0.081787 0.053711 1.887695
0.576425 -0.797229 0.179335
0 0 0 0
0 0.651245
0.09375 -0.070312 1.282959
0.957508 -0.27864 0.074416
0 0 0 0
1 0.661011
0.084473 0.061523 1.884766
0.959451 0.27855 -0.043159
0 0 0 0
0 0.670715
0.09375 -0.06543 1.281494
0.946479 0.31817 -0.054266
0 0 0 0
1 0.670776
0.081787 0.065186 1.883545
0.604475 0.781087 -0.15657
0 0 0 0
0 0.680481
0.09082 -0.061523 1.280273
0.586132 0.794488 -0.158863
0 0 0 0
1 0.680481
0.077637 0.06665 1.883057
-0.003217 0.979073 -0.203483
0 0 0 0
0 0.690247
0.085938 -0.060059 1.279785
0.003217 0.979073 -0.203483
0 0 0 0
1 0.690247
0.081055 -0.061523 1.280273
-0.579645 0.795819 -0.175169
0 0 0 0
1 0.700012
0.073242 0.065186 1.883545
-0.605876 0.77717 -0.170062
0 0 0 0
0 0.700012
0.078125 -0.06543 1.281494
-0.944966 0.317695 -0.078162
0 0 0 0
1 0.709778
0.070557 0.061523 1.884766
-0.959253 0.273928 -0.069264
0 0 0 0
0 0.709717
0.078125 -0.070312 1.282959
-0.957828 -0.283245 0.048342
0 0 0 0
1 0.719482
0.070557 0.057129 1.886475
-0.944992 -0.322362 0.055428
0 0 0 0
0 0.719482
0.081055 -0.074219 1.284424
-0.602203 -0.782969 0.15592
0 0 0 0
1 0.729248
0.073242 0.053711 1.887695
-0.582263 -0.797058 0.160216
0 0 0 0
0 0.729248
0.085938 -0.075684 1.284912
0.003222 -0.978342 0.206969
0 0 0 0
1 0.739014
0.077393 0.052246 1.888184
-0.003222 -0.978342 0.206969
0 0 0 0
0 0.739014
0.081787 0.053711 1.887695
0.576425 -0.797229 0.179335
0 0 0 0
0 0.748779
0.090576 -0.074219 1.284424
0.602767 -0.778619 0.174427
0 0 0 0
1 0.748779
0.084229 0.061279 1.907959
0.960105 0.271576 0.066665
0 0 0 0
0 0.681396
0.074951 -0.055908 2.509766
0.963492 -0.265482 -0.034666
0 0 0 0
1 0.691162
0.084229 0.057129 1.906494
0.943713 -0.327247 -0.048112
0 0 0 0
0 0.691162
0.074951 -0.052002 2.511475
0.939235 0.334063 0.078988
0 0 0 0
1 0.681396
0.081543 0.064941 1.909424
0.610528 0.776558 0.155607
0 0 0 0
0 0.671631
0.072754 -0.048828 2.512695
0.571447 0.805078 0.159054
0 0 0 0
1 0.671631
0.077148 0.066162 1.909912
0.003194 0.982556 0.185939
0 0 0 0
0 0.661926
0.068848 -0.047607 2.513184
-0.003194 0.982556 0.185939
0 0 0 0
1 0.661926
0.064941 -0.048828 2.512695
-0.576297 0.804305 0.144828
0 0 0 0
1 0.652161
0.072998 0.064941 1.909424
-0.608255 0.781447 0.139164
0 0 0 0
0 0.652161
0.062744 -0.052002 2.511475
-0.941237 0.333793 0.051522
0 0 0 0
1 0.642395
0.070312 0.061279 1.907959
-0.961505 0.272011 0.038962
0 0 0 0
0 0.642395
0.062744 -0.055908 2.509766
-0.962228 -0.26499 -0.06243
0 0 0 0
1 0.632629
0.070312 0.057129 1.906494
-0.94129 -0.329299 -0.074401
0 0 0 0
0 0.632629
0.065186 -0.059082 2.508545
-0.613545 -0.775059 -0.15115
0 0 0 0
1 0.622925
0.072998 0.053467 1.905273
-0.576928 -0.801815 -0.155714
0 0 0 0
0 0.622925
0.068848 -0.060303 2.508057
-0.003189 -0.983218 -0.182408
0 0 0 0
1 0.613159
0.077393 0.052246 1.904785
0.003189 -0.983218 -0.182408
0 0 0 0
0 0.613159
0.081543 0.053467 1.905273
0.581702 -0.801015 -0.141411
0 0 0 0
0 0.603394
0.072754 -0.059082 2.508545
0.611995 -0.778808 -0.137551
0 0 0 0
1 0.603394
0.084229 0.057129 1.906494
0.943713 -0.327247 -0.048112
0 0 0 0
0 0.593628
0.074951 -0.055908 2.509766
0.963492 -0.265482 -0.034666
0 0 0 0
1 0.593628
-0.084717 0.09375 0.037598
-0.297386 -0.952642 0.063523
0 0 0 0
0.999939 0.629639
0.075684 0.086182 0.63916
0.292354 -0.952441 -0.085936
0 0 0 0
-0.000061 0.639404
0.070312 0.086182 0.640869
-0.303461 -0.950711 0.063714
0 0 0 0
-0.000061 0.629639
-0.078857 0.093994 0.035889
0.300874 -0.949538 -0.08862
0 0 0 0
0.999939 0.639404
0.080078 0.089355 0.637939
0.778129 -0.593525 -0.205532
0 0 0 0
-0.000061 0.64917
-0.074219 0.097412 0.034668
0.783342 -0.585626 -0.208368
0 0 0 0
0.999939 0.64917
0.081787 0.094727 0.637451
0.968703 -0.003276 -0.248202
0 0 0 0
-0.000061 0.658875
-0.072266 0.103271 0.03418
0.968703 0.003276 -0.248202
0 0 0 0
0.999939 0.658875
0.080078 0.100098 0.637939
0.784284 0.590081 -0.191581
0 0 0 0
-0.000061 0.66864
-0.074219 0.109131 0.034668
0.784284 0.590081 -0.191581
0 0 0 0
0.999939 0.66864
-0.078857 0.112549 0.035889
0.299242 0.952135 -0.062392
0 0 0 0
0.999939 0.678406
0.075684 0.103271 0.63916
0.293163 0.95404 -0.062147
0 0 0 0
-0.000061 0.678406
-0.084717 0.112549 0.037598
-0.295207 0.950997 0.091968
0 0 0 0
0.999939 0.688171
0.070312 0.103271 0.640869
-0.305629 0.947553 0.093451
0 0 0 0
-0.000061 0.688171
-0.0896 0.108887 0.038818
-0.779487 0.59026 0.209744
0 0 0 0
0.999939 0.697876
0.065918 0.100098 0.64209
-0.784016 0.583979 0.210447
0 0 0 0
-0.000061 0.697876
-0.091309 0.103271 0.039307
-0.968703 0.003276 0.248202
0 0 0 0
0.999939 0.707642
0.064209 0.094727 0.642578
-0.968703 -0.003276 0.248202
0 0 0 0
-0.000061 0.707642
-0.0896 0.097412 0.038818
-0.784978 -0.588467 0.193691
0 0 0 0
0.999939 0.717407
0.065918 0.089355 0.64209
-0.784978 -0.588467 0.193691
0 0 0 0
-0.000061 0.717407
0.070312 0.086182 0.640869
-0.303461 -0.950711 0.063714
0 0 0 0
-0.000061 0.727173
-0.084717 0.09375 0.037598
-0.297386 -0.952642 0.063523
0 0 0 0
0.999939 0.727173
0.065918 0.089111 0.655273
-0.789971 -0.58315 -0.189425
0 0 0 0
0 0.745239
-0.075684 0.085938 1.258057
-0.974519 -0.003245 -0.224283
0 0 0 0
1 0.755005
0.064209 0.094482 0.654785
-0.974519 0.003245 -0.224283
0 0 0 0
0 0.755005
-0.074219 0.081299 1.258545
-0.778358 -0.599474 -0.18652
0 0 0 0
1 0.745239
0.070068 0.085938 0.656494
-0.308384 -0.947542 -0.084048
0 0 0 0
0 0.735535
-0.070312 0.078125 1.259766
-0.283362 -0.955712 -0.079508
0 0 0 0
1 0.735535
0.075439 0.085938 0.657959
0.290305 -0.955294 0.056001
0 0 0 0
0 0.725769
-0.06543 0.078125 1.261475
0.313212 -0.947692 0.061467
0 0 0 0
1 0.725769
0.079834 0.089111 0.65918
0.783857 -0.595052 0.177431
0 0 0 0
0 0.716003
-0.061523 0.081055 1.262695
0.790223 -0.586568 0.177439
0 0 0 0
1 0.716003
0.081543 0.094482 0.659668
0.97372 0.003249 0.227723
0 0 0 0
0 0.706238
-0.059814 0.085938 1.263184
0.97372 -0.003249 0.227723
0 0 0 0
1 0.706238
-0.061523 0.09082 1.262695
0.791353 0.579899 0.193591
0 0 0 0
1 0.696472
0.079834 0.099854 0.65918
0.779763 0.59629 0.190809
0 0 0 0
0 0.696533
-0.06543 0.09375 1.261475
0.313141 0.945544 0.088818
0 0 0 0
1 0.686768
0.075439 0.103027 0.657959
0.287617 0.954318 0.080952
0 0 0 0
0 0.686768
-0.070312 0.09375 1.259766
-0.285596 0.956997 -0.05091
0 0 0 0
1 0.677002
0.070068 0.103027 0.656494
-0.308477 0.949545 -0.05662
0 0 0 0
0 0.677002
-0.074219 0.09082 1.258545
-0.782423 0.598199 -0.173128
0 0 0 0
1 0.667236
0.065918 0.099854 0.655273
-0.789512 0.58816 -0.175321
0 0 0 0
0 0.667236
-0.075684 0.085938 1.258057
-0.974519 -0.003245 -0.224283
0 0 0 0
1 0.657532
0.064209 0.094482 0.654785
-0.974519 0.003245 -0.224283
0 0 0 0
0 0.657532
-0.073975 0.080811 1.284424
-0.783709 -0.600668 0.158106
0 0 0 0
1 0.651245
0.057617 0.070312 1.886475
-0.320539 -0.94554 0.056651
0 0 0 0
0 0.661011
0.053955 0.072754 1.887695
-0.797058 -0.582263 0.160216
0 0 0 0
0 0.651245
-0.070068 0.077881 1.282959
-0.280896 -0.958647 0.045758
0 0 0 0
1 0.661011
0.062012 0.070312 1.884766
0.275815 -0.958786 -0.068225
0 0 0 0
0 0.670715
-0.065186 0.077881 1.281494
0.317695 -0.944966 -0.078162
0 0 0 0
1 0.670776
0.06543 0.072998 1.883545
0.77717 -0.605876 -0.170062
0 0 0 0
0 0.680481
-0.061279 0.081055 1.280273
0.795819 -0.579645 -0.175169
0 0 0 0
1 0.680481
0.066895 0.077148 1.883057
0.978342 -0.003222 -0.206969
0 0 0 0
0 0.690247
-0.059814 0.085693 1.279785
0.978342 0.003222 -0.206969
0 0 0 0
1 0.690247
-0.061279 0.090576 1.280273
0.794488 0.586132 -0.158863
0 0 0 0
1 0.700012
0.06543 0.081543 1.883545
0.781087 0.604475 -0.15657
0 0 0 0
0 0.700012
-0.065186 0.093506 1.281494
0.315802 0.947406 -0.051866
0 0 0 0
1 0.709778
0.062012 0.084229 1.884766
0.276694 0.95994 -0.044221
0 0 0 0
0 0.709717
-0.070068 0.093506 1.282959
-0.280529 0.957038 0.073362
0 0 0 0
1 0.719482
0.057617 0.084229 1.886475
-0.322455 0.942952 0.082856
0 0 0 0
0 0.719482
-0.073975 0.090332 1.284424
-0.777896 0.604325 0.172248
0 0 0 0
1 0.729248
0.053955 0.081543 1.887695
-0.796525 0.578038 0.177255
0 0 0 0
0 0.729248
-0.075439 0.085693 1.284912
-0.978342 0.003222 0.206969
0 0 0 0
1 0.739014
0.052734 0.077148 1.888184
-0.978342 -0.003222 0.206969
0 0 0 0
0 0.739014
0.053955 0.072754 1.887695
-0.797058 -0.582263 0.160216
0 0 0 0
0 0.748779
-0.073975 0.080811 1.284424
-0.783709 -0.600668 0.158106
0 0 0 0
1 0.748779
0.061768 0.069824 1.907959
0.272011 -0.961505 0.038962
0 0 0 0
0 0.681396
-0.05542 0.062256 2.509766
-0.262647 -0.963039 -0.059778
0 0 0 0
1 0.691162
0.057373 0.070068 1.906494
-0.32692 -0.942299 -0.072085
0 0 0 0
0 0.691162
-0.051514 0.062256 2.511475
0.333793 -0.941237 0.051522
0 0 0 0
1 0.681396
0.065186 0.07251 1.909424
0.781447 -0.608255 0.139164
0 0 0 0
0 0.671631
-0.04834 0.064453 2.512695
0.803564 -0.577855 0.142718
0 0 0 0
1 0.671631
0.06665 0.076904 1.909912
0.982556 0.003194 0.185939
0 0 0 0
0 0.661926
-0.047119 0.068359 2.513184
0.982556 -0.003194 0.185939
0 0 0 0
1 0.661926
-0.04834 0.072266 2.512695
0.805078 0.571447 0.159054
0 0 0 0
1 0.652161
0.065186 0.081055 1.909424
0.776558 0.610528 0.155607
0 0 0 0
0 0.652161
-0.051514 0.074463 2.511475
0.333515 0.939721 0.075448
0 0 0 0
1 0.642395
0.061768 0.08374 1.907959
0.269226 0.960945 0.064051
0 0 0 0
0 0.642395
-0.05542 0.074707 2.509766
-0.265482 0.963492 -0.034666
0 0 0 0
1 0.632629
0.057373 0.08374 1.906494
-0.327247 0.943713 -0.048112
0 0 0 0
0 0.632629
-0.058594 0.072266 2.508545
-0.778808 0.611995 -0.137551
0 0 0 0
1 0.622925
0.053955 0.081299 1.905273
-0.801015 0.581702 -0.141411
0 0 0 0
0 0.622925
-0.059814 0.068359 2.508057
-0.983218 -0.003189 -0.182408
0 0 0 0
1 0.613159
0.05249 0.076904 1.904785
-0.983218 0.003189 -0.182408
0 0 0 0
0 0.613159
0.053955 0.07251 1.905273
-0.802541 -0.575347 -0.157808
0 0 0 0
0 0.603394
-0.058594 0.064697 2.508545
-0.775059 -0.613545 -0.15115
0 0 0 0
1 0.603394
0.057373 0.070068 1.906494
-0.32692 -0.942299 -0.072085
0 0 0 0
0 0.593628
-0.05542 0.062256 2.509766
-0.262647 -0.963039 -0.059778
0 0 0 0
1 0.593628
0.092529 -0.086182 0.037598
0.212748 0.975012 0.063944
0 0 0 0
0.999939 0.629639
-0.067627 -0.092285 0.63916
-0.374319 0.923049 -0.088688
0 0 0 0
-0.000061 0.639404
-0.062256 -0.091797 0.640869
0.218925 0.973562 0.065182
0 0 0 0
-0.000061 0.629639
0.08667 -0.08667 0.035889
-0.382695 0.919489 -0.089919
0 0 0 0
0.999939 0.639404
-0.071777 -0.095947 0.637939
-0.827442 0.522652 -0.205364
0 0 0 0
-0.000061 0.64917
0.082275 -0.090576 0.034668
-0.832244 0.514381 -0.206839
0 0 0 0
0.999939 0.64917
-0.072998 -0.101562 0.637451
-0.965752 -0.081843 -0.246223
0 0 0 0
-0.000061 0.658875
0.081055 -0.09668 0.03418
-0.965523 -0.086188 -0.245634
0 0 0 0
0.999939 0.658875
-0.070801 -0.106689 0.637939
-0.728463 -0.65807 -0.190488
0 0 0 0
-0.000061 0.66864
0.083496 -0.102051 0.034668
-0.729183 -0.656585 -0.192842
0 0 0 0
0.999939 0.66864
0.088379 -0.105225 0.035889
-0.214683 -0.974641 -0.063133
0 0 0 0
0.999939 0.678406
-0.066162 -0.109375 0.63916
-0.208509 -0.976063 -0.061842
0 0 0 0
-0.000061 0.678406
0.094238 -0.104736 0.037598
0.376713 -0.921875 0.090737
0 0 0 0
0.999939 0.688171
-0.060791 -0.108887 0.640869
0.387484 -0.917081 0.093909
0 0 0 0
-0.000061 0.688171
0.098633 -0.10083 0.038818
0.826938 -0.521541 0.210164
0 0 0 0
0.999939 0.697876
-0.056641 -0.105225 0.64209
0.831741 -0.513247 0.211624
0 0 0 0
-0.000061 0.697876
0.099854 -0.094727 0.039307
0.964874 0.081954 0.249601
0 0 0 0
0.999939 0.707642
-0.05542 -0.099854 0.642578
0.964647 0.086305 0.249013
0 0 0 0
-0.000061 0.707642
0.097656 -0.089355 0.038818
0.7299 0.655093 0.195189
0 0 0 0
0.999939 0.717407
-0.057617 -0.094727 0.64209
0.731236 0.654376 0.192575
0 0 0 0
-0.000061 0.717407
-0.062256 -0.091797 0.640869
0.218925 0.973562 0.065182
0 0 0 0
-0.000061 0.727173
0.092529 -0.086182 0.037598
0.212748 0.975012 0.063944
0 0 0 0
0.999939 0.727173
-0.057373 -0.094482 0.655273
0.735327 0.649948 -0.191994
0 0 0 0
0 0.745239
0.083496 -0.078857 1.258057
0.970434 0.087631 -0.224895
0 0 0 0
1 0.755005
-0.05542 -0.099609 0.654785
0.970789 0.08117 -0.225789
0 0 0 0
0 0.755005
0.081543 -0.074219 1.258545
0.723618 0.663938 -0.188584
0 0 0 0
1 0.745239
-0.062012 -0.091553 0.656494
0.225077 0.970582 -0.085501
0 0 0 0
0 0.735535
0.077393 -0.071533 1.259766
0.197867 0.977158 -0.077528
0 0 0 0
1 0.735535
-0.067383 -0.092041 0.657959
-0.372397 0.926476 0.054427
0 0 0 0
0 0.725769
0.07251 -0.072021 1.261475
-0.393674 0.917231 0.060894
0 0 0 0
1 0.725769
-0.071533 -0.095703 0.65918
-0.832511 0.524959 0.177041
0 0 0 0
0 0.716003
0.068848 -0.075439 1.262695
-0.838991 0.514426 0.17737
0 0 0 0
1 0.716003
-0.072754 -0.101074 0.659668
-0.969623 -0.087754 0.22832
0 0 0 0
0 0.706238
0.067627 -0.080322 1.263184
-0.969976 -0.081283 0.229214
0 0 0 0
1 0.706238
0.06958 -0.084961 1.262695
-0.738081 -0.646221 0.193997
0 0 0 0
1 0.696472
-0.070557 -0.106201 0.65918
-0.724341 -0.662468 0.190962
0 0 0 0
0 0.696533
0.073975 -0.087646 1.261475
-0.229355 -0.969408 0.087435
0 0 0 0
1 0.686768
-0.065918 -0.109131 0.657959
-0.202472 -0.975733 0.083368
0 0 0 0
0 0.686768
0.078857 -0.087158 1.259766
0.368258 -0.928171 -0.053716
0 0 0 0
1 0.677002
-0.060547 -0.108643 0.656494
0.390646 -0.918872 -0.055405
0 0 0 0
0 0.677002
0.08252 -0.08374 1.258545
0.831166 -0.528346 -0.173242
0 0 0 0
1 0.667236
-0.056641 -0.10498 0.655273
0.837664 -0.517848 -0.173647
0 0 0 0
0 0.667236
0.083496 -0.078857 1.258057
0.970434 0.087631 -0.224895
0 0 0 0
1 0.657532
-0.05542 -0.099609 0.654785
0.970789 0.08117 -0.225789
0 0 0 0
0 0.657532
0.081299 -0.073975 1.284424
0.728283 0.66733 0.155805
0 0 0 0
1 0.651245
-0.050293 -0.074707 1.886475
0.238127 0.969589 0.056506
0 0 0 0
0 0.661011
-0.046631 -0.077148 1.887695
0.743897 0.6492 0.158611
0 0 0 0
0 0.651245
0.077148 -0.071289 1.282959
0.195122 0.979612 0.047837
0 0 0 0
1 0.661011
-0.054688 -0.075195 1.884766
-0.357004 0.931446 -0.070403
0 0 0 0
0 0.670715
0.072266 -0.071777 1.281494
-0.399263 0.913326 -0.08015
0 0 0 0
1 0.670776
-0.058105 -0.078125 1.883545
-0.82633 0.536427 -0.171538
0 0 0 0
0 0.680481
0.068604 -0.075195 1.280273
-0.842385 0.509669 -0.175
0 0 0 0
1 0.680481
-0.059082 -0.08252 1.883057
-0.975313 -0.082617 -0.20479
0 0 0 0
0 0.690247
0.067627 -0.080078 1.279785
-0.974942 -0.089021 -0.203873
0 0 0 0
1 0.690247
0.06958 -0.084717 1.280273
-0.741141 -0.652835 -0.156578
0 0 0 0
1 0.700012
-0.057373 -0.08667 1.883545
-0.725482 -0.670887 -0.153581
0 0 0 0
0 0.700012
0.07373 -0.087158 1.281494
-0.231581 -0.971436 -0.051797
0 0 0 0
1 0.709778
-0.053467 -0.089111 1.884766
-0.190569 -0.980783 -0.041813
0 0 0 0
0 0.709717
0.078369 -0.086914 1.282959
0.361776 -0.929266 0.074715
0 0 0 0
1 0.719482
-0.049072 -0.088623 1.886475
0.404042 -0.910876 0.083987
0 0 0 0
0 0.719482
0.082031 -0.083496 1.284424
0.82769 -0.533071 0.175398
0 0 0 0
1 0.729248
-0.045898 -0.085693 1.887695
0.844726 -0.505564 0.17562
0 0 0 0
0 0.729248
0.083252 -0.078613 1.284912
0.974568 0.082736 0.208261
0 0 0 0
1 0.739014
-0.044922 -0.081299 1.888184
0.974198 0.089149 0.207343
0 0 0 0
0 0.739014
-0.046631 -0.077148 1.887695
0.743897 0.6492 0.158611
0 0 0 0
0 0.748779
0.081299 -0.073975 1.284424
0.728283 0.66733 0.155805
0 0 0 0
1 0.748779
-0.054443 -0.074707 1.907959
-0.355762 0.933751 0.039283
0 0 0 0
0 0.681396
0.061768 -0.056885 2.509766
0.178279 0.982043 -0.061704
0 0 0 0
1 0.691162
-0.050049 -0.074463 1.906494
0.244032 0.967014 -0.073025
0 0 0 0
0 0.691162
0.057861 -0.057129 2.511475
-0.41387 0.90891 0.050941
0 0 0 0
1 0.681396
-0.057861 -0.077637 1.909424
-0.831685 0.537412 0.1396
0 0 0 0
0 0.671631
0.054932 -0.059814 2.512695
-0.851509 0.504637 0.14239
0 0 0 0
1 0.671631
-0.058838 -0.082031 1.909912
-0.97849 -0.088373 0.186406
0 0 0 0
0 0.661926
0.054199 -0.063721 2.513184
-0.978746 -0.084136 0.187025
0 0 0 0
1 0.661926
0.055664 -0.067383 2.512695
-0.75136 -0.639657 0.162166
0 0 0 0
1 0.652161
-0.057129 -0.086182 1.909424
-0.720113 -0.67596 0.15657
0 0 0 0
0 0.652161
0.059082 -0.06958 2.511475
-0.25063 -0.964975 0.077512
0 0 0 0
1 0.642395
-0.053223 -0.088623 1.907959
-0.184788 -0.980487 0.067078
0 0 0 0
0 0.642395
0.062988 -0.069092 2.509766
0.349258 -0.936329 -0.036164
0 0 0 0
1 0.632629
-0.048828 -0.088379 1.906494
0.409118 -0.911263 -0.047134
0 0 0 0
0 0.632629
0.065918 -0.06665 2.508545
0.828543 -0.542982 -0.136702
0 0 0 0
1 0.622925
-0.045654 -0.085449 1.905273
0.848504 -0.510355 -0.139928
0 0 0 0
0 0.622925
0.06665 -0.062744 2.508057
0.979165 0.088242 -0.182889
0 0 0 0
1 0.613159
-0.044678 -0.081055 1.904785
0.979545 0.081895 -0.183807
0 0 0 0
0 0.613159
-0.046387 -0.076904 1.905273
0.749095 0.644033 -0.155171
0 0 0 0
0 0.603394
0.065186 -0.058838 2.508545
0.718577 0.678714 -0.151639
0 0 0 0
1 0.603394
-0.050049 -0.074463 1.906494
0.244032 0.967014 -0.073025
0 0 0 0
0 0.593628
0.061768 -0.056885 2.509766
0.178279 0.982043 -0.061704
0 0 0 0
1 0.593628
-0.084473 -0.115479 0.060547
0.806405 -0.591364 0.000116
0 0 0 0
0 0.603088
-0.088379 -0.114014 0.625
0.312059 -0.949957 0.014156
0 0 0 0
1 0.578857
-0.095947 -0.123535 0.060547
0.305579 -0.95211 0.010365
0 0 0 0
0 0.578857
-0.077881 -0.106445 0.625
0.81055 -0.585669 -0.000465
0 0 0 0
1 0.603088
-0.080078 -0.102051 0.060547
0.999927 -0.00295 -0.011687
0 0 0 0
0 0.627319
-0.07373 -0.094238 0.625
0.999927 0.00295 -0.011687
0 0 0 0
1 0.627319
-0.084473 -0.088623 0.060547
0.80959 0.586731 -0.017642
0 0 0 0
0 0.65155
-0.077881 -0.081787 0.625
0.808683 0.588044 -0.015364
0 0 0 0
1 0.65155
-0.088379 -0.074219 0.625
0.310274 0.950523 -0.015364
0 0 0 0
1 0.675781
-0.095947 -0.080566 0.060547
0.307926 0.951323 -0.012872
0 0 0 0
0 0.675781
-0.101318 -0.074219 0.625
-0.305018 0.952323 -0.006657
0 0 0 0
1 0.700012
-0.109863 -0.080566 0.060547
-0.312692 0.949838 -0.005549
0 0 0 0
0 0.700012
-0.111816 -0.081787 0.625
-0.806643 0.591015 0.005342
0 0 0 0
1 0.724243
-0.121338 -0.088623 0.060547
-0.810794 0.585301 0.005916
0 0 0 0
0 0.724243
-0.115723 -0.094238 0.625
-0.999874 0.002955 0.015571
0 0 0 0
1 0.748474
-0.125488 -0.102051 0.060547
-0.999807 -0.002961 0.019446
0 0 0 0
0 0.748474
-0.111816 -0.106445 0.625
-0.809759 -0.586309 0.023047
0 0 0 0
1 0.772705
-0.121338 -0.115479 0.060547
-0.80812 -0.588533 0.023903
0 0 0 0
0 0.772705
-0.109863 -0.123535 0.060547
-0.310837 -0.950272 0.019049
0 0 0 0
0 0.796875
-0.101318 -0.114014 0.625
-0.30725 -0.951387 0.021441
0 0 0 0
1 0.796936
-0.095947 -0.123535 0.060547
0.305579 -0.95211 0.010365
0 0 0 0
0 0.821106
-0.088379 -0.114014 0.625
0.312059 -0.949957 0.014156
0 0 0 0
1 0.821106
-0.077393 -0.105713 0.667725
0.806405 -0.591364 0.000116
0 0 0 0
0 0.603088
-0.079834 -0.103271 1.25
0.312059 -0.949957 0.014156
0 0 0 0
1 0.578857
-0.087646 -0.113281 0.667725
0.305579 -0.95211 0.010365
0 0 0 0
0 0.578857
-0.070312 -0.096436 1.25
0.811476 -0.58438 -0.002751
0 0 0 0
1 0.603088
-0.073242 -0.093506 0.667725
0.999927 -0.00295 -0.011687
0 0 0 0
0 0.627319
-0.066895 -0.085449 1.25
0.999927 0.00295 -0.011687
0 0 0 0
1 0.627319
-0.077393 -0.081299 0.667725
0.80959 0.586731 -0.017642
0 0 0 0
0 0.65155
-0.070312 -0.074219 1.25
0.808683 0.588044 -0.015364
0 0 0 0
1 0.65155
-0.079834 -0.067383 1.25
0.310274 0.950523 -0.015364
0 0 0 0
1 0.675781
-0.087646 -0.07373 0.667725
0.307926 0.951323 -0.012872
0 0 0 0
0 0.675781
-0.091553 -0.067383 1.25
-0.305018 0.952323 -0.006657
0 0 0 0
1 0.700012
-0.100586 -0.07373 0.667725
-0.312692 0.949838 -0.005549
0 0 0 0
0 0.700012
-0.101074 -0.074219 1.25
-0.806643 0.591015 0.005342
0 0 0 0
1 0.724243
-0.111084 -0.081299 0.667725
-0.810794 0.585301 0.005916
0 0 0 0
0 0.724243
-0.104736 -0.085449 1.25
-0.999874 0.002955 0.015571
0 0 0 0
1 0.748474
-0.11499 -0.093506 0.667725
-0.999807 -0.002961 0.019446
0 0 0 0
0 0.748474
-0.101074 -0.096436 1.25
-0.809759 -0.586309 0.023047
0 0 0 0
1 0.772705
-0.111084 -0.105713 0.667725
-0.80812 -0.588533 0.023903
0 0 0 0
0 0.772705
-0.100586 -0.113281 0.667725
-0.310837 -0.950272 0.019049
0 0 0 0
0 0.796875
-0.091553 -0.103271 1.25
-0.30725 -0.951387 0.021441
0 0 0 0
1 0.796936
-0.087646 -0.113281 0.667725
0.305579 -0.95211 0.010365
0 0 0 0
0 0.821106
-0.079834 -0.103271 1.25
0.312059 -0.949957 0.014156
0 0 0 0
1 0.821106
-0.069824 -0.095703 1.292725
0.806405 -0.591364 0.000116
0 0 0 0
0 0.603088
-0.071533 -0.092773 1.875
0.312059 -0.949957 0.014156
0 0 0 0
1 0.578857
-0.079346 -0.102539 1.292725
0.305579 -0.95211 0.010365
0 0 0 0
0 0.578857
-0.062988 -0.086426 1.875
0.81055 -0.585669 -0.000465
0 0 0 0
1 0.603088
-0.066406 -0.084717 1.292725
0.999927 -0.00295 -0.011687
0 0 0 0
0 0.627319
-0.059814 -0.076416 1.875
0.999927 0.00295 -0.011687
0 0 0 0
1 0.627319
0.026123 0.867188 2.04126
0.001277 0.706425 0.707786
0 0 0 0
0.246643 0.996094
0.026123 0.854736 2.053711
0.001277 0.706425 0.707786
0 0 0 0
0.246643 0.907837
0.035156 0.854736 2.053711
0.001277 0.706425 0.707786
0 0 0 0
0.221802 0.907837
0.035156 0.867188 2.04126
0.001277 0.706425 0.707786
0 0 0 0
0.221802 0.996094
0.026123 0.854736 2.053711
0.001277 -0.708541 0.705669
0 0 0 0
-0.000732 0.028748
0.026123 0.377197 1.574219
0.001277 -0.708541 0.705669
0 0 0 0
1.000732 0.028748
0.035156 0.377197 1.574219
0.001277 -0.708541 0.705669
0 0 0 0
1.000732 0.002502
0.035156 0.854736 2.053711
0.001277 -0.708541 0.705669
0 0 0 0
-0.000732 0.002502
-0.049072 6.182617 2.396484
0.382323 -0.924029 0.000595
0 0 0 0
0 0.217712
-0.040527 6.186035 2.463623
0.382323 -0.924029 0.000595
0 0 0 0
0 0.217712
-0.049072 6.182617 2.463623
0.382323 -0.924029 0.000595
0 0 0 0
0 0.217712
-0.040527 6.186035 2.396484
0.382323 -0.924029 0.000595
0 0 0 0
0 0.217712
-0.05249 6.191162 2.463623
-0.924029 -0.382323 -0.000595
0 0 0 0
0 0.217712
-0.049072 6.182617 2.396484
-0.924029 -0.382323 -0.000595
0 0 0 0
0 0.217712
-0.049072 6.182617 2.463623
-0.924029 -0.382323 -0.000595
0 0 0 0
0 0.217712
-0.05249 6.191162 2.396484
-0.924029 -0.382323 -0.000595
0 0 0 0
0 0.217712
-0.049072 6.182617 2.463623
-0.001382 -0.001382 0.999998
0 0 0 0
0 0.217712
-0.040527 6.186035 2.463623
-0.001382 -0.001382 0.999998
0 0 0 0
0 0.217712
-0.05249 6.191162 2.463623
-0.001382 -0.001382 0.999998
0 0 0 0
0 0.217712
-0.043945 6.19458 2.463623
-0.001382 -0.001382 0.999998
0 0 0 0
0 0.217712
-0.040527 6.186035 2.463623
0.924029 0.382323 0.000595
0 0 0 0
0 0.217712
-0.040527 6.186035 2.396484
0.924029 0.382323 0.000595
0 0 0 0
0 0.217712
-0.043945 6.19458 2.396484
0.924029 0.382323 0.000595
0 0 0 0
0 0.217712
-0.043945 6.19458 2.463623
0.924029 0.382323 0.000595
0 0 0 0
0 0.217712
-0.043945 6.19458 2.463623
-0.382323 0.924029 -0.000595
0 0 0 0
0 0.217712
-0.043945 6.19458 2.396484
-0.382323 0.924029 -0.000595
0 0 0 0
0 0.217712
-0.05249 6.191162 2.396484
-0.382323 0.924029 -0.000595
0 0 0 0
0 0.217712
-0.05249 6.191162 2.463623
-0.382323 0.924029 -0.000595
0 0 0 0
0 0.217712
-0.043945 6.19458 2.396484
0.001382 -0.001382 -0.999998
0 0 0 0
0 0.217712
-0.040527 6.186035 2.396484
0.001382 -0.001382 -0.999998
0 0 0 0
0 0.217712
-0.049072 6.182617 2.396484
0.001382 -0.001382 -0.999998
0 0 0 0
0 0.217712
-0.043945 6.19458 2.396484
0.001382 -0.001382 -0.999998
0 0 0 0
0 0.217712
-0.049072 6.182617 2.396484
0.001382 -0.001382 -0.999998
0 0 0 0
0 0.217712
-0.05249 6.191162 2.396484
0.001382 -0.001382 -0.999998
0 0 0 0
0 0.217712
0.05249 6.182617 2.463623
0.382323 -0.924029 0.000595
0 0 0 0
0 0.217712
0.05249 6.182617 2.396484
0.382323 -0.924029 0.000595
0 0 0 0
0 0.217712
0.061035 6.186035 2.396484
0.382323 -0.924029 0.000595
0 0 0 0
0 0.217712
0.061035 6.186035 2.463623
0.382323 -0.924029 0.000595
0 0 0 0
0 0.217712
0.049072 6.191162 2.396484
-0.924029 -0.382323 -0.000595
0 0 0 0
0 0.217712
0.05249 6.182617 2.396484
-0.924029 -0.382323 -0.000595
0 0 0 0
0 0.217712
0.05249 6.182617 2.463623
-0.924029 -0.382323 -0.000595
0 0 0 0
0 0.217712
0.049072 6.191162 2.463623
-0.924029 -0.382323 -0.000595
0 0 0 0
0 0.217712
0.05249 6.182617 2.463623
-0.001382 -0.001382 0.999998
0 0 0 0
0 0.217712
0.061035 6.186035 2.463623
-0.001382 -0.001382 0.999998
0 0 0 0
0 0.217712
0.049072 6.191162 2.463623
-0.001382 -0.001382 0.999998
0 0 0 0
0 0.217712
0.061035 6.186035 2.396484
0.924029 0.382323 0.000595
0 0 0 0
0 0.217712
0.057617 6.19458 2.463623
0.924029 0.382323 0.000595
0 0 0 0
0 0.217712
0.061035 6.186035 2.463623
0.924029 0.382323 0.000595
0 0 0 0
0 0.217712
0.057617 6.19458 2.396484
0.924029 0.382323 0.000595
0 0 0 0
0 0.217712
0.061035 6.186035 2.463623
-0.001382 -0.001382 0.999998
0 0 0 0
0 0.217712
0.057617 6.19458 2.463623
-0.001382 -0.001382 0.999998
0 0 0 0
0 0.217712
0.049072 6.191162 2.463623
-0.001382 -0.001382 0.999998
0 0 0 0
0 0.217712
0.057617 6.19458 2.463623
-0.382323 0.924029 -0.000595
0 0 0 0
0 0.217712
0.057617 6.19458 2.396484
-0.382323 0.924029 -0.000595
0 0 0 0
0 0.217712
0.049072 6.191162 2.396484
-0.382323 0.924029 -0.000595
0 0 0 0
0 0.217712
0.049072 6.191162 2.463623
-0.382323 0.924029 -0.000595
0 0 0 0
0 0.217712
0.061035 6.186035 2.396484
0.001382 -0.001382 -0.999998
0 0 0 0
0 0.217712
0.05249 6.182617 2.396484
0.001382 -0.001382 -0.999998
0 0 0 0
0 0.217712
0.049072 6.191162 2.396484
0.001382 -0.001382 -0.999998
0 0 0 0
0 0.217712
0.061035 6.186035 2.396484
0.001382 -0.001382 -0.999998
0 0 0 0
0 0.217712
0.049072 6.191162 2.396484
0.001382 -0.001382 -0.999998
0 0 0 0
0 0.217712
0.057617 6.19458 2.396484
0.001382 -0.001382 -0.999998
0 0 0 0
0 0.217712
0.067627 6.205078 2.402832
1 0.000978 -0.000001
0 0 0 0
0 0.217712
0.067627 6.205078 2.415039
1 0.000978 -0.000001
0 0 0 0
0 0.217712
0.067627 6.172363 2.415039
1 0.000978 -0.000001
0 0 0 0
0 0.217712
0.067627 6.172363 2.402832
1 0.000978 -0.000001
0 0 0 0
0 0.217712
0.030518 6.172363 2.415039
-0.196718 -0.001376 0.980459
0 0 0 0
0 0.217712
0.067627 6.172363 2.415039
-0.001382 -0.001382 0.999998
0 0 0 0
0 0.217712
0.067627 6.205078 2.415039
-0.001382 -0.001382 0.999998
0 0 0 0
0 0.217712
0.030518 6.205078 2.415039
-0.196718 -0.001376 0.980459
0 0 0 0
0 0.217712
0.000244 6.205078 2.402588
-0.383666 -0.001356 0.923471
0 0 0 0
0 0.217712
0.000244 6.172363 2.402588
-0.383666 -0.001356 0.923471
0 0 0 0
0 0.217712
0.000244 6.172363 2.402588
0.000978 -1 0.000001
0 0 0 0
0 0.217712
0.000244 6.172363 2.390381
0.000978 -1 0.000001
0 0 0 0
0 0.217712
0.033936 6.172363 2.402832
0.000978 -1 0.000001
0 0 0 0
0 0.217712
0.067627 6.172363 2.415039
0.000978 -1 0.000001
0 0 0 0
0 0.217712
0.030518 6.172363 2.415039
0.000978 -1 0.000001
0 0 0 0
0 0.217712
0.067627 6.172363 2.402832
0.000978 -1 0.000001
0 0 0 0
0 0.217712
0.033936 6.172363 2.402832
0.000978 -1 0.000001
0 0 0 0
0 0.217712
0.030518 6.172363 2.415039
0.000978 -1 0.000001
0 0 0 0
0 0.217712
0.000244 6.172363 2.390381
0.349631 0.00136 -0.936887
0 0 0 0
0 0.217712
0.033936 6.205078 2.402832
0.177622 0.001377 -0.984098
0 0 0 0
0 0.217712
0.033936 6.172363 2.402832
0.177622 0.001377 -0.984098
0 0 0 0
0 0.217712
0.067627 6.205078 2.402832
0.001382 0.001382 -0.999998
0 0 0 0
0 0.217712
0.067627 6.172363 2.402832
0.001382 0.001382 -0.999998
0 0 0 0
0 0.217712
0.033936 6.205078 2.402832
0.177622 0.001377 -0.984098
0 0 0 0
0 0.217712
0.000244 6.205078 2.390381
0.349631 0.00136 -0.936887
0 0 0 0
0 0.217712
-0.066895 6.172363 2.402832
-1 -0.000977 0.000001
0 0 0 0
0 0.217712
-0.066895 6.172363 2.415039
-1 -0.000977 0.000001
0 0 0 0
0 0.217712
-0.066895 6.205078 2.415039
-1 -0.000977 0.000001
0 0 0 0
0 0.217712
-0.066895 6.205078 2.402832
-1 -0.000977 0.000001
0 0 0 0
0 0.217712
-0.030029 6.205078 2.415039
0.193993 -0.001376 0.981002
0 0 0 0
0 0.217712
-0.066895 6.205078 2.415039
-0.001382 -0.001382 0.999998
0 0 0 0
0 0.217712
-0.066895 6.172363 2.415039
-0.001382 -0.001382 0.999998
0 0 0 0
0 0.217712
-0.030029 6.172363 2.415039
0.193993 -0.001376 0.981002
0 0 0 0
0 0.217712
0.000244 6.172363 2.402588
0.383666 -0.001356 0.923471
0 0 0 0
0 0.217712
0.000244 6.205078 2.402588
0.383666 -0.001356 0.923471
0 0 0 0
0 0.217712
-0.033447 6.172363 2.402832
0.000978 -1 0.000001
0 0 0 0
0 0.217712
-0.066895 6.172363 2.415039
0.000978 -1 0.000001
0 0 0 0
0 0.217712
-0.066895 6.172363 2.402832
0.000978 -1 0.000001
0 0 0 0
0 0.217712
-0.030029 6.172363 2.415039
0.000978 -1 0.000001
0 0 0 0
0 0.217712
0.000244 6.172363 2.402588
0.000978 -1 0.000001
0 0 0 0
0 0.217712
0.000244 6.172363 2.390381
0.000978 -1 0.000001
0 0 0 0
0 0.217712
-0.033447 6.205078 2.402832
-0.177622 0.001377 -0.984098
0 0 0 0
0 0.217712
0.000244 6.205078 2.390381
-0.349631 0.00136 -0.936887
0 0 0 0
0 0.217712
0.000244 6.172363 2.390381
-0.349631 0.00136 -0.936887
0 0 0 0
0 0.217712
-0.066895 6.172363 2.402832
0.001382 0.001382 -0.999998
0 0 0 0
0 0.217712
-0.066895 6.205078 2.402832
0.001382 0.001382 -0.999998
0 0 0 0
0 0.217712
-0.033447 6.172363 2.402832
-0.177622 0.001377 -0.984098
0 0 0 0
0 0.217712
0.000244 6.205078 2.402588
-0.000977 1 -0.000001
0 0 0 0
0 0.217712
0.000244 6.205078 2.390381
-0.000977 1 -0.000001
0 0 0 0
0 0.217712
-0.033447 6.205078 2.402832
-0.000977 1 -0.000001
0 0 0 0
0 0.217712
-0.066895 6.205078 2.415039
-0.000977 1 -0.000001
0 0 0 0
0 0.217712
-0.030029 6.205078 2.415039
-0.000977 1 -0.000001
0 0 0 0
0 0.217712
-0.066895 6.205078 2.402832
-0.000977 1 -0.000001
0 0 0 0
0 0.217712
-0.033447 6.205078 2.402832
-0.000977 1 -0.000001
0 0 0 0
0 0.217712
-0.030029 6.205078 2.415039
-0.000977 1 -0.000001
0 0 0 0
0 0.217712
0.033936 6.205078 2.402832
-0.000977 1 -0.000001
0 0 0 0
0 0.217712
0.067627 6.205078 2.415039
-0.000977 1 -0.000001
0 0 0 0
0 0.217712
0.067627 6.205078 2.402832
-0.000977 1 -0.000001
0 0 0 0
0 0.217712
0.030518 6.205078 2.415039
-0.000977 1 -0.000001
0 0 0 0
0 0.217712
0.000244 6.205078 2.402588
-0.000977 1 -0.000001
0 0 0 0
0 0.217712
0.000244 6.205078 2.390381
-0.000977 1 -0.000001
0 0 0 0
0 0.217712
-0.033447 6.205078 2.402832
-0.177622 0.001377 -0.984098
0 0 0 0
0 0.217712
0.000244 6.172363 2.390381
-0.349631 0.00136 -0.936887
0 0 0 0
0 0.217712
-0.033447 6.172363 2.402832
-0.177622 0.001377 -0.984098
0 0 0 0
0 0.217712
-0.049072 6.523193 2.463623
0.382323 -0.924029 0.000595
0 0 0 0
0 0.217712
-0.049072 6.523193 2.396484
0.382323 -0.924029 0.000595
0 0 0 0
0 0.217712
-0.040527 6.526611 2.396484
0.382323 -0.924029 0.000595
0 0 0 0
0 0.217712
-0.040527 6.526611 2.463623
0.382323 -0.924029 0.000595
0 0 0 0
0 0.217712
-0.05249 6.531738 2.463623
-0.924029 -0.382323 -0.000595
0 0 0 0
0 0.217712
-0.049072 6.523193 2.396484
-0.924029 -0.382323 -0.000595
0 0 0 0
0 0.217712
-0.049072 6.523193 2.463623
-0.924029 -0.382323 -0.000595
0 0 0 0
0 0.217712
-0.05249 6.531738 2.396484
-0.924029 -0.382323 -0.000595
0 0 0 0
0 0.217712
-0.049072 6.523193 2.463623
-0.001382 -0.001382 0.999998
0 0 0 0
0 0.217712
-0.040527 6.526611 2.463623
-0.001382 -0.001382 0.999998
0 0 0 0
0 0.217712
-0.05249 6.531738 2.463623
-0.001382 -0.001382 0.999998
0 0 0 0
0 0.217712
-0.040527 6.526611 2.396484
0.924029 0.382323 0.000595
0 0 0 0
0 0.217712
-0.043945 6.535156 2.463623
0.924029 0.382323 0.000595
0 0 0 0
0 0.217712
-0.040527 6.526611 2.463623
0.924029 0.382323 0.000595
0 0 0 0
0 0.217712
-0.043945 6.535156 2.396484
0.924029 0.382323 0.000595
0 0 0 0
0 0.217712
-0.040527 6.526611 2.463623
-0.001382 -0.001382 0.999998
0 0 0 0
0 0.217712
-0.043945 6.535156 2.463623
-0.001382 -0.001382 0.999998
0 0 0 0
0 0.217712
-0.05249 6.531738 2.463623
-0.001382 -0.001382 0.999998
0 0 0 0
0 0.217712
-0.043945 6.535156 2.396484
-0.382323 0.924029 -0.000595
0 0 0 0
0 0.217712
-0.05249 6.531738 2.463623
-0.382323 0.924029 -0.000595
0 0 0 0
0 0.217712
-0.043945 6.535156 2.463623
-0.382323 0.924029 -0.000595
0 0 0 0
0 0.217712
-0.05249 6.531738 2.396484
-0.382323 0.924029 -0.000595
0 0 0 0
0 0.217712
-0.043945 6.535156 2.396484
0.001382 -0.001382 -0.999998
0 0 0 0
0 0.217712
-0.040527 6.526611 2.396484
0.001382 -0.001382 -0.999998
0 0 0 0
0 0.217712
-0.049072 6.523193 2.396484
0.001382 -0.001382 -0.999998
0 0 0 0
0 0.217712
-0.05249 6.531738 2.396484
0.001382 -0.001382 -0.999998
0 0 0 0
0 0.217712
-0.088623 6.140381 2.380615
0.000978 -1 0.000001
0 0 0 0
0 0.217712
0.088623 6.140381 2.380615
0.000978 -1 0.000001
0 0 0 0
0 0.217712
0.088623 6.140381 2.392578
0.000978 -1 0.000001
0 0 0 0
0 0.217712
-0.088623 6.140381 2.392578
0.000978 -1 0.000001
0 0 0 0
0 0.217712
-0.088623 6.237793 2.380615
-1 -0.000977 0.000001
0 0 0 0
0 0.217712
-0.088623 6.140381 2.380615
-1 -0.000977 0.000001
0 0 0 0
0 0.217712
-0.088623 6.140381 2.392578
-1 -0.000977 0.000001
0 0 0 0
0 0.217712
-0.088623 6.237793 2.392578
-1 -0.000977 0.000001
0 0 0 0
0 0.217712
-0.088623 6.237793 2.392578
-0.001382 -0.001382 0.999998
0 0 0 0
0 0.217712
-0.088623 6.140381 2.392578
-0.001382 -0.001382 0.999998
0 0 0 0
0 0.217712
0.088623 6.140381 2.392578
-0.001382 -0.001382 0.999998
0 0 0 0
0 0.217712
0.088623 6.237793 2.392578
-0.001382 -0.001382 0.999998
0 0 0 0
0 0.217712
0.088623 6.237793 2.392578
-0.000977 1 -0.000001
0 0 0 0
0 0.217712
0.088623 6.237793 2.380615
-0.000977 1 -0.000001
0 0 0 0
0 0.217712
-0.088623 6.237793 2.380615
-0.000977 1 -0.000001
0 0 0 0
0 0.217712
-0.088623 6.237793 2.392578
-0.000977 1 -0.000001
0 0 0 0
0 0.217712
0.088623 6.140381 2.392578
1 0.000978 -0.000001
0 0 0 0
0 0.217712
0.088623 6.140381 2.380615
1 0.000978 -0.000001
0 0 0 0
0 0.217712
0.088623 6.237793 2.380615
1 0.000978 -0.000001
0 0 0 0
0 0.217712
0.088623 6.140381 2.392578
1 0.000978 -0.000001
0 0 0 0
0 0.217712
0.088623 6.237793 2.380615
1 0.000978 -0.000001
0 0 0 0
0 0.217712
0.088623 6.237793 2.392578
1 0.000978 -0.000001
0 0 0 0
0 0.217712
0 5.918701 2.453857
0.383666 -0.001356 0.923471
0 0 0 0
0 0.217712
0.01709 5.918701 2.447021
0.383666 -0.001356 0.923471
0 0 0 0
0 0.217712
0.01709 6.591797 2.447021
0.383666 -0.001356 0.923471
0 0 0 0
0 0.217712
0 6.591797 2.453857
0.383666 -0.001356 0.923471
0 0 0 0
0 0.217712
0.01709 5.918701 2.447021
0.923391 0.00115 0.383858
0 0 0 0
0 0.217712
0.02417 5.918701 2.429932
0.923391 0.00115 0.383858
0 0 0 0
0 0.217712
0.02417 6.591797 2.429932
0.923391 0.00115 0.383858
0 0 0 0
0 0.217712
0.01709 6.591797 2.447021
0.923391 0.00115 0.383858
0 0 0 0
0 0.217712
0.02417 5.918701 2.429932
0.000978 -1 0.000001
0 0 0 0
0 0.217712
0.01709 5.918701 2.447021
0.000978 -1 0.000001
0 0 0 0
0 0.217712
0 5.918701 2.453857
0.000978 -1 0.000001
0 0 0 0
0 0.217712
-0.01709 5.918701 2.447021
0.000978 -1 0.000001
0 0 0 0
0 0.217712
0.01709 5.918701 2.412842
0.000978 -1 0.000001
0 0 0 0
0 0.217712
0 5.918701 2.405762
0.000978 -1 0.000001
0 0 0 0
0 0.217712
-0.02417 5.918701 2.429932
0.000978 -1 0.000001
0 0 0 0
0 0.217712
-0.02417 5.918701 2.429932
0.000978 -1 0.000001
0 0 0 0
0 0.217712
-0.01709 5.918701 2.412842
0.000978 -1 0.000001
0 0 0 0
0 0.217712
0.02417 5.918701 2.429932
0.000978 -1 0.000001
0 0 0 0
0 0.217712
0 5.918701 2.453857
0.000978 -1 0.000001
0 0 0 0
0 0.217712
0.02417 5.918701 2.429932
0.923391 0.00115 -0.383858
0 0 0 0
0 0.217712
0.01709 5.918701 2.412842
0.923391 0.00115 -0.383858
0 0 0 0
0 0.217712
0.01709 6.591797 2.412842
0.923391 0.00115 -0.383858
0 0 0 0
0 0.217712
0.02417 6.591797 2.429932
0.923391 0.00115 -0.383858
0 0 0 0
0 0.217712
-0.01709 5.918701 2.447021
-0.383666 -0.001356 0.923471
0 0 0 0
0 0.217712
0 5.918701 2.453857
-0.383666 -0.001356 0.923471
0 0 0 0
0 0.217712
0 6.591797 2.453857
-0.383666 -0.001356 0.923471
0 0 0 0
0 0.217712
-0.01709 6.591797 2.447021
-0.383666 -0.001356 0.923471
0 0 0 0
0 0.217712
0.01709 5.918701 2.412842
0.383666 0.001356 -0.923471
0 0 0 0
0 0.217712
0 5.918701 2.405762
0.383666 0.001356 -0.923471
0 0 0 0
0 0.217712
0 6.591797 2.405762
0.383666 0.001356 -0.923471
0 0 0 0
0 0.217712
0.01709 6.591797 2.412842
0.383666 0.001356 -0.923471
0 0 0 0
0 0.217712
0 6.591797 2.405762
-0.383666 0.001356 -0.923471
0 0 0 0
0 0.217712
0 5.918701 2.405762
-0.383666 0.001356 -0.923471
0 0 0 0
0 0.217712
-0.01709 5.918701 2.412842
-0.383666 0.001356 -0.923471
0 0 0 0
0 0.217712
0 6.591797 2.405762
-0.383666 0.001356 -0.923471
0 0 0 0
0 0.217712
-0.01709 5.918701 2.412842
-0.383666 0.001356 -0.923471
0 0 0 0
0 0.217712
-0.01709 6.591797 2.412842
-0.383666 0.001356 -0.923471
0 0 0 0
0 0.217712
-0.01709 6.591797 2.412842
-0.923391 0.00115 -0.383858
0 0 0 0
0 0.217712
-0.01709 5.918701 2.412842
-0.923391 0.00115 -0.383858
0 0 0 0
0 0.217712
-0.02417 5.918701 2.429932
-0.923391 0.00115 -0.383858
0 0 0 0
0 0.217712
-0.02417 6.591797 2.429932
-0.923391 0.00115 -0.383858
0 0 0 0
0 0.217712
-0.02417 6.591797 2.429932
-0.923391 -0.00115 0.383858
0 0 0 0
0 0.217712
-0.02417 5.918701 2.429932
-0.923391 -0.00115 0.383858
0 0 0 0
0 0.217712
-0.01709 5.918701 2.447021
-0.923391 -0.00115 0.383858
0 0 0 0
0 0.217712
-0.01709 6.591797 2.447021
-0.923391 -0.00115 0.383858
0 0 0 0
0 0.217712
0.01709 6.591797 2.447021
-0.000977 1 -0.000001
0 0 0 0
0 0.217712
0.02417 6.591797 2.429932
-0.000977 1 -0.000001
0 0 0 0
0 0.217712
0.01709 6.591797 2.412842
-0.000977 1 -0.000001
0 0 0 0
0 0.217712
-0.01709 6.591797 2.412842
-0.000977 1 -0.000001
0 0 0 0
0 0.217712
-0.02417 6.591797 2.429932
-0.000977 1 -0.000001
0 0 0 0
0 0.217712
-0.01709 6.591797 2.447021
-0.000977 1 -0.000001
0 0 0 0
0 0.217712
0.01709 6.591797 2.412842
-0.000977 1 -0.000001
0 0 0 0
0 0.217712
0 6.591797 2.405762
-0.000977 1 -0.000001
0 0 0 0
0 0.217712
0 6.591797 2.453857
-0.000977 1 -0.000001
0 0 0 0
0 0.217712
0.01709 6.591797 2.447021
-0.000977 1 -0.000001
0 0 0 0
0 0.217712
-0.01709 6.591797 2.412842
-0.000977 1 -0.000001
0 0 0 0
0 0.217712
-0.01709 6.591797 2.447021
-0.000977 1 -0.000001
0 0 0 0
0 0.217712
0 6.591797 2.405762
-0.000977 1 -0.000001
0 0 0 0
0 0.217712
-0.088623 6.485352 2.380615
0.000978 -1 0.000001
0 0 0 0
0 0.217712
0.088623 6.485352 2.380615
0.000978 -1 0.000001
0 0 0 0
0 0.217712
0.088623 6.485352 2.392578
0.000978 -1 0.000001
0 0 0 0
0 0.217712
-0.088623 6.485352 2.392578
0.000978 -1 0.000001
0 0 0 0
0 0.217712
-0.088623 6.582764 2.380615
-1 -0.000977 0.000001
0 0 0 0
0 0.217712
-0.088623 6.485352 2.380615
-1 -0.000977 0.000001
0 0 0 0
0 0.217712
-0.088623 6.485352 2.392578
-1 -0.000977 0.000001
0 0 0 0
0 0.217712
-0.088623 6.582764 2.392578
-1 -0.000977 0.000001
0 0 0 0
0 0.217712
-0.088623 6.582764 2.392578
-0.001382 -0.001382 0.999998
0 0 0 0
0 0.217712
-0.088623 6.485352 2.392578
-0.001382 -0.001382 0.999998
0 0 0 0
0 0.217712
0.088623 6.485352 2.392578
-0.001382 -0.001382 0.999998
0 0 0 0
0 0.217712
0.088623 6.582764 2.392578
-0.001382 -0.001382 0.999998
0 0 0 0
0 0.217712
0.088623 6.582764 2.392578
-0.000977 1 -0.000001
0 0 0 0
0 0.217712
0.088623 6.582764 2.380615
-0.000977 1 -0.000001
0 0 0 0
0 0.217712
-0.088623 6.582764 2.380615
-0.000977 1 -0.000001
0 0 0 0
0 0.217712
-0.088623 6.582764 2.392578
-0.000977 1 -0.000001
0 0 0 0
0 0.217712
0.088623 6.485352 2.380615
1 0.000978 -0.000001
0 0 0 0
0 0.217712
0.088623 6.582764 2.380615
1 0.000978 -0.000001
0 0 0 0
0 0.217712
0.088623 6.582764 2.392578
1 0.000978 -0.000001
0 0 0 0
0 0.217712
0.088623 6.485352 2.380615
1 0.000978 -0.000001
0 0 0 0
0 0.217712
0.088623 6.582764 2.392578
1 0.000978 -0.000001
0 0 0 0
0 0.217712
0.088623 6.485352 2.392578
1 0.000978 -0.000001
0 0 0 0
0 0.217712
-0.067627 6.205078 2.456787
-1 -0.000977 0.000001
0 0 0 0
0 0.217712
-0.067627 6.205078 2.444824
-1 -0.000977 0.000001
0 0 0 0
0 0.217712
-0.067627 6.172363 2.444824
-1 -0.000977 0.000001
0 0 0 0
0 0.217712
-0.067627 6.172363 2.456787
-1 -0.000977 0.000001
0 0 0 0
0 0.217712
-0.067627 6.172363 2.444824
0.183083 0.001377 -0.983096
0 0 0 0
0 0.217712
-0.067627 6.205078 2.444824
0.183083 0.001377 -0.983096
0 0 0 0
0 0.217712
-0.000244 6.205078 2.457275
0.001382 0.001382 -0.999998
0 0 0 0
0 0.217712
-0.000244 6.172363 2.457275
0.001382 0.001382 -0.999998
0 0 0 0
0 0.217712
-0.067627 6.172363 2.456787
0.000978 -1 0.000001
0 0 0 0
0 0.217712
-0.067627 6.172363 2.444824
0.000978 -1 0.000001
0 0 0 0
0 0.217712
-0.000244 6.172363 2.457275
0.000978 -1 0.000001
0 0 0 0
0 0.217712
-0.000244 6.172363 2.469482
0.000978 -1 0.000001
0 0 0 0
0 0.217712
-0.067627 6.205078 2.456787
-0.183083 -0.001377 0.983097
0 0 0 0
0 0.217712
-0.067627 6.172363 2.456787
-0.183083 -0.001377 0.983097
0 0 0 0
0 0.217712
-0.000244 6.172363 2.469482
-0.001382 -0.001382 0.999998
0 0 0 0
0 0.217712
-0.000244 6.205078 2.469482
-0.001382 -0.001382 0.999998
0 0 0 0
0 0.217712
0.066895 6.172363 2.456787
1 0.000978 -0.000001
0 0 0 0
0 0.217712
0.066895 6.172363 2.444824
1 0.000978 -0.000001
0 0 0 0
0 0.217712
0.066895 6.205078 2.444824
1 0.000978 -0.000001
0 0 0 0
0 0.217712
0.066895 6.205078 2.456787
1 0.000978 -0.000001
0 0 0 0
0 0.217712
0.066895 6.205078 2.444824
-0.183083 0.001377 -0.983097
0 0 0 0
0 0.217712
0.066895 6.172363 2.444824
-0.183083 0.001377 -0.983097
0 0 0 0
0 0.217712
-0.000244 6.172363 2.457275
0.001382 0.001382 -0.999998
0 0 0 0
0 0.217712
-0.000244 6.205078 2.457275
0.001382 0.001382 -0.999998
0 0 0 0
0 0.217712
-0.000244 6.172363 2.457275
0.000978 -1 0.000001
0 0 0 0
0 0.217712
0.066895 6.172363 2.444824
0.000978 -1 0.000001
0 0 0 0
0 0.217712
0.066895 6.172363 2.456787
0.000978 -1 0.000001
0 0 0 0
0 0.217712
-0.000244 6.172363 2.469482
0.000978 -1 0.000001
0 0 0 0
0 0.217712
0.066895 6.172363 2.456787
0.183083 -0.001377 0.983096
0 0 0 0
0 0.217712
0.066895 6.205078 2.456787
0.183083 -0.001377 0.983096
0 0 0 0
0 0.217712
-0.000244 6.205078 2.469482
-0.001382 -0.001382 0.999998
0 0 0 0
0 0.217712
-0.000244 6.172363 2.469482
-0.001382 -0.001382 0.999998
0 0 0 0
0 0.217712
0.066895 6.205078 2.456787
-0.000977 1 -0.000001
0 0 0 0
0 0.217712
0.066895 6.205078 2.444824
-0.000977 1 -0.000001
0 0 0 0
0 0.217712
-0.000244 6.205078 2.457275
-0.000977 1 -0.000001
0 0 0 0
0 0.217712
-0.000244 6.205078 2.469482
-0.000977 1 -0.000001
0 0 0 0
0 0.217712
-0.000244 6.205078 2.457275
-0.000977 1 -0.000001
0 0 0 0
0 0.217712
-0.067627 6.205078 2.444824
-0.000977 1 -0.000001
0 0 0 0
0 0.217712
-0.067627 6.205078 2.456787
-0.000977 1 -0.000001
0 0 0 0
0 0.217712
-0.000244 6.205078 2.469482
-0.000977 1 -0.000001
0 0 0 0
0 0.217712
-0.067627 6.545654 2.456787
-1 -0.000977 0.000001
0 0 0 0
0 0.217712
-0.067627 6.545654 2.444824
-1 -0.000977 0.000001
0 0 0 0
0 0.217712
-0.067627 6.512939 2.444824
-1 -0.000977 0.000001
0 0 0 0
0 0.217712
-0.067627 6.512939 2.456787
-1 -0.000977 0.000001
0 0 0 0
0 0.217712
-0.067627 6.512939 2.444824
0.183083 0.001377 -0.983096
0 0 0 0
0 0.217712
-0.067627 6.545654 2.444824
0.183083 0.001377 -0.983096
0 0 0 0
0 0.217712
-0.000244 6.545654 2.457275
0.001382 0.001382 -0.999998
0 0 0 0
0 0.217712
-0.000244 6.512939 2.457275
0.001382 0.001382 -0.999998
0 0 0 0
0 0.217712
-0.067627 6.512939 2.456787
0.000978 -1 0.000001
0 0 0 0
0 0.217712
-0.067627 6.512939 2.444824
0.000978 -1 0.000001
0 0 0 0
0 0.217712
-0.000244 6.512939 2.457275
0.000978 -1 0.000001
0 0 0 0
0 0.217712
-0.000244 6.512939 2.469482
0.000978 -1 0.000001
0 0 0 0
0 0.217712
-0.000244 6.545654 2.469482
-0.001382 -0.001382 0.999998
0 0 0 0
0 0.217712
-0.067627 6.545654 2.456787
-0.183083 -0.001377 0.983097
0 0 0 0
0 0.217712
-0.067627 6.512939 2.456787
-0.183083 -0.001377 0.983097
0 0 0 0
0 0.217712
-0.000244 6.512939 2.469482
-0.001382 -0.001382 0.999998
0 0 0 0
0 0.217712
0.066895 6.545654 2.456787
1 0.000978 -0.000001
0 0 0 0
0 0.217712
0.066895 6.512939 2.456787
1 0.000978 -0.000001
0 0 0 0
0 0.217712
0.066895 6.512939 2.444824
1 0.000978 -0.000001
0 0 0 0
0 0.217712
0.066895 6.545654 2.444824
1 0.000978 -0.000001
0 0 0 0
0 0.217712
-0.000244 6.545654 2.457275
0.001382 0.001382 -0.999998
0 0 0 0
0 0.217712
0.066895 6.545654 2.444824
-0.183083 0.001377 -0.983097
0 0 0 0
0 0.217712
0.066895 6.512939 2.444824
-0.183083 0.001377 -0.983097
0 0 0 0
0 0.217712
-0.000244 6.545654 2.457275
0.001382 0.001382 -0.999998
0 0 0 0
0 0.217712
0.066895 6.512939 2.444824
-0.183083 0.001377 -0.983097
0 0 0 0
0 0.217712
-0.000244 6.512939 2.457275
0.001382 0.001382 -0.999998
0 0 0 0
0 0.217712
-0.000244 6.512939 2.457275
0.000978 -1 0.000001
0 0 0 0
0 0.217712
0.066895 6.512939 2.444824
0.000978 -1 0.000001
0 0 0 0
0 0.217712
0.066895 6.512939 2.456787
0.000978 -1 0.000001
0 0 0 0
0 0.217712
-0.000244 6.512939 2.469482
0.000978 -1 0.000001
0 0 0 0
0 0.217712
0.066895 6.512939 2.456787
0.183083 -0.001377 0.983096
0 0 0 0
0 0.217712
0.066895 6.545654 2.456787
0.183083 -0.001377 0.983096
0 0 0 0
0 0.217712
-0.000244 6.545654 2.469482
-0.001382 -0.001382 0.999998
0 0 0 0
0 0.217712
0.066895 6.512939 2.456787
0.183083 -0.001377 0.983096
0 0 0 0
0 0.217712
-0.000244 6.545654 2.469482
-0.001382 -0.001382 0.999998
0 0 0 0
0 0.217712
-0.000244 6.512939 2.469482
-0.001382 -0.001382 0.999998
0 0 0 0
0 0.217712
0.066895 6.545654 2.456787
-0.000977 1 -0.000001
0 0 0 0
0 0.217712
0.066895 6.545654 2.444824
-0.000977 1 -0.000001
0 0 0 0
0 0.217712
-0.000244 6.545654 2.457275
-0.000977 1 -0.000001
0 0 0 0
0 0.217712
-0.000244 6.545654 2.469482
-0.000977 1 -0.000001
0 0 0 0
0 0.217712
-0.000244 6.545654 2.457275
-0.000977 1 -0.000001
0 0 0 0
0 0.217712
-0.067627 6.545654 2.444824
-0.000977 1 -0.000001
0 0 0 0
0 0.217712
-0.067627 6.545654 2.456787
-0.000977 1 -0.000001
0 0 0 0
0 0.217712
-0.000244 6.545654 2.469482
-0.000977 1 -0.000001
0 0 0 0
0 0.217712
0.067627 6.545654 2.402832
1 0.000978 -0.000001
0 0 0 0
0 0.217712
0.067627 6.545654 2.415039
1 0.000978 -0.000001
0 0 0 0
0 0.217712
0.067627 6.512939 2.415039
1 0.000978 -0.000001
0 0 0 0
0 0.217712
0.067627 6.512939 2.402832
1 0.000978 -0.000001
0 0 0 0
0 0.217712
0.000244 6.512939 2.402588
-0.001382 -0.001382 0.999998
0 0 0 0
0 0.217712
0.067627 6.512939 2.415039
-0.183083 -0.001377 0.983097
0 0 0 0
0 0.217712
0.067627 6.545654 2.415039
-0.183083 -0.001377 0.983097
0 0 0 0
0 0.217712
0.067627 6.512939 2.402832
0.000978 -1 0.000001
0 0 0 0
0 0.217712
0.067627 6.512939 2.415039
0.000978 -1 0.000001
0 0 0 0
0 0.217712
0.000244 6.512939 2.402588
0.000978 -1 0.000001
0 0 0 0
0 0.217712
0.000244 6.512939 2.390381
0.000978 -1 0.000001
0 0 0 0
0 0.217712
0.000244 6.545654 2.390381
0.001382 0.001382 -0.999998
0 0 0 0
0 0.217712
0.067627 6.545654 2.402832
0.183083 0.001377 -0.983096
0 0 0 0
0 0.217712
0.067627 6.512939 2.402832
0.183083 0.001377 -0.983096
0 0 0 0
0 0.217712
0.000244 6.545654 2.390381
0.001382 0.001382 -0.999998
0 0 0 0
0 0.217712
0.067627 6.512939 2.402832
0.183083 0.001377 -0.983096
0 0 0 0
0 0.217712
0.000244 6.512939 2.390381
0.001382 0.001382 -0.999998
0 0 0 0
0 0.217712
-0.066895 6.512939 2.402832
-1 -0.000977 0.000001
0 0 0 0
0 0.217712
-0.066895 6.512939 2.415039
-1 -0.000977 0.000001
0 0 0 0
0 0.217712
-0.066895 6.545654 2.415039
-1 -0.000977 0.000001
0 0 0 0
0 0.217712
-0.066895 6.545654 2.402832
-1 -0.000977 0.000001
0 0 0 0
0 0.217712
-0.066895 6.545654 2.415039
0.183083 -0.001377 0.983096
0 0 0 0
0 0.217712
-0.066895 6.512939 2.415039
0.183083 -0.001377 0.983096
0 0 0 0
0 0.217712
0.000244 6.512939 2.402588
-0.001382 -0.001382 0.999998
0 0 0 0
0 0.217712
0.000244 6.545654 2.402588
-0.001382 -0.001382 0.999998
0 0 0 0
0 0.217712
0.000244 6.512939 2.402588
0.000978 -1 0.000001
0 0 0 0
0 0.217712
-0.066895 6.512939 2.415039
0.000978 -1 0.000001
0 0 0 0
0 0.217712
-0.066895 6.512939 2.402832
0.000978 -1 0.000001
0 0 0 0
0 0.217712
0.000244 6.512939 2.390381
0.000978 -1 0.000001
0 0 0 0
0 0.217712
0.000244 6.512939 2.402588
-0.001382 -0.001382 0.999998
0 0 0 0
0 0.217712
0.067627 6.545654 2.415039
-0.183083 -0.001377 0.983097
0 0 0 0
0 0.217712
0.000244 6.545654 2.402588
-0.001382 -0.001382 0.999998
0 0 0 0
0 0.217712
-0.066895 6.512939 2.402832
-0.183083 0.001377 -0.983097
0 0 0 0
0 0.217712
-0.066895 6.545654 2.402832
-0.183083 0.001377 -0.983097
0 0 0 0
0 0.217712
0.000244 6.545654 2.390381
0.001382 0.001382 -0.999998
0 0 0 0
0 0.217712
0.000244 6.512939 2.390381
0.001382 0.001382 -0.999998
0 0 0 0
0 0.217712
-0.066895 6.545654 2.402832
-0.000977 1 -0.000001
0 0 0 0
0 0.217712
-0.066895 6.545654 2.415039
-0.000977 1 -0.000001
0 0 0 0
0 0.217712
0.000244 6.545654 2.402588
-0.000977 1 -0.000001
0 0 0 0
0 0.217712
0.000244 6.545654 2.390381
-0.000977 1 -0.000001
0 0 0 0
0 0.217712
0.000244 6.545654 2.402588
-0.000977 1 -0.000001
0 0 0 0
0 0.217712
0.067627 6.545654 2.415039
-0.000977 1 -0.000001
0 0 0 0
0 0.217712
0.067627 6.545654 2.402832
-0.000977 1 -0.000001
0 0 0 0
0 0.217712
0.000244 6.545654 2.390381
-0.000977 1 -0.000001
0 0 0 0
0 0.217712
-0.109131 6.781494 2.333008
-1 0.000978 0.000001
0 0 0 0
0 0.217712
-0.109131 6.781494 2.294434
-1 0.000978 -0.000001
0 0 0 0
0 0.217712
-0.109131 6.763672 2.294434
-1 -0.000977 0.000001
0 0 0 0
0 0.217712
-0.109131 6.763672 2.333008
-1 -0.000977 0.000001
0 0 0 0
0 0.217712
0.109375 6.763672 2.294434
0.001382 0.001382 -0.999998
0 0 0 0
0 0.217712
-0.109131 6.763672 2.294434
0.001382 0.001382 -0.999998
0 0 0 0
0 0.217712
-0.109131 6.781494 2.294434
0.001382 0.001382 -0.999998
0 0 0 0
0 0.217712
0.109375 6.781494 2.294434
1 0.000978 -0.000001
0 0 0 0
0 0.217712
0.109375 6.763672 2.333008
1 0.000978 -0.000001
0 0 0 0
0 0.217712
0.109375 6.763672 2.294434
1 0.000978 -0.000001
0 0 0 0
0 0.217712
0.109375 6.781494 2.333008
1 0.000978 -0.000001
0 0 0 0
0 0.217712
0.109375 6.763672 2.294434
0.001382 0.001382 -0.999998
0 0 0 0
0 0.217712
-0.109131 6.781494 2.294434
0.001382 0.001382 -0.999998
0 0 0 0
0 0.217712
0.109375 6.781494 2.294434
0.001382 0.001382 -0.999998
0 0 0 0
0 0.217712
0.109375 6.1521 2.333008
1 -0.000977 -0.000001
0 0 0 0
0 0.217712
0.109375 6.1521 2.294434
1 -0.000977 0.000001
0 0 0 0
0 0.217712
0.109375 6.162354 2.294434
1 0.000978 -0.000001
0 0 0 0
0 0.217712
0.109375 6.162354 2.333008
1 0.000978 -0.000001
0 0 0 0
0 0.217712
0.109375 6.1521 2.294434
0.001382 0.001382 -0.999998
0 0 0 0
0 0.217712
-0.109131 6.1521 2.294434
0.001382 0.001382 -0.999998
0 0 0 0
0 0.217712
-0.109131 6.162354 2.294434
0.001382 0.001382 -0.999998
0 0 0 0
0 0.217712
0.109375 6.162354 2.294434
0.001382 0.001382 -0.999998
0 0 0 0
0 0.217712
-0.109131 6.1521 2.294434
-1 0.000978 0.000001
0 0 0 0
0 0.217712
-0.109131 6.1521 2.333008
-1 0.000978 0.000001
0 0 0 0
0 0.217712
-0.109131 6.162354 2.333008
-1 -0.000977 0.000001
0 0 0 0
0 0.217712
-0.109131 6.162354 2.294434
-1 -0.000977 0.000001
0 0 0 0
0 0.217712
-0.109375 6.162354 2.391113
-1 0.000978 0.000001
0 0 0 0
0 0.217712
-0.109131 6.162354 2.333008
-1 -0.000977 0.000001
0 0 0 0
0 0.217712
-0.109131 6.1521 2.333008
-1 0.000978 0.000001
0 0 0 0
0 0.217712
-0.109375 6.1521 2.391113
-1 0.000978 0.000001
0 0 0 0
0 0.217712
-0.109375 6.162354 2.391113
-0.001382 -0.001382 0.999998
0 0 0 0
0 0.217712
-0.109375 6.1521 2.391113
-0.001382 -0.001382 0.999998
0 0 0 0
0 0.217712
0.109375 6.1521 2.391113
-0.001382 -0.001382 0.999998
0 0 0 0
0 0.217712
-0.109375 6.162354 2.391113
-0.001382 -0.001382 0.999998
0 0 0 0
0 0.217712
0.109375 6.1521 2.391113
-0.001382 -0.001382 0.999998
0 0 0 0
0 0.217712
0.109375 6.162354 2.391113
-0.001382 -0.001382 0.999998
0 0 0 0
0 0.217712
-0.109375 6.781494 2.391113
-1 0.000978 0.000001
0 0 0 0
0 0.217712
-0.109131 6.781494 2.333008
-1 0.000978 0.000001
0 0 0 0
0 0.217712
-0.109131 6.763672 2.333008
-1 -0.000977 0.000001
0 0 0 0
0 0.217712
-0.109375 6.763672 2.391113
-1 0.000978 0.000001
0 0 0 0
0 0.217712
-0.109375 6.763672 2.391113
-0.001382 -0.001382 0.999998
0 0 0 0
0 0.217712
0.109375 6.781494 2.391113
-0.001382 -0.001382 0.999998
0 0 0 0
0 0.217712
-0.109375 6.781494 2.391113
-0.001382 -0.001382 0.999998
0 0 0 0
0 0.217712
0.109375 6.763672 2.391113
-0.001382 -0.001382 0.999998
0 0 0 0
0 0.217712
0.109375 6.763672 2.391113
1 0.000978 -0.000001
0 0 0 0
0 0.217712
0.109375 6.763672 2.333008
1 0.000978 -0.000001
0 0 0 0
0 0.217712
0.109375 6.781494 2.333008
1 0.000978 -0.000001
0 0 0 0
0 0.217712
0.109375 6.781494 2.391113
1 0.000978 -0.000001
0 0 0 0
0 0.217712
0.109375 6.1521 2.391113
1 0.000978 -0.000001
0 0 0 0
0 0.217712
0.109375 6.1521 2.333008
1 -0.000977 -0.000001
0 0 0 0
0 0.217712
0.109375 6.162354 2.333008
1 0.000978 -0.000001
0 0 0 0
0 0.217712
0.109375 6.162354 2.391113
1 0.000978 -0.000001
0 0 0 0
0 0.217712
0.056396 6.523193 2.463623
0.382323 -0.924029 0.000595
0 0 0 0
0 0.217712
0.056396 6.523193 2.396484
0.382323 -0.924029 0.000595
0 0 0 0
0 0.217712
0.064941 6.526611 2.396484
0.382323 -0.924029 0.000595
0 0 0 0
0 0.217712
0.064941 6.526611 2.463623
0.382323 -0.924029 0.000595
0 0 0 0
0 0.217712
0.052734 6.531738 2.463623
-0.924029 -0.382323 -0.000595
0 0 0 0
0 0.217712
0.056396 6.523193 2.396484
-0.924029 -0.382323 -0.000595
0 0 0 0
0 0.217712
0.056396 6.523193 2.463623
-0.924029 -0.382323 -0.000595
0 0 0 0
0 0.217712
0.052734 6.531738 2.396484
-0.924029 -0.382323 -0.000595
0 0 0 0
0 0.217712
0.056396 6.523193 2.463623
-0.001382 -0.001382 0.999998
0 0 0 0
0 0.217712
0.064941 6.526611 2.463623
-0.001382 -0.001382 0.999998
0 0 0 0
0 0.217712
0.052734 6.531738 2.463623
-0.001382 -0.001382 0.999998
0 0 0 0
0 0.217712
0.061279 6.535156 2.463623
-0.001382 -0.001382 0.999998
0 0 0 0
0 0.217712
0.064941 6.526611 2.396484
0.924029 0.382323 0.000595
0 0 0 0
0 0.217712
0.061279 6.535156 2.463623
0.924029 0.382323 0.000595
0 0 0 0
0 0.217712
0.064941 6.526611 2.463623
0.924029 0.382323 0.000595
0 0 0 0
0 0.217712
0.061279 6.535156 2.396484
0.924029 0.382323 0.000595
0 0 0 0
0 0.217712
0.061279 6.535156 2.396484
-0.382323 0.924029 -0.000595
0 0 0 0
0 0.217712
0.052734 6.531738 2.463623
-0.382323 0.924029 -0.000595
0 0 0 0
0 0.217712
0.061279 6.535156 2.463623
-0.382323 0.924029 -0.000595
0 0 0 0
0 0.217712
0.052734 6.531738 2.396484
-0.382323 0.924029 -0.000595
0 0 0 0
0 0.217712
0.061279 6.535156 2.396484
0.001382 -0.001382 -0.999998
0 0 0 0
0 0.217712
0.064941 6.526611 2.396484
0.001382 -0.001382 -0.999998
0 0 0 0
0 0.217712
0.056396 6.523193 2.396484
0.001382 -0.001382 -0.999998
0 0 0 0
0 0.217712
0.061279 6.535156 2.396484
0.001382 -0.001382 -0.999998
0 0 0 0
0 0.217712
0.056396 6.523193 2.396484
0.001382 -0.001382 -0.999998
0 0 0 0
0 0.217712
0.052734 6.531738 2.396484
0.001382 -0.001382 -0.999998
0 0 0 0
0 0.217712
-0.035156 0.377197 1.574219
-1 0.000978 -0.000001
0 0 0 0
1.000732 0.028748
-0.035156 0.867188 2.04126
-1 0.000978 -0.000001
0 0 0 0
-0.000732 0.002502
-0.035156 0.389648 1.561768
-1 0.000978 -0.000001
0 0 0 0
1.000732 0.002502
-0.035156 0.854736 2.053711
-1 0.000978 -0.000001
0 0 0 0
-0.000732 0.028748
-0.026123 0.377197 1.574219
0.001277 -0.706425 -0.707786
0 0 0 0
0.246704 0.996094
-0.035156 0.377197 1.574219
0.001277 -0.706425 -0.707786
0 0 0 0
0.221802 0.996094
-0.035156 0.389648 1.561768
0.001277 -0.706425 -0.707786
0 0 0 0
0.221802 0.907837
-0.026123 0.389648 1.561768
0.001277 -0.706425 -0.707786
0 0 0 0
0.246704 0.907837
-0.026123 0.389648 1.561768
0.001277 0.708541 -0.705669
0 0 0 0
-0.000732 0.028748
-0.035156 0.389648 1.561768
0.001277 0.708541 -0.705669
0 0 0 0
-0.000732 0.002502
-0.035156 0.867188 2.04126
0.001277 0.708541 -0.705669
0 0 0 0
1.000732 0.002502
-0.026123 0.867188 2.04126
0.001277 0.708541 -0.705669
0 0 0 0
1.000732 0.028748
-0.026123 0.867188 2.04126
0.001277 0.706425 0.707786
0 0 0 0
0.246643 0.996094
-0.035156 0.867188 2.04126
0.001277 0.706425 0.707786
0 0 0 0
0.221802 0.996094
-0.035156 0.854736 2.053711
0.001277 0.706425 0.707786
0 0 0 0
0.221802 0.907837
-0.026123 0.854736 2.053711
0.001277 0.706425 0.707786
0 0 0 0
0.246643 0.907837
-0.026123 0.854736 2.053711
0.001277 -0.708541 0.705669
0 0 0 0
-0.000732 0.028748
-0.035156 0.854736 2.053711
0.001277 -0.708541 0.705669
0 0 0 0
-0.000732 0.002502
-0.035156 0.377197 1.574219
0.001277 -0.708541 0.705669
0 0 0 0
1.000732 0.002502
-0.026123 0.377197 1.574219
0.001277 -0.708541 0.705669
0 0 0 0
1.000732 0.028748
0.004395 -0.280518 2.463623
0.866004 -0.500032 -0.002086
0 0 0 0
0.000854 0.357849
0.004639 -0.280518 2.632324
0.866004 -0.500032 -0.002086
0 0 0 0
0.999146 0.357849
0 -0.282959 2.632324
0.000978 -1 -0.000001
0 0 0 0
0.999146 0.340149
0 -0.282959 2.463623
-0.000977 -1 -0.000001
0 0 0 0
0.000854 0.340149
-0.004395 -0.280518 2.632324
-0.866004 -0.500032 0.002086
0 0 0 0
0.999146 0.320068
-0.004639 -0.280518 2.463623
-0.866004 -0.500032 0.002086
0 0 0 0
0.000854 0.320068
-0.004639 -0.275391 2.463623
-0.866004 0.500032 0.002086
0 0 0 0
0.000854 0.299988
-0.004395 -0.275391 2.632324
-0.866004 0.500032 0.002086
0 0 0 0
0.999146 0.299988
0 -0.272705 2.463623
-0.000977 1 -0.000001
0 0 0 0
0.000854 0.279907
0 -0.272705 2.632324
0.000978 1 -0.000001
0 0 0 0
0.999146 0.279907
0.004395 -0.275391 2.463623
0.866004 0.500032 -0.002086
0 0 0 0
0.000854 0.259827
0.004639 -0.275391 2.632324
0.866004 0.500032 -0.002086
0 0 0 0
0.999146 0.259827
0.004395 -0.280518 2.463623
0.866004 -0.500032 -0.002086
0 0 0 0
0.000854 0.242188
0.004639 -0.280518 2.632324
0.866004 -0.500032 -0.002086
0 0 0 0
0.999146 0.242188
0.004395 -0.280518 2.463623
0.001382 0.001382 -0.999998
0 0 0 0
0.121887 0.936218
0 -0.282959 2.463623
-0.001382 0.001382 -0.999998
0 0 0 0
0.121887 0.921875
0 -0.277832 2.463623
-0.001382 0.001382 -0.999998
0 0 0 0
0.109497 0.929016
0.004395 -0.275391 2.463623
0.001382 0.001382 -0.999998
0 0 0 0
0.109497 0.943359
0 -0.272705 2.463623
-0.001382 0.001382 -0.999998
0 0 0 0
0.097107 0.936157
-0.004639 -0.275391 2.463623
-0.001382 0.001382 -0.999998
0 0 0 0
0.097107 0.921875
-0.004639 -0.280518 2.463623
-0.001382 0.001382 -0.999998
0 0 0 0
0.109497 0.914734
0.004639 -0.280518 2.632324
0.001382 0.001382 0.999998
0 0 0 0
0.109497 0.943359
0.004639 -0.275391 2.632324
-0.001382 0.001382 0.999998
0 0 0 0
0.121887 0.936157
0 -0.277832 2.632324
0.001382 0.001382 0.999998
0 0 0 0
0.109497 0.929016
0 -0.282959 2.632324
0.001382 0.001382 0.999998
0 0 0 0
0.097107 0.936218
-0.004395 -0.280518 2.632324
0.001382 0.001382 0.999998
0 0 0 0
0.097107 0.921875
-0.004395 -0.275391 2.632324
0.001382 0.001382 0.999998
0 0 0 0
0.109497 0.914734
0 -0.272705 2.632324
0.001382 0.001382 0.999998
0 0 0 0
0.121887 0.921875
0.004395 -0.342773 2.491211
0.866004 -0.500032 -0.002086
0 0 0 0
0.000854 0.357849
0.004639 -0.342773 2.604736
0.866004 -0.500032 -0.002086
0 0 0 0
0.999146 0.357849
0 -0.345459 2.604736
0.000978 -1 -0.000001
0 0 0 0
0.999146 0.340149
0 -0.345459 2.491211
-0.000977 -1 -0.000001
0 0 0 0
0.000854 0.340149
-0.069824 -0.07373 1.292725
0.80959 0.586731 -0.017642
0 0 0 0
0 0.65155
-0.062988 -0.066406 1.875
0.808683 0.588044 -0.015364
0 0 0 0
1 0.65155
-0.071533 -0.060303 1.875
0.310274 0.950523 -0.015364
0 0 0 0
1 0.675781
-0.079346 -0.066895 1.292725
0.307926 0.951323 -0.012872
0 0 0 0
0 0.675781
-0.082031 -0.060303 1.875
-0.305018 0.952323 -0.006657
0 0 0 0
1 0.700012
-0.091064 -0.066895 1.292725
-0.312692 0.949838 -0.005549
0 0 0 0
0 0.700012
-0.090576 -0.066406 1.875
-0.806643 0.591015 0.005342
0 0 0 0
1 0.724243
-0.100342 -0.07373 1.292725
-0.810794 0.585301 0.005916
0 0 0 0
0 0.724243
-0.09375 -0.076416 1.875
-0.999874 0.002955 0.015571
0 0 0 0
1 0.748474
-0.104004 -0.084717 1.292725
-0.999807 -0.002961 0.019446
0 0 0 0
0 0.748474
-0.090576 -0.086426 1.875
-0.809759 -0.586309 0.023047
0 0 0 0
1 0.772705
-0.100342 -0.095703 1.292725
-0.80812 -0.588533 0.023903
0 0 0 0
0 0.772705
-0.091064 -0.102539 1.292725
-0.310837 -0.950272 0.019049
0 0 0 0
0 0.796875
-0.082031 -0.092773 1.875
-0.30725 -0.951387 0.021441
0 0 0 0
1 0.796936
-0.079346 -0.102539 1.292725
0.305579 -0.95211 0.010365
0 0 0 0
0 0.821106
-0.071533 -0.092773 1.875
0.312059 -0.949957 0.014156
0 0 0 0
1 0.821106
-0.0625 -0.085938 1.917725
0.806405 -0.591364 0.000116
0 0 0 0
0 0.603088
-0.063477 -0.082275 2.482422
0.312059 -0.949957 0.014156
0 0 0 0
1 0.578857
-0.071045 -0.092041 1.917725
0.305579 -0.95211 0.010365
0 0 0 0
0 0.578857
-0.055908 -0.076904 2.482422
0.811476 -0.58438 -0.002751
0 0 0 0
1 0.603088
-0.059326 -0.075928 1.917725
0.999927 -0.00295 -0.011687
0 0 0 0
0 0.627319
-0.052979 -0.067871 2.482422
0.999927 0.00295 -0.011687
0 0 0 0
1 0.627319
-0.0625 -0.065918 1.917725
0.80959 0.586731 -0.017642
0 0 0 0
0 0.65155
-0.055908 -0.059082 2.482422
0.808683 0.588044 -0.015364
0 0 0 0
1 0.65155
-0.063477 -0.053467 2.482422
0.310274 0.950523 -0.015364
0 0 0 0
1 0.675781
-0.071045 -0.059814 1.917725
0.307926 0.951323 -0.012872
0 0 0 0
0 0.675781
-0.072754 -0.053467 2.482422
-0.305018 0.952323 -0.006657
0 0 0 0
1 0.700012
-0.081299 -0.059814 1.917725
-0.312692 0.949838 -0.005549
0 0 0 0
0 0.700012
-0.080322 -0.059082 2.482422
-0.806643 0.591015 0.005342
0 0 0 0
1 0.724243
-0.089844 -0.065918 1.917725
-0.810794 0.585301 0.005916
0 0 0 0
0 0.724243
-0.083252 -0.067871 2.482422
-0.999874 0.002955 0.015571
0 0 0 0
1 0.748474
-0.093018 -0.075928 1.917725
-0.999807 -0.002961 0.019446
0 0 0 0
0 0.748474
-0.080322 -0.076904 2.482422
-0.809759 -0.586309 0.023047
0 0 0 0
1 0.772705
-0.089844 -0.085938 1.917725
-0.80812 -0.588533 0.023903
0 0 0 0
0 0.772705
-0.081299 -0.092041 1.917725
-0.310837 -0.950272 0.019049
0 0 0 0
0 0.796875
-0.072754 -0.082275 2.482422
-0.30725 -0.951387 0.021441
0 0 0 0
1 0.796936
-0.071045 -0.092041 1.917725
0.305579 -0.95211 0.010365
0 0 0 0
0 0.821106
-0.063477 -0.082275 2.482422
0.312059 -0.949957 0.014156
0 0 0 0
1 0.821106
0.112061 -0.106445 0.625
0.809759 -0.586309 0.023047
0 0 0 0
1 0.603088
0.101562 -0.114014 0.625
0.30725 -0.951387 0.021441
0 0 0 0
1 0.578857
0.109863 -0.123535 0.060547
0.310837 -0.950272 0.019049
0 0 0 0
0 0.578857
0.121338 -0.115479 0.060547
0.80812 -0.588533 0.023903
0 0 0 0
0 0.603088
0.125488 -0.102051 0.060547
0.999874 -0.002955 0.01557
0 0 0 0
0 0.627319
0.115967 -0.094238 0.625
0.999874 0.002955 0.01557
0 0 0 0
1 0.627319
0.121338 -0.088623 0.060547
0.810794 0.585301 0.005916
0 0 0 0
0 0.65155
0.112061 -0.081787 0.625
0.806643 0.591015 0.005342
0 0 0 0
1 0.65155
0.109863 -0.080566 0.060547
0.312692 0.949838 -0.005549
0 0 0 0
0 0.675781
0.101562 -0.074219 0.625
0.305018 0.952323 -0.006657
0 0 0 0
1 0.675781
0.095947 -0.080566 0.060547
-0.307926 0.951323 -0.012872
0 0 0 0
0 0.700012
0.088623 -0.074219 0.625
-0.310274 0.950523 -0.015364
0 0 0 0
1 0.700012
0.084473 -0.088623 0.060547
-0.80959 0.586731 -0.017642
0 0 0 0
0 0.724243
0.078125 -0.081787 0.625
-0.808683 0.588044 -0.015364
0 0 0 0
1 0.724243
0.074219 -0.094238 0.625
-0.999927 0.00295 -0.011687
0 0 0 0
1 0.748474
0.080322 -0.102051 0.060547
-0.999927 -0.00295 -0.011687
0 0 0 0
0 0.748474
0.078125 -0.106445 0.625
-0.81055 -0.585669 0.000465
0 0 0 0
1 0.772705
0.084473 -0.115479 0.060547
-0.806405 -0.591364 -0.000116
0 0 0 0
0 0.772705
0.088623 -0.114014 0.625
-0.312059 -0.949957 0.014156
0 0 0 0
1 0.796936
0.095947 -0.123535 0.060547
-0.305579 -0.95211 0.010365
0 0 0 0
0 0.796875
0.101562 -0.114014 0.625
0.30725 -0.951387 0.021441
0 0 0 0
1 0.821106
0.109863 -0.123535 0.060547
0.310837 -0.950272 0.019049
0 0 0 0
0 0.821106
0.101807 -0.096436 1.25
0.80886 -0.587634 0.020776
0 0 0 0
1 0.603088
0.092285 -0.103271 1.25
0.30725 -0.951387 0.021441
0 0 0 0
1 0.578857
0.10083 -0.113281 0.667725
0.310837 -0.950272 0.019049
0 0 0 0
0 0.578857
0.111328 -0.105713 0.667725
0.80812 -0.588533 0.023903
0 0 0 0
0 0.603088
0.115234 -0.093506 0.667725
0.999874 -0.002955 0.01557
0 0 0 0
0 0.627319
0.105469 -0.085449 1.25
0.999874 0.002955 0.01557
0 0 0 0
1 0.627319
0.111328 -0.081299 0.667725
0.810794 0.585301 0.005916
0 0 0 0
0 0.65155
0.101807 -0.074219 1.25
0.806643 0.591015 0.005342
0 0 0 0
1 0.65155
0.10083 -0.07373 0.667725
0.312692 0.949838 -0.005549
0 0 0 0
0 0.675781
0.092285 -0.067383 1.25
0.305018 0.952323 -0.006657
0 0 0 0
1 0.675781
0.088135 -0.07373 0.667725
-0.307926 0.951323 -0.012872
0 0 0 0
0 0.700012
0.080566 -0.067383 1.25
-0.310274 0.950523 -0.015364
0 0 0 0
1 0.700012
0.077637 -0.081299 0.667725
-0.80959 0.586731 -0.017642
0 0 0 0
0 0.724243
0.071045 -0.074219 1.25
-0.808683 0.588044 -0.015364
0 0 0 0
1 0.724243
0.067383 -0.085449 1.25
-0.999927 0.00295 -0.011687
0 0 0 0
1 0.748474
0.07373 -0.093506 0.667725
-0.999927 -0.00295 -0.011687
0 0 0 0
0 0.748474
0.071045 -0.096436 1.25
-0.81055 -0.585669 0.000465
0 0 0 0
1 0.772705
0.077637 -0.105713 0.667725
-0.806405 -0.591364 -0.000116
0 0 0 0
0 0.772705
0.080566 -0.103271 1.25
-0.312059 -0.949957 0.014156
0 0 0 0
1 0.796936
0.088135 -0.113281 0.667725
-0.305579 -0.95211 0.010365
0 0 0 0
0 0.796875
0.092285 -0.103271 1.25
0.30725 -0.951387 0.021441
0 0 0 0
1 0.821106
0.10083 -0.113281 0.667725
0.310837 -0.950272 0.019049
0 0 0 0
0 0.821106
0.091553 -0.086426 1.875
0.80886 -0.587634 0.020776
0 0 0 0
1 0.603088
0.083008 -0.092773 1.875
0.30725 -0.951387 0.021441
0 0 0 0
1 0.578857
0.091553 -0.102539 1.292725
0.310837 -0.950272 0.019049
0 0 0 0
0 0.578857
0.101074 -0.095703 1.292725
0.80812 -0.588533 0.023903
0 0 0 0
0 0.603088
0.104736 -0.084717 1.292725
0.999874 -0.002955 0.01557
0 0 0 0
0 0.627319
0.094727 -0.076416 1.875
0.999874 0.002955 0.01557
0 0 0 0
1 0.627319
0.101074 -0.07373 1.292725
0.810794 0.585301 0.005916
0 0 0 0
0 0.65155
0.091553 -0.066406 1.875
0.806643 0.591015 0.005342
0 0 0 0
1 0.65155
0.091553 -0.066895 1.292725
0.312692 0.949838 -0.005549
0 0 0 0
0 0.675781
0.083008 -0.060303 1.875
0.305018 0.952323 -0.006657
0 0 0 0
1 0.675781
0.080078 -0.066895 1.292725
-0.307926 0.951323 -0.012872
0 0 0 0
0 0.700012
0.07251 -0.060303 1.875
-0.310274 0.950523 -0.015364
0 0 0 0
1 0.700012
0.070557 -0.07373 1.292725
-0.80959 0.586731 -0.017642
0 0 0 0
0 0.724243
0.063965 -0.066406 1.875
-0.808683 0.588044 -0.015364
0 0 0 0
1 0.724243
0.060547 -0.076416 1.875
-0.999927 0.00295 -0.011687
0 0 0 0
1 0.748474
0.066895 -0.084717 1.292725
-0.999927 -0.00295 -0.011687
0 0 0 0
0 0.748474
0.063965 -0.086426 1.875
-0.81055 -0.585669 0.000465
0 0 0 0
1 0.772705
0.070557 -0.095703 1.292725
-0.806405 -0.591364 -0.000116
0 0 0 0
0 0.772705
0.07251 -0.092773 1.875
-0.312059 -0.949957 0.014156
0 0 0 0
1 0.796936
0.080078 -0.102539 1.292725
-0.305579 -0.95211 0.010365
0 0 0 0
0 0.796875
0.083008 -0.092773 1.875
0.30725 -0.951387 0.021441
0 0 0 0
1 0.821106
0.091553 -0.102539 1.292725
0.310837 -0.950272 0.019049
0 0 0 0
0 0.821106
0.081543 -0.076904 2.482422
0.809759 -0.586309 0.023047
0 0 0 0
1 0.603088
0.073975 -0.082275 2.482422
0.30725 -0.951387 0.021441
0 0 0 0
1 0.578857
0.082275 -0.092041 1.917725
0.310837 -0.950272 0.019049
0 0 0 0
0 0.578857
0.09082 -0.085938 1.917725
0.80812 -0.588533 0.023903
0 0 0 0
0 0.603088
0.093994 -0.075928 1.917725
0.999874 -0.002955 0.01557
0 0 0 0
0 0.627319
0.084473 -0.067871 2.482422
0.999874 0.002955 0.01557
0 0 0 0
1 0.627319
0.09082 -0.065918 1.917725
0.810794 0.585301 0.005916
0 0 0 0
0 0.65155
0.081543 -0.059082 2.482422
0.806643 0.591015 0.005342
0 0 0 0
1 0.65155
0.082275 -0.059814 1.917725
0.312692 0.949838 -0.005549
0 0 0 0
0 0.675781
0.073975 -0.053467 2.482422
0.305018 0.952323 -0.006657
0 0 0 0
1 0.675781
0.071777 -0.059814 1.917725
-0.307926 0.951323 -0.012872
0 0 0 0
0 0.700012
0.064697 -0.053467 2.482422
-0.310274 0.950523 -0.015364
0 0 0 0
1 0.700012
0.063477 -0.065918 1.917725
-0.80959 0.586731 -0.017642
0 0 0 0
0 0.724243
0.057129 -0.059082 2.482422
-0.808683 0.588044 -0.015364
0 0 0 0
1 0.724243
0.054199 -0.067871 2.482422
-0.999927 0.00295 -0.011687
0 0 0 0
1 0.748474
0.060303 -0.075928 1.917725
-0.999927 -0.00295 -0.011687
0 0 0 0
0 0.748474
0.057129 -0.076904 2.482422
-0.81055 -0.585669 0.000465
0 0 0 0
1 0.772705
0.063477 -0.085938 1.917725
-0.806405 -0.591364 -0.000116
0 0 0 0
0 0.772705
0.064697 -0.082275 2.482422
-0.312059 -0.949957 0.014156
0 0 0 0
1 0.796936
0.071777 -0.092041 1.917725
-0.305579 -0.95211 0.010365
0 0 0 0
0 0.796875
0.073975 -0.082275 2.482422
0.30725 -0.951387 0.021441
0 0 0 0
1 0.821106
0.082275 -0.092041 1.917725
0.310837 -0.950272 0.019049
0 0 0 0
0 0.821106
0.081543 0.059814 2.482422
0.806643 -0.591015 0.005342
0 0 0 0
1 0.603088
0.073975 0.054443 2.482422
0.305018 -0.952323 -0.006657
0 0 0 0
1 0.578857
0.082275 0.060791 1.917725
0.312692 -0.949838 -0.005549
0 0 0 0
0 0.578857
0.09082 0.066895 1.917725
0.810794 -0.585301 0.005916
0 0 0 0
0 0.603088
0.084473 0.068848 2.482422
0.999874 -0.002955 0.01557
0 0 0 0
1 0.627319
0.093994 0.07666 1.917725
0.999874 0.002955 0.01557
0 0 0 0
0 0.627319
0.081543 0.077637 2.482422
0.809759 0.586309 0.023047
0 0 0 0
1 0.65155
0.09082 0.08667 1.917725
0.80812 0.588533 0.023903
0 0 0 0
0 0.65155
0.082275 0.092773 1.917725
0.310837 0.950272 0.019049
0 0 0 0
0 0.675781
0.073975 0.083252 2.482422
0.30725 0.951387 0.021441
0 0 0 0
1 0.675781
0.071777 0.092773 1.917725
-0.305579 0.95211 0.010365
0 0 0 0
0 0.700012
0.064697 0.083252 2.482422
-0.312059 0.949957 0.014156
0 0 0 0
1 0.700012
0.063477 0.08667 1.917725
-0.806405 0.591364 -0.000116
0 0 0 0
0 0.724243
0.057129 0.077637 2.482422
-0.81055 0.585669 0.000465
0 0 0 0
1 0.724243
0.060303 0.07666 1.917725
-0.999927 0.00295 -0.011687
0 0 0 0
0 0.748474
0.054199 0.068848 2.482422
-0.999927 -0.00295 -0.011687
0 0 0 0
1 0.748474
0.063477 0.066895 1.917725
-0.80959 -0.586731 -0.017642
0 0 0 0
0 0.772705
0.057129 0.059814 2.482422
-0.808683 -0.588044 -0.015364
0 0 0 0
1 0.772705
0.064697 0.054443 2.482422
-0.310274 -0.950523 -0.015364
0 0 0 0
1 0.796936
0.071777 0.060791 1.917725
-0.307926 -0.951323 -0.012872
0 0 0 0
0 0.796875
0.073975 0.054443 2.482422
0.305018 -0.952323 -0.006657
0 0 0 0
1 0.821106
0.082275 0.060791 1.917725
0.312692 -0.949838 -0.005549
0 0 0 0
0 0.821106
0.091553 0.067383 1.875
0.806643 -0.591015 0.005342
0 0 0 0
1 0.603088
0.083008 0.061035 1.875
0.305018 -0.952323 -0.006657
0 0 0 0
1 0.578857
0.091553 0.067627 1.292725
0.312692 -0.949838 -0.005549
0 0 0 0
0 0.578857
0.101074 0.074463 1.292725
0.810794 -0.585301 0.005916
0 0 0 0
0 0.603088
0.094727 0.077393 1.875
0.999874 -0.002955 0.01557
0 0 0 0
1 0.627319
0.104736 0.085449 1.292725
0.999874 0.002955 0.01557
0 0 0 0
0 0.627319
0.091553 0.087402 1.875
0.80886 0.587634 0.020776
0 0 0 0
1 0.65155
0.101074 0.09668 1.292725
0.80812 0.588533 0.023903
0 0 0 0
0 0.65155
0.091553 0.103516 1.292725
0.310837 0.950272 0.019049
0 0 0 0
0 0.675781
0.083008 0.093506 1.875
0.30725 0.951387 0.021441
0 0 0 0
1 0.675781
0.080078 0.103516 1.292725
-0.305579 0.95211 0.010365
0 0 0 0
0 0.700012
0.07251 0.093506 1.875
-0.312059 0.949957 0.014156
0 0 0 0
1 0.700012
0.070557 0.09668 1.292725
-0.806405 0.591364 -0.000116
0 0 0 0
0 0.724243
0.063965 0.087402 1.875
-0.81055 0.585669 0.000465
0 0 0 0
1 0.724243
0.066895 0.085449 1.292725
-0.999927 0.00295 -0.011687
0 0 0 0
0 0.748474
0.060547 0.077393 1.875
-0.999927 -0.00295 -0.011687
0 0 0 0
1 0.748474
0.070557 0.074463 1.292725
-0.80959 -0.586731 -0.017642
0 0 0 0
0 0.772705
0.063965 0.067383 1.875
-0.808683 -0.588044 -0.015364
0 0 0 0
1 0.772705
0.07251 0.061035 1.875
-0.310274 -0.950523 -0.015364
0 0 0 0
1 0.796936
0.080078 0.067627 1.292725
-0.307926 -0.951323 -0.012872
0 0 0 0
0 0.796875
0.083008 0.061035 1.875
0.305018 -0.952323 -0.006657
0 0 0 0
1 0.821106
0.091553 0.067627 1.292725
0.312692 -0.949838 -0.005549
0 0 0 0
0 0.821106
0.101807 0.074951 1.25
0.806643 -0.591015 0.005342
0 0 0 0
1 0.603088
0.092285 0.068115 1.25
0.305018 -0.952323 -0.006657
0 0 0 0
1 0.578857
0.10083 0.074463 0.667725
0.312692 -0.949838 -0.005549
0 0 0 0
0 0.578857
0.111328 0.082031 0.667725
0.810794 -0.585301 0.005916
0 0 0 0
0 0.603088
0.105469 0.086182 1.25
0.999874 -0.002955 0.01557
0 0 0 0
1 0.627319
0.115234 0.094238 0.667725
0.999874 0.002955 0.01557
0 0 0 0
0 0.627319
0.101807 0.097412 1.25
0.80886 0.587634 0.020776
0 0 0 0
1 0.65155
0.111328 0.106689 0.667725
0.80812 0.588533 0.023903
0 0 0 0
0 0.65155
0.10083 0.114014 0.667725
0.310837 0.950272 0.019049
0 0 0 0
0 0.675781
0.092285 0.104248 1.25
0.30725 0.951387 0.021441
0 0 0 0
1 0.675781
0.088135 0.114014 0.667725
-0.305579 0.95211 0.010365
0 0 0 0
0 0.700012
0.080566 0.104248 1.25
-0.312059 0.949957 0.014156
0 0 0 0
1 0.700012
0.077637 0.106689 0.667725
-0.806405 0.591364 -0.000116
0 0 0 0
0 0.724243
0.071045 0.097412 1.25
-0.81055 0.585669 0.000465
0 0 0 0
1 0.724243
0.07373 0.094238 0.667725
-0.999927 0.00295 -0.011687
0 0 0 0
0 0.748474
0.067383 0.086182 1.25
-0.999927 -0.00295 -0.011687
0 0 0 0
1 0.748474
0.077637 0.082031 0.667725
-0.80959 -0.586731 -0.017642
0 0 0 0
0 0.772705
0.071045 0.074951 1.25
-0.808683 -0.588044 -0.015364
0 0 0 0
1 0.772705
0.080566 0.068115 1.25
-0.310274 -0.950523 -0.015364
0 0 0 0
1 0.796936
0.088135 0.074463 0.667725
-0.307926 -0.951323 -0.012872
0 0 0 0
0 0.796875
0.092285 0.068115 1.25
0.305018 -0.952323 -0.006657
0 0 0 0
1 0.821106
0.10083 0.074463 0.667725
0.312692 -0.949838 -0.005549
0 0 0 0
0 0.821106
0.112061 0.082764 0.625
0.806643 -0.591015 0.005342
0 0 0 0
1 0.603088
0.101562 0.074951 0.625
0.305018 -0.952323 -0.006657
0 0 0 0
1 0.578857
0.109863 0.081299 0.060547
0.312692 -0.949838 -0.005549
0 0 0 0
0 0.578857
0.121338 0.0896 0.060547
0.810794 -0.585301 0.005916
0 0 0 0
0 0.603088
0.115967 0.094971 0.625
0.999874 -0.002955 0.01557
0 0 0 0
1 0.627319
0.125488 0.102783 0.060547
0.999874 0.002955 0.01557
0 0 0 0
0 0.627319
0.112061 0.107178 0.625
0.809759 0.586309 0.023047
0 0 0 0
1 0.65155
0.121338 0.116211 0.060547
0.80812 0.588533 0.023903
0 0 0 0
0 0.65155
0.109863 0.124512 0.060547
0.310837 0.950272 0.019049
0 0 0 0
0 0.675781
0.101562 0.114746 0.625
0.30725 0.951387 0.021441
0 0 0 0
1 0.675781
0.095947 0.124512 0.060547
-0.305579 0.95211 0.010365
0 0 0 0
0 0.700012
0.088623 0.114746 0.625
-0.312059 0.949957 0.014156
0 0 0 0
1 0.700012
0.084473 0.116211 0.060547
-0.806405 0.591364 -0.000116
0 0 0 0
0 0.724243
0.078125 0.107178 0.625
-0.81055 0.585669 0.000465
0 0 0 0
1 0.724243
0.080322 0.102783 0.060547
-0.999927 0.00295 -0.011687
0 0 0 0
0 0.748474
0.074219 0.094971 0.625
-0.999927 -0.00295 -0.011687
0 0 0 0
1 0.748474
0.084473 0.0896 0.060547
-0.80959 -0.586731 -0.017642
0 0 0 0
0 0.772705
0.078125 0.082764 0.625
-0.808683 -0.588044 -0.015364
0 0 0 0
1 0.772705
0.088623 0.074951 0.625
-0.310274 -0.950523 -0.015364
0 0 0 0
1 0.796936
0.095947 0.081299 0.060547
-0.307926 -0.951323 -0.012872
0 0 0 0
0 0.796875
0.101562 0.074951 0.625
0.305018 -0.952323 -0.006657
0 0 0 0
1 0.821106
0.109863 0.081299 0.060547
0.312692 -0.949838 -0.005549
0 0 0 0
0 0.821106
0.098633 0.077881 0.017822
-0.307926 -0.951323 -0.012872
0 0 0 0
0.075806 0.216248
0.114746 0.077393 0.060547
0.305018 -0.952323 -0.006657
0 0 0 0
0.128845 0.096252
0.098145 0.077393 0.060547
-0.310274 -0.950523 -0.015364
0 0 0 0
0.075806 0.096252
0.115234 0.077881 0.017822
0.312692 -0.949838 -0.005549
0 0 0 0
0.128845 0.216248
0.128174 0.087158 0.060547
0.806643 -0.591015 0.005342
0 0 0 0
0.181885 0.096252
0.128906 0.087646 0.017822
0.811712 -0.584001 0.008194
0 0 0 0
0.181885 0.216248
0.133301 0.102783 0.060547
0.999807 -0.002961 0.019446
0 0 0 0
0.234924 0.096252
0.134033 0.103516 0.017822
0.999807 0.002961 0.019446
0 0 0 0
0.234924 0.216248
0.128174 0.118652 0.060547
0.809759 0.586309 0.023047
0 0 0 0
0.287964 0.096252
0.128906 0.119385 0.017822
0.80812 0.588533 0.023903
0 0 0 0
0.287964 0.216248
0.115234 0.12915 0.017822
0.311397 0.950008 0.022726
0 0 0 0
0.341003 0.216248
0.114746 0.128418 0.060547
0.30725 0.951387 0.021441
0 0 0 0
0.341003 0.096252
0.098633 0.12915 0.017822
-0.306138 0.951883 0.014065
0 0 0 0
0.394043 0.216248
0.098145 0.128418 0.060547
-0.312059 0.949957 0.014156
0 0 0 0
0.394043 0.096252
0.085205 0.119385 0.017822
-0.806405 0.591364 -0.000116
0 0 0 0
0.447083 0.216248
0.084717 0.118652 0.060547
-0.81055 0.585669 0.000465
0 0 0 0
0.447083 0.096252
0.080078 0.103516 0.017822
-0.999927 0.00295 -0.011687
0 0 0 0
0.500122 0.216248
0.07959 0.102783 0.060547
-0.999927 -0.00295 -0.011687
0 0 0 0
0.500122 0.096252
0.085205 0.087646 0.017822
-0.80959 -0.586731 -0.017642
0 0 0 0
0.553162 0.216248
0.084717 0.087158 0.060547
-0.808683 -0.588044 -0.015364
0 0 0 0
0.553162 0.096252
0.098145 0.077393 0.060547
-0.310274 -0.950523 -0.015364
0 0 0 0
0.606201 0.096252
0.098633 0.077881 0.017822
-0.307926 -0.951323 -0.012872
0 0 0 0
0.606201 0.216248
0.114746 0.077393 0.060547
-0.001382 -0.001382 0.999998
0 0 0 0
0.046753 0.91803
0.128174 0.087158 0.060547
-0.001382 -0.001382 0.999998
0 0 0 0
0.026428 0.924622
0.106445 0.102783 0.060547
-0.001382 -0.001382 0.999998
0 0 0 0
0.046753 0.952576
0.098145 0.077393 0.060547
-0.001382 -0.001382 0.999998
0 0 0 0
0.067078 0.924622
0.084717 0.087158 0.060547
-0.001382 -0.001382 0.999998
0 0 0 0
0.079651 0.941895
0.07959 0.102783 0.060547
0.001382 -0.001382 0.999998
0 0 0 0
0.079651 0.963257
0.084717 0.118652 0.060547
0.001382 0.001382 0.999998
0 0 0 0
0.067078 0.980591
0.098145 0.128418 0.060547
0.001382 0.001382 0.999998
0 0 0 0
0.046753 0.987183
0.114746 0.128418 0.060547
0.001382 0.001382 0.999998
0 0 0 0
0.026428 0.980591
0.128174 0.118652 0.060547
0.001382 0.001382 0.999998
0 0 0 0
0.013855 0.963257
0.133301 0.102783 0.060547
0.001382 0.001382 0.999998
0 0 0 0
0.013855 0.941895
0.128906 0.087646 0.017822
0.001382 0.001382 -0.999998
0 0 0 0
0.026428 0.924622
0.115234 0.077881 0.017822
0.001382 0.001382 -0.999998
0 0 0 0
0.013855 0.941895
0.106934 0.103516 0.017822
0.001382 0.001382 -0.999998
0 0 0 0
0.046753 0.952576
0.134033 0.103516 0.017822
0.001382 0.001382 -0.999998
0 0 0 0
0.046753 0.91803
0.128906 0.119385 0.017822
0.001382 0.001382 -0.999998
0 0 0 0
0.067078 0.924622
0.115234 0.12915 0.017822
0.001382 0.001382 -0.999998
0 0 0 0
0.079651 0.941895
0.098633 0.12915 0.017822
0.001382 0.001382 -0.999998
0 0 0 0
0.079651 0.963257
0.085205 0.119385 0.017822
0.001382 0.001382 -0.999998
0 0 0 0
0.067078 0.980591
0.080078 0.103516 0.017822
0.001382 0.001382 -0.999998
0 0 0 0
0.046753 0.987183
0.085205 0.087646 0.017822
0.001382 0.001382 -0.999998
0 0 0 0
0.026428 0.980591
0.098633 0.077881 0.017822
0.001382 0.001382 -0.999998
0 0 0 0
0.013855 0.963257
0.098633 -0.128418 0.017822
-0.306138 -0.951883 0.014065
0 0 0 0
0.075806 0.216248
0.114746 -0.127686 0.060547
0.30725 -0.951387 0.021441
0 0 0 0
0.128845 0.096252
0.098145 -0.127686 0.060547
-0.312059 -0.949957 0.014156
0 0 0 0
0.075806 0.096252
0.115234 -0.128418 0.017822
0.311397 -0.950008 0.022726
0 0 0 0
0.128845 0.216248
0.128174 -0.11792 0.060547
0.809759 -0.586309 0.023047
0 0 0 0
0.181885 0.096252
0.128906 -0.118652 0.017822
0.80812 -0.588533 0.023903
0 0 0 0
0.181885 0.216248
0.134033 -0.102783 0.017822
0.999807 -0.002961 0.019446
0 0 0 0
0.234924 0.216248
0.133301 -0.102051 0.060547
0.999807 0.002961 0.019446
0 0 0 0
0.234924 0.096252
0.128906 -0.086914 0.017822
0.811712 0.584001 0.008194
0 0 0 0
0.287964 0.216248
0.128174 -0.086182 0.060547
0.806643 0.591015 0.005342
0 0 0 0
0.287964 0.096252
0.115234 -0.076904 0.017822
0.312692 0.949838 -0.005549
0 0 0 0
0.341003 0.216248
0.114746 -0.076416 0.060547
0.305018 0.952323 -0.006657
0 0 0 0
0.341003 0.096252
0.098633 -0.076904 0.017822
-0.307926 0.951323 -0.012872
0 0 0 0
0.394043 0.216248
0.098145 -0.076416 0.060547
-0.310274 0.950523 -0.015364
0 0 0 0
0.394043 0.096252
0.085205 -0.086914 0.017822
-0.80959 0.586731 -0.017642
0 0 0 0
0.447083 0.216248
0.084717 -0.086182 0.060547
-0.808683 0.588044 -0.015364
0 0 0 0
0.447083 0.096252
0.07959 -0.102051 0.060547
-0.999927 0.00295 -0.011687
0 0 0 0
0.500122 0.096252
0.080078 -0.102783 0.017822
-0.999927 -0.00295 -0.011687
0 0 0 0
0.500122 0.216248
0.084717 -0.11792 0.060547
-0.81055 -0.585669 0.000465
0 0 0 0
0.553162 0.096252
0.085205 -0.118652 0.017822
-0.806405 -0.591364 -0.000116
0 0 0 0
0.553162 0.216248
0.098145 -0.127686 0.060547
-0.312059 -0.949957 0.014156
0 0 0 0
0.606201 0.096252
0.098633 -0.128418 0.017822
-0.306138 -0.951883 0.014065
0 0 0 0
0.606201 0.216248
-0.004395 -0.342773 2.604736
-0.866004 -0.500032 0.002086
0 0 0 0
0.999146 0.320068
-0.004639 -0.342773 2.491211
-0.866004 -0.500032 0.002086
0 0 0 0
0.000854 0.320068
-0.004639 -0.337646 2.491211
-0.866004 0.500032 0.002086
0 0 0 0
0.000854 0.299988
-0.004395 -0.337646 2.604736
-0.866004 0.500032 0.002086
0 0 0 0
0.999146 0.299988
0 -0.335205 2.491211
-0.000977 1 -0.000001
0 0 0 0
0.000854 0.279907
0 -0.335205 2.604736
0.000978 1 -0.000001
0 0 0 0
0.999146 0.279907
0.004395 -0.337646 2.491211
0.866004 0.500032 -0.002086
0 0 0 0
0.000854 0.259827
0.004639 -0.337646 2.604736
0.866004 0.500032 -0.002086
0 0 0 0
0.999146 0.259827
0.004395 -0.342773 2.491211
0.866004 -0.500032 -0.002086
0 0 0 0
0.000854 0.242188
0.004639 -0.342773 2.604736
0.866004 -0.500032 -0.002086
0 0 0 0
0.999146 0.242188
0.004395 -0.342773 2.491211
0.001382 0.001382 -0.999998
0 0 0 0
0.121887 0.936218
0 -0.345459 2.491211
-0.001382 0.001382 -0.999998
0 0 0 0
0.121887 0.921875
0 -0.340332 2.491211
-0.001382 0.001382 -0.999998
0 0 0 0
0.109497 0.929016
0.004395 -0.337646 2.491211
0.001382 0.001382 -0.999998
0 0 0 0
0.109497 0.943359
0 -0.335205 2.491211
-0.001382 0.001382 -0.999998
0 0 0 0
0.097107 0.936157
-0.004639 -0.337646 2.491211
-0.001382 0.001382 -0.999998
0 0 0 0
0.097107 0.921875
-0.004639 -0.342773 2.491211
-0.001382 0.001382 -0.999998
0 0 0 0
0.109497 0.914734
0.004639 -0.342773 2.604736
0.001382 0.001382 0.999998
0 0 0 0
0.109497 0.943359
0.004639 -0.337646 2.604736
0.001382 0.001382 0.999998
0 0 0 0
0.121887 0.936157
0 -0.340332 2.604736
0.001382 0.001382 0.999998
0 0 0 0
0.109497 0.929016
0 -0.345459 2.604736
0.001382 0.001382 0.999998
0 0 0 0
0.097107 0.936218
-0.004395 -0.342773 2.604736
0.001382 0.001382 0.999998
0 0 0 0
0.097107 0.921875
-0.004395 -0.337646 2.604736
0.001382 0.001382 0.999998
0 0 0 0
0.109497 0.914734
0 -0.335205 2.604736
0.001382 0.001382 0.999998
0 0 0 0
0.121887 0.921875
0.128418 -0.218262 2.55249
0.001335 -0.500689 0.865626
0 0 0 0
0.000854 0.357849
-0.128418 -0.218262 2.55249
0.001335 -0.500689 0.865626
0 0 0 0
0.999146 0.357849
-0.128418 -0.220703 2.548096
-0.000977 -1 0.000001
0 0 0 0
0.999146 0.340149
0.128418 -0.220703 2.547852
-0.000977 -1 0.000001
0 0 0 0
0.000854 0.340149
0.128418 -0.218262 2.543457
-0.001335 -0.500689 -0.865626
0 0 0 0
0.000854 0.320068
-0.128418 -0.218262 2.543701
-0.001335 -0.500689 -0.865626
0 0 0 0
0.999146 0.320068
0.128418 -0.212891 2.543457
-0.001335 0.500689 -0.865626
0 0 0 0
0.000854 0.299988
-0.128418 -0.212891 2.543701
-0.001335 0.500689 -0.865626
0 0 0 0
0.999146 0.299988
-0.128418 -0.210449 2.548096
-0.000977 1 0.000001
0 0 0 0
0.999146 0.279907
0.128418 -0.210449 2.547852
-0.000977 1 0.000001
0 0 0 0
0.000854 0.279907
0.128418 -0.212891 2.55249
0.001335 0.500689 0.865626
0 0 0 0
0.000854 0.259827
-0.128418 -0.212891 2.55249
0.001335 0.500689 0.865626
0 0 0 0
0.999146 0.259827
0.128418 -0.218262 2.55249
0.001335 -0.500689 0.865626
0 0 0 0
0.000854 0.242188
-0.128418 -0.218262 2.55249
0.001335 -0.500689 0.865626
0 0 0 0
0.999146 0.242188
0.128418 -0.218262 2.55249
1 0.000978 -0.000001
0 0 0 0
0.121887 0.936218
0.128418 -0.220703 2.547852
1 0.000978 0.000001
0 0 0 0
0.121887 0.921875
0.128418 -0.215576 2.547852
1 0.000978 -0.000001
0 0 0 0
0.109497 0.929016
0.128418 -0.212891 2.55249
1 0.000978 -0.000001
0 0 0 0
0.109497 0.943359
0.128418 -0.210449 2.547852
1 0.000978 -0.000001
0 0 0 0
0.097107 0.936157
0.128418 -0.212891 2.543457
1 0.000978 0.000001
0 0 0 0
0.097107 0.921875
0.128418 -0.218262 2.543457
1 0.000978 0.000001
0 0 0 0
0.109497 0.914734
-0.128418 -0.218262 2.55249
-1 0.000978 -0.000001
0 0 0 0
0.109497 0.943359
-0.128418 -0.212891 2.55249
-1 0.000978 -0.000001
0 0 0 0
0.121887 0.936157
-0.128418 -0.215576 2.548096
-1 0.000978 -0.000001
0 0 0 0
0.109497 0.929016
-0.128418 -0.220703 2.548096
-1 0.000978 -0.000001
0 0 0 0
0.097107 0.936218
-0.128418 -0.218262 2.543701
-1 0.000978 -0.000001
0 0 0 0
0.097107 0.921875
-0.128418 -0.212891 2.543701
-1 0.000978 -0.000001
0 0 0 0
0.109497 0.914734
-0.128418 -0.210449 2.548096
-1 0.000978 -0.000001
0 0 0 0
0.121887 0.921875
0.084229 -0.280518 2.55249
0.001335 -0.500689 0.865626
0 0 0 0
0.000854 0.357849
-0.084229 -0.280518 2.55249
0.001335 -0.500689 0.865626
0 0 0 0
0.999146 0.357849
-0.084229 -0.282959 2.548096
-0.000977 -1 -0.000001
0 0 0 0
0.999146 0.340149
0.084229 -0.282959 2.547852
-0.000977 -1 0.000001
0 0 0 0
0.000854 0.340149
-0.084229 -0.280518 2.543701
-0.001335 -0.500689 -0.865626
0 0 0 0
0.999146 0.320068
0.084229 -0.280518 2.543457
-0.001335 -0.500689 -0.865626
0 0 0 0
0.000854 0.320068
0.084229 -0.275391 2.543457
-0.001335 0.500689 -0.865626
0 0 0 0
0.000854 0.299988
-0.084229 -0.275391 2.543701
-0.001335 0.500689 -0.865626
0 0 0 0
0.999146 0.299988
0.084229 -0.272705 2.547852
-0.000977 1 0.000001
0 0 0 0
0.000854 0.279907
-0.084229 -0.272705 2.548096
-0.000977 1 -0.000001
0 0 0 0
0.999146 0.279907
0.084229 -0.275391 2.55249
0.001335 0.500689 0.865626
0 0 0 0
0.000854 0.259827
-0.084229 -0.275391 2.55249
0.001335 0.500689 0.865626
0 0 0 0
0.999146 0.259827
0.084229 -0.280518 2.55249
0.001335 -0.500689 0.865626
0 0 0 0
0.000854 0.242188
-0.084229 -0.280518 2.55249
0.001335 -0.500689 0.865626
0 0 0 0
0.999146 0.242188
0.084229 -0.280518 2.55249
1 0.000978 -0.000001
0 0 0 0
0.121887 0.936218
0.084229 -0.282959 2.547852
1 0.000978 0.000001
0 0 0 0
0.121887 0.921875
0.084229 -0.277832 2.547852
1 0.000978 0.000001
0 0 0 0
0.109497 0.929016
0.084229 -0.275391 2.55249
1 0.000978 -0.000001
0 0 0 0
0.109497 0.943359
0.084229 -0.272705 2.547852
1 0.000978 0.000001
0 0 0 0
0.097107 0.936157
0.084229 -0.275391 2.543457
1 0.000978 0.000001
0 0 0 0
0.097107 0.921875
0.084229 -0.280518 2.543457
1 0.000978 0.000001
0 0 0 0
0.109497 0.914734
-0.084229 -0.280518 2.55249
-1 0.000978 -0.000001
0 0 0 0
0.109497 0.943359
-0.084229 -0.275391 2.55249
-1 0.000978 -0.000001
0 0 0 0
0.121887 0.936157
-0.084229 -0.277832 2.548096
-1 0.000978 -0.000001
0 0 0 0
0.109497 0.929016
-0.084229 -0.282959 2.548096
-1 0.000978 -0.000001
0 0 0 0
0.097107 0.936218
-0.084229 -0.280518 2.543701
-1 0.000978 -0.000001
0 0 0 0
0.097107 0.921875
-0.084229 -0.275391 2.543701
-1 0.000978 -0.000001
0 0 0 0
0.109497 0.914734
-0.084229 -0.272705 2.548096
-1 0.000978 -0.000001
0 0 0 0
0.121887 0.921875
-0.056641 -0.337646 2.55249
0.001335 0.500689 0.865626
0 0 0 0
0.999146 0.259827
-0.056641 -0.342773 2.55249
0.001335 -0.500689 0.865626
0 0 0 0
0.999146 0.242188
0.056641 -0.342773 2.55249
0.001335 -0.500689 0.865626
0 0 0 0
0.000854 0.242188
0.056641 -0.337646 2.55249
0.001335 0.500689 0.865626
0 0 0 0
0.000854 0.259827
-0.056641 -0.335205 2.548096
-0.000977 1 -0.000001
0 0 0 0
0.999146 0.279907
0.056641 -0.335205 2.547852
-0.000977 1 0.000001
0 0 0 0
0.000854 0.279907
-0.056641 -0.337646 2.543701
-0.001335 0.500689 -0.865626
0 0 0 0
0.999146 0.299988
0.056641 -0.337646 2.543457
-0.001335 0.500689 -0.865626
0 0 0 0
0.000854 0.299988
-0.056641 -0.342773 2.543701
-0.001335 -0.500689 -0.865626
0 0 0 0
0.999146 0.320068
0.056641 -0.342773 2.543457
-0.001335 -0.500689 -0.865626
0 0 0 0
0.000854 0.320068
0.056641 -0.345459 2.547852
-0.000977 -1 0.000001
0 0 0 0
0.000854 0.340149
-0.056641 -0.345459 2.548096
-0.000977 -1 -0.000001
0 0 0 0
0.999146 0.340149
0.056641 -0.342773 2.55249
0.001335 -0.500689 0.865626
0 0 0 0
0.000854 0.357849
-0.056641 -0.342773 2.55249
0.001335 -0.500689 0.865626
0 0 0 0
0.999146 0.357849
0.056641 -0.337646 2.55249
1 0.000978 -0.000001
0 0 0 0
0.109497 0.943359
0.056641 -0.342773 2.55249
1 0.000978 -0.000001
0 0 0 0
0.121887 0.936218
0.056641 -0.340332 2.547852
1 0.000978 -0.000001
0 0 0 0
0.109497 0.929016
0.056641 -0.335205 2.547852
1 0.000978 -0.000001
0 0 0 0
0.097107 0.936157
0.056641 -0.337646 2.543457
1 0.000978 -0.000001
0 0 0 0
0.097107 0.921875
0.056641 -0.342773 2.543457
1 0.000978 -0.000001
0 0 0 0
0.109497 0.914734
0.056641 -0.345459 2.547852
1 0.000978 -0.000001
0 0 0 0
0.121887 0.921875
2392
2 1 0
1 3 0
0 3 4
5 0 4
5 4 6
7 5 6
7 6 8
9 7 8
9 8 10
11 9 10
11 10 12
13 11 12
13 12 14
12 15 14
14 15 16
15 17 16
16 17 18
17 19 18
18 19 20
19 21 20
24 23 22
25 24 22
25 22 26
27 25 26
27 26 28
29 27 28
29 28 30
31 29 30
31 30 32
33 31 32
33 32 34
32 35 34
34 35 36
35 37 36
38 36 37
39 38 37
38 39 40
39 41 40
40 41 42
41 43 42
46 45 44
47 46 44
47 44 48
49 47 48
49 48 50
51 49 50
51 50 52
53 51 52
53 52 54
55 53 54
55 54 56
54 57 56
56 57 58
57 59 58
58 59 60
59 61 60
60 61 62
61 63 62
62 63 64
65 62 64
68 67 66
69 68 66
69 66 70
71 69 70
71 70 72
73 71 72
73 72 74
75 73 74
75 74 76
77 75 76
77 76 78
76 79 78
78 79 80
79 81 80
80 81 82
81 83 82
82 83 84
83 85 84
84 85 86
85 87 86
90 89 88
91 90 88
91 88 92
93 91 92
93 92 94
95 93 94
95 94 96
97 95 96
97 96 98
99 97 98
99 98 100
98 101 100
100 101 102
101 103 102
104 102 103
105 104 103
104 105 106
105 107 106
106 107 108
107 109 108
112 111 110
113 112 110
113 110 114
115 113 114
115 114 116
117 115 116
117 116 118
119 117 118
119 118 120
121 119 120
121 120 122
120 123 122
122 123 124
123 125 124
124 125 126
125 127 126
126 127 128
127 129 128
128 129 130
129 131 130
134 133 132
133 135 132
132 135 136
135 137 136
136 137 138
139 136 138
139 138 140
141 139 140
141 140 142
143 141 142
143 142 144
145 143 144
145 144 146
147 145 146
147 146 148
146 149 148
148 149 150
149 151 150
150 151 152
151 153 152
156 155 154
157 156 154
158 156 157
159 158 157
160 158 159
161 160 159
162 160 161
163 162 161
164 162 163
165 164 163
165 166 164
166 167 164
166 168 167
168 169 167
168 170 169
170 171 169
170 172 171
172 173 171
172 174 173
174 175 173
178 177 176
177 179 176
177 180 179
180 181 179
180 182 181
182 183 181
182 184 183
184 185 183
184 186 185
186 187 185
187 186 188
186 189 188
188 189 190
189 191 190
190 191 192
191 193 192
192 193 194
193 195 194
194 195 196
195 197 196
200 199 198
201 200 198
201 198 202
203 201 202
203 202 204
205 203 204
205 204 206
207 205 206
208 207 206
209 208 206
210 208 209
211 210 209
212 210 211
213 212 211
214 212 213
215 214 213
216 214 215
217 216 215
216 217 218
219 216 218
222 221 220
221 223 220
220 223 224
223 225 224
224 225 226
225 227 226
226 227 228
227 229 228
228 229 230
231 228 230
231 230 232
233 231 232
233 232 234
235 233 234
235 234 236
237 235 236
237 236 238
239 237 238
239 238 240
238 241 240
244 243 242
245 244 242
246 244 245
247 246 245
248 246 247
249 248 247
250 248 249
251 250 249
251 252 250
252 253 250
252 254 253
254 255 253
254 256 255
256 257 255
256 258 257
258 259 257
258 260 259
260 261 259
262 261 260
263 262 260
266 265 264
265 267 264
265 268 267
268 269 267
268 270 269
270 271 269
271 270 272
270 273 272
272 273 274
273 275 274
274 275 276
275 277 276
276 277 278
277 279 278
278 279 280
279 281 280
284 283 282
284 282 285
284 285 286
284 286 287
284 287 288
284 288 289
284 289 290
284 290 291
284 291 292
284 292 283
295 294 293
295 293 296
295 296 297
295 297 298
295 298 299
295 299 300
295 300 301
295 301 302
295 302 303
295 303 294
306 305 304
305 307 304
305 308 307
308 309 307
310 309 308
311 310 308
312 310 311
313 312 311
314 312 313
315 314 313
316 314 315
317 316 315
318 316 317
319 318 317
319 320 318
320 321 318
320 322 321
322 323 321
322 324 323
324 325 323
328 327 326
328 326 329
328 329 330
328 330 331
328 331 332
328 332 333
328 333 334
328 334 335
328 335 336
328 336 327
339 338 337
339 337 340
339 340 341
339 341 342
339 342 343
339 343 344
339 344 345
339 345 346
339 346 347
339 347 338
350 349 348
349 351 348
349 352 351
352 353 351
353 352 354
355 353 354
354 356 355
356 357 355
358 357 356
359 358 356
360 358 359
361 360 359
362 360 361
363 362 361
364 362 363
365 364 363
366 364 365
367 366 365
367 368 366
368 369 366
372 371 370
372 370 373
372 373 374
372 374 375
372 375 376
372 376 377
372 377 378
372 378 379
372 379 380
372 380 371
383 382 381
383 381 384
383 384 385
383 385 386
383 386 387
383 387 388
383 388 389
383 389 390
383 390 391
383 391 382
394 393 392
393 395 392
393 396 395
396 397 395
397 396 398
399 397 398
398 400 399
400 401 399
402 401 400
403 402 400
404 402 403
405 404 403
406 404 405
407 406 405
408 406 407
409 408 407
410 408 409
411 410 409
411 412 410
412 413 410
416 415 414
416 414 417
416 417 418
416 418 419
416 419 420
416 420 421
416 421 422
416 422 423
416 423 424
416 424 415
427 426 425
427 425 428
427 428 429
427 429 430
427 430 431
427 431 432
427 432 433
427 433 434
427 434 435
427 435 426
438 437 436
437 439 436
437 440 439
440 441 439
442 441 440
443 442 440
444 442 443
445 444 443
446 444 445
447 446 445
448 446 447
449 448 447
450 448 449
451 450 449
451 452 450
452 453 450
452 454 453
454 455 453
454 456 455
456 457 455
460 459 458
460 458 461
460 461 462
460 462 463
460 463 464
460 464 465
460 465 466
460 466 467
460 467 468
460 468 459
471 470 469
471 469 472
471 472 473
471 473 474
471 474 475
471 475 476
471 476 477
471 477 478
471 478 479
471 479 470
482 481 480
481 483 480
481 484 483
484 485 483
486 485 484
487 486 484
488 486 487
489 488 487
490 488 489
491 490 489
492 490 491
493 492 491
494 492 493
495 494 493
495 496 494
496 497 494
496 498 497
498 499 497
498 500 499
500 501 499
504 503 502
504 502 505
504 505 506
504 506 507
504 507 508
504 508 509
504 509 510
504 510 511
504 511 512
504 512 503
515 514 513
515 513 516
515 516 517
515 517 518
515 518 519
515 519 520
515 520 521
515 521 522
515 522 523
515 523 514
526 525 524
525 527 524
525 528 527
528 529 527
529 528 530
531 529 530
530 532 531
532 533 531
534 533 532
535 534 532
536 534 535
537 536 535
538 536 537
539 538 537
540 538 539
541 540 539
542 540 541
543 542 541
543 544 542
544 545 542
548 547 546
548 546 549
548 549 550
548 550 551
548 551 552
548 552 553
548 553 554
548 554 555
548 555 556
548 556 547
559 558 557
559 557 560
559 560 561
559 561 562
559 562 563
559 563 564
281 565 280
565 566 280
565 567 566
567 568 566
571 570 569
572 571 569
572 569 573
574 572 573
574 573 575
576 574 575
576 575 577
578 576 577
579 578 577
580 579 577
581 579 580
582 581 580
583 581 582
584 583 582
585 583 584
586 585 584
587 585 586
588 587 586
587 588 589
590 587 589
593 592 591
594 593 591
595 593 594
596 595 594
595 596 597
598 595 597
597 599 598
599 600 598
599 601 600
601 602 600
601 603 602
603 604 602
603 605 604
605 606 604
607 606 605
608 607 605
609 607 608
610 609 608
611 609 610
612 611 610
615 614 613
615 613 616
615 616 617
615 617 618
615 618 619
615 619 620
615 620 621
615 621 622
615 622 623
615 623 614
626 625 624
626 624 627
626 627 628
626 628 629
626 629 630
626 630 631
626 631 632
626 632 633
626 633 634
626 634 625
637 636 635
636 638 635
635 638 639
640 635 639
640 639 641
642 640 641
642 641 643
644 642 643
644 643 645
646 644 645
646 645 647
648 646 647
648 647 649
647 650 649
649 650 651
650 652 651
651 652 653
652 654 653
653 654 655
654 656 655
659 658 657
658 660 657
657 660 661
662 657 661
662 661 663
664 662 663
664 663 665
666 664 665
666 665 667
668 666 667
668 667 669
670 668 669
670 669 671
669 672 671
671 672 673
672 674 673
673 674 675
674 676 675
675 676 677
676 678 677
681 680 679
680 682 679
679 682 683
684 679 683
684 683 685
686 684 685
686 685 687
688 686 687
688 687 689
690 688 689
690 689 691
692 690 691
692 691 693
691 694 693
693 694 695
694 696 695
695 696 697
696 698 697
697 698 699
698 700 699
703 702 701
704 703 701
705 703 704
706 705 704
705 706 707
708 705 707
707 709 708
709 710 708
709 711 710
711 712 710
711 713 712
713 714 712
713 715 714
715 716 714
717 716 715
718 717 715
719 717 718
720 719 718
721 719 720
722 721 720
725 724 723
725 723 726
725 726 727
725 727 728
725 728 729
725 729 730
725 730 731
725 731 732
725 732 733
725 733 724
736 735 734
736 734 737
736 737 738
736 738 739
736 739 740
736 740 741
736 741 742
736 742 743
736 743 744
736 744 735
747 746 745
748 747 745
749 747 748
750 749 748
749 750 751
752 749 751
751 753 752
753 754 752
753 755 754
755 756 754
755 757 756
757 758 756
757 759 758
759 760 758
761 760 759
762 761 759
763 761 762
764 763 762
765 763 764
766 765 764
769 768 767
769 767 770
769 770 771
769 771 772
769 772 773
769 773 774
769 774 775
769 775 776
769 776 777
769 777 768
780 779 778
780 778 781
780 781 782
780 782 783
780 783 784
780 784 785
780 785 786
780 786 787
780 787 788
780 788 779
791 790 789
792 791 789
793 791 792
794 793 792
793 794 795
796 793 795
795 797 796
797 798 796
797 799 798
799 800 798
799 801 800
801 802 800
801 803 802
803 804 802
805 804 803
806 805 803
807 805 806
808 807 806
809 807 808
810 809 808
813 812 811
813 811 814
813 814 815
813 815 816
813 816 817
813 817 818
813 818 819
813 819 820
813 820 821
813 821 812
824 823 822
824 822 825
824 825 826
824 826 827
824 827 828
824 828 829
824 829 830
824 830 831
824 831 832
824 832 823
835 834 833
836 835 833
837 835 836
838 837 836
837 838 839
840 837 839
839 841 840
841 842 840
841 843 842
843 844 842
843 845 844
845 846 844
559 564 847
559 847 848
559 848 849
559 849 558
852 851 850
851 853 850
851 854 853
854 855 853
855 854 856
857 855 856
856 858 857
858 859 857
860 859 858
861 860 858
862 860 861
863 862 861
864 862 863
865 864 863
866 864 865
867 866 865
868 866 867
869 868 867
869 870 868
870 871 868
874 873 872
874 872 875
874 875 876
874 876 877
874 877 878
874 878 879
874 879 880
874 880 881
874 881 882
874 882 873
885 884 883
885 883 886
885 886 887
885 887 888
885 888 889
885 889 890
885 890 891
885 891 892
885 892 893
885 893 884
896 895 894
895 897 894
895 898 897
898 899 897
900 899 898
901 900 898
902 900 901
903 902 901
904 902 903
905 904 903
906 904 905
907 906 905
908 906 907
909 908 907
909 910 908
910 911 908
910 912 911
912 913 911
912 914 913
914 915 913
918 917 916
918 916 919
918 919 920
918 920 921
918 921 922
918 922 923
918 923 924
918 924 925
918 925 926
918 926 917
929 928 927
929 927 930
929 930 931
929 931 932
929 932 933
929 933 934
929 934 935
929 935 936
929 936 937
929 937 928
940 939 938
941 940 938
941 938 942
943 941 942
943 942 944
945 943 944
945 944 946
947 945 946
947 946 948
949 947 948
949 948 950
951 949 950
951 950 952
950 953 952
954 952 953
955 954 953
954 955 956
955 957 956
956 957 958
959 956 958
962 961 960
963 962 960
963 960 964
965 963 964
965 964 966
967 965 966
967 966 968
969 967 968
969 968 970
971 969 970
971 970 972
973 971 972
973 972 974
972 975 974
974 975 976
975 977 976
976 977 978
977 979 978
978 979 980
981 978 980
984 983 982
985 984 982
985 982 986
987 985 986
987 986 988
989 987 988
989 988 990
991 989 990
991 990 992
993 991 992
993 992 994
992 995 994
994 995 996
995 997 996
996 997 998
999 996 998
999 998 1000
998 1001 1000
1000 1001 1002
1003 1000 1002
1006 1005 1004
1007 1006 1004
1007 1004 1008
1009 1007 1008
1009 1008 1010
1011 1009 1010
1011 1010 1012
1013 1011 1012
1013 1012 1014
1015 1013 1014
1015 1014 1016
1014 1017 1016
1016 1017 1018
1017 1019 1018
1018 1019 1020
1019 1021 1020
1020 1021 1022
1021 1023 1022
1022 1023 1024
1025 1022 1024
1028 1027 1026
1029 1028 1026
1029 1026 1030
1031 1029 1030
1031 1030 1032
1033 1031 1032
1033 1032 1034
1035 1033 1034
1035 1034 1036
1037 1035 1036
1037 1036 1038
1036 1039 1038
1038 1039 1040
1039 1041 1040
1042 1040 1041
1043 1042 1041
1042 1043 1044
1043 1045 1044
1044 1045 1046
1047 1044 1046
1050 1049 1048
1049 1051 1048
1048 1051 1052
1051 1053 1052
1052 1053 1054
1053 1055 1054
1054 1055 1056
1055 1057 1056
1056 1057 1058
1057 1059 1058
1058 1059 1060
1061 1058 1060
1061 1060 1062
1063 1061 1062
1062 1064 1063
1064 1065 1063
1065 1064 1066
1067 1065 1066
1067 1066 1068
1069 1067 1068
1072 1071 1070
1073 1072 1070
1073 1070 1074
1070 1075 1074
1074 1075 1076
1075 1077 1076
1076 1077 1078
1077 1079 1078
1078 1079 1080
1079 1081 1080
1080 1081 1082
1083 1080 1082
1083 1082 1084
1085 1083 1084
1085 1084 1086
1087 1085 1086
1087 1086 1088
1089 1087 1088
1089 1088 1090
1091 1089 1090
1094 1093 1092
1093 1095 1092
1092 1095 1096
1095 1097 1096
1096 1097 1098
1097 1099 1098
1098 1099 1100
1099 1101 1100
1100 1101 1102
1101 1103 1102
1102 1103 1104
1105 1102 1104
1105 1104 1106
1107 1105 1106
1107 1106 1108
1109 1107 1108
1109 1108 1110
1111 1109 1110
1111 1110 1112
1113 1111 1112
1116 1115 1114
1115 1117 1114
1114 1117 1118
1117 1119 1118
1118 1119 1120
1119 1121 1120
1120 1121 1122
1121 1123 1122
1122 1123 1124
1123 1125 1124
1124 1125 1126
1127 1124 1126
845 1128 846
1128 1129 846
1130 1129 1128
1131 1130 1128
1132 1130 1131
1133 1132 1131
1134 1132 1133
1135 1134 1133
1138 1137 1136
1138 1136 1139
1138 1139 1140
1138 1140 1141
1138 1141 1142
1138 1142 1143
1138 1143 1144
1138 1144 1145
1138 1145 1146
1138 1146 1137
1149 1148 1147
1149 1147 1150
1149 1150 1151
1149 1151 1152
1149 1152 1153
1149 1153 1154
1149 1154 1155
1149 1155 1156
1149 1156 1157
1149 1157 1148
1160 1159 1158
1161 1160 1158
1162 1160 1161
1163 1162 1161
1164 1162 1163
1165 1164 1163
1166 1164 1165
1167 1166 1165
1167 1168 1166
1168 1169 1166
1168 1170 1169
1170 1171 1169
1170 1172 1171
1172 1173 1171
1172 1174 1173
1174 1175 1173
1174 1176 1175
1176 1177 1175
1178 1177 1176
1179 1178 1176
1182 1181 1180
1182 1180 1183
1182 1183 1184
1182 1184 1185
1182 1185 1186
1182 1186 1187
1182 1187 1188
1182 1188 1189
1182 1189 1190
1182 1190 1181
1193 1192 1191
1193 1191 1194
1193 1194 1195
1193 1195 1196
1193 1196 1197
1193 1197 1198
1193 1198 1199
1193 1199 1200
1193 1200 1201
1193 1201 1192
1204 1203 1202
1205 1204 1202
1206 1204 1205
1207 1206 1205
1208 1206 1207
1209 1208 1207
1210 1208 1209
1211 1210 1209
1211 1212 1210
1212 1213 1210
1212 1214 1213
1214 1215 1213
1214 1216 1215
1216 1217 1215
1216 1218 1217
1218 1219 1217
1218 1220 1219
1220 1221 1219
1222 1221 1220
1223 1222 1220
1226 1225 1224
1226 1224 1227
1226 1227 1228
1226 1228 1229
1226 1229 1230
1226 1230 1231
1226 1231 1232
1226 1232 1233
1226 1233 1234
1226 1234 1225
1237 1236 1235
1237 1235 1238
1237 1238 1239
1237 1239 1240
1237 1240 1241
1237 1241 1242
1237 1242 1243
1237 1243 1244
1237 1244 1245
1237 1245 1236
1248 1247 1246
1249 1248 1246
1250 1248 1249
1251 1250 1249
1252 1250 1251
1253 1252 1251
1254 1252 1253
1255 1254 1253
1255 1256 1254
1256 1257 1254
1256 1258 1257
1258 1259 1257
1258 1260 1259
1260 1261 1259
1260 1262 1261
1262 1263 1261
1262 1264 1263
1264 1265 1263
1266 1265 1264
1267 1266 1264
1270 1269 1268
1270 1268 1271
1270 1271 1272
1270 1272 1273
1270 1273 1274
1270 1274 1275
1270 1275 1276
1270 1276 1277
1270 1277 1278
1270 1278 1269
1281 1280 1279
1281 1279 1282
1281 1282 1283
1281 1283 1284
1281 1284 1285
1281 1285 1286
1281 1286 1287
1281 1287 1288
1281 1288 1289
1281 1289 1280
1292 1291 1290
1293 1292 1290
1294 1292 1293
1295 1294 1293
1296 1294 1295
1297 1296 1295
1298 1296 1297
1299 1298 1297
1299 1300 1298
1300 1301 1298
1300 1302 1301
1302 1303 1301
1302 1304 1303
1304 1305 1303
1304 1306 1305
1306 1307 1305
1306 1308 1307
1308 1309 1307
1310 1309 1308
1311 1310 1308
1314 1313 1312
1314 1312 1315
1314 1315 1316
1314 1316 1317
1314 1317 1318
1314 1318 1319
1314 1319 1320
1314 1320 1321
1314 1321 1322
1314 1322 1313
1325 1324 1323
1325 1323 1326
1325 1326 1327
1325 1327 1328
1325 1328 1329
1325 1329 1330
1325 1330 1331
1325 1331 1332
1325 1332 1333
1325 1333 1324
1336 1335 1334
1337 1336 1334
1338 1336 1337
1339 1338 1337
1340 1338 1339
1341 1340 1339
1342 1340 1341
1343 1342 1341
1343 1344 1342
1344 1345 1342
1344 1346 1345
1346 1347 1345
1346 1348 1347
1348 1349 1347
1348 1350 1349
1350 1351 1349
1350 1352 1351
1352 1353 1351
1354 1353 1352
1355 1354 1352
1358 1357 1356
1358 1356 1359
1358 1359 1360
1358 1360 1361
1358 1361 1362
1358 1362 1363
1358 1363 1364
1358 1364 1365
1358 1365 1366
1358 1366 1357
1369 1368 1367
1369 1367 1370
1369 1370 1371
1369 1371 1372
1369 1372 1373
1369 1373 1374
1369 1374 1375
1369 1375 1376
1369 1376 1377
1369 1377 1368
1380 1379 1378
1379 1381 1378
1379 1382 1381
1382 1383 1381
1383 1382 1384
1382 1385 1384
1384 1385 1386
1385 1387 1386
1386 1387 1388
1387 1389 1388
1388 1389 1390
1389 1391 1390
1390 1391 1392
1391 1393 1392
1393 1394 1392
1394 1395 1392
1394 1396 1395
1396 1397 1395
1396 1398 1397
1398 1399 1397
1402 1401 1400
1401 1403 1400
1400 1403 1404
1403 1405 1404
1404 1405 1406
1405 1407 1406
1406 1407 1408
1407 1409 1408
1127 1126 1410
1411 1127 1410
1411 1410 1412
1413 1411 1412
1413 1412 1414
1415 1413 1414
1415 1414 1416
1417 1415 1416
1420 1419 1418
1421 1420 1418
1421 1418 1422
1418 1423 1422
1422 1423 1424
1423 1425 1424
1424 1425 1426
1425 1427 1426
1426 1427 1428
1427 1429 1428
1428 1429 1430
1431 1428 1430
1431 1430 1432
1433 1431 1432
1432 1434 1433
1434 1435 1433
1435 1434 1436
1437 1435 1436
1437 1436 1438
1439 1437 1438
1442 1441 1440
1443 1442 1440
1443 1440 1444
1440 1445 1444
1444 1445 1446
1445 1447 1446
1446 1447 1448
1447 1449 1448
1448 1449 1450
1451 1448 1450
1451 1450 1452
1453 1451 1452
1453 1452 1454
1455 1453 1454
1454 1456 1455
1456 1457 1455
1457 1456 1458
1459 1457 1458
1459 1458 1460
1461 1459 1460
1464 1463 1462
1465 1464 1462
1465 1462 1466
1462 1467 1466
1466 1467 1468
1467 1469 1468
1468 1469 1470
1469 1471 1470
1470 1471 1472
1473 1470 1472
1473 1472 1474
1475 1473 1474
1475 1474 1476
1477 1475 1476
1477 1476 1478
1479 1477 1478
1479 1478 1480
1481 1479 1480
1481 1480 1482
1483 1481 1482
1486 1485 1484
1487 1486 1484
1487 1484 1488
1484 1489 1488
1488 1489 1490
1491 1488 1490
1491 1490 1492
1490 1493 1492
1492 1493 1494
1493 1495 1494
1494 1495 1496
1497 1494 1496
1497 1496 1498
1499 1497 1498
1499 1498 1500
1501 1499 1500
1501 1500 1502
1503 1501 1502
1503 1502 1504
1505 1503 1504
1508 1507 1506
1509 1508 1506
1509 1506 1510
1506 1511 1510
1510 1511 1512
1511 1513 1512
1512 1513 1514
1513 1515 1514
1514 1515 1516
1515 1517 1516
1516 1517 1518
1519 1516 1518
1519 1518 1520
1521 1519 1520
1521 1520 1522
1523 1521 1522
1523 1522 1524
1525 1523 1524
1525 1524 1526
1527 1525 1526
1530 1529 1528
1531 1530 1528
1531 1528 1532
1528 1533 1532
1532 1533 1534
1533 1535 1534
1534 1535 1536
1535 1537 1536
1536 1537 1538
1537 1539 1538
1538 1539 1540
1541 1538 1540
1541 1540 1542
1543 1541 1542
1542 1544 1543
1544 1545 1543
1545 1544 1546
1547 1545 1546
1547 1546 1548
1549 1547 1548
1552 1551 1550
1552 1550 1553
1552 1553 1554
1552 1554 1555
1552 1555 1556
1552 1556 1551
1559 1558 1557
1560 1559 1557
1563 1562 1561
1564 1563 1561
1567 1566 1565
1568 1567 1565
1571 1570 1569
1572 1571 1569
1575 1574 1573
1576 1575 1573
1579 1578 1577
1580 1579 1577
1583 1582 1581
1584 1583 1581
1587 1586 1585
1588 1587 1585
1591 1590 1589
1592 1591 1589
1595 1594 1593
1596 1595 1593
1599 1598 1597
1600 1599 1597
1603 1602 1601
1604 1603 1601
1607 1606 1605
1608 1607 1605
1611 1610 1609
1612 1611 1609
1615 1614 1613
1616 1615 1613
1619 1618 1617
1620 1619 1617
1623 1622 1621
1624 1623 1621
1627 1626 1625
1628 1627 1625
1631 1630 1629
1632 1631 1629
1633 1631 1632
1634 1633 1632
1634 1635 1633
1635 1636 1633
1635 1637 1636
1637 1638 1636
1637 1639 1638
1639 1640 1638
1639 1641 1640
1641 1642 1640
1645 1644 1643
1645 1643 1646
1645 1646 1647
1645 1647 1648
1645 1648 1649
1645 1649 1644
1652 1651 1650
1652 1650 1653
1652 1653 1654
1652 1654 1655
1652 1655 1656
1652 1656 1651
1659 1658 1657
1660 1659 1657
1663 1662 1661
1664 1663 1661
1667 1666 1665
1668 1667 1665
1671 1670 1669
1672 1671 1669
1675 1674 1673
1676 1675 1673
1679 1678 1677
1680 1679 1677
1683 1682 1681
1684 1683 1681
1687 1686 1685
1688 1687 1685
1691 1690 1689
1692 1691 1689
1693 1691 1692
1694 1693 1692
1697 1696 1695
1698 1697 1695
1698 1695 1699
1700 1698 1699
1703 1702 1701
1704 1703 1701
1705 1703 1704
1706 1705 1704
1709 1708 1707
1710 1709 1707
1711 1710 1707
1712 1711 1707
1715 1714 1713
1715 1713 1716
1715 1716 1717
1715 1717 1718
1715 1718 1719
1715 1719 1714
1722 1721 1720
1723 1722 1720
1726 1725 1724
1725 1727 1724
1730 1729 1728
1731 1730 1728
1734 1733 1732
1735 1734 1732
1738 1737 1736
1739 1738 1736
1742 1741 1740
1743 1742 1740
1746 1745 1744
1747 1746 1744
1750 1749 1748
1751 1750 1748
1754 1753 1752
1755 1754 1752
1758 1757 1756
1759 1758 1756
1762 1761 1760
1763 1762 1760
1766 1765 1764
1767 1766 1764
1408 1409 1768
1409 1769 1768
1768 1769 1770
1771 1768 1770
1771 1770 1772
1773 1771 1772
1773 1772 1774
1775 1773 1774
1775 1774 1776
1777 1775 1776
1777 1776 1778
1779 1777 1778
1782 1781 1780
1781 1783 1780
1781 1784 1783
1784 1785 1783
1784 1786 1785
1786 1787 1785
1786 1788 1787
1788 1789 1787
1789 1788 1790
1788 1791 1790
1790 1791 1792
1791 1793 1792
1792 1793 1794
1793 1795 1794
1794 1795 1796
1795 1797 1796
1796 1797 1798
1797 1799 1798
1799 1800 1798
1800 1801 1798
1804 1803 1802
1803 1805 1802
1802 1805 1806
1805 1807 1806
1806 1807 1808
1807 1809 1808
1808 1809 1810
1811 1808 1810
1811 1810 1812
1813 1811 1812
1813 1812 1814
1815 1813 1814
1815 1814 1816
1817 1815 1816
1817 1816 1818
1819 1817 1818
1819 1818 1820
1818 1821 1820
1820 1821 1822
1821 1823 1822
1826 1825 1824
1825 1827 1824
1825 1828 1827
1828 1829 1827
1828 1830 1829
1830 1831 1829
1830 1832 1831
1832 1833 1831
1833 1832 1834
1832 1835 1834
1834 1835 1836
1835 1837 1836
1836 1837 1838
1837 1839 1838
1838 1839 1840
1839 1841 1840
1840 1841 1842
1841 1843 1842
1843 1844 1842
1844 1845 1842
1848 1847 1846
1847 1849 1846
1846 1849 1850
1849 1851 1850
1850 1851 1852
1851 1853 1852
1852 1853 1854
1853 1855 1854
1854 1855 1856
1855 1857 1856
1856 1857 1858
1859 1856 1858
1859 1858 1860
1861 1859 1860
1861 1860 1862
1863 1861 1862
1863 1862 1864
1865 1863 1864
1865 1864 1866
1867 1865 1866
1870 1869 1868
1869 1871 1868
1869 1872 1871
1872 1873 1871
1872 1874 1873
1874 1875 1873
1874 1876 1875
1876 1877 1875
1877 1876 1878
1876 1879 1878
1878 1879 1880
1879 1881 1880
1880 1881 1882
1881 1883 1882
1882 1883 1884
1883 1885 1884
1884 1885 1886
1885 1887 1886
1887 1888 1886
1888 1889 1886
1892 1891 1890
1891 1893 1890
1890 1893 1894
1893 1895 1894
1894 1895 1896
1895 1897 1896
1896 1897 1898
1899 1896 1898
1899 1898 1900
1901 1899 1900
1901 1900 1902
1903 1901 1902
1903 1902 1904
1905 1903 1904
1905 1904 1906
1907 1905 1906
1907 1906 1908
1906 1909 1908
1908 1909 1910
1909 1911 1910
1914 1913 1912
1913 1915 1912
1913 1916 1915
1916 1917 1915
1916 1918 1917
1918 1919 1917
1918 1920 1919
1920 1921 1919
1921 1920 1922
1920 1923 1922
1922 1923 1924
1923 1925 1924
1924 1925 1926
1925 1927 1926
1926 1927 1928
1927 1929 1928
1928 1929 1930
1929 1931 1930
1931 1932 1930
1932 1933 1930
1936 1935 1934
1935 1937 1934
1934 1937 1938
1937 1939 1938
1938 1939 1940
1939 1941 1940
1940 1941 1942
1941 1943 1942
1942 1943 1944
1943 1945 1944
1944 1945 1946
1947 1944 1946
1947 1946 1948
1949 1947 1948
1949 1948 1950
1951 1949 1950
1951 1950 1952
1953 1951 1952
1953 1952 1954
1955 1953 1954
1958 1957 1956
1957 1959 1956
1957 1960 1959
1960 1961 1959
1960 1962 1961
1962 1963 1961
1962 1964 1963
1964 1965 1963
1965 1964 1966
1964 1967 1966
1966 1967 1968
1967 1969 1968
1968 1969 1970
1969 1971 1970
1970 1971 1972
1971 1973 1972
1972 1973 1974
1973 1975 1974
1975 1976 1974
1976 1977 1974
1980 1979 1978
1979 1981 1978
1978 1981 1982
1981 1983 1982
1982 1983 1984
1983 1985 1984
1984 1985 1986
1987 1984 1986
1987 1986 1988
1989 1987 1988
1989 1988 1990
1991 1989 1990
1991 1990 1992
1993 1991 1992
1993 1992 1994
1995 1993 1994
1995 1994 1996
1994 1997 1996
1996 1997 1998
1997 1999 1998
2002 2001 2000
2001 2003 2000
2000 2003 2004
2003 2005 2004
2004 2005 2006
2005 2007 2006
2006 2007 2008
2009 2006 2008
2009 2008 2010
2011 2009 2010
2011 2010 2012
2013 2011 2012
2013 2012 2014
2015 2013 2014
2015 2014 2016
2017 2015 2016
2017 2016 2018
2016 2019 2018
2018 2019 2020
2019 2021 2020
2024 2023 2022
2023 2025 2022
2022 2025 2026
2025 2027 2026
2026 2027 2028
2027 2029 2028
2028 2029 2030
2031 2028 2030
2031 2030 2032
2033 2031 2032
2033 2032 2034
2035 2033 2034
2035 2034 2036
2037 2035 2036
2037 2036 2038
2039 2037 2038
2039 2038 2040
2038 2041 2040
2040 2041 2042
2041 2043 2042
2046 2045 2044
2045 2047 2044
2044 2047 2048
2047 2049 2048
2052 2051 2050
2053 2052 2050
2056 2055 2054
2057 2056 2054
2060 2059 2058
2059 2061 2058
2064 2063 2062
2063 2065 2062
2068 2067 2066
2068 2069 2067
2072 2071 2070
2073 2072 2070
2076 2075 2074
2077 2076 2074
2080 2079 2078
2083 2082 2081
2086 2085 2084
2087 2086 2084
2090 2089 2088
2091 2090 2088
2094 2093 2092
2097 2096 2095
2096 2098 2095
2101 2100 2099
2104 2103 2102
2105 2104 2102
2108 2107 2106
2111 2110 2109
2114 2113 2112
2115 2114 2112
2118 2117 2116
2119 2118 2116
2119 2116 2120
2116 2121 2120
2124 2123 2122
2124 2126 2125
2127 2124 2125
2129 2128 2122
2132 2131 2130
2132 2134 2133
2135 2132 2133
2135 2136 2130
2139 2138 2137
2140 2139 2137
2143 2142 2141
2144 2143 2141
2144 2141 2145
2141 2146 2145
2149 2148 2147
2148 2150 2147
2150 2151 2147
2151 2152 2147
2155 2154 2153
2153 2157 2156
2158 2153 2156
2161 2160 2159
2161 2163 2162
2164 2161 2162
2166 2165 2159
2169 2168 2167
2168 2170 2167
2170 2171 2167
2171 2172 2167
2175 2174 2173
2178 2177 2176
2179 2178 2176
2182 2181 2180
2181 2183 2180
2186 2185 2184
2189 2188 2187
2188 2190 2187
2193 2192 2191
2196 2195 2194
2195 2197 2194
2200 2199 2198
2201 2200 2198
2204 2203 2202
2205 2204 2202
2208 2207 2206
2209 2208 2206
2212 2211 2210
2213 2212 2210
2216 2215 2214
2217 2216 2214
2220 2219 2218
2223 2222 2221
2226 2225 2224
2227 2226 2224
2230 2229 2228
2231 2230 2228
2234 2233 2232
2234 2236 2235
2236 2237 2235
2235 2237 2238
2237 2240 2239
2236 2242 2241
2245 2244 2243
2246 2245 2243
2249 2248 2247
2250 2249 2247
2253 2252 2251
2254 2253 2251
2257 2256 2255
2260 2259 2258
2263 2262 2261
2264 2263 2261
2267 2266 2265
2268 2267 2265
2271 2270 2269
2274 2273 2272
2274 2276 2275
2277 2274 2275
2277 2275 2278
2281 2280 2279
2284 2283 2282
2285 2284 2282
2288 2287 2286
2289 2288 2286
2292 2291 2290
2293 2292 2290
2296 2295 2294
2297 2296 2294
2300 2299 2298
2303 2302 2301
2306 2305 2304
2307 2306 2304
2310 2309 2308
2311 2310 2308
2314 2313 2312
2315 2314 2312
2318 2317 2316
2319 2318 2316
2322 2321 2320
2323 2322 2320
2326 2325 2324
2327 2326 2324
2330 2329 2328
2331 2330 2328
2334 2333 2332
2335 2334 2332
2338 2337 2336
2339 2338 2336
2342 2341 2340
2343 2342 2340
2346 2345 2344
2347 2346 2344
2350 2349 2348
2351 2350 2348
2354 2353 2352
2355 2354 2352
2358 2357 2356
2359 2358 2356
2362 2361 2360
2363 2362 2360
2366 2365 2364
2369 2368 2367
2372 2371 2370
2373 2372 2370
2376 2375 2374
2379 2378 2377
2382 2381 2380
2383 2382 2380
2386 2385 2384
2387 2386 2384
2390 2389 2388
2391 2390 2388
2394 2393 2392
2397 2396 2395
2398 2397 2395
2401 2400 2399
2404 2403 2402
2407 2406 2405
2408 2407 2405
2411 2410 2409
2412 2411 2409
2415 2414 2413
2416 2415 2413
2419 2418 2417
2422 2421 2420
2423 2422 2420
2426 2425 2424
2427 2426 2424
2430 2429 2428
2431 2430 2428
2434 2433 2432
2435 2434 2432
2438 2437 2436
2441 2440 2439
2440 2442 2439
2445 2444 2443
2448 2447 2446
2449 2448 2446
2452 2451 2450
2453 2452 2450
2456 2455 2454
2457 2456 2454
2460 2459 2458
2461 2460 2458
2464 2463 2462
2467 2466 2465
2470 2469 2468
2471 2470 2468
2474 2473 2472
2473 2475 2472
2478 2477 2476
2479 2478 2476
2482 2481 2480
2483 2482 2480
2486 2485 2484
2487 2486 2484
2490 2489 2488
2489 2491 2488
2494 2493 2492
2494 2495 2493
2498 2497 2496
2497 2499 2496
2502 2501 2500
2501 2503 2500
2506 2505 2504
2509 2508 2507
2512 2511 2510
2511 2513 2510
2516 2515 2514
2517 2516 2514
2520 2519 2518
2521 2520 2518
2524 2523 2522
2525 2524 2522
2528 2527 2526
2529 2528 2526
2532 2531 2530
2533 2532 2530
2534 2532 2533
2535 2534 2533
2535 2536 2534
2536 2537 2534
2536 2538 2537
2538 2539 2537
2538 2540 2539
2540 2541 2539
2540 2542 2541
2542 2543 2541
2546 2545 2544
2546 2544 2547
2546 2547 2548
2546 2548 2549
2546 2549 2550
2546 2550 2545
2553 2552 2551
2553 2551 2554
2553 2554 2555
2553 2555 2556
2553 2556 2557
2553 2557 2552
2560 2559 2558
2561 2560 2558
2048 2049 2562
2049 2563 2562
2562 2563 2564
2565 2562 2564
2565 2564 2566
2567 2565 2566
2567 2566 2568
2569 2567 2568
2569 2568 2570
2571 2569 2570
2571 2570 2572
2573 2571 2572
2573 2572 2574
2572 2575 2574
2574 2575 2576
2575 2577 2576
2580 2579 2578
2579 2581 2578
2578 2581 2582
2581 2583 2582
2582 2583 2584
2583 2585 2584
2584 2585 2586
2587 2584 2586
2587 2586 2588
2589 2587 2588
2589 2588 2590
2591 2589 2590
2591 2590 2592
2593 2591 2592
2593 2592 2594
2595 2593 2594
2595 2594 2596
2594 2597 2596
2596 2597 2598
2597 2599 2598
2602 2601 2600
2603 2602 2600
2603 2600 2604
2600 2605 2604
2604 2605 2606
2605 2607 2606
2606 2607 2608
2607 2609 2608
2608 2609 2610
2609 2611 2610
2610 2611 2612
2611 2613 2612
2612 2613 2614
2615 2612 2614
2615 2614 2616
2617 2615 2616
2617 2616 2618
2619 2617 2618
2619 2618 2620
2621 2619 2620
2624 2623 2622
2625 2624 2622
2625 2622 2626
2622 2627 2626
2626 2627 2628
2627 2629 2628
2628 2629 2630
2629 2631 2630
2630 2631 2632
2631 2633 2632
2632 2633 2634
2633 2635 2634
2634 2635 2636
2637 2634 2636
2637 2636 2638
2639 2637 2638
2639 2638 2640
2641 2639 2640
2641 2640 2642
2643 2641 2642
2646 2645 2644
2647 2646 2644
2647 2644 2648
2644 2649 2648
2648 2649 2650
2649 2651 2650
2650 2651 2652
2651 2653 2652
2652 2653 2654
2653 2655 2654
2654 2655 2656
2655 2657 2656
2656 2657 2658
2659 2656 2658
2659 2658 2660
2661 2659 2660
2661 2660 2662
2663 2661 2662
2663 2662 2664
2665 2663 2664
2668 2667 2666
2669 2668 2666
2669 2666 2670
2666 2671 2670
2670 2671 2672
2671 2673 2672
2672 2673 2674
2673 2675 2674
2674 2675 2676
2675 2677 2676
2676 2677 2678
2677 2679 2678
2678 2679 2680
2681 2678 2680
2681 2680 2682
2683 2681 2682
2683 2682 2684
2685 2683 2684
2685 2684 2686
2687 2685 2686
2690 2689 2688
2691 2690 2688
2691 2688 2692
2693 2691 2692
2693 2692 2694
2695 2693 2694
2695 2694 2696
2694 2697 2696
2696 2697 2698
2697 2699 2698
2698 2699 2700
2699 2701 2700
2700 2701 2702
2701 2703 2702
2702 2703 2704
2703 2705 2704
2704 2705 2706
2707 2704 2706
2707 2706 2708
2709 2707 2708
2712 2711 2710
2713 2712 2710
2713 2710 2714
2715 2713 2714
2715 2714 2716
2717 2715 2716
2717 2716 2718
2716 2719 2718
2718 2719 2720
2719 2721 2720
2720 2721 2722
2721 2723 2722
2722 2723 2724
2723 2725 2724
2724 2725 2726
2725 2727 2726
2726 2727 2728
2729 2726 2728
2729 2728 2730
2731 2729 2730
2734 2733 2732
2735 2734 2732
2735 2732 2736
2737 2735 2736
2737 2736 2738
2739 2737 2738
2739 2738 2740
2738 2741 2740
2740 2741 2742
2741 2743 2742
2742 2743 2744
2743 2745 2744
2744 2745 2746
2745 2747 2746
2746 2747 2748
2747 2749 2748
2748 2749 2750
2751 2748 2750
2751 2750 2752
2753 2751 2752
2756 2755 2754
2757 2756 2754
2757 2754 2758
2759 2757 2758
2759 2758 2760
2761 2759 2760
2761 2760 2762
2760 2763 2762
2762 2763 2764
2763 2765 2764
2764 2765 2766
2765 2767 2766
2766 2767 2768
2767 2769 2768
2768 2769 2770
2769 2771 2770
2770 2771 2772
2773 2770 2772
2773 2772 2774
2775 2773 2774
2778 2777 2776
2777 2779 2776
2777 2780 2779
2780 2781 2779
2781 2780 2782
2783 2781 2782
2782 2784 2783
2784 2785 2783
2786 2785 2784
2787 2786 2784
2788 2786 2787
2789 2788 2787
2790 2788 2789
2791 2790 2789
2792 2790 2791
2793 2792 2791
2794 2792 2793
2795 2794 2793
2795 2796 2794
2796 2797 2794
2800 2799 2798
2800 2798 2801
2800 2801 2802
2800 2802 2803
2800 2803 2804
2800 2804 2805
2800 2805 2806
2800 2806 2807
2800 2807 2808
2800 2808 2799
2811 2810 2809
2811 2809 2812
2811 2812 2813
2811 2813 2814
2811 2814 2815
2811 2815 2816
2811 2816 2817
2811 2817 2818
2811 2818 2819
2811 2819 2810
2822 2821 2820
2821 2823 2820
2821 2824 2823
2824 2825 2823
2826 2825 2824
2827 2826 2824
2828 2826 2827
2829 2828 2827
2830 2828 2829
2831 2830 2829
2832 2830 2831
2833 2832 2831
2834 2832 2833
2835 2834 2833
2835 2836 2834
2836 2837 2834
2836 2838 2837
2838 2839 2837
2838 2840 2839
2840 2841 2839
2842 2560 2561
2843 2842 2561
2843 2844 2842
2844 2845 2842
2844 2846 2845
2846 2847 2845
2846 2848 2847
2848 2849 2847
2848 2850 2849
2850 2851 2849
2854 2853 2852
2854 2852 2855
2854 2855 2856
2854 2856 2857
2854 2857 2858
2854 2858 2853
2861 2860 2859
2861 2859 2862
2861 2862 2863
2861 2863 2864
2861 2864 2865
2861 2865 2860
2868 2867 2866
2869 2868 2866
2869 2870 2868
2870 2871 2868
2870 2872 2871
2872 2873 2871
2874 2873 2872
2875 2874 2872
2875 2876 2874
2876 2877 2874
2876 2878 2877
2878 2879 2877
2882 2881 2880
2882 2880 2883
2882 2883 2884
2882 2884 2885
2882 2885 2886
2882 2886 2881
2889 2888 2887
2889 2887 2890
2889 2890 2891
2889 2891 2892
2889 2892 2893
2889 2893 2888
2896 2895 2894
2897 2896 2894
2898 2896 2897
2899 2898 2897
2899 2900 2898
2900 2901 2898
2900 2902 2901
2902 2903 2901
2902 2904 2903
2904 2905 2903
2904 2906 2905
2906 2907 2905
2910 2909 2908
2910 2908 2911
2910 2911 2912
2910 2912 2913
2910 2913 2914
2910 2914 2909
2917 2916 2915
2917 2915 2918
2917 2918 2919
2917 2919 2920
2917 2920 2921
2917 2921 2916
2924 2923 2922
2925 2924 2922
2925 2922 2926
2927 2925 2926
2927 2926 2928
2929 2927 2928
2929 2928 2930
2931 2929 2930
2931 2930 2932
2930 2933 2932
2932 2933 2934
2933 2935 2934
2938 2937 2936
2938 2936 2939
2938 2939 2940
2938 2940 2941
2938 2941 2942
2938 2942 2937
sm03_materials\cp_materials\plastic\cp_plastic_trim_01_black.material
1
0
1208
0.014893 -0.151367 2.521729
0.000978 -1 0.000001
0 0 0 0
0.038513 0.091248
-0.014893 -0.151367 2.521729
-0.000977 -1 0.000001
0 0 0 0
0.125061 0.091248
-0.027344 -0.151367 2.500244
-0.000977 -1 0.000001
0 0 0 0
0.161072 0.033752
0.027344 -0.151367 2.500244
0.000978 -1 0.000001
0 0 0 0
0.002502 0.033752
-0.014893 -0.151367 2.521729
-0.000977 -1 0.000001
0 0 0 0
0.038696 0.091248
-0.029785 -0.151367 2.547363
-0.000977 -1 0.000001
0 0 0 0
0.125244 0.091248
-0.054443 -0.151367 2.547363
-0.000977 -1 0.000001
0 0 0 0
0.161316 0.033752
-0.027344 -0.151367 2.500244
-0.000977 -1 0.000001
0 0 0 0
0.002502 0.033752
-0.027344 2.561523 2.501465
0.000978 1 -0.000001
0 0 0 0
0.585083 0.033752
-0.014893 2.561523 2.522949
0.000978 1 -0.000001
0 0 0 0
0.621094 0.091248
0.014893 2.561523 2.522949
-0.000977 1 -0.000001
0 0 0 0
0.707642 0.091248
0.027344 2.561523 2.501465
-0.000977 1 -0.000001
0 0 0 0
0.743652 0.033752
-0.054443 2.561523 2.548584
0.000978 1 -0.000001
0 0 0 0
0.585083 0.033752
-0.029785 2.561523 2.548584
0.000978 1 -0.000001
0 0 0 0
0.621155 0.091248
-0.014893 2.561523 2.522949
0.000978 1 -0.000001
0 0 0 0
0.707764 0.091248
-0.027344 2.561523 2.501465
0.000978 1 -0.000001
0 0 0 0
0.743896 0.033752
-0.054443 -0.151367 2.547363
-0.000977 -1 0.000001
0 0 0 0
0.002502 0.033752
-0.029785 -0.151367 2.547363
-0.000977 -1 0.000001
0 0 0 0
0.038574 0.091248
-0.014893 -0.151367 2.573242
0.000978 -1 0.000001
0 0 0 0
0.125122 0.091248
-0.027344 -0.151367 2.594727
0.000978 -1 0.000001
0 0 0 0
0.161377 0.033752
-0.014893 2.561523 2.574463
-0.000977 1 -0.000001
0 0 0 0
0.621277 0.091248
-0.029785 2.561523 2.548584
0.000978 1 -0.000001
0 0 0 0
0.707886 0.091248
-0.054443 2.561523 2.548584
0.000978 1 -0.000001
0 0 0 0
0.743958 0.033752
-0.027344 2.561523 2.595947
-0.000977 1 -0.000001
0 0 0 0
0.585083 0.033752
-0.027344 -0.151367 2.594727
0.000978 -1 0.000001
0 0 0 0
0.002502 0.033752
-0.014893 -0.151367 2.573242
0.000978 -1 0.000001
0 0 0 0
0.038452 0.091248
0.014893 -0.151367 2.573242
-0.000977 -1 0.000001
0 0 0 0
0.125 0.091248
0.027344 -0.151367 2.594727
-0.000977 -1 0.000001
0 0 0 0
0.161011 0.033752
0.014893 2.561523 2.574463
0.000978 1 -0.000001
0 0 0 0
0.621094 0.091248
-0.014893 2.561523 2.574463
-0.000977 1 -0.000001
0 0 0 0
0.707642 0.091248
-0.027344 2.561523 2.595947
-0.000977 1 -0.000001
0 0 0 0
0.743652 0.033752
0.027344 2.561523 2.595947
0.000978 1 -0.000001
0 0 0 0
0.585083 0.033752
0.014893 -0.151367 2.573242
-0.000977 -1 0.000001
0 0 0 0
0.038635 0.091248
0.029785 -0.151367 2.547363
0.000978 -1 0.000001
0 0 0 0
0.125122 0.091248
0.054688 -0.151367 2.547363
0.000978 -1 0.000001
0 0 0 0
0.161255 0.033752
0.027344 -0.151367 2.594727
-0.000977 -1 0.000001
0 0 0 0
0.002502 0.033752
0.054688 2.561523 2.548584
0.000978 1 -0.000001
0 0 0 0
0.585083 0.033752
0.029785 2.561523 2.548584
0.000978 1 -0.000001
0 0 0 0
0.621216 0.091248
0.014893 2.561523 2.574463
0.000978 1 -0.000001
0 0 0 0
0.707703 0.091248
0.027344 2.561523 2.595947
0.000978 1 -0.000001
0 0 0 0
0.743835 0.033752
0.054688 -0.151367 2.547363
0.000978 -1 0.000001
0 0 0 0
0.002502 0.033752
0.029785 -0.151367 2.547363
0.000978 -1 0.000001
0 0 0 0
0.038574 0.091248
0.014893 -0.151367 2.521729
0.000978 -1 0.000001
0 0 0 0
0.125061 0.091248
0.027344 -0.151367 2.500244
0.000978 -1 0.000001
0 0 0 0
0.161255 0.033752
0.014893 2.561523 2.522949
-0.000977 1 -0.000001
0 0 0 0
0.621277 0.091248
0.029785 2.561523 2.548584
0.000978 1 -0.000001
0 0 0 0
0.707703 0.091248
0.054688 2.561523 2.548584
0.000978 1 -0.000001
0 0 0 0
0.743835 0.033752
0.027344 2.561523 2.501465
-0.000977 1 -0.000001
0 0 0 0
0.585083 0.033752
0.058594 4.23291 2.549072
0.000978 -1 0.000001
0 0 0 0
0.409851 0.033752
0.029785 4.23291 2.549072
0.000978 -1 0.000001
0 0 0 0
0.445801 0.091248
0.014893 4.23291 2.523193
0.000978 -1 0.000001
0 0 0 0
0.519897 0.091248
0.029297 4.23291 2.498291
0.000978 -1 0.000001
0 0 0 0
0.55603 0.033752
0.014893 4.23291 2.523193
0.000978 -1 0.000001
0 0 0 0
0.445923 0.091248
-0.014893 4.23291 2.523193
-0.000977 -1 0.000001
0 0 0 0
0.520081 0.091248
-0.029297 4.23291 2.498291
-0.000977 -1 0.000001
0 0 0 0
0.556091 0.033752
0.029297 4.23291 2.498291
0.000978 -1 0.000001
0 0 0 0
0.409851 0.033752
0.058594 4.23291 2.549072
0.86573 0.001197 -0.500511
0 0 0 0
1.000244 1.152466
0.029297 4.23291 2.498291
0.86573 0.001197 -0.500511
0 0 0 0
1.000244 1.094971
0.029297 5.229736 2.498535
0.86573 0.001197 -0.500511
0 0 0 0
0.002502 1.094971
0.058594 5.229736 2.549316
0.86573 0.001197 -0.500511
0 0 0 0
0.002502 1.152466
0.029297 5.229736 2.498535
0.001382 0.001382 -0.999998
0 0 0 0
0.999695 1.152466
0.029297 4.23291 2.498291
0.001382 0.001382 -0.999998
0 0 0 0
0.002502 1.152466
-0.029297 4.23291 2.498291
0.001382 0.001382 -0.999998
0 0 0 0
0.002502 1.094971
-0.029297 5.229736 2.498535
0.001382 0.001382 -0.999998
0 0 0 0
0.999695 1.094971
0.029297 5.229736 2.498535
-0.000977 1 -0.000001
0 0 0 0
0.409851 0.033752
0.014893 5.229736 2.523682
-0.000977 1 -0.000001
0 0 0 0
0.445923 0.091248
0.029785 5.229736 2.549316
0.000978 1 -0.000001
0 0 0 0
0.52002 0.091248
0.058594 5.229736 2.549316
0.000978 1 -0.000001
0 0 0 0
0.556152 0.033752
-0.029297 5.229736 2.498535
0.000978 1 -0.000001
0 0 0 0
0.409851 0.033752
-0.014893 5.229736 2.523682
0.000978 1 -0.000001
0 0 0 0
0.445923 0.091248
0.014893 5.229736 2.523682
-0.000977 1 -0.000001
0 0 0 0
0.520203 0.091248
0.029297 5.229736 2.498535
-0.000977 1 -0.000001
0 0 0 0
0.556335 0.033752
-0.014893 4.23291 2.523193
-0.000977 -1 0.000001
0 0 0 0
0.445984 0.091248
-0.029785 4.23291 2.549072
-0.000977 -1 0.000001
0 0 0 0
0.520142 0.091248
-0.058594 4.23291 2.549072
-0.000977 -1 0.000001
0 0 0 0
0.556152 0.033752
-0.029297 4.23291 2.498291
-0.000977 -1 0.000001
0 0 0 0
0.409851 0.033752
-0.029297 5.229736 2.498535
-0.865729 0.001197 -0.500511
0 0 0 0
1 1.152466
-0.029297 4.23291 2.498291
-0.865729 0.001197 -0.500511
0 0 0 0
0.002502 1.152466
-0.058594 4.23291 2.549072
-0.865729 0.001197 -0.500511
0 0 0 0
0.002502 1.094971
-0.058594 5.229736 2.549316
-0.865729 0.001197 -0.500511
0 0 0 0
1 1.094971
-0.029785 5.229736 2.549316
-0.000977 1 -0.000001
0 0 0 0
0.445984 0.091248
-0.014893 5.229736 2.523682
0.000978 1 -0.000001
0 0 0 0
0.520203 0.091248
-0.029297 5.229736 2.498535
0.000978 1 -0.000001
0 0 0 0
0.556274 0.033752
-0.058594 5.229736 2.549316
-0.000977 1 -0.000001
0 0 0 0
0.409851 0.033752
-0.029785 4.23291 2.549072
-0.000977 -1 0.000001
0 0 0 0
0.445984 0.091248
-0.014893 4.23291 2.574707
0.000978 -1 0.000001
0 0 0 0
0.520203 0.091248
-0.029297 4.23291 2.599854
0.000978 -1 0.000001
0 0 0 0
0.556274 0.033752
-0.058594 4.23291 2.549072
-0.000977 -1 0.000001
0 0 0 0
0.409851 0.033752
-0.058594 5.229736 2.549316
-0.865729 -0.001197 0.500511
0 0 0 0
1.000183 1.152466
-0.058594 4.23291 2.549072
-0.865729 -0.001197 0.500511
0 0 0 0
0.002502 1.152466
-0.029297 4.23291 2.599854
-0.865729 -0.001197 0.500511
0 0 0 0
0.002502 1.094971
-0.029297 5.229736 2.600098
-0.865729 -0.001197 0.500511
0 0 0 0
1.000183 1.094971
-0.014893 5.229736 2.575195
-0.000977 1 -0.000001
0 0 0 0
0.445984 0.091248
-0.029785 5.229736 2.549316
-0.000977 1 -0.000001
0 0 0 0
0.520142 0.091248
-0.058594 5.229736 2.549316
-0.000977 1 -0.000001
0 0 0 0
0.556152 0.033752
-0.029297 5.229736 2.600098
-0.000977 1 -0.000001
0 0 0 0
0.409851 0.033752
-0.029297 4.23291 2.599854
0.000978 -1 0.000001
0 0 0 0
0.409851 0.033752
-0.014893 4.23291 2.574707
0.000978 -1 0.000001
0 0 0 0
0.445923 0.091248
0.014893 4.23291 2.574707
-0.000977 -1 0.000001
0 0 0 0
0.520203 0.091248
0.029297 4.23291 2.599854
-0.000977 -1 0.000001
0 0 0 0
0.556335 0.033752
-0.029297 5.229736 2.600098
0.001382 -0.001382 0.999998
0 0 0 0
0.999756 1.152466
-0.029297 4.23291 2.599854
0.001382 -0.001382 0.999998
0 0 0 0
0.002502 1.152466
0.029297 4.23291 2.599854
0.001382 -0.001382 0.999998
0 0 0 0
0.002502 1.094971
0.029297 5.229736 2.600098
0.001382 -0.001382 0.999998
0 0 0 0
0.999756 1.094971
0.014893 5.229736 2.575195
0.000978 1 -0.000001
0 0 0 0
0.445923 0.091248
-0.014893 5.229736 2.575195
-0.000977 1 -0.000001
0 0 0 0
0.520081 0.091248
-0.029297 5.229736 2.600098
-0.000977 1 -0.000001
0 0 0 0
0.556091 0.033752
0.029297 5.229736 2.600098
0.000978 1 -0.000001
0 0 0 0
0.409851 0.033752
0.029297 4.23291 2.599854
-0.000977 -1 0.000001
0 0 0 0
0.409851 0.033752
0.014893 4.23291 2.574707
-0.000977 -1 0.000001
0 0 0 0
0.445923 0.091248
0.029785 4.23291 2.549072
0.000978 -1 0.000001
0 0 0 0
0.520081 0.091248
0.058594 4.23291 2.549072
0.000978 -1 0.000001
0 0 0 0
0.556213 0.033752
0.058594 5.229736 2.549316
0.86573 -0.001197 0.500511
0 0 0 0
0.002502 1.094971
0.029297 5.229736 2.600098
0.86573 -0.001197 0.500511
0 0 0 0
0.002502 1.152466
0.029297 4.23291 2.599854
0.86573 -0.001197 0.500511
0 0 0 0
1.000305 1.152466
0.058594 4.23291 2.549072
0.86573 -0.001197 0.500511
0 0 0 0
1.000305 1.094971
0.058594 5.229736 2.549316
0.000978 1 -0.000001
0 0 0 0
0.409851 0.033752
0.029785 5.229736 2.549316
0.000978 1 -0.000001
0 0 0 0
0.445801 0.091248
0.014893 5.229736 2.575195
0.000978 1 -0.000001
0 0 0 0
0.519897 0.091248
0.029297 5.229736 2.600098
0.000978 1 -0.000001
0 0 0 0
0.55603 0.033752
0.014893 6.644531 2.523926
0.000978 -1 0.000001
0 0 0 0
0.257019 0.091248
-0.014893 6.644531 2.523926
-0.000977 -1 0.000001
0 0 0 0
0.352417 0.091248
-0.026123 6.644531 2.504395
-0.000977 -1 0.000001
0 0 0 0
0.388489 0.033752
0.026123 6.644531 2.504395
0.000978 -1 0.000001
0 0 0 0
0.220886 0.033752
0.052246 6.644531 2.549561
0.000978 -1 0.000001
0 0 0 0
0.220886 0.033752
0.029785 6.644531 2.549561
0.000978 -1 0.000001
0 0 0 0
0.256897 0.091248
0.014893 6.644531 2.523926
0.000978 -1 0.000001
0 0 0 0
0.352234 0.091248
0.026123 6.644531 2.504395
0.000978 -1 0.000001
0 0 0 0
0.388306 0.033752
0.026123 6.644531 2.504395
0.001382 -0.029028 -0.999578
0 0 0 0
0.003052 0.033752
-0.026123 6.644531 2.504395
0.001382 -0.029028 -0.999578
0 0 0 0
0.002502 0.091248
-0.046631 7.880127 2.469238
0.001382 -0.029028 -0.999578
0 0 0 0
0.999268 0.091248
0.046631 7.880127 2.469238
0.001382 -0.029028 -0.999578
0 0 0 0
1.000305 0.033752
0.052246 6.644531 2.549561
0.865584 -0.027536 -0.500006
0 0 0 0
0.003052 0.033752
0.026123 6.644531 2.504395
0.865584 -0.027536 -0.500006
0 0 0 0
0.002502 0.091248
0.046631 7.880127 2.469238
0.865584 -0.027536 -0.500006
0 0 0 0
0.999695 0.091248
0.093018 7.880127 2.549805
0.865584 -0.027536 -0.500006
0 0 0 0
1.000732 0.033752
-0.043701 7.900635 2.473877
0.001359 0.360143 -0.932896
0 0 0 0
0.754456 0.156189
0.046631 7.880127 2.469238
0.001374 0.223899 -0.974611
0 0 0 0
0.517639 0.216248
-0.046631 7.880127 2.469238
0.001374 0.223899 -0.974611
0 0 0 0
0.768005 0.216248
0.043945 7.900635 2.473877
0.001359 0.360143 -0.932896
0 0 0 0
0.531189 0.156189
-0.036377 7.921387 2.486816
0.001329 0.527752 -0.849397
0 0 0 0
0.740845 0.09613
0.036377 7.921387 2.486816
0.001329 0.527752 -0.849397
0 0 0 0
0.544739 0.09613
0.043945 7.900635 2.473877
0.808198 0.360908 -0.465362
0 0 0 0
0.754395 0.156189
0.093018 7.880127 2.549805
0.844719 0.225179 -0.485535
0 0 0 0
0.517639 0.216309
0.046631 7.880127 2.469238
0.844719 0.225179 -0.485535
0 0 0 0
0.768005 0.216309
0.087646 7.900635 2.549805
0.808198 0.360908 -0.465362
0 0 0 0
0.531189 0.156189
0.036377 7.921387 2.486816
0.736358 0.526304 -0.425184
0 0 0 0
0.740845 0.096069
0.072754 7.921387 2.549805
0.736358 0.526304 -0.425184
0 0 0 0
0.544739 0.096069
0.014893 6.644531 2.575439
-0.000977 -1 0.000001
0 0 0 0
0.256958 0.091248
0.029785 6.644531 2.549561
0.000978 -1 0.000001
0 0 0 0
0.352295 0.091248
0.052246 6.644531 2.549561
0.000978 -1 0.000001
0 0 0 0
0.388306 0.033752
0.026123 6.644531 2.594727
-0.000977 -1 0.000001
0 0 0 0
0.220886 0.033752
0.026123 6.644531 2.594727
0.865584 -0.027536 0.500006
0 0 0 0
0.003052 0.033752
0.052246 6.644531 2.549561
0.865584 -0.027536 0.500006
0 0 0 0
0.002502 0.091248
0.093018 7.880127 2.549805
0.865584 -0.027536 0.500006
0 0 0 0
0.999634 0.091248
0.046631 7.880127 2.630371
0.865584 -0.027536 0.500006
0 0 0 0
1.000671 0.033752
0.093018 7.880127 2.549805
0.844719 0.225179 0.485535
0 0 0 0
0.768005 0.216309
0.043945 7.900635 2.625488
0.808198 0.360908 0.465362
0 0 0 0
0.53125 0.156189
0.046631 7.880127 2.630371
0.844719 0.225179 0.485535
0 0 0 0
0.517639 0.216309
0.087646 7.900635 2.549805
0.808198 0.360908 0.465362
0 0 0 0
0.754456 0.156189
0.036377 7.921387 2.612793
0.736358 0.526304 0.425184
0 0 0 0
0.5448 0.096069
0.072754 7.921387 2.549805
0.736358 0.526304 0.425184
0 0 0 0
0.740906 0.096069
-0.026123 6.644531 2.594727
0.000978 -1 0.000001
0 0 0 0
0.220886 0.033752
-0.014893 6.644531 2.575439
0.000978 -1 0.000001
0 0 0 0
0.256958 0.091248
0.014893 6.644531 2.575439
-0.000977 -1 0.000001
0 0 0 0
0.352417 0.091248
0.026123 6.644531 2.594727
-0.000977 -1 0.000001
0 0 0 0
0.388489 0.033752
-0.046631 7.880127 2.630371
0.001382 -0.029028 0.999578
0 0 0 0
0.99939 0.091248
-0.026123 6.644531 2.594727
0.001382 -0.029028 0.999578
0 0 0 0
0.002502 0.091248
0.026123 6.644531 2.594727
0.001382 -0.029028 0.999578
0 0 0 0
0.003052 0.033752
0.046631 7.880127 2.630371
0.001382 -0.029028 0.999578
0 0 0 0
1.000427 0.033752
0.046631 7.880127 2.630371
0.001374 0.223899 0.974611
0 0 0 0
0.768005 0.216248
-0.043701 7.900635 2.625488
0.001359 0.360143 0.932896
0 0 0 0
0.531189 0.156189
-0.046631 7.880127 2.630371
0.001374 0.223899 0.974611
0 0 0 0
0.517639 0.216248
0.043945 7.900635 2.625488
0.001359 0.360143 0.932896
0 0 0 0
0.754456 0.156189
-0.036377 7.921387 2.612793
0.001329 0.527752 0.849397
0 0 0 0
0.5448 0.09613
0.036377 7.921387 2.612793
0.001329 0.527752 0.849397
0 0 0 0
0.740906 0.09613
-0.029785 6.644531 2.549561
0.000978 -1 0.000001
0 0 0 0
0.256958 0.091248
-0.014893 6.644531 2.575439
0.000978 -1 0.000001
0 0 0 0
0.352295 0.091248
-0.026123 6.644531 2.594727
0.000978 -1 0.000001
0 0 0 0
0.388367 0.033752
-0.052246 6.644531 2.549561
0.000978 -1 0.000001
0 0 0 0
0.220886 0.033752
-0.093018 7.880127 2.549805
-0.865584 -0.027536 0.500006
0 0 0 0
0.999573 0.091248
-0.052246 6.644531 2.549561
-0.865584 -0.027536 0.500006
0 0 0 0
0.002502 0.091248
-0.026123 6.644531 2.594727
-0.865584 -0.027536 0.500006
0 0 0 0
0.003052 0.033752
-0.046631 7.880127 2.630371
-0.865584 -0.027536 0.500006
0 0 0 0
1.00061 0.033752
-0.043701 7.900635 2.625488
-0.808198 0.360908 0.465362
0 0 0 0
0.754456 0.156189
-0.093018 7.880127 2.549805
-0.843103 0.225384 0.488242
0 0 0 0
0.517639 0.216309
-0.046631 7.880127 2.630371
-0.843103 0.225384 0.488242
0 0 0 0
0.768005 0.216309
-0.087646 7.900635 2.549805
-0.808198 0.360908 0.465362
0 0 0 0
0.531189 0.156189
-0.072754 7.921387 2.549805
-0.736358 0.526304 0.425184
0 0 0 0
0.5448 0.096069
-0.036377 7.921387 2.612793
-0.736358 0.526304 0.425184
0 0 0 0
0.740845 0.096069
-0.026123 6.644531 2.504395
-0.000977 -1 0.000001
0 0 0 0
0.220886 0.033752
-0.014893 6.644531 2.523926
-0.000977 -1 0.000001
0 0 0 0
0.256958 0.091248
-0.029785 6.644531 2.549561
0.000978 -1 0.000001
0 0 0 0
0.352295 0.091248
-0.052246 6.644531 2.549561
0.000978 -1 0.000001
0 0 0 0
0.388367 0.033752
-0.046631 7.880127 2.469238
-0.865584 -0.027536 -0.500006
0 0 0 0
0.999573 0.091248
-0.026123 6.644531 2.504395
-0.865584 -0.027536 -0.500006
0 0 0 0
0.002502 0.091248
-0.052246 6.644531 2.549561
-0.865584 -0.027536 -0.500006
0 0 0 0
0.003052 0.033752
-0.093018 7.880127 2.549805
-0.865584 -0.027536 -0.500006
0 0 0 0
1.00061 0.033752
-0.087646 7.900635 2.549805
-0.808198 0.360908 -0.465362
0 0 0 0
0.754395 0.156189
-0.046631 7.880127 2.469238
-0.843103 0.225384 -0.488242
0 0 0 0
0.517639 0.216309
-0.093018 7.880127 2.549805
-0.843103 0.225384 -0.488242
0 0 0 0
0.768005 0.216248
-0.043701 7.900635 2.473877
-0.808198 0.360908 -0.465362
0 0 0 0
0.531189 0.156189
-0.072754 7.921387 2.549805
-0.736358 0.526304 -0.425184
0 0 0 0
0.740845 0.096069
-0.036377 7.921387 2.486816
-0.736358 0.526304 -0.425184
0 0 0 0
0.544739 0.09613
0.028076 7.921387 2.501221
0.000978 1 -0.000001
0 0 0 0
0.141724 0.028748
-0.036377 7.921387 2.486816
0.000978 1 -0.000001
0 0 0 0
0.002502 0.002502
-0.028076 7.921387 2.501221
0.000978 1 -0.000001
0 0 0 0
0.020569 0.028748
0.036377 7.921387 2.486816
0.000978 1 -0.000001
0 0 0 0
0.15979 0.002502
-0.028076 7.921387 2.501221
0.000978 1 -0.000001
0 0 0 0
0.038574 0.033752
-0.036377 7.921387 2.486816
0.000978 1 -0.000001
0 0 0 0
0.002502 0.091248
-0.072754 7.921387 2.549805
0.000978 1 -0.000001
0 0 0 0
0.316711 0.091248
-0.056152 7.921387 2.549805
0.000978 1 -0.000001
0 0 0 0
0.28064 0.033752
-0.056152 7.921387 2.549805
0.000978 1 -0.000001
0 0 0 0
0.359558 0.153503
-0.072754 7.921387 2.549805
0.000978 1 -0.000001
0 0 0 0
0.395691 0.096008
-0.036377 7.921387 2.612793
0.000978 1 0.000001
0 0 0 0
0.08136 0.096008
-0.028076 7.921387 2.598389
0.000978 1 0.000001
0 0 0 0
0.117493 0.153503
-0.036377 7.921387 2.612793
0.000978 1 0.000001
0 0 0 0
0.15979 0.002502
0.028076 7.921387 2.598389
0.000978 1 0.000001
0 0 0 0
0.020569 0.028748
-0.028076 7.921387 2.598389
0.000978 1 0.000001
0 0 0 0
0.141724 0.028748
0.036377 7.921387 2.612793
0.000978 1 0.000001
0 0 0 0
0.002502 0.002502
0.028076 7.921387 2.598389
0.000978 1 0.000001
0 0 0 0
0.141541 0.028748
0.036377 7.921387 2.612793
0.000978 1 0.000001
0 0 0 0
0.159607 0.002502
0.072754 7.921387 2.549805
0.000978 1 -0.000001
0 0 0 0
0.002502 0.002502
0.056152 7.921387 2.549805
0.000978 1 -0.000001
0 0 0 0
0.020508 0.028748
0.072754 7.921387 2.549805
0.000978 1 -0.000001
0 0 0 0
0.159607 0.002502
0.036377 7.921387 2.486816
0.000978 1 -0.000001
0 0 0 0
0.002502 0.002502
0.028076 7.921387 2.501221
0.000978 1 -0.000001
0 0 0 0
0.020569 0.028748
0.056152 7.921387 2.549805
0.000978 1 -0.000001
0 0 0 0
0.141602 0.028748
0.027344 -0.151367 2.500244
0.001382 0.001382 -0.999998
0 0 0 0
0.235535 0.095398
-0.027344 -0.151367 2.500244
0.001382 0.001382 -0.999998
0 0 0 0
0.235535 0.152893
-0.027344 0.052002 2.500488
0.001382 0.001382 -0.999998
0 0 0 0
0.002502 0.152893
0.027344 0.052002 2.500488
0.001382 0.001382 -0.999998
0 0 0 0
0.002502 0.095398
-0.027344 0.052002 2.500488
-0.865729 0.001197 -0.500511
0 0 0 0
0.235413 0.152893
-0.027344 -0.151367 2.500244
-0.865729 0.001197 -0.500511
0 0 0 0
0.002502 0.152893
-0.054443 -0.151367 2.547363
-0.865729 0.001197 -0.500511
0 0 0 0
0.002625 0.095398
-0.054443 0.052002 2.547852
-0.865729 0.001197 -0.500511
0 0 0 0
0.235535 0.095398
-0.054443 0.052002 2.547852
-0.865729 -0.001197 0.500511
0 0 0 0
0.235413 0.152893
-0.054443 -0.151367 2.547363
-0.865729 -0.001197 0.500511
0 0 0 0
0.002502 0.152893
-0.027344 -0.151367 2.594727
-0.865729 -0.001197 0.500511
0 0 0 0
0.002625 0.095398
-0.027344 0.052002 2.595215
-0.865729 -0.001197 0.500511
0 0 0 0
0.235535 0.095398
-0.027344 -0.151367 2.594727
0.001382 -0.001382 0.999998
0 0 0 0
0.002502 0.152893
0.027344 -0.151367 2.594727
0.001382 -0.001382 0.999998
0 0 0 0
0.002502 0.095398
0.027344 0.052002 2.595215
0.001382 -0.001382 0.999998
0 0 0 0
0.235535 0.095398
-0.027344 0.052002 2.595215
0.001382 -0.001382 0.999998
0 0 0 0
0.235535 0.152893
0.027344 -0.151367 2.594727
0.86573 -0.001197 0.500511
0 0 0 0
0.002625 0.152893
0.054688 -0.151367 2.547363
0.86573 -0.001197 0.500511
0 0 0 0
0.002502 0.095398
0.054688 0.052002 2.547852
0.86573 -0.001197 0.500511
0 0 0 0
0.235413 0.095398
0.027344 0.052002 2.595215
0.86573 -0.001197 0.500511
0 0 0 0
0.235535 0.152893
0.054688 -0.151367 2.547363
0.86573 0.001197 -0.500511
0 0 0 0
0.002625 0.152893
0.027344 -0.151367 2.500244
0.86573 0.001197 -0.500511
0 0 0 0
0.002502 0.095398
0.027344 0.052002 2.500488
0.86573 0.001197 -0.500511
0 0 0 0
0.235413 0.095398
0.054688 0.052002 2.547852
0.86573 0.001197 -0.500511
0 0 0 0
0.235535 0.152893
0.027344 1.578369 2.500977
0.001382 0.001382 -0.999998
0 0 0 0
0.002502 0.09491
-0.027344 1.578369 2.500977
0.001382 0.001382 -0.999998
0 0 0 0
0.002502 0.152405
-0.027344 2.561523 2.501465
0.001382 0.001382 -0.999998
0 0 0 0
1.000305 0.152405
0.027344 2.561523 2.501465
0.001382 0.001382 -0.999998
0 0 0 0
1.000305 0.09491
0.054688 1.578369 2.548096
0.86573 0.001197 -0.500511
0 0 0 0
0.002502 0.09491
0.027344 1.578369 2.500977
0.86573 0.001197 -0.500511
0 0 0 0
0.002502 0.152405
0.027344 2.561523 2.501465
0.86573 0.001197 -0.500511
0 0 0 0
0.999756 0.152405
0.054688 2.561523 2.548584
0.86573 0.001197 -0.500511
0 0 0 0
0.999756 0.09491
0.027344 1.578369 2.595459
0.86573 -0.001197 0.500511
0 0 0 0
0.002502 0.09491
0.054688 1.578369 2.548096
0.86573 -0.001197 0.500511
0 0 0 0
0.002502 0.152405
0.054688 2.561523 2.548584
0.86573 -0.001197 0.500511
0 0 0 0
0.999695 0.152405
0.027344 2.561523 2.595947
0.86573 -0.001197 0.500511
0 0 0 0
0.999695 0.09491
-0.027344 1.578369 2.595459
0.001382 -0.001382 0.999998
0 0 0 0
0.002502 0.09491
0.027344 1.578369 2.595459
0.001382 -0.001382 0.999998
0 0 0 0
0.002502 0.152405
0.027344 2.561523 2.595947
0.001382 -0.001382 0.999998
0 0 0 0
1.000305 0.152405
-0.027344 2.561523 2.595947
0.001382 -0.001382 0.999998
0 0 0 0
1.000305 0.09491
-0.054443 2.561523 2.548584
-0.865729 -0.001197 0.500511
0 0 0 0
0.999695 0.09491
-0.054443 1.578369 2.548096
-0.865729 -0.001197 0.500511
0 0 0 0
0.002502 0.09491
-0.027344 1.578369 2.595459
-0.865729 -0.001197 0.500511
0 0 0 0
0.002502 0.152405
-0.027344 2.561523 2.595947
-0.865729 -0.001197 0.500511
0 0 0 0
0.999695 0.152405
-0.027344 2.561523 2.501465
-0.865729 0.001197 -0.500511
0 0 0 0
0.999756 0.09491
-0.027344 1.578369 2.500977
-0.865729 0.001197 -0.500511
0 0 0 0
0.002502 0.09491
-0.054443 1.578369 2.548096
-0.865729 0.001197 -0.500511
0 0 0 0
0.002502 0.152405
-0.054443 2.561523 2.548584
-0.865729 0.001197 -0.500511
0 0 0 0
0.999756 0.152405
-0.060059 0.961914 2.490967
0.001315 0.585352 -0.810778
0 0 0 0
0.359558 0.028748
-0.036377 0.961914 2.490967
0.001315 0.585352 -0.810778
0 0 0 0
0.359558 0.002502
-0.036377 0.76416 2.3479
0.001315 0.585352 -0.810778
0 0 0 0
0.002319 0.002502
-0.060059 0.76416 2.3479
0.001315 0.585352 -0.810778
0 0 0 0
0.002319 0.028748
-0.060059 0.76416 2.3479
0.001382 0.001382 -0.999998
0 0 0 0
0.997681 0.028748
-0.036377 0.76416 2.3479
0.001382 0.001382 -0.999998
0 0 0 0
0.997681 0.002502
-0.036377 0.751709 2.3479
0.001382 0.001382 -0.999998
0 0 0 0
0.979431 0.002502
-0.060059 0.751709 2.3479
0.001382 0.001382 -0.999998
0 0 0 0
0.979431 0.028748
-0.036377 0.083984 2.3479
0.001382 0.001382 -0.999998
0 0 0 0
0.002319 0.002502
-0.060059 0.083984 2.3479
0.001382 0.001382 -0.999998
0 0 0 0
0.002319 0.028748
-0.060059 0.76416 2.3479
-1 0.000978 -0.000001
0 0 0 0
0.44574 1.220154
-0.060059 0.751709 2.3479
-1 0.000978 -0.000001
0 0 0 0
0.454224 1.226318
-0.060059 0.949463 2.490967
-1 0.000978 -0.000001
0 0 0 0
0.248291 1.226318
-0.060059 0.961914 2.490967
-1 0.000978 -0.000001
0 0 0 0
0.239746 1.220154
-0.060059 0.751709 2.3479
-1 0.000978 -0.000001
0 0 0 0
0.435669 1.096069
-0.060059 0.083984 2.3479
-1 0.000978 -0.000001
0 0 0 0
0.999023 1.096069
-0.060059 0.083984 2.490967
-1 0.000978 -0.000001
0 0 0 0
0.999023 1.216858
-0.060059 0.949463 2.490967
-1 0.000978 -0.000001
0 0 0 0
0.268799 1.216858
0.036377 1.444336 2.446289
1 0.000978 -0.000001
0 0 0 0
0.956482 0.188293
0.036377 1.506348 2.490967
1 0.000978 -0.000001
0 0 0 0
1 0.215515
0.036377 1.452637 2.490967
1 0.000978 -0.000001
0 0 0 0
0.962158 0.215515
0.036377 1.370361 2.431641
1 0.000978 -0.000001
0 0 0 0
0.904358 0.179382
0.036377 0.083984 2.490967
1 0.000978 -0.000001
0 0 0 0
0 0.215515
0.036377 0.083984 2.392334
1 0.000978 -0.000001
0 0 0 0
0 0.155579
0.036377 1.262207 2.353271
1 0.000978 -0.000001
0 0 0 0
0.82843 0.131836
0.036377 1.180176 2.293945
1 0.000978 -0.000001
0 0 0 0
0.77063 0.095703
0.036377 0.083984 2.293945
1 0.000978 -0.000001
0 0 0 0
0 0.095703
0.036377 1.233887 2.293945
1 0.000978 -0.000001
0 0 0 0
0.808472 0.095703
0.036377 1.293457 2.336914
1 0.000978 -0.000001
0 0 0 0
0.850281 0.121826
-0.036377 1.444336 2.446289
-1 0.000978 -0.000001
0 0 0 0
0.956482 0.188293
-0.036377 1.452637 2.490967
-1 0.000978 -0.000001
0 0 0 0
0.962158 0.215515
-0.036377 1.506348 2.490967
-1 0.000978 -0.000001
0 0 0 0
1 0.215515
-0.036377 1.370361 2.431641
-1 0.000978 -0.000001
0 0 0 0
0.904358 0.179382
-0.036377 0.083984 2.490967
-1 0.000978 -0.000001
0 0 0 0
0 0.215515
-0.036377 0.083984 2.392334
-1 0.000978 -0.000001
0 0 0 0
0 0.155579
-0.036377 1.262207 2.353271
-1 0.000978 -0.000001
0 0 0 0
0.82843 0.131836
-0.036377 1.180176 2.293945
-1 0.000978 -0.000001
0 0 0 0
0.77063 0.095703
-0.036377 0.083984 2.293945
-1 0.000978 -0.000001
0 0 0 0
0 0.095703
-0.036377 1.233887 2.293945
-1 0.000978 -0.000001
0 0 0 0
0.808472 0.095703
-0.036377 1.293457 2.336914
-1 0.000978 -0.000001
0 0 0 0
0.850281 0.121826
-0.036377 1.444336 2.446289
0.001315 0.585352 -0.810778
0 0 0 0
-0.206787 0.032593
-0.036377 1.506348 2.490967
0.001315 0.585352 -0.810778
0 0 0 0
-0.266479 0.032593
0 1.506348 2.490967
-0.001315 0.585352 -0.810778
0 0 0 0
-0.266479 0.060974
-0.01416 1.424072 2.431641
0.001315 0.585352 -0.810778
0 0 0 0
-0.187256 0.049866
0.01416 1.424072 2.431641
-0.001315 0.585352 -0.810778
0 0 0 0
-0.187256 0.072083
0.036377 1.444336 2.446289
-0.001315 0.585352 -0.810778
0 0 0 0
-0.206787 0.089355
0.036377 1.506348 2.490967
-0.001315 0.585352 -0.810778
0 0 0 0
-0.266479 0.089355
0.01416 1.316162 2.353271
0.001315 0.585352 -0.810778
0 0 0 0
-0.08313 0.072083
-0.01416 1.316162 2.353271
0.001315 0.585352 -0.810778
0 0 0 0
-0.08313 0.049866
0 1.233887 2.293945
0.001315 0.585352 -0.810778
0 0 0 0
-0.003906 0.060974
-0.036377 1.293457 2.336914
0.001315 0.585352 -0.810778
0 0 0 0
-0.061218 0.032593
-0.036377 1.233887 2.293945
0.001315 0.585352 -0.810778
0 0 0 0
-0.003906 0.032593
0.036377 1.293457 2.336914
0.001315 0.585352 -0.810778
0 0 0 0
-0.061218 0.089355
0.036377 1.233887 2.293945
0.001315 0.585352 -0.810778
0 0 0 0
-0.003906 0.089355
0.036377 1.180176 2.293945
0.001382 0.001382 -0.999998
0 0 0 0
0.953186 0.033569
0 1.233887 2.293945
0.001382 0.001382 -0.999998
0 0 0 0
1 0.062622
0.036377 1.233887 2.293945
0.001382 0.001382 -0.999998
0 0 0 0
1 0.033569
0 1.180176 2.293945
0.001382 0.001382 -0.999998
0 0 0 0
0.953186 0.062622
-0.036377 1.233887 2.293945
0.001382 0.001382 -0.999998
0 0 0 0
1 0.091614
-0.036377 1.180176 2.293945
0.001382 0.001382 -0.999998
0 0 0 0
0.953186 0.091614
0 0.083984 2.293945
0.001382 0.001382 -0.999998
0 0 0 0
0 0.062622
-0.036377 0.083984 2.293945
0.001382 0.001382 -0.999998
0 0 0 0
0 0.091614
0.036377 0.083984 2.293945
0.001382 0.001382 -0.999998
0 0 0 0
0 0.033569
-0.036377 1.444336 2.446289
-0.42828 0.175877 -0.886365
0 0 0 0
1.101074 0.463928
-0.01416 1.424072 2.431641
-0.42828 0.175877 -0.886365
0 0 0 0
1.003174 0.463928
-0.036377 1.370361 2.431641
-0.42828 0.175877 -0.886365
0 0 0 0
1.003174 0.371155
-0.01416 1.316162 2.353271
-0.819506 0.337026 -0.463489
0 0 0 0
0.259888 0.033752
-0.036377 1.370361 2.431641
-0.819506 0.337026 -0.463489
0 0 0 0
0.002502 0.091248
-0.01416 1.424072 2.431641
-0.819506 0.337026 -0.463489
0 0 0 0
0.002502 0.033752
-0.036377 1.262207 2.353271
-0.819506 0.337026 -0.463489
0 0 0 0
0.259888 0.091248
-0.036377 1.262207 2.353271
-0.751479 0.308709 0.583077
0 0 0 0
1.101074 0.463928
-0.01416 1.316162 2.353271
-0.751479 0.308709 0.583077
0 0 0 0
1.003174 0.371094
-0.036377 1.293457 2.336914
-0.751479 0.308709 0.583077
0 0 0 0
1.003174 0.463928
0.036377 1.370361 2.431641
0.819506 0.337026 -0.463489
0 0 0 0
0.259888 0.033752
0.036377 1.262207 2.353271
0.819506 0.337026 -0.463489
0 0 0 0
0.002502 0.033752
0.01416 1.316162 2.353271
0.819506 0.337026 -0.463489
0 0 0 0
0.002502 0.091248
0.01416 1.424072 2.431641
0.819506 0.337026 -0.463489
0 0 0 0
0.259888 0.091248
0.036377 1.370361 2.431641
0.42828 0.175877 -0.886365
0 0 0 0
1.003174 0.371155
0.01416 1.424072 2.431641
0.42828 0.175877 -0.886365
0 0 0 0
1.003174 0.463928
0.036377 1.444336 2.446289
0.42828 0.175877 -0.886365
0 0 0 0
1.101074 0.463928
0.036377 1.293457 2.336914
0.751479 0.308709 0.583077
0 0 0 0
1.003174 0.463928
0.01416 1.316162 2.353271
0.751479 0.308709 0.583077
0 0 0 0
1.003174 0.371155
0.036377 1.262207 2.353271
0.751479 0.308709 0.583077
0 0 0 0
1.101074 0.463928
-0.078857 1.578369 2.619385
0.000978 1 -0.000001
0 0 0 0
0.209534 0.99469
0.078857 1.578369 2.490967
0.000978 1 -0.000001
0 0 0 0
0.129639 0.910034
-0.078857 1.578369 2.490967
0.000978 1 -0.000001
0 0 0 0
0.129639 0.99469
0.078857 1.578369 2.619385
0.000978 1 -0.000001
0 0 0 0
0.209534 0.910034
-0.078857 1.578369 2.490967
-1 0.000978 -0.000001
0 0 0 0
0.002319 0.091248
-0.078857 1.42334 2.619385
-1 0.000978 -0.000001
0 0 0 0
0.091614 0.033752
-0.078857 1.578369 2.619385
-1 0.000978 -0.000001
0 0 0 0
0.001831 0.033752
-0.078857 1.40918 2.490967
-1 0.000978 -0.000001
0 0 0 0
0.101868 0.091248
-0.078857 1.40918 2.599609
-1 0.000978 -0.000001
0 0 0 0
0.101013 0.033752
-0.078857 0.25293 2.599609
-1 0.000978 -0.000001
0 0 0 0
0.898987 0.033752
-0.078857 0.25293 2.490967
-1 0.000978 -0.000001
0 0 0 0
0.898071 0.091248
-0.078857 0.083984 2.490967
-1 0.000978 -0.000001
0 0 0 0
0.997681 0.091248
-0.078857 0.239014 2.619385
-1 0.000978 -0.000001
0 0 0 0
0.908386 0.033752
-0.078857 0.083984 2.619385
-1 0.000978 -0.000001
0 0 0 0
0.998169 0.033752
0.078857 1.578369 2.490967
0.001382 0.001382 -0.999998
0 0 0 0
0.00061 0.216248
-0.078857 1.40918 2.490967
0.001382 0.001382 -0.999998
0 0 0 0
0.113525 0.096252
-0.078857 1.578369 2.490967
0.001382 0.001382 -0.999998
0 0 0 0
0.00061 0.096252
0.078857 1.40918 2.490967
0.001382 0.001382 -0.999998
0 0 0 0
0.113525 0.216248
-0.078857 0.25293 2.490967
0.001382 0.001382 -0.999998
0 0 0 0
0.886475 0.096252
0.078857 0.25293 2.490967
0.001382 0.001382 -0.999998
0 0 0 0
0.886475 0.216248
0.078857 0.083984 2.490967
0.001382 0.001382 -0.999998
0 0 0 0
0.99939 0.216248
-0.078857 0.083984 2.490967
0.001382 0.001382 -0.999998
0 0 0 0
0.99939 0.096252
-0.078857 1.42334 2.619385
0.001382 0.001382 0.999998
0 0 0 0
0.0755 0.091248
0.078857 1.578369 2.619385
0.001382 0.001382 0.999998
0 0 0 0
0.001831 0.033752
-0.078857 1.578369 2.619385
0.001382 0.001382 0.999998
0 0 0 0
0.001831 0.091248
0.078857 1.42334 2.619385
0.001382 0.001382 0.999998
0 0 0 0
0.0755 0.033752
0.059082 1.40918 2.619385
0.001382 0.001382 0.999998
0 0 0 0
0.083069 0.033752
-0.059082 1.40918 2.619385
0.001382 0.001382 0.999998
0 0 0 0
0.083069 0.091248
0.059082 0.25293 2.619385
0.001382 0.001382 0.999998
0 0 0 0
0.815247 0.033752
-0.059082 0.25293 2.619385
0.001382 0.001382 0.999998
0 0 0 0
0.815247 0.091248
-0.078857 0.239014 2.619385
0.001382 0.001382 0.999998
0 0 0 0
0.822815 0.091248
0.078857 0.239014 2.619385
0.001382 0.001382 0.999998
0 0 0 0
0.822815 0.033752
-0.078857 0.083984 2.619385
0.001382 0.001382 0.999998
0 0 0 0
0.896423 0.091248
0.078857 0.083984 2.619385
0.001382 0.001382 0.999998
0 0 0 0
0.896423 0.033752
-0.078857 0.25293 2.599609
-0.706425 0.001277 0.707786
0 0 0 0
0.004089 0.002502
-0.059082 0.25293 2.619385
-0.706425 0.001277 0.707786
0 0 0 0
0.004089 0.028748
-0.059082 1.40918 2.619385
-0.706425 0.001277 0.707786
0 0 0 0
0.99585 0.028748
-0.078857 1.40918 2.599609
-0.706425 0.001277 0.707786
0 0 0 0
0.99585 0.002502
-0.078857 0.239014 2.619385
-0.499251 0.707572 0.50009
0 0 0 0
0.996582 0.216675
-0.059082 0.25293 2.619385
-0.499251 0.707572 0.50009
0 0 0 0
0.996826 0.157898
-0.078857 0.25293 2.599609
-0.499251 0.707572 0.50009
0 0 0 0
0.934265 0.216614
0.078857 1.42334 2.619385
1 0.000978 -0.000001
0 0 0 0
0.908386 0.033752
0.078857 1.578369 2.490967
1 0.000978 -0.000001
0 0 0 0
0.997681 0.091248
0.078857 1.578369 2.619385
1 0.000978 -0.000001
0 0 0 0
0.998169 0.033752
0.078857 1.40918 2.490967
1 0.000978 -0.000001
0 0 0 0
0.898071 0.091248
0.078857 1.40918 2.599609
1 0.000978 -0.000001
0 0 0 0
0.898987 0.033752
0.078857 0.25293 2.490967
1 0.000978 -0.000001
0 0 0 0
0.101929 0.091248
0.078857 0.25293 2.599609
1 0.000978 -0.000001
0 0 0 0
0.101013 0.033752
0.078857 0.083984 2.490967
1 0.000978 -0.000001
0 0 0 0
0.002319 0.091248
0.078857 0.239014 2.619385
1 0.000978 -0.000001
0 0 0 0
0.091614 0.033752
0.078857 0.083984 2.619385
1 0.000978 -0.000001
0 0 0 0
0.001831 0.033752
0.078857 1.40918 2.599609
0.706425 0.001277 0.707786
0 0 0 0
0.004089 0.002502
0.059082 1.40918 2.619385
0.706425 0.001277 0.707786
0 0 0 0
0.004089 0.028748
0.059082 0.25293 2.619385
0.706425 0.001277 0.707786
0 0 0 0
0.995911 0.028748
0.078857 0.25293 2.599609
0.706425 0.001277 0.707786
0 0 0 0
0.995911 0.002502
0.078857 1.42334 2.619385
0.499251 -0.707572 0.50009
0 0 0 0
0.996582 0.216675
0.059082 1.40918 2.619385
0.499251 -0.707572 0.50009
0 0 0 0
0.996826 0.157898
0.078857 1.40918 2.599609
0.499251 -0.707572 0.50009
0 0 0 0
0.934265 0.216614
0.078857 0.239014 2.619385
0.499251 0.707572 0.50009
0 0 0 0
0.996582 0.216675
0.078857 0.25293 2.599609
0.499251 0.707572 0.50009
0 0 0 0
0.996826 0.157898
0.059082 0.25293 2.619385
0.499251 0.707572 0.50009
0 0 0 0
0.934265 0.216675
-0.078857 1.42334 2.619385
-0.499251 -0.707572 0.50009
0 0 0 0
0.996582 0.216675
-0.078857 1.40918 2.599609
-0.499251 -0.707572 0.50009
0 0 0 0
0.996826 0.157898
-0.059082 1.40918 2.619385
-0.499251 -0.707572 0.50009
0 0 0 0
0.934265 0.216675
-0.101074 0.095215 2.271729
-1 0.000978 -0.000001
0 0 0 0
0.491394 0.091248
-0.101074 0.052002 2.271729
-1 0.000978 -0.000001
0 0 0 0
0.491394 0.033752
-0.101074 0.052002 2.611084
-1 0.000978 -0.000001
0 0 0 0
0.002502 0.033752
-0.101074 0.095215 2.611084
-1 0.000978 -0.000001
0 0 0 0
0.002502 0.091248
0.101074 0.095215 2.271729
0.001382 0.001382 -0.999998
0 0 0 0
0.002502 0.033752
0.101074 0.052002 2.271729
0.001382 0.001382 -0.999998
0 0 0 0
0.002502 0.091248
-0.101074 0.052002 2.271729
0.001382 0.001382 -0.999998
0 0 0 0
0.293579 0.091248
-0.101074 0.095215 2.271729
0.001382 0.001382 -0.999998
0 0 0 0
0.293579 0.033752
0.101074 0.052002 2.271729
0.000978 -1 -0.000001
0 0 0 0
0.000977 0.465576
-0.101074 0.052002 2.611084
0.000978 -1 -0.000001
0 0 0 0
0.412231 0.220703
-0.101074 0.052002 2.271729
0.000978 -1 -0.000001
0 0 0 0
0.000977 0.220703
0.101074 0.052002 2.611084
0.000978 -1 -0.000001
0 0 0 0
0.412231 0.465576
0.060547 0.052002 2.651367
0.000978 -1 -0.000001
0 0 0 0
0.461182 0.416626
-0.060547 0.052002 2.651367
0.000978 -1 -0.000001
0 0 0 0
0.461182 0.269653
0.101074 0.095215 2.271729
1 0.000978 -0.000001
0 0 0 0
0.491394 0.033752
0.101074 0.052002 2.611084
1 0.000978 -0.000001
0 0 0 0
0.002502 0.091248
0.101074 0.052002 2.271729
1 0.000978 -0.000001
0 0 0 0
0.491394 0.091248
0.101074 0.095215 2.611084
1 0.000978 -0.000001
0 0 0 0
0.002502 0.033752
-0.060547 0.095215 2.651367
0.001382 0.001382 0.999998
0 0 0 0
0.177185 0.091248
0.060547 0.052002 2.651367
0.001382 0.001382 0.999998
0 0 0 0
0.002502 0.033752
0.060547 0.095215 2.651367
0.001382 0.001382 0.999998
0 0 0 0
0.002502 0.091248
-0.060547 0.052002 2.651367
0.001382 0.001382 0.999998
0 0 0 0
0.177185 0.033752
0.101074 0.095215 2.611084
0.000978 1 -0.000001
0 0 0 0
0.412231 0.465576
-0.060547 0.095215 2.651367
0.000978 1 -0.000001
0 0 0 0
0.461182 0.269653
0.060547 0.095215 2.651367
0.000978 1 -0.000001
0 0 0 0
0.461182 0.416626
-0.101074 0.095215 2.611084
0.000978 1 -0.000001
0 0 0 0
0.412231 0.220703
-0.003906 5.515869 2.583984
-0.191233 -0.037146 -0.980841
0 0 0 0
0.456604 0.647766
-0.002197 5.487549 2.585938
-0.822342 -0.166412 -0.544114
0 0 0 0
0.423279 0.673889
-0.009521 5.514404 2.587646
-0.811444 -0.200732 -0.548876
0 0 0 0
0.456604 0.673889
-0.010986 5.544189 2.583252
-0.171842 -0.119602 -0.977837
0 0 0 0
0.491699 0.647766
-0.016602 5.542969 2.586914
-0.805598 -0.23208 -0.545115
0 0 0 0
0.491638 0.673889
-0.022949 5.571777 2.583008
-0.79161 -0.289732 -0.537968
0 0 0 0
0.527283 0.673889
-0.017334 5.57251 2.579346
-0.141073 -0.228731 -0.963214
0 0 0 0
0.527344 0.647766
-0.030273 5.604004 2.574219
-0.769744 -0.372224 -0.518597
0 0 0 0
0.56842 0.673889
-0.024658 5.604492 2.570801
-0.110044 -0.346436 -0.931597
0 0 0 0
0.56842 0.647766
-0.034912 5.643066 2.555176
-0.095584 -0.432147 -0.896723
0 0 0 0
0.619934 0.647766
-0.040771 5.643066 2.558594
-0.757 -0.424542 -0.496704
0 0 0 0
0.619995 0.673889
-0.045166 5.682861 2.535156
-0.086591 -0.507557 -0.857256
0 0 0 0
0.674561 0.647766
-0.051025 5.68335 2.53833
-0.757349 -0.443471 -0.479328
0 0 0 0
0.674622 0.673889
-0.057617 5.718994 2.515381
-0.757382 -0.43296 -0.488792
0 0 0 0
0.724976 0.673889
-0.051758 5.718018 2.512451
-0.080528 -0.561058 -0.82385
0 0 0 0
0.724976 0.647766
-0.060791 5.751709 2.492676
-0.758005 -0.380816 -0.529536
0 0 0 0
0.771362 0.673889
-0.054932 5.750244 2.490234
-0.085911 -0.553798 -0.828207
0 0 0 0
0.771362 0.647766
-0.054199 5.78125 2.470703
-0.092014 -0.500078 -0.861078
0 0 0 0
0.813843 0.647766
-0.060303 5.783203 2.4729
-0.755573 -0.284727 -0.589949
0 0 0 0
0.813904 0.673889
-0.049805 5.811279 2.454102
-0.084891 -0.427151 -0.900186
0 0 0 0
0.853699 0.647766
-0.055664 5.813721 2.456299
-0.736236 -0.159832 -0.657579
0 0 0 0
0.853699 0.673889
-0.046631 5.843994 2.442871
-0.695689 -0.026905 -0.717839
0 0 0 0
0.892395 0.673889
-0.040771 5.841064 2.440918
-0.058501 -0.344205 -0.93707
0 0 0 0
0.892395 0.647766
-0.03418 5.872803 2.433105
-0.637292 0.10773 -0.763055
0 0 0 0
0.929504 0.673889
-0.028564 5.869629 2.431396
-0.015084 -0.250943 -0.967884
0 0 0 0
0.929504 0.647766
-0.019287 5.89917 2.427979
-0.576455 0.21568 -0.788151
0 0 0 0
0.964417 0.673889
-0.013916 5.895752 2.42627
0.034418 -0.177595 -0.983502
0 0 0 0
0.964478 0.647766
-0.022949 5.867676 2.43457
0.623891 -0.471965 -0.622904
0 0 0 0
0.929565 0.621643
-0.008545 5.893311 2.429443
0.632059 -0.473113 -0.613731
0 0 0 0
0.964661 0.621643
-0.020752 5.868408 2.440674
0.903252 -0.41728 0.100063
0 0 0 0
0.929565 0.59552
-0.006592 5.893311 2.435791
0.86227 -0.491691 0.121368
0 0 0 0
0.964783 0.59552
-0.034912 5.840088 2.443848
0.62629 -0.469406 -0.62243
0 0 0 0
0.892395 0.621643
-0.043457 5.811035 2.456543
0.630054 -0.455386 -0.629012
0 0 0 0
0.853638 0.621643
-0.047852 5.781738 2.472656
0.636931 -0.431712 -0.638705
0 0 0 0
0.813721 0.621643
-0.048584 5.751465 2.491943
0.643919 -0.40543 -0.648841
0 0 0 0
0.77124 0.621643
-0.04541 5.719727 2.513916
0.648635 -0.355295 -0.673081
0 0 0 0
0.724854 0.621643
-0.038818 5.684814 2.536377
0.63978 -0.267964 -0.720331
0 0 0 0
0.674438 0.621643
-0.028809 5.64502 2.556396
0.626025 -0.182753 -0.758086
0 0 0 0
0.619812 0.621643
-0.018311 5.606201 2.572021
0.614401 -0.113488 -0.78079
0 0 0 0
0.568298 0.621643
-0.025635 5.648193 2.561523
0.969913 0.178363 -0.165697
0 0 0 0
0.61969 0.59552
-0.035889 5.688232 2.54126
0.979597 0.135153 -0.148742
0 0 0 0
0.674377 0.59552
-0.04248 5.723145 2.518799
0.990947 0.065099 -0.117416
0 0 0 0
0.72467 0.59552
-0.04541 5.754883 2.496826
0.996686 -0.013208 -0.080264
0 0 0 0
0.771057 0.59552
-0.044922 5.784668 2.478027
0.994225 -0.102303 -0.032411
0 0 0 0
0.81366 0.59552
-0.040527 5.813232 2.462402
0.977735 -0.208597 0.022825
0 0 0 0
0.853577 0.59552
-0.032227 5.841309 2.449707
0.94632 -0.316113 0.067452
0 0 0 0
0.892334 0.59552
-0.015137 5.608887 2.577393
0.968812 0.186594 -0.163052
0 0 0 0
0.568176 0.59552
-0.010742 5.574219 2.580811
0.594661 -0.030192 -0.803409
0 0 0 0
0.527405 0.621643
-0.007568 5.576172 2.586182
0.969452 0.186312 -0.159536
0 0 0 0
0.527344 0.59552
-0.001221 5.546875 2.590088
0.962887 0.210334 -0.169137
0 0 0 0
0.49176 0.59552
-0.004639 5.545654 2.584473
0.566028 0.064651 -0.821847
0 0 0 0
0.491699 0.621643
0.005859 5.518311 2.591064
0.953289 0.248638 -0.171522
0 0 0 0
0.456543 0.59552
0.002441 5.517578 2.585449
0.545295 0.151838 -0.824378
0 0 0 0
0.456604 0.621643
0.009521 5.490967 2.58374
0.525978 0.230692 -0.818614
0 0 0 0
0.42334 0.621643
0.013184 5.491455 2.589355
0.945385 0.276311 -0.172913
0 0 0 0
0.42334 0.59552
0.019775 5.467529 2.585449
0.935255 0.308221 -0.17406
0 0 0 0
0.393433 0.59552
0.016113 5.467285 2.580078
0.498791 0.301381 -0.812636
0 0 0 0
0.393311 0.621643
0.026611 5.446045 2.580566
0.918792 0.35631 -0.169894
0 0 0 0
0.365601 0.59552
0.022705 5.446045 2.575195
0.476855 0.350745 -0.80597
0 0 0 0
0.365601 0.621643
0.030273 5.42627 2.570557
0.461007 0.413992 -0.78491
0 0 0 0
0.339417 0.621643
0.03418 5.42627 2.575928
0.900815 0.409081 -0.145554
0 0 0 0
0.339355 0.59552
0.038574 5.406982 2.563965
0.427565 0.510236 -0.746222
0 0 0 0
0.312439 0.621643
0.042725 5.406494 2.569336
0.884108 0.451877 -0.118998
0 0 0 0
0.312378 0.59552
0.048584 5.38623 2.553467
0.404341 0.585466 -0.702665
0 0 0 0
0.281982 0.621643
0.052734 5.385254 2.558594
0.884215 0.452941 -0.114052
0 0 0 0
0.281982 0.59552
0.057373 5.364502 2.539307
0.402577 0.627212 -0.666736
0 0 0 0
0.249329 0.621643
0.062012 5.362793 2.543945
0.905511 0.400012 -0.141564
0 0 0 0
0.24939 0.59552
0.067383 5.339844 2.525146
0.920791 0.333371 -0.202505
0 0 0 0
0.215149 0.59552
0.062744 5.342529 2.520996
0.401884 0.633691 -0.661003
0 0 0 0
0.215088 0.621643
0.069336 5.31958 2.507324
0.926616 0.240809 -0.288778
0 0 0 0
0.184875 0.59552
0.064697 5.322754 2.503662
0.416342 0.584407 -0.696511
0 0 0 0
0.184937 0.621643
0.062744 5.30835 2.492188
0.414457 0.45368 -0.788923
0 0 0 0
0.164978 0.621643
0.067383 5.304443 2.495361
0.899744 0.057331 -0.432637
0 0 0 0
0.164856 0.59552
0.061768 5.29248 2.487549
0.803445 -0.155782 -0.574638
0 0 0 0
0.149597 0.59552
0.057373 5.296631 2.484863
0.344998 0.310096 -0.885899
0 0 0 0
0.149597 0.621643
0.052979 5.281006 2.481445
0.675465 -0.31185 -0.668204
0 0 0 0
0.134033 0.59552
0.048828 5.285645 2.479004
0.247051 0.192454 -0.949698
0 0 0 0
0.133911 0.621643
0.04248 5.270752 2.478027
0.524298 -0.455075 -0.719734
0 0 0 0
0.118713 0.59552
0.03833 5.275635 2.475586
0.1035 0.05658 -0.993019
0 0 0 0
0.118652 0.621643
0.027832 5.266602 2.475586
-0.073136 -0.095214 -0.992767
0 0 0 0
0.104858 0.621643
0.031738 5.261719 2.478271
0.344383 -0.608112 -0.715263
0 0 0 0
0.104736 0.59552
0.016602 5.259521 2.47876
-0.230845 -0.198062 -0.952619
0 0 0 0
0.091064 0.621643
0.020264 5.254639 2.481201
0.15755 -0.732291 -0.662517
0 0 0 0
0.091003 0.59552
0.007812 5.249023 2.486572
0.006178 -0.801844 -0.597502
0 0 0 0
0.076233 0.59552
0.004395 5.25415 2.483887
-0.352072 -0.241459 -0.904291
0 0 0 0
0.076233 0.621643
-0.003662 5.245605 2.49292
-0.117467 -0.836801 -0.534757
0 0 0 0
0.061951 0.59552
-0.00708 5.250732 2.490234
-0.458784 -0.256653 -0.850674
0 0 0 0
0.061829 0.621643
-0.012207 5.243896 2.499023
-0.204157 -0.846477 -0.491727
0 0 0 0
0.05011 0.59552
-0.016357 5.249023 2.496582
-0.568678 -0.234008 -0.788572
0 0 0 0
0.049866 0.621643
-0.017578 5.242676 2.503662
-0.17587 -0.793259 -0.582932
0 0 0 0
0.040161 0.59552
-0.022705 5.247314 2.502441
-0.667237 -0.203629 -0.71647
0 0 0 0
0.040344 0.621643
-0.025635 5.243164 2.50708
-0.689862 -0.256958 -0.676804
0 0 0 0
0.032532 0.621643
-0.019531 5.239746 2.506836
0.009126 -0.627108 -0.778879
0 0 0 0
0.032471 0.59552
-0.026855 5.236816 2.510742
-0.629106 -0.261163 -0.732134
0 0 0 0
0.023926 0.621643
-0.020508 5.234863 2.51001
0.126976 -0.477162 -0.869594
0 0 0 0
0.023926 0.59552
-0.02832 5.22876 2.514404
-0.594526 -0.227663 -0.771173
0 0 0 0
0.013184 0.621643
-0.021973 5.227051 2.513428
0.146768 -0.416067 -0.897411
0 0 0 0
0.013245 0.59552
-0.030029 5.219727 2.518311
-0.585584 -0.220409 -0.780071
0 0 0 0
0.001526 0.621643
-0.023438 5.218262 2.51709
0.149762 -0.398017 -0.905071
0 0 0 0
0.001587 0.59552
-0.031738 5.231934 2.519531
-0.977942 0.096836 -0.185076
0 0 0 0
0.013062 0.647766
-0.033447 5.222412 2.523193
-0.976395 0.088763 -0.196909
0 0 0 0
0.00116 0.647766
-0.030029 5.219727 2.518311
-0.585584 -0.220409 -0.780071
0 0 0 0
0.001221 0.621643
-0.030029 5.240479 2.515381
-0.978826 0.125382 -0.161799
0 0 0 0
0.023804 0.647766
-0.02832 5.247803 2.510986
-0.94593 0.250172 -0.206472
0 0 0 0
0.032715 0.647766
-0.024414 5.253418 2.505127
-0.790733 0.446025 -0.41929
0 0 0 0
0.040649 0.647766
-0.021973 5.257324 2.510254
-0.529454 0.844485 0.080769
0 0 0 0
0.040894 0.673889
-0.026123 5.251465 2.516357
-0.719408 0.598939 0.351745
0 0 0 0
0.032959 0.673889
-0.016602 5.257324 2.514648
-0.006057 0.844345 0.535766
0 0 0 0
0.041138 0.700012
-0.020508 5.251709 2.520264
-0.151417 0.640611 0.752788
0 0 0 0
0.033325 0.700012
-0.02832 5.243408 2.52124
-0.772046 0.425752 0.47189
0 0 0 0
0.023987 0.673889
-0.030029 5.234375 2.525391
-0.789976 0.362122 0.494777
0 0 0 0
0.013184 0.673889
-0.031738 5.224609 2.529297
-0.795807 0.343453 0.49873
0 0 0 0
0.000854 0.673889
-0.033447 5.222412 2.523193
-0.976395 0.088763 -0.196909
0 0 0 0
0.000854 0.647766
-0.026123 5.225098 2.532959
-0.152444 0.397973 0.904643
0 0 0 0
0.000977 0.700012
-0.024414 5.234863 2.529053
-0.157419 0.418439 0.894499
0 0 0 0
0.013611 0.700012
-0.022705 5.243896 2.524902
-0.163962 0.483888 0.859633
0 0 0 0
0.024475 0.700012
-0.014648 5.248535 2.520264
0.518089 0.345828 0.782296
0 0 0 0
0.033752 0.726135
-0.016357 5.241699 2.52417
0.552915 0.270576 0.788082
0 0 0 0
0.025208 0.726135
-0.018066 5.233154 2.528076
0.571027 0.233899 0.786905
0 0 0 0
0.014343 0.726135
-0.026123 5.225098 2.532959
-0.152444 0.397973 0.904643
0 0 0 0
0.001587 0.700012
-0.019775 5.223633 2.531982
0.578588 0.220726 0.785185
0 0 0 0
0.001709 0.726135
-0.013184 5.238281 2.519531
0.966749 -0.094609 0.237584
0 0 0 0
0.026062 0.752258
-0.014648 5.230225 2.522949
0.972024 -0.087385 0.218023
0 0 0 0
0.015137 0.752258
-0.019775 5.223633 2.531982
0.578588 0.220726 0.785185
0 0 0 0
0.002625 0.726135
-0.016357 5.220947 2.526855
0.974447 -0.084875 0.207963
0 0 0 0
0.002808 0.752258
-0.011719 5.243652 2.516357
0.928493 -0.152675 0.338512
0 0 0 0
0.034302 0.752258
-0.009521 5.246582 2.513428
0.783301 -0.318405 0.533909
0 0 0 0
0.040955 0.752258
-0.011475 5.25293 2.516113
0.544333 0.407928 0.733005
0 0 0 0
0.041199 0.726135
-0.01001 5.259277 2.508301
0.154656 0.896541 0.415085
0 0 0 0
0.050171 0.700012
-0.006104 5.25415 2.510742
0.568288 0.330099 0.753713
0 0 0 0
0.049927 0.726135
-0.005127 5.247559 2.509033
0.613221 -0.473341 0.632383
0 0 0 0
0.049316 0.752258
0.001465 5.255127 2.505127
0.48663 0.24 0.839995
0 0 0 0
0.061462 0.726135
0.002197 5.248535 2.503418
0.539973 -0.524869 0.657984
0 0 0 0
0.060913 0.752258
0.010986 5.257812 2.499756
0.376475 0.195659 0.90553
0 0 0 0
0.075928 0.726135
0.012451 5.251709 2.497803
0.52337 -0.533459 0.664458
0 0 0 0
0.075623 0.752258
0.020996 5.262207 2.495361
0.269129 0.13798 0.953169
0 0 0 0
0.091003 0.726135
0.023193 5.256348 2.493164
0.522343 -0.542481 0.65793
0 0 0 0
0.090881 0.752258
0.029297 5.267578 2.493164
0.114522 0.045533 0.992377
0 0 0 0
0.104797 0.726135
0.032959 5.262451 2.490479
0.507141 -0.557477 0.657288
0 0 0 0
0.104736 0.752258
0.041504 5.269775 2.490479
0.444317 -0.607947 0.658014
0 0 0 0
0.118469 0.752258
0.037109 5.27417 2.49292
-0.075891 -0.095209 0.99256
0 0 0 0
0.11853 0.726135
0.025391 5.272705 2.490479
-0.359959 0.624523 0.693109
0 0 0 0
0.104858 0.700012
0.033203 5.279053 2.490479
-0.547166 0.478612 0.686688
0 0 0 0
0.118591 0.700012
0.041016 5.286621 2.493164
-0.682877 0.323203 0.655148
0 0 0 0
0.133789 0.700012
0.045166 5.281982 2.495605
-0.203329 -0.241539 0.94885
0 0 0 0
0.133728 0.726135
0.050537 5.27832 2.493408
0.402589 -0.648407 0.646135
0 0 0 0
0.133667 0.752258
0.052246 5.290771 2.500488
-0.272911 -0.361641 0.891479
0 0 0 0
0.149414 0.726135
0.058105 5.288086 2.498535
0.415089 -0.640816 0.645799
0 0 0 0
0.149292 0.752258
0.056641 5.300293 2.506592
-0.324335 -0.497664 0.804449
0 0 0 0
0.165039 0.726135
0.062988 5.298828 2.505615
0.438017 -0.602115 0.667531
0 0 0 0
0.164856 0.752258
0.064697 5.312744 2.516357
0.423727 -0.581512 0.694478
0 0 0 0
0.185181 0.752258
0.058105 5.312988 2.516602
-0.356829 -0.604946 0.711838
0 0 0 0
0.185486 0.726135
0.062744 5.332275 2.533691
0.405116 -0.549157 0.730964
0 0 0 0
0.215454 0.752258
0.056152 5.331787 2.533203
-0.353495 -0.642372 0.679999
0 0 0 0
0.215637 0.726135
0.057129 5.355225 2.55249
0.384001 -0.465257 0.797546
0 0 0 0
0.249573 0.752258
0.051514 5.334229 2.529297
-0.908304 -0.355329 0.220736
0 0 0 0
0.215637 0.700012
0.053223 5.316162 2.512939
-0.922311 -0.256383 0.289153
0 0 0 0
0.185608 0.700012
0.051514 5.338623 2.523926
-0.916475 0.152174 -0.370022
0 0 0 0
0.215454 0.673889
0.046143 5.359619 2.541504
-0.894436 0.036436 -0.445709
0 0 0 0
0.249512 0.673889
0.050781 5.363281 2.53833
-0.352998 0.4816 -0.802155
0 0 0 0
0.24939 0.647766
0.042236 5.384277 2.552246
-0.322525 0.362674 -0.874326
0 0 0 0
0.282104 0.647766
0.056152 5.342041 2.520508
-0.367302 0.565774 -0.738234
0 0 0 0
0.21521 0.647766
0.053223 5.320312 2.507812
-0.916553 0.2518 -0.310687
0 0 0 0
0.185486 0.673889
0.052002 5.303955 2.503418
-0.897777 -0.076083 0.433829
0 0 0 0
0.165161 0.700012
0.047607 5.295166 2.497559
-0.798213 0.151279 0.583069
0 0 0 0
0.149536 0.700012
0.047363 5.298584 2.491943
-0.814916 0.570954 -0.09962
0 0 0 0
0.149597 0.673889
0.051758 5.307861 2.497803
-0.891585 0.397817 -0.216371
0 0 0 0
0.165161 0.673889
0.058105 5.322998 2.503906
-0.347205 0.603445 -0.717846
0 0 0 0
0.185181 0.647766
0.056396 5.309814 2.493164
-0.322006 0.611939 -0.722387
0 0 0 0
0.1651 0.647766
0.051514 5.299316 2.486572
-0.318673 0.623269 -0.714131
0 0 0 0
0.149597 0.647766
0.040283 5.289795 2.487061
-0.728838 0.682722 -0.051827
0 0 0 0
0.133789 0.673889
0.031982 5.281494 2.484131
-0.667273 0.743304 -0.047386
0 0 0 0
0.118652 0.673889
0.023438 5.274414 2.484375
-0.599173 0.799231 -0.047134
0 0 0 0
0.104858 0.673889
0.014404 5.268555 2.486816
-0.486586 0.871421 -0.062124
0 0 0 0
0.091125 0.673889
0.014404 5.265381 2.480957
-0.505182 0.461477 -0.729267
0 0 0 0
0.091064 0.647766
0.024414 5.271973 2.478027
-0.463426 0.481498 -0.743906
0 0 0 0
0.104858 0.647766
0.03418 5.280029 2.478027
-0.383126 0.550824 -0.74149
0 0 0 0
0.118652 0.647766
0.043701 5.289307 2.481201
-0.329424 0.611421 -0.719475
0 0 0 0
0.133789 0.647766
0.003174 5.260498 2.48584
-0.520927 0.46717 -0.714414
0 0 0 0
0.076294 0.647766
-0.007812 5.257324 2.491943
-0.543303 0.47205 -0.694256
0 0 0 0
0.061951 0.647766
-0.017334 5.255615 2.498535
-0.613127 0.491248 -0.618669
0 0 0 0
0.049988 0.647766
-0.014648 5.259766 2.503418
-0.325341 0.936524 -0.130679
0 0 0 0
0.05011 0.673889
-0.005859 5.26123 2.496826
-0.307484 0.939244 -0.152557
0 0 0 0
0.062012 0.673889
0.004395 5.26416 2.491211
-0.382101 0.918886 -0.098221
0 0 0 0
0.076294 0.673889
0.017334 5.267334 2.49292
-0.154633 0.74048 0.654047
0 0 0 0
0.091125 0.700012
0.101074 0.095215 2.271729
0.000978 1 -0.000001
0 0 0 0
0.000977 0.465576
-0.101074 0.095215 2.271729
0.000978 1 -0.000001
0 0 0 0
0.000977 0.220703
0.060547 0.052002 2.651367
0.706425 0.001277 0.707786
0 0 0 0
0.002502 0.091248
0.101074 0.095215 2.611084
0.706425 0.001277 0.707786
0 0 0 0
0.084839 0.033752
0.060547 0.095215 2.651367
0.706425 0.001277 0.707786
0 0 0 0
0.002502 0.033752
0.101074 0.052002 2.611084
0.706425 0.001277 0.707786
0 0 0 0
0.084839 0.091248
-0.101074 0.052002 2.611084
-0.706425 0.001277 0.707786
0 0 0 0
0.002502 0.091248
-0.060547 0.052002 2.651367
-0.706425 0.001277 0.707786
0 0 0 0
0.084839 0.091248
-0.060547 0.095215 2.651367
-0.706425 0.001277 0.707786
0 0 0 0
0.084839 0.033752
-0.101074 0.095215 2.611084
-0.706425 0.001277 0.707786
0 0 0 0
0.002502 0.033752
-0.026123 0.073486 1.224121
0.001277 -0.706425 -0.707786
0 0 0 0
0.213989 0.996582
0.026123 0.073486 1.224121
0.001277 -0.706425 -0.707786
0 0 0 0
0.213989 0.908813
0.026123 0.040771 1.256836
0.001277 -0.706425 -0.707786
0 0 0 0
0.129395 0.908813
-0.026123 0.040771 1.256836
0.001277 -0.706425 -0.707786
0 0 0 0
0.129395 0.996582
-0.026123 0.040771 1.256836
0.001277 -0.708541 0.705669
0 0 0 0
0.996094 0.091248
0.026123 0.040771 1.256836
0.001277 -0.708541 0.705669
0 0 0 0
0.996094 0.033752
0.026123 0.138428 1.35498
0.001277 -0.708541 0.705669
0 0 0 0
0.907043 0.033752
-0.026123 0.138428 1.35498
0.001277 -0.708541 0.705669
0 0 0 0
0.907043 0.091248
0.026123 0.366943 1.584473
0.001277 -0.708541 0.705669
0 0 0 0
0.698669 0.033752
-0.026123 0.366943 1.584473
0.001277 -0.708541 0.705669
0 0 0 0
0.698669 0.091248
0.026123 0.844727 2.063721
0.001277 -0.708541 0.705669
0 0 0 0
0.263428 0.033752
-0.026123 0.844727 2.063721
0.001277 -0.708541 0.705669
0 0 0 0
0.263428 0.091248
0.026123 1.043213 2.262939
0.001277 -0.708541 0.705669
0 0 0 0
0.082458 0.033752
-0.026123 1.043213 2.262939
0.001277 -0.708541 0.705669
0 0 0 0
0.082458 0.091248
0.026123 1.129395 2.349609
0.001277 -0.708541 0.705669
0 0 0 0
0.003845 0.033752
-0.026123 1.129395 2.349609
0.001277 -0.708541 0.705669
0 0 0 0
0.003845 0.091248
0.026123 0.040771 1.256836
1 0.000978 -0.000001
0 0 0 0
0.005371 0.033752
0.026123 0.073486 1.224121
1 0.000978 -0.000001
0 0 0 0
0.005371 0.091248
0.026123 0.171143 1.322266
1 0.000978 -0.000001
0 0 0 0
0.094177 0.091248
0.026123 0.138428 1.35498
1 0.000978 -0.000001
0 0 0 0
0.094177 0.033752
0.026123 0.171143 1.333496
1 0.000978 -0.000001
0 0 0 0
0.099304 0.082947
0.026123 0.149658 1.35498
1 -0.000977 -0.000001
0 0 0 0
0.099304 0.042053
0.026123 0.366943 1.572998
1 0.000978 -0.000001
0 0 0 0
0.296753 0.042053
0.026123 0.366943 1.584473
1 0.000978 -0.000001
0 0 0 0
0.30188 0.033752
0.026123 0.399902 1.551758
1 0.000978 -0.000001
0 0 0 0
0.30188 0.091248
0.026123 0.877441 2.031006
1 0.000978 -0.000001
0 0 0 0
0.73584 0.091248
0.026123 0.844727 2.063721
1 0.000978 -0.000001
0 0 0 0
0.73584 0.033752
0.026123 0.877441 2.042236
1 0.000978 -0.000001
0 0 0 0
0.740967 0.082947
0.026123 0.855957 2.063721
1 -0.000977 -0.000001
0 0 0 0
0.740967 0.042053
0.026123 1.043213 2.251709
1 -0.000977 -0.000001
0 0 0 0
0.911133 0.042053
0.026123 1.043213 2.262939
1 0.000978 -0.000001
0 0 0 0
0.91626 0.033752
0.026123 1.075928 2.230225
1 0.000978 -0.000001
0 0 0 0
0.916199 0.091248
0.026123 1.162354 2.316895
1 0.000978 -0.000001
0 0 0 0
0.994629 0.091248
0.026123 1.129395 2.349609
1 0.000978 -0.000001
0 0 0 0
0.994629 0.033752
0.026123 1.064697 2.230225
1 0.000978 -0.000001
0 0 0 0
0.911072 0.082947
0.026123 0.388672 1.551758
1 0.000978 -0.000001
0 0 0 0
0.296753 0.082947
-0.026123 0.171143 1.322266
0.001277 0.708541 -0.705669
0 0 0 0
0.092957 0.091248
0.026123 0.073486 1.224121
0.001277 0.708541 -0.705669
0 0 0 0
0.003845 0.033752
-0.026123 0.073486 1.224121
0.001277 0.708541 -0.705669
0 0 0 0
0.003845 0.091248
0.026123 0.171143 1.322266
0.001277 0.708541 -0.705669
0 0 0 0
0.092957 0.033752
-0.026123 0.399902 1.551758
0.001277 0.708541 -0.705669
0 0 0 0
0.30127 0.091248
0.026123 0.399902 1.551758
0.001277 0.708541 -0.705669
0 0 0 0
0.30127 0.033752
-0.026123 0.877441 2.031006
0.001277 0.708541 -0.705669
0 0 0 0
0.736572 0.091248
0.026123 0.877441 2.031006
0.001277 0.708541 -0.705669
0 0 0 0
0.736572 0.033752
-0.026123 1.075928 2.230225
0.001277 0.708541 -0.705669
0 0 0 0
0.91748 0.091248
0.026123 1.075928 2.230225
0.001277 0.708541 -0.705669
0 0 0 0
0.91748 0.033752
0.026123 1.162354 2.316895
0.001277 0.708541 -0.705669
0 0 0 0
0.996155 0.033752
-0.026123 1.162354 2.316895
0.001277 0.708541 -0.705669
0 0 0 0
0.996155 0.091248
-0.026123 0.040771 1.256836
-1 0.000978 -0.000001
0 0 0 0
-0.000122 0.091248
-0.026123 0.171143 1.322266
-1 0.000978 -0.000001
0 0 0 0
0.089294 0.033752
-0.026123 0.073486 1.224121
-1 0.000978 -0.000001
0 0 0 0
-0.000183 0.033752
-0.026123 0.138428 1.35498
-1 0.000978 -0.000001
0 0 0 0
0.089294 0.091248
-0.026123 0.171143 1.333496
-1 0.000978 -0.000001
0 0 0 0
0.094482 0.042053
-0.026123 0.399902 1.551758
-1 0.000978 -0.000001
0 0 0 0
0.298584 0.033752
-0.026123 0.388672 1.551758
-1 0.000978 -0.000001
0 0 0 0
0.293396 0.042053
-0.026123 0.366943 1.572998
-1 0.000978 -0.000001
0 0 0 0
0.293396 0.082947
-0.026123 0.366943 1.584473
-1 0.000978 -0.000001
0 0 0 0
0.298584 0.091248
-0.026123 0.149658 1.35498
-1 0.000978 -0.000001
0 0 0 0
0.094482 0.082947
-0.026123 0.877441 2.031006
-1 0.000978 -0.000001
0 0 0 0
0.735718 0.033752
-0.026123 0.844727 2.063721
-1 0.000978 -0.000001
0 0 0 0
0.735718 0.091248
-0.026123 0.877441 2.042236
-1 0.000978 -0.000001
0 0 0 0
0.740845 0.042053
-0.026123 1.075928 2.230225
-1 0.000978 -0.000001
0 0 0 0
0.917419 0.033752
-0.026123 1.064697 2.230225
-1 0.000978 -0.000001
0 0 0 0
0.912292 0.042053
-0.026123 1.043213 2.251709
-1 0.000978 -0.000001
0 0 0 0
0.912292 0.082947
-0.026123 1.043213 2.262939
-1 0.000978 -0.000001
0 0 0 0
0.91748 0.091248
-0.026123 0.855957 2.063721
-1 0.000978 -0.000001
0 0 0 0
0.740906 0.082947
-0.026123 1.162354 2.316895
-1 0.000978 -0.000001
0 0 0 0
0.996399 0.033752
-0.026123 1.129395 2.349609
-1 0.000978 -0.000001
0 0 0 0
0.99646 0.091248
-0.026123 0.149658 1.35498
0.001277 0.708541 -0.705669
0 0 0 0
0.002502 0.091248
-0.026123 0.366943 1.572998
0.001277 0.708541 -0.705669
0 0 0 0
0.371033 0.091248
0.026123 0.366943 1.572998
0.001277 0.708541 -0.705669
0 0 0 0
0.371033 0.033752
0.026123 0.149658 1.35498
0.001277 0.708541 -0.705669
0 0 0 0
0.002502 0.033752
-0.026123 0.388672 1.551758
0.001277 -0.706425 -0.707786
0 0 0 0
0.109924 0.033752
0.026123 0.388672 1.551758
0.001277 -0.706425 -0.707786
0 0 0 0
0.002502 0.033752
0.026123 0.366943 1.572998
0.001277 -0.706425 -0.707786
0 0 0 0
0.002502 0.091248
-0.026123 0.366943 1.572998
0.001277 -0.706425 -0.707786
0 0 0 0
0.109924 0.091248
-0.026123 0.388672 1.551758
0.001277 -0.708541 0.705669
0 0 0 0
0.002502 0.091248
-0.026123 0.171143 1.333496
0.001277 -0.708541 0.705669
0 0 0 0
0.371033 0.091248
0.026123 0.171143 1.333496
0.001277 -0.708541 0.705669
0 0 0 0
0.371033 0.033752
0.026123 0.388672 1.551758
0.001277 -0.708541 0.705669
0 0 0 0
0.002502 0.033752
0.026123 0.171143 1.333496
0.001277 0.706425 0.707786
0 0 0 0
0.002502 0.091248
-0.026123 0.171143 1.333496
0.001277 0.706425 0.707786
0 0 0 0
0.109924 0.091248
-0.026123 0.149658 1.35498
0.001277 0.706425 0.707786
0 0 0 0
0.109924 0.033752
0.026123 0.149658 1.35498
0.001277 0.706425 0.707786
0 0 0 0
0.002502 0.033752
0.026123 1.043213 2.251709
0.001277 0.708541 -0.705669
0 0 0 0
0.320068 0.033752
0.026123 0.855957 2.063721
0.001277 0.708541 -0.705669
0 0 0 0
0.002502 0.033752
-0.026123 0.855957 2.063721
0.001277 0.708541 -0.705669
0 0 0 0
0.002502 0.091248
-0.026123 1.043213 2.251709
0.001277 0.708541 -0.705669
0 0 0 0
0.320068 0.091248
0.026123 0.855957 2.063721
0.001277 0.706425 0.707786
0 0 0 0
0.109924 0.091248
0.026123 0.877441 2.042236
0.001277 0.706425 0.707786
0 0 0 0
0.109924 0.033752
-0.026123 0.877441 2.042236
0.001277 0.706425 0.707786
0 0 0 0
0.002502 0.033752
-0.026123 0.855957 2.063721
0.001277 0.706425 0.707786
0 0 0 0
0.002502 0.091248
-0.026123 0.877441 2.042236
0.001277 -0.708541 0.705669
0 0 0 0
0.320068 0.091248
0.026123 0.877441 2.042236
0.001277 -0.708541 0.705669
0 0 0 0
0.320068 0.033752
0.026123 1.064697 2.230225
0.001277 -0.708541 0.705669
0 0 0 0
0.002502 0.033752
-0.026123 1.064697 2.230225
0.001277 -0.708541 0.705669
0 0 0 0
0.002502 0.091248
-0.026123 1.064697 2.230225
0.001277 -0.706425 -0.707786
0 0 0 0
0.002502 0.091248
0.026123 1.064697 2.230225
0.001277 -0.706425 -0.707786
0 0 0 0
0.109924 0.091248
0.026123 1.043213 2.251709
0.001277 -0.706425 -0.707786
0 0 0 0
0.109924 0.033752
-0.026123 1.043213 2.251709
0.001277 -0.706425 -0.707786
0 0 0 0
0.002502 0.033752
-0.068604 0.35498 2.378418
0.001382 0.006912 -0.999975
0 0 0 0
0.027954 0.002502
-0.060547 0.35498 2.378418
0.001382 0.006912 -0.999975
0 0 0 0
0.027954 0.028748
-0.060547 0.148682 2.378418
0.001382 -0.006912 -0.999975
0 0 0 0
0.329895 0.028748
-0.068604 0.148682 2.378418
0.001382 -0.006912 -0.999975
0 0 0 0
0.329895 0.002502
-0.068604 0.142334 2.379639
0.001356 -0.383666 -0.923471
0 0 0 0
0.339355 0.002502
-0.060547 0.142334 2.379639
0.001356 -0.383666 -0.923471
0 0 0 0
0.339355 0.028748
-0.068604 0.136963 2.383301
0.001277 -0.706425 -0.707786
0 0 0 0
0.348816 0.002502
-0.060547 0.136963 2.383301
0.001277 -0.706425 -0.707786
0 0 0 0
0.348816 0.028748
-0.068604 0.133301 2.388672
0.00115 -0.923391 -0.383858
0 0 0 0
0.358337 0.002502
-0.060547 0.133301 2.388672
0.00115 -0.923391 -0.383858
0 0 0 0
0.358337 0.028748
-0.068604 0.13208 2.39502
0.000987 -0.99981 -0.019454
0 0 0 0
0.367798 0.002502
-0.060547 0.13208 2.39502
0.000987 -0.99981 -0.019454
0 0 0 0
0.367798 0.028748
-0.060547 0.13208 2.459473
0.000987 -0.99981 0.019454
0 0 0 0
0.462097 0.028748
-0.068604 0.13208 2.459473
0.000987 -0.99981 0.019454
0 0 0 0
0.462097 0.002502
-0.068604 0.133301 2.46582
0.00115 -0.923391 0.383858
0 0 0 0
0.471558 0.002502
-0.060547 0.133301 2.46582
0.00115 -0.923391 0.383858
0 0 0 0
0.471558 0.028748
-0.068604 0.136963 2.471191
0.001277 -0.706425 0.707786
0 0 0 0
0.481018 0.002502
-0.060547 0.136963 2.471191
0.001277 -0.706425 0.707786
0 0 0 0
0.481018 0.028748
-0.068604 0.142334 2.474854
0.001356 -0.383666 0.923471
0 0 0 0
0.49054 0.002502
-0.060547 0.142334 2.474854
0.001356 -0.383666 0.923471
0 0 0 0
0.49054 0.028748
-0.068604 0.148682 2.476074
0.001382 -0.006912 0.999975
0 0 0 0
0.5 0.002502
-0.060547 0.148682 2.476074
0.001382 -0.006912 0.999975
0 0 0 0
0.5 0.028748
-0.060547 0.35498 2.476074
0.001382 0.006912 0.999975
0 0 0 0
0.801941 0.028748
-0.068604 0.35498 2.476074
0.001382 0.006912 0.999975
0 0 0 0
0.801941 0.002502
-0.068604 0.361328 2.474854
0.001356 0.383666 0.923471
0 0 0 0
0.811401 0.002502
-0.060547 0.361328 2.474854
0.001356 0.383666 0.923471
0 0 0 0
0.811401 0.028748
-0.068604 0.366699 2.471191
0.001277 0.706425 0.707786
0 0 0 0
0.820862 0.002502
-0.060547 0.366699 2.471191
0.001277 0.706425 0.707786
0 0 0 0
0.820862 0.028748
-0.068604 0.370361 2.46582
0.00115 0.923391 0.383858
0 0 0 0
0.830322 0.002502
-0.060547 0.370361 2.46582
0.00115 0.923391 0.383858
0 0 0 0
0.830322 0.028748
-0.068604 0.371582 2.459473
0.000987 0.99981 0.019454
0 0 0 0
0.839844 0.002502
-0.060547 0.371582 2.459473
0.000987 0.99981 0.019454
0 0 0 0
0.839844 0.028748
-0.060547 0.371582 2.39502
0.000987 0.99981 -0.019454
0 0 0 0
0.934143 0.028748
-0.068604 0.371582 2.39502
0.000987 0.99981 -0.019454
0 0 0 0
0.934143 0.002502
-0.068604 0.370361 2.388672
0.00115 0.923391 -0.383858
0 0 0 0
0.943604 0.002502
-0.060547 0.370361 2.388672
0.00115 0.923391 -0.383858
0 0 0 0
0.943604 0.028748
-0.068604 0.366699 2.383301
0.001277 0.706425 -0.707786
0 0 0 0
0.953064 0.002502
-0.060547 0.366699 2.383301
0.001277 0.706425 -0.707786
0 0 0 0
0.953064 0.028748
-0.068604 0.361328 2.379639
0.001356 0.383666 -0.923471
0 0 0 0
0.962524 0.002502
-0.060547 0.361328 2.379639
0.001356 0.383666 -0.923471
0 0 0 0
0.962524 0.028748
-0.068604 0.35498 2.378418
0.001382 0.006912 -0.999975
0 0 0 0
0.972046 0.002502
-0.060547 0.35498 2.378418
0.001382 0.006912 -0.999975
0 0 0 0
0.972046 0.028748
-0.060547 0.148682 2.378418
-1 0.000978 -0.000001
0 0 0 0
0.059387 0.469482
-0.060547 0.355225 2.375488
-1 0.000978 -0.000001
0 0 0 0
0.338806 0.460876
-0.060547 0.148438 2.375488
-1 0.000978 -0.000001
0 0 0 0
0.05896 0.460876
-0.060547 0.35498 2.378418
-1 0.000978 -0.000001
0 0 0 0
0.33844 0.469482
-0.060547 0.361328 2.379639
-1 0.000978 -0.000001
0 0 0 0
0.347778 0.469482
-0.060547 0.362549 2.376953
-1 0.000978 -0.000001
0 0 0 0
0.347778 0.460876
-0.060547 0.368896 2.381104
-1 -0.000977 -0.000001
0 0 0 0
0.357056 0.460876
-0.060547 0.366699 2.383301
-1 -0.000977 -0.000001
0 0 0 0
0.357056 0.469482
-0.060547 0.373047 2.387451
-1 -0.000977 -0.000001
0 0 0 0
0.366333 0.460876
-0.060547 0.370361 2.388672
-1 -0.000977 -0.000001
0 0 0 0
0.366333 0.469482
-0.060547 0.374512 2.394775
-1 -0.000977 -0.000001
0 0 0 0
0.375305 0.460876
-0.060547 0.371582 2.39502
-1 -0.000977 -0.000001
0 0 0 0
0.37561 0.469482
-0.060547 0.374512 2.459717
-1 -0.000977 -0.000001
0 0 0 0
0.463196 0.460876
-0.060547 0.371582 2.459473
-1 -0.000977 -0.000001
0 0 0 0
0.462891 0.469482
-0.060547 0.370361 2.46582
-1 -0.000977 -0.000001
0 0 0 0
0.472168 0.469482
-0.060547 0.373047 2.467041
-1 -0.000977 -0.000001
0 0 0 0
0.472168 0.460876
-0.060547 0.368896 2.473389
-1 -0.000977 -0.000001
0 0 0 0
0.481445 0.460876
-0.060547 0.366699 2.471191
-1 -0.000977 -0.000001
0 0 0 0
0.481445 0.469482
-0.060547 0.362549 2.477539
-1 0.000978 -0.000001
0 0 0 0
0.490723 0.460876
-0.060547 0.361328 2.474854
-1 0.000978 -0.000001
0 0 0 0
0.490723 0.469482
-0.060547 0.355225 2.479004
-1 0.000978 -0.000001
0 0 0 0
0.499695 0.460876
-0.060547 0.35498 2.476074
-1 0.000978 -0.000001
0 0 0 0
0.500061 0.469482
-0.060547 0.148438 2.479004
-1 0.000978 -0.000001
0 0 0 0
0.779663 0.460876
-0.060547 0.148682 2.476074
-1 0.000978 -0.000001
0 0 0 0
0.779297 0.469482
-0.060547 0.142334 2.474854
-1 0.000978 -0.000001
0 0 0 0
0.788635 0.469482
-0.060547 0.141113 2.477539
-1 0.000978 -0.000001
0 0 0 0
0.788635 0.460876
-0.060547 0.134766 2.473389
-1 0.000978 -0.000001
0 0 0 0
0.797913 0.460876
-0.060547 0.136963 2.471191
-1 0.000978 -0.000001
0 0 0 0
0.797913 0.469482
-0.060547 0.130615 2.467041
-1 0.000978 -0.000001
0 0 0 0
0.80719 0.460876
-0.060547 0.133301 2.46582
-1 0.000978 -0.000001
0 0 0 0
0.80719 0.469482
-0.060547 0.12915 2.459717
-1 0.000978 -0.000001
0 0 0 0
0.816162 0.460876
-0.060547 0.13208 2.459473
-1 0.000978 -0.000001
0 0 0 0
0.816467 0.469482
-0.060547 0.12915 2.394775
-1 0.000978 -0.000001
0 0 0 0
0.904053 0.460876
-0.060547 0.13208 2.39502
-1 0.000978 -0.000001
0 0 0 0
0.903748 0.469482
-0.060547 0.133301 2.388672
-1 0.000978 -0.000001
0 0 0 0
0.913025 0.469482
-0.060547 0.130615 2.387451
-1 0.000978 -0.000001
0 0 0 0
0.913025 0.460876
-0.060547 0.134766 2.381104
-1 0.000978 -0.000001
0 0 0 0
0.922302 0.460876
-0.060547 0.136963 2.383301
-1 0.000978 -0.000001
0 0 0 0
0.922302 0.469482
-0.060547 0.141113 2.376953
-1 -0.000977 -0.000001
0 0 0 0
0.93158 0.460876
-0.060547 0.142334 2.379639
-1 -0.000977 -0.000001
0 0 0 0
0.931519 0.469482
-0.060547 0.148438 2.375488
-1 0.000978 -0.000001
0 0 0 0
0.94104 0.460876
-0.060547 0.148682 2.378418
-1 0.000978 -0.000001
0 0 0 0
0.940552 0.469482
-0.068604 0.148682 2.378418
-1 0.000978 -0.000001
0 0 0 0
0.018677 0.217651
-0.068604 0.142822 2.381104
-1 0.000978 -0.000001
0 0 0 0
0.028015 0.211914
-0.068604 0.148682 2.379883
-1 0.000978 -0.000001
0 0 0 0
0.018921 0.211914
-0.068604 0.142334 2.379639
-1 0.000978 -0.000001
0 0 0 0
0.028015 0.217651
-0.068604 0.137939 2.384277
-1 0.000978 -0.000001
0 0 0 0
0.036926 0.211914
-0.068604 0.136963 2.383301
-1 0.000978 -0.000001
0 0 0 0
0.036926 0.217651
-0.068604 0.134766 2.38916
-1 0.000978 0.000001
0 0 0 0
0.045837 0.211914
-0.068604 0.133301 2.388672
-1 -0.000977 0.000001
0 0 0 0
0.045837 0.217651
-0.068604 0.13208 2.39502
-0.999996 -0.002933 0.000009
0 0 0 0
0.054871 0.217651
-0.068604 0.133545 2.395264
-1 0.000978 0.000001
0 0 0 0
0.055054 0.211914
-0.068604 0.13208 2.459473
-0.999996 -0.002933 -0.000009
0 0 0 0
0.151489 0.217651
-0.068604 0.133545 2.459229
-1 0.000978 -0.000001
0 0 0 0
0.151306 0.211914
-0.068604 0.134766 2.465332
-1 0.000978 -0.000001
0 0 0 0
0.160583 0.211914
-0.068604 0.133301 2.46582
-1 -0.000977 -0.000001
0 0 0 0
0.160583 0.217651
-0.068604 0.137939 2.470215
-1 0.000978 -0.000001
0 0 0 0
0.169495 0.211914
-0.068604 0.136963 2.471191
-1 0.000978 -0.000001
0 0 0 0
0.169495 0.217651
-0.068604 0.142822 2.473389
-1 0.000978 -0.000001
0 0 0 0
0.178467 0.211914
-0.068604 0.142334 2.474854
-1 0.000978 -0.000001
0 0 0 0
0.178467 0.217651
-0.068604 0.148682 2.476074
-1 0.000978 -0.000001
0 0 0 0
0.187561 0.217651
-0.068604 0.148682 2.474609
-1 0.000978 -0.000001
0 0 0 0
0.187744 0.211914
-0.068604 0.354736 2.474609
-1 0.000978 -0.000001
0 0 0 0
0.499817 0.211914
-0.068604 0.35498 2.476074
-1 0.000978 -0.000001
0 0 0 0
0.5 0.217651
-0.068604 0.36084 2.473389
-1 -0.000977 -0.000001
0 0 0 0
0.509155 0.211914
-0.068604 0.361328 2.474854
-1 0.000978 -0.000001
0 0 0 0
0.509155 0.217651
-0.068604 0.365723 2.470215
-1 0.000978 -0.000001
0 0 0 0
0.518188 0.211914
-0.068604 0.366699 2.471191
-1 0.000978 -0.000001
0 0 0 0
0.518188 0.217651
-0.068604 0.368896 2.465332
-1 -0.000977 -0.000001
0 0 0 0
0.527161 0.211914
-0.068604 0.370361 2.46582
-1 0.000978 -0.000001
0 0 0 0
0.527161 0.217651
-0.068604 0.371582 2.459473
-0.999996 0.002933 -0.000009
0 0 0 0
0.536316 0.217651
-0.068604 0.370117 2.459229
-1 -0.000977 -0.000001
0 0 0 0
0.536499 0.211914
-0.068604 0.370117 2.395264
-1 -0.000977 0.000001
0 0 0 0
0.633972 0.211914
-0.068604 0.371582 2.39502
-0.999996 0.002933 0.000009
0 0 0 0
0.634155 0.217651
-0.068604 0.368896 2.38916
-1 -0.000977 0.000001
0 0 0 0
0.643311 0.211914
-0.068604 0.370361 2.388672
-1 0.000978 0.000001
0 0 0 0
0.643311 0.217651
-0.068604 0.365723 2.384277
-1 0.000978 -0.000001
0 0 0 0
0.652283 0.211914
-0.068604 0.366699 2.383301
-1 0.000978 -0.000001
0 0 0 0
0.652283 0.217651
-0.068604 0.36084 2.381104
-1 -0.000977 -0.000001
0 0 0 0
0.661255 0.211914
-0.068604 0.361328 2.379639
-1 0.000978 -0.000001
0 0 0 0
0.661255 0.217651
-0.068604 0.35498 2.378418
-1 0.000978 -0.000001
0 0 0 0
0.670349 0.217651
-0.068604 0.354736 2.379883
-1 0.000978 -0.000001
0 0 0 0
0.670532 0.211914
-0.068604 0.148682 2.378418
-1 0.000978 -0.000001
0 0 0 0
0.981323 0.217651
-0.068604 0.148682 2.379883
-1 0.000978 -0.000001
0 0 0 0
0.981079 0.211914
-0.068604 0.368896 2.38916
-1 -0.000977 0.000001
0 0 0 0
0.527039 0.267639
-0.068604 0.370117 2.459229
-1 -0.000977 -0.000001
0 0 0 0
0.529175 0.394043
-0.068604 0.370117 2.395264
-1 -0.000977 0.000001
0 0 0 0
0.529175 0.27832
-0.068604 0.368896 2.465332
-1 -0.000977 -0.000001
0 0 0 0
0.527039 0.404724
-0.068604 0.365723 2.384277
-1 0.000978 -0.000001
0 0 0 0
0.521179 0.25885
-0.068604 0.365723 2.470215
-1 0.000978 -0.000001
0 0 0 0
0.521179 0.413513
-0.068604 0.36084 2.473389
-1 -0.000977 -0.000001
0 0 0 0
0.512329 0.419434
-0.068604 0.36084 2.381104
-1 -0.000977 -0.000001
0 0 0 0
0.512329 0.25293
-0.068604 0.354736 2.379883
-1 0.000978 -0.000001
0 0 0 0
0.501709 0.250793
-0.068604 0.354736 2.474609
-1 0.000978 -0.000001
0 0 0 0
0.501709 0.421509
-0.068604 0.148682 2.474609
-1 0.000978 -0.000001
0 0 0 0
0.130005 0.421509
-0.068604 0.148682 2.379883
-1 0.000978 -0.000001
0 0 0 0
0.130005 0.250793
-0.068604 0.142822 2.381104
-1 0.000978 -0.000001
0 0 0 0
0.119385 0.25293
-0.068604 0.142822 2.473389
-1 0.000978 -0.000001
0 0 0 0
0.119385 0.419434
-0.068604 0.137939 2.384277
-1 0.000978 -0.000001
0 0 0 0
0.110535 0.25885
-0.068604 0.137939 2.470215
-1 0.000978 -0.000001
0 0 0 0
0.110535 0.413513
-0.068604 0.134766 2.465332
-1 0.000978 -0.000001
0 0 0 0
0.104675 0.404724
-0.068604 0.134766 2.38916
-1 0.000978 0.000001
0 0 0 0
0.104675 0.267639
-0.068604 0.133545 2.459229
-1 0.000978 -0.000001
0 0 0 0
0.102539 0.394043
-0.068604 0.133545 2.395264
-1 0.000978 0.000001
0 0 0 0
0.102539 0.27832
0.006836 5.917969 2.426514
0.64014 -0.474224 -0.604428
0 0 0 0
0.999146 0.621643
0.008545 5.917725 2.432861
0.846401 -0.515337 0.134287
0 0 0 0
0.999146 0.59552
0.001709 5.920898 2.423096
0.059236 -0.155667 -0.986032
0 0 0 0
0.999146 0.647766
-0.003662 5.924316 2.424805
-0.553742 0.252653 -0.793433
0 0 0 0
0.999146 0.673889
-0.021973 5.901611 2.433594
-0.86129 0.486634 -0.146174
0 0 0 0
0.964417 0.700012
-0.006104 5.926758 2.430664
-0.844536 0.516743 -0.140486
0 0 0 0
0.999084 0.700012
-0.019775 5.901855 2.439941
-0.651332 0.481419 0.586517
0 0 0 0
0.964539 0.726135
-0.004395 5.92627 2.437012
-0.643702 0.478143 0.597517
0 0 0 0
0.998962 0.726135
-0.014648 5.899414 2.443359
-0.056402 0.188464 0.980459
0 0 0 0
0.9646 0.752258
0.000732 5.923584 2.44043
-0.061982 0.158398 0.985428
0 0 0 0
0.998901 0.752258
-0.009033 5.895752 2.44165
0.576455 -0.21568 0.788151
0 0 0 0
0.9646 0.778381
0.006104 5.919922 2.438721
0.553742 -0.252653 0.793433
0 0 0 0
0.99884 0.778381
0.008545 5.917725 2.432861
0.846401 -0.515337 0.134287
0 0 0 0
0.998779 0.804504
-0.006592 5.893311 2.435791
0.86227 -0.491691 0.121368
0 0 0 0
0.964539 0.804504
-0.022949 5.871094 2.446533
0.635034 -0.107787 0.764928
0 0 0 0
0.929504 0.778381
-0.020752 5.868408 2.440674
0.903252 -0.41728 0.100063
0 0 0 0
0.929504 0.804504
-0.032227 5.841309 2.449707
0.94632 -0.316113 0.067452
0 0 0 0
0.892395 0.804504
-0.034424 5.844238 2.455322
0.691379 0.029502 0.72189
0 0 0 0
0.892334 0.778381
-0.040527 5.813232 2.462402
0.977735 -0.208597 0.022825
0 0 0 0
0.853638 0.804504
-0.042725 5.816406 2.467773
0.729824 0.167645 0.662761
0 0 0 0
0.853638 0.778381
-0.044922 5.784668 2.478027
0.994225 -0.102303 -0.032411
0 0 0 0
0.813782 0.804504
-0.047119 5.787842 2.483398
0.747476 0.290342 0.597479
0 0 0 0
0.813721 0.778381
-0.04541 5.754883 2.496826
0.996686 -0.013208 -0.080264
0 0 0 0
0.77124 0.804504
-0.047607 5.758301 2.502197
0.750068 0.386546 0.536638
0 0 0 0
0.771179 0.778381
-0.04248 5.723145 2.518799
0.990947 0.065099 -0.117416
0 0 0 0
0.724915 0.804504
-0.044678 5.726318 2.524414
0.738017 0.44521 0.50707
0 0 0 0
0.724731 0.778381
-0.035889 5.688232 2.54126
0.979597 0.135153 -0.148742
0 0 0 0
0.674438 0.804504
-0.037842 5.690918 2.547119
0.731478 0.45282 0.509799
0 0 0 0
0.674438 0.778381
0.007568 5.263184 2.49707
-0.001231 0.811013 0.585026
0 0 0 0
0.076172 0.700012
-0.001953 5.260498 2.502441
0.125286 0.862685 0.489977
0 0 0 0
0.06189 0.700012
0.003174 5.489502 2.582275
-0.212985 0.045345 -0.976003
0 0 0 0
0.423279 0.647766
0.009766 5.465576 2.578613
-0.234344 0.113746 -0.965476
0 0 0 0
0.39325 0.647766
0.016602 5.444092 2.57373
-0.244943 0.138208 -0.959636
0 0 0 0
0.365601 0.647766
0.023926 5.424316 2.569092
-0.258052 0.17067 -0.950937
0 0 0 0
0.339539 0.647766
0.032471 5.404785 2.5625
-0.291343 0.256111 -0.921697
0 0 0 0
0.312561 0.647766
0.060059 0.961914 2.490967
0.001315 0.585352 -0.810778
0 0 0 0
0.359558 0.028748
0.036377 0.76416 2.3479
0.001315 0.585352 -0.810778
0 0 0 0
0.002319 0.002502
0.036377 0.961914 2.490967
0.001315 0.585352 -0.810778
0 0 0 0
0.359558 0.002502
0.060059 0.76416 2.3479
0.001315 0.585352 -0.810778
0 0 0 0
0.002319 0.028748
0.060059 0.76416 2.3479
0.001382 0.001382 -0.999998
0 0 0 0
0.997681 0.028748
0.036377 0.751709 2.3479
0.001382 0.001382 -0.999998
0 0 0 0
0.979431 0.002502
0.036377 0.76416 2.3479
0.001382 0.001382 -0.999998
0 0 0 0
0.997681 0.002502
0.060059 0.751709 2.3479
0.001382 0.001382 -0.999998
0 0 0 0
0.979431 0.028748
0.036377 0.083984 2.3479
0.001382 0.001382 -0.999998
0 0 0 0
0.002319 0.002502
0.060059 0.083984 2.3479
0.001382 0.001382 -0.999998
0 0 0 0
0.002319 0.028748
0.060059 0.949463 2.490967
1 0.000978 -0.000001
0 0 0 0
0.248291 1.226318
0.060059 0.751709 2.3479
1 0.000978 -0.000001
0 0 0 0
0.454224 1.226318
0.060059 0.76416 2.3479
1 0.000978 -0.000001
0 0 0 0
0.44574 1.220154
0.060059 0.961914 2.490967
1 0.000978 -0.000001
0 0 0 0
0.239746 1.220154
0.060059 0.083984 2.490967
1 0.000978 -0.000001
0 0 0 0
0.999023 1.216858
0.060059 0.083984 2.3479
1 0.000978 -0.000001
0 0 0 0
0.999023 1.096069
0.060059 0.751709 2.3479
1 0.000978 -0.000001
0 0 0 0
0.435669 1.096069
0.060059 0.949463 2.490967
1 0.000978 -0.000001
0 0 0 0
0.268799 1.216858
0.060547 0.148682 2.378418
1 0.000978 -0.000001
0 0 0 0
0.059387 0.469482
0.060547 0.148438 2.375488
1 0.000978 -0.000001
0 0 0 0
0.05896 0.460876
0.060547 0.355225 2.375488
1 0.000978 -0.000001
0 0 0 0
0.338806 0.460876
0.060547 0.35498 2.378418
1 0.000978 -0.000001
0 0 0 0
0.33844 0.469482
0.060547 0.361328 2.379639
1 0.000978 -0.000001
0 0 0 0
0.347778 0.469482
0.060547 0.362549 2.376953
1 0.000978 -0.000001
0 0 0 0
0.347778 0.460876
0.060547 0.368896 2.381104
1 0.000978 -0.000001
0 0 0 0
0.357056 0.460876
0.060547 0.366699 2.383301
1 0.000978 -0.000001
0 0 0 0
0.357056 0.469482
0.060547 0.373047 2.387451
1 0.000978 -0.000001
0 0 0 0
0.366333 0.460876
0.060547 0.370361 2.388672
1 0.000978 -0.000001
0 0 0 0
0.366333 0.469482
0.060547 0.374512 2.394775
1 0.000978 -0.000001
0 0 0 0
0.375305 0.460876
0.060547 0.371582 2.39502
1 0.000978 -0.000001
0 0 0 0
0.37561 0.469482
0.060547 0.374512 2.459717
1 0.000978 -0.000001
0 0 0 0
0.463196 0.460876
0.060547 0.371582 2.459473
1 0.000978 -0.000001
0 0 0 0
0.462891 0.469482
0.060547 0.370361 2.46582
1 0.000978 -0.000001
0 0 0 0
0.472168 0.469482
0.060547 0.373047 2.467041
1 0.000978 -0.000001
0 0 0 0
0.472168 0.460876
0.060547 0.368896 2.473389
1 0.000978 -0.000001
0 0 0 0
0.481445 0.460876
0.060547 0.366699 2.471191
1 0.000978 -0.000001
0 0 0 0
0.481445 0.469482
0.060547 0.362549 2.477539
1 -0.000977 -0.000001
0 0 0 0
0.490723 0.460876
0.060547 0.361328 2.474854
1 -0.000977 -0.000001
0 0 0 0
0.490723 0.469482
0.060547 0.355225 2.479004
1 0.000978 -0.000001
0 0 0 0
0.499695 0.460876
0.060547 0.35498 2.476074
1 0.000978 -0.000001
0 0 0 0
0.500061 0.469482
0.060547 0.148438 2.479004
1 0.000978 -0.000001
0 0 0 0
0.779663 0.460876
0.060547 0.148682 2.476074
1 0.000978 -0.000001
0 0 0 0
0.779297 0.469482
0.060547 0.142334 2.474854
1 0.000978 -0.000001
0 0 0 0
0.788635 0.469482
0.060547 0.141113 2.477539
1 0.000978 -0.000001
0 0 0 0
0.788635 0.460876
0.060547 0.134766 2.473389
1 0.000978 -0.000001
0 0 0 0
0.797913 0.460876
0.060547 0.136963 2.471191
1 0.000978 -0.000001
0 0 0 0
0.797913 0.469482
0.060547 0.130615 2.467041
1 0.000978 -0.000001
0 0 0 0
0.80719 0.460876
0.060547 0.133301 2.46582
1 0.000978 -0.000001
0 0 0 0
0.80719 0.469482
0.060547 0.12915 2.459717
1 0.000978 -0.000001
0 0 0 0
0.816162 0.460876
0.060547 0.13208 2.459473
1 0.000978 -0.000001
0 0 0 0
0.816467 0.469482
0.060547 0.12915 2.394775
1 0.000978 -0.000001
0 0 0 0
0.904053 0.460876
0.060547 0.13208 2.39502
1 0.000978 -0.000001
0 0 0 0
0.903748 0.469482
0.060547 0.133301 2.388672
1 -0.000977 -0.000001
0 0 0 0
0.913025 0.469482
0.060547 0.130615 2.387451
1 -0.000977 -0.000001
0 0 0 0
0.913025 0.460876
0.060547 0.134766 2.381104
1 0.000978 -0.000001
0 0 0 0
0.922302 0.460876
0.060547 0.136963 2.383301
1 0.000978 -0.000001
0 0 0 0
0.922302 0.469482
0.060547 0.141113 2.376953
1 0.000978 -0.000001
0 0 0 0
0.93158 0.460876
0.060547 0.142334 2.379639
1 0.000978 -0.000001
0 0 0 0
0.931519 0.469482
0.060547 0.148438 2.375488
1 0.000978 -0.000001
0 0 0 0
0.94104 0.460876
0.060547 0.148682 2.378418
1 0.000978 -0.000001
0 0 0 0
0.940552 0.469482
0.068604 0.35498 2.378418
0.001382 0.006912 -0.999975
0 0 0 0
0.027954 0.002502
0.060547 0.148682 2.378418
0.001382 -0.006912 -0.999975
0 0 0 0
0.329895 0.028748
0.060547 0.35498 2.378418
0.001382 0.006912 -0.999975
0 0 0 0
0.027954 0.028748
0.068604 0.148682 2.378418
0.001382 -0.006912 -0.999975
0 0 0 0
0.329895 0.002502
0.068604 0.142334 2.379639
0.001356 -0.383666 -0.923471
0 0 0 0
0.339355 0.002502
0.060547 0.142334 2.379639
0.001356 -0.383666 -0.923471
0 0 0 0
0.339355 0.028748
0.068604 0.136963 2.383301
0.001277 -0.706425 -0.707786
0 0 0 0
0.348816 0.002502
0.060547 0.136963 2.383301
0.001277 -0.706425 -0.707786
0 0 0 0
0.348816 0.028748
0.068604 0.133301 2.388672
0.00115 -0.923391 -0.383858
0 0 0 0
0.358337 0.002502
0.060547 0.133301 2.388672
0.00115 -0.923391 -0.383858
0 0 0 0
0.358337 0.028748
0.068604 0.13208 2.39502
0.000987 -0.99981 -0.019454
0 0 0 0
0.367798 0.002502
0.060547 0.13208 2.39502
0.000987 -0.99981 -0.019454
0 0 0 0
0.367798 0.028748
0.060547 0.13208 2.459473
0.000987 -0.99981 0.019454
0 0 0 0
0.462097 0.028748
0.068604 0.13208 2.459473
0.000987 -0.99981 0.019454
0 0 0 0
0.462097 0.002502
0.068604 0.133301 2.46582
0.00115 -0.923391 0.383858
0 0 0 0
0.471558 0.002502
0.060547 0.133301 2.46582
0.00115 -0.923391 0.383858
0 0 0 0
0.471558 0.028748
0.068604 0.136963 2.471191
0.001277 -0.706425 0.707786
0 0 0 0
0.481018 0.002502
0.060547 0.136963 2.471191
0.001277 -0.706425 0.707786
0 0 0 0
0.481018 0.028748
0.068604 0.142334 2.474854
0.001356 -0.383666 0.923471
0 0 0 0
0.49054 0.002502
0.060547 0.142334 2.474854
0.001356 -0.383666 0.923471
0 0 0 0
0.49054 0.028748
0.068604 0.148682 2.476074
0.001382 -0.006912 0.999975
0 0 0 0
0.5 0.002502
0.060547 0.148682 2.476074
0.001382 -0.006912 0.999975
0 0 0 0
0.5 0.028748
0.060547 0.35498 2.476074
0.001382 0.006912 0.999975
0 0 0 0
0.801941 0.028748
0.068604 0.35498 2.476074
0.001382 0.006912 0.999975
0 0 0 0
0.801941 0.002502
0.068604 0.361328 2.474854
0.001356 0.383666 0.923471
0 0 0 0
0.811401 0.002502
0.060547 0.361328 2.474854
0.001356 0.383666 0.923471
0 0 0 0
0.811401 0.028748
0.068604 0.366699 2.471191
0.001277 0.706425 0.707786
0 0 0 0
0.820862 0.002502
0.060547 0.366699 2.471191
0.001277 0.706425 0.707786
0 0 0 0
0.820862 0.028748
0.068604 0.370361 2.46582
0.00115 0.923391 0.383858
0 0 0 0
0.830322 0.002502
0.060547 0.370361 2.46582
0.00115 0.923391 0.383858
0 0 0 0
0.830322 0.028748
0.068604 0.371582 2.459473
0.000987 0.99981 0.019454
0 0 0 0
0.839844 0.002502
0.060547 0.371582 2.459473
0.000987 0.99981 0.019454
0 0 0 0
0.839844 0.028748
0.060547 0.371582 2.39502
0.000987 0.99981 -0.019454
0 0 0 0
0.934143 0.028748
0.068604 0.371582 2.39502
0.000987 0.99981 -0.019454
0 0 0 0
0.934143 0.002502
0.068604 0.370361 2.388672
0.00115 0.923391 -0.383858
0 0 0 0
0.943604 0.002502
0.060547 0.370361 2.388672
0.00115 0.923391 -0.383858
0 0 0 0
0.943604 0.028748
0.068604 0.366699 2.383301
0.001277 0.706425 -0.707786
0 0 0 0
0.953064 0.002502
0.060547 0.366699 2.383301
0.001277 0.706425 -0.707786
0 0 0 0
0.953064 0.028748
0.068604 0.361328 2.379639
0.001356 0.383666 -0.923471
0 0 0 0
0.962524 0.002502
0.060547 0.361328 2.379639
0.001356 0.383666 -0.923471
0 0 0 0
0.962524 0.028748
0.068604 0.35498 2.378418
0.001382 0.006912 -0.999975
0 0 0 0
0.972046 0.002502
0.060547 0.35498 2.378418
0.001382 0.006912 -0.999975
0 0 0 0
0.972046 0.028748
0.068604 0.368896 2.38916
1 -0.000977 0.000001
0 0 0 0
0.527039 0.267639
0.068604 0.370117 2.395264
1 -0.000977 0.000001
0 0 0 0
0.529175 0.27832
0.068604 0.370117 2.459229
1 -0.000977 -0.000001
0 0 0 0
0.529175 0.394043
0.068604 0.368896 2.465332
1 -0.000977 -0.000001
0 0 0 0
0.527039 0.404724
0.068604 0.365723 2.384277
1 -0.000977 -0.000001
0 0 0 0
0.521179 0.25885
0.068604 0.365723 2.470215
1 -0.000977 -0.000001
0 0 0 0
0.521179 0.413513
0.068604 0.36084 2.473389
1 -0.000977 -0.000001
0 0 0 0
0.512329 0.419434
0.068604 0.36084 2.381104
1 -0.000977 -0.000001
0 0 0 0
0.512329 0.25293
0.068604 0.354736 2.379883
1 0.000978 -0.000001
0 0 0 0
0.501709 0.250793
0.068604 0.354736 2.474609
1 0.000978 -0.000001
0 0 0 0
0.501709 0.421509
0.068604 0.148682 2.474609
1 0.000978 -0.000001
0 0 0 0
0.130005 0.421509
0.068604 0.148682 2.379883
1 0.000978 -0.000001
0 0 0 0
0.130005 0.250793
0.068604 0.142822 2.381104
1 0.000978 -0.000001
0 0 0 0
0.119385 0.25293
0.068604 0.142822 2.473389
1 0.000978 -0.000001
0 0 0 0
0.119385 0.419434
0.068604 0.137939 2.384277
1 0.000978 -0.000001
0 0 0 0
0.110535 0.25885
0.068604 0.137939 2.470215
1 0.000978 -0.000001
0 0 0 0
0.110535 0.413513
0.068604 0.134766 2.465332
1 0.000978 -0.000001
0 0 0 0
0.104675 0.404724
0.068604 0.134766 2.38916
1 0.000978 0.000001
0 0 0 0
0.104675 0.267639
0.068604 0.133545 2.459229
1 0.000978 -0.000001
0 0 0 0
0.102539 0.394043
0.068604 0.133545 2.395264
1 0.000978 0.000001
0 0 0 0
0.102539 0.27832
0.068604 0.148682 2.378418
1 0.000978 -0.000001
0 0 0 0
0.018677 0.217651
0.068604 0.148682 2.379883
1 0.000978 -0.000001
0 0 0 0
0.018921 0.211914
0.068604 0.142822 2.381104
1 0.000978 -0.000001
0 0 0 0
0.028015 0.211914
0.068604 0.142334 2.379639
1 0.000978 -0.000001
0 0 0 0
0.028015 0.217651
0.068604 0.137939 2.384277
1 0.000978 -0.000001
0 0 0 0
0.036926 0.211914
0.068604 0.136963 2.383301
1 0.000978 -0.000001
0 0 0 0
0.036926 0.217651
0.068604 0.134766 2.38916
1 0.000978 0.000001
0 0 0 0
0.045837 0.211914
0.068604 0.133301 2.388672
1 -0.000977 0.000001
0 0 0 0
0.045837 0.217651
0.068604 0.13208 2.39502
0.999996 -0.002933 0.000009
0 0 0 0
0.054871 0.217651
0.068604 0.133545 2.395264
1 0.000978 0.000001
0 0 0 0
0.055054 0.211914
0.068604 0.13208 2.459473
0.999996 -0.002933 -0.000009
0 0 0 0
0.151489 0.217651
0.068604 0.133545 2.459229
1 0.000978 -0.000001
0 0 0 0
0.151306 0.211914
0.068604 0.134766 2.465332
1 0.000978 -0.000001
0 0 0 0
0.160583 0.211914
0.068604 0.133301 2.46582
1 -0.000977 -0.000001
0 0 0 0
0.160583 0.217651
0.068604 0.137939 2.470215
1 0.000978 -0.000001
0 0 0 0
0.169495 0.211914
0.068604 0.136963 2.471191
1 0.000978 -0.000001
0 0 0 0
0.169495 0.217651
0.068604 0.142822 2.473389
1 0.000978 -0.000001
0 0 0 0
0.178467 0.211914
0.068604 0.142334 2.474854
1 0.000978 -0.000001
0 0 0 0
0.178467 0.217651
0.068604 0.148682 2.476074
1 0.000978 -0.000001
0 0 0 0
0.187561 0.217651
0.068604 0.148682 2.474609
1 0.000978 -0.000001
0 0 0 0
0.187744 0.211914
0.068604 0.354736 2.474609
1 0.000978 -0.000001
0 0 0 0
0.499817 0.211914
0.068604 0.35498 2.476074
1 0.000978 -0.000001
0 0 0 0
0.5 0.217651
0.068604 0.36084 2.473389
1 -0.000977 -0.000001
0 0 0 0
0.509155 0.211914
0.068604 0.361328 2.474854
1 0.000978 -0.000001
0 0 0 0
0.509155 0.217651
0.068604 0.365723 2.470215
1 -0.000977 -0.000001
0 0 0 0
0.518188 0.211914
0.068604 0.366699 2.471191
1 0.000978 -0.000001
0 0 0 0
0.518188 0.217651
0.068604 0.368896 2.465332
1 -0.000977 -0.000001
0 0 0 0
0.527161 0.211914
0.068604 0.370361 2.46582
1 0.000978 -0.000001
0 0 0 0
0.527161 0.217651
0.068604 0.371582 2.459473
0.999996 0.002933 -0.000009
0 0 0 0
0.536316 0.217651
0.068604 0.370117 2.459229
1 -0.000977 -0.000001
0 0 0 0
0.536499 0.211914
0.068604 0.370117 2.395264
1 -0.000977 0.000001
0 0 0 0
0.633972 0.211914
0.068604 0.371582 2.39502
0.999996 0.002933 0.000009
0 0 0 0
0.634155 0.217651
0.068604 0.368896 2.38916
1 -0.000977 0.000001
0 0 0 0
0.643311 0.211914
0.068604 0.370361 2.388672
1 0.000978 0.000001
0 0 0 0
0.643311 0.217651
0.068604 0.365723 2.384277
1 -0.000977 -0.000001
0 0 0 0
0.652283 0.211914
0.068604 0.366699 2.383301
1 0.000978 -0.000001
0 0 0 0
0.652283 0.217651
0.068604 0.36084 2.381104
1 -0.000977 -0.000001
0 0 0 0
0.661255 0.211914
0.068604 0.361328 2.379639
1 0.000978 -0.000001
0 0 0 0
0.661255 0.217651
0.068604 0.35498 2.378418
1 0.000978 -0.000001
0 0 0 0
0.670349 0.217651
0.068604 0.354736 2.379883
1 0.000978 -0.000001
0 0 0 0
0.670532 0.211914
0.068604 0.148682 2.378418
1 0.000978 -0.000001
0 0 0 0
0.981323 0.217651
0.068604 0.148682 2.379883
1 0.000978 -0.000001
0 0 0 0
0.981079 0.211914
-0.027588 5.650391 2.567627
0.738891 0.427906 0.520516
0 0 0 0
0.61969 0.778381
-0.025635 5.648193 2.561523
0.969913 0.178363 -0.165697
0 0 0 0
0.619751 0.804504
-0.015137 5.608887 2.577393
0.968812 0.186594 -0.163052
0 0 0 0
0.568298 0.804504
-0.016846 5.610352 2.58374
0.753668 0.372586 0.541446
0 0 0 0
0.568176 0.778381
-0.007568 5.576172 2.586182
0.969452 0.186312 -0.159536
0 0 0 0
0.527344 0.804504
-0.009277 5.576904 2.592529
0.769993 0.290124 0.568278
0 0 0 0
0.527283 0.778381
-0.002686 5.547119 2.59668
0.784083 0.231912 0.5757
0 0 0 0
0.491638 0.778381
-0.001221 5.546875 2.590088
0.962887 0.210334 -0.169137
0 0 0 0
0.491638 0.804504
0.004639 5.517822 2.597412
0.793782 0.197525 0.575234
0 0 0 0
0.456543 0.778381
0.005859 5.518311 2.591064
0.953289 0.248638 -0.171522
0 0 0 0
0.456543 0.804504
0.011963 5.490479 2.595703
0.805131 0.158085 0.571641
0 0 0 0
0.423279 0.778381
0.013184 5.491455 2.589355
0.945385 0.276311 -0.172913
0 0 0 0
0.423279 0.804504
0.018799 5.466064 2.592041
0.813492 0.133339 0.566084
0 0 0 0
0.393311 0.778381
0.019775 5.467529 2.585449
0.935255 0.308221 -0.17406
0 0 0 0
0.39325 0.804504
0.025635 5.444092 2.587158
0.81102 0.148014 0.565984
0 0 0 0
0.365662 0.778381
0.026611 5.446045 2.580566
0.918792 0.35631 -0.169894
0 0 0 0
0.365662 0.804504
0.03418 5.42627 2.575928
0.900815 0.409081 -0.145554
0 0 0 0
0.339661 0.804504
0.033203 5.424072 2.582275
0.801503 0.158337 0.576648
0 0 0 0
0.3396 0.778381
0.042725 5.406494 2.569336
0.884108 0.451877 -0.118998
0 0 0 0
0.312622 0.804504
0.042236 5.403809 2.575195
0.812017 0.12615 0.569837
0 0 0 0
0.312622 0.778381
0.037354 5.400391 2.578613
0.277924 -0.264366 0.923509
0 0 0 0
0.312683 0.752258
0.02832 5.420898 2.585693
0.239115 -0.181727 0.953834
0 0 0 0
0.339539 0.752258
0.020752 5.44165 2.590576
0.225982 -0.146546 0.963045
0 0 0 0
0.365601 0.752258
0.013672 5.463867 2.595459
0.218091 -0.116589 0.968939
0 0 0 0
0.393311 0.752258
0.006836 5.488525 2.599365
0.202104 -0.04812 0.978181
0 0 0 0
0.423279 0.752258
-0.000732 5.516602 2.601074
0.177599 0.031665 0.983593
0 0 0 0
0.456543 0.752258
-0.008057 5.546143 2.600098
0.1582 0.11693 0.980459
0 0 0 0
0.491638 0.752258
-0.014648 5.576416 2.596191
0.135622 0.228776 0.963986
0 0 0 0
0.527222 0.752258
-0.022461 5.610107 2.587158
0.112752 0.346408 0.931283
0 0 0 0
0.568115 0.752258
-0.033447 5.650391 2.571045
0.084864 0.429709 0.898971
0 0 0 0
0.619751 0.752258
-0.043701 5.691406 2.550293
0.062693 0.502881 0.862079
0 0 0 0
0.6745 0.752258
-0.050537 5.727539 2.5271
0.051538 0.558988 0.827573
0 0 0 0
0.724731 0.752258
-0.053711 5.759766 2.504883
0.051583 0.554189 0.830791
0 0 0 0
0.771179 0.752258
-0.053223 5.789795 2.48584
0.049346 0.505461 0.861437
0 0 0 0
0.813721 0.752258
-0.048828 5.818848 2.469971
0.036365 0.437722 0.898375
0 0 0 0
0.853638 0.752258
-0.040283 5.847168 2.457275
0.014949 0.360132 0.932782
0 0 0 0
0.892334 0.752258
-0.028564 5.874268 2.448242
-0.023281 0.269781 0.96264
0 0 0 0
0.929504 0.752258
-0.03418 5.875977 2.445068
-0.661507 0.479868 0.576312
0 0 0 0
0.929443 0.726135
-0.046143 5.848145 2.454346
-0.667101 0.468076 0.579553
0 0 0 0
0.892334 0.726135
-0.054932 5.818848 2.467285
-0.674142 0.444909 0.589567
0 0 0 0
0.853638 0.726135
-0.059326 5.789307 2.483643
-0.675758 0.415375 0.608945
0 0 0 0
0.813843 0.726135
-0.060059 5.758301 2.503174
-0.670354 0.390728 0.630839
0 0 0 0
0.77124 0.726135
-0.056885 5.725586 2.525879
-0.659951 0.347011 0.666369
0 0 0 0
0.724792 0.726135
-0.050049 5.689453 2.548828
-0.637568 0.268112 0.722234
0 0 0 0
0.674561 0.726135
-0.039551 5.648438 2.569824
-0.614464 0.188366 0.766128
0 0 0 0
0.619873 0.726135
-0.028809 5.608154 2.585938
-0.590986 0.124487 0.797019
0 0 0 0
0.568176 0.726135
-0.020996 5.574707 2.594971
-0.571022 0.038244 0.820043
0 0 0 0
0.527161 0.726135
-0.014404 5.544678 2.598877
-0.554089 -0.062153 0.830134
0 0 0 0
0.491638 0.726135
-0.00708 5.514893 2.599854
-0.533291 -0.149533 0.83261
0 0 0 0
0.456543 0.726135
0.000488 5.487061 2.598145
-0.51395 -0.228569 0.826808
0 0 0 0
0.423279 0.726135
0.007324 5.462158 2.594238
-0.496357 -0.301501 0.814081
0 0 0 0
0.39325 0.726135
0.014404 5.439697 2.589111
-0.486468 -0.352722 0.799335
0 0 0 0
0.365601 0.726135
0.022217 5.418945 2.584229
-0.456125 -0.414303 0.787593
0 0 0 0
0.339539 0.726135
0.03125 5.398193 2.577148
-0.411021 -0.504376 0.759386
0 0 0 0
0.312683 0.726135
0.041504 5.376221 2.566162
-0.368676 -0.579347 0.726935
0 0 0 0
0.282288 0.726135
0.037354 5.377197 2.561279
-0.86745 -0.472103 0.156998
0 0 0 0
0.282288 0.700012
0.0271 5.398682 2.571777
-0.871553 -0.46265 0.162326
0 0 0 0
0.312683 0.700012
0.018311 5.418945 2.578613
-0.894651 -0.411857 0.173128
0 0 0 0
0.339539 0.700012
0.010498 5.439697 2.58374
-0.91715 -0.357317 0.176522
0 0 0 0
0.365601 0.700012
0.003662 5.461914 2.588623
-0.929979 -0.31284 0.193056
0 0 0 0
0.39325 0.700012
-0.003174 5.486572 2.592529
-0.938648 -0.27784 0.204316
0 0 0 0
0.423279 0.700012
-0.010742 5.51416 2.594238
-0.946622 -0.246057 0.208238
0 0 0 0
0.456543 0.700012
-0.017822 5.543213 2.593262
-0.956409 -0.207168 0.205822
0 0 0 0
0.491638 0.700012
-0.024414 5.572754 2.589355
-0.962831 -0.174963 0.205776
0 0 0 0
0.527222 0.700012
-0.031982 5.605713 2.580566
-0.963852 -0.172614 0.202963
0 0 0 0
0.568298 0.700012
-0.042725 5.645264 2.564697
-0.967076 -0.163495 0.195021
0 0 0 0
0.619995 0.700012
-0.052979 5.686035 2.543945
-0.977492 -0.119671 0.173747
0 0 0 0
0.674622 0.700012
-0.059814 5.722168 2.520996
-0.990341 -0.059109 0.125419
0 0 0 0
0.724915 0.700012
-0.062988 5.755127 2.498047
-0.997596 0.005054 0.069119
0 0 0 0
0.771362 0.700012
-0.062256 5.786377 2.478271
-0.995976 0.089294 0.007666
0 0 0 0
0.813904 0.700012
-0.057617 5.816895 2.46167
-0.979698 0.193533 -0.052317
0 0 0 0
0.853699 0.700012
-0.048828 5.846924 2.448242
-0.947486 0.302826 -0.102792
0 0 0 0
0.892395 0.700012
-0.036377 5.875488 2.438721
-0.903754 0.40549 -0.137138
0 0 0 0
0.929443 0.700012
0.004639 5.463379 2.582275
-0.827111 -0.142103 -0.543778
0 0 0 0
0.393188 0.673889
0.011475 5.441406 2.577393
-0.821268 -0.15452 -0.54922
0 0 0 0
0.365601 0.673889
0.019043 5.421143 2.57251
-0.818424 -0.1739 -0.547669
0 0 0 0
0.339539 0.673889
0.027588 5.401367 2.565674
-0.830062 -0.151471 -0.536707
0 0 0 0
0.312622 0.673889
0.037598 5.380615 2.55542
-0.854802 -0.080551 -0.512665
0 0 0 0
0.282227 0.673889
0.046143 5.355713 2.546875
-0.884252 -0.428825 0.184953
0 0 0 0
0.249634 0.700012
0.050781 5.35376 2.551514
-0.345151 -0.627894 0.697581
0 0 0 0
0.249634 0.726135
0.047852 5.378174 2.567383
0.333081 -0.35716 0.872636
0 0 0 0
0.282166 0.752258
0.05249 5.381836 2.564453
0.845352 0.061678 0.530637
0 0 0 0
0.282104 0.778381
0.052734 5.385254 2.558594
0.884215 0.452941 -0.114052
0 0 0 0
0.282043 0.804504
0.061768 5.358887 2.549316
0.889884 -0.045967 0.453865
0 0 0 0
0.24939 0.778381
0.062012 5.362793 2.543945
0.905511 0.400012 -0.141564
0 0 0 0
0.249268 0.804504
0.067383 5.335693 2.530273
0.920567 -0.147154 0.361805
0 0 0 0
0.215149 0.778381
0.067383 5.339844 2.525146
0.920791 0.333371 -0.202505
0 0 0 0
0.214966 0.804504
0.069336 5.31543 2.512451
0.935664 -0.225926 0.271089
0 0 0 0
0.184875 0.778381
0.069336 5.31958 2.507324
0.926616 0.240809 -0.288778
0 0 0 0
0.184753 0.804504
0.067627 5.300537 2.500732
0.919338 -0.363752 0.150011
0 0 0 0
0.164734 0.778381
0.067383 5.304443 2.495361
0.899744 0.057331 -0.432637
0 0 0 0
0.164673 0.804504
0.062012 5.288818 2.493164
0.841404 -0.539413 0.032747
0 0 0 0
0.149231 0.778381
0.061768 5.29248 2.487549
0.803445 -0.155782 -0.574638
0 0 0 0
0.149109 0.804504
0.053711 5.278076 2.487549
0.751874 -0.65851 -0.032403
0 0 0 0
0.133545 0.778381
0.052979 5.281006 2.481445
0.675465 -0.31185 -0.668204
0 0 0 0
0.133362 0.804504
0.043701 5.268311 2.484131
0.674727 -0.735241 -0.064525
0 0 0 0
0.118408 0.778381
0.04248 5.270752 2.478027
0.524298 -0.455075 -0.719734
0 0 0 0
0.118347 0.804504
0.031738 5.261719 2.478271
0.344383 -0.608112 -0.715263
0 0 0 0
0.104797 0.804504
0.033691 5.26001 2.484375
0.585088 -0.808649 -0.061306
0 0 0 0
0.104736 0.778381
0.020264 5.254639 2.481201
0.15755 -0.732291 -0.662517
0 0 0 0
0.09082 0.804504
0.022949 5.253174 2.487305
0.464806 -0.885204 -0.019186
0 0 0 0
0.09082 0.778381
0.007812 5.249023 2.486572
0.006178 -0.801844 -0.597502
0 0 0 0
0.075256 0.804504
0.010986 5.248047 2.492432
0.362767 -0.931268 0.033764
0 0 0 0
0.075378 0.778381
0 5.244629 2.498535
0.287617 -0.954318 0.080952
0 0 0 0
0.060486 0.778381
-0.003662 5.245605 2.49292
-0.117467 -0.836801 -0.534757
0 0 0 0
0.060181 0.804504
-0.007812 5.243408 2.50415
0.274191 -0.956073 0.103656
0 0 0 0
0.048706 0.778381
-0.012207 5.243896 2.499023
-0.204157 -0.846477 -0.491727
0 0 0 0
0.048218 0.804504
-0.011963 5.242432 2.508301
0.463977 -0.885232 -0.033022
0 0 0 0
0.040344 0.778381
-0.017578 5.242676 2.503662
-0.17587 -0.793259 -0.582932
0 0 0 0
0.0401 0.804504
-0.019531 5.239746 2.506836
0.009126 -0.627108 -0.778879
0 0 0 0
0.034607 0.804504
-0.013672 5.23999 2.510986
0.737636 -0.576243 -0.351905
0 0 0 0
0.034607 0.778381
-0.020508 5.234863 2.51001
0.126976 -0.477162 -0.869594
0 0 0 0
0.027039 0.804504
-0.014893 5.235352 2.513672
0.794549 -0.397865 -0.458689
0 0 0 0
0.026733 0.778381
-0.021973 5.227051 2.513428
0.146768 -0.416067 -0.897411
0 0 0 0
0.015991 0.804504
-0.016357 5.227783 2.51709
0.799126 -0.356093 -0.484351
0 0 0 0
0.015747 0.778381
-0.017822 5.21875 2.520752
0.799231 -0.342869 -0.493631
0 0 0 0
0.004211 0.778381
-0.023438 5.218262 2.51709
0.149762 -0.398017 -0.905071
0 0 0 0
0.004272 0.804504
-0.016357 5.220947 2.526855
0.974447 -0.084875 0.207963
0 0 0 0
0.003601 0.752258
-0.017822 5.21875 2.520752
0.799231 -0.342869 -0.493631
0 0 0 0
0.003723 0.778381
1206
2 1 0
3 2 0
6 5 4
7 6 4
10 9 8
11 10 8
14 13 12
15 14 12
18 17 16
19 18 16
22 21 20
23 22 20
26 25 24
27 26 24
30 29 28
31 30 28
34 33 32
35 34 32
38 37 36
39 38 36
42 41 40
43 42 40
46 45 44
47 46 44
50 49 48
51 50 48
54 53 52
55 54 52
58 57 56
59 58 56
62 61 60
63 62 60
66 65 64
67 66 64
70 69 68
71 70 68
74 73 72
75 74 72
78 77 76
79 78 76
82 81 80
83 82 80
86 85 84
87 86 84
90 89 88
91 90 88
94 93 92
95 94 92
98 97 96
99 98 96
102 101 100
103 102 100
106 105 104
107 106 104
110 109 108
111 110 108
114 113 112
115 114 112
118 117 116
119 118 116
122 121 120
123 122 120
126 125 124
127 126 124
130 129 128
131 130 128
134 133 132
135 134 132
138 137 136
137 139 136
136 139 140
139 141 140
144 143 142
143 145 142
142 145 146
145 147 146
150 149 148
151 150 148
154 153 152
155 154 152
158 157 156
157 159 156
157 160 159
160 161 159
164 163 162
165 164 162
168 167 166
169 168 166
172 171 170
171 173 170
171 174 173
174 175 173
178 177 176
179 178 176
182 181 180
183 182 180
186 185 184
185 187 184
187 188 184
188 189 184
192 191 190
193 192 190
196 195 194
197 196 194
200 199 198
199 201 198
198 201 202
201 203 202
206 205 204
205 207 204
210 209 208
211 210 208
214 213 212
215 214 212
218 217 216
217 219 216
222 221 220
223 222 220
226 225 224
227 226 224
230 229 228
231 230 228
234 233 232
235 234 232
238 237 236
239 238 236
242 241 240
243 242 240
246 245 244
247 246 244
250 249 248
251 250 248
254 253 252
255 254 252
258 257 256
259 258 256
262 261 260
263 262 260
266 265 264
267 266 264
270 269 268
271 270 268
274 273 272
275 274 272
278 277 276
279 278 276
282 281 280
283 282 280
284 282 283
285 284 283
288 287 286
289 288 286
292 291 290
293 292 290
296 295 294
297 296 294
298 296 297
299 298 297
297 300 299
299 300 301
302 299 301
301 300 303
300 304 303
307 306 305
306 308 305
308 306 309
310 308 309
311 308 310
311 310 312
310 313 312
311 312 314
315 311 314
318 317 316
319 318 316
319 320 318
318 320 321
322 318 321
323 320 319
324 323 319
325 323 324
325 324 326
327 325 326
328 323 325
329 328 325
332 331 330
331 333 330
333 331 334
335 333 334
336 333 335
337 336 335
330 333 336
338 330 336
341 340 339
344 343 342
343 345 342
348 347 346
351 350 349
352 351 349
355 354 353
358 357 356
361 360 359
360 362 359
365 364 363
364 366 363
367 366 364
366 367 368
369 366 368
369 368 370
370 368 371
372 370 371
375 374 373
374 376 373
374 377 376
377 378 376
379 378 377
380 379 377
383 382 381
382 384 381
384 385 381
385 386 381
385 387 386
387 388 386
388 387 389
387 390 389
389 390 391
390 392 391
395 394 393
396 395 393
399 398 397
402 401 400
401 403 400
403 404 400
403 405 404
405 406 404
405 407 406
406 407 408
408 407 409
412 411 410
413 412 410
416 415 414
419 418 417
422 421 420
425 424 423
426 425 423
429 428 427
430 429 427
433 432 431
432 434 431
435 434 432
436 435 432
439 438 437
438 440 437
443 442 441
442 444 441
447 446 445
446 448 445
451 450 449
451 449 452
453 451 452
453 452 454
452 455 454
454 455 456
455 457 456
456 457 458
459 456 458
459 458 460
461 459 460
461 460 462
460 463 462
462 463 464
463 465 464
464 465 466
467 464 466
467 466 468
469 467 468
469 468 470
468 471 470
470 471 472
471 473 472
472 473 474
473 475 474
475 473 476
477 475 476
476 478 477
478 479 477
478 476 480
476 473 480
473 471 480
471 468 480
468 481 480
481 468 466
482 481 466
466 465 482
465 483 482
483 465 463
484 483 463
484 463 460
485 484 460
485 460 458
486 485 458
458 457 486
457 487 486
486 487 488
488 489 486
489 485 486
489 490 485
490 484 485
490 491 484
491 483 484
491 492 483
492 482 483
492 493 482
493 481 482
493 494 481
494 480 481
494 478 480
487 495 488
487 496 495
496 497 495
498 497 496
499 498 496
498 499 500
499 501 500
500 501 502
503 500 502
503 502 504
502 505 504
504 505 506
505 507 506
506 507 508
509 506 508
508 510 509
510 511 509
510 512 511
512 513 511
512 514 513
514 515 513
515 514 516
514 517 516
516 517 518
517 519 518
518 519 520
521 518 520
521 520 522
520 523 522
522 523 524
523 525 524
524 525 526
525 527 526
526 527 528
529 526 528
528 530 529
530 531 529
532 531 530
533 532 530
534 532 533
535 534 533
534 535 536
535 537 536
536 537 538
537 539 538
538 539 540
541 538 540
541 540 542
543 541 542
543 542 544
545 543 544
544 546 545
546 547 545
544 542 548
548 549 544
549 550 544
542 551 548
542 540 551
540 552 551
540 539 552
539 553 552
552 553 554
555 552 554
554 556 555
556 557 555
555 557 558
555 558 552
558 551 552
558 559 551
559 548 551
559 560 548
560 561 548
562 560 559
563 562 559
564 563 559
558 564 559
557 564 558
564 557 565
566 564 565
563 564 566
567 563 566
568 563 567
569 568 567
566 570 567
570 571 567
567 571 572
571 573 572
574 570 566
565 574 566
575 574 565
576 575 565
565 557 576
557 556 576
576 556 577
578 576 577
575 576 578
579 575 578
578 580 579
580 581 579
580 582 581
582 583 581
582 584 583
584 585 583
585 584 586
587 585 586
588 587 586
589 588 586
586 590 589
590 591 589
589 591 592
593 589 592
589 593 588
593 594 588
593 595 594
595 596 594
596 595 597
598 596 597
599 598 597
600 599 597
601 599 600
602 601 600
603 601 602
602 600 604
600 605 604
604 605 606
606 607 604
607 606 608
607 608 609
512 609 608
514 512 608
514 608 610
606 610 608
606 611 610
605 611 606
611 605 612
612 605 600
597 612 600
597 595 612
595 613 612
595 593 613
593 592 613
614 613 592
612 613 614
615 612 614
615 611 612
611 615 616
611 616 610
610 616 517
517 514 610
616 519 517
519 616 617
615 617 616
618 617 615
614 618 615
614 619 618
619 614 592
619 592 591
620 619 591
620 591 621
591 590 621
621 590 622
622 623 621
623 624 621
621 624 625
620 621 625
620 625 626
619 620 626
619 626 618
618 626 525
525 626 527
626 625 527
527 625 624
528 527 624
528 624 530
624 623 530
530 623 533
623 627 533
533 627 535
627 628 535
535 628 537
628 629 537
537 629 539
629 553 539
553 629 630
554 553 630
556 554 630
577 556 630
630 631 577
630 629 631
629 628 631
631 628 632
628 627 632
632 627 622
627 623 622
622 633 632
590 633 622
445 448 634
448 635 634
638 637 636
637 639 636
642 641 640
643 642 640
646 645 644
647 646 644
650 649 648
651 650 648
652 650 651
653 652 651
654 652 653
655 654 653
656 654 655
657 656 655
658 656 657
659 658 657
662 661 660
663 662 660
664 662 663
665 664 663
665 663 666
663 667 666
666 667 668
669 668 667
670 669 667
671 669 670
672 671 670
672 670 673
670 674 673
673 674 675
676 675 674
677 676 674
675 669 671
678 675 671
678 673 675
679 666 668
679 668 664
668 662 664
682 681 680
681 683 680
680 683 684
683 685 684
684 685 686
685 687 686
686 687 688
687 689 688
688 689 690
691 688 690
694 693 692
693 695 692
695 693 696
696 693 697
698 696 697
698 697 699
697 700 699
699 700 695
701 699 695
701 695 696
697 702 700
702 703 700
703 702 704
704 702 705
706 704 705
706 705 707
705 708 707
707 708 703
709 707 703
709 703 704
708 705 710
711 708 710
714 713 712
715 714 712
718 717 716
719 718 716
722 721 720
723 722 720
726 725 724
727 726 724
730 729 728
731 730 728
734 733 732
735 734 732
738 737 736
739 738 736
742 741 740
743 742 740
746 745 744
747 746 744
747 748 746
748 749 746
748 750 749
750 751 749
750 752 751
752 753 751
752 754 753
754 755 753
756 755 754
757 756 754
757 758 756
758 759 756
758 760 759
760 761 759
760 762 761
762 763 761
762 764 763
764 765 763
766 765 764
767 766 764
767 768 766
768 769 766
768 770 769
770 771 769
770 772 771
772 773 771
772 774 773
774 775 773
776 775 774
777 776 774
777 778 776
778 779 776
778 780 779
780 781 779
780 782 781
782 783 781
782 784 783
784 785 783
788 787 786
787 789 786
790 789 787
791 790 787
791 792 790
792 793 790
792 794 793
794 795 793
794 796 795
796 797 795
796 798 797
798 799 797
800 799 798
801 800 798
801 802 800
802 803 800
802 804 803
804 805 803
804 806 805
806 807 805
806 808 807
808 809 807
810 809 808
811 810 808
811 812 810
812 813 810
812 814 813
814 815 813
814 816 815
816 817 815
816 818 817
818 819 817
820 819 818
821 820 818
821 822 820
822 823 820
822 824 823
824 825 823
824 826 825
826 827 825
830 829 828
829 831 828
829 832 831
832 833 831
832 834 833
834 835 833
836 835 834
837 836 834
838 836 837
839 838 837
839 840 838
840 841 838
840 842 841
842 843 841
842 844 843
844 845 843
846 845 844
847 846 844
847 848 846
848 849 846
848 850 849
850 851 849
850 852 851
852 853 851
852 854 853
854 855 853
856 855 854
857 856 854
857 858 856
858 859 856
858 860 859
860 861 859
860 862 861
862 863 861
862 864 863
864 865 863
866 865 864
867 866 864
868 866 867
869 868 867
872 871 870
871 873 870
870 873 874
873 875 874
875 876 874
876 877 874
877 876 878
876 879 878
879 880 878
880 881 878
882 881 880
883 882 880
884 882 883
885 884 883
884 885 886
887 884 886
887 886 888
889 887 888
479 891 890
477 479 890
890 892 477
892 475 477
475 892 893
474 475 893
474 893 894
893 895 894
894 895 896
895 897 896
896 897 898
897 899 898
898 899 900
899 901 900
901 902 900
902 903 900
900 903 904
903 905 904
904 905 906
907 904 906
906 908 907
908 909 907
909 908 910
911 909 910
910 912 911
912 913 911
913 912 914
915 913 914
915 914 916
917 915 916
633 590 586
584 633 586
584 582 633
582 918 633
633 918 632
632 918 919
631 632 919
631 919 577
578 577 919
580 578 919
580 919 918
582 580 918
487 457 496
457 455 496
496 455 499
455 452 499
499 452 449
501 499 449
449 920 501
920 502 501
502 920 505
920 921 505
505 921 507
921 922 507
507 922 923
508 507 923
923 924 508
924 510 508
510 924 609
512 510 609
520 519 617
520 617 523
617 618 523
523 618 525
927 926 925
926 928 925
931 930 929
930 932 929
930 933 932
933 934 932
937 936 935
938 937 935
941 940 939
942 941 939
945 944 943
946 945 943
945 946 947
948 945 947
949 948 947
950 949 947
951 949 950
952 951 950
953 951 952
954 953 952
955 953 954
956 955 954
955 956 957
958 955 957
959 958 957
960 959 957
961 959 960
962 961 960
963 961 962
964 963 962
965 963 964
966 965 964
965 966 967
968 965 967
969 968 967
970 969 967
971 969 970
972 971 970
973 971 972
974 973 972
975 973 974
976 975 974
975 976 977
978 975 977
979 978 977
980 979 977
981 979 980
982 981 980
983 981 982
984 983 982
987 986 985
986 988 985
989 988 986
990 989 986
991 989 990
992 991 990
993 991 992
994 993 992
995 993 994
996 995 994
996 997 995
997 998 995
999 998 997
1000 999 997
1001 999 1000
1002 1001 1000
1003 1001 1002
1004 1003 1002
1005 1003 1004
1006 1005 1004
1006 1007 1005
1007 1008 1005
1009 1008 1007
1010 1009 1007
1011 1009 1010
1012 1011 1010
1013 1011 1012
1014 1013 1012
1015 1013 1014
1016 1015 1014
1016 1017 1015
1017 1018 1015
1019 1018 1017
1020 1019 1017
1021 1019 1020
1022 1021 1020
1023 1021 1022
1024 1023 1022
1025 1023 1024
1026 1025 1024
1029 1028 1027
1030 1029 1027
1030 1027 1031
1032 1030 1031
1032 1031 1033
1031 1034 1033
1033 1034 1035
1036 1033 1035
1037 1036 1035
1038 1037 1035
1038 1039 1037
1039 1040 1037
1039 1041 1040
1041 1042 1040
1043 1042 1041
1044 1043 1041
1045 1043 1044
1046 1045 1044
1049 1048 1047
1050 1049 1047
1051 1049 1050
1052 1051 1050
1053 1051 1052
1054 1053 1052
1053 1054 1055
1056 1053 1055
1056 1055 1057
1058 1056 1057
1059 1058 1057
1060 1059 1057
1061 1059 1060
1062 1061 1060
1063 1061 1062
1064 1063 1062
1063 1064 1065
1066 1063 1065
1067 1066 1065
1068 1067 1065
1069 1067 1068
1070 1069 1068
1071 1069 1070
1072 1071 1070
1073 1071 1072
1074 1073 1072
1073 1074 1075
1076 1073 1075
1077 1076 1075
1078 1077 1075
1079 1077 1078
1080 1079 1078
1081 1079 1080
1082 1081 1080
1083 1081 1082
1084 1083 1082
1083 1084 1085
1086 1083 1085
1086 1085 1087
1088 1086 1087
917 916 1089
916 1090 1089
1090 1091 1089
1091 1092 1089
1092 1091 1093
1094 1092 1093
1094 1093 1095
1093 1096 1095
1095 1096 1097
1096 1098 1097
1097 1098 1099
1098 1100 1099
1099 1100 1101
1100 1102 1101
1101 1102 1103
1102 1104 1103
1103 1104 1105
1106 1103 1105
1105 1107 1106
1107 1108 1106
1108 1109 1106
1109 1110 1106
1106 1110 1111
1103 1106 1111
1103 1111 1112
1101 1103 1112
1101 1112 1113
1099 1101 1113
1099 1113 1097
1113 1114 1097
1097 1114 1095
1114 1115 1095
1095 1115 1116
1094 1095 1116
1094 1116 1117
1092 1094 1117
1092 1117 1089
1117 1118 1089
1089 1118 917
1118 1119 917
917 1119 1120
915 917 1120
915 1120 1121
913 915 1121
913 1121 911
1121 1122 911
911 1122 909
1122 1123 909
909 1123 1124
907 909 1124
907 1124 1125
904 907 1125
904 1125 898
900 904 898
896 898 1125
1126 896 1125
1126 1125 1124
1127 1126 1124
1127 1124 1128
1124 1123 1128
1128 1123 1129
1123 1122 1129
1129 1122 1130
1122 1121 1130
1130 1121 1131
1121 1120 1131
1131 1120 1132
1120 1119 1132
1132 1119 1133
1119 1118 1133
1133 1118 1134
1118 1117 1134
1134 1117 1116
1135 1134 1116
1135 1116 1115
1136 1135 1115
1136 1115 1137
1115 1114 1137
1137 1114 1138
1114 1113 1138
1138 1113 1112
1139 1138 1112
1139 1112 1111
1140 1139 1111
1140 1111 1141
1111 1110 1141
1141 1110 1142
1110 1109 1142
1142 1109 1143
1143 1144 1142
1144 1145 1142
1142 1145 1141
1145 1146 1141
1141 1146 1140
1146 1147 1140
1140 1147 1148
1139 1140 1148
1139 1148 1149
1138 1139 1149
1138 1149 1137
1149 1150 1137
1137 1150 1151
1136 1137 1151
1136 1151 1152
1135 1136 1152
1135 1152 1134
1152 1153 1134
1134 1153 1133
1153 1154 1133
1133 1154 1132
1154 1155 1132
1132 1155 1131
1155 1156 1131
1131 1156 1130
1156 1157 1130
1130 1157 1129
1157 1158 1129
1129 1158 1128
1158 1159 1128
1128 1159 1127
1159 1160 1127
1127 1160 1126
1160 1161 1126
1126 1161 894
896 1126 894
474 894 1161
472 474 1161
472 1161 470
1161 1160 470
470 1160 469
1160 1159 469
469 1159 467
1159 1158 467
467 1158 464
1158 1157 464
464 1157 462
1157 1156 462
462 1156 461
1156 1155 461
461 1155 1154
459 461 1154
459 1154 456
1154 1153 456
456 1153 454
1153 1152 454
454 1152 1151
453 454 1151
453 1151 1150
451 453 1150
1150 1149 451
1149 450 451
450 1149 1148
1162 450 1148
1162 1148 1147
1163 1162 1147
1163 1147 1164
1147 1146 1164
1164 1146 1165
1146 1145 1165
1165 1145 1144
1166 1165 1144
1166 1144 1167
1167 1144 1143
1168 1167 1143
1143 1169 1168
1109 1169 1143
1169 1109 1108
1170 1169 1108
1108 1107 1170
1107 1171 1170
1170 1171 1172
1171 1173 1172
1172 1173 1174
1173 1175 1174
1174 1175 1176
1175 1177 1176
1176 1177 1178
1177 1179 1178
1178 1179 1180
1179 1181 1180
1180 1181 1182
1181 1183 1182
1182 1183 1184
1183 1185 1184
1184 1185 1186
1187 1184 1186
1186 1188 1187
1188 1189 1187
1189 1188 1190
1191 1189 1190
1191 1190 1192
1190 1193 1192
1192 1193 1194
1193 1195 1194
1194 1195 1196
1195 1197 1196
1196 1197 1198
1199 1196 1198
1199 1198 1200
1201 1199 1200
1201 1200 1202
1203 1201 1202
1203 1202 1204
1202 1205 1204
1203 571 1201
1206 571 1203
1207 1206 1203
571 570 1201
1201 570 1199
570 574 1199
1199 574 575
1196 1199 575
1196 575 579
1194 1196 579
1194 579 581
1192 1194 581
1192 581 583
1191 1192 583
1191 583 585
1189 1191 585
1189 585 587
1187 1189 587
1187 587 1184
587 588 1184
1184 588 1182
588 594 1182
1182 594 1180
594 596 1180
1180 596 1178
596 598 1178
1178 598 1176
598 599 1176
1176 599 1174
599 601 1174
1174 601 1172
601 603 1172
1172 603 1170
603 1169 1170
1169 603 1168
1168 603 602
1168 602 1167
602 604 1167
607 1167 604
607 1166 1167
1166 607 609
1166 609 924
1165 1166 924
1165 924 923
1164 1165 923
1164 923 1163
923 922 1163
1163 922 1162
922 921 1162
1162 921 450
921 920 450
450 920 449
sm04_material\environment\nebula\architecture\neb_arch_emissive_lights_01\gh_gbl_arch_parallax_glow_01_red.material
1
0
19
0.056152 7.921387 2.549805
0.971786 0.235851 -0.002292
0 0 0 0
0.123352 0.365479
0.028076 7.921387 2.501221
0.486811 0.234783 -0.841363
0 0 0 0
0.222534 0.308289
0.026611 7.933105 2.503662
0.43334 0.498017 -0.75113
0 0 0 0
0.204712 0.297913
0.053223 7.933105 2.549805
0.867339 0.497718 -0.000649
0 0 0 0
0.123413 0.344849
0.026611 7.933105 2.595947
0.43334 0.498017 0.75113
0 0 0 0
0.042053 0.297974
0.028076 7.921387 2.598389
0.486811 0.234783 0.841363
0 0 0 0
0.02417 0.308228
-0.028076 7.921387 2.598389
-0.486811 0.234783 0.841363
0 0 0 0
0.02417 0.193604
-0.026611 7.933105 2.595947
-0.43334 0.498017 0.75113
0 0 0 0
0.041992 0.203918
-0.056152 7.921387 2.549805
-0.971786 0.235852 -0.002292
0 0 0 0
0.123413 0.136353
-0.053223 7.933105 2.549805
-0.867339 0.497718 0.000649
0 0 0 0
0.123352 0.156982
-0.026611 7.933105 2.503662
-0.43334 0.498017 -0.75113
0 0 0 0
0.204712 0.203857
-0.028076 7.921387 2.501221
-0.486811 0.234783 -0.841363
0 0 0 0
0.222595 0.193604
0.019287 7.947021 2.516357
0.282547 0.826183 -0.487431
0 0 0 0
0.176331 0.281555
0.038818 7.947021 2.549805
0.563913 0.825834 -0.000406
0 0 0 0
0.123352 0.312073
0.019287 7.947021 2.583252
0.282547 0.826183 0.487431
0 0 0 0
0.070435 0.281555
-0.019287 7.947021 2.583252
-0.282547 0.826183 0.487431
0 0 0 0
0.070435 0.220276
-0.038574 7.947021 2.549805
-0.563913 0.825834 0.000406
0 0 0 0
0.123352 0.189697
-0.019287 7.947021 2.516357
-0.282547 0.826183 -0.487431
0 0 0 0
0.176331 0.220276
0 7.956055 2.549805
-0.000977 1 0.000001
0 0 0 0
0.123352 0.250854
30
2 1 0
3 2 0
3 0 4
0 5 4
4 5 6
7 4 6
7 6 8
9 7 8
9 8 10
8 11 10
10 11 1
2 10 1
10 2 12
12 2 3
13 12 3
13 3 14
3 4 14
14 4 7
15 14 7
15 7 16
7 9 16
16 9 10
17 16 10
17 10 12
18 17 12
18 12 13
18 13 14
18 14 15
18 15 16
18 16 17
sm05_materials\uv_pulsing_light\intel_tower_off_glow.material
1
0
60
-0.066162 7.781006 2.328369
0.001382 0.001382 -0.999998
0 0 0 0
0 0.03302
-0.060791 7.725098 2.328369
0.001382 0.001382 -0.999998
0 0 0 0
1 0.092285
-0.066162 7.725098 2.328369
0.001382 0.001382 -0.999998
0 0 0 0
1 0.03302
-0.060791 7.781006 2.328369
0.001382 0.001382 -0.999998
0 0 0 0
0 0.092285
-0.068848 7.781006 2.333008
-0.865729 0.001197 -0.500511
0 0 0 0
0 0.03302
-0.066162 7.781006 2.328369
-0.865729 0.001197 -0.500511
0 0 0 0
0 0.092285
-0.066162 7.725098 2.328369
-0.865729 0.001197 -0.500511
0 0 0 0
1 0.092285
-0.068848 7.725098 2.333008
-0.865729 0.001197 -0.500511
0 0 0 0
1 0.03302
-0.066162 7.781006 2.337646
-0.865729 0.001197 0.500511
0 0 0 0
0 0.03302
-0.068848 7.781006 2.333008
-0.865729 0.001197 0.500511
0 0 0 0
0 0.092285
-0.068848 7.725098 2.333008
-0.865729 0.001197 0.500511
0 0 0 0
1 0.092285
-0.066162 7.725098 2.337646
-0.865729 0.001197 0.500511
0 0 0 0
1 0.03302
-0.060791 7.781006 2.337646
-0.001382 0.001382 0.999998
0 0 0 0
0 0.03302
-0.066162 7.781006 2.337646
-0.001382 0.001382 0.999998
0 0 0 0
0 0.092285
-0.066162 7.725098 2.337646
-0.001382 0.001382 0.999998
0 0 0 0
1 0.092285
-0.060791 7.725098 2.337646
-0.001382 0.001382 0.999998
0 0 0 0
1 0.03302
-0.058105 7.781006 2.333008
0.86573 0.001197 0.500511
0 0 0 0
0 0.03302
-0.060791 7.781006 2.337646
0.86573 0.001197 0.500511
0 0 0 0
0 0.092285
-0.060791 7.725098 2.337646
0.86573 0.001197 0.500511
0 0 0 0
1 0.092285
-0.058105 7.725098 2.333008
0.86573 0.001197 0.500511
0 0 0 0
1 0.03302
-0.066162 7.781006 2.328369
0.000978 1 -0.000001
0 0 0 0
0.912476 0.2677
-0.058105 7.781006 2.333008
0.000978 1 -0.000001
0 0 0 0
0.96991 0.234375
-0.060791 7.781006 2.328369
0.000978 1 -0.000001
0 0 0 0
0.931396 0.234375
-0.060791 7.781006 2.337646
0.000978 1 -0.000001
0 0 0 0
0.98938 0.2677
-0.068848 7.781006 2.333008
0.000978 1 -0.000001
0 0 0 0
0.932007 0.301025
-0.066162 7.781006 2.337646
0.000978 1 -0.000001
0 0 0 0
0.97052 0.301025
-0.060791 7.781006 2.328369
0.86573 0.001197 -0.500511
0 0 0 0
0 0.03302
-0.058105 7.781006 2.333008
0.86573 0.001197 -0.500511
0 0 0 0
0 0.092285
-0.058105 7.725098 2.333008
0.86573 0.001197 -0.500511
0 0 0 0
1 0.092285
-0.060791 7.725098 2.328369
0.86573 0.001197 -0.500511
0 0 0 0
1 0.03302
-0.014404 7.425781 2.329346
0.001382 0.001382 -0.999998
0 0 0 0
0 0.03302
-0.01001 7.389404 2.329346
0.001382 0.001382 -0.999998
0 0 0 0
1 0.092285
-0.014404 7.389404 2.329346
0.001382 0.001382 -0.999998
0 0 0 0
1 0.03302
-0.01001 7.425781 2.329346
0.001382 0.001382 -0.999998
0 0 0 0
0 0.092285
-0.016602 7.425781 2.333008
-0.865729 0.001197 -0.500511
0 0 0 0
0 0.03302
-0.014404 7.425781 2.329346
-0.865729 0.001197 -0.500511
0 0 0 0
0 0.092285
-0.014404 7.389404 2.329346
-0.865729 0.001197 -0.500511
0 0 0 0
1 0.092285
-0.016602 7.389404 2.333008
-0.865729 0.001197 -0.500511
0 0 0 0
1 0.03302
-0.014404 7.425781 2.336914
-0.865729 0.001197 0.500511
0 0 0 0
0 0.03302
-0.016602 7.425781 2.333008
-0.865729 0.001197 0.500511
0 0 0 0
0 0.092285
-0.016602 7.389404 2.333008
-0.865729 0.001197 0.500511
0 0 0 0
1 0.092285
-0.014404 7.389404 2.336914
-0.865729 0.001197 0.500511
0 0 0 0
1 0.03302
-0.01001 7.425781 2.336914
-0.001382 0.001382 0.999998
0 0 0 0
0 0.03302
-0.014404 7.425781 2.336914
-0.001382 0.001382 0.999998
0 0 0 0
0 0.092285
-0.014404 7.389404 2.336914
-0.001382 0.001382 0.999998
0 0 0 0
1 0.092285
-0.01001 7.389404 2.336914
-0.001382 0.001382 0.999998
0 0 0 0
1 0.03302
-0.007812 7.425781 2.333008
0.86573 0.001197 0.500511
0 0 0 0
0 0.03302
-0.01001 7.425781 2.336914
0.86573 0.001197 0.500511
0 0 0 0
0 0.092285
-0.01001 7.389404 2.336914
0.86573 0.001197 0.500511
0 0 0 0
1 0.092285
-0.007812 7.389404 2.333008
0.86573 0.001197 0.500511
0 0 0 0
1 0.03302
-0.014404 7.425781 2.329346
0.000978 1 -0.000001
0 0 0 0
0.912476 0.2677
-0.007812 7.425781 2.333008
0.000978 1 -0.000001
0 0 0 0
0.96991 0.234375
-0.01001 7.425781 2.329346
0.000978 1 -0.000001
0 0 0 0
0.931396 0.234375
-0.01001 7.425781 2.336914
0.000978 1 -0.000001
0 0 0 0
0.98938 0.2677
-0.016602 7.425781 2.333008
0.000978 1 -0.000001
0 0 0 0
0.932007 0.301025
-0.014404 7.425781 2.336914
0.000978 1 -0.000001
0 0 0 0
0.97052 0.301025
-0.01001 7.425781 2.329346
0.86573 0.001197 -0.500511
0 0 0 0
0 0.03302
-0.007812 7.425781 2.333008
0.86573 0.001197 -0.500511
0 0 0 0
0 0.092285
-0.007812 7.389404 2.333008
0.86573 0.001197 -0.500511
0 0 0 0
1 0.092285
-0.01001 7.389404 2.329346
0.86573 0.001197 -0.500511
0 0 0 0
1 0.03302
32
2 1 0
1 3 0
6 5 4
7 6 4
10 9 8
11 10 8
14 13 12
15 14 12
18 17 16
19 18 16
22 21 20
21 23 20
20 23 24
23 25 24
28 27 26
29 28 26
32 31 30
31 33 30
36 35 34
37 36 34
40 39 38
41 40 38
44 43 42
45 44 42
48 47 46
49 48 46
52 51 50
51 53 50
50 53 54
53 55 54
58 57 56
59 58 56
