0
2
sm00_environment\props\manmade\global\pp_skyscraper_ac_unit\Materials\pp_skyscraper_ac_unit.material
1
0
2225
3.025146 0.983398 -0.04541
-1 -0.000977 0.000001
0 0 0 0
1 0.30188
3.035645 0.923584 -0.122559
-0.966052 -0.001097 -0.258346
0 0 0 0
0.956848 0.334351
3.025146 0.923584 -0.04541
-1 -0.000977 -0.000001
0 0 0 0
1 0.334351
3.035645 0.983398 -0.122559
-0.966052 -0.001097 -0.258346
0 0 0 0
0.956848 0.30188
3.065186 0.923584 -0.194824
-0.865729 -0.001197 -0.500511
0 0 0 0
0.912476 0.334351
3.065186 0.983398 -0.194824
-0.865729 -0.001197 -0.500511
0 0 0 0
0.912476 0.30188
3.112793 0.923584 -0.256592
-0.706425 -0.001277 -0.707786
0 0 0 0
0.867615 0.334351
3.112793 0.983398 -0.256592
-0.706425 -0.001277 -0.707786
0 0 0 0
0.867615 0.30188
3.174561 0.983398 -0.304199
-0.500689 -0.001335 -0.865626
0 0 0 0
0.82196 0.30188
3.174561 0.923584 -0.304199
-0.500689 -0.001335 -0.865626
0 0 0 0
0.82196 0.334351
3.246826 0.983398 -0.333984
-0.259038 -0.001371 -0.965866
0 0 0 0
0.775635 0.30188
3.246826 0.923584 -0.333984
-0.259038 -0.001371 -0.965866
0 0 0 0
0.775635 0.334351
3.323975 0.983398 -0.344238
-0.001382 0.001382 -0.999998
0 0 0 0
0.729004 0.30188
3.323975 0.923584 -0.344238
-0.001382 0.001382 -0.999998
0 0 0 0
0.729004 0.334351
3.401367 0.923584 -0.333984
0.259038 0.001371 -0.965866
0 0 0 0
0.682434 0.334351
3.401367 0.983398 -0.333984
0.259038 0.001371 -0.965866
0 0 0 0
0.682434 0.30188
3.473389 0.923584 -0.304199
0.500689 0.001335 -0.865626
0 0 0 0
0.636841 0.334351
3.473389 0.983398 -0.304199
0.500689 0.001335 -0.865626
0 0 0 0
0.636841 0.30188
3.535156 0.923584 -0.256592
0.706425 0.001277 -0.707786
0 0 0 0
0.593506 0.334351
3.535156 0.983398 -0.256592
0.706425 0.001277 -0.707786
0 0 0 0
0.593506 0.30188
3.582764 0.983398 -0.194824
0.86573 -0.001197 -0.500511
0 0 0 0
0.553772 0.30188
3.582764 0.923584 -0.194824
0.86573 -0.001197 -0.500511
0 0 0 0
0.553772 0.334351
3.612549 0.983398 -0.122559
0.966052 -0.001097 -0.258346
0 0 0 0
0.5177 0.30188
3.612549 0.923584 -0.122559
0.966052 -0.001097 -0.258346
0 0 0 0
0.5177 0.334351
3.622803 0.983398 -0.04541
1 -0.000977 -0.000001
0 0 0 0
0.483398 0.30188
3.622803 0.923584 -0.04541
1 -0.000977 0.000001
0 0 0 0
0.483398 0.334351
3.612549 0.923584 0.031982
0.966052 -0.001097 0.258346
0 0 0 0
0.447815 0.334351
3.612549 0.983398 0.031982
0.966052 -0.001097 0.258346
0 0 0 0
0.447815 0.30188
3.582764 0.923584 0.104004
0.86573 -0.001197 0.500511
0 0 0 0
0.409973 0.334351
3.582764 0.983398 0.104004
0.86573 -0.001197 0.500511
0 0 0 0
0.409973 0.30188
3.535156 0.983398 0.165771
0.706425 -0.001277 0.707786
0 0 0 0
0.370728 0.30188
3.535156 0.923584 0.165771
0.706425 -0.001277 0.707786
0 0 0 0
0.370728 0.334351
3.473389 0.983398 0.213379
0.500689 0.001335 0.865626
0 0 0 0
0.330811 0.30188
3.473389 0.923584 0.213379
0.500689 0.001335 0.865626
0 0 0 0
0.330811 0.334351
3.401367 0.983398 0.243164
0.259038 0.001371 0.965866
0 0 0 0
0.290588 0.30188
3.401367 0.923584 0.243164
0.259038 0.001371 0.965866
0 0 0 0
0.290588 0.334351
3.323975 0.923584 0.253418
0.001382 0.001382 0.999998
0 0 0 0
0.250061 0.334351
3.323975 0.983398 0.253418
-0.001382 0.001382 0.999998
0 0 0 0
0.250061 0.30188
3.246826 0.923584 0.243164
-0.259038 -0.001371 0.965866
0 0 0 0
0.209167 0.334351
3.246826 0.983398 0.243164
-0.259038 -0.001371 0.965866
0 0 0 0
0.209167 0.30188
3.174561 0.923584 0.213379
-0.500689 0.001335 0.865626
0 0 0 0
0.167908 0.334351
3.174561 0.983398 0.213379
-0.500689 0.001335 0.865626
0 0 0 0
0.167908 0.30188
3.112793 0.983398 0.165771
-0.706425 0.001277 0.707786
0 0 0 0
0.126221 0.30188
3.112793 0.923584 0.165771
-0.706425 0.001277 0.707786
0 0 0 0
0.126221 0.334351
3.065186 0.983398 0.104004
-0.865729 -0.001197 0.500511
0 0 0 0
0.08429 0.30188
3.065186 0.923584 0.104004
-0.865729 -0.001197 0.500511
0 0 0 0
0.08429 0.334351
3.035645 0.983398 0.031982
-0.966052 -0.001097 0.258346
0 0 0 0
0.042053 0.30188
3.035645 0.923584 0.031982
-0.966052 -0.001097 0.258346
0 0 0 0
0.042053 0.334351
3.025146 0.983398 -0.04541
-1 -0.000977 0.000001
0 0 0 0
-0.000305 0.30188
3.025146 0.923584 -0.04541
-1 -0.000977 -0.000001
0 0 0 0
-0.000305 0.334351
0.87915 0.484131 -2.152344
0.001382 -0.001382 -0.999998
0 0 0 0
0.118713 0.923584
1.134521 0.484131 -2.152344
-0.001382 0.001382 -0.999998
0 0 0 0
0.246338 0.923584
1.134521 0.413818 -2.152344
0.001382 0.001382 -0.999998
0 0 0 0
0.246338 0.95874
1.134521 0.387939 -2.152344
0.001382 0.001382 -0.999998
0 0 0 0
0.246338 0.97168
0.724121 0.387939 -2.152344
-0.001382 -0.001382 -0.999998
0 0 0 0
0.041199 0.971619
0.864746 0.496094 -2.153564
-0.001382 -0.006912 -0.999975
0 0 0 0
0.111572 0.917603
0.855469 0.509766 -2.152344
-0.001382 0.001382 -0.999998
0 0 0 0
0.106934 0.910767
0.724121 0.727295 -2.152344
-0.001382 0.001382 -0.999998
0 0 0 0
0.041199 0.802002
0.855469 0.671631 -2.152344
0.001382 0.001382 -0.999998
0 0 0 0
0.106873 0.829834
0.864258 0.688232 -2.152344
-0.001382 0.001382 -0.999998
0 0 0 0
0.111206 0.821472
0.87915 0.727295 -2.152344
0.001382 0.001382 -0.999998
0 0 0 0
0.118652 0.802002
0.87915 0.69873 -2.152344
0.001382 0.001382 -0.999998
0 0 0 0
0.118652 0.816284
1.134521 0.702148 -2.152344
0.001382 -0.001382 -0.999998
0 0 0 0
0.246338 0.814514
1.134521 0.727295 -2.152344
0.001382 -0.001382 -0.999998
0 0 0 0
0.246338 0.802002
1.612305 0.702148 -2.152344
-0.001382 -0.001382 -0.999998
0 0 0 0
0.485229 0.814514
1.639648 0.727295 -2.152344
-0.001382 -0.001382 -0.999998
0 0 0 0
0.498901 0.802063
1.612305 0.413818 -2.152344
-0.001382 0.001382 -0.999998
0 0 0 0
0.485229 0.95874
1.639648 0.387939 -2.152344
-0.001382 0.001382 -0.999998
0 0 0 0
0.498962 0.971619
2.088135 4.145752 0.042236
0.328487 0.916078 0.229994
0 0 0 0
0.329468 0.138245
2.111816 4.145752 0.001221
0.362563 0.91645 0.169313
0 0 0 0
0.348083 0.122803
2.063477 4.171143 -0.03125
0.31817 0.946479 0.054266
0 0 0 0
0.330688 0.098633
2.120117 4.145752 -0.04541
0.398943 0.916276 -0.03582
0 0 0 0
0.360291 0.10199
2.053955 4.171143 -0.085938
0.279072 0.94674 -0.160629
0 0 0 0
0.335693 0.070862
2.111816 4.145752 -0.092041
0.387495 0.915803 -0.105605
0 0 0 0
0.364624 0.078186
2.088135 4.145752 -0.133057
0.284599 0.91581 -0.283366
0 0 0 0
0.360535 0.054382
2.011475 4.171143 -0.121338
0.110419 0.94693 -0.301881
0 0 0 0
0.321716 0.046326
2.052002 4.145752 -0.163574
0.230951 0.915918 -0.328261
0 0 0 0
0.348572 0.033386
2.007568 4.145752 -0.179688
0.035871 0.91528 -0.401219
0 0 0 0
0.330139 0.017761
1.956055 4.171143 -0.121338
-0.110419 0.94693 -0.301881
0 0 0 0
0.295288 0.03656
1.960205 4.145752 -0.179688
-0.035871 0.91528 -0.401219
0 0 0 0
0.307495 0.009338
1.915527 4.145752 -0.163574
-0.230951 0.915918 -0.328261
0 0 0 0
0.283325 0.009216
1.913818 4.171143 -0.085938
-0.279072 0.94674 -0.160629
0 0 0 0
0.268677 0.046021
1.879395 4.145752 -0.133057
-0.284599 0.91581 -0.283366
0 0 0 0
0.260559 0.017395
1.855713 4.145752 -0.092041
-0.387495 0.915803 -0.105605
0 0 0 0
0.242004 0.032776
1.904053 4.171143 -0.03125
-0.31817 0.946479 0.054266
0 0 0 0
0.254456 0.070435
1.847412 4.145752 -0.04541
-0.398943 0.916276 -0.03582
0 0 0 0
0.229797 0.05365
1.855713 4.145752 0.001221
-0.362563 0.91645 0.169313
0 0 0 0
0.225464 0.077454
1.931885 4.171143 0.016602
-0.206359 0.946631 0.247598
0 0 0 0
0.259216 0.098267
1.879395 4.145752 0.042236
-0.328487 0.916078 0.229994
0 0 0 0
0.229553 0.101257
1.915527 4.145752 0.072754
-0.170021 0.916287 0.362645
0 0 0 0
0.241516 0.122253
1.983887 4.171143 0.0354
-0.001123 0.947097 0.320946
0 0 0 0
0.280701 0.116516
1.960205 4.145752 0.088867
-0.104806 0.915612 0.388162
0 0 0 0
0.259949 0.137878
2.007568 4.145752 0.088867
0.104806 0.915612 0.388162
0 0 0 0
0.282593 0.14624
2.035889 4.171143 0.016602
0.206359 0.946631 0.247598
0 0 0 0
0.30896 0.116638
2.052002 4.145752 0.072754
0.170021 0.916287 0.362645
0 0 0 0
0.306763 0.146362
1.983887 4.187256 -0.04541
0.000978 1 -0.000001
0 0 0 0
0.295044 0.07782
3.07373 -0.009033 -0.112549
-0.966052 -0.001097 -0.258346
0 0 0 0
0.789124 0.999695
3.064697 -0.009033 -0.04541
-1 -0.000977 -0.000001
0 0 0 0
0.822998 0.999695
3.064697 0.953369 -0.04541
-1 -0.000977 0.000001
0 0 0 0
0.822998 0.518127
3.07373 0.953369 -0.112549
-0.966052 -0.001097 -0.258346
0 0 0 0
0.789124 0.518127
3.099365 -0.009033 -0.175049
-0.865729 -0.001197 -0.500511
0 0 0 0
0.755249 0.999695
3.099365 0.953369 -0.175049
-0.865729 -0.001197 -0.500511
0 0 0 0
0.755249 0.518127
3.140869 -0.009033 -0.228516
-0.706425 0.001277 -0.707786
0 0 0 0
0.721436 0.999695
3.140869 0.953369 -0.228516
-0.706425 0.001277 -0.707786
0 0 0 0
0.721436 0.518127
3.194336 -0.009033 -0.27002
-0.500689 0.001335 -0.865626
0 0 0 0
0.687561 0.999695
3.194336 0.953369 -0.27002
-0.500689 0.001335 -0.865626
0 0 0 0
0.687561 0.518127
3.25708 -0.009033 -0.295654
-0.259038 0.001371 -0.965866
0 0 0 0
0.653687 0.999695
3.25708 0.953369 -0.295654
-0.259038 0.001371 -0.965866
0 0 0 0
0.653687 0.518127
3.323975 0.953369 -0.304688
0.001382 0.001382 -0.999998
0 0 0 0
0.619812 0.518127
3.323975 -0.009033 -0.304688
0.001382 0.001382 -0.999998
0 0 0 0
0.619812 0.999695
3.391113 -0.009033 -0.295654
0.259038 0.001371 -0.965866
0 0 0 0
0.585999 0.999695
3.391113 0.953369 -0.295654
0.259038 0.001371 -0.965866
0 0 0 0
0.585999 0.518127
3.453613 0.953369 -0.27002
0.500689 0.001335 -0.865626
0 0 0 0
0.552124 0.518127
3.453613 -0.009033 -0.27002
0.500689 0.001335 -0.865626
0 0 0 0
0.552124 0.999695
3.507324 -0.009033 -0.228516
0.706425 0.001277 -0.707786
0 0 0 0
0.51825 0.999695
3.507324 0.953369 -0.228516
0.706425 0.001277 -0.707786
0 0 0 0
0.51825 0.518127
3.548584 0.953369 -0.175049
0.86573 -0.001197 -0.500511
0 0 0 0
0.484375 0.518127
3.548584 -0.009033 -0.175049
0.86573 -0.001197 -0.500511
0 0 0 0
0.484375 0.999695
3.574463 0.953369 -0.112549
0.966052 -0.001097 -0.258346
0 0 0 0
0.450562 0.518127
3.574463 -0.009033 -0.112549
0.966052 -0.001097 -0.258346
0 0 0 0
0.450562 0.999695
3.583252 0.953369 -0.04541
1 -0.000977 0.000001
0 0 0 0
0.416687 0.518127
3.583252 -0.009033 -0.04541
1 -0.000977 0.000001
0 0 0 0
0.416687 0.999695
3.574463 -0.009033 0.021729
0.966052 -0.001097 0.258346
0 0 0 0
0.382812 0.999695
3.574463 0.953369 0.021729
0.966052 -0.001097 0.258346
0 0 0 0
0.382812 0.518127
3.548584 -0.009033 0.084229
0.86573 -0.001197 0.500511
0 0 0 0
0.348938 0.999695
3.548584 0.953369 0.084229
0.86573 -0.001197 0.500511
0 0 0 0
0.348938 0.518127
3.507324 -0.009033 0.137939
0.706425 -0.001277 0.707786
0 0 0 0
0.315125 0.999695
3.507324 0.953369 0.137939
0.706425 -0.001277 0.707786
0 0 0 0
0.315125 0.518127
3.453613 0.953369 0.179199
0.500689 0.001335 0.865626
0 0 0 0
0.28125 0.518127
3.453613 -0.009033 0.179199
0.500689 0.001335 0.865626
0 0 0 0
0.28125 0.999695
3.391113 -0.009033 0.204834
0.259038 0.001371 0.965866
0 0 0 0
0.247375 0.999695
3.391113 0.953369 0.204834
0.259038 0.001371 0.965866
0 0 0 0
0.247375 0.518127
3.323975 0.953369 0.213867
0.001382 0.001382 0.999998
0 0 0 0
0.213501 0.518127
3.323975 -0.009033 0.213867
0.001382 0.001382 0.999998
0 0 0 0
0.213501 0.999695
3.25708 -0.009033 0.204834
-0.259038 0.001371 0.965866
0 0 0 0
0.179626 0.999695
3.25708 0.953369 0.204834
-0.259038 0.001371 0.965866
0 0 0 0
0.179626 0.518127
3.194336 0.953369 0.179199
-0.500689 0.001335 0.865626
0 0 0 0
0.145813 0.518127
3.194336 -0.009033 0.179199
-0.500689 0.001335 0.865626
0 0 0 0
0.145813 0.999695
3.140869 -0.009033 0.137939
-0.706425 -0.001277 0.707786
0 0 0 0
0.111938 0.999695
3.140869 0.953369 0.137939
-0.706425 -0.001277 0.707786
0 0 0 0
0.111938 0.518127
3.099365 0.953369 0.084229
-0.865729 -0.001197 0.500511
0 0 0 0
0.078064 0.518127
3.099365 -0.009033 0.084229
-0.865729 -0.001197 0.500511
0 0 0 0
0.078064 0.999695
3.07373 0.953369 0.021729
-0.966052 -0.001097 0.258346
0 0 0 0
0.044189 0.518127
3.07373 -0.009033 0.021729
-0.966052 -0.001097 0.258346
0 0 0 0
0.044189 0.999695
3.064697 0.953369 -0.04541
-1 -0.000977 0.000001
0 0 0 0
0.010315 0.518127
3.064697 -0.009033 -0.04541
-1 -0.000977 -0.000001
0 0 0 0
0.010315 0.999695
3.01123 1.934814 -0.04541
-1 -0.000977 -0.000001
0 0 0 0
1 0.482361
3.01123 2.26416 -0.04541
-1 -0.000977 -0.000001
0 0 0 0
1 0.30188
3.021973 2.26416 -0.126221
-0.966052 -0.001097 -0.258346
0 0 0 0
0.958435 0.30188
3.021973 1.934814 -0.126221
-0.966052 -0.001097 -0.258346
0 0 0 0
0.958435 0.482361
3.052979 2.26416 -0.201904
-0.865729 0.001197 -0.500511
0 0 0 0
0.916748 0.30188
3.052979 1.934814 -0.201904
-0.865729 0.001197 -0.500511
0 0 0 0
0.916748 0.482361
3.102783 2.26416 -0.266602
-0.706425 -0.001277 -0.707786
0 0 0 0
0.874268 0.30188
3.102783 1.934814 -0.266602
-0.706425 -0.001277 -0.707786
0 0 0 0
0.874268 0.482361
3.16748 1.934814 -0.316406
-0.500689 -0.001335 -0.865626
0 0 0 0
0.831787 0.482361
3.16748 2.26416 -0.316406
-0.500689 -0.001335 -0.865626
0 0 0 0
0.831787 0.30188
3.243164 1.934814 -0.347412
-0.259038 0.001371 -0.965866
0 0 0 0
0.790405 0.482361
3.243164 2.26416 -0.347412
-0.259038 0.001371 -0.965866
0 0 0 0
0.790405 0.30188
3.323975 2.26416 -0.358398
0.001382 0.001382 -0.999998
0 0 0 0
0.748962 0.30188
3.323975 1.934814 -0.358398
0.001382 0.001382 -0.999998
0 0 0 0
0.748962 0.482361
3.405029 2.26416 -0.347412
0.259038 0.001371 -0.965866
0 0 0 0
0.70752 0.30188
3.405029 1.934814 -0.347412
0.259038 0.001371 -0.965866
0 0 0 0
0.70752 0.482361
3.480469 2.26416 -0.316406
0.500689 0.001335 -0.865626
0 0 0 0
0.666016 0.30188
3.480469 1.934814 -0.316406
0.500689 0.001335 -0.865626
0 0 0 0
0.666016 0.482361
3.545166 2.26416 -0.266602
0.706425 0.001277 -0.707786
0 0 0 0
0.624573 0.30188
3.545166 1.934814 -0.266602
0.706425 0.001277 -0.707786
0 0 0 0
0.624573 0.482361
3.594971 2.26416 -0.201904
0.86573 0.001197 -0.500511
0 0 0 0
0.583069 0.30188
3.594971 1.934814 -0.201904
0.86573 0.001197 -0.500511
0 0 0 0
0.583069 0.482361
3.626221 1.934814 -0.126221
0.966052 0.001097 -0.258346
0 0 0 0
0.541626 0.482361
3.626221 2.26416 -0.126221
0.966052 0.001097 -0.258346
0 0 0 0
0.541626 0.30188
3.636963 2.26416 -0.04541
1 0.000978 -0.000001
0 0 0 0
0.500183 0.30188
3.636963 1.934814 -0.04541
1 0.000978 -0.000001
0 0 0 0
0.500183 0.482361
3.626221 1.934814 0.035645
0.966052 0.001097 0.258346
0 0 0 0
0.458679 0.482361
3.626221 2.26416 0.035645
0.966052 0.001097 0.258346
0 0 0 0
0.458679 0.30188
3.594971 2.26416 0.111084
0.86573 0.001197 0.500511
0 0 0 0
0.417236 0.30188
3.594971 1.934814 0.111084
0.86573 0.001197 0.500511
0 0 0 0
0.417236 0.482361
3.545166 1.934814 0.175781
0.706425 0.001277 0.707786
0 0 0 0
0.375793 0.482361
3.545166 2.26416 0.175781
0.706425 0.001277 0.707786
0 0 0 0
0.375793 0.30188
3.480469 1.934814 0.225586
0.500689 0.001335 0.865626
0 0 0 0
0.33429 0.482361
3.480469 2.26416 0.225586
0.500689 0.001335 0.865626
0 0 0 0
0.33429 0.30188
3.405029 1.934814 0.256592
0.259038 0.001371 0.965866
0 0 0 0
0.292847 0.482361
3.405029 2.26416 0.256592
0.259038 0.001371 0.965866
0 0 0 0
0.292847 0.30188
3.323975 2.26416 0.267578
-0.001382 0.001382 0.999998
0 0 0 0
0.251343 0.30188
3.323975 1.934814 0.267578
-0.001382 0.001382 0.999998
0 0 0 0
0.251343 0.482361
3.243164 1.934814 0.256592
-0.259038 -0.001371 0.965866
0 0 0 0
0.2099 0.482361
3.243164 2.26416 0.256592
-0.259038 -0.001371 0.965866
0 0 0 0
0.2099 0.30188
3.16748 2.26416 0.225586
-0.500689 -0.001335 0.865626
0 0 0 0
0.168518 0.30188
3.16748 1.934814 0.225586
-0.500689 -0.001335 0.865626
0 0 0 0
0.168518 0.482361
3.102783 2.26416 0.175781
-0.706425 -0.001277 0.707786
0 0 0 0
0.125793 0.30188
3.102783 1.934814 0.175781
-0.706425 -0.001277 0.707786
0 0 0 0
0.126465 0.482361
3.052979 1.934814 0.111084
-0.865729 -0.001197 0.500511
0 0 0 0
0.083557 0.482361
3.052979 2.26416 0.111084
-0.865729 -0.001197 0.500511
0 0 0 0
0.083557 0.30188
3.021973 2.26416 0.035645
-0.966052 -0.001097 0.258346
0 0 0 0
0.04187 0.30188
3.021973 1.934814 0.035645
-0.966052 -0.001097 0.258346
0 0 0 0
0.04187 0.482361
3.01123 2.26416 -0.04541
-1 -0.000977 -0.000001
0 0 0 0
0.000061 0.30188
3.01123 1.934814 -0.04541
-1 -0.000977 -0.000001
0 0 0 0
0.000061 0.482361
3.07373 2.283203 -0.112549
-0.966052 -0.001097 -0.258346
0 0 0 0
0.874878 0.885803
3.064697 2.283203 -0.04541
-1 -0.000977 0.000001
0 0 0 0
0.908936 0.885803
3.064697 3.061279 -0.04541
-1 -0.000977 0.000001
0 0 0 0
0.908936 0.494202
3.07373 3.061279 -0.112549
-0.966052 -0.001097 -0.258346
0 0 0 0
0.874878 0.494202
3.099365 2.283203 -0.175049
-0.865729 -0.001197 -0.500511
0 0 0 0
0.840942 0.885803
3.099365 3.061279 -0.175049
-0.865729 -0.001197 -0.500511
0 0 0 0
0.840942 0.494202
3.140869 2.283203 -0.228516
-0.706425 -0.001277 -0.707786
0 0 0 0
0.807129 0.885803
3.140869 3.061279 -0.228516
-0.706425 -0.001277 -0.707786
0 0 0 0
0.807129 0.494202
3.194336 2.283203 -0.27002
-0.500689 0.001335 -0.865626
0 0 0 0
0.773315 0.885803
3.194336 3.061279 -0.27002
-0.500689 0.001335 -0.865626
0 0 0 0
0.773315 0.494202
3.25708 2.283203 -0.295654
-0.259038 0.001371 -0.965866
0 0 0 0
0.739624 0.885742
3.25708 3.061279 -0.295654
-0.259038 0.001371 -0.965866
0 0 0 0
0.739624 0.494202
3.323975 2.283203 -0.304688
0.001382 0.001382 -0.999998
0 0 0 0
0.705933 0.885742
3.323975 3.061279 -0.304688
0.001382 0.001382 -0.999998
0 0 0 0
0.705933 0.494141
3.391113 2.283203 -0.295654
0.259038 0.001371 -0.965866
0 0 0 0
0.672302 0.885742
3.391113 3.061279 -0.295654
0.259038 0.001371 -0.965866
0 0 0 0
0.672302 0.494141
3.453613 2.283203 -0.27002
0.500689 0.001335 -0.865626
0 0 0 0
0.638794 0.885742
3.453613 3.061279 -0.27002
0.500689 0.001335 -0.865626
0 0 0 0
0.638794 0.494141
3.507324 2.283203 -0.228516
0.706425 0.001277 -0.707786
0 0 0 0
0.605225 0.885681
3.507324 3.061279 -0.228516
0.706425 0.001277 -0.707786
0 0 0 0
0.605286 0.494141
3.548584 3.061279 -0.175049
0.86573 -0.001197 -0.500511
0 0 0 0
0.571777 0.49408
3.548584 2.283203 -0.175049
0.86573 -0.001197 -0.500511
0 0 0 0
0.571777 0.885681
3.574463 3.061279 -0.112549
0.966052 -0.001097 -0.258346
0 0 0 0
0.53833 0.49408
3.574463 2.283203 -0.112549
0.966052 -0.001097 -0.258346
0 0 0 0
0.538269 0.885681
3.583252 3.061279 -0.04541
1 -0.000977 -0.000001
0 0 0 0
0.504883 0.494019
3.583252 2.283203 -0.04541
1 -0.000977 -0.000001
0 0 0 0
0.504822 0.88562
3.574463 2.283203 0.021729
0.966052 -0.001097 0.258346
0 0 0 0
0.471375 0.88562
3.574463 3.061279 0.021729
0.966052 -0.001097 0.258346
0 0 0 0
0.471436 0.494019
3.548584 2.283203 0.084229
0.86573 -0.001197 0.500511
0 0 0 0
0.437927 0.88562
3.548584 3.061279 0.084229
0.86573 -0.001197 0.500511
0 0 0 0
0.437927 0.494019
3.507324 2.283203 0.137939
0.706425 -0.001277 0.707786
0 0 0 0
0.404419 0.885559
3.507324 3.061279 0.137939
0.706425 -0.001277 0.707786
0 0 0 0
0.404419 0.493958
3.453613 2.283203 0.179199
0.500689 -0.001335 0.865626
0 0 0 0
0.370911 0.885559
3.453613 3.061279 0.179199
0.500689 -0.001335 0.865626
0 0 0 0
0.370911 0.493958
3.391113 3.061279 0.204834
0.259038 -0.001371 0.965866
0 0 0 0
0.337341 0.493958
3.391113 2.283203 0.204834
0.259038 -0.001371 0.965866
0 0 0 0
0.337341 0.885559
3.323975 3.061279 0.213867
0.001382 -0.001382 0.999998
0 0 0 0
0.303772 0.493958
3.323975 2.283203 0.213867
0.001382 -0.001382 0.999998
0 0 0 0
0.303772 0.885498
3.25708 3.061279 0.204834
-0.259038 -0.001371 0.965866
0 0 0 0
0.270081 0.493896
3.25708 2.283203 0.204834
-0.259038 -0.001371 0.965866
0 0 0 0
0.270081 0.885498
3.194336 3.061279 0.179199
-0.500689 -0.001335 0.865626
0 0 0 0
0.236389 0.493896
3.194336 2.283203 0.179199
-0.500689 -0.001335 0.865626
0 0 0 0
0.236389 0.885498
3.140869 3.061279 0.137939
-0.706425 -0.001277 0.707786
0 0 0 0
0.202576 0.493896
3.140869 2.283203 0.137939
-0.706425 -0.001277 0.707786
0 0 0 0
0.202576 0.885498
3.099365 3.061279 0.084229
-0.865729 -0.001197 0.500511
0 0 0 0
0.168701 0.493896
3.099365 2.283203 0.084229
-0.865729 -0.001197 0.500511
0 0 0 0
0.168701 0.885498
3.07373 3.061279 0.021729
-0.966052 -0.001097 0.258346
0 0 0 0
0.134827 0.493896
3.07373 2.283203 0.021729
-0.966052 -0.001097 0.258346
0 0 0 0
0.134766 0.885498
3.064697 3.061279 -0.04541
-1 -0.000977 0.000001
0 0 0 0
0.100769 0.493896
3.064697 2.283203 -0.04541
-1 -0.000977 0.000001
0 0 0 0
0.100769 0.885498
3.008789 3.337158 -0.04541
-0.999701 -0.024431 -0.000597
0 0 0 0
0.000061 0.434631
3.021973 3.080566 -0.126221
-0.962363 -0.003307 -0.271747
0 0 0 0
0.04187 0.30188
3.01123 3.080566 -0.04541
-0.999988 -0.004888 -0.000024
0 0 0 0
0.000061 0.30188
3.021973 3.347168 -0.126221
-0.956426 -0.018884 -0.291362
0 0 0 0
0.04187 0.442566
3.00293 3.34668 -0.04541
-0.854895 -0.518799 -0.00101
0 0 0 0
0.000061 0.440247
3.016357 3.356689 -0.126221
-0.797469 -0.482588 -0.362149
0 0 0 0
0.04187 0.448364
3.052979 3.378906 -0.201904
-0.844292 -0.01817 -0.535575
0 0 0 0
0.083557 0.460022
3.047363 3.388184 -0.201904
-0.685631 -0.41632 -0.59715
0 0 0 0
0.083557 0.465576
3.091553 3.419678 -0.261719
-0.632897 -0.387823 -0.6701
0 0 0 0
0.121033 0.482361
3.102783 3.409668 -0.266602
-0.693625 -0.006411 -0.720308
0 0 0 0
0.126465 0.482361
3.102783 3.080566 -0.266602
-0.704305 0.001278 -0.709896
0 0 0 0
0.125793 0.30188
3.16748 3.080566 -0.316406
-0.500689 0.001335 -0.865626
0 0 0 0
0.168518 0.30188
1.643311 0 -2.012939
0.020735 -0.001382 -0.999784
0 0 0 0
-0.013428 0.999756
1.643311 0.2771 -2.012939
0.020735 -0.001382 -0.999784
0 0 0 0
-0.013428 0.867676
1.678711 0.2771 -1.995361
0.445443 -0.001346 -0.895309
0 0 0 0
0 0.867676
1.678711 0 -1.995361
0.445443 -0.001346 -0.895309
0 0 0 0
0 0.999756
0 0.309326 -2.152588
0.001324 0.552003 -0.833841
0 0 0 0
0.177612 0.182556
0 0.324707 -2.131836
0.001382 0.04837 -0.998829
0 0 0 0
0.177612 0.168091
0.881836 0.324707 -2.131836
0.001382 0.045608 -0.998958
0 0 0 0
0.623901 0.168091
0.881836 0.309326 -2.152588
0.001333 0.513039 -0.858364
0 0 0 0
0.623779 0.182556
0 0.297119 -2.149902
-0.001374 -0.213041 -0.977042
0 0 0 0
0.177612 0.19751
0.881836 0.297119 -2.149902
0.004126 -0.202163 -0.979343
0 0 0 0
0.623962 0.19751
1.799072 4.161133 -2.115723
0.313232 0.218313 -0.924243
0 0 0 0
0 0.267639
1.806152 4.121826 -2.122803
0.313232 0.218313 -0.924243
0 0 0 0
0 0.28833
1.779541 4.121826 -2.131836
0.012398 0.166683 -0.985933
0 0 0 0
-0.013062 0.28833
1.771973 4.161133 -2.125244
0.006888 0.166686 -0.985986
0 0 0 0
-0.013062 0.267639
0.881836 4.121826 -2.131836
-0.001378 0.16395 -0.986468
0 0 0 0
-0.448181 0.28833
0.877441 4.161133 -2.125244
-0.001378 0.16395 -0.986468
0 0 0 0
-0.448181 0.267639
0 4.121826 -2.131836
0.001378 0.16395 -0.986468
0 0 0 0
-0.848145 0.288269
0 4.161133 -2.125244
0.001378 0.16395 -0.986468
0 0 0 0
-0.848145 0.267639
0.881836 0.297119 -2.149902
0.001047 -0.989184 -0.146678
0 0 0 0
0.435669 0.911255
0.883545 0.2771 -2.012939
0.001047 -0.989184 -0.146678
0 0 0 0
0.435669 0.992798
0 0.2771 -2.012939
0.001045 -0.989713 -0.143062
0 0 0 0
0.000061 0.992798
0 0.297119 -2.149902
0.001045 -0.989713 -0.143062
0 0 0 0
0.000061 0.911316
-1.815186 0.777832 -1.198242
-0.558079 0.829788 0.000299
0 0 0 0
0.548645 0.168091
-1.837158 0.763184 0
-0.842288 0.539025 0.001536
0 0 0 0
0 0.182556
-1.815186 0.777832 0
-0.55673 0.830692 0.001879
0 0 0 0
0 0.168091
-1.837158 0.763184 -1.203369
-0.830692 0.55673 0.00188
0 0 0 0
0.548645 0.182556
-1.815186 0.777832 -2.096191
-0.558983 0.829174 -0.002942
0 0 0 0
0.986816 0.168091
-1.841064 0.76001 -2.133057
-0.903791 0.427801 -0.012176
0 0 0 0
0.986816 0.182556
-1.806152 0.777832 -2.122803
-0.408298 0.897834 -0.164887
0 0 0 0
1 0.168091
-1.83252 0.76001 -2.14917
-0.588803 0.762692 -0.267604
0 0 0 0
1 0.182556
-1.83252 0.746582 -2.14917
-0.588803 -0.762692 -0.267604
0 0 0 0
1 0.19751
-1.841064 0.746582 -2.133057
-0.903791 -0.427801 -0.012176
0 0 0 0
0.986816 0.19751
-1.806152 0.72876 -2.122803
-0.408298 -0.897834 -0.164887
0 0 0 0
1 0.211853
-1.815186 0.72876 -2.096191
-0.558983 -0.829174 -0.002942
0 0 0 0
0.986816 0.211853
-1.837158 0.743408 -1.203369
-0.830692 -0.55673 0.00188
0 0 0 0
0.548645 0.19751
-1.815186 0.72876 -1.198242
-0.558079 -0.829788 0.000299
0 0 0 0
0.548645 0.211853
-1.837158 0.743408 0
-0.842288 -0.539025 0.001536
0 0 0 0
0 0.19751
-1.815186 0.72876 0
-0.55673 -0.830692 0.00188
0 0 0 0
0 0.211853
-1.815186 1.841064 0
-1 0.000978 -0.000001
0 0 0 0
0.000061 0.494873
-1.815186 0.777832 -1.198242
-1 0.000978 -0.000001
0 0 0 0
0.547241 0.999756
-1.815186 0.777832 0
-1 0.000978 -0.000001
0 0 0 0
0.000061 0.999756
-1.815186 1.841064 -1.198242
-1 0.000978 -0.000001
0 0 0 0
0.547241 0.494873
-1.815186 0.777832 -2.096191
-0.999969 0.000981 -0.007804
0 0 0 0
0.986877 0.999756
-1.815186 1.841064 -2.096191
-0.999969 0.000981 -0.007804
0 0 0 0
0.986877 0.494873
-1.806152 0.777832 -2.122803
-0.948184 0.001122 -0.31772
0 0 0 0
1 0.999756
-1.806152 1.841064 -2.122803
-0.948184 0.001122 -0.31772
0 0 0 0
1 0.494873
-1.837158 1.855713 0
-0.842288 -0.539025 0.001536
0 0 0 0
0 0.19751
-1.815186 1.841064 -1.198242
-0.55673 -0.830692 -0.00188
0 0 0 0
0.548645 0.211853
-1.815186 1.841064 0
-0.55673 -0.830692 0.00188
0 0 0 0
0 0.211853
-1.837158 1.855713 -1.203369
-0.842288 -0.539025 0.001536
0 0 0 0
0.548645 0.19751
-1.837158 1.875244 0
-0.842288 0.539025 0.001536
0 0 0 0
0 0.182556
-1.837158 1.875244 -1.203369
-0.842288 0.539025 0.001536
0 0 0 0
0.548645 0.182556
-1.837891 1.856201 -2.11377
-0.890963 -0.45385 -0.014317
0 0 0 0
0.986816 0.19751
-1.815186 1.841064 -2.096191
-0.555374 -0.831591 -0.004051
0 0 0 0
0.986816 0.211853
-1.806152 1.841064 -2.122803
-0.468085 -0.867489 -0.168403
0 0 0 0
1 0.211853
-1.826416 1.856201 -2.143066
-0.782171 -0.548521 -0.295521
0 0 0 0
1 0.19751
-1.837891 1.874756 -2.11377
-0.890963 0.45385 -0.014317
0 0 0 0
0.986816 0.182556
-1.826416 1.874756 -2.143066
-0.782171 0.548521 -0.295521
0 0 0 0
1 0.182556
-1.806152 1.889893 -2.122803
-0.468085 0.867489 -0.168403
0 0 0 0
1 0.168091
-1.815186 1.889893 -2.096191
-0.555374 0.831591 -0.00405
0 0 0 0
0.986816 0.168091
-1.815186 1.889893 -1.198242
-0.55673 0.830692 -0.001879
0 0 0 0
0.548645 0.168091
-1.815186 1.889893 0
-0.55673 0.830692 0.001879
0 0 0 0
0 0.168091
-1.815186 2.104736 -1.198242
-0.55673 0.830692 -0.001879
0 0 0 0
0.548645 0.168091
-1.837158 2.090088 0
-0.842288 0.539025 0.001536
0 0 0 0
0 0.182556
-1.815186 2.104736 0
-0.55673 0.830692 0.001879
0 0 0 0
0 0.168091
-1.837158 2.090088 -1.203369
-0.842288 0.539025 0.001536
0 0 0 0
0.548645 0.182556
-1.815186 2.104736 -2.096191
-0.555374 0.831591 -0.00405
0 0 0 0
0.986816 0.168091
-1.837891 2.0896 -2.11377
-0.890963 0.45385 -0.014317
0 0 0 0
0.986816 0.182556
-1.806152 2.104736 -2.122803
-0.468085 0.867489 -0.168403
0 0 0 0
1 0.168091
-1.826416 2.0896 -2.143066
-0.782171 0.548521 -0.295521
0 0 0 0
1 0.182556
-1.826416 2.071045 -2.143066
-0.782171 -0.548521 -0.295521
0 0 0 0
1 0.19751
-1.837891 2.071045 -2.11377
-0.890963 -0.45385 -0.014317
0 0 0 0
0.986816 0.19751
-1.837158 2.070557 -1.203369
-0.842288 -0.539025 0.001536
0 0 0 0
0.548645 0.19751
-1.837158 2.070557 0
-0.842288 -0.539025 0.001536
0 0 0 0
0 0.19751
-1.815186 2.055908 -1.198242
-0.55673 -0.830692 -0.00188
0 0 0 0
0.548645 0.211853
-1.815186 2.055908 0
-0.55673 -0.830692 0.00188
0 0 0 0
0 0.211853
-1.815186 2.055908 -2.096191
-0.555374 -0.831591 -0.004051
0 0 0 0
0.986816 0.211853
-1.806152 2.055908 -2.122803
-0.468085 -0.867489 -0.168403
0 0 0 0
1 0.211853
-1.815186 3.036377 0
-1 0.000978 -0.000001
0 0 0 0
0.000061 0.552246
-1.815186 2.104736 -1.198242
-1 0.000978 -0.000001
0 0 0 0
0.544556 0.999756
-1.815186 2.104736 0
-1 0.000978 -0.000001
0 0 0 0
0.000061 0.999756
-1.815186 3.036377 -1.198242
-1 0.000978 -0.000001
0 0 0 0
0.544556 0.552246
-1.815186 3.036377 -2.096191
-0.999969 0.000981 -0.007804
0 0 0 0
0.986816 0.552246
-1.815186 2.104736 -2.096191
-0.999969 0.000981 -0.007804
0 0 0 0
0.986816 0.999756
-1.806152 3.036377 -2.122803
-0.948184 0.001122 -0.31772
0 0 0 0
1 0.552246
-1.806152 2.104736 -2.122803
-0.948184 0.001122 -0.31772
0 0 0 0
1 0.999756
-1.837158 3.051025 0
-0.842288 -0.539025 -0.001536
0 0 0 0
0 0.19751
-1.815186 3.036377 -1.198242
-0.55673 -0.830692 -0.00188
0 0 0 0
0.548645 0.211853
-1.815186 3.036377 0
-0.55673 -0.830692 -0.00188
0 0 0 0
0 0.211853
-1.837158 3.051025 -1.203369
-0.842288 -0.539025 0.001536
0 0 0 0
0.548645 0.19751
-1.837158 3.070557 0
-0.842288 0.539025 0.001536
0 0 0 0
0 0.182556
-1.837158 3.070557 -1.203369
-0.842288 0.539025 0.001536
0 0 0 0
0.548645 0.182556
-1.815186 3.085205 -1.198242
-0.55673 0.830692 -0.001879
0 0 0 0
0.548645 0.168091
-1.815186 3.085205 0
-0.55673 0.830692 0.001879
0 0 0 0
0 0.168091
-1.815186 3.085205 -2.096191
-0.555374 0.831591 -0.00405
0 0 0 0
0.986816 0.168091
-1.837891 3.070068 -2.117188
-0.90074 0.434127 -0.014164
0 0 0 0
0.986816 0.182556
-1.806152 3.085205 -2.122803
-0.45253 0.874326 -0.175413
0 0 0 0
1 0.168091
-1.826416 3.070068 -2.143066
-0.751979 0.579394 -0.314372
0 0 0 0
1 0.182556
-1.826416 3.051514 -2.143066
-0.751979 -0.579394 -0.314372
0 0 0 0
1 0.19751
-1.837891 3.051514 -2.117188
-0.90074 -0.434127 -0.014164
0 0 0 0
0.986816 0.19751
-1.815186 3.036377 -2.096191
-0.555374 -0.831591 -0.004051
0 0 0 0
0.986816 0.211853
-1.806152 3.036377 -2.122803
-0.45253 -0.874326 -0.175413
0 0 0 0
1 0.211853
-1.815186 1.889893 -2.096191
-0.999969 0.000981 -0.007804
0 0 0 0
0.013245 0.963867
-1.806152 2.055908 -2.122803
-0.948184 0.001122 -0.31772
0 0 0 0
0.000061 0.884216
-1.806152 1.889893 -2.122803
-0.948184 0.001122 -0.31772
0 0 0 0
0.000061 0.963867
-1.815186 2.055908 -2.096191
-0.999969 0.000981 -0.007804
0 0 0 0
0.013367 0.884216
-1.815186 2.055908 -1.198242
-1 -0.000977 -0.000001
0 0 0 0
0.455933 0.884216
-1.815186 1.889893 -1.198242
-1 -0.000977 -0.000001
0 0 0 0
0.455933 0.963867
-1.815186 2.055908 0
-1 -0.000977 -0.000001
0 0 0 0
1 0.884216
-1.815186 1.889893 0
-1 -0.000977 -0.000001
0 0 0 0
1 0.963867
-1.815186 4.209961 -1.198242
-0.550855 0.834599 -0.001864
0 0 0 0
0.551819 0.22406
-1.838623 4.19458 0
-0.819641 0.572867 0.003569
0 0 0 0
0 0.239868
-1.815186 4.209961 0
-0.550855 0.834599 0.001864
0 0 0 0
0 0.22406
-1.838623 4.19458 -1.200684
-0.817806 0.575493 -0.000918
0 0 0 0
0.551819 0.239868
-1.815186 4.209961 -2.096191
-0.549486 0.835493 -0.004012
0 0 0 0
0.986938 0.22406
-1.839355 4.194092 -2.109619
-0.857238 0.514737 -0.013721
0 0 0 0
0.986938 0.239868
-1.806152 4.209961 -2.122803
-0.487406 0.85216 -0.190419
0 0 0 0
1 0.22406
-1.825195 4.194092 -2.141846
-0.77077 0.547978 -0.325012
0 0 0 0
1 0.239868
-1.825195 4.177002 -2.141846
-0.690323 -0.66142 -0.29322
0 0 0 0
1 0.25238
-1.839355 4.177002 -2.109619
-0.809398 -0.587133 -0.012222
0 0 0 0
0.986938 0.25238
-1.799072 4.161133 -2.115723
-0.385222 -0.910047 -0.153031
0 0 0 0
1 0.267639
-1.808594 4.161133 -2.088623
-0.457762 -0.889058 -0.005534
0 0 0 0
0.986938 0.267639
-1.838623 4.176514 -1.200684
-0.746059 -0.66588 0.000572
0 0 0 0
0.551819 0.25238
-1.808594 4.161133 -1.194092
-0.458518 -0.888685 -0.000274
0 0 0 0
0.551819 0.267639
-1.838623 4.176514 0
-0.746059 -0.66588 -0.000572
0 0 0 0
0 0.25238
-1.808594 4.161133 0
-0.458518 -0.888685 -0.000274
0 0 0 0
0 0.267639
-1.806152 4.121826 -2.122803
-0.948184 0.001122 -0.31772
0 0 0 0
1 0.494873
-1.806152 3.085205 -2.122803
-0.948184 0.001122 -0.31772
0 0 0 0
1 0.999756
-1.815186 3.085205 -2.096191
-0.999969 0.000981 -0.007804
0 0 0 0
0.986877 0.999756
-1.815186 4.121826 -2.096191
-0.999969 0.000981 -0.007804
0 0 0 0
0.986877 0.494873
-1.815186 3.085205 -1.198242
-1 0.000978 -0.000001
0 0 0 0
0.547241 0.999756
-1.815186 4.121826 -1.198242
-1 0.000978 -0.000001
0 0 0 0
0.547241 0.494873
-1.815186 4.121826 0
-1 0.000978 -0.000001
0 0 0 0
0.000061 0.494873
-1.815186 3.085205 0
-1 0.000978 -0.000001
0 0 0 0
0.000061 0.999756
-1.806152 0.324707 -2.122803
-0.947359 0.054936 -0.315427
0 0 0 0
1 0.999756
-1.815186 0.72876 -2.096191
-0.999969 -0.000981 -0.007804
0 0 0 0
0.985657 0.807373
-1.806152 0.72876 -2.122803
-0.948184 0.001122 -0.31772
0 0 0 0
1 0.807373
-1.815186 0.324707 -2.096191
-0.998396 0.055957 -0.008591
0 0 0 0
0.985657 0.999756
-1.815186 0.324707 -1.198242
-0.998941 0.045985 -0.001795
0 0 0 0
0.549805 0.999756
-1.815186 0.72876 -1.198242
-1 -0.000977 0.000001
0 0 0 0
0.549805 0.807373
-1.815186 0.72876 0
-1 -0.000977 -0.000001
0 0 0 0
0.000061 0.807373
-1.815186 0.324707 0
-0.998754 0.049889 0.001421
0 0 0 0
0.000061 0.999756
-1.835938 0.309326 -1.198242
-0.854366 0.519666 -0.002331
0 0 0 0
-0.472839 0.182556
-1.815186 0.324707 -1.198242
-0.998941 0.045985 -0.001795
0 0 0 0
-0.472839 0.168091
-1.815186 0.324707 -2.096191
-0.998396 0.055957 -0.008591
0 0 0 0
-0.013184 0.168091
-1.829102 0.314209 -2.106689
-0.926799 0.37525 -0.015181
0 0 0 0
-0.013184 0.182556
-1.806152 0.324707 -2.122803
-0.947359 0.054936 -0.315427
0 0 0 0
0 0.168091
-1.820312 0.314941 -2.136963
-0.885637 0.388629 -0.254196
0 0 0 0
0 0.182556
-1.818359 0.298828 -2.13501
-0.948427 -0.166333 -0.269851
0 0 0 0
0 0.19751
-1.826172 0.298096 -2.105713
-0.981179 -0.192291 -0.017657
0 0 0 0
-0.013184 0.19751
-1.833496 0.297119 -1.198242
-0.978798 -0.204774 -0.004632
0 0 0 0
-0.472839 0.19751
-1.696289 0.2771 -1.959961
-0.14992 -0.988686 -0.004815
0 0 0 0
0.389526 0.992859
-1.696289 0.2771 -1.200195
-0.147718 -0.989028 -0.001536
0 0 0 0
0.147156 0.992859
-1.833496 0.297119 -1.198242
-0.147718 -0.989028 -0.001536
0 0 0 0
0.145081 0.911316
-1.826172 0.298096 -2.105713
-0.146084 -0.989254 -0.005969
0 0 0 0
0.436951 0.911316
-1.678711 0.2771 -1.995361
-0.105226 -0.993137 -0.051048
0 0 0 0
0.401794 0.992859
-1.818359 0.298828 -2.13501
-0.105226 -0.993137 -0.051048
0 0 0 0
0.449158 0.911316
-1.696289 0 0
-1 0.000978 -0.000001
0 0 0 0
0.051697 0.999756
-1.696289 0.2771 0
-1 0.000978 -0.000001
0 0 0 0
0.051697 0.867676
-1.696289 0.2771 -1.200195
-1 -0.000977 -0.000001
0 0 0 0
0.624146 0.867676
-1.696289 0 -1.200195
-1 -0.000977 -0.000001
0 0 0 0
0.624146 0.999756
-1.696289 0 -1.959961
-0.999728 -0.000989 -0.023322
0 0 0 0
0.986572 0.999756
-1.696289 0.2771 -1.959961
-0.999728 -0.000989 -0.023322
0 0 0 0
0.986572 0.867676
-1.678711 0.2771 -1.995361
-0.896168 -0.001175 -0.443713
0 0 0 0
1 0.867676
-1.678711 0 -1.995361
-0.896168 -0.001175 -0.443713
0 0 0 0
1 0.999756
-1.815186 4.121826 0
-0.986578 0.163289 0.000534
0 0 0 0
0 0.28833
-1.808594 4.161133 0
-0.986578 0.163289 0.000534
0 0 0 0
0 0.267639
-1.808594 4.161133 -1.194092
-0.986578 0.163289 0.000534
0 0 0 0
0.551819 0.267639
-1.815186 4.121826 -1.198242
-0.986578 0.163289 0.000534
0 0 0 0
0.551819 0.28833
-1.808594 4.161133 -2.088623
-0.986126 0.165826 -0.00759
0 0 0 0
0.986938 0.267639
-1.815186 4.121826 -2.096191
-0.986036 0.166142 -0.011427
0 0 0 0
0.986938 0.28833
-1.799072 4.161133 -2.115723
-0.924188 0.218445 -0.313301
0 0 0 0
1 0.267639
-1.806152 4.121826 -2.122803
-0.924188 0.218445 -0.313301
0 0 0 0
1 0.28833
-0.881836 0.777832 -2.131836
-0.001221 0.828859 -0.559456
0 0 0 0
-0.451355 0.168091
0 0.777832 -2.131836
0.00122 0.830608 -0.556857
0 0 0 0
-0.852905 0.168091
0 0.763184 -2.153809
0.001327 0.537494 -0.843267
0 0 0 0
-0.852905 0.182556
-0.886719 0.763184 -2.153809
0.001321 0.563996 -0.825776
0 0 0 0
-0.451355 0.182556
-1.779541 0.777832 -2.131836
-0.003662 0.828857 -0.559448
0 0 0 0
-0.013184 0.168091
-1.813232 0.76001 -2.157715
-0.009423 0.442894 -0.896525
0 0 0 0
-0.013184 0.182556
-1.806152 0.777832 -2.122803
-0.159745 0.892004 -0.42286
0 0 0 0
0 0.168091
-1.83252 0.76001 -2.14917
-0.255712 0.734705 -0.628347
0 0 0 0
0 0.182556
-1.83252 0.746582 -2.14917
-0.255712 -0.734705 -0.628347
0 0 0 0
0 0.19751
-1.813232 0.746582 -2.157715
-0.009426 -0.440347 -0.897778
0 0 0 0
-0.013184 0.19751
-1.806152 0.72876 -2.122803
-0.159745 -0.892004 -0.42286
0 0 0 0
0 0.211853
-1.779541 0.72876 -2.131836
-0.003662 -0.828857 -0.559448
0 0 0 0
-0.013184 0.211853
-0.886719 0.743408 -2.153809
0.001321 -0.563996 -0.825776
0 0 0 0
-0.451355 0.19751
-0.881836 0.72876 -2.131836
-0.001221 -0.828859 -0.559456
0 0 0 0
-0.451355 0.211853
0 0.743408 -2.153809
0.001327 -0.537494 -0.843267
0 0 0 0
-0.852905 0.19751
0 0.72876 -2.131836
0.00122 -0.830607 -0.556857
0 0 0 0
-0.852905 0.211853
0 1.841064 -2.131836
0.001382 0.001382 -0.999998
0 0 0 0
-0.85968 0.494873
0 0.777832 -2.131836
0.001382 0.001382 -0.999998
0 0 0 0
-0.85968 0.999756
-0.881836 0.777832 -2.131836
0.001382 0.001382 -0.999998
0 0 0 0
-0.452759 0.999756
-0.881836 1.841064 -2.131836
0.001382 0.001382 -0.999998
0 0 0 0
-0.452759 0.494873
-1.779541 0.777832 -2.131836
-0.009677 0.001382 -0.999952
0 0 0 0
-0.013123 0.999756
-1.779541 1.841064 -2.131836
-0.009677 0.001382 -0.999952
0 0 0 0
-0.013123 0.494873
-1.806152 0.777832 -2.122803
-0.315242 0.001365 -0.94901
0 0 0 0
0 0.999756
-1.806152 1.841064 -2.122803
-0.315242 0.001365 -0.94901
0 0 0 0
0 0.494873
0 1.855713 -2.153809
0.001327 -0.537494 -0.843267
0 0 0 0
-0.852905 0.19751
0 1.841064 -2.131836
0.00122 -0.830607 -0.556857
0 0 0 0
-0.852905 0.211853
-0.881836 1.841064 -2.131836
-0.00122 -0.830607 -0.556857
0 0 0 0
-0.451355 0.211853
-0.886719 1.855713 -2.153809
0.001326 -0.542344 -0.840155
0 0 0 0
-0.451355 0.19751
-1.779541 1.841064 -2.131836
-0.003656 -0.832347 -0.554243
0 0 0 0
-0.013184 0.211853
-1.797119 1.856201 -2.154541
-0.012099 -0.45305 -0.891403
0 0 0 0
-0.013184 0.19751
-1.806152 1.841064 -2.122803
-0.169311 -0.867865 -0.467059
0 0 0 0
0 0.211853
-1.826416 1.856201 -2.143066
-0.296163 -0.549272 -0.781401
0 0 0 0
0 0.19751
-1.797119 1.874756 -2.154541
-0.012099 0.45305 -0.891403
0 0 0 0
-0.013184 0.182556
-1.826416 1.874756 -2.143066
-0.296163 0.549272 -0.781401
0 0 0 0
0 0.182556
-1.806152 1.889893 -2.122803
-0.169311 0.867865 -0.467059
0 0 0 0
0 0.168091
-1.779541 1.889893 -2.131836
-0.003656 0.832347 -0.554243
0 0 0 0
-0.013184 0.168091
-0.886719 1.875244 -2.153809
0.001326 0.542344 -0.840155
0 0 0 0
-0.451355 0.182556
-0.881836 1.889893 -2.131836
-0.00122 0.830608 -0.556857
0 0 0 0
-0.451355 0.168091
0 1.875244 -2.153809
0.001327 0.537494 -0.843267
0 0 0 0
-0.852905 0.182556
0 1.889893 -2.131836
0.00122 0.830608 -0.556857
0 0 0 0
-0.852905 0.168091
-0.881836 2.104736 -2.131836
-0.00122 0.830608 -0.556857
0 0 0 0
-0.451355 0.168091
0 2.104736 -2.131836
0.00122 0.830608 -0.556857
0 0 0 0
-0.852905 0.168091
0 2.090088 -2.153809
0.001327 0.537494 -0.843267
0 0 0 0
-0.852905 0.182556
-0.886719 2.090088 -2.153809
0.001326 0.542344 -0.840155
0 0 0 0
-0.451355 0.182556
-1.779541 2.104736 -2.131836
-0.003656 0.832347 -0.554243
0 0 0 0
-0.013184 0.168091
-1.797119 2.0896 -2.154541
-0.012099 0.45305 -0.891403
0 0 0 0
-0.013184 0.182556
-1.806152 2.104736 -2.122803
-0.169311 0.867865 -0.467059
0 0 0 0
0 0.168091
-1.826416 2.0896 -2.143066
-0.296163 0.549272 -0.781401
0 0 0 0
0 0.182556
-1.826416 2.071045 -2.143066
-0.296163 -0.549272 -0.781401
0 0 0 0
0 0.19751
-1.797119 2.071045 -2.154541
-0.012099 -0.45305 -0.891403
0 0 0 0
-0.013184 0.19751
-0.886719 2.070557 -2.153809
0.001326 -0.542344 -0.840155
0 0 0 0
-0.451355 0.19751
0 2.070557 -2.153809
0.001327 -0.537494 -0.843267
0 0 0 0
-0.852905 0.19751
-0.881836 2.055908 -2.131836
-0.00122 -0.830607 -0.556857
0 0 0 0
-0.451355 0.211853
0 2.055908 -2.131836
0.00122 -0.830607 -0.556857
0 0 0 0
-0.852905 0.211853
-1.779541 2.055908 -2.131836
-0.003656 -0.832347 -0.554243
0 0 0 0
-0.013184 0.211853
-1.806152 2.055908 -2.122803
-0.169311 -0.867865 -0.467059
0 0 0 0
0 0.211853
0 3.036377 -2.131836
0.001382 0.001382 -0.999998
0 0 0 0
-0.864807 0.552246
0 2.104736 -2.131836
0.001382 0.001382 -0.999998
0 0 0 0
-0.864807 0.999756
-0.881836 2.104736 -2.131836
0.001382 0.001382 -0.999998
0 0 0 0
-0.455444 0.999756
-0.881836 3.036377 -2.131836
0.001382 0.001382 -0.999998
0 0 0 0
-0.455444 0.552246
-1.779541 3.036377 -2.131836
-0.009677 0.001382 -0.999952
0 0 0 0
-0.013184 0.552246
-1.779541 2.104736 -2.131836
-0.009677 0.001382 -0.999952
0 0 0 0
-0.013184 0.999756
-1.806152 3.036377 -2.122803
-0.315242 0.001365 -0.94901
0 0 0 0
0 0.552246
-1.806152 2.104736 -2.122803
-0.315242 0.001365 -0.94901
0 0 0 0
0 0.999756
0 3.051025 -2.153809
0.001327 -0.537494 -0.843267
0 0 0 0
-0.852905 0.19751
0 3.036377 -2.131836
0.00122 -0.830607 -0.556857
0 0 0 0
-0.852905 0.211853
-0.881836 3.036377 -2.131836
-0.00122 -0.830607 -0.556857
0 0 0 0
-0.451355 0.211853
-0.886719 3.051025 -2.153809
0.001326 -0.542344 -0.840155
0 0 0 0
-0.451355 0.19751
-1.779541 3.036377 -2.131836
-0.003656 -0.832347 -0.554243
0 0 0 0
-0.013184 0.211853
-1.804443 3.051514 -2.154541
-0.01486 -0.414724 -0.909826
0 0 0 0
-0.013184 0.19751
-1.806152 3.036377 -2.122803
-0.181518 -0.881824 -0.435244
0 0 0 0
0 0.211853
-1.826416 3.051514 -2.143066
-0.338556 -0.619622 -0.70813
0 0 0 0
0 0.19751
-1.804443 3.070068 -2.154541
-0.01486 0.414724 -0.909826
0 0 0 0
-0.013184 0.182556
-1.826416 3.070068 -2.143066
-0.338556 0.619622 -0.70813
0 0 0 0
0 0.182556
-1.806152 3.085205 -2.122803
-0.181518 0.881824 -0.435244
0 0 0 0
0 0.168091
-1.779541 3.085205 -2.131836
-0.003656 0.832347 -0.554243
0 0 0 0
-0.013184 0.168091
-0.886719 3.070557 -2.153809
0.001326 0.542344 -0.840155
0 0 0 0
-0.451355 0.182556
-0.881836 3.085205 -2.131836
-0.00122 0.830608 -0.556857
0 0 0 0
-0.451355 0.168091
0 3.070557 -2.153809
0.001327 0.537494 -0.843267
0 0 0 0
-0.852905 0.182556
0 3.085205 -2.131836
0.00122 0.830608 -0.556857
0 0 0 0
-0.852905 0.168091
0 2.055908 -2.131836
0.001382 -0.001382 -0.999998
0 0 0 0
0.865662 0.884216
0 1.889893 -2.131836
0.001382 -0.001382 -0.999998
0 0 0 0
0.865662 0.963867
-0.881836 1.889893 -2.131836
0.001382 -0.001382 -0.999998
0 0 0 0
0.455933 0.963867
-0.881836 2.055908 -2.131836
0.001382 -0.001382 -0.999998
0 0 0 0
0.455933 0.884216
-1.779541 1.889893 -2.131836
-0.009677 0.001382 -0.999952
0 0 0 0
0.013245 0.963867
-1.779541 2.055908 -2.131836
-0.009677 0.001382 -0.999952
0 0 0 0
0.013367 0.884216
-1.806152 2.055908 -2.122803
-0.315242 0.001365 -0.94901
0 0 0 0
0.000061 0.884216
-1.806152 1.889893 -2.122803
-0.315242 0.001365 -0.94901
0 0 0 0
0.000061 0.963867
-0.881836 4.209961 -2.131836
-0.001217 0.835812 -0.549014
0 0 0 0
-0.448181 0.22406
0 4.209961 -2.131836
0.001217 0.835812 -0.549014
0 0 0 0
-0.848145 0.22406
0 4.19458 -2.155273
0.001318 0.573525 -0.819187
0 0 0 0
-0.848145 0.239868
-0.884033 4.19458 -2.155273
0.001317 0.578267 -0.815846
0 0 0 0
-0.448181 0.239868
-1.779541 4.209961 -2.131836
-0.006083 0.835806 -0.548991
0 0 0 0
-0.013062 0.22406
-1.792969 4.194092 -2.156006
-0.014652 0.515484 -0.856774
0 0 0 0
-0.013062 0.239868
-1.806152 4.209961 -2.122803
-0.191897 0.852211 -0.486736
0 0 0 0
0 0.22406
-1.825195 4.194092 -2.141846
-0.326466 0.547579 -0.770439
0 0 0 0
0 0.239868
-1.825195 4.177002 -2.141846
-0.293517 -0.662002 -0.689639
0 0 0 0
0 0.25238
-1.792969 4.177002 -2.156006
-0.014462 -0.587687 -0.808959
0 0 0 0
-0.013062 0.25238
3.16748 3.409668 -0.316406
-0.500689 0.001335 -0.865626
0 0 0 0
0.168518 0.482361
3.243164 3.080566 -0.347412
-0.259038 0.001371 -0.965866
0 0 0 0
0.2099 0.30188
3.243164 3.409668 -0.347412
-0.259038 0.001371 -0.965866
0 0 0 0
0.2099 0.482361
3.323975 3.409668 -0.358398
0.001382 0.001382 -0.999998
0 0 0 0
0.251343 0.482361
3.323975 3.080566 -0.358398
0.001382 0.001382 -0.999998
0 0 0 0
0.251343 0.30188
3.405029 3.080566 -0.347412
0.259038 0.001371 -0.965866
0 0 0 0
0.292847 0.30188
3.405029 3.409668 -0.347412
0.259038 0.001371 -0.965866
0 0 0 0
0.292847 0.482361
3.480469 3.080566 -0.316406
0.500689 0.001335 -0.865626
0 0 0 0
0.33429 0.30188
3.480469 3.409668 -0.316406
0.500689 0.001335 -0.865626
0 0 0 0
0.33429 0.482361
3.545166 3.409668 -0.266602
0.706425 0.001277 -0.707786
0 0 0 0
0.375793 0.482361
3.545166 3.080566 -0.266602
0.706425 0.001277 -0.707786
0 0 0 0
0.375793 0.30188
3.594971 3.409668 -0.201904
0.86573 0.001197 -0.500511
0 0 0 0
0.417236 0.482361
3.594971 3.080566 -0.201904
0.86573 0.001197 -0.500511
0 0 0 0
0.417236 0.30188
3.626221 3.080566 -0.126221
0.966052 0.001097 -0.258346
0 0 0 0
0.458679 0.30188
3.626221 3.409668 -0.126221
0.966052 0.001097 -0.258346
0 0 0 0
0.458679 0.482361
3.636963 3.409668 -0.04541
1 0.000978 -0.000001
0 0 0 0
0.500183 0.482361
3.636963 3.080566 -0.04541
1 0.000978 -0.000001
0 0 0 0
0.500183 0.30188
3.626221 3.080566 0.035645
0.966052 -0.001097 0.258346
0 0 0 0
0.541626 0.30188
3.626221 3.409668 0.035645
0.966052 -0.001097 0.258346
0 0 0 0
0.541626 0.482361
3.594971 3.409668 0.111084
0.86573 -0.001197 0.500511
0 0 0 0
0.583069 0.482361
3.594971 3.080566 0.111084
0.86573 -0.001197 0.500511
0 0 0 0
0.583069 0.30188
3.545166 3.080566 0.175781
0.706425 -0.001277 0.707786
0 0 0 0
0.624573 0.30188
3.545166 3.409668 0.175781
0.706425 -0.001277 0.707786
0 0 0 0
0.624573 0.482361
3.480469 3.080566 0.225586
0.500689 -0.001335 0.865626
0 0 0 0
0.666016 0.30188
3.480469 3.409668 0.225586
0.500689 -0.001335 0.865626
0 0 0 0
0.666016 0.482361
3.405029 3.409668 0.256592
0.259038 0.001371 0.965866
0 0 0 0
0.70752 0.482361
3.405029 3.080566 0.256592
0.259038 0.001371 0.965866
0 0 0 0
0.70752 0.30188
3.323975 3.409668 0.267578
-0.001382 0.001382 0.999998
0 0 0 0
0.748962 0.482361
3.323975 3.080566 0.267578
-0.001382 0.001382 0.999998
0 0 0 0
0.748962 0.30188
3.243164 3.080566 0.256592
-0.259038 0.001371 0.965866
0 0 0 0
0.790405 0.30188
3.243164 3.409668 0.256592
-0.259038 0.001371 0.965866
0 0 0 0
0.790405 0.482361
3.16748 3.409668 0.225586
-0.500689 0.001335 0.865626
0 0 0 0
0.831787 0.482361
3.16748 3.080566 0.225586
-0.500689 0.001335 0.865626
0 0 0 0
0.831787 0.30188
3.102783 3.409668 0.175781
-0.689316 -0.008985 0.724405
0 0 0 0
0.874268 0.482361
3.102783 3.080566 0.175781
-0.70218 -0.001279 0.711998
0 0 0 0
0.874268 0.30188
3.048828 3.374512 0.108398
-0.842582 -0.02061 0.538174
0 0 0 0
0.916748 0.455444
3.052979 3.080566 0.111084
-0.860901 -0.003602 0.508759
0 0 0 0
0.916748 0.30188
3.021973 3.347168 0.035645
-0.960303 -0.023206 0.277992
0 0 0 0
0.958435 0.440247
3.021973 3.080566 0.035645
-0.965137 -0.00549 0.261687
0 0 0 0
0.958435 0.30188
3.008789 3.337158 -0.04541
-0.999701 -0.024431 -0.000597
0 0 0 0
1 0.432312
3.01123 3.080566 -0.04541
-0.999988 -0.004888 -0.000024
0 0 0 0
1 0.30188
3.00293 3.34668 -0.04541
-0.854895 -0.518799 -0.00101
0 0 0 0
1 0.437927
3.016357 3.356689 0.035645
-0.805816 -0.487106 0.336731
0 0 0 0
0.958435 0.446045
3.043213 3.384033 0.108398
-0.68416 -0.41198 0.601829
0 0 0 0
0.916748 0.46106
3.091553 3.419678 0.170898
-0.619112 -0.372484 0.691343
0 0 0 0
0.881531 0.482361
3.052979 3.080566 -0.201904
-0.86252 -0.0012 -0.506022
0 0 0 0
0.083557 0.30188
1.823975 3.362793 -0.126465
0.001097 -0.966052 -0.258346
0 0 0 0
0.958435 0.30188
2.15332 3.352295 -0.04541
0.000978 -1 -0.000001
0 0 0 0
1 0.482361
1.823975 3.352295 -0.04541
0.000978 -1 -0.000001
0 0 0 0
1 0.30188
2.15332 3.362793 -0.126465
0.001097 -0.966052 -0.258346
0 0 0 0
0.958435 0.482361
1.823975 3.394043 -0.20166
0.001197 -0.865729 -0.500511
0 0 0 0
0.916748 0.30188
2.15332 3.394043 -0.20166
0.001197 -0.865729 -0.500511
0 0 0 0
0.916748 0.482361
2.15332 3.443604 -0.266602
0.001277 -0.706425 -0.707786
0 0 0 0
0.874268 0.482361
1.823975 3.443604 -0.266602
0.001277 -0.706425 -0.707786
0 0 0 0
0.874268 0.30188
1.823975 3.508545 -0.316162
0.001335 -0.500689 -0.865626
0 0 0 0
0.831787 0.30188
2.15332 3.508545 -0.316162
0.001335 -0.500689 -0.865626
0 0 0 0
0.831787 0.482361
1.823975 3.583984 -0.347656
0.001371 -0.259038 -0.965866
0 0 0 0
0.790405 0.30188
2.15332 3.583984 -0.347656
0.001371 -0.259038 -0.965866
0 0 0 0
0.790405 0.482361
2.15332 3.665039 -0.358154
0.001382 0.001382 -0.999998
0 0 0 0
0.748962 0.482361
1.823975 3.665039 -0.358154
0.001382 0.001382 -0.999998
0 0 0 0
0.748962 0.30188
1.823975 3.74585 -0.347656
0.001371 0.259038 -0.965866
0 0 0 0
0.70752 0.30188
2.15332 3.74585 -0.347656
0.001371 0.259038 -0.965866
0 0 0 0
0.70752 0.482361
2.15332 3.821289 -0.316162
-0.001335 0.500689 -0.865626
0 0 0 0
0.666016 0.482361
1.823975 3.821289 -0.316162
-0.001335 0.500689 -0.865626
0 0 0 0
0.666016 0.30188
2.15332 3.88623 -0.266602
-0.001277 0.706425 -0.707786
0 0 0 0
0.624573 0.482361
1.823975 3.88623 -0.266602
-0.001277 0.706425 -0.707786
0 0 0 0
0.624573 0.30188
1.823975 3.935791 -0.20166
-0.001197 0.86573 -0.500511
0 0 0 0
0.583069 0.30188
2.15332 3.935791 -0.20166
-0.001197 0.86573 -0.500511
0 0 0 0
0.583069 0.482361
1.823975 3.967285 -0.126465
-0.001097 0.966052 -0.258346
0 0 0 0
0.541626 0.30188
2.15332 3.967285 -0.126465
-0.001097 0.966052 -0.258346
0 0 0 0
0.541626 0.482361
2.15332 3.977783 -0.04541
-0.000977 1 -0.000001
0 0 0 0
0.500183 0.482361
1.823975 3.977783 -0.04541
-0.000977 1 -0.000001
0 0 0 0
0.500183 0.30188
1.823975 3.967285 0.035645
-0.001097 0.966052 0.258346
0 0 0 0
0.458679 0.30188
2.15332 3.967285 0.035645
-0.001097 0.966052 0.258346
0 0 0 0
0.458679 0.482361
2.15332 3.935791 0.111084
-0.001197 0.86573 0.500511
0 0 0 0
0.417236 0.482361
1.823975 3.935791 0.111084
-0.001197 0.86573 0.500511
0 0 0 0
0.417236 0.30188
2.15332 3.88623 0.175781
-0.001277 0.706425 0.707786
0 0 0 0
0.375793 0.482361
1.823975 3.88623 0.175781
-0.001277 0.706425 0.707786
0 0 0 0
0.375793 0.30188
2.15332 3.821289 0.225342
-0.001335 0.500689 0.865626
0 0 0 0
0.33429 0.482361
1.823975 3.821289 0.225342
-0.001335 0.500689 0.865626
0 0 0 0
0.33429 0.30188
2.15332 3.74585 0.256836
0.001371 0.259038 0.965866
0 0 0 0
0.292847 0.482361
1.823975 3.74585 0.256836
0.001371 0.259038 0.965866
0 0 0 0
0.292847 0.30188
1.823975 3.665039 0.267334
0.001382 0.001382 0.999998
0 0 0 0
0.251343 0.30188
2.15332 3.665039 0.267334
0.001382 0.001382 0.999998
0 0 0 0
0.251343 0.482361
2.15332 3.583984 0.256836
0.001371 -0.259038 0.965866
0 0 0 0
0.2099 0.482361
1.823975 3.583984 0.256836
0.001371 -0.259038 0.965866
0 0 0 0
0.2099 0.30188
1.823975 3.508545 0.225342
0.001335 -0.500689 0.865626
0 0 0 0
0.168518 0.30188
2.15332 3.508545 0.225342
0.001335 -0.500689 0.865626
0 0 0 0
0.168518 0.482361
2.15332 3.443604 0.175781
0.001277 -0.706425 0.707786
0 0 0 0
0.126465 0.482361
1.823975 3.443604 0.175781
0.001277 -0.706425 0.707786
0 0 0 0
0.125793 0.30188
2.15332 3.394043 0.111084
0.001197 -0.865729 0.500511
0 0 0 0
0.083557 0.482361
1.823975 3.394043 0.111084
0.001197 -0.865729 0.500511
0 0 0 0
0.083557 0.30188
2.15332 3.362793 0.035645
0.001097 -0.966052 0.258346
0 0 0 0
0.04187 0.482361
1.823975 3.362793 0.035645
0.001097 -0.966052 0.258346
0 0 0 0
0.04187 0.30188
1.823975 3.352295 -0.04541
0.000978 -1 -0.000001
0 0 0 0
0.000061 0.30188
2.15332 3.352295 -0.04541
0.000978 -1 -0.000001
0 0 0 0
0.000061 0.482361
2.172363 3.405762 -0.04541
-0.000977 -1 0.000001
0 0 0 0
0.109192 0.986511
2.731934 3.414551 -0.112549
-0.001097 -0.966052 -0.258346
0 0 0 0
0.143066 0.706177
2.731934 3.405762 -0.04541
-0.000977 -1 0.000001
0 0 0 0
0.109192 0.706177
2.172363 3.414551 -0.112549
-0.001097 -0.966052 -0.258346
0 0 0 0
0.143066 0.986511
2.731934 3.44043 -0.175049
0.001197 -0.865729 -0.500511
0 0 0 0
0.177002 0.706177
2.172363 3.44043 -0.175049
0.001197 -0.865729 -0.500511
0 0 0 0
0.177002 0.986511
2.172363 3.481689 -0.22876
0.001277 -0.706425 -0.707786
0 0 0 0
0.210815 0.986511
2.731934 3.481689 -0.22876
0.001277 -0.706425 -0.707786
0 0 0 0
0.210815 0.706177
2.731934 3.5354 -0.269775
0.001335 -0.500689 -0.865626
0 0 0 0
0.24469 0.706177
2.172363 3.5354 -0.269775
0.001335 -0.500689 -0.865626
0 0 0 0
0.24469 0.986511
2.172363 3.5979 -0.295898
0.001371 -0.259038 -0.965866
0 0 0 0
0.278503 0.986511
2.731934 3.5979 -0.295898
0.001371 -0.259038 -0.965866
0 0 0 0
0.278503 0.706177
2.731934 3.665039 -0.304443
-0.001382 -0.001382 -0.999998
0 0 0 0
0.312317 0.706177
2.172363 3.665039 -0.304443
-0.001382 -0.001382 -0.999998
0 0 0 0
0.312317 0.986511
2.172363 3.731934 -0.295898
-0.001371 0.259038 -0.965866
0 0 0 0
0.34613 0.986511
2.731934 3.731934 -0.295898
-0.001371 0.259038 -0.965866
0 0 0 0
0.34613 0.706177
2.731934 3.794434 -0.269775
-0.001335 0.500689 -0.865626
0 0 0 0
0.379944 0.706177
2.172363 3.794434 -0.269775
-0.001335 0.500689 -0.865626
0 0 0 0
0.379944 0.986511
2.731934 3.848389 -0.22876
-0.001277 0.706425 -0.707786
0 0 0 0
0.413696 0.706177
2.172363 3.848389 -0.22876
-0.001277 0.706425 -0.707786
0 0 0 0
0.413696 0.986511
2.731934 3.889404 -0.175049
-0.001197 0.86573 -0.500511
0 0 0 0
0.447449 0.706177
2.172363 3.889404 -0.175049
-0.001197 0.86573 -0.500511
0 0 0 0
0.447449 0.986511
2.731934 3.915527 -0.112549
-0.001097 0.966052 -0.258346
0 0 0 0
0.481262 0.706177
2.172363 3.915527 -0.112549
-0.001097 0.966052 -0.258346
0 0 0 0
0.481262 0.986511
2.731934 3.924072 -0.04541
0.000978 1 0.000001
0 0 0 0
0.515015 0.706177
2.172363 3.924072 -0.04541
0.000978 1 0.000001
0 0 0 0
0.515015 0.986511
2.172363 3.915527 0.021729
-0.001097 0.966052 0.258346
0 0 0 0
0.548767 0.986511
2.731934 3.915527 0.021729
-0.001097 0.966052 0.258346
0 0 0 0
0.548767 0.706177
2.172363 3.889404 0.084229
-0.001197 0.86573 0.500511
0 0 0 0
0.582581 0.986511
2.731934 3.889404 0.084229
-0.001197 0.86573 0.500511
0 0 0 0
0.582581 0.706177
2.172363 3.848389 0.137939
-0.001277 0.706425 0.707786
0 0 0 0
0.616333 0.986511
2.731934 3.848389 0.137939
-0.001277 0.706425 0.707786
0 0 0 0
0.616333 0.706177
2.172363 3.794434 0.178955
-0.001335 0.500689 0.865626
0 0 0 0
0.650085 0.986511
2.731934 3.794434 0.178955
-0.001335 0.500689 0.865626
0 0 0 0
0.650085 0.706177
2.731934 3.731934 0.205078
-0.001371 0.259038 0.965866
0 0 0 0
0.683899 0.706177
2.172363 3.731934 0.205078
-0.001371 0.259038 0.965866
0 0 0 0
0.683899 0.986511
2.172363 3.665039 0.213867
-0.001382 -0.001382 0.999998
0 0 0 0
0.717712 0.986511
2.731934 3.665039 0.213867
-0.001382 -0.001382 0.999998
0 0 0 0
0.717712 0.706177
2.172363 3.5979 0.205078
0.001371 -0.259038 0.965866
0 0 0 0
0.751526 0.986511
2.731934 3.5979 0.205078
0.001371 -0.259038 0.965866
0 0 0 0
0.751526 0.706177
2.172363 3.5354 0.178955
0.001335 -0.500689 0.865626
0 0 0 0
0.785339 0.986511
2.731934 3.5354 0.178955
0.001335 -0.500689 0.865626
0 0 0 0
0.785339 0.706177
2.172363 3.481689 0.137939
0.001277 -0.706425 0.707786
0 0 0 0
0.819214 0.986511
2.731934 3.481689 0.137939
0.001277 -0.706425 0.707786
0 0 0 0
0.819214 0.706177
2.172363 3.44043 0.084229
0.001197 -0.865729 0.500511
0 0 0 0
0.853027 0.986511
2.731934 3.44043 0.084229
0.001197 -0.865729 0.500511
0 0 0 0
0.853027 0.706177
2.731934 3.414551 0.021729
-0.001097 -0.966052 0.258346
0 0 0 0
0.886963 0.706177
2.172363 3.414551 0.021729
-0.001097 -0.966052 0.258346
0 0 0 0
0.886963 0.986511
2.731934 3.405762 -0.04541
-0.000977 -1 0.000001
0 0 0 0
0.920837 0.706177
2.172363 3.405762 -0.04541
-0.000977 -1 0.000001
0 0 0 0
0.920837 0.986511
3.047363 3.388184 -0.201904
-0.488129 -0.619787 -0.614488
0 0 0 0
0.916748 0.465149
3.083984 3.429932 -0.261719
-0.527035 -0.499096 -0.68785
0 0 0 0
0.881104 0.482361
3.091553 3.419678 -0.261719
-0.587685 -0.45119 -0.671606
0 0 0 0
0.887634 0.482361
3.038086 3.393799 -0.201904
-0.018201 -0.840898 -0.540888
0 0 0 0
0.916748 0.459595
3.016357 3.356689 -0.126221
-0.482114 -0.798965 -0.359473
0 0 0 0
0.958435 0.447937
3.006836 3.362305 -0.126221
-0.01886 -0.957424 -0.288068
0 0 0 0
0.958435 0.442139
3.00293 3.34668 -0.04541
-0.515071 -0.857148 -0.000314
0 0 0 0
1 0.43988
2.993652 3.352295 -0.04541
-0.020524 -0.999789 -0.000421
0 0 0 0
1 0.434204
2.750977 3.362793 -0.126465
-0.001099 -0.96423 -0.265066
0 0 0 0
0.958435 0.30188
2.750977 3.352295 -0.04541
-0.000977 -1 -0.000001
0 0 0 0
1 0.30188
2.750977 3.394043 -0.20166
-0.001201 -0.860904 -0.508767
0 0 0 0
0.916748 0.30188
2.750977 3.443604 -0.266602
-0.001278 -0.704305 -0.709896
0 0 0 0
0.874268 0.30188
3.080078 3.443604 -0.266602
-0.006426 -0.684997 -0.728518
0 0 0 0
0.874268 0.482361
2.750977 3.508545 -0.316162
0.001335 -0.500689 -0.865626
0 0 0 0
0.831787 0.30188
3.080078 3.508545 -0.316162
0.001335 -0.500689 -0.865626
0 0 0 0
0.831787 0.482361
3.080078 3.583984 -0.347656
0.001371 -0.259038 -0.965866
0 0 0 0
0.790405 0.482361
2.750977 3.583984 -0.347656
0.001371 -0.259038 -0.965866
0 0 0 0
0.790405 0.30188
2.750977 3.665039 -0.358154
0.001382 0.001382 -0.999998
0 0 0 0
0.748962 0.30188
3.080078 3.665039 -0.358154
0.001382 0.001382 -0.999998
0 0 0 0
0.748962 0.482361
3.080078 3.74585 -0.347656
0.001371 0.259038 -0.965866
0 0 0 0
0.70752 0.482361
2.750977 3.74585 -0.347656
0.001371 0.259038 -0.965866
0 0 0 0
0.70752 0.30188
2.750977 3.821289 -0.316162
0.001335 0.500689 -0.865626
0 0 0 0
0.666016 0.30188
3.080078 3.821289 -0.316162
0.001335 0.500689 -0.865626
0 0 0 0
0.666016 0.482361
2.750977 3.88623 -0.266602
0.001277 0.706425 -0.707786
0 0 0 0
0.624573 0.30188
3.080078 3.88623 -0.266602
0.001277 0.706425 -0.707786
0 0 0 0
0.624573 0.482361
2.750977 3.935791 -0.20166
0.001197 0.86573 -0.500511
0 0 0 0
0.583069 0.30188
3.080078 3.935791 -0.20166
0.001197 0.86573 -0.500511
0 0 0 0
0.583069 0.482361
3.080078 3.967285 -0.126465
0.001097 0.966052 -0.258346
0 0 0 0
0.541626 0.482361
2.750977 3.967285 -0.126465
0.001097 0.966052 -0.258346
0 0 0 0
0.541626 0.30188
2.750977 3.977783 -0.04541
0.000978 1 -0.000001
0 0 0 0
0.500183 0.30188
3.080078 3.977783 -0.04541
0.000978 1 -0.000001
0 0 0 0
0.500183 0.482361
3.080078 3.967285 0.035645
0.001097 0.966052 0.258346
0 0 0 0
0.458679 0.482361
2.750977 3.967285 0.035645
0.001097 0.966052 0.258346
0 0 0 0
0.458679 0.30188
2.750977 3.935791 0.111084
0.001197 0.86573 0.500511
0 0 0 0
0.417236 0.30188
3.080078 3.935791 0.111084
0.001197 0.86573 0.500511
0 0 0 0
0.417236 0.482361
3.080078 3.88623 0.175781
0.001277 0.706425 0.707786
0 0 0 0
0.375793 0.482361
2.750977 3.88623 0.175781
0.001277 0.706425 0.707786
0 0 0 0
0.375793 0.30188
3.080078 3.821289 0.225342
0.001335 0.500689 0.865626
0 0 0 0
0.33429 0.482361
2.750977 3.821289 0.225342
0.001335 0.500689 0.865626
0 0 0 0
0.33429 0.30188
3.080078 3.74585 0.256836
0.001371 0.259038 0.965866
0 0 0 0
0.292847 0.482361
2.750977 3.74585 0.256836
0.001371 0.259038 0.965866
0 0 0 0
0.292847 0.30188
3.080078 3.665039 0.267334
0.001382 -0.001382 0.999998
0 0 0 0
0.251343 0.482361
2.750977 3.665039 0.267334
0.001382 -0.001382 0.999998
0 0 0 0
0.251343 0.30188
3.080078 3.583984 0.256836
0.001371 -0.259038 0.965866
0 0 0 0
0.2099 0.482361
2.750977 3.583984 0.256836
0.001371 -0.259038 0.965866
0 0 0 0
0.2099 0.30188
2.750977 3.508545 0.225342
0.001335 -0.500689 0.865626
0 0 0 0
0.168518 0.30188
3.080078 3.508545 0.225342
0.001335 -0.500689 0.865626
0 0 0 0
0.168518 0.482361
2.750977 3.443604 0.175781
-0.00128 -0.70005 0.714093
0 0 0 0
0.125793 0.30188
3.080078 3.443604 0.175781
-0.009001 -0.682823 0.730528
0 0 0 0
0.126465 0.482361
3.033691 3.389893 0.108398
-0.020645 -0.839173 0.543472
0 0 0 0
0.083557 0.455017
2.750977 3.394043 0.111084
-0.003605 -0.859278 0.511496
0 0 0 0
0.083557 0.30188
3.006836 3.362305 0.035645
-0.023176 -0.96126 0.274667
0 0 0 0
0.04187 0.439819
2.750977 3.362793 0.035645
-0.003285 -0.966944 0.254968
0 0 0 0
0.04187 0.30188
2.993652 3.352295 -0.04541
-0.020524 -0.999789 -0.000421
0 0 0 0
0.000061 0.431885
2.750977 3.352295 -0.04541
-0.000977 -1 -0.000001
0 0 0 0
0.000061 0.30188
3.00293 3.34668 -0.04541
-0.515071 -0.857148 -0.000314
0 0 0 0
0.000061 0.4375
3.016357 3.356689 0.035645
-0.486609 -0.807251 0.334002
0 0 0 0
0.04187 0.445618
3.043213 3.384033 0.108398
-0.48587 -0.620074 0.615986
0 0 0 0
0.083557 0.460632
3.083984 3.429932 0.171143
-0.507359 -0.489467 0.709231
0 0 0 0
0.121887 0.482361
3.091553 3.419678 0.170898
-0.571189 -0.438887 0.693629
0 0 0 0
0.117249 0.482361
3.099121 3.889404 -0.175049
0.070438 0.867943 -0.491643
0 0 0 0
0.642578 0.571533
3.099121 3.915527 -0.112549
0.077705 0.964201 -0.25353
0 0 0 0
0.602356 0.561584
3.16333 3.910156 -0.112549
0.158787 0.953815 -0.254998
0 0 0 0
0.598083 0.592896
3.099121 3.924072 -0.04541
0.081183 0.996698 0.001222
0 0 0 0
0.560608 0.558289
3.164795 3.918945 -0.04541
0.163289 0.986578 0.000534
0 0 0 0
0.560669 0.590515
3.240479 3.900879 -0.04541
0.309771 0.950811 0.000658
0 0 0 0
0.560852 0.627991
3.237549 3.892334 -0.112549
0.299095 0.919198 -0.25616
0 0 0 0
0.594666 0.629578
3.15918 3.884521 -0.175049
0.142111 0.858636 -0.492492
0 0 0 0
0.634705 0.600098
3.099121 3.848389 -0.22876
0.057272 0.716542 -0.695189
0 0 0 0
0.680054 0.587097
3.152832 3.84375 -0.228516
0.11844 0.706822 -0.697405
0 0 0 0
0.669983 0.611633
3.099121 3.794434 -0.269775
0.041283 0.515372 -0.855971
0 0 0 0
0.71405 0.606995
3.144531 3.790771 -0.27002
0.086591 0.507557 -0.857256
0 0 0 0
0.703491 0.626831
3.099121 3.731934 -0.295898
0.025933 0.312555 -0.949546
0 0 0 0
0.744446 0.629639
3.134766 3.729004 -0.295654
0.045192 0.267041 -0.962625
0 0 0 0
0.735046 0.644653
3.099121 3.665039 -0.304443
-0.001382 -0.001382 -0.999998
0 0 0 0
0.7724 0.654419
3.1604 3.654053 -0.304688
0.004147 0.009677 -0.999945
0 0 0 0
0.75708 0.681885
3.099121 3.5979 -0.295898
-0.050831 -0.215686 -0.975139
0 0 0 0
0.798767 0.680054
3.151855 3.585205 -0.295654
-0.089235 -0.215537 -0.97241
0 0 0 0
0.7854 0.703979
3.099121 3.5354 -0.269775
-0.109075 -0.426873 -0.897709
0 0 0 0
0.823608 0.704163
3.12793 3.527588 -0.27002
-0.213633 -0.404425 -0.88927
0 0 0 0
0.816711 0.717651
3.099121 3.481689 -0.22876
-0.357619 -0.488615 -0.795841
0 0 0 0
0.850037 0.725098
3.16748 3.497314 -0.27002
-0.35269 -0.312459 -0.882031
0 0 0 0
0.813599 0.743469
3.107422 3.458008 -0.218262
-0.400288 -0.442286 -0.802591
0 0 0 0
0.857178 0.736389
3.121338 3.440186 -0.218506
-0.503405 -0.306249 -0.807958
0 0 0 0
0.858215 0.747314
3.140869 3.428711 -0.228516
-0.529322 -0.266631 -0.805435
0 0 0 0
0.853088 0.758423
3.189209 3.461914 -0.27002
-0.4285 -0.165221 -0.888307
0 0 0 0
0.817749 0.764771
3.194336 3.428711 -0.27002
-0.445174 -0.065902 -0.893016
0 0 0 0
0.82666 0.779236
3.251709 3.468262 -0.295654
-0.237315 -0.064473 -0.969291
0 0 0 0
0.790283 0.78595
3.25708 3.428711 -0.295654
-0.242807 -0.037038 -0.969367
0 0 0 0
0.801575 0.80249
3.31543 3.472168 -0.304688
0.006912 -0.001382 -0.999975
0 0 0 0
0.765015 0.8078
3.323975 3.428711 -0.304688
0.0235 0.001382 -0.999723
0 0 0 0
0.77594 0.827026
3.387451 3.476318 -0.295654
0.26436 0.042462 -0.963489
0 0 0 0
0.735168 0.831848
3.391113 3.428711 -0.295654
0.269781 0.023281 -0.96264
0 0 0 0
0.74823 0.851685
3.453613 3.428711 -0.27002
0.512913 0.041299 -0.857447
0 0 0 0
0.717224 0.874817
3.449219 3.486084 -0.27002
0.507623 0.081273 -0.857737
0 0 0 0
0.703613 0.849792
3.507324 3.428711 -0.228516
0.714449 0.057309 -0.697337
0 0 0 0
0.682617 0.89502
3.502197 3.494629 -0.228516
0.707037 0.110833 -0.698437
0 0 0 0
0.670166 0.864929
3.548584 3.428711 -0.175049
0.868008 0.068056 -0.491865
0 0 0 0
0.644592 0.910828
3.542969 3.500977 -0.175049
0.859019 0.135006 -0.493822
0 0 0 0
0.63501 0.876526
3.574463 3.428711 -0.112549
0.964304 0.075524 -0.253798
0 0 0 0
0.60376 0.920959
3.568359 3.505127 -0.112549
0.955356 0.152113 -0.253293
0 0 0 0
0.598511 0.883789
3.583252 3.428711 -0.04541
0.996854 0.07924 0.001535
0 0 0 0
0.561401 0.924561
3.577148 3.506348 -0.04541
0.987505 0.15757 0.002415
0 0 0 0
0.56134 0.886292
3.568359 3.505127 0.021729
0.955356 0.152113 0.253293
0 0 0 0
0.52417 0.883911
3.574463 3.428711 0.021729
0.964304 0.075524 0.253798
0 0 0 0
0.519043 0.921143
3.542969 3.500977 0.084229
0.859019 0.135006 0.493822
0 0 0 0
0.48761 0.87677
3.548584 3.428711 0.084229
0.868008 0.068056 0.491865
0 0 0 0
0.47821 0.911194
3.502197 3.494629 0.137939
0.707037 0.110833 0.698437
0 0 0 0
0.452393 0.865417
3.507324 3.428711 0.137939
0.714449 0.057309 0.697337
0 0 0 0
0.440063 0.895508
-1.799072 4.161133 -2.115723
-0.153016 -0.910044 -0.385234
0 0 0 0
0 0.267639
-1.771973 4.161133 -2.125244
-0.003541 -0.888846 -0.458192
0 0 0 0
-0.013062 0.267639
-0.884033 4.176514 -2.155273
0.00129 -0.669719 -0.742614
0 0 0 0
-0.448181 0.25238
-0.877441 4.161133 -2.125244
-0.00118 -0.888849 -0.458199
0 0 0 0
-0.448181 0.267639
0 4.176514 -2.155273
0.001292 -0.66531 -0.746566
0 0 0 0
-0.848145 0.25238
0 4.161133 -2.125244
0.00118 -0.888849 -0.458199
0 0 0 0
-0.848145 0.267639
-1.806152 3.085205 -2.122803
-0.315242 0.001365 -0.94901
0 0 0 0
0 0.999756
-1.806152 4.121826 -2.122803
-0.315242 0.001365 -0.94901
0 0 0 0
0 0.494873
-1.779541 4.121826 -2.131836
-0.009677 0.001382 -0.999952
0 0 0 0
-0.013123 0.494873
-1.779541 3.085205 -2.131836
-0.009677 0.001382 -0.999952
0 0 0 0
-0.013123 0.999756
-0.881836 3.085205 -2.131836
0.001382 0.001382 -0.999998
0 0 0 0
-0.452759 0.999756
-0.881836 4.121826 -2.131836
0.001382 0.001382 -0.999998
0 0 0 0
-0.452759 0.494873
0 4.121826 -2.131836
0.001382 0.001382 -0.999998
0 0 0 0
-0.85968 0.494873
0 3.085205 -2.131836
0.001382 0.001382 -0.999998
0 0 0 0
-0.85968 0.999756
-1.779541 0.72876 -2.131836
-0.009677 -0.001382 -0.999952
0 0 0 0
-0.014343 0.807373
-1.806152 0.324707 -2.122803
-0.315112 0.055929 -0.947405
0 0 0 0
0 0.999756
-1.806152 0.72876 -2.122803
-0.315242 0.001365 -0.94901
0 0 0 0
0 0.807373
-1.779541 0.324707 -2.131836
-0.009673 0.053894 -0.9985
0 0 0 0
-0.014343 0.999756
-0.881836 0.324707 -2.131836
-0.001382 0.045608 -0.998958
0 0 0 0
-0.450195 0.999756
-0.881836 0.72876 -2.131836
-0.001382 -0.001382 -0.999998
0 0 0 0
-0.450195 0.807373
0 0.324707 -2.131836
0.001382 0.04837 -0.998829
0 0 0 0
-0.87085 0.999756
0 0.72876 -2.131836
0.001382 -0.001382 -0.999998
0 0 0 0
-0.87085 0.807373
-0.881836 0.309326 -2.152588
-0.001333 0.513039 -0.858364
0 0 0 0
-0.472839 0.182556
-1.779541 0.324707 -2.131836
-0.009673 0.053894 -0.9985
0 0 0 0
-0.013184 0.168091
-0.881836 0.324707 -2.131836
-0.001382 0.045608 -0.998958
0 0 0 0
-0.472839 0.168091
-1.789795 0.314209 -2.145752
-0.014921 0.378443 -0.925504
0 0 0 0
-0.013184 0.182556
-1.806152 0.324707 -2.122803
-0.315112 0.055929 -0.947405
0 0 0 0
0 0.168091
-1.820312 0.314941 -2.136963
-0.251161 0.385472 -0.887879
0 0 0 0
0 0.182556
-1.818359 0.298828 -2.13501
-0.266158 -0.165155 -0.949676
0 0 0 0
0 0.19751
-1.788818 0.298096 -2.142822
-0.017885 -0.193985 -0.980841
0 0 0 0
-0.013184 0.19751
-0.881836 0.297119 -2.149902
-0.004126 -0.202163 -0.979343
0 0 0 0
-0.472839 0.19751
-1.643311 0 -2.012939
-0.020735 -0.001382 -0.999784
0 0 0 0
-0.013428 0.999756
-1.678711 0 -1.995361
-0.445443 -0.001346 -0.895309
0 0 0 0
0 0.999756
-1.678711 0.2771 -1.995361
-0.445443 -0.001346 -0.895309
0 0 0 0
0 0.867676
-1.643311 0.2771 -2.012939
-0.020735 -0.001382 -0.999784
0 0 0 0
-0.013428 0.867676
-0.883545 0.2771 -2.012939
0.001382 -0.001382 -0.999998
0 0 0 0
-0.375854 0.867676
-0.883545 0 -2.012939
0.001382 -0.001382 -0.999998
0 0 0 0
-0.375854 0.999756
0 0 -2.012939
0.001382 0.001382 -0.999998
0 0 0 0
-0.797302 0.999756
0 0.2771 -2.012939
0.001382 0.001382 -0.999998
0 0 0 0
-0.797302 0.867676
-1.788818 0.298096 -2.142822
-0.007327 -0.989164 -0.146632
0 0 0 0
0.499756 0.911438
-1.678711 0.2771 -1.995361
-0.050332 -0.993283 -0.104191
0 0 0 0
0.4552 0.992859
-1.818359 0.298828 -2.13501
-0.050332 -0.993283 -0.104191
0 0 0 0
0.512024 0.911438
-1.643311 0.2771 -2.012939
-0.003145 -0.988639 -0.150279
0 0 0 0
0.442993 0.992859
-0.881836 0.297119 -2.149902
-0.001047 -0.989184 -0.146678
0 0 0 0
0.145081 0.911255
-0.883545 0.2771 -2.012939
-0.001047 -0.989184 -0.146678
0 0 0 0
0.145081 0.992798
-0.881836 0.324707 -2.131836
-0.001382 0.045608 -0.998958
0 0 0 0
0.623901 0.168091
0 0.324707 -2.131836
0.001382 0.04837 -0.998829
0 0 0 0
0.177612 0.168091
0 0.309326 -2.152588
0.001324 0.552003 -0.833841
0 0 0 0
0.177612 0.182556
-0.881836 0.309326 -2.152588
-0.001333 0.513039 -0.858364
0 0 0 0
0.623779 0.182556
0 0.297119 -2.149902
-0.001374 -0.213041 -0.977042
0 0 0 0
0.177612 0.19751
-0.881836 0.297119 -2.149902
-0.004126 -0.202163 -0.979343
0 0 0 0
0.623962 0.19751
0 4.121826 -2.131836
0.001378 0.16395 -0.986468
0 0 0 0
-0.848145 0.288269
-0.877441 4.161133 -2.125244
0.001378 0.16395 -0.986468
0 0 0 0
-0.448181 0.267639
0 4.161133 -2.125244
0.001378 0.16395 -0.986468
0 0 0 0
-0.848145 0.267639
-0.881836 4.121826 -2.131836
0.001378 0.16395 -0.986468
0 0 0 0
-0.448181 0.28833
-1.771973 4.161133 -2.125244
-0.006888 0.166686 -0.985986
0 0 0 0
-0.013062 0.267639
-1.779541 4.121826 -2.131836
-0.012398 0.166683 -0.985933
0 0 0 0
-0.013062 0.28833
-1.799072 4.161133 -2.115723
-0.313232 0.218313 -0.924243
0 0 0 0
0 0.267639
-1.806152 4.121826 -2.122803
-0.313232 0.218313 -0.924243
0 0 0 0
0 0.28833
0 0.2771 -2.012939
0.001045 -0.989713 -0.143062
0 0 0 0
0.000061 0.992798
-0.883545 0.2771 -2.012939
-0.001047 -0.989184 -0.146678
0 0 0 0
0.435669 0.992798
-0.881836 0.297119 -2.149902
-0.001047 -0.989184 -0.146678
0 0 0 0
0.435669 0.911255
0 0.297119 -2.149902
0.001045 -0.989713 -0.143062
0 0 0 0
0.000061 0.911316
1.815186 0.72876 1.198242
1 0.000978 -0.000001
0 0 0 0
0 0.807373
1.815186 0.324707 2.096191
0.998396 0.055957 0.008591
0 0 0 0
-0.435791 0.999756
1.815186 0.324707 1.198242
0.99744 0.071455 0.002713
0 0 0 0
0 0.999756
1.815186 0.72876 2.096191
0.999969 0.000981 0.007804
0 0 0 0
-0.435791 0.807373
1.806152 0.72876 2.122803
0.948184 0.001122 0.31772
0 0 0 0
-0.450195 0.807373
1.806152 0.324707 2.122803
0.947359 0.054936 0.315426
0 0 0 0
-0.450195 0.999756
1.102783 0.72876 1.198242
0.001382 0.001382 -0.999998
0 0 0 0
-0.34198 0.807373
1.815186 0.72876 1.198242
0.001382 0.001382 -0.999998
0 0 0 0
0 0.807373
1.815186 0.324707 1.198242
-0.001379 0.139284 -0.990252
0 0 0 0
0 0.999756
1.102783 0.324707 1.198242
-0.001381 0.073219 -0.997315
0 0 0 0
-0.34198 0.999756
1.829102 0.314209 2.106689
0.930728 0.365397 0.015158
0 0 0 0
-0.013184 0.182556
1.835938 0.309326 1.149902
0.988036 0.154043 0.007483
0 0 0 0
-0.496765 0.182556
1.815186 0.324707 1.198242
0.99744 0.071455 0.002713
0 0 0 0
-0.472839 0.168091
1.815186 0.324707 2.096191
0.998396 0.055957 0.008591
0 0 0 0
-0.013184 0.168091
1.806152 0.324707 2.122803
0.947359 0.054936 0.315426
0 0 0 0
0 0.168091
1.820312 0.314941 2.136963
0.885637 0.388629 0.254195
0 0 0 0
0 0.182556
1.818359 0.298828 2.13501
0.948427 -0.166333 0.269851
0 0 0 0
0 0.19751
1.826172 0.298096 2.105713
0.981179 -0.192291 0.017657
0 0 0 0
-0.013184 0.19751
1.833496 0.297119 1.151611
0.981064 -0.193463 0.009287
0 0 0 0
-0.496765 0.19751
1.815186 0.324707 1.198242
-0.001379 0.139284 -0.990252
0 0 0 0
0 0.168091
1.134521 0.307861 1.149902
-0.00118 0.888849 -0.458199
0 0 0 0
-0.352356 0.182556
1.102783 0.324707 1.198242
-0.001381 0.073219 -0.997315
0 0 0 0
-0.368896 0.168091
1.835938 0.309326 1.149902
-0.001208 0.849391 -0.527763
0 0 0 0
0 0.182556
1.833496 0.297119 1.151611
0.001379 -0.144771 -0.989464
0 0 0 0
0 0.19751
1.134766 0.297607 1.151611
0.001379 -0.144771 -0.989464
0 0 0 0
-0.352356 0.19751
1.696289 0.2771 1.959961
0.151835 -0.988397 0.004226
0 0 0 0
0.442993 0.992859
1.696289 0.2771 1.200195
0.151543 -0.988451 0.000366
0 0 0 0
0.146118 0.992859
1.833496 0.297119 1.151611
0.151543 -0.988451 0.000366
0 0 0 0
0.125671 0.911438
1.826172 0.298096 2.105713
0.146084 -0.989254 0.005969
0 0 0 0
0.499756 0.911438
1.678711 0.2771 1.995361
0.105226 -0.993137 0.051048
0 0 0 0
0.4552 0.992859
1.818359 0.298828 2.13501
0.105226 -0.993137 0.051048
0 0 0 0
0.512024 0.911438
1.696289 0.2771 1.200195
-0.001151 -0.922111 -0.386924
0 0 0 0
0.14624 0.911499
0.97998 0.2771 1.200195
-0.001151 -0.922111 -0.386924
0 0 0 0
0.512024 0.911438
1.134766 0.297607 1.151611
-0.001151 -0.922111 -0.386924
0 0 0 0
0.433044 0.938354
1.833496 0.297119 1.151611
-0.001151 -0.922111 -0.386924
0 0 0 0
0.076233 0.938354
1.696289 0.2771 1.200195
1 0.000978 -0.000001
0 0 0 0
-0.375854 0.867676
1.696289 0 1.959961
0.999728 0.000989 0.023322
0 0 0 0
-0.013428 0.999756
1.696289 0 1.200195
1 0.000978 -0.000001
0 0 0 0
-0.375854 0.999756
1.696289 0.2771 1.959961
0.999728 0.000989 0.023322
0 0 0 0
-0.013428 0.867676
1.678711 0.2771 1.995361
0.896168 -0.001175 0.443713
0 0 0 0
0 0.867676
1.678711 0 1.995361
0.896168 -0.001175 0.443713
0 0 0 0
0 0.999756
0.97998 0.2771 1.200195
0.001382 0.001382 -0.999998
0 0 0 0
-0.341675 0.867676
1.696289 0.2771 1.200195
0.001382 0.001382 -0.999998
0 0 0 0
0 0.867676
1.696289 0 1.200195
0.001382 0.001382 -0.999998
0 0 0 0
0 0.999756
0.97998 0 1.200195
0.001382 0.001382 -0.999998
0 0 0 0
-0.341675 0.999756
1.815186 0.777832 1.198242
0.558079 0.829788 -0.000299
0 0 0 0
0.548645 0.168091
1.837158 0.763184 0
0.842288 0.539025 0.001535
0 0 0 0
0 0.182556
1.815186 0.777832 0
0.55673 0.830692 0.001879
0 0 0 0
0 0.168091
1.837158 0.763184 1.203369
0.830692 0.55673 -0.001879
0 0 0 0
0.548645 0.182556
1.815186 0.777832 2.096191
0.558983 0.829174 0.002942
0 0 0 0
0.986816 0.168091
1.841064 0.76001 2.133057
0.903791 0.427801 0.012176
0 0 0 0
0.986816 0.182556
1.806152 0.777832 2.122803
0.408298 0.897834 0.164887
0 0 0 0
1 0.168091
1.83252 0.76001 2.14917
0.588803 0.762692 0.267604
0 0 0 0
1 0.182556
1.83252 0.746582 2.14917
0.588803 -0.762692 0.267604
0 0 0 0
1 0.19751
1.841064 0.746582 2.133057
0.903791 -0.427801 0.012176
0 0 0 0
0.986816 0.19751
1.806152 0.72876 2.122803
0.408298 -0.897834 0.164887
0 0 0 0
1 0.211853
1.815186 0.72876 2.096191
0.558983 -0.829174 0.002942
0 0 0 0
0.986816 0.211853
1.837158 0.743408 1.203369
0.830692 -0.55673 -0.001879
0 0 0 0
0.548645 0.19751
1.815186 0.72876 1.198242
0.558079 -0.829788 -0.000299
0 0 0 0
0.548645 0.211853
1.837158 0.743408 0
0.842288 -0.539025 0.001536
0 0 0 0
0 0.19751
1.815186 0.72876 0
0.55673 -0.830692 0.00188
0 0 0 0
0 0.211853
1.815186 1.841064 0
1 0.000978 -0.000001
0 0 0 0
0.000061 0.494873
1.815186 0.777832 1.198242
1 0.000978 -0.000001
0 0 0 0
0.547241 0.999756
1.815186 0.777832 0
1 0.000978 -0.000001
0 0 0 0
0.000061 0.999756
1.815186 1.841064 1.198242
1 0.000978 -0.000001
0 0 0 0
0.547241 0.494873
1.815186 1.841064 2.096191
0.999969 0.000981 0.007804
0 0 0 0
0.986877 0.494873
1.815186 0.777832 2.096191
0.999969 0.000981 0.007804
0 0 0 0
0.986877 0.999756
1.806152 0.777832 2.122803
0.948184 0.001122 0.31772
0 0 0 0
1 0.999756
1.806152 1.841064 2.122803
0.948184 0.001122 0.31772
0 0 0 0
1 0.494873
1.837158 1.855713 0
0.842288 -0.539025 0.001536
0 0 0 0
0 0.19751
1.815186 1.841064 1.198242
0.55673 -0.830692 0.00188
0 0 0 0
0.548645 0.211853
1.815186 1.841064 0
0.55673 -0.830692 0.00188
0 0 0 0
0 0.211853
1.837158 1.855713 1.203369
0.842288 -0.539025 -0.001536
0 0 0 0
0.548645 0.19751
1.837158 1.875244 0
0.842288 0.539025 0.001535
0 0 0 0
0 0.182556
1.837158 1.875244 1.203369
0.842288 0.539025 -0.001535
0 0 0 0
0.548645 0.182556
1.837891 1.856201 2.11377
0.890963 -0.45385 0.014317
0 0 0 0
0.986816 0.19751
1.815186 1.841064 2.096191
0.555374 -0.831591 0.004051
0 0 0 0
0.986816 0.211853
1.806152 1.841064 2.122803
0.468085 -0.867489 0.168403
0 0 0 0
1 0.211853
1.826416 1.856201 2.143066
0.782171 -0.548521 0.295521
0 0 0 0
1 0.19751
1.837891 1.874756 2.11377
0.890963 0.45385 0.014317
0 0 0 0
0.986816 0.182556
1.826416 1.874756 2.143066
0.782171 0.548521 0.295521
0 0 0 0
1 0.182556
1.806152 1.889893 2.122803
0.468085 0.867489 0.168403
0 0 0 0
1 0.168091
1.815186 1.889893 2.096191
0.555374 0.831591 0.00405
0 0 0 0
0.986816 0.168091
1.815186 1.889893 1.198242
0.55673 0.830692 0.001879
0 0 0 0
0.548645 0.168091
1.815186 1.889893 0
0.55673 0.830692 0.001879
0 0 0 0
0 0.168091
1.838623 4.176514 0
0.746059 -0.66588 -0.000572
0 0 0 0
0 0.25238
1.808594 4.161133 1.194092
0.458518 -0.888685 0.000274
0 0 0 0
0.551819 0.267639
1.808594 4.161133 0
0.458518 -0.888685 -0.000274
0 0 0 0
0 0.267639
1.838623 4.176514 1.200684
0.746059 -0.66588 -0.000572
0 0 0 0
0.551819 0.25238
1.838623 4.19458 0
0.819641 0.572867 0.003569
0 0 0 0
0 0.239868
1.838623 4.19458 1.200684
0.817806 0.575493 0.000918
0 0 0 0
0.551819 0.239868
1.839355 4.177002 2.109619
0.809398 -0.587133 0.012222
0 0 0 0
0.986938 0.25238
1.839355 4.194092 2.109619
0.857238 0.514737 0.013721
0 0 0 0
0.986938 0.239868
1.815186 4.209961 2.096191
0.549486 0.835493 0.004012
0 0 0 0
0.986938 0.22406
1.815186 4.209961 1.198242
0.550855 0.834599 0.001864
0 0 0 0
0.551819 0.22406
1.815186 4.209961 0
0.550855 0.834599 0.001864
0 0 0 0
0 0.22406
1.806152 4.209961 2.122803
0.487406 0.85216 0.190419
0 0 0 0
1 0.22406
1.825195 4.194092 2.141846
0.77077 0.547978 0.325012
0 0 0 0
1 0.239868
1.825195 4.177002 2.141846
0.690323 -0.66142 0.29322
0 0 0 0
1 0.25238
1.799072 4.161133 2.115723
0.385222 -0.910047 0.153031
0 0 0 0
1 0.267639
1.808594 4.161133 2.088623
0.457762 -0.889058 0.005534
0 0 0 0
0.986938 0.267639
1.815186 4.121826 0
0.986578 0.163289 0.000534
0 0 0 0
0 0.28833
1.808594 4.161133 0
0.986578 0.163289 0.000534
0 0 0 0
0 0.267639
1.808594 4.161133 1.194092
0.986578 0.163289 0.000534
0 0 0 0
0.551819 0.267639
1.815186 4.121826 1.198242
0.986578 0.163289 0.000534
0 0 0 0
0.551819 0.28833
1.808594 4.161133 2.088623
0.986126 0.165826 0.00759
0 0 0 0
0.986938 0.267639
1.815186 4.121826 2.096191
0.986036 0.166142 0.011427
0 0 0 0
0.986938 0.28833
1.799072 4.161133 2.115723
0.924188 0.218445 0.313301
0 0 0 0
1 0.267639
1.806152 4.121826 2.122803
0.924188 0.218445 0.313301
0 0 0 0
1 0.28833
1.815186 2.104736 1.198242
0.55673 0.830692 0.001879
0 0 0 0
0.548645 0.168091
1.837158 2.090088 0
0.842288 0.539025 0.001535
0 0 0 0
0 0.182556
1.815186 2.104736 0
0.55673 0.830692 0.001879
0 0 0 0
0 0.168091
1.837158 2.090088 1.203369
0.842288 0.539025 -0.001535
0 0 0 0
0.548645 0.182556
1.815186 2.104736 2.096191
0.555374 0.831591 0.00405
0 0 0 0
0.986816 0.168091
1.837891 2.0896 2.11377
0.890963 0.45385 0.014317
0 0 0 0
0.986816 0.182556
1.806152 2.104736 2.122803
0.468085 0.867489 0.168403
0 0 0 0
1 0.168091
1.826416 2.0896 2.143066
0.782171 0.548521 0.295521
0 0 0 0
1 0.182556
1.826416 2.071045 2.143066
0.782171 -0.548521 0.295521
0 0 0 0
1 0.19751
1.837891 2.071045 2.11377
0.890963 -0.45385 0.014317
0 0 0 0
0.986816 0.19751
1.837158 2.070557 1.203369
0.842288 -0.539025 -0.001536
0 0 0 0
0.548645 0.19751
1.837158 2.070557 0
0.842288 -0.539025 0.001536
0 0 0 0
0 0.19751
1.815186 2.055908 1.198242
0.55673 -0.830692 0.00188
0 0 0 0
0.548645 0.211853
1.815186 2.055908 0
0.55673 -0.830692 0.00188
0 0 0 0
0 0.211853
1.815186 2.055908 2.096191
0.555374 -0.831591 0.004051
0 0 0 0
0.986816 0.211853
1.806152 2.055908 2.122803
0.468085 -0.867489 0.168403
0 0 0 0
1 0.211853
1.815186 2.104736 2.096191
0.999969 0.000981 0.007804
0 0 0 0
0.986816 0.999756
1.806152 3.036377 2.122803
0.948184 0.001122 0.31772
0 0 0 0
1 0.552246
1.806152 2.104736 2.122803
0.948184 0.001122 0.31772
0 0 0 0
1 0.999756
1.815186 3.036377 2.096191
0.999969 0.000981 0.007804
0 0 0 0
0.986816 0.552246
1.815186 2.104736 1.198242
1 0.000978 -0.000001
0 0 0 0
0.544556 0.999756
1.815186 3.036377 1.198242
1 0.000978 -0.000001
0 0 0 0
0.544556 0.552246
1.815186 2.104736 0
1 0.000978 -0.000001
0 0 0 0
0.000061 0.999756
1.815186 3.036377 0
1 0.000978 -0.000001
0 0 0 0
0.000061 0.552246
1.837158 3.051025 0
0.842288 -0.539025 -0.001536
0 0 0 0
0 0.19751
1.815186 3.036377 1.198242
0.55673 -0.830692 0.00188
0 0 0 0
0.548645 0.211853
1.815186 3.036377 0
0.55673 -0.830692 -0.00188
0 0 0 0
0 0.211853
1.837158 3.051025 1.203369
0.842288 -0.539025 -0.001536
0 0 0 0
0.548645 0.19751
1.837158 3.070557 0
0.842288 0.539025 0.001535
0 0 0 0
0 0.182556
1.837158 3.070557 1.203369
0.842288 0.539025 -0.001535
0 0 0 0
0.548645 0.182556
1.815186 3.085205 1.198242
0.55673 0.830692 0.001879
0 0 0 0
0.548645 0.168091
1.815186 3.085205 0
0.55673 0.830692 0.001879
0 0 0 0
0 0.168091
1.815186 3.085205 2.096191
0.555374 0.831591 0.00405
0 0 0 0
0.986816 0.168091
1.837891 3.070068 2.117188
0.90074 0.434127 0.014164
0 0 0 0
0.986816 0.182556
1.806152 3.085205 2.122803
0.45253 0.874326 0.175413
0 0 0 0
1 0.168091
1.826416 3.070068 2.143066
0.751979 0.579394 0.314372
0 0 0 0
1 0.182556
1.826416 3.051514 2.143066
0.751979 -0.579394 0.314372
0 0 0 0
1 0.19751
1.837891 3.051514 2.117188
0.90074 -0.434127 0.014164
0 0 0 0
0.986816 0.19751
1.815186 3.036377 2.096191
0.555374 -0.831591 0.004051
0 0 0 0
0.986816 0.211853
1.806152 3.036377 2.122803
0.45253 -0.874326 0.175413
0 0 0 0
1 0.211853
1.815186 2.055908 1.198242
1 -0.000977 -0.000001
0 0 0 0
0.455933 0.884216
1.815186 1.889893 0
1 -0.000977 -0.000001
0 0 0 0
1 0.963867
1.815186 2.055908 0
1 -0.000977 -0.000001
0 0 0 0
1 0.884216
1.815186 1.889893 1.198242
1 -0.000977 -0.000001
0 0 0 0
0.455933 0.963867
1.815186 1.889893 2.096191
0.999969 0.000981 0.007804
0 0 0 0
0.013245 0.963867
1.815186 2.055908 2.096191
0.999969 0.000981 0.007804
0 0 0 0
0.013367 0.884216
1.806152 2.055908 2.122803
0.948184 0.001122 0.31772
0 0 0 0
0.000061 0.884216
1.806152 1.889893 2.122803
0.948184 0.001122 0.31772
0 0 0 0
0.000061 0.963867
1.806152 3.085205 2.122803
0.948184 0.001122 0.31772
0 0 0 0
1 0.999756
1.815186 4.121826 2.096191
0.999969 0.000981 0.007804
0 0 0 0
0.986877 0.494873
1.806152 4.121826 2.122803
0.948184 0.001122 0.31772
0 0 0 0
1 0.494873
1.815186 3.085205 2.096191
0.999969 0.000981 0.007804
0 0 0 0
0.986877 0.999756
1.815186 4.121826 1.198242
1 0.000978 -0.000001
0 0 0 0
0.547241 0.494873
1.815186 3.085205 1.198242
1 0.000978 -0.000001
0 0 0 0
0.547241 0.999756
1.815186 4.121826 0
1 0.000978 -0.000001
0 0 0 0
0.000061 0.494873
1.815186 3.085205 0
1 0.000978 -0.000001
0 0 0 0
0.000061 0.999756
1.102783 0.72876 1.198242
0.000978 -1 -0.000001
0 0 0 0
0.793762 0.999756
1.102783 0.72876 0
0.000978 -1 0.000001
0 0 0 0
0.222107 0.999756
1.815186 0.72876 0
0.000978 -1 0.000001
0 0 0 0
0.222107 0.660034
1.815186 0.72876 1.198242
0.000978 -1 -0.000001
0 0 0 0
0.793762 0.660034
1.102783 0.324707 1.198242
0.999474 0.032304 0.002866
0 0 0 0
-0.145569 0.999756
1.102783 0.324707 0
0.997007 0.077295 0.001841
0 0 0 0
-0.721069 0.999756
1.102783 0.72876 0
1 -0.000977 -0.000001
0 0 0 0
-0.720581 0.807373
1.102783 0.72876 1.198242
1 -0.000977 -0.000001
0 0 0 0
-0.145569 0.807373
1.134521 0.307861 1.149902
0.595765 0.803157 0.001535
0 0 0 0
0.58905 0.182556
1.102783 0.324707 0
0.997007 0.077295 0.001841
0 0 0 0
0 0.168091
1.102783 0.324707 1.198242
0.999474 0.032304 0.002866
0 0 0 0
0.613708 0.168091
1.137939 0.307861 0
0.649094 0.760702 0.003087
0 0 0 0
0 0.182556
1.134766 0.296875 0
0.987858 -0.15536 -0.000834
0 0 0 0
0 0.19751
1.134766 0.297607 1.151611
0.987806 -0.15566 0.003026
0 0 0 0
0.589844 0.19751
0.97998 0 1.200195
1 0.000978 -0.000001
0 0 0 0
0 0.999756
0.97998 0 0
1 0.000978 -0.000001
0 0 0 0
-0.572449 0.999756
0.97998 0.2771 0
1 0.000978 -0.000001
0 0 0 0
-0.572449 0.867676
0.97998 0.2771 1.200195
1 0.000978 -0.000001
0 0 0 0
0 0.867676
0.97998 0.2771 0
0.130176 -0.991488 -0.002552
0 0 0 0
0.595032 0.911438
1.134766 0.296875 0
0.130176 -0.991488 -0.002552
0 0 0 0
0.548157 0.992859
1.134766 0.297607 1.151611
0.130176 -0.991488 0.002552
0 0 0 0
0.000061 0.992859
0.97998 0.2771 1.200195
0.130176 -0.991488 0.002552
0 0 0 0
0.000061 0.911438
0.881836 0.777832 2.131836
0.001221 0.828859 0.559456
0 0 0 0
-0.451355 0.168091
0 0.777832 2.131836
0.00122 0.830608 0.556857
0 0 0 0
-0.852905 0.168091
0 0.763184 2.153809
0.001327 0.537494 0.843267
0 0 0 0
-0.852905 0.182556
0.886719 0.763184 2.153809
-0.001321 0.563996 0.825776
0 0 0 0
-0.451355 0.182556
1.779541 0.777832 2.131836
0.003662 0.828857 0.559448
0 0 0 0
-0.013184 0.168091
1.813232 0.76001 2.157715
0.009423 0.442894 0.896525
0 0 0 0
-0.013184 0.182556
1.806152 0.777832 2.122803
0.159745 0.892004 0.42286
0 0 0 0
0 0.168091
1.83252 0.76001 2.14917
0.255712 0.734705 0.628347
0 0 0 0
0 0.182556
1.83252 0.746582 2.14917
0.255712 -0.734705 0.628347
0 0 0 0
0 0.19751
1.813232 0.746582 2.157715
0.009426 -0.440347 0.897778
0 0 0 0
-0.013184 0.19751
1.806152 0.72876 2.122803
0.159745 -0.892004 0.42286
0 0 0 0
0 0.211853
1.779541 0.72876 2.131836
0.003662 -0.828857 0.559448
0 0 0 0
-0.013184 0.211853
0.886719 0.743408 2.153809
-0.001321 -0.563996 0.825776
0 0 0 0
-0.451355 0.19751
0.881836 0.72876 2.131836
0.001221 -0.828859 0.559456
0 0 0 0
-0.451355 0.211853
0 0.743408 2.153809
0.001327 -0.537494 0.843267
0 0 0 0
-0.852905 0.19751
0 0.72876 2.131836
0.00122 -0.830607 0.556857
0 0 0 0
-0.852905 0.211853
0 1.841064 2.131836
0.001382 -0.001382 0.999998
0 0 0 0
-0.85968 0.494873
0 0.777832 2.131836
0.001382 -0.001382 0.999998
0 0 0 0
-0.85968 0.999756
0.881836 0.777832 2.131836
-0.001382 -0.001382 0.999998
0 0 0 0
-0.452759 0.999756
0.881836 1.841064 2.131836
-0.001382 -0.001382 0.999998
0 0 0 0
-0.452759 0.494873
1.779541 0.777832 2.131836
0.009677 -0.001382 0.999952
0 0 0 0
-0.013123 0.999756
1.779541 1.841064 2.131836
0.009677 -0.001382 0.999952
0 0 0 0
-0.013123 0.494873
1.806152 0.777832 2.122803
0.315242 -0.001365 0.94901
0 0 0 0
0 0.999756
1.806152 1.841064 2.122803
0.315242 -0.001365 0.94901
0 0 0 0
0 0.494873
0 1.855713 2.153809
0.001327 -0.537494 0.843267
0 0 0 0
-0.852905 0.19751
0 1.841064 2.131836
0.00122 -0.830607 0.556857
0 0 0 0
-0.852905 0.211853
0.881836 1.841064 2.131836
0.00122 -0.830607 0.556857
0 0 0 0
-0.451355 0.211853
0.886719 1.855713 2.153809
-0.001326 -0.542344 0.840155
0 0 0 0
-0.451355 0.19751
1.779541 1.841064 2.131836
0.003656 -0.832347 0.554243
0 0 0 0
-0.013184 0.211853
1.797119 1.856201 2.154541
0.012099 -0.45305 0.891403
0 0 0 0
-0.013184 0.19751
1.806152 1.841064 2.122803
0.169311 -0.867865 0.467059
0 0 0 0
0 0.211853
1.826416 1.856201 2.143066
0.296163 -0.549272 0.781401
0 0 0 0
0 0.19751
1.797119 1.874756 2.154541
0.012099 0.45305 0.891403
0 0 0 0
-0.013184 0.182556
1.826416 1.874756 2.143066
0.296163 0.549272 0.781401
0 0 0 0
0 0.182556
1.806152 1.889893 2.122803
0.169311 0.867865 0.467059
0 0 0 0
0 0.168091
1.779541 1.889893 2.131836
0.003656 0.832347 0.554243
0 0 0 0
-0.013184 0.168091
0.886719 1.875244 2.153809
-0.001326 0.542344 0.840155
0 0 0 0
-0.451355 0.182556
0.881836 1.889893 2.131836
0.00122 0.830608 0.556857
0 0 0 0
-0.451355 0.168091
0 1.875244 2.153809
0.001327 0.537494 0.843267
0 0 0 0
-0.852905 0.182556
0 1.889893 2.131836
0.00122 0.830608 0.556857
0 0 0 0
-0.852905 0.168091
3.449219 3.486084 0.179199
0.507623 0.081273 0.857737
0 0 0 0
0.418884 0.850403
3.453613 3.428711 0.179199
0.512913 0.041299 0.857447
0 0 0 0
0.405396 0.875488
3.387451 3.476318 0.204834
0.26436 0.042462 0.963489
0 0 0 0
0.387329 0.832581
3.391113 3.428711 0.204834
0.269781 0.023281 0.96264
0 0 0 0
0.374329 0.852478
3.323975 3.428711 0.213867
0.0235 0.001382 0.999723
0 0 0 0
0.346497 0.827881
3.31543 3.472168 0.213867
0.006912 -0.001382 0.999975
0 0 0 0
0.357361 0.808655
3.25708 3.428711 0.204834
-0.242807 -0.037038 0.969367
0 0 0 0
0.320801 0.803406
3.251709 3.468262 0.204834
-0.237315 -0.064473 0.969291
0 0 0 0
0.33197 0.786865
3.194336 3.428711 0.179199
-0.445174 -0.065902 0.893016
0 0 0 0
0.295593 0.780334
3.189209 3.461914 0.179199
-0.428553 -0.162555 0.888773
0 0 0 0
0.304443 0.765808
3.140869 3.428711 0.137939
-0.534232 -0.263835 0.803111
0 0 0 0
0.269043 0.759644
3.16748 3.497314 0.179199
-0.35269 -0.312459 0.882031
0 0 0 0
0.308533 0.744446
3.122314 3.439453 0.127441
-0.508248 -0.305999 0.805014
0 0 0 0
0.263916 0.749207
3.107178 3.458008 0.126953
-0.400145 -0.444751 0.801299
0 0 0 0
0.264648 0.737488
3.099121 3.481689 0.137939
-0.354819 -0.493604 0.794014
0 0 0 0
0.271973 0.726257
3.12793 3.527588 0.179199
-0.213633 -0.404425 0.88927
0 0 0 0
0.305298 0.718689
3.099121 3.5354 0.178955
-0.109075 -0.426873 0.897709
0 0 0 0
0.29834 0.7052
3.151855 3.585205 0.204834
-0.089235 -0.215537 0.97241
0 0 0 0
0.336548 0.704895
3.099121 3.5979 0.205078
-0.050831 -0.215686 0.975139
0 0 0 0
0.323059 0.68103
3.1604 3.654053 0.213867
0.004147 0.009677 0.999945
0 0 0 0
0.364807 0.682678
3.099121 3.665039 0.213867
-0.001382 -0.001382 0.999998
0 0 0 0
0.349365 0.655273
3.134766 3.729004 0.204834
0.045192 0.267041 0.962625
0 0 0 0
0.386658 0.645386
3.099121 3.731934 0.205078
0.025933 0.312555 0.949546
0 0 0 0
0.377197 0.630432
3.144531 3.790771 0.179199
0.086591 0.507557 0.857256
0 0 0 0
0.418152 0.627441
3.099121 3.794434 0.178955
0.041283 0.515372 0.855971
0 0 0 0
0.407471 0.607666
3.152832 3.84375 0.137939
0.11844 0.706822 0.697405
0 0 0 0
0.451538 0.612122
3.099121 3.848389 0.137939
0.057272 0.716542 0.695189
0 0 0 0
0.441406 0.587646
3.15918 3.884521 0.084229
0.142111 0.858636 0.492492
0 0 0 0
0.486816 0.600464
3.099121 3.889404 0.084229
0.070438 0.867943 0.491643
0 0 0 0
0.478821 0.57196
3.16333 3.910156 0.021729
0.158787 0.953815 0.254998
0 0 0 0
0.523376 0.593079
3.099121 3.915527 0.021729
0.077705 0.964201 0.25353
0 0 0 0
0.518982 0.561829
3.237549 3.892334 0.021729
0.299095 0.919198 0.25616
0 0 0 0
0.526978 0.629761
3.229736 3.867676 0.084229
0.268718 0.827653 0.492729
0 0 0 0
0.493408 0.634888
3.217041 3.828369 0.137939
0.220357 0.681451 0.697902
0 0 0 0
0.460266 0.643127
3.200439 3.777344 0.179199
0.15855 0.488974 0.857768
0 0 0 0
0.427734 0.654175
3.181152 3.718018 0.204834
0.080853 0.248042 0.965369
0 0 0 0
0.395935 0.667542
3.225098 3.699707 0.204834
0.127264 0.250423 0.959735
0 0 0 0
0.402283 0.690735
3.253418 3.755371 0.179199
0.233197 0.457066 0.858318
0 0 0 0
0.434143 0.681885
3.265869 3.674805 0.204834
0.16023 0.217749 0.962763
0 0 0 0
0.406067 0.714722
3.210449 3.630127 0.213867
0.004147 0.006912 0.999968
0 0 0 0
0.37207 0.710449
3.187012 3.566162 0.204834
-0.130489 -0.182684 0.974474
0 0 0 0
0.341553 0.725342
3.21582 3.538818 0.204834
-0.147207 -0.127946 0.980796
0 0 0 0
0.342102 0.746704
3.238525 3.505859 0.204834
-0.19917 -0.103019 0.974535
0 0 0 0
0.339355 0.767761
3.30542 3.519287 0.213867
0.012442 0.004147 0.999914
0 0 0 0
0.368286 0.786987
3.376221 3.522705 0.204834
0.26687 0.083482 0.96011
0 0 0 0
0.396667 0.810669
3.435791 3.541992 0.179199
0.488974 0.15855 0.857768
0 0 0 0
0.428467 0.823669
3.35791 3.566895 0.204834
0.239664 0.124625 0.962824
0 0 0 0
0.402954 0.787476
3.266602 3.582275 0.213867
0.006912 0.006912 0.999952
0 0 0 0
0.374512 0.749084
3.302002 3.643799 0.204834
0.187635 0.193113 0.963068
0 0 0 0
0.40741 0.739075
3.346436 3.687988 0.179199
0.363714 0.363714 0.857569
0 0 0 0
0.439209 0.738892
3.333008 3.607422 0.204834
0.220478 0.157484 0.962594
0 0 0 0
0.406372 0.763428
3.413818 3.595215 0.179199
0.457066 0.233197 0.858318
0 0 0 0
0.434692 0.795898
3.486816 3.558594 0.137939
0.681451 0.220357 0.697902
0 0 0 0
0.460938 0.834351
3.526123 3.571533 0.084229
0.827653 0.268718 0.492729
0 0 0 0
0.494019 0.842346
3.550537 3.579346 0.021729
0.919198 0.299095 0.25616
0 0 0 0
0.527527 0.847229
3.559082 3.582275 -0.04541
0.950811 0.309771 -0.000658
0 0 0 0
0.561279 0.848816
3.52124 3.649902 0.021729
0.861663 0.439043 0.254517
0 0 0 0
0.529663 0.810852
3.498291 3.638428 0.084229
0.775131 0.395329 0.492836
0 0 0 0
0.498108 0.8078
3.461426 3.619629 0.137939
0.638167 0.324815 0.698025
0 0 0 0
0.466492 0.802734
3.383789 3.644287 0.179199
0.416958 0.302394 0.857149
0 0 0 0
0.438171 0.767517
3.427002 3.675781 0.137939
0.579481 0.421557 0.697489
0 0 0 0
0.469482 0.770813
3.460449 3.700195 0.084229
0.703425 0.512342 0.492645
0 0 0 0
0.500366 0.773193
3.481201 3.715332 0.021729
0.782708 0.568148 0.254119
0 0 0 0
0.530823 0.774597
3.41333 3.755127 0.084229
0.61515 0.61515 0.493134
0 0 0 0
0.500977 0.738586
3.384277 3.72583 0.137939
0.505808 0.505808 0.698797
0 0 0 0
0.470398 0.738708
3.30249 3.725342 0.179199
0.302394 0.416958 0.857149
0 0 0 0
0.437927 0.710266
3.333984 3.768799 0.137939
0.421557 0.579481 0.697489
0 0 0 0
0.469238 0.706665
3.358398 3.802246 0.084229
0.512342 0.703425 0.492645
0 0 0 0
0.500122 0.704041
3.431641 3.773438 0.021729
0.684012 0.684012 0.253485
0 0 0 0
0.531128 0.738525
3.488525 3.720459 -0.04541
0.808947 0.58788 0.001337
0 0 0 0
0.561096 0.775085
3.437988 3.779785 -0.04541
0.707106 0.707106 0.001023
0 0 0 0
0.561035 0.738403
3.431641 3.773438 -0.112549
0.684012 0.684012 -0.253485
0 0 0 0
0.590942 0.738403
3.481201 3.715332 -0.112549
0.782708 0.568148 -0.254119
0 0 0 0
0.591431 0.774475
3.41333 3.755127 -0.175049
0.61515 0.61515 -0.493134
0 0 0 0
0.621094 0.738342
3.460449 3.700195 -0.175049
0.703425 0.512342 -0.492645
0 0 0 0
0.621887 0.772949
3.427002 3.675781 -0.228516
0.579481 0.421557 -0.697489
0 0 0 0
0.65271 0.770447
3.384277 3.72583 -0.228516
0.505808 0.505808 -0.698797
0 0 0 0
0.651733 0.738342
3.346436 3.687988 -0.27002
0.363714 0.363714 -0.857569
0 0 0 0
0.682861 0.738342
3.383789 3.644287 -0.27002
0.416958 0.302394 -0.857149
0 0 0 0
0.684021 0.767029
3.333008 3.607422 -0.295654
0.220478 0.157484 -0.962594
0 0 0 0
0.71582 0.762756
3.302002 3.643799 -0.295654
0.187635 0.193113 -0.963068
0 0 0 0
0.714722 0.738464
3.266602 3.582275 -0.304688
0.006912 0.006912 -0.999952
0 0 0 0
0.74762 0.748352
3.210449 3.630127 -0.304688
0.004147 0.006912 -0.999968
0 0 0 0
0.749878 0.709656
3.265869 3.674805 -0.295654
0.16023 0.217749 -0.962763
0 0 0 0
0.715881 0.714111
3.30249 3.725342 -0.27002
0.302394 0.416958 -0.857149
0 0 0 0
0.684082 0.709717
3.333984 3.768799 -0.228516
0.421557 0.579481 -0.697489
0 0 0 0
0.65271 0.706238
3.358398 3.802246 -0.175049
0.512342 0.703425 -0.492645
0 0 0 0
0.621826 0.703735
3.373535 3.822998 -0.112549
0.568148 0.782708 -0.254119
0 0 0 0
0.591309 0.702271
3.296631 3.840088 -0.175049
0.395329 0.775131 -0.492836
0 0 0 0
0.624146 0.669189
3.30835 3.863037 -0.112549
0.439043 0.861663 -0.254517
0 0 0 0
0.592468 0.666016
3.229736 3.867676 -0.175049
0.268718 0.827653 -0.492729
0 0 0 0
0.628235 0.634583
3.217041 3.828369 -0.228516
0.220357 0.681451 -0.697902
0 0 0 0
0.661438 0.6427
3.200439 3.777344 -0.27002
0.15855 0.488974 -0.857768
0 0 0 0
0.694031 0.653564
3.181152 3.718018 -0.295654
0.080853 0.248042 -0.965369
0 0 0 0
0.725891 0.666809
3.225098 3.699707 -0.295654
0.127264 0.250423 -0.959735
0 0 0 0
0.719604 0.690063
3.187012 3.566162 -0.295654
-0.130489 -0.182684 -0.974474
0 0 0 0
0.780457 0.724426
3.21582 3.538818 -0.295654
-0.147207 -0.127946 -0.980796
0 0 0 0
0.780029 0.74585
3.238525 3.505859 -0.295654
-0.19917 -0.103019 -0.974535
0 0 0 0
0.782837 0.766846
3.30542 3.519287 -0.304688
0.012442 0.004147 -0.999914
0 0 0 0
0.754028 0.786255
3.376221 3.522705 -0.295654
0.26687 0.083482 -0.96011
0 0 0 0
0.725708 0.809998
3.435791 3.541992 -0.27002
0.488974 0.15855 -0.857768
0 0 0 0
0.69397 0.82312
3.486816 3.558594 -0.228516
0.681451 0.220357 -0.697902
0 0 0 0
0.661499 0.833984
3.526123 3.571533 -0.175049
0.827653 0.268718 -0.492729
0 0 0 0
0.628479 0.842041
3.550537 3.579346 -0.112549
0.919198 0.299095 -0.25616
0 0 0 0
0.594971 0.847107
3.52124 3.649902 -0.112549
0.861663 0.439043 -0.254517
0 0 0 0
0.592712 0.81073
3.529297 3.654053 -0.04541
0.890681 0.454629 0.000366
0 0 0 0
0.561218 0.811829
3.498291 3.638428 -0.175049
0.775131 0.395329 -0.492836
0 0 0 0
0.624268 0.807495
3.461426 3.619629 -0.228516
0.638167 0.324815 -0.698025
0 0 0 0
0.655884 0.802368
3.413818 3.595215 -0.27002
0.457066 0.233197 -0.858318
0 0 0 0
0.687622 0.79541
3.35791 3.566895 -0.295654
0.239664 0.124625 -0.962824
0 0 0 0
0.71936 0.786804
3.253418 3.755371 -0.27002
0.233197 0.457066 -0.858318
0 0 0 0
0.687683 0.681335
3.277832 3.803223 -0.228516
0.324815 0.638167 -0.698025
0 0 0 0
0.655884 0.674316
3.3125 3.87085 -0.04541
0.454629 0.890681 -0.000366
0 0 0 0
0.560913 0.665039
3.378662 3.830322 -0.04541
0.58788 0.808947 0.001337
0 0 0 0
0.560974 0.701782
3.373535 3.822998 0.021729
0.568148 0.782708 0.254119
0 0 0 0
0.53064 0.702393
3.296631 3.840088 0.084229
0.395329 0.775131 0.492836
0 0 0 0
0.497681 0.669434
3.30835 3.863037 0.021729
0.439043 0.861663 0.254517
0 0 0 0
0.529297 0.666199
3.277832 3.803223 0.137939
0.324815 0.638167 0.698025
0 0 0 0
0.466003 0.674744
3.07373 0.953369 -0.112549
-0.966052 -0.001097 -0.258346
0 0 0 0
0.097107 0.993042
3.064697 0.953369 -0.04541
-1 -0.000977 0.000001
0 0 0 0
0.063232 0.993042
3.064697 1.915771 -0.04541
-1 -0.000977 0.000001
0 0 0 0
0.063232 0.511475
3.07373 1.915771 -0.112549
-0.966052 -0.001097 -0.258346
0 0 0 0
0.097107 0.511475
3.099365 0.953369 -0.175049
-0.865729 -0.001197 -0.500511
0 0 0 0
0.130981 0.993042
3.099365 1.915771 -0.175049
-0.865729 -0.001197 -0.500511
0 0 0 0
0.130981 0.511475
3.140869 0.953369 -0.228516
-0.706425 0.001277 -0.707786
0 0 0 0
0.164856 0.993042
3.140869 1.915771 -0.228516
-0.706425 -0.001277 -0.707786
0 0 0 0
0.164856 0.511475
3.194336 0.953369 -0.27002
-0.500689 0.001335 -0.865626
0 0 0 0
0.198669 0.993042
3.194336 1.915771 -0.27002
-0.500689 0.001335 -0.865626
0 0 0 0
0.198669 0.511475
3.25708 0.953369 -0.295654
-0.259038 0.001371 -0.965866
0 0 0 0
0.232544 0.993042
3.25708 1.915771 -0.295654
-0.259038 0.001371 -0.965866
0 0 0 0
0.232544 0.511475
3.323975 0.953369 -0.304688
0.001382 0.001382 -0.999998
0 0 0 0
0.266418 0.993042
3.323975 1.915771 -0.304688
0.001382 0.001382 -0.999998
0 0 0 0
0.266418 0.511475
3.391113 0.953369 -0.295654
0.259038 0.001371 -0.965866
0 0 0 0
0.300293 0.993042
3.391113 1.915771 -0.295654
0.259038 0.001371 -0.965866
0 0 0 0
0.300293 0.511475
0.881836 2.104736 2.131836
0.00122 0.830608 0.556857
0 0 0 0
-0.451355 0.168091
0 2.104736 2.131836
0.00122 0.830608 0.556857
0 0 0 0
-0.852905 0.168091
0 2.090088 2.153809
0.001327 0.537494 0.843267
0 0 0 0
-0.852905 0.182556
0.886719 2.090088 2.153809
-0.001326 0.542344 0.840155
0 0 0 0
-0.451355 0.182556
1.779541 2.104736 2.131836
0.003656 0.832347 0.554243
0 0 0 0
-0.013184 0.168091
1.797119 2.0896 2.154541
0.012099 0.45305 0.891403
0 0 0 0
-0.013184 0.182556
1.806152 2.104736 2.122803
0.169311 0.867865 0.467059
0 0 0 0
0 0.168091
1.826416 2.0896 2.143066
0.296163 0.549272 0.781401
0 0 0 0
0 0.182556
1.826416 2.071045 2.143066
0.296163 -0.549272 0.781401
0 0 0 0
0 0.19751
1.797119 2.071045 2.154541
0.012099 -0.45305 0.891403
0 0 0 0
-0.013184 0.19751
0.886719 2.070557 2.153809
-0.001326 -0.542344 0.840155
0 0 0 0
-0.451355 0.19751
0 2.070557 2.153809
0.001327 -0.537494 0.843267
0 0 0 0
-0.852905 0.19751
0.881836 2.055908 2.131836
0.00122 -0.830607 0.556857
0 0 0 0
-0.451355 0.211853
0 2.055908 2.131836
0.00122 -0.830607 0.556857
0 0 0 0
-0.852905 0.211853
1.779541 2.055908 2.131836
0.003656 -0.832347 0.554243
0 0 0 0
-0.013184 0.211853
1.806152 2.055908 2.122803
0.169311 -0.867865 0.467059
0 0 0 0
0 0.211853
0 3.036377 2.131836
0.001382 0.001382 0.999998
0 0 0 0
-0.864807 0.552246
0 2.104736 2.131836
0.001382 0.001382 0.999998
0 0 0 0
-0.864807 0.999756
0.881836 2.104736 2.131836
0.001382 -0.001382 0.999998
0 0 0 0
-0.455444 0.999756
0.881836 3.036377 2.131836
0.001382 -0.001382 0.999998
0 0 0 0
-0.455444 0.552246
1.779541 3.036377 2.131836
0.009677 -0.001382 0.999952
0 0 0 0
-0.013184 0.552246
1.779541 2.104736 2.131836
0.009677 -0.001382 0.999952
0 0 0 0
-0.013184 0.999756
1.806152 3.036377 2.122803
0.315242 0.001365 0.94901
0 0 0 0
0 0.552246
1.806152 2.104736 2.122803
0.315242 0.001365 0.94901
0 0 0 0
0 0.999756
0 3.051025 2.153809
0.001327 -0.537494 0.843267
0 0 0 0
-0.852905 0.19751
0 3.036377 2.131836
0.00122 -0.830607 0.556857
0 0 0 0
-0.852905 0.211853
0.881836 3.036377 2.131836
0.00122 -0.830607 0.556857
0 0 0 0
-0.451355 0.211853
0.886719 3.051025 2.153809
-0.001326 -0.542344 0.840155
0 0 0 0
-0.451355 0.19751
1.779541 3.036377 2.131836
0.003656 -0.832347 0.554243
0 0 0 0
-0.013184 0.211853
1.804443 3.051514 2.154541
0.01486 -0.414724 0.909826
0 0 0 0
-0.013184 0.19751
1.806152 3.036377 2.122803
0.181518 -0.881824 0.435244
0 0 0 0
0 0.211853
1.826416 3.051514 2.143066
0.338556 -0.619622 0.70813
0 0 0 0
0 0.19751
1.804443 3.070068 2.154541
0.01486 0.414724 0.909826
0 0 0 0
-0.013184 0.182556
1.826416 3.070068 2.143066
0.338556 0.619622 0.70813
0 0 0 0
0 0.182556
1.806152 3.085205 2.122803
0.181518 0.881824 0.435243
0 0 0 0
0 0.168091
1.779541 3.085205 2.131836
0.003656 0.832347 0.554243
0 0 0 0
-0.013184 0.168091
0.886719 3.070557 2.153809
-0.001326 0.542344 0.840155
0 0 0 0
-0.451355 0.182556
0.881836 3.085205 2.131836
0.00122 0.830608 0.556857
0 0 0 0
-0.451355 0.168091
0 3.070557 2.153809
0.001327 0.537494 0.843267
0 0 0 0
-0.852905 0.182556
0 3.085205 2.131836
0.00122 0.830608 0.556857
0 0 0 0
-0.852905 0.168091
1.779541 1.889893 2.131836
0.009677 0.001382 0.999952
0 0 0 0
0.013245 0.963867
1.806152 1.889893 2.122803
0.315242 0.001365 0.94901
0 0 0 0
0.000061 0.963867
1.806152 2.055908 2.122803
0.315242 0.001365 0.94901
0 0 0 0
0.000061 0.884216
1.779541 2.055908 2.131836
0.009677 0.001382 0.999952
0 0 0 0
0.013367 0.884216
0.881836 2.055908 2.131836
-0.001382 -0.001382 0.999998
0 0 0 0
0.455933 0.884216
0.881836 1.889893 2.131836
-0.001382 -0.001382 0.999998
0 0 0 0
0.455933 0.963867
0 2.055908 2.131836
0.001382 -0.001382 0.999998
0 0 0 0
0.865662 0.884216
0 1.889893 2.131836
0.001382 -0.001382 0.999998
0 0 0 0
0.865662 0.963867
0.881836 4.209961 2.131836
0.001217 0.835812 0.549014
0 0 0 0
-0.448181 0.22406
0 4.209961 2.131836
0.001217 0.835812 0.549014
0 0 0 0
-0.848145 0.22406
0 4.19458 2.155273
0.001318 0.573525 0.819187
0 0 0 0
-0.848145 0.239868
0.884033 4.19458 2.155273
-0.001317 0.578267 0.815846
0 0 0 0
-0.448181 0.239868
1.779541 4.209961 2.131836
0.006083 0.835806 0.548991
0 0 0 0
-0.013062 0.22406
1.792969 4.194092 2.156006
0.014652 0.515484 0.856774
0 0 0 0
-0.013062 0.239868
1.806152 4.209961 2.122803
0.191897 0.852211 0.486736
0 0 0 0
0 0.22406
1.825195 4.194092 2.141846
0.326467 0.547579 0.770439
0 0 0 0
0 0.239868
1.825195 4.177002 2.141846
0.293517 -0.662002 0.689639
0 0 0 0
0 0.25238
1.792969 4.177002 2.156006
0.014462 -0.587687 0.808959
0 0 0 0
-0.013062 0.25238
1.799072 4.161133 2.115723
0.153016 -0.910044 0.385234
0 0 0 0
0 0.267639
1.771973 4.161133 2.125244
0.003541 -0.888846 0.458192
0 0 0 0
-0.013062 0.267639
0.884033 4.176514 2.155273
-0.00129 -0.669719 0.742614
0 0 0 0
-0.448181 0.25238
0.877441 4.161133 2.125244
0.00118 -0.888849 0.458199
0 0 0 0
-0.448181 0.267639
0 4.176514 2.155273
0.001292 -0.66531 0.746566
0 0 0 0
-0.848145 0.25238
0 4.161133 2.125244
0.00118 -0.888849 0.458199
0 0 0 0
-0.848145 0.267639
1.806152 3.085205 2.122803
0.315242 -0.001365 0.94901
0 0 0 0
0 0.999756
1.806152 4.121826 2.122803
0.315242 -0.001365 0.94901
0 0 0 0
0 0.494873
1.779541 4.121826 2.131836
0.009677 0.001382 0.999952
0 0 0 0
-0.013123 0.494873
1.779541 3.085205 2.131836
0.009677 0.001382 0.999952
0 0 0 0
-0.013123 0.999756
0.881836 3.085205 2.131836
0.001382 0.001382 0.999998
0 0 0 0
-0.452759 0.999756
0.881836 4.121826 2.131836
0.001382 0.001382 0.999998
0 0 0 0
-0.452759 0.494873
0 4.121826 2.131836
0.001382 0.001382 0.999998
0 0 0 0
-0.85968 0.494873
0 3.085205 2.131836
0.001382 0.001382 0.999998
0 0 0 0
-0.85968 0.999756
1.779541 0.72876 2.131836
0.009677 -0.001382 0.999952
0 0 0 0
-0.014343 0.807373
1.806152 0.324707 2.122803
0.315112 0.055929 0.947405
0 0 0 0
0 0.999756
1.806152 0.72876 2.122803
0.315242 0.001365 0.94901
0 0 0 0
0 0.807373
1.779541 0.324707 2.131836
0.009673 0.053894 0.9985
0 0 0 0
-0.014343 0.999756
0.881836 0.324707 2.131836
0.001382 0.045608 0.998958
0 0 0 0
-0.450195 0.999756
0.881836 0.72876 2.131836
0.001382 -0.001382 0.999998
0 0 0 0
-0.450195 0.807373
0 0.324707 2.131836
0.001382 0.04837 0.998829
0 0 0 0
-0.87085 0.999756
0 0.72876 2.131836
0.001382 -0.001382 0.999998
0 0 0 0
-0.87085 0.807373
0.881836 0.309326 2.152588
0.001333 0.513039 0.858364
0 0 0 0
-0.472839 0.182556
1.779541 0.324707 2.131836
0.009673 0.053894 0.9985
0 0 0 0
-0.013184 0.168091
0.881836 0.324707 2.131836
0.001382 0.045608 0.998958
0 0 0 0
-0.472839 0.168091
1.789795 0.314209 2.145752
0.014921 0.378443 0.925504
0 0 0 0
-0.013184 0.182556
1.806152 0.324707 2.122803
0.315112 0.055929 0.947405
0 0 0 0
0 0.168091
1.820312 0.314941 2.136963
0.251162 0.385472 0.887879
0 0 0 0
0 0.182556
1.818359 0.298828 2.13501
0.266158 -0.165155 0.949676
0 0 0 0
0 0.19751
1.788818 0.298096 2.142822
0.017885 -0.193985 0.980841
0 0 0 0
-0.013184 0.19751
0.881836 0.297119 2.149902
0.004126 -0.202163 0.979343
0 0 0 0
-0.472839 0.19751
1.643311 0 2.012939
0.020735 -0.001382 0.999784
0 0 0 0
-0.013428 0.999756
1.678711 0 1.995361
0.445443 -0.001346 0.895309
0 0 0 0
0 0.999756
1.678711 0.2771 1.995361
0.445443 -0.001346 0.895309
0 0 0 0
0 0.867676
1.643311 0.2771 2.012939
0.020735 -0.001382 0.999784
0 0 0 0
-0.013428 0.867676
0.883545 0.2771 2.012939
0.001382 -0.001382 0.999998
0 0 0 0
-0.375854 0.867676
0.883545 0 2.012939
0.001382 -0.001382 0.999998
0 0 0 0
-0.375854 0.999756
0 0 2.012939
0.001382 0.001382 0.999998
0 0 0 0
-0.797302 0.999756
0 0.2771 2.012939
0.001382 0.001382 0.999998
0 0 0 0
-0.797302 0.867676
1.788818 0.298096 2.142822
0.007327 -0.989164 0.146632
0 0 0 0
0.499756 0.911438
1.678711 0.2771 1.995361
0.050332 -0.993283 0.104191
0 0 0 0
0.4552 0.992859
1.818359 0.298828 2.13501
0.050332 -0.993283 0.104191
0 0 0 0
0.512024 0.911438
1.643311 0.2771 2.012939
0.003145 -0.988639 0.150279
0 0 0 0
0.442993 0.992859
0.881836 0.297119 2.149902
0.001047 -0.989184 0.146678
0 0 0 0
0.145081 0.911255
0.883545 0.2771 2.012939
0.001047 -0.989184 0.146678
0 0 0 0
0.145081 0.992798
0.881836 0.324707 2.131836
0.001382 0.045608 0.998958
0 0 0 0
0.623901 0.168091
0 0.324707 2.131836
0.001382 0.04837 0.998829
0 0 0 0
0.177612 0.168091
0 0.309326 2.152588
0.001324 0.552003 0.833841
0 0 0 0
0.177612 0.182556
0.881836 0.309326 2.152588
0.001333 0.513039 0.858364
0 0 0 0
0.623779 0.182556
0 0.297119 2.149902
0.001374 -0.213041 0.977042
0 0 0 0
0.177612 0.19751
0.881836 0.297119 2.149902
0.004126 -0.202163 0.979343
0 0 0 0
0.623962 0.19751
0 4.121826 2.131836
0.001378 0.16395 0.986468
0 0 0 0
-0.848145 0.288269
0.877441 4.161133 2.125244
-0.001378 0.16395 0.986468
0 0 0 0
-0.448181 0.267639
0 4.161133 2.125244
0.001378 0.16395 0.986468
0 0 0 0
-0.848145 0.267639
0.881836 4.121826 2.131836
-0.001378 0.16395 0.986468
0 0 0 0
-0.448181 0.28833
1.771973 4.161133 2.125244
0.006888 0.166686 0.985986
0 0 0 0
-0.013062 0.267639
1.779541 4.121826 2.131836
0.012398 0.166683 0.985933
0 0 0 0
-0.013062 0.28833
1.799072 4.161133 2.115723
0.313232 0.218313 0.924243
0 0 0 0
0 0.267639
1.806152 4.121826 2.122803
0.313232 0.218313 0.924243
0 0 0 0
0 0.28833
0 0.2771 2.012939
0.001045 -0.989713 0.143062
0 0 0 0
0.000061 0.992798
0.883545 0.2771 2.012939
0.001047 -0.989184 0.146678
0 0 0 0
0.435669 0.992798
0.881836 0.297119 2.149902
0.001047 -0.989184 0.146678
0 0 0 0
0.435669 0.911255
0 0.297119 2.149902
0.001045 -0.989713 0.143062
0 0 0 0
0.000061 0.911316
-1.815186 0.777832 1.198242
-0.558079 0.829788 -0.000299
0 0 0 0
0.548645 0.168091
-1.815186 0.777832 0
-0.55673 0.830692 0.001879
0 0 0 0
0 0.168091
-1.837158 0.763184 0
-0.842288 0.539025 0.001536
0 0 0 0
0 0.182556
-1.837158 0.763184 1.203369
-0.830692 0.55673 -0.00188
0 0 0 0
0.548645 0.182556
-1.815186 0.777832 2.096191
-0.558983 0.829174 0.002942
0 0 0 0
0.986816 0.168091
-1.841064 0.76001 2.133057
-0.903791 0.427801 0.012176
0 0 0 0
0.986816 0.182556
-1.806152 0.777832 2.122803
-0.408298 0.897834 0.164887
0 0 0 0
1 0.168091
-1.83252 0.76001 2.14917
-0.588803 0.762692 0.267604
0 0 0 0
1 0.182556
-1.83252 0.746582 2.14917
-0.588803 -0.762692 0.267604
0 0 0 0
1 0.19751
-1.841064 0.746582 2.133057
-0.903791 -0.427801 0.012176
0 0 0 0
0.986816 0.19751
-1.806152 0.72876 2.122803
-0.408298 -0.897834 0.164887
0 0 0 0
1 0.211853
-1.815186 0.72876 2.096191
-0.558983 -0.829174 0.002942
0 0 0 0
0.986816 0.211853
-1.837158 0.743408 1.203369
-0.830692 -0.55673 -0.00188
0 0 0 0
0.548645 0.19751
-1.815186 0.72876 1.198242
-0.558079 -0.829788 -0.000299
0 0 0 0
0.548645 0.211853
-1.837158 0.743408 0
-0.842288 -0.539025 0.001536
0 0 0 0
0 0.19751
-1.815186 0.72876 0
-0.55673 -0.830692 0.00188
0 0 0 0
0 0.211853
-1.815186 0.777832 1.198242
-1 0.000978 -0.000001
0 0 0 0
0.547241 0.999756
-1.815186 1.841064 0
-1 0.000978 -0.000001
0 0 0 0
0.000061 0.494873
-1.815186 0.777832 0
-1 0.000978 -0.000001
0 0 0 0
0.000061 0.999756
-1.815186 1.841064 1.198242
-1 0.000978 -0.000001
0 0 0 0
0.547241 0.494873
-1.815186 1.841064 2.096191
-0.999969 0.000981 0.007804
0 0 0 0
0.986877 0.494873
-1.815186 0.777832 2.096191
-0.999969 0.000981 0.007804
0 0 0 0
0.986877 0.999756
-1.806152 0.777832 2.122803
-0.948184 0.001122 0.31772
0 0 0 0
1 0.999756
-1.806152 1.841064 2.122803
-0.948184 0.001122 0.31772
0 0 0 0
1 0.494873
-1.815186 1.841064 1.198242
-0.55673 -0.830692 0.00188
0 0 0 0
0.548645 0.211853
-1.837158 1.855713 0
-0.842288 -0.539025 0.001536
0 0 0 0
0 0.19751
-1.815186 1.841064 0
-0.55673 -0.830692 0.00188
0 0 0 0
0 0.211853
-1.837158 1.855713 1.203369
-0.842288 -0.539025 -0.001536
0 0 0 0
0.548645 0.19751
-1.815186 1.841064 2.096191
-0.555374 -0.831591 0.004051
0 0 0 0
0.986816 0.211853
-1.837891 1.856201 2.11377
-0.890963 -0.45385 0.014317
0 0 0 0
0.986816 0.19751
-1.806152 1.841064 2.122803
-0.468085 -0.867489 0.168403
0 0 0 0
1 0.211853
-1.826416 1.856201 2.143066
-0.782171 -0.548521 0.295521
0 0 0 0
1 0.19751
-1.837891 1.874756 2.11377
-0.890963 0.45385 0.014317
0 0 0 0
0.986816 0.182556
-1.826416 1.874756 2.143066
-0.782171 0.548521 0.295521
0 0 0 0
1 0.182556
-1.806152 1.889893 2.122803
-0.468085 0.867489 0.168403
0 0 0 0
1 0.168091
-1.815186 1.889893 2.096191
-0.555374 0.831591 0.00405
0 0 0 0
0.986816 0.168091
-1.837158 1.875244 1.203369
-0.842288 0.539025 -0.001536
0 0 0 0
0.548645 0.182556
-1.815186 1.889893 1.198242
-0.55673 0.830692 0.001879
0 0 0 0
0.548645 0.168091
-1.837158 1.875244 0
-0.842288 0.539025 0.001536
0 0 0 0
0 0.182556
-1.815186 1.889893 0
-0.55673 0.830692 0.001879
0 0 0 0
0 0.168091
-1.808594 4.161133 1.194092
-0.458518 -0.888685 0.000274
0 0 0 0
0.551819 0.267639
-1.838623 4.176514 0
-0.746059 -0.66588 -0.000572
0 0 0 0
0 0.25238
-1.808594 4.161133 0
-0.458518 -0.888685 -0.000274
0 0 0 0
0 0.267639
-1.838623 4.176514 1.200684
-0.746059 -0.66588 -0.000572
0 0 0 0
0.551819 0.25238
-1.808594 4.161133 2.088623
-0.457762 -0.889058 0.005534
0 0 0 0
0.986938 0.267639
-1.839355 4.177002 2.109619
-0.809398 -0.587133 0.012222
0 0 0 0
0.986938 0.25238
-1.799072 4.161133 2.115723
-0.385222 -0.910047 0.153031
0 0 0 0
1 0.267639
-1.825195 4.177002 2.141846
-0.690323 -0.66142 0.29322
0 0 0 0
1 0.25238
-1.839355 4.194092 2.109619
-0.857238 0.514737 0.013721
0 0 0 0
0.986938 0.239868
-1.825195 4.194092 2.141846
-0.77077 0.547978 0.325012
0 0 0 0
1 0.239868
-1.806152 4.209961 2.122803
-0.487406 0.85216 0.190419
0 0 0 0
1 0.22406
-1.815186 4.209961 2.096191
-0.549486 0.835493 0.004012
0 0 0 0
0.986938 0.22406
-1.838623 4.19458 1.200684
-0.817806 0.575493 0.000918
0 0 0 0
0.551819 0.239868
-1.815186 4.209961 1.198242
-0.550855 0.834599 0.001864
0 0 0 0
0.551819 0.22406
-1.838623 4.19458 0
-0.819641 0.572867 0.003569
0 0 0 0
0 0.239868
-1.815186 4.209961 0
-0.550855 0.834599 0.001864
0 0 0 0
0 0.22406
-1.808594 4.161133 1.194092
-0.986578 0.163289 0.000534
0 0 0 0
0.551819 0.267639
-1.808594 4.161133 0
-0.986578 0.163289 0.000534
0 0 0 0
0 0.267639
-1.815186 4.121826 0
-0.986578 0.163289 0.000534
0 0 0 0
0 0.28833
-1.815186 4.121826 1.198242
-0.986578 0.163289 0.000534
0 0 0 0
0.551819 0.28833
-1.808594 4.161133 2.088623
-0.986126 0.165826 0.00759
0 0 0 0
0.986938 0.267639
-1.815186 4.121826 2.096191
-0.986036 0.166142 0.011427
0 0 0 0
0.986938 0.28833
-1.799072 4.161133 2.115723
-0.924188 0.218445 0.313301
0 0 0 0
1 0.267639
-1.806152 4.121826 2.122803
-0.924188 0.218445 0.313301
0 0 0 0
1 0.28833
-1.815186 2.104736 1.198242
-0.55673 0.830692 0.001879
0 0 0 0
0.548645 0.168091
-1.815186 2.104736 0
-0.55673 0.830692 0.001879
0 0 0 0
0 0.168091
-1.837158 2.090088 0
-0.842288 0.539025 0.001536
0 0 0 0
0 0.182556
-1.837158 2.090088 1.203369
-0.842288 0.539025 -0.001536
0 0 0 0
0.548645 0.182556
-1.815186 2.104736 2.096191
-0.555374 0.831591 0.00405
0 0 0 0
0.986816 0.168091
-1.837891 2.0896 2.11377
-0.890963 0.45385 0.014317
0 0 0 0
0.986816 0.182556
-1.806152 2.104736 2.122803
-0.468085 0.867489 0.168403
0 0 0 0
1 0.168091
-1.826416 2.0896 2.143066
-0.782171 0.548521 0.295521
0 0 0 0
1 0.182556
-1.826416 2.071045 2.143066
-0.782171 -0.548521 0.295521
0 0 0 0
1 0.19751
-1.837891 2.071045 2.11377
-0.890963 -0.45385 0.014317
0 0 0 0
0.986816 0.19751
-1.837158 2.070557 1.203369
-0.842288 -0.539025 -0.001536
0 0 0 0
0.548645 0.19751
-1.837158 2.070557 0
-0.842288 -0.539025 0.001536
0 0 0 0
0 0.19751
-1.815186 2.055908 1.198242
-0.55673 -0.830692 0.00188
0 0 0 0
0.548645 0.211853
-1.815186 2.055908 0
-0.55673 -0.830692 0.00188
0 0 0 0
0 0.211853
-1.815186 2.055908 2.096191
-0.555374 -0.831591 0.004051
0 0 0 0
0.986816 0.211853
-1.806152 2.055908 2.122803
-0.468085 -0.867489 0.168403
0 0 0 0
1 0.211853
-1.815186 3.036377 1.198242
-1 0.000978 -0.000001
0 0 0 0
0.544556 0.552246
-1.815186 3.036377 0
-1 0.000978 -0.000001
0 0 0 0
0.000061 0.552246
-1.815186 2.104736 0
-1 0.000978 -0.000001
0 0 0 0
0.000061 0.999756
-1.815186 2.104736 1.198242
-1 0.000978 -0.000001
0 0 0 0
0.544556 0.999756
-1.815186 3.036377 2.096191
-0.999969 0.000981 0.007804
0 0 0 0
0.986816 0.552246
-1.815186 2.104736 2.096191
-0.999969 0.000981 0.007804
0 0 0 0
0.986816 0.999756
-1.806152 3.036377 2.122803
-0.948184 0.001122 0.31772
0 0 0 0
1 0.552246
-1.806152 2.104736 2.122803
-0.948184 0.001122 0.31772
0 0 0 0
1 0.999756
-1.815186 3.036377 1.198242
-0.55673 -0.830692 0.00188
0 0 0 0
0.548645 0.211853
-1.837158 3.051025 0
-0.842288 -0.539025 -0.001536
0 0 0 0
0 0.19751
-1.815186 3.036377 0
-0.55673 -0.830692 -0.00188
0 0 0 0
0 0.211853
-1.837158 3.051025 1.203369
-0.842288 -0.539025 -0.001536
0 0 0 0
0.548645 0.19751
-1.815186 3.036377 2.096191
-0.555374 -0.831591 0.004051
0 0 0 0
0.986816 0.211853
-1.837891 3.051514 2.117188
-0.90074 -0.434127 0.014164
0 0 0 0
0.986816 0.19751
-1.806152 3.036377 2.122803
-0.45253 -0.874326 0.175413
0 0 0 0
1 0.211853
-1.826416 3.051514 2.143066
-0.751979 -0.579394 0.314372
0 0 0 0
1 0.19751
-1.837891 3.070068 2.117188
-0.90074 0.434127 0.014164
0 0 0 0
0.986816 0.182556
-1.826416 3.070068 2.143066
-0.751979 0.579394 0.314372
0 0 0 0
1 0.182556
-1.806152 3.085205 2.122803
-0.45253 0.874326 0.175413
0 0 0 0
1 0.168091
-1.815186 3.085205 2.096191
-0.555374 0.831591 0.00405
0 0 0 0
0.986816 0.168091
-1.837158 3.070557 1.203369
-0.842288 0.539025 -0.001536
0 0 0 0
0.548645 0.182556
-1.815186 3.085205 1.198242
-0.55673 0.830692 0.001879
0 0 0 0
0.548645 0.168091
-1.837158 3.070557 0
-0.842288 0.539025 0.001536
0 0 0 0
0 0.182556
-1.815186 3.085205 0
-0.55673 0.830692 0.001879
0 0 0 0
0 0.168091
-1.815186 2.055908 1.198242
-1 -0.000977 -0.000001
0 0 0 0
0.455933 0.884216
-1.815186 2.055908 0
-1 -0.000977 -0.000001
0 0 0 0
1 0.884216
-1.815186 1.889893 0
-1 -0.000977 -0.000001
0 0 0 0
1 0.963867
-1.815186 1.889893 1.198242
-1 -0.000977 -0.000001
0 0 0 0
0.455933 0.963867
-1.815186 1.889893 2.096191
-0.999969 0.000981 0.007804
0 0 0 0
0.013245 0.963867
-1.815186 2.055908 2.096191
-0.999969 0.000981 0.007804
0 0 0 0
0.013367 0.884216
-1.806152 2.055908 2.122803
-0.948184 0.001122 0.31772
0 0 0 0
0.000061 0.884216
-1.806152 1.889893 2.122803
-0.948184 0.001122 0.31772
0 0 0 0
0.000061 0.963867
-1.806152 3.085205 2.122803
-0.948184 0.001122 0.31772
0 0 0 0
1 0.999756
-1.806152 4.121826 2.122803
-0.948184 0.001122 0.31772
0 0 0 0
1 0.494873
-1.815186 4.121826 2.096191
-0.999969 0.000981 0.007804
0 0 0 0
0.986877 0.494873
-1.815186 3.085205 2.096191
-0.999969 0.000981 0.007804
0 0 0 0
0.986877 0.999756
-1.815186 4.121826 1.198242
-1 0.000978 -0.000001
0 0 0 0
0.547241 0.494873
-1.815186 3.085205 1.198242
-1 0.000978 -0.000001
0 0 0 0
0.547241 0.999756
-1.815186 4.121826 0
-1 0.000978 -0.000001
0 0 0 0
0.000061 0.494873
-1.815186 3.085205 0
-1 0.000978 -0.000001
0 0 0 0
0.000061 0.999756
-1.815186 0.324707 2.096191
-0.998396 0.055957 0.008591
0 0 0 0
0.985657 0.999756
-1.806152 0.324707 2.122803
-0.947359 0.054936 0.315427
0 0 0 0
1 0.999756
-1.806152 0.72876 2.122803
-0.948184 0.001122 0.31772
0 0 0 0
1 0.807373
-1.815186 0.72876 2.096191
-0.999969 -0.000981 0.007804
0 0 0 0
0.985657 0.807373
-1.815186 0.72876 1.198242
-1 -0.000977 -0.000001
0 0 0 0
0.549805 0.807373
-1.815186 0.324707 1.198242
-0.998941 0.045985 0.001795
0 0 0 0
0.549805 0.999756
-1.815186 0.324707 0
-0.998754 0.049889 0.001421
0 0 0 0
0.000061 0.999756
-1.815186 0.72876 0
-1 -0.000977 -0.000001
0 0 0 0
0.000061 0.807373
-1.835938 0.309326 1.198242
-0.854366 0.519666 0.002331
0 0 0 0
-0.472839 0.182556
-1.815186 0.324707 2.096191
-0.998396 0.055957 0.008591
0 0 0 0
-0.013184 0.168091
-1.815186 0.324707 1.198242
-0.998941 0.045985 0.001795
0 0 0 0
-0.472839 0.168091
-1.829102 0.314209 2.106689
-0.926799 0.37525 0.015181
0 0 0 0
-0.013184 0.182556
-1.806152 0.324707 2.122803
-0.947359 0.054936 0.315427
0 0 0 0
0 0.168091
-1.820312 0.314941 2.136963
-0.885637 0.388629 0.254196
0 0 0 0
0 0.182556
-1.818359 0.298828 2.13501
-0.948427 -0.166333 0.269851
0 0 0 0
0 0.19751
-1.826172 0.298096 2.105713
-0.981179 -0.192291 0.017657
0 0 0 0
-0.013184 0.19751
-1.833496 0.297119 1.198242
-0.978798 -0.204774 0.004632
0 0 0 0
-0.472839 0.19751
-1.696289 0 1.959961
-0.999728 0.000989 0.023322
0 0 0 0
0.986572 0.999756
-1.678711 0 1.995361
-0.896168 -0.001175 0.443713
0 0 0 0
1 0.999756
-1.678711 0.2771 1.995361
-0.896168 -0.001175 0.443713
0 0 0 0
1 0.867676
-1.696289 0.2771 1.959961
-0.999728 0.000989 0.023322
0 0 0 0
0.986572 0.867676
-1.696289 0 1.200195
-1 0.000978 -0.000001
0 0 0 0
0.624146 0.999756
-1.696289 0.2771 1.200195
-1 0.000978 -0.000001
0 0 0 0
0.624146 0.867676
-1.696289 0 0
-1 0.000978 -0.000001
0 0 0 0
0.051697 0.999756
-1.696289 0.2771 0
-1 0.000978 -0.000001
0 0 0 0
0.051697 0.867676
-1.696289 0.2771 1.959961
-0.14992 -0.988686 0.004815
0 0 0 0
0.389404 0.992859
-1.833496 0.297119 1.198242
-0.147718 -0.989028 0.001536
0 0 0 0
0.145996 0.911316
-1.696289 0.2771 1.200195
-0.147718 -0.989028 0.001536
0 0 0 0
0.147095 0.992859
-1.826172 0.298096 2.105713
-0.146084 -0.989254 0.005969
0 0 0 0
0.436768 0.911316
-1.678711 0.2771 1.995361
-0.105226 -0.993137 0.051048
0 0 0 0
0.401672 0.992859
-1.818359 0.298828 2.13501
-0.105226 -0.993137 0.051048
0 0 0 0
0.449036 0.911316
-0.881836 0.777832 2.131836
-0.001221 0.828859 0.559456
0 0 0 0
-0.451355 0.168091
0 0.763184 2.153809
0.001327 0.537494 0.843267
0 0 0 0
-0.852905 0.182556
0 0.777832 2.131836
0.00122 0.830608 0.556857
0 0 0 0
-0.852905 0.168091
-0.886719 0.763184 2.153809
0.001321 0.563996 0.825776
0 0 0 0
-0.451355 0.182556
-1.779541 0.777832 2.131836
-0.003662 0.828857 0.559448
0 0 0 0
-0.013184 0.168091
-1.813232 0.76001 2.157715
-0.009423 0.442894 0.896525
0 0 0 0
-0.013184 0.182556
3.453613 0.953369 -0.27002
0.500689 0.001335 -0.865626
0 0 0 0
0.334106 0.993042
3.453613 1.915771 -0.27002
0.500689 0.001335 -0.865626
0 0 0 0
0.334106 0.511475
3.507324 0.953369 -0.228516
0.706425 0.001277 -0.707786
0 0 0 0
0.367981 0.993042
3.507324 1.915771 -0.228516
0.706425 0.001277 -0.707786
0 0 0 0
0.367981 0.511475
3.548584 1.915771 -0.175049
0.86573 -0.001197 -0.500511
0 0 0 0
0.401855 0.511475
3.548584 0.953369 -0.175049
0.86573 -0.001197 -0.500511
0 0 0 0
0.401855 0.993042
3.574463 1.915771 -0.112549
0.966052 -0.001097 -0.258346
0 0 0 0
0.43573 0.511475
3.574463 0.953369 -0.112549
0.966052 -0.001097 -0.258346
0 0 0 0
0.43573 0.993042
3.583252 1.915771 -0.04541
1 -0.000977 -0.000001
0 0 0 0
0.469543 0.511475
3.583252 0.953369 -0.04541
1 -0.000977 0.000001
0 0 0 0
0.469543 0.993042
3.574463 0.953369 0.021729
0.966052 -0.001097 0.258346
0 0 0 0
0.503418 0.993042
3.574463 1.915771 0.021729
0.966052 -0.001097 0.258346
0 0 0 0
0.503418 0.511475
3.548584 0.953369 0.084229
0.86573 -0.001197 0.500511
0 0 0 0
0.537292 0.993042
3.548584 1.915771 0.084229
0.86573 -0.001197 0.500511
0 0 0 0
0.537292 0.511475
3.507324 0.953369 0.137939
0.706425 -0.001277 0.707786
0 0 0 0
0.571167 0.993042
3.507324 1.915771 0.137939
0.706425 -0.001277 0.707786
0 0 0 0
0.571167 0.511475
3.453613 0.953369 0.179199
0.500689 0.001335 0.865626
0 0 0 0
0.60498 0.993042
3.453613 1.915771 0.179199
0.500689 0.001335 0.865626
0 0 0 0
0.60498 0.511475
3.391113 0.953369 0.204834
0.259038 0.001371 0.965866
0 0 0 0
0.638855 0.993042
3.391113 1.915771 0.204834
0.259038 0.001371 0.965866
0 0 0 0
0.638855 0.511475
3.323975 1.915771 0.213867
0.001382 0.001382 0.999998
0 0 0 0
0.672729 0.511475
3.323975 0.953369 0.213867
0.001382 0.001382 0.999998
0 0 0 0
0.672729 0.993042
3.25708 0.953369 0.204834
-0.259038 0.001371 0.965866
0 0 0 0
0.706604 0.993042
3.25708 1.915771 0.204834
-0.259038 0.001371 0.965866
0 0 0 0
0.706604 0.511475
3.194336 1.915771 0.179199
-0.500689 0.001335 0.865626
0 0 0 0
0.740479 0.511475
3.194336 0.953369 0.179199
-0.500689 0.001335 0.865626
0 0 0 0
0.740479 0.993042
3.140869 0.953369 0.137939
-0.706425 -0.001277 0.707786
0 0 0 0
0.774292 0.993042
3.140869 1.915771 0.137939
-0.706425 -0.001277 0.707786
0 0 0 0
0.774292 0.511475
3.099365 0.953369 0.084229
-0.865729 -0.001197 0.500511
0 0 0 0
0.808167 0.993042
3.099365 1.915771 0.084229
-0.865729 -0.001197 0.500511
0 0 0 0
0.808167 0.511475
3.07373 1.915771 0.021729
-0.966052 -0.001097 0.258346
0 0 0 0
0.842041 0.511475
3.07373 0.953369 0.021729
-0.966052 -0.001097 0.258346
0 0 0 0
0.842041 0.993042
3.064697 1.915771 -0.04541
-1 -0.000977 0.000001
0 0 0 0
0.875916 0.511475
3.064697 0.953369 -0.04541
-1 -0.000977 0.000001
0 0 0 0
0.875916 0.993042
1.311035 4.209961 -0.832764
0.000978 1 -0.000001
0 0 0 0
-0.315613 0.686768
1.504639 4.209961 0
0.000978 1 -0.000001
0 0 0 0
-0.217773 0.985107
1.815186 4.209961 0
0.000978 1 -0.000001
0 0 0 0
-0.060852 0.985107
1.815186 4.209961 -1.198242
0.000978 1 -0.000001
0 0 0 0
-0.06073 0.505981
0.907471 4.209961 -1.198242
0.000978 1 -0.000001
0 0 0 0
-0.522095 0.505981
1.779541 4.209961 -2.131836
0.000978 1 -0.000001
0 0 0 0
0.919922 0.968018
1.815186 4.209961 -2.096191
0.000978 1 -0.000001
0 0 0 0
0.937744 0.950684
1.806152 4.209961 -2.122803
0.000978 1 -0.000001
0 0 0 0
0.93396 0.964417
1.815186 4.209961 -1.198242
0.000978 1 -0.000001
0 0 0 0
0.937744 0.505981
0.907471 4.209961 -1.198242
0.000978 1 -0.000001
0 0 0 0
0.478882 0.505981
0.907471 4.209961 -2.131836
0.000978 1 -0.000001
0 0 0 0
0.478882 0.96814
0 4.209961 -1.580811
0.000978 1 -0.000001
0 0 0 0
0.019958 0.695862
0 4.209961 -2.131836
0.000978 1 -0.000001
0 0 0 0
0.019958 0.968079
-1.311035 4.209961 -0.832764
0.000978 1 -0.000001
0 0 0 0
-0.315613 0.686768
-1.815186 4.209961 0
-0.000977 1 -0.000001
0 0 0 0
-0.060852 0.985107
-1.504639 4.209961 0
-0.000977 1 -0.000001
0 0 0 0
-0.217773 0.985107
-1.815186 4.209961 -1.198242
0.000978 1 -0.000001
0 0 0 0
-0.06073 0.505981
-0.907471 4.209961 -1.198242
0.000978 1 -0.000001
0 0 0 0
-0.522095 0.505981
0 4.209961 -1.580811
0.000978 1 -0.000001
0 0 0 0
0.019958 0.695862
0 4.209961 -2.131836
0.000978 1 -0.000001
0 0 0 0
0.019958 0.968079
-0.907471 4.209961 -2.131836
0.000978 1 -0.000001
0 0 0 0
0.478882 0.96814
-0.907471 4.209961 -1.198242
0.000978 1 -0.000001
0 0 0 0
0.478882 0.505981
-1.779541 4.209961 -2.131836
0.000978 1 -0.000001
0 0 0 0
0.919922 0.968018
-1.815186 4.209961 -1.198242
0.000978 1 -0.000001
0 0 0 0
0.937744 0.505981
-1.815186 4.209961 -2.096191
0.000978 1 -0.000001
0 0 0 0
0.937744 0.950684
-1.806152 4.209961 -2.122803
0.000978 1 -0.000001
0 0 0 0
0.93396 0.964417
1.311035 4.209961 0.832764
0.000978 1 0.000001
0 0 0 0
-0.315613 0.686768
1.815186 4.209961 0
0.000978 1 -0.000001
0 0 0 0
-0.060852 0.985107
1.504639 4.209961 0
0.000978 1 -0.000001
0 0 0 0
-0.217773 0.985107
1.815186 4.209961 1.198242
0.000978 1 -0.000001
0 0 0 0
-0.06073 0.505981
0.907471 4.209961 1.198242
0.000978 1 -0.000001
0 0 0 0
-0.522095 0.505981
0 4.209961 1.580811
0.000978 1 -0.000001
0 0 0 0
0.019958 0.695862
0 4.209961 2.131836
0.000978 1 -0.000001
0 0 0 0
0.019958 0.968079
0.907471 4.209961 2.131836
0.000978 1 -0.000001
0 0 0 0
0.478882 0.96814
0.907471 4.209961 1.198242
0.000978 1 -0.000001
0 0 0 0
0.478882 0.505981
1.779541 4.209961 2.131836
0.000978 1 -0.000001
0 0 0 0
0.919922 0.968018
1.815186 4.209961 1.198242
0.000978 1 -0.000001
0 0 0 0
0.937744 0.505981
1.815186 4.209961 2.096191
0.000978 1 -0.000001
0 0 0 0
0.937744 0.950684
1.806152 4.209961 2.122803
0.000978 1 -0.000001
0 0 0 0
0.93396 0.964417
-1.311035 4.209961 0.832764
-0.000977 1 0.000001
0 0 0 0
-0.315613 0.686768
-1.504639 4.209961 0
-0.000977 1 -0.000001
0 0 0 0
-0.217773 0.985107
-1.815186 4.209961 0
-0.000977 1 -0.000001
0 0 0 0
-0.060852 0.985107
-1.815186 4.209961 1.198242
-0.000977 1 -0.000001
0 0 0 0
-0.06073 0.505981
-0.907471 4.209961 1.198242
0.000978 1 -0.000001
0 0 0 0
-0.522095 0.505981
-1.779541 4.209961 2.131836
0.000978 1 -0.000001
0 0 0 0
0.919922 0.968018
-1.815186 4.209961 2.096191
0.000978 1 -0.000001
0 0 0 0
0.937744 0.950684
-1.806152 4.209961 2.122803
0.000978 1 -0.000001
0 0 0 0
0.93396 0.964417
-1.815186 4.209961 1.198242
-0.000977 1 -0.000001
0 0 0 0
0.937744 0.505981
-0.907471 4.209961 1.198242
0.000978 1 -0.000001
0 0 0 0
0.478882 0.505981
-0.907471 4.209961 2.131836
0.000978 1 -0.000001
0 0 0 0
0.478882 0.96814
0 4.209961 1.580811
0.000978 1 -0.000001
0 0 0 0
0.019958 0.695862
0 4.209961 2.131836
0.000978 1 -0.000001
0 0 0 0
0.019958 0.968079
-1.421143 4.318848 -0.124756
0.996128 0.00102 0.087909
0 0 0 0
0.045471 0.494873
-1.426514 4.318848 -0.000488
1 0.000978 -0.000001
0 0 0 0
0.000061 0.494873
-1.426514 3.763184 -0.000488
1 0.000978 -0.000001
0 0 0 0
0.000061 0.770203
-1.421143 3.763184 -0.124756
0.996128 0.00102 0.087909
0 0 0 0
0.045471 0.770203
-1.405029 3.763184 -0.248047
0.984509 0.00106 0.175329
0 0 0 0
0.09436 0.770203
-1.405029 4.318848 -0.248047
0.984509 0.00106 0.175329
0 0 0 0
0.09436 0.494873
-1.378174 4.318848 -0.369629
0.966052 -0.001097 0.258346
0 0 0 0
0.146362 0.494873
-1.378174 3.763184 -0.369629
0.966052 -0.001097 0.258346
0 0 0 0
0.146362 0.770203
-1.340576 3.763184 -0.488281
0.93922 -0.001133 0.343313
0 0 0 0
0.20105 0.770203
-1.340576 4.318848 -0.488281
0.93922 -0.001133 0.343313
0 0 0 0
0.20105 0.494873
-1.292969 4.318848 -0.603027
0.906077 -0.001166 0.423112
0 0 0 0
0.257996 0.494873
-1.292969 3.763184 -0.603027
0.906077 -0.001166 0.423112
0 0 0 0
0.257996 0.770203
-1.235596 3.763184 -0.713379
0.86573 -0.001197 0.500511
0 0 0 0
0.316833 0.770203
-1.235596 4.318848 -0.713379
0.86573 -0.001197 0.500511
0 0 0 0
0.316833 0.494873
-1.168701 4.318848 -0.818359
0.820018 -0.001226 0.572337
0 0 0 0
0.377014 0.494873
-1.168701 3.763184 -0.818359
0.820018 -0.001226 0.572337
0 0 0 0
0.377014 0.770203
-1.093018 3.763184 -0.916992
0.765633 -0.001253 0.643276
0 0 0 0
0.438171 0.770203
-1.093018 4.318848 -0.916992
0.765633 -0.001253 0.643276
0 0 0 0
0.438171 0.494873
-1.008545 3.763184 -1.009033
0.706425 -0.001277 0.707786
0 0 0 0
0.5 0.770203
-1.008545 4.318848 -1.009033
0.706425 -0.001277 0.707786
0 0 0 0
0.5 0.494873
-0.916748 4.318848 -1.093262
0.642997 -0.001299 0.765868
0 0 0 0
0.561646 0.494873
-0.916748 3.763184 -1.093262
0.642997 -0.001299 0.765868
0 0 0 0
0.561646 0.770203
-0.818115 3.763184 -1.168945
0.573525 0.001318 0.819187
0 0 0 0
0.622803 0.770203
-0.818115 4.318848 -1.168945
0.573525 0.001318 0.819187
0 0 0 0
0.622803 0.494873
-0.713135 4.318848 -1.23584
0.500689 -0.001335 0.865626
0 0 0 0
0.682983 0.494873
-0.713135 3.763184 -1.23584
0.500689 -0.001335 0.865626
0 0 0 0
0.682983 0.770203
-0.602783 3.763184 -1.293213
0.422449 -0.00135 0.906386
0 0 0 0
0.741821 0.770203
-0.602783 4.318848 -1.293213
0.422449 -0.00135 0.906386
0 0 0 0
0.741821 0.494873
-0.487793 4.318848 -1.34082
0.341725 -0.001361 0.939799
0 0 0 0
0.798767 0.494873
-0.487793 3.763184 -1.34082
0.341725 -0.001361 0.939799
0 0 0 0
0.798767 0.770203
-0.369141 3.763184 -1.378174
0.259038 -0.001371 0.965866
0 0 0 0
0.853516 0.770203
-0.369141 4.318848 -1.378174
0.259038 -0.001371 0.965866
0 0 0 0
0.853516 0.494873
-0.247803 4.318848 -1.405029
0.174889 -0.001377 0.984587
0 0 0 0
0.905518 0.494873
-0.247803 3.763184 -1.405029
0.174889 -0.001377 0.984587
0 0 0 0
0.905518 0.770203
-0.124512 3.763184 -1.421387
0.08701 -0.001381 0.996207
0 0 0 0
0.954407 0.770203
-0.124512 4.318848 -1.421387
0.08701 -0.001381 0.996207
0 0 0 0
0.954407 0.494873
0.000488 4.318848 -1.426514
-0.001382 -0.001382 0.999998
0 0 0 0
1 0.494873
0.000488 3.763184 -1.426514
-0.001382 -0.001382 0.999998
0 0 0 0
1 0.770203
0.124756 4.318848 -1.421143
-0.08701 0.001381 0.996207
0 0 0 0
0.045471 0.494873
0.000488 4.318848 -1.426514
-0.001382 -0.001382 0.999998
0 0 0 0
0.000061 0.494873
0.000488 3.763184 -1.426514
-0.001382 -0.001382 0.999998
0 0 0 0
0.000061 0.770203
0.124756 3.763184 -1.421143
-0.08701 0.001381 0.996207
0 0 0 0
0.045471 0.770203
0.248047 3.763184 -1.405029
-0.174889 -0.001377 0.984587
0 0 0 0
0.09436 0.770203
0.248047 4.318848 -1.405029
-0.174889 -0.001377 0.984587
0 0 0 0
0.09436 0.494873
0.369629 4.318848 -1.378174
-0.259038 -0.001371 0.965866
0 0 0 0
0.146362 0.494873
0.369629 3.763184 -1.378174
-0.259038 -0.001371 0.965866
0 0 0 0
0.146362 0.770203
0.488281 4.318848 -1.340576
-0.341725 -0.001361 0.939799
0 0 0 0
0.20105 0.494873
0.488281 3.763184 -1.340576
-0.341725 -0.001361 0.939799
0 0 0 0
0.20105 0.770203
0.603027 4.318848 -1.292969
-0.422449 -0.00135 0.906386
0 0 0 0
0.257996 0.494873
0.603027 3.763184 -1.292969
-0.422449 -0.00135 0.906386
0 0 0 0
0.257996 0.770203
0.713379 4.318848 -1.235596
-0.500689 -0.001335 0.865626
0 0 0 0
0.316833 0.494873
0.713379 3.763184 -1.235596
-0.500689 -0.001335 0.865626
0 0 0 0
0.316833 0.770203
0.818359 4.318848 -1.168701
-0.573525 -0.001318 0.819187
0 0 0 0
0.377014 0.494873
0.818359 3.763184 -1.168701
-0.573525 -0.001318 0.819187
0 0 0 0
0.377014 0.770203
0.916992 4.318848 -1.093018
-0.642997 -0.001299 0.765868
0 0 0 0
0.438171 0.494873
0.916992 3.763184 -1.093018
-0.642997 -0.001299 0.765868
0 0 0 0
0.438171 0.770203
1.009033 4.318848 -1.008545
-0.706425 -0.001277 0.707786
0 0 0 0
0.5 0.494873
1.009033 3.763184 -1.008545
-0.706425 -0.001277 0.707786
0 0 0 0
0.5 0.770203
1.093262 4.318848 -0.916748
-0.765633 -0.001253 0.643276
0 0 0 0
0.561646 0.494873
1.093262 3.763184 -0.916748
-0.765633 -0.001253 0.643276
0 0 0 0
0.561646 0.770203
1.168945 3.763184 -0.818115
-0.820018 -0.001226 0.572337
0 0 0 0
0.622803 0.770203
1.168945 4.318848 -0.818115
-0.820018 -0.001226 0.572337
0 0 0 0
0.622803 0.494873
1.23584 3.763184 -0.713135
-0.865729 -0.001197 0.500511
0 0 0 0
0.682983 0.770203
1.23584 4.318848 -0.713135
-0.865729 -0.001197 0.500511
0 0 0 0
0.682983 0.494873
1.293213 3.763184 -0.602783
-0.906077 -0.001166 0.423112
0 0 0 0
0.741821 0.770203
1.293213 4.318848 -0.602783
-0.906077 -0.001166 0.423112
0 0 0 0
0.741821 0.494873
1.34082 3.763184 -0.487793
-0.93922 -0.001133 0.343313
0 0 0 0
0.798767 0.770203
1.34082 4.318848 -0.487793
-0.93922 -0.001133 0.343313
0 0 0 0
0.798767 0.494873
1.378174 3.763184 -0.369141
-0.966052 -0.001097 0.258346
0 0 0 0
0.853516 0.770203
1.378174 4.318848 -0.369141
-0.966052 -0.001097 0.258346
0 0 0 0
0.853516 0.494873
1.405029 3.763184 -0.247803
-0.984509 -0.00106 0.175329
0 0 0 0
0.905518 0.770203
1.405029 4.318848 -0.247803
-0.984509 -0.00106 0.175329
0 0 0 0
0.905518 0.494873
1.421387 3.763184 -0.124512
-0.996128 -0.00102 0.087909
0 0 0 0
0.954407 0.770203
1.421387 4.318848 -0.124512
-0.996128 -0.00102 0.087909
0 0 0 0
0.954407 0.494873
1.426514 4.318848 0.000488
-1 -0.000977 0.000001
0 0 0 0
1 0.494873
1.426514 3.763184 0.000488
-1 -0.000977 0.000001
0 0 0 0
1 0.770203
1.421143 4.318848 0.124756
-0.996128 -0.00102 -0.087909
0 0 0 0
0.045471 0.494873
1.426514 4.318848 0.000488
-1 -0.000977 0.000001
0 0 0 0
0.000061 0.494873
1.426514 3.763184 0.000488
-1 -0.000977 0.000001
0 0 0 0
0.000061 0.770203
1.421143 3.763184 0.124756
-0.996128 -0.00102 -0.087909
0 0 0 0
0.045471 0.770203
1.405029 4.318848 0.248047
-0.984509 -0.00106 -0.175329
0 0 0 0
0.09436 0.494873
1.405029 3.763184 0.248047
-0.984509 -0.00106 -0.175329
0 0 0 0
0.09436 0.770203
1.378174 3.763184 0.369629
-0.966052 -0.001097 -0.258346
0 0 0 0
0.146362 0.770203
1.378174 4.318848 0.369629
-0.966052 -0.001097 -0.258346
0 0 0 0
0.146362 0.494873
1.340576 4.318848 0.488281
-0.93922 -0.001133 -0.343313
0 0 0 0
0.20105 0.494873
1.340576 3.763184 0.488281
-0.93922 -0.001133 -0.343313
0 0 0 0
0.20105 0.770203
1.292969 4.318848 0.603027
-0.906077 -0.001166 -0.423112
0 0 0 0
0.257996 0.494873
1.292969 3.763184 0.603027
-0.906077 -0.001166 -0.423112
0 0 0 0
0.257996 0.770203
1.235596 3.763184 0.713379
-0.865729 -0.001197 -0.500511
0 0 0 0
0.316833 0.770203
1.235596 4.318848 0.713379
-0.865729 -0.001197 -0.500511
0 0 0 0
0.316833 0.494873
1.168701 3.763184 0.818359
-0.820018 -0.001226 -0.572337
0 0 0 0
0.377014 0.770203
1.168701 4.318848 0.818359
-0.820018 -0.001226 -0.572337
0 0 0 0
0.377014 0.494873
1.093018 3.763184 0.916992
-0.765633 -0.001253 -0.643276
0 0 0 0
0.438171 0.770203
1.093018 4.318848 0.916992
-0.765633 -0.001253 -0.643276
0 0 0 0
0.438171 0.494873
1.008545 4.318848 1.009033
-0.706425 -0.001277 -0.707786
0 0 0 0
0.5 0.494873
1.008545 3.763184 1.009033
-0.706425 -0.001277 -0.707786
0 0 0 0
0.5 0.770203
0.916748 4.318848 1.093262
-0.642997 -0.001299 -0.765868
0 0 0 0
0.561646 0.494873
0.916748 3.763184 1.093262
-0.642997 -0.001299 -0.765868
0 0 0 0
0.561646 0.770203
0.818115 3.763184 1.168945
-0.573525 -0.001318 -0.819187
0 0 0 0
0.622803 0.770203
0.818115 4.318848 1.168945
-0.573525 -0.001318 -0.819187
0 0 0 0
0.622803 0.494873
0.713135 3.763184 1.23584
-0.500689 -0.001335 -0.865626
0 0 0 0
0.682983 0.770203
0.713135 4.318848 1.23584
-0.500689 -0.001335 -0.865626
0 0 0 0
0.682983 0.494873
0.602783 3.763184 1.293213
-0.422449 -0.00135 -0.906386
0 0 0 0
0.741821 0.770203
0.602783 4.318848 1.293213
-0.422449 -0.00135 -0.906386
0 0 0 0
0.741821 0.494873
0.487793 4.318848 1.34082
-0.341725 -0.001361 -0.939799
0 0 0 0
0.798767 0.494873
0.487793 3.763184 1.34082
-0.341725 -0.001361 -0.939799
0 0 0 0
0.798767 0.770203
0.369141 3.763184 1.378174
-0.259038 -0.001371 -0.965866
0 0 0 0
0.853516 0.770203
0.369141 4.318848 1.378174
-0.259038 -0.001371 -0.965866
0 0 0 0
0.853516 0.494873
0.247803 3.763184 1.405029
-0.174889 -0.001377 -0.984587
0 0 0 0
0.905518 0.770203
0.247803 4.318848 1.405029
-0.174889 -0.001377 -0.984587
0 0 0 0
0.905518 0.494873
0.124512 4.318848 1.421387
-0.08701 -0.001381 -0.996207
0 0 0 0
0.954407 0.494873
0.124512 3.763184 1.421387
-0.08701 -0.001381 -0.996207
0 0 0 0
0.954407 0.770203
-0.000488 4.318848 1.426514
0.001382 -0.001382 -0.999998
0 0 0 0
1 0.494873
-0.000488 3.763184 1.426514
0.001382 -0.001382 -0.999998
0 0 0 0
1 0.770203
-0.124756 4.318848 1.421143
0.08701 0.001381 -0.996207
0 0 0 0
0.045471 0.494873
-0.000488 4.318848 1.426514
0.001382 -0.001382 -0.999998
0 0 0 0
0.000061 0.494873
-0.000488 3.763184 1.426514
0.001382 -0.001382 -0.999998
0 0 0 0
0.000061 0.770203
-0.124756 3.763184 1.421143
0.08701 0.001381 -0.996207
0 0 0 0
0.045471 0.770203
-0.248047 3.763184 1.405029
0.174889 0.001377 -0.984587
0 0 0 0
0.09436 0.770203
-0.248047 4.318848 1.405029
0.174889 0.001377 -0.984587
0 0 0 0
0.09436 0.494873
-0.369629 4.318848 1.378174
0.259038 -0.001371 -0.965866
0 0 0 0
0.146362 0.494873
-0.369629 3.763184 1.378174
0.259038 -0.001371 -0.965866
0 0 0 0
0.146362 0.770203
-0.488281 4.318848 1.340576
0.341725 -0.001361 -0.939799
0 0 0 0
0.20105 0.494873
-0.488281 3.763184 1.340576
0.341725 -0.001361 -0.939799
0 0 0 0
0.20105 0.770203
-0.603027 3.763184 1.292969
0.422449 -0.00135 -0.906386
0 0 0 0
0.257996 0.770203
-0.603027 4.318848 1.292969
0.422449 -0.00135 -0.906386
0 0 0 0
0.257996 0.494873
-0.713379 3.763184 1.235596
0.500689 -0.001335 -0.865626
0 0 0 0
0.316833 0.770203
-0.713379 4.318848 1.235596
0.500689 -0.001335 -0.865626
0 0 0 0
0.316833 0.494873
-0.818359 4.318848 1.168701
0.573525 -0.001318 -0.819187
0 0 0 0
0.377014 0.494873
-0.818359 3.763184 1.168701
0.573525 -0.001318 -0.819187
0 0 0 0
0.377014 0.770203
-0.916992 3.763184 1.093018
0.642997 -0.001299 -0.765868
0 0 0 0
0.438171 0.770203
-0.916992 4.318848 1.093018
0.642997 -0.001299 -0.765868
0 0 0 0
0.438171 0.494873
-1.009033 4.318848 1.008545
0.706425 -0.001277 -0.707786
0 0 0 0
0.5 0.494873
-1.009033 3.763184 1.008545
0.706425 -0.001277 -0.707786
0 0 0 0
0.5 0.770203
-1.093262 4.318848 0.916748
0.765633 -0.001253 -0.643276
0 0 0 0
0.561646 0.494873
-1.093262 3.763184 0.916748
0.765633 -0.001253 -0.643276
0 0 0 0
0.561646 0.770203
-1.168945 3.763184 0.818115
0.820018 -0.001226 -0.572337
0 0 0 0
0.622803 0.770203
-1.168945 4.318848 0.818115
0.820018 -0.001226 -0.572337
0 0 0 0
0.622803 0.494873
-1.23584 4.318848 0.713135
0.86573 -0.001197 -0.500511
0 0 0 0
0.682983 0.494873
-1.23584 3.763184 0.713135
0.86573 -0.001197 -0.500511
0 0 0 0
0.682983 0.770203
-1.293213 4.318848 0.602783
0.906077 -0.001166 -0.423112
0 0 0 0
0.741821 0.494873
-1.293213 3.763184 0.602783
0.906077 -0.001166 -0.423112
0 0 0 0
0.741821 0.770203
-1.34082 3.763184 0.487793
0.93922 -0.001133 -0.343313
0 0 0 0
0.798767 0.770203
-1.34082 4.318848 0.487793
0.93922 -0.001133 -0.343313
0 0 0 0
0.798767 0.494873
-1.378174 3.763184 0.369141
0.966052 -0.001097 -0.258346
0 0 0 0
0.853516 0.770203
-1.378174 4.318848 0.369141
0.966052 -0.001097 -0.258346
0 0 0 0
0.853516 0.494873
-1.405029 4.318848 0.247803
0.984509 -0.00106 -0.175329
0 0 0 0
0.905518 0.494873
-1.405029 3.763184 0.247803
0.984509 -0.00106 -0.175329
0 0 0 0
0.905518 0.770203
-1.421387 3.763184 0.124512
0.996128 -0.00102 -0.087909
0 0 0 0
0.954407 0.770203
-1.421387 4.318848 0.124512
0.996128 -0.00102 -0.087909
0 0 0 0
0.954407 0.494873
-1.426514 4.318848 -0.000488
1 0.000978 -0.000001
0 0 0 0
1 0.494873
-1.426514 3.763184 -0.000488
1 0.000978 -0.000001
0 0 0 0
1 0.770203
1.815186 0.72876 -2.096191
0.999969 0.000981 -0.007804
0 0 0 0
-0.435791 0.807373
1.815186 0.72876 -1.198242
1 0.000978 -0.000001
0 0 0 0
0 0.807373
1.815186 0.324707 -1.198242
0.99744 0.071455 0.002713
0 0 0 0
0 0.999756
1.815186 0.324707 -2.096191
0.998396 0.055957 -0.008591
0 0 0 0
-0.435791 0.999756
1.806152 0.324707 -2.122803
0.947359 0.054936 -0.315426
0 0 0 0
-0.450195 0.999756
1.806152 0.72876 -2.122803
0.948184 0.001122 -0.31772
0 0 0 0
-0.450195 0.807373
1.815186 0.324707 -1.198242
-0.001379 0.139284 0.990252
0 0 0 0
0 0.999756
1.815186 0.72876 -1.198242
0.001382 -0.001382 0.999998
0 0 0 0
0 0.807373
1.102783 0.72876 -1.198242
0.001382 -0.001382 0.999998
0 0 0 0
-0.34198 0.807373
1.102783 0.324707 -1.198242
-0.001381 0.073219 0.997315
0 0 0 0
-0.34198 0.999756
1.815186 0.324707 -1.198242
0.99744 0.071455 0.002713
0 0 0 0
-0.472839 0.168091
1.835938 0.309326 -1.149902
0.988036 0.154043 -0.007483
0 0 0 0
-0.496765 0.182556
1.829102 0.314209 -2.106689
0.930728 0.365397 -0.015158
0 0 0 0
-0.013184 0.182556
1.815186 0.324707 -2.096191
0.998396 0.055957 -0.008591
0 0 0 0
-0.013184 0.168091
1.806152 0.324707 -2.122803
0.947359 0.054936 -0.315426
0 0 0 0
0 0.168091
1.820312 0.314941 -2.136963
0.885637 0.388629 -0.254195
0 0 0 0
0 0.182556
1.818359 0.298828 -2.13501
0.948427 -0.166333 -0.269851
0 0 0 0
0 0.19751
1.826172 0.298096 -2.105713
0.981179 -0.192291 -0.017657
0 0 0 0
-0.013184 0.19751
1.833496 0.297119 -1.151611
0.981064 -0.193463 -0.009287
0 0 0 0
-0.496765 0.19751
1.134521 0.307861 -1.149902
-0.00118 0.888849 0.458199
0 0 0 0
-0.352356 0.182556
1.815186 0.324707 -1.198242
-0.001379 0.139284 0.990252
0 0 0 0
0 0.168091
1.102783 0.324707 -1.198242
-0.001381 0.073219 0.997315
0 0 0 0
-0.368896 0.168091
1.835938 0.309326 -1.149902
-0.001208 0.849391 0.527763
0 0 0 0
0 0.182556
1.833496 0.297119 -1.151611
0.001379 -0.144771 0.989464
0 0 0 0
0 0.19751
1.134766 0.297607 -1.151611
0.001379 -0.144771 0.989464
0 0 0 0
-0.352356 0.19751
1.696289 0.2771 -1.959961
0.151835 -0.988397 -0.004226
0 0 0 0
0.442993 0.992859
1.833496 0.297119 -1.151611
0.151543 -0.988451 -0.000366
0 0 0 0
0.125671 0.911438
1.696289 0.2771 -1.200195
0.151543 -0.988451 -0.000366
0 0 0 0
0.146118 0.992859
1.826172 0.298096 -2.105713
0.146084 -0.989254 -0.005969
0 0 0 0
0.499756 0.911438
1.678711 0.2771 -1.995361
0.105226 -0.993137 -0.051048
0 0 0 0
0.4552 0.992859
1.818359 0.298828 -2.13501
0.105226 -0.993137 -0.051048
0 0 0 0
0.512024 0.911438
1.696289 0.2771 -1.200195
-0.001151 -0.922111 0.386924
0 0 0 0
0.14624 0.911499
1.833496 0.297119 -1.151611
-0.001151 -0.922111 0.386924
0 0 0 0
0.076233 0.938354
1.134766 0.297607 -1.151611
-0.001151 -0.922111 0.386924
0 0 0 0
0.433044 0.938354
0.97998 0.2771 -1.200195
-0.001151 -0.922111 0.386924
0 0 0 0
0.512024 0.911438
1.696289 0 -1.959961
0.999728 0.000989 -0.023322
0 0 0 0
-0.013428 0.999756
1.696289 0.2771 -1.200195
1 0.000978 -0.000001
0 0 0 0
-0.375854 0.867676
1.696289 0 -1.200195
1 0.000978 -0.000001
0 0 0 0
-0.375854 0.999756
1.696289 0.2771 -1.959961
0.999728 0.000989 -0.023322
0 0 0 0
-0.013428 0.867676
1.678711 0.2771 -1.995361
0.896168 -0.001175 -0.443713
0 0 0 0
0 0.867676
1.678711 0 -1.995361
0.896168 -0.001175 -0.443713
0 0 0 0
0 0.999756
1.696289 0.2771 -1.200195
-0.001382 -0.001382 0.999998
0 0 0 0
0 0.867676
0.97998 0.2771 -1.200195
-0.001382 -0.001382 0.999998
0 0 0 0
-0.341675 0.867676
0.97998 0 -1.200195
-0.001382 -0.001382 0.999998
0 0 0 0
-0.341675 0.999756
1.696289 0 -1.200195
-0.001382 -0.001382 0.999998
0 0 0 0
0 0.999756
1.815186 0.777832 -1.198242
0.558079 0.829788 0.000299
0 0 0 0
0.548645 0.168091
1.815186 0.777832 0
0.55673 0.830692 0.001879
0 0 0 0
0 0.168091
1.837158 0.763184 0
0.842288 0.539025 0.001535
0 0 0 0
0 0.182556
1.837158 0.763184 -1.203369
0.830692 0.55673 0.001879
0 0 0 0
0.548645 0.182556
1.815186 0.777832 -2.096191
0.558983 0.829174 -0.002942
0 0 0 0
0.986816 0.168091
1.841064 0.76001 -2.133057
0.903791 0.427801 -0.012176
0 0 0 0
0.986816 0.182556
1.806152 0.777832 -2.122803
0.408298 0.897834 -0.164887
0 0 0 0
1 0.168091
1.83252 0.76001 -2.14917
0.588803 0.762692 -0.267604
0 0 0 0
1 0.182556
1.83252 0.746582 -2.14917
0.588803 -0.762692 -0.267604
0 0 0 0
1 0.19751
1.841064 0.746582 -2.133057
0.903791 -0.427801 -0.012176
0 0 0 0
0.986816 0.19751
1.806152 0.72876 -2.122803
0.408298 -0.897834 -0.164887
0 0 0 0
1 0.211853
1.815186 0.72876 -2.096191
0.558983 -0.829174 -0.002942
0 0 0 0
0.986816 0.211853
1.837158 0.743408 -1.203369
0.830692 -0.55673 0.001879
0 0 0 0
0.548645 0.19751
1.815186 0.72876 -1.198242
0.558079 -0.829788 0.000299
0 0 0 0
0.548645 0.211853
-1.806152 0.777832 2.122803
-0.159745 0.892004 0.42286
0 0 0 0
0 0.168091
-1.83252 0.76001 2.14917
-0.255712 0.734705 0.628347
0 0 0 0
0 0.182556
-1.83252 0.746582 2.14917
-0.255712 -0.734705 0.628347
0 0 0 0
0 0.19751
-1.813232 0.746582 2.157715
-0.009426 -0.440347 0.897778
0 0 0 0
-0.013184 0.19751
-1.806152 0.72876 2.122803
-0.159745 -0.892004 0.42286
0 0 0 0
0 0.211853
-1.779541 0.72876 2.131836
-0.003662 -0.828857 0.559448
0 0 0 0
-0.013184 0.211853
-0.886719 0.743408 2.153809
0.001321 -0.563996 0.825776
0 0 0 0
-0.451355 0.19751
-0.881836 0.72876 2.131836
-0.001221 -0.828859 0.559456
0 0 0 0
-0.451355 0.211853
0 0.743408 2.153809
0.001327 -0.537494 0.843267
0 0 0 0
-0.852905 0.19751
0 0.72876 2.131836
0.00122 -0.830607 0.556857
0 0 0 0
-0.852905 0.211853
-0.881836 0.777832 2.131836
0.001382 -0.001382 0.999998
0 0 0 0
-0.452759 0.999756
0 0.777832 2.131836
0.001382 -0.001382 0.999998
0 0 0 0
-0.85968 0.999756
0 1.841064 2.131836
0.001382 -0.001382 0.999998
0 0 0 0
-0.85968 0.494873
-0.881836 1.841064 2.131836
0.001382 -0.001382 0.999998
0 0 0 0
-0.452759 0.494873
-1.779541 0.777832 2.131836
-0.009677 -0.001382 0.999952
0 0 0 0
-0.013123 0.999756
-1.779541 1.841064 2.131836
-0.009677 -0.001382 0.999952
0 0 0 0
-0.013123 0.494873
-1.806152 0.777832 2.122803
-0.315242 -0.001365 0.94901
0 0 0 0
0 0.999756
-1.806152 1.841064 2.122803
-0.315242 -0.001365 0.94901
0 0 0 0
0 0.494873
-0.881836 1.841064 2.131836
-0.00122 -0.830607 0.556857
0 0 0 0
-0.451355 0.211853
0 1.841064 2.131836
0.00122 -0.830607 0.556857
0 0 0 0
-0.852905 0.211853
0 1.855713 2.153809
0.001327 -0.537494 0.843267
0 0 0 0
-0.852905 0.19751
-0.886719 1.855713 2.153809
0.001326 -0.542344 0.840155
0 0 0 0
-0.451355 0.19751
-1.779541 1.841064 2.131836
-0.003656 -0.832347 0.554243
0 0 0 0
-0.013184 0.211853
-1.797119 1.856201 2.154541
-0.012099 -0.45305 0.891403
0 0 0 0
-0.013184 0.19751
-1.806152 1.841064 2.122803
-0.169311 -0.867865 0.467059
0 0 0 0
0 0.211853
-1.826416 1.856201 2.143066
-0.296163 -0.549272 0.781401
0 0 0 0
0 0.19751
-1.797119 1.874756 2.154541
-0.012099 0.45305 0.891403
0 0 0 0
-0.013184 0.182556
-1.826416 1.874756 2.143066
-0.296163 0.549272 0.781401
0 0 0 0
0 0.182556
-1.806152 1.889893 2.122803
-0.169311 0.867865 0.467059
0 0 0 0
0 0.168091
-1.779541 1.889893 2.131836
-0.003656 0.832347 0.554243
0 0 0 0
-0.013184 0.168091
-0.886719 1.875244 2.153809
0.001326 0.542344 0.840155
0 0 0 0
-0.451355 0.182556
-0.881836 1.889893 2.131836
-0.00122 0.830608 0.556857
0 0 0 0
-0.451355 0.168091
0 1.875244 2.153809
0.001327 0.537494 0.843267
0 0 0 0
-0.852905 0.182556
0 1.889893 2.131836
0.00122 0.830608 0.556857
0 0 0 0
-0.852905 0.168091
-0.881836 2.104736 2.131836
-0.00122 0.830608 0.556857
0 0 0 0
-0.451355 0.168091
0 2.090088 2.153809
0.001327 0.537494 0.843267
0 0 0 0
-0.852905 0.182556
0 2.104736 2.131836
0.00122 0.830608 0.556857
0 0 0 0
-0.852905 0.168091
-0.886719 2.090088 2.153809
0.001326 0.542344 0.840155
0 0 0 0
-0.451355 0.182556
-1.779541 2.104736 2.131836
-0.003656 0.832347 0.554243
0 0 0 0
-0.013184 0.168091
-1.797119 2.0896 2.154541
-0.012099 0.45305 0.891403
0 0 0 0
-0.013184 0.182556
-1.806152 2.104736 2.122803
-0.169311 0.867865 0.467059
0 0 0 0
0 0.168091
-1.826416 2.0896 2.143066
-0.296163 0.549272 0.781401
0 0 0 0
0 0.182556
-1.826416 2.071045 2.143066
-0.296163 -0.549272 0.781401
0 0 0 0
0 0.19751
-1.797119 2.071045 2.154541
-0.012099 -0.45305 0.891403
0 0 0 0
-0.013184 0.19751
-0.886719 2.070557 2.153809
0.001326 -0.542344 0.840155
0 0 0 0
-0.451355 0.19751
0 2.070557 2.153809
0.001327 -0.537494 0.843267
0 0 0 0
-0.852905 0.19751
-0.881836 2.055908 2.131836
-0.00122 -0.830607 0.556857
0 0 0 0
-0.451355 0.211853
0 2.055908 2.131836
0.00122 -0.830607 0.556857
0 0 0 0
-0.852905 0.211853
-1.779541 2.055908 2.131836
-0.003656 -0.832347 0.554243
0 0 0 0
-0.013184 0.211853
-1.806152 2.055908 2.122803
-0.169311 -0.867865 0.467059
0 0 0 0
0 0.211853
-0.881836 2.104736 2.131836
0.001382 -0.001382 0.999998
0 0 0 0
-0.455444 0.999756
0 2.104736 2.131836
0.001382 0.001382 0.999998
0 0 0 0
-0.864807 0.999756
0 3.036377 2.131836
0.001382 0.001382 0.999998
0 0 0 0
-0.864807 0.552246
-0.881836 3.036377 2.131836
0.001382 -0.001382 0.999998
0 0 0 0
-0.455444 0.552246
-1.779541 3.036377 2.131836
-0.009677 -0.001382 0.999952
0 0 0 0
-0.013184 0.552246
-1.779541 2.104736 2.131836
-0.009677 -0.001382 0.999952
0 0 0 0
-0.013184 0.999756
-1.806152 3.036377 2.122803
-0.315242 0.001365 0.94901
0 0 0 0
0 0.552246
-1.806152 2.104736 2.122803
-0.315242 0.001365 0.94901
0 0 0 0
0 0.999756
-0.881836 3.036377 2.131836
-0.00122 -0.830607 0.556857
0 0 0 0
-0.451355 0.211853
0 3.036377 2.131836
0.00122 -0.830607 0.556857
0 0 0 0
-0.852905 0.211853
0 3.051025 2.153809
0.001327 -0.537494 0.843267
0 0 0 0
-0.852905 0.19751
-0.886719 3.051025 2.153809
0.001326 -0.542344 0.840155
0 0 0 0
-0.451355 0.19751
-1.779541 3.036377 2.131836
-0.003656 -0.832347 0.554243
0 0 0 0
-0.013184 0.211853
-1.804443 3.051514 2.154541
-0.01486 -0.414724 0.909826
0 0 0 0
-0.013184 0.19751
-1.806152 3.036377 2.122803
-0.181518 -0.881824 0.435244
0 0 0 0
0 0.211853
-1.826416 3.051514 2.143066
-0.338556 -0.619622 0.70813
0 0 0 0
0 0.19751
-1.804443 3.070068 2.154541
-0.01486 0.414724 0.909826
0 0 0 0
-0.013184 0.182556
-1.826416 3.070068 2.143066
-0.338556 0.619622 0.70813
0 0 0 0
0 0.182556
-1.806152 3.085205 2.122803
-0.181518 0.881824 0.435244
0 0 0 0
0 0.168091
-1.779541 3.085205 2.131836
-0.003656 0.832347 0.554243
0 0 0 0
-0.013184 0.168091
-0.886719 3.070557 2.153809
0.001326 0.542344 0.840155
0 0 0 0
-0.451355 0.182556
-0.881836 3.085205 2.131836
-0.00122 0.830608 0.556857
0 0 0 0
-0.451355 0.168091
0 3.070557 2.153809
0.001327 0.537494 0.843267
0 0 0 0
-0.852905 0.182556
0 3.085205 2.131836
0.00122 0.830608 0.556857
0 0 0 0
-0.852905 0.168091
-0.881836 1.889893 2.131836
0.001382 -0.001382 0.999998
0 0 0 0
0.455933 0.963867
0 1.889893 2.131836
0.001382 -0.001382 0.999998
0 0 0 0
0.865662 0.963867
0 2.055908 2.131836
0.001382 -0.001382 0.999998
0 0 0 0
0.865662 0.884216
-0.881836 2.055908 2.131836
0.001382 -0.001382 0.999998
0 0 0 0
0.455933 0.884216
-1.779541 1.889893 2.131836
-0.009677 0.001382 0.999952
0 0 0 0
0.013245 0.963867
-1.779541 2.055908 2.131836
-0.009677 0.001382 0.999952
0 0 0 0
0.013367 0.884216
-1.806152 2.055908 2.122803
-0.315242 0.001365 0.94901
0 0 0 0
0.000061 0.884216
-1.806152 1.889893 2.122803
-0.315242 0.001365 0.94901
0 0 0 0
0.000061 0.963867
0 4.19458 2.155273
0.001318 0.573525 0.819187
0 0 0 0
-0.848145 0.239868
0 4.209961 2.131836
0.001217 0.835812 0.549014
0 0 0 0
-0.848145 0.22406
-0.881836 4.209961 2.131836
-0.001217 0.835812 0.549014
0 0 0 0
-0.448181 0.22406
-0.884033 4.19458 2.155273
0.001317 0.578267 0.815846
0 0 0 0
-0.448181 0.239868
0 4.176514 2.155273
0.001292 -0.66531 0.746566
0 0 0 0
-0.848145 0.25238
-0.884033 4.176514 2.155273
0.00129 -0.669719 0.742614
0 0 0 0
-0.448181 0.25238
-0.877441 4.161133 2.125244
-0.00118 -0.888849 0.458199
0 0 0 0
-0.448181 0.267639
0 4.161133 2.125244
0.00118 -0.888849 0.458199
0 0 0 0
-0.848145 0.267639
-1.771973 4.161133 2.125244
-0.003541 -0.888846 0.458192
0 0 0 0
-0.013062 0.267639
-1.792969 4.177002 2.156006
-0.014462 -0.587687 0.808959
0 0 0 0
-0.013062 0.25238
-1.799072 4.161133 2.115723
-0.153016 -0.910044 0.385234
0 0 0 0
0 0.267639
-1.825195 4.177002 2.141846
-0.293517 -0.662002 0.689639
0 0 0 0
0 0.25238
-1.792969 4.194092 2.156006
-0.014652 0.515484 0.856774
0 0 0 0
-0.013062 0.239868
-1.825195 4.194092 2.141846
-0.326466 0.547579 0.770439
0 0 0 0
0 0.239868
-1.806152 4.209961 2.122803
-0.191897 0.852211 0.486736
0 0 0 0
0 0.22406
-1.779541 4.209961 2.131836
-0.006083 0.835806 0.548991
0 0 0 0
-0.013062 0.22406
-1.806152 3.085205 2.122803
-0.315242 -0.001365 0.94901
0 0 0 0
0 0.999756
-1.779541 4.121826 2.131836
-0.009677 0.001382 0.999952
0 0 0 0
-0.013123 0.494873
-1.806152 4.121826 2.122803
-0.315242 -0.001365 0.94901
0 0 0 0
0 0.494873
-1.779541 3.085205 2.131836
-0.009677 0.001382 0.999952
0 0 0 0
-0.013123 0.999756
-0.881836 3.085205 2.131836
0.001382 0.001382 0.999998
0 0 0 0
-0.452759 0.999756
-0.881836 4.121826 2.131836
0.001382 0.001382 0.999998
0 0 0 0
-0.452759 0.494873
0 4.121826 2.131836
0.001382 0.001382 0.999998
0 0 0 0
-0.85968 0.494873
0 3.085205 2.131836
0.001382 0.001382 0.999998
0 0 0 0
-0.85968 0.999756
-1.806152 0.324707 2.122803
-0.315112 0.055929 0.947405
0 0 0 0
0 0.999756
-1.779541 0.72876 2.131836
-0.009677 -0.001382 0.999952
0 0 0 0
-0.014343 0.807373
-1.806152 0.72876 2.122803
-0.315242 0.001365 0.94901
0 0 0 0
0 0.807373
-1.779541 0.324707 2.131836
-0.009673 0.053894 0.9985
0 0 0 0
-0.014343 0.999756
-0.881836 0.324707 2.131836
-0.001382 0.045608 0.998958
0 0 0 0
-0.450195 0.999756
-0.881836 0.72876 2.131836
-0.001382 -0.001382 0.999998
0 0 0 0
-0.450195 0.807373
0 0.324707 2.131836
0.001382 0.04837 0.998829
0 0 0 0
-0.87085 0.999756
0 0.72876 2.131836
0.001382 -0.001382 0.999998
0 0 0 0
-0.87085 0.807373
-0.881836 0.309326 2.152588
-0.001333 0.513039 0.858364
0 0 0 0
-0.472839 0.182556
-0.881836 0.324707 2.131836
-0.001382 0.045608 0.998958
0 0 0 0
-0.472839 0.168091
-1.779541 0.324707 2.131836
-0.009673 0.053894 0.9985
0 0 0 0
-0.013184 0.168091
-1.789795 0.314209 2.145752
-0.014921 0.378443 0.925504
0 0 0 0
-0.013184 0.182556
-1.806152 0.324707 2.122803
-0.315112 0.055929 0.947405
0 0 0 0
0 0.168091
-1.820312 0.314941 2.136963
-0.251161 0.385472 0.887879
0 0 0 0
0 0.182556
-1.818359 0.298828 2.13501
-0.266158 -0.165155 0.949676
0 0 0 0
0 0.19751
-1.788818 0.298096 2.142822
-0.017885 -0.193985 0.980841
0 0 0 0
-0.013184 0.19751
-0.881836 0.297119 2.149902
-0.004126 -0.202163 0.979343
0 0 0 0
-0.472839 0.19751
-1.643311 0.2771 2.012939
-0.003145 -0.988639 0.150279
0 0 0 0
0.442993 0.992859
-0.883545 0.2771 2.012939
-0.001047 -0.989184 0.146678
0 0 0 0
0.145081 0.992798
-0.881836 0.297119 2.149902
-0.001047 -0.989184 0.146678
0 0 0 0
0.145081 0.911255
-1.788818 0.298096 2.142822
-0.007327 -0.989164 0.146632
0 0 0 0
0.499756 0.911438
-1.678711 0.2771 1.995361
-0.050332 -0.993283 0.104191
0 0 0 0
0.4552 0.992859
-1.818359 0.298828 2.13501
-0.050332 -0.993283 0.104191
0 0 0 0
0.512024 0.911438
0 0 2.012939
0.001382 0.001382 0.999998
0 0 0 0
-0.797302 0.999756
0 0.2771 2.012939
0.001382 0.001382 0.999998
0 0 0 0
-0.797302 0.867676
-0.883545 0.2771 2.012939
0.001382 -0.001382 0.999998
0 0 0 0
-0.375854 0.867676
-0.883545 0 2.012939
0.001382 -0.001382 0.999998
0 0 0 0
-0.375854 0.999756
-1.643311 0 2.012939
-0.020735 -0.001382 0.999784
0 0 0 0
-0.013428 0.999756
-1.643311 0.2771 2.012939
-0.020735 -0.001382 0.999784
0 0 0 0
-0.013428 0.867676
-1.678711 0.2771 1.995361
-0.445443 -0.001346 0.895309
0 0 0 0
0 0.867676
-1.678711 0 1.995361
-0.445443 -0.001346 0.895309
0 0 0 0
0 0.999756
0 0.309326 2.152588
0.001324 0.552003 0.833841
0 0 0 0
0.177612 0.182556
0 0.324707 2.131836
0.001382 0.04837 0.998829
0 0 0 0
0.177612 0.168091
-0.881836 0.324707 2.131836
-0.001382 0.045608 0.998958
0 0 0 0
0.623901 0.168091
-0.881836 0.309326 2.152588
-0.001333 0.513039 0.858364
0 0 0 0
0.623779 0.182556
0 0.297119 2.149902
0.001374 -0.213041 0.977042
0 0 0 0
0.177612 0.19751
-0.881836 0.297119 2.149902
-0.004126 -0.202163 0.979343
0 0 0 0
0.623962 0.19751
-1.799072 4.161133 2.115723
-0.313232 0.218313 0.924243
0 0 0 0
0 0.267639
-1.806152 4.121826 2.122803
-0.313232 0.218313 0.924243
0 0 0 0
0 0.28833
-1.779541 4.121826 2.131836
-0.012398 0.166683 0.985933
0 0 0 0
-0.013062 0.28833
-1.771973 4.161133 2.125244
-0.006888 0.166686 0.985986
0 0 0 0
-0.013062 0.267639
-0.881836 4.121826 2.131836
0.001378 0.16395 0.986468
0 0 0 0
-0.448181 0.28833
-0.877441 4.161133 2.125244
0.001378 0.16395 0.986468
0 0 0 0
-0.448181 0.267639
0 4.121826 2.131836
0.001378 0.16395 0.986468
0 0 0 0
-0.848145 0.288269
0 4.161133 2.125244
0.001378 0.16395 0.986468
0 0 0 0
-0.848145 0.267639
-0.881836 0.297119 2.149902
-0.001047 -0.989184 0.146678
0 0 0 0
0.435669 0.911255
-0.883545 0.2771 2.012939
-0.001047 -0.989184 0.146678
0 0 0 0
0.435669 0.992798
0 0.2771 2.012939
0.001045 -0.989713 0.143062
0 0 0 0
0.000061 0.992798
0 0.297119 2.149902
0.001045 -0.989713 0.143062
0 0 0 0
0.000061 0.911316
-1.835938 0.309326 -1.198242
-0.854366 0.519666 -0.002331
0 0 0 0
0.609741 0.182556
-1.815186 0.324707 0
-0.998754 0.049889 0.001421
0 0 0 0
0 0.168091
-1.815186 0.324707 -1.198242
-0.998941 0.045985 -0.001795
0 0 0 0
0.609863 0.168091
-1.835938 0.309326 0
-0.833701 0.552217 -0.000291
0 0 0 0
0 0.182556
-1.833496 0.297119 0
-0.977211 -0.212267 0.001375
0 0 0 0
0 0.19751
-1.833496 0.297119 -1.198242
-0.978798 -0.204774 -0.004632
0 0 0 0
0.609863 0.19751
-1.833496 0.297119 -1.198242
-0.147718 -0.989028 -0.001536
0 0 0 0
0.548157 0.911316
-1.696289 0.2771 -1.200195
-0.147718 -0.989028 -0.001536
0 0 0 0
0.548157 0.992859
-1.696289 0.2771 0
-0.145804 -0.989311 -0.002109
0 0 0 0
0.000061 0.992859
-1.833496 0.297119 0
-0.145804 -0.989311 -0.002109
0 0 0 0
0.000061 0.911316
-1.835938 0.309326 1.198242
-0.854366 0.519666 0.002331
0 0 0 0
0.609741 0.182556
-1.815186 0.324707 1.198242
-0.998941 0.045985 0.001795
0 0 0 0
0.609863 0.168091
-1.815186 0.324707 0
-0.998754 0.049889 0.001421
0 0 0 0
0 0.168091
-1.835938 0.309326 0
-0.833701 0.552217 -0.000291
0 0 0 0
0 0.182556
-1.833496 0.297119 0
-0.977211 -0.212267 0.001375
0 0 0 0
0 0.19751
-1.833496 0.297119 1.198242
-0.978798 -0.204774 0.004632
0 0 0 0
0.609863 0.19751
-1.696289 0.2771 0
-0.145804 -0.989311 -0.002109
0 0 0 0
0.000061 0.992859
-1.696289 0.2771 1.200195
-0.147718 -0.989028 0.001536
0 0 0 0
0.548157 0.992859
-1.833496 0.297119 1.198242
-0.147718 -0.989028 0.001536
0 0 0 0
0.548157 0.911316
-1.833496 0.297119 0
-0.145804 -0.989311 -0.002109
0 0 0 0
0.000061 0.911316
1.837158 0.743408 0
0.842288 -0.539025 0.001536
0 0 0 0
0 0.19751
1.815186 0.72876 0
0.55673 -0.830692 0.00188
0 0 0 0
0 0.211853
1.815186 0.777832 -1.198242
1 0.000978 -0.000001
0 0 0 0
0.547241 0.999756
1.815186 1.841064 0
1 0.000978 -0.000001
0 0 0 0
0.000061 0.494873
1.815186 0.777832 0
1 0.000978 -0.000001
0 0 0 0
0.000061 0.999756
1.815186 1.841064 -1.198242
1 0.000978 -0.000001
0 0 0 0
0.547241 0.494873
1.815186 0.777832 -2.096191
0.999969 0.000981 -0.007804
0 0 0 0
0.986877 0.999756
1.815186 1.841064 -2.096191
0.999969 0.000981 -0.007804
0 0 0 0
0.986877 0.494873
1.806152 0.777832 -2.122803
0.948184 0.001122 -0.31772
0 0 0 0
1 0.999756
1.806152 1.841064 -2.122803
0.948184 0.001122 -0.31772
0 0 0 0
1 0.494873
1.815186 1.841064 -1.198242
0.55673 -0.830692 -0.00188
0 0 0 0
0.548645 0.211853
1.837158 1.855713 0
0.842288 -0.539025 0.001536
0 0 0 0
0 0.19751
1.815186 1.841064 0
0.55673 -0.830692 0.00188
0 0 0 0
0 0.211853
1.837158 1.855713 -1.203369
0.842288 -0.539025 0.001536
0 0 0 0
0.548645 0.19751
1.815186 1.841064 -2.096191
0.555374 -0.831591 -0.004051
0 0 0 0
0.986816 0.211853
1.837891 1.856201 -2.11377
0.890963 -0.45385 -0.014317
0 0 0 0
0.986816 0.19751
1.806152 1.841064 -2.122803
0.468085 -0.867489 -0.168403
0 0 0 0
1 0.211853
1.826416 1.856201 -2.143066
0.782171 -0.548521 -0.295521
0 0 0 0
1 0.19751
1.837891 1.874756 -2.11377
0.890963 0.45385 -0.014317
0 0 0 0
0.986816 0.182556
1.826416 1.874756 -2.143066
0.782171 0.548521 -0.295521
0 0 0 0
1 0.182556
1.806152 1.889893 -2.122803
0.468085 0.867489 -0.168403
0 0 0 0
1 0.168091
1.815186 1.889893 -2.096191
0.555374 0.831591 -0.00405
0 0 0 0
0.986816 0.168091
1.837158 1.875244 -1.203369
0.842288 0.539025 0.001535
0 0 0 0
0.548645 0.182556
1.815186 1.889893 -1.198242
0.55673 0.830692 -0.001879
0 0 0 0
0.548645 0.168091
1.837158 1.875244 0
0.842288 0.539025 0.001535
0 0 0 0
0 0.182556
1.815186 1.889893 0
0.55673 0.830692 0.001879
0 0 0 0
0 0.168091
1.815186 2.104736 -1.198242
0.55673 0.830692 -0.001879
0 0 0 0
0.548645 0.168091
1.815186 2.104736 0
0.55673 0.830692 0.001879
0 0 0 0
0 0.168091
1.837158 2.090088 0
0.842288 0.539025 0.001535
0 0 0 0
0 0.182556
1.837158 2.090088 -1.203369
0.842288 0.539025 0.001535
0 0 0 0
0.548645 0.182556
1.815186 2.104736 -2.096191
0.555374 0.831591 -0.00405
0 0 0 0
0.986816 0.168091
1.837891 2.0896 -2.11377
0.890963 0.45385 -0.014317
0 0 0 0
0.986816 0.182556
1.806152 2.104736 -2.122803
0.468085 0.867489 -0.168403
0 0 0 0
1 0.168091
1.826416 2.0896 -2.143066
0.782171 0.548521 -0.295521
0 0 0 0
1 0.182556
1.826416 2.071045 -2.143066
0.782171 -0.548521 -0.295521
0 0 0 0
1 0.19751
1.837891 2.071045 -2.11377
0.890963 -0.45385 -0.014317
0 0 0 0
0.986816 0.19751
1.837158 2.070557 -1.203369
0.842288 -0.539025 0.001536
0 0 0 0
0.548645 0.19751
1.837158 2.070557 0
0.842288 -0.539025 0.001536
0 0 0 0
0 0.19751
1.815186 2.055908 -1.198242
0.55673 -0.830692 -0.00188
0 0 0 0
0.548645 0.211853
1.815186 2.055908 0
0.55673 -0.830692 0.00188
0 0 0 0
0 0.211853
1.815186 2.055908 -2.096191
0.555374 -0.831591 -0.004051
0 0 0 0
0.986816 0.211853
1.806152 2.055908 -2.122803
0.468085 -0.867489 -0.168403
0 0 0 0
1 0.211853
1.815186 2.104736 -1.198242
1 0.000978 -0.000001
0 0 0 0
0.544556 0.999756
1.815186 3.036377 0
1 0.000978 -0.000001
0 0 0 0
0.000061 0.552246
1.815186 2.104736 0
1 0.000978 -0.000001
0 0 0 0
0.000061 0.999756
1.815186 3.036377 -1.198242
1 0.000978 -0.000001
0 0 0 0
0.544556 0.552246
1.815186 3.036377 -2.096191
0.999969 0.000981 -0.007804
0 0 0 0
0.986816 0.552246
1.815186 2.104736 -2.096191
0.999969 0.000981 -0.007804
0 0 0 0
0.986816 0.999756
1.806152 3.036377 -2.122803
0.948184 0.001122 -0.31772
0 0 0 0
1 0.552246
1.806152 2.104736 -2.122803
0.948184 0.001122 -0.31772
0 0 0 0
1 0.999756
1.815186 3.036377 -1.198242
0.55673 -0.830692 -0.00188
0 0 0 0
0.548645 0.211853
1.837158 3.051025 0
0.842288 -0.539025 -0.001536
0 0 0 0
0 0.19751
1.815186 3.036377 0
0.55673 -0.830692 -0.00188
0 0 0 0
0 0.211853
1.837158 3.051025 -1.203369
0.842288 -0.539025 0.001536
0 0 0 0
0.548645 0.19751
1.815186 3.036377 -2.096191
0.555374 -0.831591 -0.004051
0 0 0 0
0.986816 0.211853
1.837891 3.051514 -2.117188
0.90074 -0.434127 -0.014164
0 0 0 0
0.986816 0.19751
1.806152 3.036377 -2.122803
0.45253 -0.874326 -0.175413
0 0 0 0
1 0.211853
1.826416 3.051514 -2.143066
0.751979 -0.579394 -0.314372
0 0 0 0
1 0.19751
1.837891 3.070068 -2.117188
0.90074 0.434127 -0.014164
0 0 0 0
0.986816 0.182556
1.826416 3.070068 -2.143066
0.751979 0.579394 -0.314372
0 0 0 0
1 0.182556
1.806152 3.085205 -2.122803
0.45253 0.874326 -0.175413
0 0 0 0
1 0.168091
1.815186 3.085205 -2.096191
0.555374 0.831591 -0.00405
0 0 0 0
0.986816 0.168091
1.837158 3.070557 -1.203369
0.842288 0.539025 0.001535
0 0 0 0
0.548645 0.182556
1.815186 3.085205 -1.198242
0.55673 0.830692 -0.001879
0 0 0 0
0.548645 0.168091
1.837158 3.070557 0
0.842288 0.539025 0.001535
0 0 0 0
0 0.182556
1.815186 3.085205 0
0.55673 0.830692 0.001879
0 0 0 0
0 0.168091
1.815186 1.889893 -2.096191
0.999969 0.000981 -0.007804
0 0 0 0
0.013245 0.963867
1.806152 1.889893 -2.122803
0.948184 0.001122 -0.31772
0 0 0 0
0.000061 0.963867
1.806152 2.055908 -2.122803
0.948184 0.001122 -0.31772
0 0 0 0
0.000061 0.884216
1.815186 2.055908 -2.096191
0.999969 0.000981 -0.007804
0 0 0 0
0.013367 0.884216
1.815186 2.055908 -1.198242
1 -0.000977 -0.000001
0 0 0 0
0.455933 0.884216
1.815186 1.889893 -1.198242
1 -0.000977 -0.000001
0 0 0 0
0.455933 0.963867
1.815186 2.055908 0
1 -0.000977 -0.000001
0 0 0 0
1 0.884216
1.815186 1.889893 0
1 -0.000977 -0.000001
0 0 0 0
1 0.963867
1.838623 4.19458 0
0.819641 0.572867 0.003569
0 0 0 0
0 0.239868
1.815186 4.209961 -1.198242
0.550855 0.834599 -0.001864
0 0 0 0
0.551819 0.22406
1.815186 4.209961 0
0.550855 0.834599 0.001864
0 0 0 0
0 0.22406
1.838623 4.19458 -1.200684
0.817806 0.575493 -0.000918
0 0 0 0
0.551819 0.239868
1.815186 4.209961 -2.096191
0.549486 0.835493 -0.004012
0 0 0 0
0.986938 0.22406
1.839355 4.194092 -2.109619
0.857238 0.514737 -0.013721
0 0 0 0
0.986938 0.239868
1.806152 4.209961 -2.122803
0.487406 0.85216 -0.190419
0 0 0 0
1 0.22406
1.825195 4.194092 -2.141846
0.77077 0.547978 -0.325012
0 0 0 0
1 0.239868
1.825195 4.177002 -2.141846
0.690323 -0.66142 -0.29322
0 0 0 0
1 0.25238
1.839355 4.177002 -2.109619
0.809398 -0.587133 -0.012222
0 0 0 0
0.986938 0.25238
1.799072 4.161133 -2.115723
0.385222 -0.910047 -0.153031
0 0 0 0
1 0.267639
1.808594 4.161133 -2.088623
0.457762 -0.889058 -0.005534
0 0 0 0
0.986938 0.267639
1.838623 4.176514 -1.200684
0.746059 -0.66588 0.000572
0 0 0 0
0.551819 0.25238
1.808594 4.161133 -1.194092
0.458518 -0.888685 -0.000274
0 0 0 0
0.551819 0.267639
1.838623 4.176514 0
0.746059 -0.66588 -0.000572
0 0 0 0
0 0.25238
1.808594 4.161133 0
0.458518 -0.888685 -0.000274
0 0 0 0
0 0.267639
1.815186 3.085205 -2.096191
0.999969 0.000981 -0.007804
0 0 0 0
0.987 0.999756
1.806152 3.085205 -2.122803
0.948184 0.001122 -0.31772
0 0 0 0
1 0.999756
1.806152 4.121826 -2.122803
0.948184 0.001122 -0.31772
0 0 0 0
1 0.494873
1.815186 4.121826 -2.096191
0.999969 0.000981 -0.007804
0 0 0 0
0.987 0.494873
1.815186 3.085205 -1.198242
1 0.000978 -0.000001
0 0 0 0
0.549805 0.999756
1.815186 4.121826 -1.198242
1 0.000978 -0.000001
0 0 0 0
0.549805 0.494873
1.815186 4.121826 0
1 0.000978 -0.000001
0 0 0 0
0.000061 0.494873
1.815186 3.085205 0
1 0.000978 -0.000001
0 0 0 0
0.000061 0.999756
1.102783 0.72876 -1.198242
0.000978 -1 0.000001
0 0 0 0
0.793762 0.999756
1.815186 0.72876 -1.198242
0.000978 -1 0.000001
0 0 0 0
0.793762 0.660034
1.815186 0.72876 0
0.000978 -1 0.000001
0 0 0 0
0.222107 0.660034
1.102783 0.72876 0
0.000978 -1 0.000001
0 0 0 0
0.222107 0.999756
1.102783 0.324707 -1.198242
0.999474 0.032304 -0.002866
0 0 0 0
-0.145569 0.999756
1.102783 0.72876 -1.198242
1 -0.000977 -0.000001
0 0 0 0
-0.145569 0.807373
1.102783 0.72876 0
1 -0.000977 -0.000001
0 0 0 0
-0.720581 0.807373
1.102783 0.324707 0
0.997007 0.077295 0.001841
0 0 0 0
-0.721069 0.999756
1.134521 0.307861 -1.149902
0.595765 0.803157 -0.001535
0 0 0 0
0.58905 0.182556
1.102783 0.324707 -1.198242
0.999474 0.032304 -0.002866
0 0 0 0
0.613708 0.168091
1.102783 0.324707 0
0.997007 0.077295 0.001841
0 0 0 0
0 0.168091
1.137939 0.307861 0
0.649094 0.760702 0.003087
0 0 0 0
0 0.182556
1.134766 0.296875 0
0.987858 -0.15536 -0.000834
0 0 0 0
0 0.19751
1.134766 0.297607 -1.151611
0.987806 -0.15566 -0.003026
0 0 0 0
0.589844 0.19751
0.97998 0.2771 0
0.130176 -0.991488 -0.002552
0 0 0 0
0.595032 0.911438
0.97998 0.2771 -1.200195
0.130176 -0.991488 -0.002552
0 0 0 0
0.000061 0.911438
1.134766 0.297607 -1.151611
0.130176 -0.991488 -0.002552
0 0 0 0
0.000061 0.992859
1.134766 0.296875 0
0.130176 -0.991488 -0.002552
0 0 0 0
0.548157 0.992859
0.97998 0 -1.200195
1 -0.000977 -0.000001
0 0 0 0
0 0.999756
0.97998 0.2771 -1.200195
1 -0.000977 -0.000001
0 0 0 0
0 0.867676
0.97998 0.2771 0
1 0.000978 -0.000001
0 0 0 0
-0.572449 0.867676
0.97998 0 0
1 0.000978 -0.000001
0 0 0 0
-0.572449 0.999756
1.808594 4.161133 -1.194092
0.986578 0.163289 0.000534
0 0 0 0
0.551819 0.267639
1.808594 4.161133 0
0.986578 0.163289 0.000534
0 0 0 0
0 0.267639
1.815186 4.121826 0
0.986578 0.163289 0.000534
0 0 0 0
0 0.28833
1.815186 4.121826 -1.198242
0.986578 0.163289 0.000534
0 0 0 0
0.551819 0.28833
1.808594 4.161133 -2.088623
0.986126 0.165826 -0.00759
0 0 0 0
0.986938 0.267639
1.815186 4.121826 -2.096191
0.986036 0.166142 -0.011427
0 0 0 0
0.986938 0.28833
1.799072 4.161133 -2.115723
0.924188 0.218445 -0.313301
0 0 0 0
1 0.267639
1.806152 4.121826 -2.122803
0.924188 0.218445 -0.313301
0 0 0 0
1 0.28833
0.881836 0.777832 -2.131836
0.001221 0.828859 -0.559456
0 0 0 0
-0.451355 0.168091
0 0.763184 -2.153809
0.001327 0.537494 -0.843267
0 0 0 0
-0.852905 0.182556
0 0.777832 -2.131836
0.00122 0.830608 -0.556857
0 0 0 0
-0.852905 0.168091
0.886719 0.763184 -2.153809
-0.001321 0.563996 -0.825776
0 0 0 0
-0.451355 0.182556
1.779541 0.777832 -2.131836
0.003662 0.828857 -0.559448
0 0 0 0
-0.013184 0.168091
1.813232 0.76001 -2.157715
0.009423 0.442894 -0.896525
0 0 0 0
-0.013184 0.182556
1.806152 0.777832 -2.122803
0.159745 0.892004 -0.42286
0 0 0 0
0 0.168091
1.83252 0.76001 -2.14917
0.255712 0.734705 -0.628347
0 0 0 0
0 0.182556
1.83252 0.746582 -2.14917
0.255712 -0.734705 -0.628347
0 0 0 0
0 0.19751
1.813232 0.746582 -2.157715
0.009426 -0.440347 -0.897778
0 0 0 0
-0.013184 0.19751
1.806152 0.72876 -2.122803
0.159745 -0.892004 -0.42286
0 0 0 0
0 0.211853
1.779541 0.72876 -2.131836
0.003662 -0.828857 -0.559448
0 0 0 0
-0.013184 0.211853
0.886719 0.743408 -2.153809
-0.001321 -0.563996 -0.825776
0 0 0 0
-0.451355 0.19751
0.881836 0.72876 -2.131836
0.001221 -0.828859 -0.559456
0 0 0 0
-0.451355 0.211853
0 0.743408 -2.153809
0.001327 -0.537494 -0.843267
0 0 0 0
-0.852905 0.19751
0 0.72876 -2.131836
0.00122 -0.830607 -0.556857
0 0 0 0
-0.852905 0.211853
0.881836 0.777832 -2.131836
0.001382 0.001382 -0.999998
0 0 0 0
-0.452759 0.999756
0 0.777832 -2.131836
0.001382 0.001382 -0.999998
0 0 0 0
-0.85968 0.999756
0 1.841064 -2.131836
0.001382 0.001382 -0.999998
0 0 0 0
-0.85968 0.494873
0.881836 1.841064 -2.131836
0.001382 0.001382 -0.999998
0 0 0 0
-0.452759 0.494873
1.779541 0.777832 -2.131836
0.009677 0.001382 -0.999952
0 0 0 0
-0.013123 0.999756
1.779541 1.841064 -2.131836
0.009677 0.001382 -0.999952
0 0 0 0
-0.013123 0.494873
1.806152 1.841064 -2.122803
0.315242 0.001365 -0.94901
0 0 0 0
0 0.494873
1.806152 0.777832 -2.122803
0.315242 0.001365 -0.94901
0 0 0 0
0 0.999756
0.881836 1.841064 -2.131836
0.00122 -0.830607 -0.556857
0 0 0 0
-0.451355 0.211853
0 1.841064 -2.131836
0.00122 -0.830607 -0.556857
0 0 0 0
-0.852905 0.211853
0 1.855713 -2.153809
0.001327 -0.537494 -0.843267
0 0 0 0
-0.852905 0.19751
0.886719 1.855713 -2.153809
-0.001326 -0.542344 -0.840155
0 0 0 0
-0.451355 0.19751
1.779541 1.841064 -2.131836
0.003656 -0.832347 -0.554243
0 0 0 0
-0.013184 0.211853
1.797119 1.856201 -2.154541
0.012099 -0.45305 -0.891403
0 0 0 0
-0.013184 0.19751
1.806152 1.841064 -2.122803
0.169311 -0.867865 -0.467059
0 0 0 0
0 0.211853
1.826416 1.856201 -2.143066
0.296163 -0.549272 -0.781401
0 0 0 0
0 0.19751
1.797119 1.874756 -2.154541
0.012099 0.45305 -0.891403
0 0 0 0
-0.013184 0.182556
1.826416 1.874756 -2.143066
0.296163 0.549272 -0.781401
0 0 0 0
0 0.182556
1.806152 1.889893 -2.122803
0.169311 0.867865 -0.467059
0 0 0 0
0 0.168091
1.779541 1.889893 -2.131836
0.003656 0.832347 -0.554243
0 0 0 0
-0.013184 0.168091
0.886719 1.875244 -2.153809
-0.001326 0.542344 -0.840155
0 0 0 0
-0.451355 0.182556
0.881836 1.889893 -2.131836
0.00122 0.830608 -0.556857
0 0 0 0
-0.451355 0.168091
0 1.875244 -2.153809
0.001327 0.537494 -0.843267
0 0 0 0
-0.852905 0.182556
0 1.889893 -2.131836
0.00122 0.830608 -0.556857
0 0 0 0
-0.852905 0.168091
0.881836 2.104736 -2.131836
0.00122 0.830608 -0.556857
0 0 0 0
-0.451355 0.168091
0 2.090088 -2.153809
0.001327 0.537494 -0.843267
0 0 0 0
-0.852905 0.182556
0 2.104736 -2.131836
0.00122 0.830608 -0.556857
0 0 0 0
-0.852905 0.168091
0.886719 2.090088 -2.153809
-0.001326 0.542344 -0.840155
0 0 0 0
-0.451355 0.182556
1.779541 2.104736 -2.131836
0.003656 0.832347 -0.554243
0 0 0 0
-0.013184 0.168091
1.797119 2.0896 -2.154541
0.012099 0.45305 -0.891403
0 0 0 0
-0.013184 0.182556
1.806152 2.104736 -2.122803
0.169311 0.867865 -0.467059
0 0 0 0
0 0.168091
1.826416 2.0896 -2.143066
0.296163 0.549272 -0.781401
0 0 0 0
0 0.182556
1.826416 2.071045 -2.143066
0.296163 -0.549272 -0.781401
0 0 0 0
0 0.19751
1.797119 2.071045 -2.154541
0.012099 -0.45305 -0.891403
0 0 0 0
-0.013184 0.19751
0.886719 2.070557 -2.153809
-0.001326 -0.542344 -0.840155
0 0 0 0
-0.451355 0.19751
0 2.070557 -2.153809
0.001327 -0.537494 -0.843267
0 0 0 0
-0.852905 0.19751
0.881836 2.055908 -2.131836
0.00122 -0.830607 -0.556857
0 0 0 0
-0.451355 0.211853
0 2.055908 -2.131836
0.00122 -0.830607 -0.556857
0 0 0 0
-0.852905 0.211853
1.779541 2.055908 -2.131836
0.003656 -0.832347 -0.554243
0 0 0 0
-0.013184 0.211853
1.806152 2.055908 -2.122803
0.169311 -0.867865 -0.467059
0 0 0 0
0 0.211853
0.881836 2.104736 -2.131836
-0.001382 0.001382 -0.999998
0 0 0 0
-0.455444 0.999756
0 2.104736 -2.131836
0.001382 0.001382 -0.999998
0 0 0 0
-0.864807 0.999756
0 3.036377 -2.131836
0.001382 0.001382 -0.999998
0 0 0 0
-0.864807 0.552246
0.881836 3.036377 -2.131836
-0.001382 0.001382 -0.999998
0 0 0 0
-0.455444 0.552246
1.779541 3.036377 -2.131836
0.009677 0.001382 -0.999952
0 0 0 0
-0.013184 0.552246
1.779541 2.104736 -2.131836
0.009677 0.001382 -0.999952
0 0 0 0
-0.013184 0.999756
1.806152 3.036377 -2.122803
0.315242 0.001365 -0.94901
0 0 0 0
0 0.552246
1.806152 2.104736 -2.122803
0.315242 0.001365 -0.94901
0 0 0 0
0 0.999756
0.881836 3.036377 -2.131836
0.00122 -0.830607 -0.556857
0 0 0 0
-0.451355 0.211853
0 3.036377 -2.131836
0.00122 -0.830607 -0.556857
0 0 0 0
-0.852905 0.211853
0 3.051025 -2.153809
0.001327 -0.537494 -0.843267
0 0 0 0
-0.852905 0.19751
0.886719 3.051025 -2.153809
-0.001326 -0.542344 -0.840155
0 0 0 0
-0.451355 0.19751
1.779541 3.036377 -2.131836
0.003656 -0.832347 -0.554243
0 0 0 0
-0.013184 0.211853
1.804443 3.051514 -2.154541
0.01486 -0.414724 -0.909826
0 0 0 0
-0.013184 0.19751
1.806152 3.036377 -2.122803
0.181518 -0.881824 -0.435244
0 0 0 0
0 0.211853
1.826416 3.051514 -2.143066
0.338556 -0.619622 -0.70813
0 0 0 0
0 0.19751
1.804443 3.070068 -2.154541
0.01486 0.414724 -0.909826
0 0 0 0
-0.013184 0.182556
1.826416 3.070068 -2.143066
0.338556 0.619622 -0.70813
0 0 0 0
0 0.182556
1.806152 3.085205 -2.122803
0.181518 0.881824 -0.435243
0 0 0 0
0 0.168091
1.779541 3.085205 -2.131836
0.003656 0.832347 -0.554243
0 0 0 0
-0.013184 0.168091
0.886719 3.070557 -2.153809
-0.001326 0.542344 -0.840155
0 0 0 0
-0.451355 0.182556
0.881836 3.085205 -2.131836
0.00122 0.830608 -0.556857
0 0 0 0
-0.451355 0.168091
0 3.070557 -2.153809
0.001327 0.537494 -0.843267
0 0 0 0
-0.852905 0.182556
0 3.085205 -2.131836
0.00122 0.830608 -0.556857
0 0 0 0
-0.852905 0.168091
1.779541 1.889893 -2.131836
0.009677 0.001382 -0.999952
0 0 0 0
0.013245 0.963867
1.806152 2.055908 -2.122803
0.315242 0.001365 -0.94901
0 0 0 0
0.000061 0.884216
1.806152 1.889893 -2.122803
0.315242 0.001365 -0.94901
0 0 0 0
0.000061 0.963867
1.779541 2.055908 -2.131836
0.009677 0.001382 -0.999952
0 0 0 0
0.013367 0.884216
0.881836 2.055908 -2.131836
-0.001382 -0.001382 -0.999998
0 0 0 0
0.455933 0.884216
0.881836 1.889893 -2.131836
-0.001382 -0.001382 -0.999998
0 0 0 0
0.455933 0.963867
0 2.055908 -2.131836
0.001382 -0.001382 -0.999998
0 0 0 0
0.865662 0.884216
0 1.889893 -2.131836
0.001382 -0.001382 -0.999998
0 0 0 0
0.865662 0.963867
0 4.19458 -2.155273
0.001318 0.573525 -0.819187
0 0 0 0
-0.848145 0.239868
0 4.209961 -2.131836
0.001217 0.835812 -0.549014
0 0 0 0
-0.848145 0.22406
0.881836 4.209961 -2.131836
0.001217 0.835812 -0.549014
0 0 0 0
-0.448181 0.22406
0.884033 4.19458 -2.155273
-0.001317 0.578267 -0.815846
0 0 0 0
-0.448181 0.239868
0 4.176514 -2.155273
0.001292 -0.66531 -0.746566
0 0 0 0
-0.848145 0.25238
0.884033 4.176514 -2.155273
-0.00129 -0.669719 -0.742614
0 0 0 0
-0.448181 0.25238
0.877441 4.161133 -2.125244
0.00118 -0.888849 -0.458199
0 0 0 0
-0.448181 0.267639
0 4.161133 -2.125244
0.00118 -0.888849 -0.458199
0 0 0 0
-0.848145 0.267639
1.771973 4.161133 -2.125244
0.003541 -0.888846 -0.458192
0 0 0 0
-0.013062 0.267639
1.792969 4.177002 -2.156006
0.014462 -0.587687 -0.808959
0 0 0 0
-0.013062 0.25238
1.799072 4.161133 -2.115723
0.153016 -0.910044 -0.385234
0 0 0 0
0 0.267639
1.825195 4.177002 -2.141846
0.293517 -0.662002 -0.689639
0 0 0 0
0 0.25238
1.792969 4.194092 -2.156006
0.014652 0.515484 -0.856774
0 0 0 0
-0.013062 0.239868
1.825195 4.194092 -2.141846
0.326467 0.547579 -0.770439
0 0 0 0
0 0.239868
1.806152 4.209961 -2.122803
0.191897 0.852211 -0.486736
0 0 0 0
0 0.22406
1.779541 4.209961 -2.131836
0.006083 0.835806 -0.548991
0 0 0 0
-0.013062 0.22406
1.806152 3.085205 -2.122803
0.315242 0.001365 -0.94901
0 0 0 0
0 0.999756
1.779541 4.121826 -2.131836
0.009677 0.001382 -0.999952
0 0 0 0
-0.013123 0.494873
1.806152 4.121826 -2.122803
0.315242 0.001365 -0.94901
0 0 0 0
0 0.494873
1.779541 3.085205 -2.131836
0.009677 0.001382 -0.999952
0 0 0 0
-0.013123 0.999756
0.881836 3.085205 -2.131836
-0.001382 0.001382 -0.999998
0 0 0 0
-0.452759 0.999756
0.881836 4.121826 -2.131836
-0.001382 0.001382 -0.999998
0 0 0 0
-0.452759 0.494873
0 4.121826 -2.131836
0.001382 0.001382 -0.999998
0 0 0 0
-0.85968 0.494873
0 3.085205 -2.131836
0.001382 0.001382 -0.999998
0 0 0 0
-0.85968 0.999756
1.806152 0.324707 -2.122803
0.315112 0.055929 -0.947405
0 0 0 0
0 0.999756
1.779541 0.72876 -2.131836
0.009677 -0.001382 -0.999952
0 0 0 0
-0.014343 0.807373
1.806152 0.72876 -2.122803
0.315242 0.001365 -0.94901
0 0 0 0
0 0.807373
1.779541 0.324707 -2.131836
0.009673 0.053894 -0.9985
0 0 0 0
-0.014343 0.999756
0.881836 0.324707 -2.131836
0.001382 0.045608 -0.998958
0 0 0 0
-0.450195 0.999756
0.881836 0.72876 -2.131836
0.001382 -0.001382 -0.999998
0 0 0 0
-0.450195 0.807373
0 0.324707 -2.131836
0.001382 0.04837 -0.998829
0 0 0 0
-0.87085 0.999756
0 0.72876 -2.131836
0.001382 -0.001382 -0.999998
0 0 0 0
-0.87085 0.807373
0.881836 0.309326 -2.152588
0.001333 0.513039 -0.858364
0 0 0 0
-0.472839 0.182556
0.881836 0.324707 -2.131836
0.001382 0.045608 -0.998958
0 0 0 0
-0.472839 0.168091
1.779541 0.324707 -2.131836
0.009673 0.053894 -0.9985
0 0 0 0
-0.013184 0.168091
1.789795 0.314209 -2.145752
0.014921 0.378443 -0.925504
0 0 0 0
-0.013184 0.182556
1.806152 0.324707 -2.122803
0.315112 0.055929 -0.947405
0 0 0 0
0 0.168091
1.820312 0.314941 -2.136963
0.251162 0.385472 -0.887879
0 0 0 0
0 0.182556
1.818359 0.298828 -2.13501
0.266158 -0.165155 -0.949676
0 0 0 0
0 0.19751
1.788818 0.298096 -2.142822
0.017885 -0.193985 -0.980841
0 0 0 0
-0.013184 0.19751
0.881836 0.297119 -2.149902
0.004126 -0.202163 -0.979343
0 0 0 0
-0.472839 0.19751
1.643311 0.2771 -2.012939
0.003145 -0.988639 -0.150279
0 0 0 0
0.442993 0.992859
0.883545 0.2771 -2.012939
0.001047 -0.989184 -0.146678
0 0 0 0
0.145081 0.992798
0.881836 0.297119 -2.149902
0.001047 -0.989184 -0.146678
0 0 0 0
0.145081 0.911255
1.788818 0.298096 -2.142822
0.007327 -0.989164 -0.146632
0 0 0 0
0.499756 0.911438
1.678711 0.2771 -1.995361
0.050332 -0.993283 -0.104191
0 0 0 0
0.4552 0.992859
1.818359 0.298828 -2.13501
0.050332 -0.993283 -0.104191
0 0 0 0
0.512024 0.911438
0 0 -2.012939
0.001382 0.001382 -0.999998
0 0 0 0
-0.797302 0.999756
0 0.2771 -2.012939
0.001382 0.001382 -0.999998
0 0 0 0
-0.797302 0.867676
0.883545 0.2771 -2.012939
0.001382 -0.001382 -0.999998
0 0 0 0
-0.375854 0.867676
0.883545 0 -2.012939
0.001382 -0.001382 -0.999998
0 0 0 0
-0.375854 0.999756
2206
2 1 0
1 3 0
1 4 3
4 5 3
5 4 6
7 5 6
7 6 8
6 9 8
10 8 9
11 10 9
10 11 12
11 13 12
12 13 14
15 12 14
14 16 15
16 17 15
17 16 18
19 17 18
19 18 20
18 21 20
22 20 21
23 22 21
22 23 24
23 25 24
25 26 24
26 27 24
27 26 28
29 27 28
29 28 30
28 31 30
32 30 31
33 32 31
32 33 34
33 35 34
34 35 36
37 34 36
36 38 37
38 39 37
39 38 40
41 39 40
41 40 42
40 43 42
44 42 43
45 44 43
44 45 46
45 47 46
48 46 47
49 48 47
52 51 50
53 52 50
54 53 50
55 54 50
55 56 54
56 57 54
57 56 58
59 57 58
57 59 60
59 61 60
60 61 62
63 60 62
63 62 64
65 63 64
65 64 66
67 65 66
53 67 66
52 53 66
70 69 68
70 71 69
70 72 71
72 73 71
72 74 73
72 75 74
75 76 74
75 77 76
75 78 77
78 79 77
78 80 79
78 81 80
81 82 80
81 83 82
81 84 83
84 85 83
84 86 85
84 87 86
87 88 86
87 89 88
87 90 89
90 91 89
90 92 91
90 93 92
93 94 92
93 68 94
93 70 68
95 70 93
95 93 90
95 90 87
95 87 84
95 84 81
95 81 78
95 78 75
95 75 72
95 72 70
98 97 96
99 98 96
99 96 100
101 99 100
100 102 101
102 103 101
103 102 104
105 103 104
104 106 105
106 107 105
108 107 106
109 108 106
109 110 108
110 111 108
112 111 110
113 112 110
113 114 112
114 115 112
116 115 114
117 116 114
118 116 117
119 118 117
118 119 120
119 121 120
120 121 122
123 120 122
123 122 124
125 123 124
125 124 126
127 125 126
128 127 126
129 128 126
128 129 130
131 128 130
132 131 130
133 132 130
132 133 134
135 132 134
136 135 134
137 136 134
136 137 138
139 136 138
140 139 138
141 140 138
140 141 142
141 143 142
144 142 143
145 144 143
148 147 146
149 148 146
148 149 150
149 151 150
152 150 151
153 152 151
153 154 152
154 155 152
154 156 155
156 157 155
157 156 158
156 159 158
160 158 159
161 160 159
160 161 162
161 163 162
164 162 163
165 164 163
164 165 166
165 167 166
167 168 166
168 169 166
169 168 170
168 171 170
171 172 170
172 173 170
174 173 172
175 174 172
175 176 174
176 177 174
177 176 178
179 177 178
178 180 179
180 181 179
182 181 180
183 182 180
183 184 182
184 185 182
186 185 184
187 186 184
188 186 187
189 188 187
188 189 190
191 188 190
192 191 190
193 192 190
192 193 194
193 195 194
198 197 196
199 198 196
199 196 200
201 199 200
201 200 202
203 201 202
203 202 204
205 203 204
205 204 206
207 205 206
207 206 208
209 207 208
209 208 210
211 209 210
211 210 212
213 211 212
213 212 214
215 213 214
215 214 216
214 217 216
216 217 218
217 219 218
218 219 220
219 221 220
220 221 222
223 220 222
223 222 224
225 223 224
225 224 226
227 225 226
227 226 228
229 227 228
230 229 228
231 230 228
232 230 231
233 232 231
234 232 233
235 234 233
236 234 235
237 236 235
238 236 237
239 238 237
240 238 239
241 240 239
242 240 241
243 242 241
244 242 243
245 244 243
248 247 246
247 249 246
250 246 249
251 250 249
249 252 251
252 253 251
254 253 252
255 254 252
255 252 256
256 257 255
260 259 258
261 260 258
264 263 262
265 264 262
265 262 266
267 265 266
270 269 268
271 270 268
272 270 271
273 272 271
274 272 273
275 274 273
278 277 276
279 278 276
282 281 280
281 283 280
284 280 283
285 284 283
284 285 286
285 287 286
288 287 285
289 288 285
288 289 290
289 291 290
289 292 291
292 293 291
292 294 293
294 295 293
292 283 294
283 281 294
283 292 285
292 289 285
298 297 296
297 299 296
299 297 300
301 299 300
301 300 302
303 301 302
306 305 304
305 307 304
308 304 307
309 308 307
309 307 310
310 307 311
307 305 311
311 312 310
312 313 310
314 310 313
315 314 313
314 315 316
317 314 316
314 317 309
314 309 310
317 318 309
308 309 318
319 308 318
322 321 320
321 323 320
324 320 323
325 324 323
324 325 326
325 327 326
328 327 325
329 328 325
329 325 323
330 329 323
330 323 321
331 330 321
332 330 331
333 332 331
330 332 334
329 330 334
334 335 329
335 328 329
338 337 336
337 339 336
339 337 340
337 341 340
342 340 341
343 342 341
346 345 344
345 347 344
344 347 348
347 349 348
348 349 350
351 348 350
352 350 349
353 352 349
352 353 354
353 355 354
356 355 353
357 356 353
357 353 349
347 357 349
357 347 358
347 345 358
358 359 357
359 356 357
362 361 360
361 363 360
363 364 360
364 365 360
365 364 366
367 365 366
370 369 368
369 371 368
368 371 372
371 373 372
374 372 373
375 374 373
375 373 376
373 377 376
378 376 377
379 378 377
377 380 379
380 381 379
381 380 382
383 381 382
369 382 380
371 369 380
380 377 371
377 373 371
386 385 384
387 386 384
388 386 387
389 388 387
389 390 388
390 391 388
394 393 392
393 395 392
396 395 393
397 396 393
397 398 396
398 399 396
402 401 400
403 402 400
402 403 404
403 405 404
406 405 403
407 406 403
403 400 407
400 408 407
411 410 409
412 411 409
412 409 413
414 412 413
417 416 415
418 417 415
418 419 417
419 420 417
421 420 419
422 421 419
425 424 423
426 425 423
425 426 427
426 428 427
427 428 429
428 430 429
433 432 431
434 433 431
431 435 434
435 436 434
436 435 437
438 436 437
438 439 436
439 440 436
439 441 440
441 442 440
443 440 442
444 443 442
445 443 444
446 445 444
434 443 445
433 434 445
434 436 443
436 440 443
449 448 447
450 449 447
449 450 451
450 452 451
453 451 452
454 453 452
457 456 455
458 457 455
457 458 459
458 460 459
459 460 461
460 462 461
460 463 462
463 464 462
464 463 465
463 466 465
466 463 467
468 466 467
467 469 468
469 470 468
455 469 467
458 455 467
458 467 460
467 463 460
473 472 471
474 473 471
471 475 474
475 476 474
476 475 477
478 476 477
478 479 476
479 480 476
476 480 474
480 481 474
474 481 482
473 474 482
481 483 482
483 484 482
483 481 485
481 480 485
485 480 486
480 479 486
489 488 487
490 489 487
490 491 489
491 492 489
491 493 492
493 494 492
497 496 495
498 497 495
497 498 499
498 500 499
499 500 501
500 502 501
502 500 503
504 502 503
504 503 505
503 506 505
506 503 507
508 506 507
507 509 508
509 510 508
509 507 495
507 498 495
500 498 507
503 500 507
513 512 511
514 513 511
513 514 515
514 516 515
516 517 515
517 518 515
521 520 519
522 521 519
522 519 523
524 522 523
523 525 524
525 526 524
524 526 527
528 524 527
257 529 255
257 530 529
530 531 529
531 530 532
530 533 532
533 534 532
534 535 532
534 536 535
536 537 535
538 537 536
539 538 536
538 539 540
539 541 540
541 542 540
542 543 540
543 542 544
542 545 544
545 546 544
546 547 544
548 547 546
549 548 546
549 550 548
550 551 548
551 550 552
553 551 552
554 553 552
555 554 552
556 554 555
557 556 555
557 558 556
558 559 556
560 559 558
561 560 558
562 560 561
563 562 561
562 563 564
563 565 564
564 565 566
565 567 566
568 566 567
569 568 567
568 570 566
570 571 566
566 571 564
571 572 564
564 572 573
562 564 573
249 247 574
252 249 574
252 574 256
577 576 575
576 578 575
579 575 578
580 579 578
579 580 581
582 579 581
583 582 581
584 583 581
583 584 585
584 586 585
585 586 587
588 585 587
588 587 589
587 590 589
589 590 591
592 589 591
591 593 592
593 594 592
595 594 593
596 595 593
595 596 597
596 598 597
597 598 599
600 597 599
601 600 599
602 601 599
602 603 601
603 604 601
604 603 605
606 604 605
605 607 606
607 608 606
608 607 609
610 608 609
610 609 611
609 612 611
611 612 613
614 611 613
614 613 615
613 616 615
615 616 617
618 615 617
617 619 618
619 620 618
620 619 621
622 620 621
622 621 623
621 624 623
627 626 625
626 628 625
626 629 628
629 630 628
631 630 629
632 631 629
632 633 631
633 634 631
635 634 633
636 635 633
636 637 635
637 638 635
639 638 637
640 639 637
640 641 639
641 642 639
641 643 642
643 644 642
643 645 644
645 646 644
645 647 646
647 648 646
647 649 648
649 650 648
650 649 651
649 652 651
651 652 653
652 654 653
653 654 655
654 656 655
655 656 657
656 658 657
658 659 657
659 660 657
660 659 661
659 662 661
661 662 663
662 664 663
663 664 665
664 666 665
665 666 667
666 668 667
667 668 669
668 670 669
670 671 669
671 672 669
671 673 672
673 674 672
677 676 675
675 676 678
675 678 679
678 680 679
679 680 681
680 682 681
682 680 683
684 682 683
685 683 680
678 685 680
685 678 686
678 687 686
676 687 678
688 686 687
689 688 687
688 689 690
691 688 690
692 691 690
693 692 690
692 693 694
695 692 694
696 695 694
697 696 694
696 697 698
697 699 698
700 698 699
701 700 699
701 702 700
702 703 700
703 702 704
702 705 704
704 705 706
707 704 706
708 707 706
709 708 706
708 709 710
711 708 710
710 712 711
712 713 711
713 712 714
715 713 714
714 716 715
716 717 715
717 716 718
719 717 718
719 718 720
718 721 720
720 721 722
721 723 722
723 724 722
724 725 722
725 724 726
727 725 726
726 728 727
728 729 727
730 728 726
731 730 726
731 726 724
732 731 724
733 732 724
723 733 724
732 733 734
737 736 735
738 736 737
739 738 737
740 739 737
741 740 737
741 737 742
742 737 735
742 735 743
744 742 743
744 743 745
746 744 745
746 745 747
748 746 747
748 747 749
748 749 750
750 749 751
752 750 751
752 751 753
754 752 753
754 753 755
754 755 756
755 757 756
756 757 758
756 758 759
760 756 759
760 759 761
762 760 761
763 762 761
762 763 764
763 765 764
764 765 766
765 767 766
766 767 768
769 766 768
769 768 770
771 769 770
771 770 772
773 771 772
773 772 774
775 773 774
775 774 776
777 775 776
777 776 778
776 779 778
778 779 780
779 781 780
780 781 782
781 783 782
528 527 784
785 528 784
786 528 785
787 786 785
786 787 788
787 789 788
786 788 522
788 521 522
528 786 522
524 528 522
792 791 790
793 792 790
793 794 792
794 795 792
795 794 796
794 797 796
800 799 798
799 801 798
801 802 798
802 803 798
802 804 803
804 805 803
808 807 806
807 809 806
809 807 810
811 809 810
811 812 809
812 813 809
806 809 813
814 806 813
817 816 815
818 817 815
819 818 815
820 819 815
820 821 819
821 822 819
825 824 823
824 826 823
827 823 826
828 827 826
831 830 829
832 831 829
833 831 832
834 833 832
837 836 835
836 838 835
838 836 839
840 838 839
840 839 841
842 840 841
845 844 843
846 845 843
849 848 847
848 850 847
851 850 848
852 851 848
855 854 853
856 855 853
859 858 857
860 859 857
860 857 861
857 862 861
863 862 857
864 863 857
865 864 857
858 865 857
868 867 866
867 869 866
869 867 870
867 871 870
874 873 872
875 874 872
875 872 876
877 875 876
880 879 878
881 880 878
884 883 882
883 885 882
886 885 883
887 886 883
890 889 888
891 890 888
894 893 892
893 895 892
896 892 895
897 896 895
896 897 898
897 899 898
900 899 897
901 900 897
900 901 902
901 903 902
901 904 903
904 905 903
904 906 905
906 907 905
904 895 906
895 893 906
895 904 897
904 901 897
910 909 908
909 911 908
911 909 912
909 913 912
912 913 914
915 912 914
918 917 916
917 919 916
920 916 919
921 920 919
921 919 922
922 919 923
919 917 923
923 924 922
924 925 922
926 922 925
927 926 925
926 927 928
929 926 928
926 929 921
926 921 922
929 930 921
920 921 930
931 920 930
934 933 932
933 935 932
936 932 935
937 936 935
935 938 937
938 939 937
937 939 940
941 937 940
936 937 941
942 936 941
943 940 939
944 943 939
944 939 945
939 938 945
946 945 938
947 946 938
938 935 947
935 933 947
950 949 948
951 950 948
950 951 952
951 953 952
952 953 954
953 955 954
958 957 956
957 959 956
960 956 959
961 960 959
960 961 962
961 963 962
964 963 961
965 964 961
965 961 959
966 965 959
966 959 957
967 966 957
968 966 967
969 968 967
966 968 970
965 966 970
970 971 965
971 964 965
974 973 972
973 975 972
976 972 975
977 976 975
978 976 977
979 978 977
982 981 980
981 983 980
980 983 984
983 985 984
984 985 986
987 984 986
988 986 985
989 988 985
988 989 990
989 991 990
992 991 989
993 992 989
993 989 985
983 993 985
993 983 994
983 981 994
994 995 993
995 992 993
998 997 996
997 999 996
996 999 1000
1001 996 1000
1002 1001 1000
1003 1002 1000
1006 1005 1004
1005 1007 1004
1007 1005 1008
1009 1007 1008
1008 1010 1009
1010 1011 1009
1014 1013 1012
1015 1014 1012
1018 1017 1016
1019 1018 1016
1022 1021 1020
1021 1023 1020
1023 1024 1020
1024 1025 1020
1028 1027 1026
1029 1028 1026
1032 1031 1030
1033 1032 1030
1036 1035 1034
1037 1036 1034
1034 1038 1037
1038 1039 1037
1039 1038 1040
1041 1039 1040
1041 1042 1039
1042 1043 1039
1042 1044 1043
1044 1045 1043
1046 1043 1045
1047 1046 1045
1048 1046 1047
1049 1048 1047
1037 1046 1048
1036 1037 1048
1037 1039 1046
1039 1043 1046
1052 1051 1050
1053 1052 1050
1052 1053 1054
1053 1055 1054
1056 1054 1055
1057 1056 1055
1060 1059 1058
1061 1060 1058
1060 1061 1062
1061 1063 1062
1062 1063 1064
1063 1065 1064
1063 1066 1065
1066 1067 1065
1067 1066 1068
1066 1069 1068
1069 1066 1070
1071 1069 1070
1070 1072 1071
1072 1073 1071
1058 1072 1070
1061 1058 1070
1061 1070 1063
1070 1066 1063
782 783 1074
783 1075 1074
1074 1075 1076
1075 1077 1076
1077 1078 1076
1078 1079 1076
1078 1080 1079
1080 1081 1079
1081 1080 1082
1083 1081 1082
1084 1083 1082
1083 1084 1085
1084 1086 1085
1086 1087 1085
1087 1088 1085
1088 1089 1085
1090 1089 1088
1089 1090 1091
1090 1092 1091
1091 1092 1093
1092 1094 1093
1094 1095 1093
1094 1096 1095
1095 1096 1097
1096 1098 1097
1097 1098 1099
1098 1100 1099
1099 1100 1101
1100 1102 1101
1101 1102 1103
1102 1104 1103
1104 738 1103
738 739 1103
1103 739 740
1105 1103 740
1101 1103 1105
1106 1101 1105
1099 1101 1106
1107 1099 1106
1097 1099 1107
1108 1097 1107
1095 1097 1108
1109 1095 1108
1095 1109 1093
1093 1109 1110
1109 1108 1110
1108 1111 1110
1110 1111 1112
1113 1110 1112
1113 1093 1110
1091 1093 1113
1114 1091 1113
1089 1091 1114
1085 1089 1114
1114 1115 1085
1116 1085 1115
1083 1085 1116
1081 1083 1116
1081 1116 1117
1079 1081 1117
1079 1117 1118
1076 1079 1118
1074 1076 1118
1119 1074 1118
1119 1118 1120
1118 1117 1120
1120 1117 1121
1117 1116 1121
1116 1115 1121
1115 1114 1121
1114 1113 1121
1121 1113 1122
1113 1112 1122
1122 1112 1123
1122 1123 1124
1121 1122 1124
1124 1120 1121
1125 1120 1124
1125 1119 1120
1126 1119 1125
1074 1119 1126
782 1074 1126
780 782 1126
1127 780 1126
778 780 1127
1128 778 1127
777 778 1128
1129 777 1128
1129 1128 1130
1130 1128 1131
1128 1127 1131
1131 1127 1132
1127 1126 1132
1132 1126 1125
1132 1125 1133
1133 1125 1124
1123 1133 1124
1133 1123 1134
1134 1132 1133
1132 1134 1135
1131 1132 1135
1130 1131 1135
1136 1130 1135
1135 1137 1136
1137 1135 1134
1138 1137 1134
1123 1138 1134
1123 1139 1138
1112 1139 1123
1111 1139 1112
1139 1111 1140
1139 1140 1138
1140 1141 1138
1141 1137 1138
1137 1141 1142
1137 1142 1136
1136 1142 1143
1142 1144 1143
1143 1144 1145
1146 1143 1145
1146 1145 1147
1148 1146 1147
1148 1147 1149
1147 1150 1149
1149 1150 1151
1152 1149 1151
1152 1151 1153
1151 1154 1153
1153 1154 1155
1155 1154 1156
1154 1157 1156
1154 1151 1157
1151 1158 1157
1151 1150 1158
1150 1159 1158
1150 1147 1159
1147 1160 1159
1147 1145 1160
1145 1161 1160
1160 1161 1162
1161 1163 1162
1162 1163 1164
1163 741 1164
1164 741 742
1164 742 744
1165 1164 744
1165 744 746
1166 1165 746
1166 746 748
1167 1166 748
1167 748 750
1168 1167 750
1156 1168 750
1156 750 752
1169 1156 752
1169 752 754
756 1169 754
1170 1169 756
756 1171 1170
756 760 1171
760 762 1171
1171 762 1172
762 764 1172
1172 764 1173
764 766 1173
1173 766 769
1174 1173 769
1174 769 771
1175 1174 771
1175 771 773
1176 1175 773
1176 773 775
1177 1176 775
1177 775 777
1129 1177 777
1178 1177 1129
1179 1178 1129
1179 1129 1130
1179 1130 1136
1143 1179 1136
1143 1146 1179
1146 1178 1179
1146 1148 1178
1148 1180 1178
1178 1180 1177
1180 1176 1177
1180 1181 1176
1181 1175 1176
1181 1182 1175
1182 1174 1175
1182 1183 1174
1183 1173 1174
1172 1173 1183
1155 1172 1183
1153 1155 1183
1153 1183 1182
1152 1153 1182
1152 1182 1181
1149 1152 1181
1149 1181 1148
1181 1180 1148
1171 1172 1155
1170 1171 1155
1170 1155 1169
1155 1156 1169
1157 1168 1156
1157 1158 1168
1158 1184 1168
1168 1184 1167
1184 1166 1167
1184 1185 1166
1185 1165 1166
1185 1162 1165
1162 1164 1165
1160 1162 1185
1159 1160 1185
1159 1185 1184
1158 1159 1184
740 741 1163
1186 740 1163
1187 1186 1163
1161 1187 1163
1187 1161 1145
1144 1187 1145
1188 1187 1144
1142 1188 1144
1141 1188 1142
1141 1189 1188
1189 1190 1188
1188 1190 1187
1190 1186 1187
740 1186 1190
1105 740 1190
1106 1105 1190
1189 1106 1190
1107 1106 1189
1191 1107 1189
1191 1189 1141
1140 1191 1141
1111 1191 1140
1111 1108 1191
1108 1107 1191
1194 1193 1192
1195 1194 1192
1192 1196 1195
1196 1197 1195
1196 1198 1197
1198 1199 1197
1198 1200 1199
1200 1201 1199
1200 1202 1201
1202 1203 1201
1202 1204 1203
1204 1205 1203
1204 1206 1205
1206 1207 1205
1210 1209 1208
1211 1210 1208
1208 1212 1211
1212 1213 1211
1213 1212 1214
1215 1213 1214
1215 1216 1213
1216 1217 1213
1213 1217 1211
1217 1218 1211
1211 1218 1219
1210 1211 1219
1218 1220 1219
1220 1221 1219
1220 1218 1222
1218 1217 1222
1222 1217 1223
1217 1216 1223
1226 1225 1224
1227 1226 1224
1227 1228 1226
1228 1229 1226
1228 1230 1229
1230 1231 1229
1234 1233 1232
1235 1234 1232
1234 1235 1236
1235 1237 1236
1236 1237 1238
1237 1239 1238
1239 1237 1240
1241 1239 1240
1241 1240 1242
1240 1243 1242
1243 1240 1244
1245 1243 1244
1244 1246 1245
1246 1247 1245
1246 1244 1232
1244 1235 1232
1237 1235 1244
1240 1237 1244
1250 1249 1248
1251 1250 1248
1252 1251 1248
1253 1252 1248
1252 1253 1254
1253 1255 1254
1258 1257 1256
1259 1258 1256
1259 1256 1260
1261 1259 1260
1260 1262 1261
1262 1263 1261
1261 1263 1264
1265 1261 1264
1265 1264 1266
1267 1265 1266
1268 1265 1267
1269 1268 1267
1268 1269 1270
1269 1271 1270
1268 1270 1259
1270 1258 1259
1265 1268 1259
1261 1265 1259
1274 1273 1272
1275 1274 1272
1275 1276 1274
1276 1277 1274
1277 1276 1278
1276 1279 1278
1282 1281 1280
1281 1283 1280
1283 1284 1280
1284 1285 1280
1284 1286 1285
1286 1287 1285
1290 1289 1288
1289 1291 1288
1291 1289 1292
1293 1291 1292
1293 1294 1291
1294 1295 1291
1288 1291 1295
1296 1288 1295
1299 1298 1297
1300 1299 1297
1301 1300 1297
1302 1301 1297
1302 1303 1301
1303 1304 1301
1307 1306 1305
1306 1308 1305
1309 1305 1308
1310 1309 1308
1313 1312 1311
1314 1313 1311
1315 1313 1314
1316 1315 1314
1319 1318 1317
1318 1320 1317
1320 1318 1321
1322 1320 1321
1322 1321 1323
1324 1322 1323
1327 1326 1325
1328 1327 1325
1331 1330 1329
1332 1331 1329
1329 1333 1332
1333 1334 1332
1334 1333 1335
1336 1334 1335
1336 1337 1334
1337 1338 1334
1337 1339 1338
1339 1340 1338
1341 1338 1340
1342 1341 1340
1343 1341 1342
1344 1343 1342
1341 1343 1332
1343 1331 1332
1332 1334 1341
1334 1338 1341
1347 1346 1345
1346 1348 1345
1348 1349 1345
1349 1350 1345
1351 1350 1349
1352 1351 1349
1355 1354 1353
1354 1356 1353
1353 1356 1357
1356 1358 1357
1357 1358 1359
1358 1360 1359
1358 1361 1360
1361 1362 1360
1362 1361 1363
1361 1364 1363
1364 1361 1365
1366 1364 1365
1365 1367 1366
1367 1368 1366
1367 1365 1356
1354 1367 1356
1356 1365 1358
1365 1361 1358
1371 1370 1369
1370 1372 1369
1369 1372 1373
1372 1374 1373
1373 1374 1375
1374 1376 1375
1374 1377 1376
1377 1378 1376
1379 1378 1377
1380 1379 1377
1377 1381 1380
1381 1382 1380
1382 1381 1383
1384 1382 1383
1383 1381 1372
1370 1383 1372
1374 1372 1381
1377 1374 1381
1387 1386 1385
1388 1387 1385
1388 1385 1389
1390 1388 1389
1390 1389 1391
1392 1390 1391
1395 1394 1393
1396 1395 1393
1393 1397 1396
1397 1398 1396
1398 1397 1399
1400 1398 1399
1400 1401 1398
1401 1402 1398
1398 1402 1396
1402 1403 1396
1396 1403 1395
1403 1404 1395
1404 1403 1405
1406 1404 1405
1405 1403 1407
1403 1402 1407
1407 1402 1408
1402 1401 1408
1411 1410 1409
1412 1411 1409
1409 1413 1412
1413 1414 1412
1413 1415 1414
1415 1416 1414
1419 1418 1417
1418 1420 1417
1417 1420 1421
1420 1422 1421
1421 1422 1423
1422 1424 1423
1424 1422 1425
1426 1424 1425
1426 1425 1427
1425 1428 1427
1428 1425 1429
1430 1428 1429
1429 1431 1430
1431 1432 1430
1429 1420 1431
1420 1418 1431
1422 1420 1429
1425 1422 1429
1435 1434 1433
1436 1435 1433
1436 1433 1437
1433 1438 1437
1438 1439 1437
1439 1440 1437
1443 1442 1441
1444 1443 1441
1445 1443 1444
1446 1445 1444
1445 1446 1447
1446 1448 1447
1451 1450 1449
1452 1451 1449
1453 1452 1449
1454 1453 1449
1454 1455 1453
1455 1456 1453
1459 1458 1457
1458 1460 1457
1460 1458 1461
1462 1460 1461
1462 1463 1460
1463 1464 1460
1457 1460 1464
1465 1457 1464
1468 1467 1466
1469 1468 1466
1466 1470 1469
1470 1471 1469
1470 1472 1471
1472 1473 1471
1476 1475 1474
1475 1477 1474
1478 1474 1477
1479 1478 1477
1482 1481 1480
1481 1483 1480
1484 1480 1483
1485 1484 1483
1206 1486 1207
1486 1487 1207
1486 1488 1487
1488 1489 1487
1490 1489 1488
1491 1490 1488
1492 1490 1491
1493 1492 1491
1492 1493 1494
1493 1495 1494
1495 1496 1494
1496 1497 1494
1496 1498 1497
1498 1499 1497
1499 1498 1500
1501 1499 1500
1500 1502 1501
1502 1503 1501
1503 1502 1504
1505 1503 1504
1506 1505 1504
1507 1506 1504
1506 1507 1508
1509 1506 1508
1510 1509 1508
1511 1510 1508
1510 1511 1512
1513 1510 1512
1512 1514 1513
1514 1515 1513
1515 1514 1516
1514 1517 1516
1518 1516 1517
1519 1518 1517
1522 1521 1520
1523 1522 1520
1520 1524 1523
1527 1526 1525
1526 1528 1525
1528 1529 1525
1529 1530 1525
1530 1529 1531
1532 1530 1531
1535 1534 1533
1534 1536 1533
1537 1533 1536
1540 1539 1538
1541 1540 1538
1540 1541 1542
1541 1543 1542
1542 1543 1544
1545 1542 1544
1548 1547 1546
1547 1549 1546
1550 1546 1549
1553 1552 1551
1554 1553 1551
1553 1554 1555
1554 1556 1555
1555 1556 1557
1558 1555 1557
1561 1560 1559
1562 1561 1559
1559 1563 1562
1566 1565 1564
1565 1567 1564
1567 1568 1564
1568 1569 1564
1569 1568 1570
1571 1569 1570
1574 1573 1572
1575 1574 1572
1576 1575 1572
1577 1576 1572
1576 1577 1578
1579 1576 1578
1580 1579 1578
1581 1580 1578
1580 1581 1582
1583 1580 1582
1584 1583 1582
1585 1584 1582
1584 1585 1586
1587 1584 1586
1588 1587 1586
1589 1588 1586
1588 1589 1590
1589 1591 1590
1590 1591 1592
1593 1590 1592
1594 1593 1592
1595 1594 1592
1594 1595 1596
1597 1594 1596
1598 1597 1596
1599 1598 1596
1598 1599 1600
1601 1598 1600
1602 1601 1600
1603 1602 1600
1602 1603 1604
1605 1602 1604
1606 1605 1604
1607 1606 1604
1606 1607 1608
1609 1606 1608
1612 1611 1610
1613 1612 1610
1614 1613 1610
1615 1614 1610
1614 1615 1616
1617 1614 1616
1617 1616 1618
1619 1617 1618
1619 1618 1620
1621 1619 1620
1621 1620 1622
1623 1621 1622
1623 1622 1624
1625 1623 1624
1625 1624 1626
1627 1625 1626
1627 1626 1628
1629 1627 1628
1629 1628 1630
1631 1629 1630
1632 1631 1630
1633 1632 1630
1632 1633 1634
1633 1635 1634
1636 1634 1635
1637 1636 1635
1636 1637 1638
1637 1639 1638
1640 1638 1639
1641 1640 1639
1640 1641 1642
1641 1643 1642
1644 1642 1643
1645 1644 1643
1644 1645 1646
1647 1644 1646
1650 1649 1648
1651 1650 1648
1651 1648 1652
1653 1651 1652
1653 1652 1654
1652 1655 1654
1654 1655 1656
1657 1654 1656
1657 1656 1658
1659 1657 1658
1660 1659 1658
1661 1660 1658
1660 1661 1662
1661 1663 1662
1664 1662 1663
1665 1664 1663
1664 1665 1666
1667 1664 1666
1667 1666 1668
1669 1667 1668
1670 1669 1668
1671 1670 1668
1670 1671 1672
1671 1673 1672
1674 1672 1673
1675 1674 1673
1674 1675 1676
1677 1674 1676
1678 1677 1676
1679 1678 1676
1678 1679 1680
1679 1681 1680
1680 1681 1682
1683 1680 1682
1683 1682 1684
1685 1683 1684
1688 1687 1686
1689 1688 1686
1690 1689 1686
1691 1690 1686
1690 1691 1692
1693 1690 1692
1693 1692 1694
1695 1693 1694
1695 1694 1696
1694 1697 1696
1698 1696 1697
1699 1698 1697
1698 1699 1700
1701 1698 1700
1702 1701 1700
1703 1702 1700
1702 1703 1704
1705 1702 1704
1705 1704 1706
1707 1705 1706
1708 1707 1706
1709 1708 1706
1708 1709 1710
1711 1708 1710
1711 1710 1712
1713 1711 1712
1713 1712 1714
1712 1715 1714
1716 1714 1715
1717 1716 1715
1716 1717 1718
1719 1716 1718
1720 1719 1718
1721 1720 1718
1720 1721 1722
1723 1720 1722
1726 1725 1724
1727 1726 1724
1728 1727 1724
1729 1728 1724
1732 1731 1730
1733 1732 1730
1736 1735 1734
1737 1736 1734
1736 1737 1738
1739 1736 1738
1739 1740 1736
1740 1741 1736
1736 1741 1742
1735 1736 1742
1745 1744 1743
1744 1746 1743
1743 1746 1747
1748 1743 1747
1751 1750 1749
1750 1752 1749
1753 1749 1752
1754 1753 1752
1757 1756 1755
1758 1757 1755
1761 1760 1759
1760 1762 1759
1762 1763 1759
1763 1764 1759
1767 1766 1765
1768 1767 1765
1771 1770 1769
1772 1771 1769
1769 1773 1772
1773 1774 1772
1774 1773 1775
1776 1774 1775
1776 1777 1774
1777 1778 1774
1777 1779 1778
1779 1780 1778
1781 1778 1780
1782 1781 1780
1484 1485 1783
1485 1784 1783
1785 1784 1485
1786 1785 1485
1785 1786 1787
1786 1788 1787
1786 1789 1788
1789 1790 1788
1789 1791 1790
1791 1792 1790
1791 1789 1483
1481 1791 1483
1483 1789 1485
1789 1786 1485
1795 1794 1793
1796 1795 1793
1796 1793 1797
1798 1796 1797
1798 1797 1799
1800 1798 1799
1803 1802 1801
1804 1803 1801
1804 1801 1805
1806 1804 1805
1805 1807 1806
1807 1808 1806
1809 1806 1808
1810 1809 1808
1809 1810 1811
1812 1809 1811
1809 1812 1813
1812 1814 1813
1815 1813 1814
1816 1815 1814
1813 1815 1803
1804 1813 1803
1813 1804 1806
1809 1813 1806
1819 1818 1817
1818 1820 1817
1821 1817 1820
1822 1821 1820
1821 1822 1823
1822 1824 1823
1825 1824 1822
1826 1825 1822
1826 1822 1820
1827 1826 1820
1828 1827 1820
1818 1828 1820
1827 1828 1829
1828 1830 1829
1827 1829 1831
1826 1827 1831
1831 1832 1826
1832 1825 1826
1835 1834 1833
1836 1835 1833
1836 1833 1837
1833 1838 1837
1839 1837 1838
1840 1839 1838
1843 1842 1841
1844 1843 1841
1844 1841 1845
1846 1844 1845
1845 1847 1846
1847 1848 1846
1846 1848 1849
1848 1850 1849
1849 1850 1851
1852 1849 1851
1849 1852 1853
1852 1854 1853
1855 1853 1854
1856 1855 1854
1855 1843 1853
1843 1844 1853
1844 1846 1853
1846 1849 1853
1859 1858 1857
1860 1859 1857
1860 1857 1861
1862 1860 1861
1863 1862 1861
1864 1863 1861
1867 1866 1865
1868 1867 1865
1868 1865 1869
1870 1868 1869
1870 1869 1871
1869 1872 1871
1870 1871 1873
1874 1870 1873
1873 1875 1874
1875 1876 1874
1877 1874 1876
1878 1877 1876
1878 1879 1877
1879 1880 1877
1868 1877 1880
1867 1868 1880
1874 1877 1868
1870 1874 1868
1883 1882 1881
1882 1884 1881
1885 1884 1882
1886 1885 1882
1885 1886 1887
1888 1885 1887
1891 1890 1889
1890 1892 1889
1893 1892 1890
1894 1893 1890
1893 1894 1895
1894 1896 1895
1899 1898 1897
1900 1899 1897
1899 1900 1901
1900 1902 1901
1903 1902 1900
1904 1903 1900
1900 1897 1904
1897 1905 1904
1908 1907 1906
1909 1908 1906
1909 1906 1910
1911 1909 1910
1914 1913 1912
1915 1914 1912
1915 1916 1914
1916 1917 1914
1918 1917 1916
1919 1918 1916
1922 1921 1920
1923 1922 1920
1923 1920 1924
1925 1923 1924
1928 1927 1926
1929 1928 1926
1930 1928 1929
1931 1930 1929
1932 1930 1931
1933 1932 1931
1936 1935 1934
1937 1936 1934
1940 1939 1938
1939 1941 1938
1938 1941 1942
1943 1938 1942
1946 1945 1944
1947 1946 1944
1950 1949 1948
1951 1950 1948
1952 1951 1948
1953 1952 1948
1956 1955 1954
1957 1956 1954
1958 1781 1782
1959 1958 1782
1781 1958 1772
1958 1771 1772
1772 1774 1781
1774 1778 1781
1962 1961 1960
1961 1963 1960
1960 1963 1964
1963 1965 1964
1966 1964 1965
1967 1966 1965
1970 1969 1968
1969 1971 1968
1968 1971 1972
1971 1973 1972
1972 1973 1974
1973 1975 1974
1973 1976 1975
1976 1977 1975
1977 1976 1978
1976 1979 1978
1979 1976 1980
1981 1979 1980
1980 1982 1981
1982 1983 1981
1982 1980 1971
1969 1982 1971
1971 1980 1973
1980 1976 1973
1986 1985 1984
1987 1986 1984
1984 1988 1987
1988 1989 1987
1989 1988 1990
1991 1989 1990
1991 1992 1989
1992 1993 1989
1989 1993 1987
1993 1994 1987
1987 1994 1986
1994 1995 1986
1995 1994 1996
1997 1995 1996
1996 1994 1998
1994 1993 1998
1998 1993 1999
1993 1992 1999
2002 2001 2000
2001 2003 2000
2003 2004 2000
2004 2005 2000
2004 2006 2005
2006 2007 2005
2010 2009 2008
2009 2011 2008
2008 2011 2012
2011 2013 2012
2012 2013 2014
2013 2015 2014
2015 2013 2016
2017 2015 2016
2017 2016 2018
2016 2019 2018
2019 2016 2020
2021 2019 2020
2020 2022 2021
2022 2023 2021
2020 2011 2022
2011 2009 2022
2013 2011 2020
2016 2013 2020
2026 2025 2024
2027 2026 2024
2028 2027 2024
2029 2028 2024
2030 2028 2029
2031 2030 2029
2034 2033 2032
2033 2035 2032
2035 2033 2036
2037 2035 2036
2036 2038 2037
2038 2039 2037
2037 2039 2040
2041 2037 2040
2041 2040 2042
2043 2041 2042
2044 2041 2043
2045 2044 2043
2046 2044 2045
2047 2046 2045
2046 2032 2044
2032 2035 2044
2041 2044 2035
2037 2041 2035
2050 2049 2048
2051 2050 2048
2048 2052 2051
2052 2053 2051
2053 2052 2054
2052 2055 2054
2058 2057 2056
2059 2058 2056
2062 2061 2060
2063 2062 2060
2066 2065 2064
2067 2066 2064
2067 2064 2068
2064 2069 2068
2072 2071 2070
2073 2072 2070
2076 2075 2074
2077 2076 2074
2080 2079 2078
2081 2080 2078
2081 2078 2082
2083 2081 2082
2083 2082 2084
2085 2083 2084
2088 2087 2086
2087 2089 2086
2090 2086 2089
2091 2090 2089
2090 2091 2092
2091 2093 2092
2094 2093 2091
2095 2094 2091
2094 2095 2096
2095 2097 2096
2095 2098 2097
2098 2099 2097
2098 2100 2099
2100 2101 2099
2100 2098 2089
2087 2100 2089
2089 2098 2091
2098 2095 2091
2104 2103 2102
2105 2104 2102
2105 2102 2106
2107 2105 2106
2108 2107 2106
2109 2108 2106
2112 2111 2110
2113 2112 2110
2113 2110 2114
2115 2113 2114
2114 2116 2115
2116 2117 2115
2118 2115 2117
2119 2118 2117
2118 2119 2120
2121 2118 2120
2118 2121 2122
2121 2123 2122
2124 2122 2123
2125 2124 2123
2122 2124 2112
2113 2122 2112
2122 2113 2115
2118 2122 2115
2128 2127 2126
2127 2129 2126
2130 2126 2129
2131 2130 2129
2130 2131 2132
2131 2133 2132
2134 2133 2131
2135 2134 2131
2135 2131 2129
2136 2135 2129
2137 2136 2129
2127 2137 2129
2136 2137 2138
2137 2139 2138
2136 2138 2140
2135 2136 2140
2140 2141 2135
2141 2134 2135
2144 2143 2142
2145 2144 2142
2145 2142 2146
2142 2147 2146
2148 2146 2147
2149 2148 2147
2152 2151 2150
2153 2152 2150
2153 2150 2154
2155 2153 2154
2154 2156 2155
2156 2157 2155
2155 2157 2158
2157 2159 2158
2158 2159 2160
2161 2158 2160
2158 2161 2162
2161 2163 2162
2164 2162 2163
2165 2164 2163
2164 2152 2162
2152 2153 2162
2153 2155 2162
2155 2158 2162
2168 2167 2166
2167 2169 2166
2169 2170 2166
2170 2171 2166
2170 2172 2171
2172 2173 2171
2176 2175 2174
2177 2176 2174
2177 2174 2178
2179 2177 2178
2179 2178 2180
2178 2181 2180
2179 2180 2182
2183 2179 2182
2182 2184 2183
2184 2185 2183
2186 2183 2185
2187 2186 2185
2187 2188 2186
2188 2189 2186
2177 2186 2189
2176 2177 2189
2183 2186 2177
2179 2183 2177
2192 2191 2190
2191 2193 2190
2194 2193 2191
2195 2194 2191
2194 2195 2196
2197 2194 2196
2200 2199 2198
2199 2201 2198
2202 2201 2199
2203 2202 2199
2202 2203 2204
2203 2205 2204
2208 2207 2206
2209 2208 2206
2208 2209 2210
2209 2211 2210
2212 2211 2209
2213 2212 2209
2209 2206 2213
2206 2214 2213
2217 2216 2215
2218 2217 2215
2218 2215 2219
2220 2218 2219
2223 2222 2221
2224 2223 2221
2224 258 2223
258 259 2223
sm01_environment\props\manmade\global\pp_skyscraper_ac_unit\Materials\pp_skyscraper_ac_unit_02.material
1
0
2687
3.074951 0.983398 -0.04541
-0.000977 1 0.000001
0 0 0 0
0.965881 0.863159
3.035645 0.983398 -0.122559
-0.000977 1 0.000001
0 0 0 0
0.993896 0.827454
3.025146 0.983398 -0.04541
-0.000977 1 0.000001
0 0 0 0
0.993896 0.863159
3.08374 0.983398 -0.109863
-0.000977 1 0.000001
0 0 0 0
0.965881 0.827454
3.108398 0.983398 -0.169922
-0.000977 1 -0.000001
0 0 0 0
0.965881 0.791687
3.065186 0.983398 -0.194824
-0.000977 1 -0.000001
0 0 0 0
0.993896 0.791687
3.112793 0.983398 -0.256592
-0.000977 1 -0.000001
0 0 0 0
0.993896 0.755981
3.148193 0.983398 -0.221436
-0.000977 1 -0.000001
0 0 0 0
0.965881 0.755981
3.199463 0.983398 -0.260986
-0.000977 1 -0.000001
0 0 0 0
0.965881 0.720276
3.174561 0.983398 -0.304199
-0.000977 1 -0.000001
0 0 0 0
0.993896 0.720276
3.246826 0.983398 -0.333984
-0.000977 1 0.000001
0 0 0 0
0.993896 0.684509
3.259521 0.983398 -0.285645
-0.000977 1 0.000001
0 0 0 0
0.965881 0.684509
3.323975 0.983398 -0.294434
-0.000977 1 -0.000001
0 0 0 0
0.965881 0.648804
3.323975 0.983398 -0.344238
-0.000977 1 -0.000001
0 0 0 0
0.993896 0.648804
3.401367 0.983398 -0.333984
0.000978 1 -0.000001
0 0 0 0
0.993896 0.613098
3.388428 0.983398 -0.285645
0.000978 1 -0.000001
0 0 0 0
0.965881 0.613098
3.448486 0.983398 -0.260986
-0.000977 1 -0.000001
0 0 0 0
0.965881 0.577332
3.473389 0.983398 -0.304199
-0.000977 1 -0.000001
0 0 0 0
0.993896 0.577332
3.535156 0.983398 -0.256592
-0.000977 1 -0.000001
0 0 0 0
0.993896 0.541626
3.5 0.983398 -0.221436
-0.000977 1 -0.000001
0 0 0 0
0.965881 0.541626
3.539551 0.983398 -0.169922
-0.000977 1 -0.000001
0 0 0 0
0.965881 0.505859
3.582764 0.983398 -0.194824
-0.000977 1 -0.000001
0 0 0 0
0.993896 0.505859
3.612549 0.983398 -0.122559
0.000978 1 0.000001
0 0 0 0
0.993896 0.470154
3.564453 0.983398 -0.109863
0.000978 1 0.000001
0 0 0 0
0.965881 0.470154
3.572998 0.983398 -0.04541
0.000978 1 0.000001
0 0 0 0
0.965881 0.434448
3.622803 0.983398 -0.04541
0.000978 1 0.000001
0 0 0 0
0.993896 0.434448
3.612549 0.983398 0.031982
0.000978 1 0.000001
0 0 0 0
0.993896 0.398682
3.564453 0.983398 0.019043
0.000978 1 0.000001
0 0 0 0
0.965881 0.398682
3.539551 0.983398 0.079102
0.000978 1 0.000001
0 0 0 0
0.965881 0.362976
3.582764 0.983398 0.104004
0.000978 1 0.000001
0 0 0 0
0.993896 0.362976
3.535156 0.983398 0.165771
-0.000977 1 0.000001
0 0 0 0
0.993896 0.327271
3.5 0.983398 0.130615
-0.000977 1 0.000001
0 0 0 0
0.965881 0.327271
3.448486 0.983398 0.170166
-0.000977 1 0.000001
0 0 0 0
0.965881 0.291504
3.473389 0.983398 0.213379
-0.000977 1 0.000001
0 0 0 0
0.993896 0.291504
3.401367 0.983398 0.243164
0.000978 1 -0.000001
0 0 0 0
0.993896 0.255798
3.388428 0.983398 0.195068
0.000978 1 -0.000001
0 0 0 0
0.965881 0.255798
3.323975 0.983398 0.203613
0.000978 1 -0.000001
0 0 0 0
0.965881 0.220093
3.323975 0.983398 0.253418
0.000978 1 -0.000001
0 0 0 0
0.993896 0.220093
3.246826 0.983398 0.243164
0.000978 1 -0.000001
0 0 0 0
0.993896 0.184326
3.259521 0.983398 0.195068
0.000978 1 -0.000001
0 0 0 0
0.965881 0.184326
3.199463 0.983398 0.170166
-0.000977 1 -0.000001
0 0 0 0
0.965881 0.148621
3.174561 0.983398 0.213379
-0.000977 1 -0.000001
0 0 0 0
0.993896 0.148621
3.112793 0.983398 0.165771
-0.000977 1 -0.000001
0 0 0 0
0.993896 0.112854
3.148193 0.983398 0.130615
-0.000977 1 -0.000001
0 0 0 0
0.965881 0.112854
3.108398 0.983398 0.079102
-0.000977 1 0.000001
0 0 0 0
0.965881 0.077148
3.065186 0.983398 0.104004
-0.000977 1 0.000001
0 0 0 0
0.993896 0.077148
3.035645 0.983398 0.031982
-0.000977 1 0.000001
0 0 0 0
0.993896 0.041443
3.08374 0.983398 0.019043
-0.000977 1 0.000001
0 0 0 0
0.965881 0.041443
3.074951 0.983398 -0.04541
-0.000977 1 0.000001
0 0 0 0
0.965881 0.005676
3.025146 0.983398 -0.04541
-0.000977 1 0.000001
0 0 0 0
0.993896 0.005676
3.035645 0.923584 -0.122559
0.000978 -1 -0.000001
0 0 0 0
0.993896 0.827454
3.074951 0.923584 -0.04541
0.000978 -1 -0.000001
0 0 0 0
0.965881 0.863159
3.025146 0.923584 -0.04541
0.000978 -1 -0.000001
0 0 0 0
0.993896 0.863159
3.08374 0.923584 -0.109863
0.000978 -1 -0.000001
0 0 0 0
0.965881 0.827454
3.108398 0.923584 -0.169922
0.000978 -1 0.000001
0 0 0 0
0.965881 0.791687
3.065186 0.923584 -0.194824
0.000978 -1 0.000001
0 0 0 0
0.993896 0.791687
3.112793 0.923584 -0.256592
0.000978 -1 0.000001
0 0 0 0
0.993896 0.755981
3.148193 0.923584 -0.221436
0.000978 -1 0.000001
0 0 0 0
0.965881 0.755981
3.199463 0.923584 -0.260986
0.000978 -1 -0.000001
0 0 0 0
0.965881 0.720276
3.174561 0.923584 -0.304199
0.000978 -1 -0.000001
0 0 0 0
0.993896 0.720276
3.246826 0.923584 -0.333984
0.000978 -1 -0.000001
0 0 0 0
0.993896 0.684509
3.259521 0.923584 -0.285645
0.000978 -1 -0.000001
0 0 0 0
0.965881 0.684509
3.323975 0.923584 -0.294434
0.000978 -1 -0.000001
0 0 0 0
0.965881 0.648804
3.323975 0.923584 -0.344238
0.000978 -1 -0.000001
0 0 0 0
0.993896 0.648804
3.401367 0.923584 -0.333984
0.000978 -1 -0.000001
0 0 0 0
0.993896 0.613098
3.388428 0.923584 -0.285645
0.000978 -1 -0.000001
0 0 0 0
0.965881 0.613098
3.448486 0.923584 -0.260986
0.000978 -1 0.000001
0 0 0 0
0.965881 0.577332
3.473389 0.923584 -0.304199
0.000978 -1 0.000001
0 0 0 0
0.993896 0.577332
3.535156 0.923584 -0.256592
0.000978 -1 0.000001
0 0 0 0
0.993896 0.541626
3.5 0.923584 -0.221436
0.000978 -1 0.000001
0 0 0 0
0.965881 0.541626
3.539551 0.923584 -0.169922
-0.000977 -1 0.000001
0 0 0 0
0.965881 0.505859
3.582764 0.923584 -0.194824
-0.000977 -1 0.000001
0 0 0 0
0.993896 0.505859
3.612549 0.923584 -0.122559
-0.000977 -1 -0.000001
0 0 0 0
0.993896 0.470154
3.564453 0.923584 -0.109863
-0.000977 -1 -0.000001
0 0 0 0
0.965881 0.470154
3.572998 0.923584 -0.04541
-0.000977 -1 -0.000001
0 0 0 0
0.965881 0.434448
3.622803 0.923584 -0.04541
-0.000977 -1 -0.000001
0 0 0 0
0.993896 0.434448
3.612549 0.923584 0.031982
-0.000977 -1 0.000001
0 0 0 0
0.993896 0.398682
3.564453 0.923584 0.019043
-0.000977 -1 0.000001
0 0 0 0
0.965881 0.398682
3.539551 0.923584 0.079102
-0.000977 -1 -0.000001
0 0 0 0
0.965881 0.362976
3.582764 0.923584 0.104004
-0.000977 -1 -0.000001
0 0 0 0
0.993896 0.362976
3.535156 0.923584 0.165771
0.000978 -1 -0.000001
0 0 0 0
0.993896 0.327271
3.5 0.923584 0.130615
0.000978 -1 -0.000001
0 0 0 0
0.965881 0.327271
3.448486 0.923584 0.170166
0.000978 -1 0.000001
0 0 0 0
0.965881 0.291504
3.473389 0.923584 0.213379
0.000978 -1 0.000001
0 0 0 0
0.993896 0.291504
3.401367 0.923584 0.243164
0.000978 -1 0.000001
0 0 0 0
0.993896 0.255798
3.388428 0.923584 0.195068
0.000978 -1 0.000001
0 0 0 0
0.965881 0.255798
3.323975 0.923584 0.203613
0.000978 -1 0.000001
0 0 0 0
0.965881 0.220093
3.323975 0.923584 0.253418
0.000978 -1 0.000001
0 0 0 0
0.993896 0.220093
3.246826 0.923584 0.243164
0.000978 -1 0.000001
0 0 0 0
0.993896 0.184326
3.259521 0.923584 0.195068
0.000978 -1 0.000001
0 0 0 0
0.965881 0.184326
3.199463 0.923584 0.170166
-0.000977 -1 0.000001
0 0 0 0
0.965881 0.148621
3.174561 0.923584 0.213379
-0.000977 -1 0.000001
0 0 0 0
0.993896 0.148621
3.112793 0.923584 0.165771
0.000978 -1 -0.000001
0 0 0 0
0.993896 0.112854
3.148193 0.923584 0.130615
0.000978 -1 -0.000001
0 0 0 0
0.965881 0.112854
3.108398 0.923584 0.079102
0.000978 -1 -0.000001
0 0 0 0
0.965881 0.077148
3.065186 0.923584 0.104004
0.000978 -1 -0.000001
0 0 0 0
0.993896 0.077148
3.035645 0.923584 0.031982
0.000978 -1 -0.000001
0 0 0 0
0.993896 0.041443
3.08374 0.923584 0.019043
0.000978 -1 -0.000001
0 0 0 0
0.965881 0.041443
3.074951 0.923584 -0.04541
0.000978 -1 -0.000001
0 0 0 0
0.965881 0.005676
3.025146 0.923584 -0.04541
0.000978 -1 -0.000001
0 0 0 0
0.993896 0.005676
1.612305 0.702148 -2.152344
0.000978 1 -0.000001
0 0 0 0
0.253235 0.95282
1.134521 0.702148 -2.259521
0.000978 1 -0.000001
0 0 0 0
0.005981 0.8974
1.134521 0.702148 -2.152344
-0.008797 0.999961 -0.000077
0 0 0 0
0.005981 0.95282
1.612305 0.702148 -2.303711
0.000978 1 -0.000001
0 0 0 0
0.253235 0.874451
1.134521 0.702148 -2.303711
0.000978 1 -0.000001
0 0 0 0
0.005981 0.874451
1.612305 0.702148 -2.303711
1 0.000978 0.000001
0 0 0 0
1.005981 0.874451
1.612305 0.702148 -2.152344
1 0.000978 0.000001
0 0 0 0
1.005981 0.95282
1.612305 0.413818 -2.152344
1 0.000978 0.000001
0 0 0 0
1.098694 0.95282
1.612305 0.413818 -2.303711
1 0.000978 0.000001
0 0 0 0
1.098694 0.874451
1.612305 0.413818 -2.303711
-0.000977 -1 0.000001
0 0 0 0
0.253235 0.874451
1.612305 0.413818 -2.152344
-0.000977 -1 0.000001
0 0 0 0
0.253235 0.95282
1.134521 0.413818 -2.152344
-0.000977 -1 0.000001
0 0 0 0
0.005981 0.95282
1.134521 0.413818 -2.303711
-0.000977 -1 0.000001
0 0 0 0
0.005981 0.874451
0.855469 0.671631 -2.152344
-0.998849 0.047937 -0.001612
0 0 0 0
0.796265 0.199768
0.855469 0.509766 -2.259521
-0.996872 -0.047374 -0.063256
0 0 0 0
0.87677 0.150879
0.855469 0.509766 -2.152344
-0.998849 -0.047937 0.001612
0 0 0 0
0.87677 0.199768
0.855469 0.671631 -2.259521
-0.996955 0.045362 -0.063432
0 0 0 0
0.796265 0.150879
0.864014 0.51123 -2.2771
-0.781023 -0.02865 -0.623844
0 0 0 0
0.87677 0.141724
0.864014 0.671387 -2.2771
-0.775252 0.028713 -0.630999
0 0 0 0
0.796265 0.141724
0.87915 0.512939 -2.288086
-0.040064 -0.059406 -0.99743
0 0 0 0
0.87677 0.132935
0.87915 0.671143 -2.288086
-0.040066 0.056645 -0.99759
0 0 0 0
0.796265 0.132935
0.87915 0.688477 -2.277344
-0.026872 0.699964 -0.713673
0 0 0 0
0.785645 0.135254
1.134521 0.671143 -2.288086
-0.001382 0.059418 -0.998232
0 0 0 0
0.796265 0.006714
1.134521 0.69043 -2.278076
-0.006399 0.700045 -0.71407
0 0 0 0
0.785706 0.006714
0.87915 0.69873 -2.259521
-0.070001 0.987332 -0.14239
0 0 0 0
0.774719 0.137878
1.134521 0.702148 -2.259521
-0.013628 0.988573 -0.150126
0 0 0 0
0.774719 0.006714
1.134521 0.702148 -2.152344
-0.008797 0.999961 -0.000077
0 0 0 0
0.723389 0.006714
0.87915 0.69873 -2.152344
-0.085068 0.996375 0.000572
0 0 0 0
0.723389 0.137878
1.134521 0.512939 -2.288086
0.001382 -0.062179 -0.998064
0 0 0 0
0.87677 0.006714
0.864258 0.688232 -2.259521
-0.753676 0.655848 -0.042861
0 0 0 0
0.785461 0.14502
0.87915 0.69873 -2.152344
-0.085068 0.996375 0.000572
0 0 0 0
0.774719 0.199768
0.864258 0.688232 -2.152344
-0.755173 0.655525 -0.001186
0 0 0 0
0.785706 0.199768
0.855469 0.509766 -2.259521
-0.996872 -0.047374 -0.063256
0 0 0 0
-0.203735 0.150879
0.864746 0.496094 -2.153564
-0.735931 -0.676978 0.010327
0 0 0 0
-0.214294 0.199768
0.855469 0.509766 -2.152344
-0.998849 -0.047937 0.001612
0 0 0 0
-0.203735 0.199768
0.864258 0.493896 -2.259521
-0.733011 -0.679303 -0.035232
0 0 0 0
-0.214539 0.14502
0.864014 0.51123 -2.2771
-0.781023 -0.02865 -0.623844
0 0 0 0
-0.203735 0.141724
0.87915 0.495117 -2.277344
-0.01916 -0.706381 -0.707572
0 0 0 0
-0.214355 0.135254
0.87915 0.512939 -2.288086
-0.040064 -0.059406 -0.99743
0 0 0 0
-0.203735 0.132935
1.134521 0.495117 -2.277344
0.001277 -0.706425 -0.707786
0 0 0 0
-0.214294 0.006714
1.134521 0.512939 -2.288086
0.001382 -0.062179 -0.998064
0 0 0 0
-0.203735 0.006714
0.87915 0.484131 -2.259521
-0.061571 -0.988272 -0.139737
0 0 0 0
-0.225281 0.137878
1.134521 0.484131 -2.259521
-0.001048 -0.988642 -0.150286
0 0 0 0
-0.225281 0.006714
1.134521 0.484131 -2.152344
-0.000977 -1 0.000001
0 0 0 0
-0.276611 0.006714
0.87915 0.484131 -2.152344
-0.073403 -0.997299 0.00243
0 0 0 0
-0.276611 0.137878
0.87915 0.484131 -2.152344
-0.073403 -0.997299 0.00243
0 0 0 0
-0.225281 0.199768
0.87915 0.727295 -2.152344
-0.000977 1 -0.000001
0 0 0 0
0.495239 0.299194
0.724121 0.727295 -2.152344
-0.000977 1 -0.000001
0 0 0 0
0.495239 0.221313
0.724121 0.727295 -2.129639
-0.000977 1 -0.000001
0 0 0 0
0.481995 0.221375
0.87915 0.727295 -2.129639
-0.000977 1 -0.000001
0 0 0 0
0.481995 0.299255
1.134521 0.727295 -2.152344
0.000978 1 0.000001
0 0 0 0
0.495239 0.427551
1.134521 0.727295 -2.129639
0.000978 1 0.000001
0 0 0 0
0.481995 0.427612
1.639648 0.727295 -2.152344
0.000978 1 0.000001
0 0 0 0
0.495239 0.681519
1.639648 0.727295 -2.129639
0.000978 1 0.000001
0 0 0 0
0.481995 0.68158
1.639648 0.387939 -2.152344
1 0.000978 0.000001
0 0 0 0
0.481995 0.480286
1.639648 0.727295 -2.152344
1 0.000978 0.000001
0 0 0 0
0.481995 0.650818
1.639648 0.727295 -2.129639
1 0.000978 0.000001
0 0 0 0
0.495239 0.650818
1.639648 0.387939 -2.129639
1 0.000978 0.000001
0 0 0 0
0.495239 0.480286
1.134521 0.387939 -2.129639
0.000978 -1 0.000001
0 0 0 0
0.481995 0.475281
1.639648 0.387939 -2.152344
-0.000977 -1 0.000001
0 0 0 0
0.495239 0.221313
1.639648 0.387939 -2.129639
-0.000977 -1 0.000001
0 0 0 0
0.481995 0.221313
1.134521 0.387939 -2.152344
0.000978 -1 0.000001
0 0 0 0
0.495239 0.475281
0.724121 0.387939 -2.152344
0.000978 -1 0.000001
0 0 0 0
0.495239 0.681519
0.724121 0.387939 -2.129639
0.000978 -1 0.000001
0 0 0 0
0.481995 0.681519
0.724121 0.387939 -2.152344
-1 0.000978 0.000001
0 0 0 0
0.495239 0.391846
0.724121 0.387939 -2.129639
-1 0.000978 0.000001
0 0 0 0
0.481995 0.391846
0.724121 0.727295 -2.129639
-1 0.000978 0.000001
0 0 0 0
0.481995 0.221313
0.724121 0.727295 -2.152344
-1 0.000978 0.000001
0 0 0 0
0.495239 0.221313
1.134521 0.413818 -2.152344
-1 0.000978 0.000001
0 0 0 0
1.005981 0.95282
1.134521 0.484131 -2.152344
-1 0.000978 0.000001
0 0 0 0
1.043152 0.95282
1.134521 0.484131 -2.259521
-1 0.000978 -0.000001
0 0 0 0
1.043152 0.897949
1.134521 0.413818 -2.303711
-1 0.000978 0.000001
0 0 0 0
1.005981 0.874451
1.134521 0.495117 -2.277344
-1 -0.000977 -0.000001
0 0 0 0
1.048889 0.888428
1.134521 0.512939 -2.288086
-1 0.000978 0.000001
0 0 0 0
1.058411 0.88269
1.134521 0.702148 -2.303711
-1 0.000978 0.000001
0 0 0 0
1.099854 0.874451
1.134521 0.671143 -2.288086
-1 -0.000977 0.000001
0 0 0 0
1.083435 0.88269
1.134521 0.69043 -2.278076
-1 0.000978 0.000001
0 0 0 0
1.093628 0.888062
1.134521 0.702148 -2.259521
-1 0.000978 -0.000001
0 0 0 0
1.099854 0.897949
1.506348 0.595947 -2.339111
-0.029929 0.865558 0.499914
0 0 0 0
0.334534 0.887573
1.506348 0.589111 -2.335205
-0.029028 -0.001382 0.999578
0 0 0 0
0.334534 0.883545
1.597412 0.589111 -2.335205
0.029028 0.001382 0.999578
0 0 0 0
0.288574 0.883545
1.597412 0.595947 -2.339111
0.029929 0.865558 0.499914
0 0 0 0
0.288574 0.887573
1.506348 0.595947 -2.347168
-0.029929 0.865558 -0.499914
0 0 0 0
0.334534 0.891602
1.597412 0.595947 -2.347168
0.029929 0.865558 -0.499914
0 0 0 0
0.288574 0.891602
1.506348 0.589111 -2.351074
-0.029028 0.001382 -0.999578
0 0 0 0
0.334534 0.89563
1.597412 0.589111 -2.351074
0.029028 0.001382 -0.999578
0 0 0 0
0.288574 0.89563
1.506348 0.582275 -2.347168
-0.029929 -0.865557 -0.499914
0 0 0 0
0.334534 0.899719
1.597412 0.582275 -2.347168
0.029929 -0.865557 -0.499914
0 0 0 0
0.288574 0.899719
1.506348 0.582275 -2.339111
-0.029929 -0.865557 0.499914
0 0 0 0
0.334534 0.903748
1.597412 0.582275 -2.339111
0.029929 -0.865557 0.499914
0 0 0 0
0.288574 0.903748
1.506348 0.589111 -2.335205
-0.029028 -0.001382 0.999578
0 0 0 0
0.334534 0.907776
1.597412 0.589111 -2.335205
0.029028 0.001382 0.999578
0 0 0 0
0.288574 0.907776
1.597412 0.589111 -2.343262
1 -0.000977 0.000001
0 0 0 0
0.285034 0.893616
1.597412 0.582275 -2.347168
0.029929 -0.865557 -0.499914
0 0 0 0
0.285034 0.897705
1.597412 0.582275 -2.339111
0.029929 -0.865557 0.499914
0 0 0 0
0.281555 0.89563
1.597412 0.589111 -2.335205
0.029028 0.001382 0.999578
0 0 0 0
0.281555 0.891602
1.597412 0.595947 -2.339111
0.029929 0.865558 0.499914
0 0 0 0
0.285034 0.889587
1.506348 0.589111 -2.343262
-1 -0.000977 -0.000001
0 0 0 0
0.338074 0.893616
1.506348 0.595947 -2.339111
-0.029929 0.865558 0.499914
0 0 0 0
0.338074 0.889587
1.506348 0.589111 -2.335205
-0.029028 -0.001382 0.999578
0 0 0 0
0.341553 0.891602
1.506348 0.582275 -2.339111
-0.029929 -0.865557 0.499914
0 0 0 0
0.341553 0.89563
1.506348 0.582275 -2.347168
-0.029929 -0.865557 -0.499914
0 0 0 0
0.338074 0.897705
1.498535 0.69751 -2.328125
-0.69726 0.716818 0.000832
0 0 0 0
0.577881 0.717896
1.60498 0.69751 -2.328125
0.69726 0.716818 0.000832
0 0 0 0
0.62738 0.717896
1.60498 0.69751 -2.342773
0.133465 0.138969 -0.981262
0 0 0 0
0.62738 0.730713
1.498535 0.69751 -2.342773
-0.133465 0.138969 -0.981262
0 0 0 0
0.577881 0.730713
1.60498 0.593994 -2.342773
0.133465 -0.138969 -0.981262
0 0 0 0
0.62738 0.778809
1.60498 0.69751 -2.328125
0.69726 0.716818 0.000832
0 0 0 0
0.640198 0.730713
1.60498 0.593994 -2.328125
0.69726 -0.716818 0.000832
0 0 0 0
0.640198 0.778809
1.498535 0.593994 -2.342773
-0.133465 -0.138969 -0.981262
0 0 0 0
0.577881 0.778809
1.498535 0.593994 -2.328125
-0.69726 -0.716818 0.000832
0 0 0 0
0.565063 0.778809
1.498535 0.69751 -2.328125
-0.69726 0.716818 0.000832
0 0 0 0
0.565063 0.730713
1.60498 0.593994 -2.328125
0.69726 -0.716818 0.000832
0 0 0 0
0.62738 0.791626
1.498535 0.593994 -2.328125
-0.69726 -0.716818 0.000832
0 0 0 0
0.577881 0.791626
1.499023 0.584229 -2.328125
-0.69726 0.716818 0.000832
0 0 0 0
0.734009 0.542603
1.55542 0.584229 -2.328125
0.69726 0.716818 0.000832
0 0 0 0
0.77063 0.542603
1.55542 0.584229 -2.342773
0.243548 0.248991 -0.937383
0 0 0 0
0.77063 0.533142
1.499023 0.584229 -2.342773
-0.243548 0.248991 -0.937383
0 0 0 0
0.734009 0.533142
1.55542 0.529297 -2.342773
0.243548 -0.248991 -0.937383
0 0 0 0
0.77063 0.497559
1.55542 0.584229 -2.328125
0.69726 0.716818 0.000832
0 0 0 0
0.78009 0.533142
1.55542 0.529297 -2.328125
0.69726 -0.716818 0.000832
0 0 0 0
0.78009 0.497559
1.499023 0.529297 -2.342773
-0.243548 -0.248991 -0.937383
0 0 0 0
0.734009 0.497559
1.499023 0.529297 -2.328125
-0.69726 -0.716818 0.000832
0 0 0 0
0.724487 0.497559
1.499023 0.584229 -2.328125
-0.69726 0.716818 0.000832
0 0 0 0
0.724487 0.533142
1.55542 0.529297 -2.328125
0.69726 -0.716818 0.000832
0 0 0 0
0.77063 0.488098
1.499023 0.529297 -2.328125
-0.69726 -0.716818 0.000832
0 0 0 0
0.734009 0.488098
1.110352 0.69751 -2.330322
-0.001382 0.001382 -0.999998
0 0 0 0
0.874451 0.46991
1.118652 0.396484 -2.330322
-0.001382 0.001382 -0.999998
0 0 0 0
0.727356 0.465759
1.110352 0.418457 -2.330322
-0.001382 0.001382 -0.999998
0 0 0 0
0.738098 0.46991
1.118652 0.719482 -2.330322
-0.001382 0.001382 -0.999998
0 0 0 0
0.885193 0.465759
1.140625 0.728027 -2.330322
0.001382 0.001382 -0.999998
0 0 0 0
0.889343 0.455078
1.140625 0.387939 -2.330322
0.001382 0.001382 -0.999998
0 0 0 0
0.723267 0.455078
1.605957 0.728027 -2.330322
0.001382 0.001382 -0.999998
0 0 0 0
0.889343 0.227905
1.605957 0.387939 -2.330322
0.001382 0.001382 -0.999998
0 0 0 0
0.723267 0.227905
1.62793 0.719482 -2.330322
-0.001382 0.001382 -0.999998
0 0 0 0
0.885193 0.217163
1.62793 0.396484 -2.330322
-0.001382 0.001382 -0.999998
0 0 0 0
0.727356 0.217163
1.636475 0.69751 -2.330322
-0.001382 0.001382 -0.999998
0 0 0 0
0.874451 0.213074
1.636475 0.418457 -2.330322
-0.001382 0.001382 -0.999998
0 0 0 0
0.738098 0.213074
1.110352 0.69751 -2.303711
-0.999598 0.028337 0.000804
0 0 0 0
0.495239 0.62854
1.118652 0.719482 -2.303711
-0.707106 0.707106 -0.001023
0 0 0 0
0.495239 0.64032
1.118652 0.719482 -2.330322
-0.707106 0.707106 -0.001023
0 0 0 0
0.481995 0.64032
1.110352 0.69751 -2.330322
-0.999598 0.028337 0.000804
0 0 0 0
0.481995 0.62854
1.110352 0.418457 -2.330322
-0.999598 -0.028337 0.000804
0 0 0 0
0.481995 0.489136
1.110352 0.418457 -2.303711
-0.999598 -0.028337 0.000804
0 0 0 0
0.495239 0.489136
1.118652 0.396484 -2.303711
-0.707106 -0.707106 -0.001023
0 0 0 0
0.495239 0.477356
1.118652 0.396484 -2.330322
-0.707106 -0.707106 -0.001023
0 0 0 0
0.481995 0.477356
1.140625 0.387939 -2.303711
-0.016615 -0.999862 -0.000276
0 0 0 0
0.495239 0.465576
1.140625 0.387939 -2.330322
-0.016615 -0.999862 -0.000276
0 0 0 0
0.481995 0.465576
1.605957 0.387939 -2.303711
0.016616 -0.999862 -0.000276
0 0 0 0
0.495239 0.233337
1.605957 0.387939 -2.330322
0.016616 -0.999862 -0.000276
0 0 0 0
0.481995 0.233337
1.62793 0.396484 -2.303711
0.707106 -0.707106 0.001023
0 0 0 0
0.495239 0.221558
1.62793 0.396484 -2.330322
0.707106 -0.707106 0.001023
0 0 0 0
0.481995 0.221558
1.636475 0.418457 -2.303711
0.999598 -0.028337 -0.000804
0 0 0 0
0.481995 0.62854
1.62793 0.396484 -2.303711
0.707106 -0.707106 0.001023
0 0 0 0
0.481995 0.64032
1.62793 0.396484 -2.330322
0.707106 -0.707106 0.001023
0 0 0 0
0.495239 0.64032
1.636475 0.418457 -2.330322
0.999598 -0.028337 -0.000804
0 0 0 0
0.495239 0.62854
1.636475 0.69751 -2.303711
0.999598 0.028337 -0.000804
0 0 0 0
0.481995 0.489136
1.636475 0.69751 -2.330322
0.999598 0.028337 -0.000804
0 0 0 0
0.495239 0.489136
1.62793 0.719482 -2.303711
0.707106 0.707106 0.001023
0 0 0 0
0.481995 0.477356
1.62793 0.719482 -2.330322
0.707106 0.707106 0.001023
0 0 0 0
0.495239 0.477356
1.605957 0.728027 -2.303711
0.016616 0.999862 -0.000276
0 0 0 0
0.481995 0.465576
1.605957 0.728027 -2.330322
0.016616 0.999862 -0.000276
0 0 0 0
0.495239 0.465576
1.140625 0.728027 -2.330322
-0.016615 0.999862 -0.000276
0 0 0 0
0.495239 0.233337
1.140625 0.728027 -2.303711
-0.016615 0.999862 -0.000276
0 0 0 0
0.481995 0.233337
1.118652 0.719482 -2.303711
-0.707106 0.707106 -0.001023
0 0 0 0
0.481995 0.221558
1.118652 0.719482 -2.330322
-0.707106 0.707106 -0.001023
0 0 0 0
0.495239 0.221558
1.140625 0.387939 -2.303711
-0.001382 0.001382 0.999998
0 0 0 0
-0.276733 0.227905
1.605957 0.387939 -2.303711
-0.001382 0.001382 0.999998
0 0 0 0
-0.276733 0.455078
1.612305 0.413818 -2.303711
-0.001382 0.001382 0.999998
0 0 0 0
-0.264099 0.45813
1.134521 0.413818 -2.303711
0.001382 0.001382 0.999998
0 0 0 0
-0.264099 0.224854
1.118652 0.396484 -2.303711
0.001382 0.001382 0.999998
0 0 0 0
-0.272644 0.217163
1.110352 0.418457 -2.303711
0.001382 -0.001382 0.999998
0 0 0 0
-0.261902 0.213074
1.110352 0.69751 -2.303711
0.001382 -0.001382 0.999998
0 0 0 0
-0.125549 0.213074
1.134521 0.702148 -2.303711
0.001382 -0.001382 0.999998
0 0 0 0
-0.123291 0.224854
1.118652 0.719482 -2.303711
0.001382 -0.001382 0.999998
0 0 0 0
-0.114807 0.217163
1.140625 0.728027 -2.303711
0.001382 -0.001382 0.999998
0 0 0 0
-0.110718 0.227905
1.605957 0.728027 -2.303711
0.001382 -0.001382 0.999998
0 0 0 0
-0.110657 0.455078
1.612305 0.702148 -2.303711
-0.001382 -0.001382 0.999998
0 0 0 0
-0.123291 0.45813
1.62793 0.719482 -2.303711
0.001382 -0.001382 0.999998
0 0 0 0
-0.114807 0.465759
1.636475 0.69751 -2.303711
-0.001382 0.001382 0.999998
0 0 0 0
-0.125549 0.46991
1.636475 0.418457 -2.303711
-0.001382 0.001382 0.999998
0 0 0 0
-0.261902 0.46991
1.62793 0.396484 -2.303711
0.001382 0.001382 0.999998
0 0 0 0
-0.272644 0.465759
1.992676 3.963379 -0.297363
0.409566 -0.017572 -0.912111
0 0 0 0
0.876404 0.522705
1.996582 4.056885 -0.287354
0.427559 -0.017534 0.903817
0 0 0 0
0.827515 0.52771
1.992676 3.963379 -0.287354
0.409566 -0.017572 0.912111
0 0 0 0
0.876404 0.52771
-1.876221 1.886963 0.8479
-0.906033 0.423206 -0.000276
0 0 0 0
0.405579 0.824585
-1.876221 1.886963 0.048584
-0.906033 0.423206 -0.000276
0 0 0 0
0.006042 0.824585
-1.876221 1.839355 0.048584
-0.870818 -0.491606 0.000345
0 0 0 0
0.006042 0.848389
-1.876221 1.839355 0.8479
-0.870818 -0.491606 0.000345
0 0 0 0
0.405579 0.848389
-1.849365 1.839355 0.048584
0.000978 -1 0.000001
0 0 0 0
0.006042 0.861816
-1.849365 1.839355 0.8479
0.000978 -1 0.000001
0 0 0 0
0.405579 0.861816
-1.849365 1.839355 0.865967
-1 0.000978 0.000001
0 0 0 0
0.006042 0.535339
-1.849365 0.773926 0.8479
-1 0.000978 -0.000001
0 0 0 0
0.015198 0.006409
-1.849365 0.773926 0.865967
-1 0.000978 0.000001
0 0 0 0
0.006042 0.006409
-1.849365 1.839355 0.8479
-1 0.000978 -0.000001
0 0 0 0
0.015198 0.535339
-1.849365 0.773926 0.048584
-1 0.000978 -0.000001
0 0 0 0
0.419739 0.006409
-1.849365 1.839355 0.048584
-1 0.000978 -0.000001
0 0 0 0
0.419739 0.535339
-1.849365 0.773926 0.048584
0.001382 0.001382 -0.999998
0 0 0 0
0.006104 0.768677
-1.849365 1.839355 0.048584
0.001382 0.001382 -0.999998
0 0 0 0
0.530945 0.768677
-1.810791 1.839355 0.048584
0.001382 0.001382 -0.999998
0 0 0 0
0.530945 0.748657
-1.808105 0.773926 0.048584
0.001382 0.001382 -0.999998
0 0 0 0
0.006104 0.748657
-1.849121 1.955322 1.665527
0.000978 1 -0.000001
0 0 0 0
0.128967 0.748657
-1.810791 1.955322 1.665527
0.000978 1 -0.000001
0 0 0 0
0.128967 0.768677
-1.810791 1.955322 0.865967
0.000978 1 -0.000001
0 0 0 0
0.530945 0.768677
-1.849121 1.955322 0.865967
0.000978 1 -0.000001
0 0 0 0
0.530945 0.748657
-1.849121 1.897461 0.048584
0.001382 0.001382 -0.999998
0 0 0 0
0.447937 0.405212
-1.849121 1.955322 0.048584
0.001382 0.001382 -0.999998
0 0 0 0
0.447937 0.434204
-1.810791 1.955322 0.048584
0.001382 0.001382 -0.999998
0 0 0 0
0.466553 0.434204
-1.810791 1.839355 0.048584
0.001382 0.001382 -0.999998
0 0 0 0
0.466553 0.377502
-1.849365 1.839355 0.048584
0.001382 0.001382 -0.999998
0 0 0 0
0.447876 0.377502
-1.876221 1.886963 0.048584
-0.001382 0.001382 -0.999998
0 0 0 0
0.434692 0.400757
-1.876221 1.839355 0.048584
-0.001382 0.001382 -0.999998
0 0 0 0
0.434692 0.377502
-1.849365 1.839355 0.865967
-0.826743 0.562577 0.001795
0 0 0 0
0.447632 0.471924
-1.811768 1.894775 0.865967
-0.826743 0.562577 0.001795
0 0 0 0
0.447632 0.503113
-1.811768 1.894775 0.8479
-0.826743 0.562577 0.001795
0 0 0 0
0.456787 0.503113
-1.849365 1.839355 0.8479
-0.826743 0.562577 0.001795
0 0 0 0
0.456787 0.471924
-1.666748 4.208496 1.641602
0.15285 0.086753 0.984434
0 0 0 0
-0.331116 0.637268
-1.640381 4.208496 1.621826
0.999747 -0.022477 0.000506
0 0 0 0
-0.341003 0.620972
-1.641113 4.234863 1.621826
0.975467 -0.22014 0.001811
0 0 0 0
-0.353699 0.628723
-1.65918 4.244385 1.637207
0.150249 0.01792 0.988486
0 0 0 0
-0.350647 0.642334
-1.629639 4.252686 1.621826
0.726389 -0.687283 -0.000259
0 0 0 0
-0.367188 0.628723
-1.642334 4.269287 1.636719
0.100666 -0.097908 0.990091
0 0 0 0
-0.367065 0.642761
-1.612549 4.26416 1.621826
0.386351 -0.922351 -0.001199
0 0 0 0
-0.381531 0.628723
-1.619141 4.284912 1.636963
0.045514 -0.128265 0.990695
0 0 0 0
-0.38208 0.642639
-1.592285 4.268066 1.621826
-0.000977 -1 0.000001
0 0 0 0
-0.396851 0.628723
-1.592285 4.290283 1.636963
-0.001379 -0.136539 0.990634
0 0 0 0
-0.397034 0.642761
-1.625244 4.302979 1.63208
-0.203745 0.475405 0.855849
0 0 0 0
-0.382568 0.652527
-1.653564 4.283691 1.631836
-0.375956 0.375957 0.846944
0 0 0 0
-0.36731 0.65271
-1.675049 4.25293 1.632324
-0.488325 0.260705 0.832809
0 0 0 0
-0.349487 0.652466
-1.689209 4.208496 1.635254
-0.5335 0.222621 0.815976
0 0 0 0
-0.325256 0.650085
-1.682861 4.25708 1.621826
-0.895534 0.444304 -0.024751
0 0 0 0
-0.349426 0.659912
-1.700195 4.208496 1.621826
-0.939512 0.341551 -0.025707
0 0 0 0
-0.322876 0.660034
-1.688477 4.208496 1.60791
-0.53581 0.225119 -0.813775
0 0 0 0
-0.3255 0.670593
-1.674561 4.252686 1.61084
-0.490681 0.263196 -0.830638
0 0 0 0
-0.349609 0.667847
-1.666748 4.208496 1.602295
0.180202 0.081159 -0.980276
0 0 0 0
-0.331238 0.6828
-1.65918 4.244385 1.606445
0.174887 0.009639 -0.984541
0 0 0 0
-0.35083 0.677551
-1.641113 4.234863 1.621826
0.975467 -0.22014 0.001811
0 0 0 0
-0.353821 0.690918
-1.640381 4.208496 1.621826
0.999747 -0.022477 0.000506
0 0 0 0
-0.340942 0.69873
-1.629639 4.252686 1.621826
0.726389 -0.687283 -0.000259
0 0 0 0
-0.367554 0.690918
-1.642334 4.269287 1.607178
0.117099 -0.117099 -0.986192
0 0 0 0
-0.367188 0.677002
-1.612549 4.26416 1.621826
0.386351 -0.922351 -0.001199
0 0 0 0
-0.382141 0.690918
-1.619141 4.284912 1.606934
0.053736 -0.15294 -0.986773
0 0 0 0
-0.382202 0.676636
-1.592285 4.268066 1.621826
-0.000977 -1 0.000001
0 0 0 0
-0.3974 0.690918
-1.592285 4.290283 1.606934
0.001378 -0.161213 -0.986919
0 0 0 0
-0.397217 0.67688
-1.565186 4.284912 1.606934
-0.053736 -0.15294 -0.986773
0 0 0 0
-0.412109 0.676941
-1.572021 4.26416 1.621826
-0.386351 -0.922351 0.001199
0 0 0 0
-0.41272 0.690918
-1.542236 4.269287 1.607178
-0.117099 -0.117099 -0.986192
0 0 0 0
-0.427185 0.676819
-1.554932 4.252686 1.621826
-0.727363 -0.686247 0.002942
0 0 0 0
-0.427063 0.690918
-1.525146 4.244385 1.606445
-0.174887 0.009639 -0.984541
0 0 0 0
-0.443604 0.677246
-1.543213 4.234619 1.621826
-0.975467 -0.22014 0.001811
0 0 0 0
-0.440552 0.690918
-1.517578 4.208496 1.602295
-0.180202 0.081159 -0.980276
0 0 0 0
-0.463196 0.682251
-1.544189 4.208496 1.621826
-0.999747 -0.022477 0.000505
0 0 0 0
-0.453308 0.698608
-1.509766 4.252686 1.61084
0.490681 0.263196 -0.830638
0 0 0 0
-0.444763 0.667542
-1.49585 4.208496 1.60791
0.53581 0.225119 -0.813775
0 0 0 0
-0.468811 0.670044
-1.501709 4.25708 1.621826
0.895534 0.444304 -0.024751
0 0 0 0
-0.444824 0.659607
-1.484375 4.208496 1.621826
0.939512 0.341551 -0.025707
0 0 0 0
-0.471375 0.659424
-1.495117 4.208496 1.635254
0.5335 0.222621 0.815976
0 0 0 0
-0.468933 0.649536
-1.509277 4.25293 1.632324
0.488325 0.260705 0.832809
0 0 0 0
-0.444641 0.652161
-1.517578 4.208496 1.641602
-0.15285 0.086753 0.984434
0 0 0 0
-0.462952 0.63678
-1.525146 4.244385 1.637207
-0.150249 0.01792 0.988486
0 0 0 0
-0.443359 0.642029
-1.542236 4.269287 1.636719
-0.100666 -0.097908 0.990091
0 0 0 0
-0.427063 0.642639
-1.554932 4.252686 1.621826
-0.727363 -0.686247 0.002942
0 0 0 0
-0.426697 0.628723
-1.543213 4.234619 1.621826
-0.975467 -0.22014 0.001811
0 0 0 0
-0.44043 0.628723
-1.544189 4.208496 1.621826
-0.999747 -0.022477 0.000505
0 0 0 0
-0.453247 0.62085
-1.572021 4.26416 1.621826
-0.386351 -0.922351 0.001199
0 0 0 0
-0.412109 0.628723
-1.565186 4.284912 1.636963
-0.045514 -0.128265 0.990695
0 0 0 0
-0.412048 0.643005
-1.559326 4.302979 1.63208
0.203745 0.475405 0.855849
0 0 0 0
-0.411682 0.652771
-1.592285 4.30957 1.63208
0.001333 0.513039 0.858364
0 0 0 0
-0.397095 0.652832
-1.628174 4.311768 1.621826
-0.383683 0.92302 -0.028665
0 0 0 0
-0.382751 0.659607
-1.658936 4.290527 1.621826
-0.700849 0.712744 -0.028398
0 0 0 0
-0.367615 0.65979
-1.653076 4.283203 1.611084
-0.378391 0.378391 -0.844773
0 0 0 0
-0.367371 0.667358
-1.625 4.30249 1.611084
-0.2063 0.477816 -0.853892
0 0 0 0
-0.382568 0.667175
-1.592285 4.309082 1.611084
0.001332 0.5155 -0.856889
0 0 0 0
-0.397156 0.667175
-1.559326 4.30249 1.611084
0.2063 0.477816 -0.853892
0 0 0 0
-0.411682 0.667419
-1.53125 4.283203 1.611084
0.378391 0.378391 -0.844773
0 0 0 0
-0.426941 0.667236
-1.525635 4.290527 1.621826
0.700849 0.712744 -0.028398
0 0 0 0
-0.426636 0.659729
-1.556396 4.311768 1.621826
0.383683 0.92302 -0.028665
0 0 0 0
-0.411499 0.659851
-1.592285 4.318848 1.621826
0.000991 0.99963 -0.027182
0 0 0 0
-0.397095 0.659729
-1.531006 4.283691 1.631836
0.375957 0.375957 0.846944
0 0 0 0
-0.42688 0.652649
1.666748 4.208496 1.641602
-0.15285 0.086753 0.984434
0 0 0 0
-0.331116 0.637268
1.641113 4.234863 1.621826
-0.975467 -0.22014 0.001811
0 0 0 0
-0.353699 0.628723
1.640381 4.208496 1.621826
-0.999747 -0.022477 0.000505
0 0 0 0
-0.341003 0.620972
1.65918 4.244385 1.637207
-0.150249 0.01792 0.988486
0 0 0 0
-0.350647 0.642334
1.629639 4.252686 1.621826
-0.726389 -0.687283 -0.000259
0 0 0 0
-0.367188 0.628723
1.642334 4.269287 1.636719
-0.100666 -0.097908 0.990091
0 0 0 0
-0.367065 0.642761
1.612549 4.26416 1.621826
-0.386351 -0.922351 0.001199
0 0 0 0
-0.381531 0.628723
1.619141 4.284912 1.636963
-0.045514 -0.128265 0.990695
0 0 0 0
-0.38208 0.642639
1.592285 4.268066 1.621826
0.000978 -1 -0.000001
0 0 0 0
-0.396851 0.628723
1.592285 4.290283 1.636963
0.001379 -0.136539 0.990634
0 0 0 0
-0.397034 0.642761
1.565186 4.284912 1.636963
0.045514 -0.128265 0.990695
0 0 0 0
-0.412048 0.643005
1.572021 4.26416 1.621826
0.386351 -0.922351 0.001199
0 0 0 0
-0.412109 0.628723
1.542236 4.269287 1.636719
0.100666 -0.097908 0.990091
0 0 0 0
-0.427063 0.642639
1.554932 4.252686 1.621826
0.727363 -0.686247 0.002942
0 0 0 0
-0.426697 0.628723
1.525146 4.244385 1.637207
0.150249 0.01792 0.988486
0 0 0 0
-0.443359 0.642029
1.543213 4.234619 1.621826
0.975467 -0.22014 0.001811
0 0 0 0
-0.44043 0.628723
1.517578 4.208496 1.641602
0.15285 0.086753 0.984434
0 0 0 0
-0.462952 0.63678
1.544189 4.208496 1.621826
0.999747 -0.022477 0.000506
0 0 0 0
-0.453247 0.62085
1.509277 4.25293 1.632324
-0.488325 0.260705 0.832809
0 0 0 0
-0.444641 0.652161
1.495117 4.208496 1.635254
-0.5335 0.222621 0.815976
0 0 0 0
-0.468933 0.649536
1.501709 4.25708 1.621826
-0.895534 0.444304 -0.024751
0 0 0 0
-0.444824 0.659607
1.484375 4.208496 1.621826
-0.939512 0.341551 -0.025707
0 0 0 0
-0.471375 0.659424
1.49585 4.208496 1.60791
-0.53581 0.225119 -0.813775
0 0 0 0
-0.468811 0.670044
1.509766 4.252686 1.61084
-0.490681 0.263196 -0.830638
0 0 0 0
-0.444763 0.667542
1.517578 4.208496 1.602295
0.180202 0.081159 -0.980276
0 0 0 0
-0.463196 0.682251
1.525146 4.244385 1.606445
0.174887 0.009639 -0.984541
0 0 0 0
-0.443604 0.677246
1.542236 4.269287 1.607178
0.117099 -0.117099 -0.986192
0 0 0 0
-0.427185 0.676819
1.554932 4.252686 1.621826
0.727363 -0.686247 0.002942
0 0 0 0
-0.427063 0.690918
1.572021 4.26416 1.621826
0.386351 -0.922351 0.001199
0 0 0 0
-0.41272 0.690918
1.565186 4.284912 1.606934
0.053736 -0.15294 -0.986773
0 0 0 0
-0.412109 0.676941
1.592285 4.268066 1.621826
0.000978 -1 -0.000001
0 0 0 0
-0.3974 0.690918
1.592285 4.290283 1.606934
-0.001378 -0.161213 -0.986919
0 0 0 0
-0.397217 0.67688
1.559326 4.30249 1.611084
-0.2063 0.477816 -0.853892
0 0 0 0
-0.411682 0.667419
1.53125 4.283203 1.611084
-0.378391 0.378391 -0.844773
0 0 0 0
-0.426941 0.667236
1.525635 4.290527 1.621826
-0.700849 0.712744 -0.028398
0 0 0 0
-0.426636 0.659729
1.556396 4.311768 1.621826
-0.383683 0.92302 -0.028665
0 0 0 0
-0.411499 0.659851
1.592285 4.309082 1.611084
-0.001332 0.5155 -0.856889
0 0 0 0
-0.397156 0.667175
1.625 4.30249 1.611084
0.2063 0.477816 -0.853892
0 0 0 0
-0.382568 0.667175
1.619141 4.284912 1.606934
-0.053736 -0.15294 -0.986773
0 0 0 0
-0.382202 0.676636
1.612549 4.26416 1.621826
-0.386351 -0.922351 0.001199
0 0 0 0
-0.382141 0.690918
1.642334 4.269287 1.607178
-0.117099 -0.117099 -0.986192
0 0 0 0
-0.367188 0.677002
1.629639 4.252686 1.621826
-0.726389 -0.687283 -0.000259
0 0 0 0
-0.367554 0.690918
1.65918 4.244385 1.606445
-0.174887 0.009639 -0.984541
0 0 0 0
-0.35083 0.677551
1.641113 4.234863 1.621826
-0.975467 -0.22014 0.001811
0 0 0 0
-0.353821 0.690918
1.666748 4.208496 1.602295
-0.180202 0.081159 -0.980276
0 0 0 0
-0.331238 0.6828
1.640381 4.208496 1.621826
-0.999747 -0.022477 0.000505
0 0 0 0
-0.340942 0.69873
1.674561 4.252686 1.61084
0.490681 0.263196 -0.830638
0 0 0 0
-0.349609 0.667847
1.688477 4.208496 1.60791
0.53581 0.225119 -0.813775
0 0 0 0
-0.3255 0.670593
1.682861 4.25708 1.621826
0.895534 0.444304 -0.024751
0 0 0 0
-0.349426 0.659912
1.700195 4.208496 1.621826
0.939512 0.341551 -0.025707
0 0 0 0
-0.322876 0.660034
1.689209 4.208496 1.635254
0.5335 0.222621 0.815976
0 0 0 0
-0.325256 0.650085
1.675049 4.25293 1.632324
0.488325 0.260705 0.832809
0 0 0 0
-0.349487 0.652466
1.653564 4.283691 1.631836
0.375957 0.375957 0.846944
0 0 0 0
-0.36731 0.65271
1.658936 4.290527 1.621826
0.700849 0.712744 -0.028398
0 0 0 0
-0.367615 0.65979
1.653076 4.283203 1.611084
0.378391 0.378391 -0.844773
0 0 0 0
-0.367371 0.667358
1.628174 4.311768 1.621826
0.383683 0.92302 -0.028665
0 0 0 0
-0.382751 0.659607
1.592285 4.318848 1.621826
-0.000991 0.99963 -0.027182
0 0 0 0
-0.397095 0.659729
1.592285 4.30957 1.63208
-0.001333 0.513039 0.858364
0 0 0 0
-0.397095 0.652832
1.625244 4.302979 1.63208
0.203745 0.475405 0.855849
0 0 0 0
-0.382568 0.652527
1.559326 4.302979 1.63208
-0.203745 0.475405 0.855849
0 0 0 0
-0.411682 0.652771
1.531006 4.283691 1.631836
-0.375956 0.375957 0.846944
0 0 0 0
-0.42688 0.652649
1.543213 4.234619 1.621826
0.975467 -0.22014 0.001811
0 0 0 0
-0.440552 0.690918
1.544189 4.208496 1.621826
0.999747 -0.022477 0.000506
0 0 0 0
-0.453308 0.698608
-1.666748 4.208496 -1.641602
0.15285 0.086753 -0.984434
0 0 0 0
-0.331116 0.637268
-1.641113 4.234863 -1.621826
0.975467 -0.22014 -0.001811
0 0 0 0
-0.353699 0.628723
-1.640381 4.208496 -1.621826
0.999747 -0.022477 0.000506
0 0 0 0
-0.341003 0.620972
-1.65918 4.244385 -1.637207
0.150249 0.01792 -0.988486
0 0 0 0
-0.350647 0.642334
-1.629639 4.252686 -1.621826
0.726389 -0.687283 0.000259
0 0 0 0
-0.367188 0.628723
-1.642334 4.269287 -1.636719
0.100666 -0.097908 -0.990091
0 0 0 0
-0.367065 0.642761
-1.612549 4.26416 -1.621826
0.386351 -0.922351 0.001199
0 0 0 0
-0.381531 0.628723
-1.619141 4.284912 -1.636963
0.045514 -0.128265 -0.990695
0 0 0 0
-0.38208 0.642639
-1.592285 4.268066 -1.621826
-0.000977 -1 -0.000001
0 0 0 0
-0.396851 0.628723
-1.592285 4.290283 -1.636963
-0.001379 -0.136539 -0.990634
0 0 0 0
-0.397034 0.642761
-1.565186 4.284912 -1.636963
-0.045514 -0.128265 -0.990695
0 0 0 0
-0.412048 0.643005
-1.572021 4.26416 -1.621826
-0.386351 -0.922351 0.001199
0 0 0 0
-0.412109 0.628723
-1.542236 4.269287 -1.636719
-0.100666 -0.097908 -0.990091
0 0 0 0
-0.427063 0.642639
-1.554932 4.252686 -1.621826
-0.727363 -0.686247 0.002942
0 0 0 0
-0.426697 0.628723
-1.525146 4.244385 -1.637207
-0.150249 0.01792 -0.988486
0 0 0 0
-0.443359 0.642029
-1.543213 4.234863 -1.621826
-0.975467 -0.22014 0.001811
0 0 0 0
-0.44043 0.628723
-1.517578 4.208496 -1.641602
-0.15285 0.086753 -0.984434
0 0 0 0
-0.462952 0.63678
-1.544189 4.208496 -1.621826
-0.999747 -0.022477 0.000505
0 0 0 0
-0.453247 0.62085
-1.509277 4.25293 -1.632324
0.488325 0.260705 -0.832809
0 0 0 0
-0.444641 0.652161
-1.495117 4.208496 -1.635254
0.5335 0.222621 -0.815976
0 0 0 0
-0.468933 0.649536
-1.501709 4.25708 -1.621826
0.895534 0.444304 0.024751
0 0 0 0
-0.444824 0.659607
-1.484375 4.208496 -1.621826
0.939512 0.341551 0.025707
0 0 0 0
-0.471375 0.659424
-1.49585 4.208496 -1.60791
0.53581 0.225119 0.813775
0 0 0 0
-0.468811 0.670044
-1.509766 4.252686 -1.61084
0.490681 0.263196 0.830638
0 0 0 0
-0.444763 0.667542
-1.517578 4.208496 -1.602295
-0.180202 0.081159 0.980276
0 0 0 0
-0.463196 0.682251
-1.525146 4.244385 -1.606445
-0.174887 0.009639 0.984541
0 0 0 0
-0.443604 0.677246
-1.542236 4.269287 -1.607178
-0.117099 -0.117099 0.986192
0 0 0 0
-0.427185 0.676819
-1.554932 4.252686 -1.621826
-0.727363 -0.686247 0.002942
0 0 0 0
-0.427063 0.690918
-1.572021 4.26416 -1.621826
-0.386351 -0.922351 0.001199
0 0 0 0
-0.41272 0.690918
-1.565186 4.284912 -1.606934
-0.053736 -0.15294 0.986773
0 0 0 0
-0.412109 0.676941
-1.592285 4.268066 -1.621826
-0.000977 -1 -0.000001
0 0 0 0
-0.3974 0.690918
-1.592285 4.290283 -1.606934
0.001378 -0.161213 0.986919
0 0 0 0
-0.397217 0.67688
-1.559326 4.30249 -1.611084
0.2063 0.477816 0.853892
0 0 0 0
-0.411682 0.667419
-1.53125 4.283203 -1.611084
0.378391 0.378391 0.844773
0 0 0 0
-0.426941 0.667236
-1.525635 4.290527 -1.621826
0.700849 0.712744 0.028398
0 0 0 0
-0.426636 0.659729
-1.556396 4.311768 -1.621826
0.383683 0.92302 0.028665
0 0 0 0
-0.411499 0.659851
-1.592285 4.309082 -1.611084
0.001332 0.5155 0.856889
0 0 0 0
-0.397156 0.667175
-1.625 4.30249 -1.611084
-0.2063 0.477816 0.853892
0 0 0 0
-0.382568 0.667175
-1.619141 4.284912 -1.606934
0.053736 -0.15294 0.986773
0 0 0 0
-0.382202 0.676636
-1.612549 4.26416 -1.621826
0.386351 -0.922351 0.001199
0 0 0 0
-0.382141 0.690918
-1.642334 4.269287 -1.607178
0.117099 -0.117099 0.986192
0 0 0 0
-0.367188 0.677002
1.996582 4.056885 -0.297363
0.427559 -0.017534 -0.903817
0 0 0 0
0.827515 0.522705
1.974854 3.963379 -0.297363
-0.409566 -0.017572 -0.912111
0 0 0 0
0.876404 0.513733
1.970947 4.056885 -0.297363
-0.427559 -0.017534 -0.903817
0 0 0 0
0.827515 0.513733
1.974854 3.963379 -0.287354
-0.409566 -0.017572 0.912111
0 0 0 0
0.876404 0.506653
1.970947 4.056885 -0.287354
-0.427559 -0.017534 0.903817
0 0 0 0
0.827515 0.506653
1.992676 3.963379 -0.287354
0.409566 -0.017572 0.912111
0 0 0 0
0.876404 0.495117
1.996582 4.056885 -0.287354
0.427559 -0.017534 0.903817
0 0 0 0
0.827515 0.495117
2.054443 4.133545 -0.297363
-0.250104 0.323108 -0.912715
0 0 0 0
0.827515 0.500366
1.983887 4.078857 -0.287354
-0.239741 0.310174 0.919954
0 0 0 0
0.876404 0.495117
2.054443 4.133545 -0.287354
-0.250104 0.323108 0.912715
0 0 0 0
0.827515 0.495117
1.983887 4.078857 -0.297363
-0.239741 0.310174 -0.919954
0 0 0 0
0.876404 0.500366
2.065918 4.120117 -0.297363
0.28736 -0.314342 -0.904773
0 0 0 0
0.827515 0.510376
1.996582 4.056885 -0.297363
0.327806 -0.359918 -0.8735
0 0 0 0
0.876404 0.510376
2.065918 4.120117 -0.287354
0.28736 -0.314342 0.904773
0 0 0 0
0.827515 0.518005
1.996582 4.056885 -0.287354
0.327806 -0.359918 0.8735
0 0 0 0
0.876404 0.518005
1.983887 4.078857 -0.287354
-0.239741 0.310174 0.919954
0 0 0 0
0.876404 0.52771
2.054443 4.133545 -0.287354
-0.250104 0.323108 0.912715
0 0 0 0
0.827515 0.52771
1.901855 4.120117 -0.297363
-0.287359 -0.314342 -0.904773
0 0 0 0
0.827515 0.500366
1.970947 4.056885 -0.287354
-0.327806 -0.359918 0.8735
0 0 0 0
0.876404 0.495117
1.901855 4.120117 -0.287354
-0.287359 -0.314342 0.904773
0 0 0 0
0.827515 0.495117
1.970947 4.056885 -0.297363
-0.327806 -0.359918 -0.8735
0 0 0 0
0.876404 0.500366
1.983887 4.078857 -0.297363
0.239741 0.310174 -0.919954
0 0 0 0
0.876404 0.509766
1.913086 4.133545 -0.297363
0.250104 0.323108 -0.912715
0 0 0 0
0.827515 0.509766
1.913086 4.133545 -0.287354
0.250104 0.323108 0.912715
0 0 0 0
0.827515 0.517029
1.983887 4.078857 -0.287354
0.239741 0.310174 0.919954
0 0 0 0
0.876404 0.517029
1.901855 4.120117 -0.287354
-0.287359 -0.314342 0.904773
0 0 0 0
0.827515 0.52771
1.970947 4.056885 -0.287354
-0.327806 -0.359918 0.8735
0 0 0 0
0.876404 0.52771
1.96875 4.068115 -0.280029
-0.867339 0.497718 0.000649
0 0 0 0
1.244019 0.702698
1.966309 4.059326 -0.280029
-1 -0.000977 -0.000001
0 0 0 0
1.248596 0.702698
1.966309 4.059326 -0.178955
-1 0.000978 -0.000001
0 0 0 0
1.248596 0.652161
1.96875 4.068115 -0.178955
-0.867339 0.497718 0.000649
0 0 0 0
1.244019 0.652161
1.975098 4.074463 -0.280029
-0.497718 0.867339 0.000649
0 0 0 0
1.239624 0.702698
1.975098 4.074463 -0.178955
-0.497718 0.867339 0.000649
0 0 0 0
1.239624 0.652161
1.983887 4.07666 -0.280029
-0.000977 1 0.000001
0 0 0 0
1.235107 0.702698
1.983887 4.07666 -0.178955
-0.000977 1 0.000001
0 0 0 0
1.235107 0.652161
1.992432 4.074463 -0.280029
0.497718 0.867339 -0.000649
0 0 0 0
1.23053 0.702698
1.992432 4.074463 -0.178955
0.497718 0.867339 -0.000649
0 0 0 0
1.23053 0.652161
1.998779 4.068115 -0.280029
0.867339 0.497718 0.000649
0 0 0 0
1.226135 0.702698
1.998779 4.068115 -0.178955
0.867339 0.497718 0.000649
0 0 0 0
1.226135 0.652161
2.001221 4.059326 -0.280029
1 -0.000977 -0.000001
0 0 0 0
1.221619 0.702698
2.001221 4.059326 -0.178955
1 0.000978 -0.000001
0 0 0 0
1.221619 0.652161
1.998779 4.050537 -0.280029
0.867339 -0.497718 0.000649
0 0 0 0
1.217041 0.702698
1.998779 4.050537 -0.178955
0.867339 -0.497718 0.000649
0 0 0 0
1.217041 0.652161
1.992432 4.044434 -0.280029
0.497718 -0.867339 0.000649
0 0 0 0
1.212646 0.702698
1.992432 4.044434 -0.178955
0.497718 -0.867339 0.000649
0 0 0 0
1.212646 0.652161
1.983887 4.041992 -0.280029
-0.000977 -1 0.000001
0 0 0 0
1.20813 0.702698
1.983887 4.041992 -0.178955
-0.000977 -1 0.000001
0 0 0 0
1.20813 0.652161
1.975098 4.044434 -0.280029
-0.497718 -0.867339 0.000649
0 0 0 0
1.203552 0.702698
1.975098 4.044434 -0.178955
-0.497718 -0.867339 0.000649
0 0 0 0
1.203552 0.652161
1.96875 4.050537 -0.280029
-0.867339 -0.497718 0.000649
0 0 0 0
1.199158 0.702698
1.96875 4.050537 -0.178955
-0.867339 -0.497718 0.000649
0 0 0 0
1.199158 0.652161
1.966309 4.059326 -0.280029
-1 -0.000977 -0.000001
0 0 0 0
1.194641 0.702698
1.966309 4.059326 -0.178955
-1 0.000978 -0.000001
0 0 0 0
1.194641 0.652161
2.04126 3.960693 -0.280273
0.500032 -0.866004 0.002086
0 0 0 0
0.056763 0.559937
2.003906 3.947266 -0.280273
0.173116 -0.984901 -0.0011
0 0 0 0
0.036682 0.559937
2.003906 3.947266 -0.304443
0.173116 -0.984901 -0.0011
0 0 0 0
0.036682 0.572632
2.04126 3.960693 -0.304443
0.500032 -0.866004 0.002086
0 0 0 0
0.056763 0.572632
2.071777 3.986328 -0.280273
0.766051 -0.642778 0.001711
0 0 0 0
0.076843 0.56012
2.071777 3.986328 -0.304443
0.766051 -0.642778 0.001711
0 0 0 0
0.076843 0.572632
2.091553 4.020752 -0.280273
0.939936 -0.34135 0.001153
0 0 0 0
0.096924 0.56012
2.091553 4.020752 -0.304443
0.939936 -0.34135 0.001153
0 0 0 0
0.096924 0.572632
2.098389 4.059814 -0.280273
1 0.000978 -0.000001
0 0 0 0
0.117004 0.56012
2.098389 4.059814 -0.304443
1 0.000978 -0.000001
0 0 0 0
0.117004 0.572632
2.091553 4.098877 -0.280273
0.939935 0.34135 0.001153
0 0 0 0
0.137085 0.56012
2.091553 4.098877 -0.304443
0.939935 0.34135 0.001153
0 0 0 0
0.137085 0.572632
2.071777 4.133301 -0.280273
0.766051 0.642778 0.001711
0 0 0 0
0.157166 0.56012
2.071777 4.133301 -0.304443
0.766051 0.642778 0.001711
0 0 0 0
0.157166 0.572632
2.04126 4.158691 -0.280273
0.500032 0.866004 -0.002086
0 0 0 0
0.177246 0.56012
2.04126 4.158691 -0.304443
0.500032 0.866004 -0.002086
0 0 0 0
0.177246 0.572632
2.003906 4.172363 -0.280273
0.173116 0.984901 -0.0011
0 0 0 0
0.197327 0.56012
2.003906 4.172363 -0.304443
0.173116 0.984901 -0.0011
0 0 0 0
0.197327 0.572632
1.964355 4.172363 -0.280273
-0.173116 0.984901 0.0011
0 0 0 0
0.217346 0.56012
1.964355 4.172363 -0.304443
-0.173116 0.984901 0.0011
0 0 0 0
0.217346 0.572632
1.927002 4.158691 -0.280273
-0.500032 0.866004 0.002086
0 0 0 0
0.237427 0.56012
1.927002 4.158691 -0.304443
-0.500032 0.866004 0.002086
0 0 0 0
0.237427 0.572632
1.896729 4.133301 -0.280273
-0.766051 0.642778 0.001711
0 0 0 0
0.257507 0.56012
1.896729 4.133301 -0.304443
-0.766051 0.642778 0.001711
0 0 0 0
0.257507 0.572632
1.876709 4.098877 -0.280273
-0.939935 0.34135 0.001153
0 0 0 0
0.277588 0.56012
1.876709 4.098877 -0.304443
-0.939935 0.34135 0.001153
0 0 0 0
0.277588 0.572632
1.869873 4.059814 -0.280273
-1 0.000978 -0.000001
0 0 0 0
0.297668 0.56012
1.869873 4.059814 -0.304443
-1 -0.000977 -0.000001
0 0 0 0
0.297668 0.572632
1.876709 4.020752 -0.280273
-0.939936 -0.34135 0.001153
0 0 0 0
0.317749 0.56012
1.876709 4.020752 -0.304443
-0.939936 -0.34135 0.001153
0 0 0 0
0.317749 0.572632
1.896729 3.986328 -0.280273
-0.766051 -0.642778 0.001711
0 0 0 0
0.33783 0.56012
1.896729 3.986328 -0.304443
-0.766051 -0.642778 0.001711
0 0 0 0
0.33783 0.572632
1.927002 3.960693 -0.280273
-0.500032 -0.866004 0.002086
0 0 0 0
0.35791 0.56012
1.927002 3.960693 -0.304443
-0.500032 -0.866004 0.002086
0 0 0 0
0.35791 0.572632
1.964355 3.947266 -0.280273
-0.173116 -0.984901 0.0011
0 0 0 0
0.377991 0.559937
1.964355 3.947266 -0.304443
-0.173116 -0.984901 0.0011
0 0 0 0
0.377991 0.572632
2.003906 3.947266 -0.280273
0.173116 -0.984901 -0.0011
0 0 0 0
0.398071 0.559937
2.003906 3.947266 -0.304443
0.173116 -0.984901 -0.0011
0 0 0 0
0.398071 0.572632
2.003906 3.947266 -0.304443
0.001382 0.001382 -0.999998
0 0 0 0
0.376343 0.559937
1.964355 3.947266 -0.304443
0.001382 0.001382 -0.999998
0 0 0 0
0.398499 0.559937
1.968506 3.970703 -0.304443
0.001382 0.001382 -0.999998
0 0 0 0
0.398499 0.572632
1.999756 3.970703 -0.304443
0.001382 0.001382 -0.999998
0 0 0 0
0.376343 0.572388
2.04126 3.960693 -0.304443
-0.001382 0.001382 -0.999998
0 0 0 0
0.356567 0.559937
2.029297 3.981445 -0.304443
-0.001382 0.001382 -0.999998
0 0 0 0
0.356567 0.572388
2.071777 3.986328 -0.304443
0.001382 0.001382 -0.999998
0 0 0 0
0.336853 0.559937
2.053467 4.001709 -0.304443
0.001382 0.001382 -0.999998
0 0 0 0
0.336853 0.572388
2.091553 4.020752 -0.304443
0.001382 0.001382 -0.999998
0 0 0 0
0.317139 0.559937
2.069092 4.028809 -0.304443
0.001382 0.001382 -0.999998
0 0 0 0
0.317139 0.572388
2.098389 4.059814 -0.304443
0.001382 0.001382 -0.999998
0 0 0 0
0.297363 0.559937
2.074463 4.059814 -0.304443
0.001382 0.001382 -0.999998
0 0 0 0
0.297363 0.572388
2.091553 4.098877 -0.304443
0.001382 0.001382 -0.999998
0 0 0 0
0.277405 0.559937
2.069092 4.090576 -0.304443
0.001382 0.001382 -0.999998
0 0 0 0
0.277405 0.572388
2.071777 4.133301 -0.304443
0.001382 0.001382 -0.999998
0 0 0 0
0.257568 0.559937
2.053467 4.117676 -0.304443
0.001382 0.001382 -0.999998
0 0 0 0
0.257568 0.572388
2.04126 4.158691 -0.304443
-0.001382 0.001382 -0.999998
0 0 0 0
0.23761 0.559937
2.029297 4.137939 -0.304443
-0.001382 0.001382 -0.999998
0 0 0 0
0.23761 0.572388
2.003906 4.172363 -0.304443
0.001382 -0.001382 -0.999998
0 0 0 0
0.217529 0.559937
1.999756 4.148682 -0.304443
0.001382 -0.001382 -0.999998
0 0 0 0
0.217529 0.572388
1.964355 4.172363 -0.304443
0.001382 -0.001382 -0.999998
0 0 0 0
0.195923 0.559937
1.968506 4.148682 -0.304443
0.001382 -0.001382 -0.999998
0 0 0 0
0.195923 0.572388
1.927002 4.158691 -0.304443
-0.001382 0.001382 -0.999998
0 0 0 0
0.175049 0.559937
1.938965 4.137939 -0.304443
-0.001382 0.001382 -0.999998
0 0 0 0
0.175049 0.572388
1.896729 4.133301 -0.304443
0.001382 -0.001382 -0.999998
0 0 0 0
0.155762 0.559937
1.915039 4.117676 -0.304443
0.001382 -0.001382 -0.999998
0 0 0 0
0.155762 0.572388
1.876709 4.098877 -0.304443
0.001382 -0.001382 -0.999998
0 0 0 0
0.135803 0.559937
1.89917 4.090576 -0.304443
0.001382 -0.001382 -0.999998
0 0 0 0
0.135803 0.572388
1.869873 4.059814 -0.304443
0.001382 0.001382 -0.999998
0 0 0 0
0.115723 0.559937
1.893799 4.059814 -0.304443
0.001382 0.001382 -0.999998
0 0 0 0
0.115723 0.572388
1.876709 4.020752 -0.304443
0.001382 0.001382 -0.999998
0 0 0 0
0.095642 0.559937
1.89917 4.028809 -0.304443
0.001382 0.001382 -0.999998
0 0 0 0
0.095642 0.572388
1.896729 3.986328 -0.304443
0.001382 0.001382 -0.999998
0 0 0 0
0.0755 0.559937
1.915039 4.001709 -0.304443
0.001382 0.001382 -0.999998
0 0 0 0
0.0755 0.572388
1.927002 3.960693 -0.304443
-0.001382 -0.001382 -0.999998
0 0 0 0
0.05542 0.559937
1.938965 3.981445 -0.304443
-0.001382 -0.001382 -0.999998
0 0 0 0
0.05542 0.572388
1.964355 3.947266 -0.304443
0.001382 0.001382 -0.999998
0 0 0 0
0.036255 0.559937
1.968506 3.970703 -0.304443
0.001382 0.001382 -0.999998
0 0 0 0
0.036255 0.572632
2.003906 3.947266 -0.280273
0.066427 -0.378229 0.923326
0 0 0 0
0.380554 0.56012
1.966309 3.958984 -0.275391
-0.023444 -0.136529 0.990359
0 0 0 0
0.398376 0.566345
1.964355 3.947266 -0.280273
-0.066427 -0.378229 0.923326
0 0 0 0
0.398376 0.559937
2.001953 3.958984 -0.275391
0.023444 -0.136529 0.990359
0 0 0 0
0.380554 0.566345
2.04126 3.960693 -0.280273
0.191164 -0.332164 0.923647
0 0 0 0
0.360352 0.56012
2.0354 3.971191 -0.275391
0.070332 -0.119978 0.990282
0 0 0 0
0.360352 0.566345
2.071777 3.986328 -0.280273
0.294207 -0.245398 0.9237
0 0 0 0
0.340088 0.56012
2.0625 3.993896 -0.275391
0.106188 -0.089639 0.990297
0 0 0 0
0.340088 0.566345
2.091553 4.020752 -0.280273
0.359304 -0.131519 0.923907
0 0 0 0
0.319763 0.56012
2.080322 4.024658 -0.275391
0.131008 -0.048266 0.990206
0 0 0 0
0.319763 0.566345
2.098389 4.059814 -0.280273
0.383666 -0.001356 0.923471
0 0 0 0
0.2995 0.56012
2.086426 4.059814 -0.275391
0.139284 -0.001379 0.990252
0 0 0 0
0.2995 0.566345
2.091553 4.098877 -0.280273
0.359304 0.131519 0.923907
0 0 0 0
0.279358 0.56012
2.080322 4.094727 -0.275391
0.131008 0.048266 0.990206
0 0 0 0
0.279358 0.566345
2.071777 4.133301 -0.280273
0.294207 0.245398 0.9237
0 0 0 0
0.259277 0.56012
2.0625 4.125488 -0.275391
0.106188 0.089639 0.990297
0 0 0 0
0.259277 0.566345
2.04126 4.158691 -0.280273
0.191164 0.332164 0.923647
0 0 0 0
0.239258 0.56012
2.0354 4.148438 -0.275391
0.070332 0.119978 0.990282
0 0 0 0
0.239258 0.566345
2.003906 4.172363 -0.280273
0.066427 0.378229 0.923326
0 0 0 0
0.219238 0.56012
2.001953 4.1604 -0.275391
0.023444 0.136529 0.990359
0 0 0 0
0.219238 0.566345
1.964355 4.172363 -0.280273
-0.066427 0.378229 0.923326
0 0 0 0
0.199524 0.56012
1.966309 4.1604 -0.275391
-0.023444 0.136529 0.990359
0 0 0 0
0.199524 0.566345
1.927002 4.158691 -0.280273
-0.191164 0.332164 0.923647
0 0 0 0
0.178833 0.56012
1.933105 4.148438 -0.275391
-0.070332 0.119978 0.990282
0 0 0 0
0.178833 0.566345
1.896729 4.133301 -0.280273
-0.294207 0.245398 0.9237
0 0 0 0
0.157532 0.56012
1.905762 4.125488 -0.275391
-0.106188 0.089639 0.990297
0 0 0 0
0.157532 0.566345
1.876709 4.098877 -0.280273
-0.359304 0.131519 0.923907
0 0 0 0
0.137207 0.56012
1.887939 4.094727 -0.275391
-0.131008 0.048266 0.990206
0 0 0 0
0.137207 0.566345
1.869873 4.059814 -0.280273
-0.383666 -0.001356 0.923471
0 0 0 0
0.117126 0.56012
1.881836 4.059814 -0.275391
-0.139283 0.001379 0.990252
0 0 0 0
0.117126 0.566345
1.876709 4.020752 -0.280273
-0.359304 -0.131519 0.923907
0 0 0 0
0.097107 0.56012
1.887939 4.024658 -0.275391
-0.131008 -0.048266 0.990206
0 0 0 0
0.097107 0.566345
1.896729 3.986328 -0.280273
-0.294207 -0.245398 0.9237
0 0 0 0
0.077087 0.56012
1.905762 3.993896 -0.275391
-0.106188 -0.089639 0.990297
0 0 0 0
0.077087 0.566345
1.927002 3.960693 -0.280273
-0.191164 -0.332164 0.923647
0 0 0 0
0.057129 0.56012
1.933105 3.971191 -0.275391
-0.070332 -0.119978 0.990282
0 0 0 0
0.057129 0.566345
1.964355 3.947266 -0.280273
-0.066427 -0.378229 0.923326
0 0 0 0
0.036377 0.559937
1.966309 3.958984 -0.275391
-0.023444 -0.136529 0.990359
0 0 0 0
0.036377 0.566345
1.968506 3.970703 -0.27832
0.039814 0.229274 0.972547
0 0 0 0
0.036377 0.572632
1.938965 3.981445 -0.27832
0.116693 0.201811 0.972448
0 0 0 0
0.057129 0.572632
1.915039 4.001709 -0.27832
0.179836 0.149635 0.972249
0 0 0 0
0.077087 0.572632
1.89917 4.028809 -0.27832
0.218289 0.081 0.972517
0 0 0 0
0.097107 0.572632
1.893799 4.059814 -0.27832
0.234736 0.001373 0.972058
0 0 0 0
0.117126 0.572632
1.89917 4.090576 -0.27832
0.218289 -0.081 0.972517
0 0 0 0
0.137207 0.572632
1.915039 4.117676 -0.27832
0.179836 -0.149634 0.972249
0 0 0 0
0.157532 0.572632
1.938965 4.137939 -0.27832
0.116693 -0.201811 0.972448
0 0 0 0
0.178833 0.572632
1.968506 4.148682 -0.27832
0.039814 -0.229274 0.972547
0 0 0 0
0.199524 0.572632
1.999756 4.148682 -0.27832
-0.039814 -0.229274 0.972547
0 0 0 0
0.219238 0.572632
2.029297 4.137939 -0.27832
-0.116693 -0.201811 0.972448
0 0 0 0
0.239258 0.572632
2.053467 4.117676 -0.27832
-0.179836 -0.149634 0.972249
0 0 0 0
0.259277 0.572632
2.069092 4.090576 -0.27832
-0.218289 -0.081 0.972517
0 0 0 0
0.279358 0.572632
2.074463 4.059814 -0.27832
-0.234736 0.001373 0.972058
0 0 0 0
0.2995 0.572632
2.069092 4.028809 -0.27832
-0.218289 0.081 0.972517
0 0 0 0
0.319763 0.572632
2.053467 4.001709 -0.27832
-0.179836 0.149635 0.972249
0 0 0 0
0.340088 0.572632
2.029297 3.981445 -0.27832
-0.116693 0.201811 0.972448
0 0 0 0
0.360352 0.572632
1.999756 3.970703 -0.27832
-0.039814 0.229274 0.972547
0 0 0 0
0.380554 0.572632
1.968506 3.970703 -0.27832
0.039814 0.229274 0.972547
0 0 0 0
0.398376 0.572632
1.999756 3.970703 -0.304443
-0.173116 0.984901 0.0011
0 0 0 0
0.378418 0.572632
1.968506 3.970703 -0.304443
0.173116 0.984901 0.0011
0 0 0 0
0.398315 0.572632
1.968506 3.970703 -0.27832
0.173116 0.984901 0.0011
0 0 0 0
0.398315 0.56012
1.999756 3.970703 -0.27832
-0.173116 0.984901 0.0011
0 0 0 0
0.378418 0.56012
2.029297 3.981445 -0.304443
-0.500032 0.866004 0.002086
0 0 0 0
0.358459 0.572632
2.029297 3.981445 -0.27832
-0.500032 0.866004 0.002086
0 0 0 0
0.358521 0.56012
2.053467 4.001709 -0.304443
-0.766051 0.642778 0.001711
0 0 0 0
0.338562 0.572632
2.053467 4.001709 -0.27832
-0.766051 0.642778 0.001711
0 0 0 0
0.338562 0.56012
2.069092 4.028809 -0.304443
-0.939935 0.34135 0.001153
0 0 0 0
0.318665 0.572632
2.069092 4.028809 -0.27832
-0.939935 0.34135 0.001153
0 0 0 0
0.318665 0.56012
2.074463 4.059814 -0.304443
-1 0.000978 -0.000001
0 0 0 0
0.298767 0.572632
2.074463 4.059814 -0.27832
-1 0.000978 -0.000001
0 0 0 0
0.298767 0.56012
2.069092 4.090576 -0.304443
-0.939936 -0.34135 0.001153
0 0 0 0
0.27887 0.572632
2.069092 4.090576 -0.27832
-0.939936 -0.34135 0.001153
0 0 0 0
0.27887 0.56012
2.053467 4.117676 -0.304443
-0.766051 -0.642778 0.001711
0 0 0 0
0.258911 0.572632
2.053467 4.117676 -0.27832
-0.766051 -0.642778 0.001711
0 0 0 0
0.258972 0.56012
2.029297 4.137939 -0.304443
-0.500032 -0.866004 0.002086
0 0 0 0
0.239014 0.572632
2.029297 4.137939 -0.27832
-0.500032 -0.866004 0.002086
0 0 0 0
0.239075 0.56012
1.999756 4.148682 -0.304443
-0.173116 -0.984901 0.0011
0 0 0 0
0.219055 0.572632
1.999756 4.148682 -0.27832
-0.173116 -0.984901 0.0011
0 0 0 0
0.219177 0.56012
1.968506 4.148682 -0.304443
0.173116 -0.984901 0.0011
0 0 0 0
0.199158 0.572632
1.968506 4.148682 -0.27832
0.173116 -0.984901 0.0011
0 0 0 0
0.19928 0.56012
1.938965 4.137939 -0.304443
0.500032 -0.866004 0.002086
0 0 0 0
0.17926 0.572632
1.938965 4.137939 -0.27832
0.500032 -0.866004 0.002086
0 0 0 0
0.179321 0.56012
1.915039 4.117676 -0.304443
0.766051 -0.642778 0.001711
0 0 0 0
0.159363 0.572632
1.915039 4.117676 -0.27832
0.766051 -0.642778 0.001711
0 0 0 0
0.159424 0.56012
1.89917 4.090576 -0.304443
0.939936 -0.34135 0.001153
0 0 0 0
0.139465 0.572632
1.89917 4.090576 -0.27832
0.939936 -0.34135 0.001153
0 0 0 0
0.139465 0.56012
1.893799 4.059814 -0.304443
1 0.000978 -0.000001
0 0 0 0
0.119568 0.572632
1.893799 4.059814 -0.27832
1 0.000978 -0.000001
0 0 0 0
0.119568 0.56012
1.89917 4.028809 -0.304443
0.939935 0.34135 -0.001153
0 0 0 0
0.09967 0.572632
1.89917 4.028809 -0.27832
0.939935 0.34135 -0.001153
0 0 0 0
0.09967 0.56012
1.915039 4.001709 -0.304443
0.766051 0.642778 0.001711
0 0 0 0
0.079712 0.572632
1.915039 4.001709 -0.27832
0.766051 0.642778 0.001711
0 0 0 0
0.079773 0.56012
1.938965 3.981445 -0.304443
0.500032 0.866004 0.002086
0 0 0 0
0.059814 0.572632
1.938965 3.981445 -0.27832
0.500032 0.866004 0.002086
0 0 0 0
0.059814 0.56012
1.968506 3.970703 -0.304443
0.173116 0.984901 0.0011
0 0 0 0
0.039917 0.572632
1.968506 3.970703 -0.27832
0.173116 0.984901 0.0011
0 0 0 0
0.039917 0.56012
1.983887 4.031982 -0.299072
0.000987 -0.99981 0.019454
0 0 0 0
0.444336 0.840515
1.996094 4.038574 -0.27832
0.491399 -0.858115 0.14888
0 0 0 0
0.430786 0.830994
1.983887 4.035156 -0.27832
0.001048 -0.988642 0.150286
0 0 0 0
0.430786 0.839172
1.997559 4.035889 -0.299072
0.498075 -0.866947 0.018024
0 0 0 0
0.443298 0.832458
1.983887 4.034668 -0.30542
-0.001341 -0.470731 -0.882276
0 0 0 0
0.450256 0.838684
1.996338 4.038086 -0.30542
0.234668 -0.408993 -0.881848
0 0 0 0
0.447388 0.832153
1.983887 4.059326 -0.30542
0.001382 0.001382 -0.999998
0 0 0 0
0.461731 0.826294
2.005127 4.046875 -0.30542
0.408994 -0.234668 -0.881848
0 0 0 0
0.446777 0.825867
2.007324 4.045654 -0.299072
0.866947 -0.498075 0.018024
0 0 0 0
0.443115 0.825073
2.004639 4.047119 -0.27832
0.858115 -0.491399 0.14888
0 0 0 0
0.431335 0.821716
2.008057 4.059326 -0.27832
0.988642 -0.001048 0.150286
0 0 0 0
0.434509 0.811829
2.010986 4.059326 -0.299072
0.99981 -0.000987 0.019454
0 0 0 0
0.444946 0.817993
2.004639 4.071533 -0.27832
0.858115 0.491399 0.14888
0 0 0 0
0.441162 0.80304
2.007324 4.073242 -0.299072
0.866947 0.498075 0.018024
0 0 0 0
0.449036 0.812195
1.996094 4.080322 -0.27832
0.491399 0.858115 0.14888
0 0 0 0
0.4505 0.79718
1.997559 4.083008 -0.299072
0.498075 0.866947 0.018024
0 0 0 0
0.454773 0.808472
1.983887 4.083496 -0.27832
0.001048 0.988642 0.150286
0 0 0 0
0.46167 0.795044
1.983887 4.08667 -0.299072
0.000987 0.99981 0.019454
0 0 0 0
0.461731 0.807129
1.97168 4.080322 -0.27832
-0.491399 0.858115 0.14888
0 0 0 0
0.4729 0.79718
1.969971 4.083008 -0.299072
-0.498075 0.866947 0.018024
0 0 0 0
0.468628 0.808472
1.962891 4.071533 -0.27832
-0.858115 0.491399 0.14888
0 0 0 0
0.482239 0.80304
1.960205 4.073242 -0.299072
-0.866947 0.498075 0.018024
0 0 0 0
0.474365 0.812195
1.959717 4.059326 -0.27832
-0.988642 0.001048 0.150286
0 0 0 0
0.488892 0.811829
1.956543 4.059326 -0.299072
-0.99981 0.000987 0.019454
0 0 0 0
0.478455 0.817993
1.962891 4.047119 -0.27832
-0.858115 -0.491399 0.14888
0 0 0 0
0.492126 0.821716
1.960205 4.045654 -0.299072
-0.866947 -0.498075 0.018024
0 0 0 0
0.480347 0.825073
1.97168 4.038574 -0.27832
-0.491399 -0.858115 0.14888
0 0 0 0
0.492615 0.830933
1.969971 4.035889 -0.299072
-0.498075 -0.866947 0.018024
0 0 0 0
0.480164 0.832458
1.983887 4.035156 -0.27832
0.001048 -0.988642 0.150286
0 0 0 0
0.492676 0.839172
-1.629639 4.252686 -1.621826
0.726389 -0.687283 0.000259
0 0 0 0
-0.367554 0.690918
-1.65918 4.244385 -1.606445
0.174887 0.009639 0.984541
0 0 0 0
-0.35083 0.677551
-1.641113 4.234863 -1.621826
0.975467 -0.22014 -0.001811
0 0 0 0
-0.353821 0.690918
-1.666748 4.208496 -1.602295
0.180202 0.081159 0.980276
0 0 0 0
-0.331238 0.6828
-1.640381 4.208496 -1.621826
0.999747 -0.022477 0.000506
0 0 0 0
-0.340942 0.69873
-1.674561 4.252686 -1.61084
-0.490681 0.263196 0.830638
0 0 0 0
-0.349609 0.667847
-1.688477 4.208496 -1.60791
-0.53581 0.225119 0.813775
0 0 0 0
-0.3255 0.670593
-1.682861 4.25708 -1.621826
-0.895534 0.444304 0.024751
0 0 0 0
-0.349426 0.659912
-1.700195 4.208496 -1.621826
-0.939512 0.341551 0.025707
0 0 0 0
-0.322876 0.660034
-1.689209 4.208496 -1.635254
-0.5335 0.222621 -0.815976
0 0 0 0
-0.325256 0.650085
-1.675049 4.25293 -1.632324
-0.488325 0.260705 -0.832809
0 0 0 0
-0.349487 0.652466
-1.653564 4.283691 -1.631836
-0.375956 0.375957 -0.846944
0 0 0 0
-0.36731 0.65271
-1.658936 4.290527 -1.621826
-0.700849 0.712744 0.028398
0 0 0 0
-0.367615 0.65979
-1.653076 4.283203 -1.611084
-0.378391 0.378391 0.844773
0 0 0 0
-0.367371 0.667358
-1.628174 4.311768 -1.621826
-0.383683 0.92302 0.028665
0 0 0 0
-0.382751 0.659607
-1.592285 4.318848 -1.621826
0.000991 0.99963 0.027182
0 0 0 0
-0.397095 0.659729
-1.592285 4.30957 -1.63208
0.001333 0.513039 -0.858364
0 0 0 0
-0.397095 0.652832
-1.625244 4.302979 -1.63208
-0.203745 0.475405 -0.855849
0 0 0 0
-0.382568 0.652527
-1.559326 4.302979 -1.63208
0.203745 0.475405 -0.855849
0 0 0 0
-0.411682 0.652771
-1.531006 4.283691 -1.631836
0.375957 0.375957 -0.846944
0 0 0 0
-0.42688 0.652649
-1.543213 4.234863 -1.621826
-0.975467 -0.22014 0.001811
0 0 0 0
-0.440552 0.690918
-1.544189 4.208496 -1.621826
-0.999747 -0.022477 0.000505
0 0 0 0
-0.453308 0.698608
1.666748 4.208496 -1.641602
-0.15285 0.086753 -0.984434
0 0 0 0
0.668945 0.637268
1.640381 4.208496 -1.621826
-0.999747 -0.022477 0.000505
0 0 0 0
0.658997 0.620972
1.641113 4.234863 -1.621826
-0.975467 -0.22014 0.001811
0 0 0 0
0.646301 0.628723
1.65918 4.244385 -1.637207
-0.150249 0.01792 -0.988486
0 0 0 0
0.649414 0.642334
1.629639 4.252686 -1.621826
-0.726389 -0.687283 0.000259
0 0 0 0
0.632812 0.628723
1.642334 4.269287 -1.636719
-0.100666 -0.097908 -0.990091
0 0 0 0
0.632935 0.642761
1.612549 4.26416 -1.621826
-0.386351 -0.922351 -0.001199
0 0 0 0
0.618469 0.628723
1.619141 4.284912 -1.636963
-0.045514 -0.128265 -0.990695
0 0 0 0
0.61792 0.642639
1.592285 4.268066 -1.621826
0.000978 -1 0.000001
0 0 0 0
0.603149 0.628723
1.592285 4.290283 -1.636963
0.001379 -0.136539 -0.990634
0 0 0 0
0.602966 0.642761
1.625244 4.302979 -1.63208
0.203745 0.475405 -0.855849
0 0 0 0
0.617432 0.652527
1.653564 4.283691 -1.631836
0.375957 0.375957 -0.846944
0 0 0 0
0.63269 0.65271
1.675049 4.25293 -1.632324
0.488325 0.260705 -0.832809
0 0 0 0
0.650513 0.652466
1.689209 4.208496 -1.635254
0.5335 0.222621 -0.815976
0 0 0 0
0.674744 0.650085
1.682861 4.25708 -1.621826
0.895534 0.444304 0.024751
0 0 0 0
0.650574 0.659912
1.700195 4.208496 -1.621826
0.939512 0.341551 0.025707
0 0 0 0
0.677124 0.660034
1.688477 4.208496 -1.60791
0.53581 0.225119 0.813775
0 0 0 0
0.6745 0.670593
1.674561 4.252686 -1.61084
0.490681 0.263196 0.830638
0 0 0 0
0.650391 0.667847
1.666748 4.208496 -1.602295
-0.180202 0.081159 0.980276
0 0 0 0
0.668762 0.6828
1.65918 4.244385 -1.606445
-0.174887 0.009639 0.984541
0 0 0 0
0.64917 0.677551
1.641113 4.234863 -1.621826
-0.975467 -0.22014 0.001811
0 0 0 0
0.646179 0.690918
1.640381 4.208496 -1.621826
-0.999747 -0.022477 0.000505
0 0 0 0
0.659058 0.69873
1.629639 4.252686 -1.621826
-0.726389 -0.687283 0.000259
0 0 0 0
0.632446 0.690918
1.642334 4.269287 -1.607178
-0.117099 -0.117099 0.986192
0 0 0 0
0.632812 0.677002
1.612549 4.26416 -1.621826
-0.386351 -0.922351 -0.001199
0 0 0 0
0.617859 0.690918
1.619141 4.284912 -1.606934
-0.053736 -0.15294 0.986773
0 0 0 0
0.617798 0.676636
1.592285 4.268066 -1.621826
0.000978 -1 0.000001
0 0 0 0
0.6026 0.690918
1.592285 4.290283 -1.606934
-0.001378 -0.161213 0.986919
0 0 0 0
0.602783 0.67688
1.565186 4.284912 -1.606934
0.053736 -0.15294 0.986773
0 0 0 0
0.587891 0.676941
1.572021 4.26416 -1.621826
0.386351 -0.922351 -0.001199
0 0 0 0
0.58728 0.690918
1.542236 4.269287 -1.607178
0.117099 -0.117099 0.986192
0 0 0 0
0.572815 0.676819
1.554932 4.252686 -1.621826
0.727363 -0.686247 -0.002942
0 0 0 0
0.572937 0.690918
1.525146 4.244385 -1.606445
0.174887 0.009639 0.984541
0 0 0 0
0.556396 0.677246
1.543213 4.234863 -1.621826
0.975467 -0.22014 -0.001811
0 0 0 0
0.559448 0.690918
1.517578 4.208496 -1.602295
0.180202 0.081159 0.980276
0 0 0 0
0.536804 0.682251
1.544189 4.208496 -1.621826
0.999747 -0.022477 0.000506
0 0 0 0
0.546692 0.698608
1.509766 4.252686 -1.61084
-0.490681 0.263196 0.830638
0 0 0 0
0.555237 0.667542
1.49585 4.208496 -1.60791
-0.53581 0.225119 0.813775
0 0 0 0
0.531189 0.670044
1.501709 4.25708 -1.621826
-0.895534 0.444304 0.024751
0 0 0 0
0.555176 0.659607
1.484375 4.208496 -1.621826
-0.939512 0.341551 0.025707
0 0 0 0
0.528625 0.659424
1.495117 4.208496 -1.635254
-0.5335 0.222621 -0.815976
0 0 0 0
0.531067 0.649536
1.509277 4.25293 -1.632324
-0.488325 0.260705 -0.832809
0 0 0 0
0.555359 0.652161
1.517578 4.208496 -1.641602
0.15285 0.086753 -0.984434
0 0 0 0
0.537048 0.63678
1.525146 4.244385 -1.637207
0.150249 0.01792 -0.988486
0 0 0 0
0.556641 0.642029
1.542236 4.269287 -1.636719
0.100666 -0.097908 -0.990091
0 0 0 0
0.572937 0.642639
1.554932 4.252686 -1.621826
0.727363 -0.686247 -0.002942
0 0 0 0
0.573303 0.628723
1.543213 4.234863 -1.621826
0.975467 -0.22014 -0.001811
0 0 0 0
0.55957 0.628723
1.544189 4.208496 -1.621826
0.999747 -0.022477 0.000506
0 0 0 0
0.546753 0.62085
1.572021 4.26416 -1.621826
0.386351 -0.922351 -0.001199
0 0 0 0
0.587891 0.628723
1.565186 4.284912 -1.636963
0.045514 -0.128265 -0.990695
0 0 0 0
0.587952 0.643005
1.559326 4.302979 -1.63208
-0.203745 0.475405 -0.855849
0 0 0 0
0.588318 0.652771
1.592285 4.30957 -1.63208
-0.001333 0.513039 -0.858364
0 0 0 0
0.602905 0.652832
1.628174 4.311768 -1.621826
0.383683 0.92302 0.028665
0 0 0 0
0.617249 0.659607
1.658936 4.290527 -1.621826
0.700849 0.712744 0.028398
0 0 0 0
0.632385 0.65979
1.653076 4.283203 -1.611084
0.378391 0.378391 0.844773
0 0 0 0
0.632629 0.667358
1.625 4.30249 -1.611084
0.2063 0.477816 0.853892
0 0 0 0
0.617432 0.667175
1.592285 4.309082 -1.611084
-0.001332 0.5155 0.856889
0 0 0 0
0.602844 0.667175
1.559326 4.30249 -1.611084
-0.2063 0.477816 0.853892
0 0 0 0
0.588318 0.667419
1.53125 4.283203 -1.611084
-0.378391 0.378391 0.844773
0 0 0 0
0.573059 0.667236
1.525635 4.290527 -1.621826
-0.700849 0.712744 0.028398
0 0 0 0
0.573364 0.659729
1.556396 4.311768 -1.621826
-0.383683 0.92302 0.028665
0 0 0 0
0.588501 0.659851
1.592285 4.318848 -1.621826
-0.000991 0.99963 0.027182
0 0 0 0
0.602905 0.659729
1.531006 4.283691 -1.631836
-0.375956 0.375957 -0.846944
0 0 0 0
0.57312 0.652649
1.240723 4.201172 1.041016
0.765633 0.001253 0.643276
0 0 0 0
-0.317932 0.539185
1.144775 4.217041 1.145264
0.280036 0.91759 0.282151
0 0 0 0
-0.325806 0.606018
1.144775 4.201172 1.145264
0.706425 0.001277 0.707786
0 0 0 0
-0.317932 0.606018
1.240723 4.217041 1.041016
0.303611 0.917408 0.257261
0 0 0 0
-0.325806 0.539185
1.32666 4.201172 0.928955
0.820018 0.001226 0.572337
0 0 0 0
-0.317932 0.472595
1.32666 4.217041 0.928955
0.326043 0.91747 0.227914
0 0 0 0
-0.325806 0.472595
1.402588 4.201172 0.809814
0.86573 0.001197 0.500511
0 0 0 0
-0.317932 0.406006
1.402588 4.217041 0.809814
0.343696 0.917592 0.199745
0 0 0 0
-0.325806 0.406006
1.467773 4.201172 0.68457
0.906077 0.001166 0.423112
0 0 0 0
-0.317932 0.339417
1.467773 4.217041 0.68457
0.360139 0.917774 0.167303
0 0 0 0
-0.325806 0.339417
1.521729 4.201172 0.554199
0.93922 0.001133 0.343313
0 0 0 0
-0.317932 0.272827
1.521729 4.217041 0.554199
0.373899 0.917563 0.135196
0 0 0 0
-0.325806 0.272827
1.564209 4.201172 0.419434
0.966052 0.001097 0.258346
0 0 0 0
-0.317932 0.206238
1.564209 4.217041 0.419434
0.383289 0.917633 0.105062
0 0 0 0
-0.325806 0.206238
1.594971 4.201172 0.281494
0.984509 0.00106 0.175329
0 0 0 0
-0.317932 0.139648
1.594971 4.217041 0.281494
0.39083 0.917996 0.067345
0 0 0 0
-0.325806 0.139648
1.613281 4.201172 0.141602
0.996128 0.00102 0.087909
0 0 0 0
-0.317932 0.072998
1.613281 4.217041 0.141602
0.396571 0.917381 0.033825
0 0 0 0
-0.325806 0.072998
1.619385 4.201172 0.000488
1 0.000978 -0.000001
0 0 0 0
-0.317932 0.006409
1.619385 4.217041 0.000488
0.39769 0.91752 -0.000804
0 0 0 0
-0.325806 0.006409
1.51416 4.243408 0.132812
0.437658 0.898245 0.040139
0 0 0 0
-0.377075 0.072998
1.496826 4.243408 0.26416
0.433247 0.897948 0.077375
0 0 0 0
-0.377075 0.139648
1.480713 4.284424 0.129883
0.995393 -0.041772 0.086303
0 0 0 0
-0.403503 0.072998
1.463623 4.284424 0.258545
0.983901 -0.041305 0.173877
0 0 0 0
-0.403503 0.139648
1.516357 4.300537 0.133057
0.761688 -0.64466 0.065152
0 0 0 0
-0.423035 0.072998
1.521973 4.300537 0.000488
0.763312 -0.64603 -0.000337
0 0 0 0
-0.423035 0.006409
1.521973 4.325684 0.000488
0.202508 0.979279 0.001604
0 0 0 0
-0.435547 0.006409
1.516357 4.325684 0.133057
0.20215 0.979196 0.017634
0 0 0 0
-0.435547 0.072998
1.499023 4.300537 0.264648
0.75195 -0.645866 0.132016
0 0 0 0
-0.423035 0.139648
1.435791 4.284424 0.38501
0.965494 -0.04274 0.256894
0 0 0 0
-0.403503 0.206238
1.470215 4.300537 0.394287
0.737467 -0.645418 0.198942
0 0 0 0
-0.423035 0.206238
1.470215 4.325684 0.394287
0.19547 0.979353 0.051575
0 0 0 0
-0.435547 0.206238
1.430176 4.325684 0.520752
0.190987 0.979189 0.068653
0 0 0 0
-0.435547 0.272827
1.430176 4.300537 0.520752
0.717449 -0.644935 0.2633
0 0 0 0
-0.423035 0.272827
1.396729 4.284424 0.508545
0.938763 -0.041899 0.342006
0 0 0 0
-0.403503 0.272827
1.468262 4.243408 0.393555
0.423981 0.898509 0.113678
0 0 0 0
-0.377075 0.206238
1.428223 4.243408 0.52002
0.413908 0.898023 0.149117
0 0 0 0
-0.377075 0.272827
1.377686 4.243408 0.642578
0.399303 0.897634 0.186574
0 0 0 0
-0.377075 0.339417
1.316406 4.243408 0.76001
0.381303 0.897628 0.221073
0 0 0 0
-0.377075 0.406006
1.245117 4.243408 0.871826
0.359922 0.898165 0.252498
0 0 0 0
-0.377075 0.472595
1.164551 4.243408 0.977051
0.337657 0.897835 0.282632
0 0 0 0
-0.377075 0.539185
1.074463 4.243408 1.074951
0.309977 0.898598 0.310542
0 0 0 0
-0.377075 0.606018
1.138672 4.284424 0.955322
0.765391 -0.041339 0.642236
0 0 0 0
-0.403503 0.539185
1.050537 4.284424 1.05127
0.70621 -0.042143 0.706747
0 0 0 0
-0.403503 0.606018
1.075928 4.300537 1.076416
0.540052 -0.644422 0.541354
0 0 0 0
-0.423035 0.606018
1.166016 4.300537 0.978271
0.583841 -0.645926 0.491842
0 0 0 0
-0.423035 0.539185
1.166016 4.325684 0.978271
0.154765 0.979484 0.129073
0 0 0 0
-0.435547 0.539185
1.075928 4.325684 1.076416
0.143184 0.979292 0.143131
0 0 0 0
-0.435547 0.606018
1.093018 4.318848 0.916992
-0.057015 0.997263 -0.04708
0 0 0 0
-0.483215 0.539185
1.008545 4.318848 1.009033
-0.051121 0.997363 -0.051506
0 0 0 0
-0.483215 0.606018
1.168701 4.318848 0.818359
-0.060892 0.997226 -0.042815
0 0 0 0
-0.483215 0.472595
1.246826 4.325684 0.873047
0.166159 0.979409 0.114671
0 0 0 0
-0.435547 0.472595
1.318115 4.325684 0.76123
0.175361 0.979353 0.100583
0 0 0 0
-0.435547 0.406006
1.235596 4.318848 0.713379
-0.06265 0.997424 -0.034926
0 0 0 0
-0.483215 0.406006
1.292969 4.318848 0.603027
-0.066488 0.997318 -0.030592
0 0 0 0
-0.483215 0.339417
1.379395 4.325684 0.643311
0.184402 0.979061 0.086235
0 0 0 0
-0.435547 0.339417
1.340576 4.318848 0.488281
-0.068336 0.997311 -0.026487
0 0 0 0
-0.483215 0.272827
1.378174 4.318848 0.369629
-0.070043 0.997372 -0.018506
0 0 0 0
-0.483215 0.206238
1.499023 4.325684 0.264648
0.199823 0.979231 0.034307
0 0 0 0
-0.435547 0.139648
1.405029 4.318848 0.248047
-0.071869 0.997311 -0.014363
0 0 0 0
-0.483215 0.139648
1.421143 4.318848 0.124756
-0.073545 0.997272 -0.006321
0 0 0 0
-0.483215 0.072998
1.426514 4.318848 0.000488
-0.073403 0.997299 -0.00243
0 0 0 0
-0.483215 0.006409
1.379395 4.300537 0.643311
0.691965 -0.644709 0.32486
0 0 0 0
-0.423035 0.339417
1.347168 4.284424 0.628418
0.90566 -0.043127 0.421805
0 0 0 0
-0.403503 0.339417
1.287354 4.284424 0.743164
0.865392 -0.041893 0.499341
0 0 0 0
-0.403503 0.406006
1.318115 4.300537 0.76123
0.661086 -0.64499 0.383346
0 0 0 0
-0.423035 0.406006
1.246826 4.300537 0.873047
0.624881 -0.645984 0.438439
0 0 0 0
-0.423035 0.472595
1.217529 4.284424 0.852539
0.817926 -0.04292 0.57372
0 0 0 0
-0.403503 0.472595
1.519775 4.243408 0.000488
0.441332 0.897342 0.002139
0 0 0 0
-0.377075 0.006409
1.486328 4.284424 0.000488
0.999112 -0.042078 0.002139
0 0 0 0
-0.403503 0.006409
1.041016 4.201172 -1.240723
0.642997 0.001299 -0.765868
0 0 0 0
-0.317932 0.539185
1.145264 4.217041 -1.144775
0.280036 0.91759 -0.282151
0 0 0 0
-0.325806 0.606018
1.145264 4.201172 -1.144775
0.706425 0.001277 -0.707786
0 0 0 0
-0.317932 0.606018
1.983887 4.031982 -0.299072
0.000987 -0.99981 0.019454
0 0 0 0
0.479065 0.840515
1.983887 4.034668 -0.30542
-0.001341 -0.470731 -0.882276
0 0 0 0
0.473206 0.838684
1.971436 4.038086 -0.30542
-0.234668 -0.408993 -0.881848
0 0 0 0
0.476074 0.832092
1.962646 4.046875 -0.30542
-0.408993 -0.234668 -0.881848
0 0 0 0
0.476685 0.825806
1.959229 4.059326 -0.30542
-0.470731 -0.001341 -0.882276
0 0 0 0
0.47522 0.819824
1.962646 4.071777 -0.30542
-0.408993 0.234668 -0.881848
0 0 0 0
0.471802 0.815063
1.971436 4.080566 -0.30542
-0.234668 0.408994 -0.881848
0 0 0 0
0.467224 0.812134
1.983887 4.083984 -0.30542
-0.001341 0.470731 -0.882276
0 0 0 0
0.461731 0.811035
1.996338 4.080566 -0.30542
0.234668 0.408994 -0.881847
0 0 0 0
0.456177 0.812134
2.005127 4.071777 -0.30542
0.408994 0.234668 -0.881847
0 0 0 0
0.451599 0.815063
2.008301 4.059326 -0.30542
0.470731 -0.001341 -0.882276
0 0 0 0
0.448181 0.819885
1.983887 4.059326 -0.279541
-0.001382 -0.001382 0.999998
0 0 0 0
0.452271 0.338806
2.008057 4.059326 -0.27832
-0.051133 -0.001382 0.998691
0 0 0 0
0.465149 0.338806
2.004639 4.071533 -0.27832
-0.042841 -0.026258 0.998737
0 0 0 0
0.463379 0.332336
1.996094 4.080322 -0.27832
-0.026258 -0.042841 0.998737
0 0 0 0
0.458801 0.327698
1.983887 4.083496 -0.27832
-0.001382 -0.051133 0.998691
0 0 0 0
0.452271 0.325928
1.97168 4.080322 -0.27832
0.026258 -0.042841 0.998737
0 0 0 0
0.445801 0.327698
1.962891 4.071533 -0.27832
0.042841 -0.026258 0.998737
0 0 0 0
0.441162 0.332336
1.959717 4.059326 -0.27832
0.051133 -0.001382 0.998691
0 0 0 0
0.439453 0.338806
1.962891 4.047119 -0.27832
0.042841 0.026258 0.998737
0 0 0 0
0.441162 0.345276
1.97168 4.038574 -0.27832
0.026258 0.042841 0.998737
0 0 0 0
0.445801 0.349915
1.983887 4.035156 -0.27832
0.001382 0.051133 0.998691
0 0 0 0
0.452271 0.351685
1.996094 4.038574 -0.27832
-0.026258 0.042841 0.998737
0 0 0 0
0.458801 0.349915
2.004639 4.047119 -0.27832
-0.042841 0.026258 0.998737
0 0 0 0
0.463379 0.345276
1.855713 3.890381 -0.092041
-0.93922 0.001133 -0.343313
0 0 0 0
0.03125 0.598572
1.847412 3.890381 -0.04541
-1 -0.000977 0.000001
0 0 0 0
0.006042 0.598572
1.847412 4.145752 -0.04541
-1 -0.000977 0.000001
0 0 0 0
0.006042 0.734558
1.855713 4.145752 -0.092041
-0.93922 0.001133 -0.343313
0 0 0 0
0.03125 0.734558
1.879395 3.890381 -0.133057
-0.765633 0.001253 -0.643276
0 0 0 0
0.056396 0.598572
1.879395 4.145752 -0.133057
-0.765633 0.001253 -0.643276
0 0 0 0
0.056396 0.734558
1.915527 3.890381 -0.163574
-0.500689 0.001335 -0.865626
0 0 0 0
0.081604 0.598572
1.915527 4.145752 -0.163574
-0.500689 0.001335 -0.865626
0 0 0 0
0.081604 0.734558
1.960205 3.890381 -0.179688
-0.174889 0.001377 -0.984587
0 0 0 0
0.106812 0.598572
1.960205 4.145752 -0.179688
-0.174889 0.001377 -0.984587
0 0 0 0
0.106812 0.734558
2.007568 3.890381 -0.179688
0.174889 0.001377 -0.984587
0 0 0 0
0.132019 0.598572
2.007568 4.145752 -0.179688
0.174889 0.001377 -0.984587
0 0 0 0
0.132019 0.734558
2.052002 3.890381 -0.163574
0.500689 -0.001335 -0.865626
0 0 0 0
0.157166 0.598572
2.052002 4.145752 -0.163574
0.500689 -0.001335 -0.865626
0 0 0 0
0.157166 0.734558
2.088135 3.890381 -0.133057
0.765633 -0.001253 -0.643276
0 0 0 0
0.182373 0.598572
2.088135 4.145752 -0.133057
0.765633 -0.001253 -0.643276
0 0 0 0
0.182373 0.734558
2.111816 3.890381 -0.092041
0.93922 -0.001133 -0.343313
0 0 0 0
0.20752 0.598572
2.111816 4.145752 -0.092041
0.93922 -0.001133 -0.343313
0 0 0 0
0.20752 0.734558
2.120117 3.890381 -0.04541
1 0.000978 -0.000001
0 0 0 0
0.232727 0.598572
2.120117 4.145752 -0.04541
1 0.000978 -0.000001
0 0 0 0
0.232727 0.734558
2.111816 3.890381 0.001221
0.93922 0.001133 0.343313
0 0 0 0
0.257935 0.598572
2.111816 4.145752 0.001221
0.93922 0.001133 0.343313
0 0 0 0
0.257935 0.734558
2.088135 3.890381 0.042236
0.765633 -0.001253 0.643276
0 0 0 0
0.283081 0.598572
2.088135 4.145752 0.042236
0.765633 -0.001253 0.643276
0 0 0 0
0.283081 0.734558
2.052002 3.890381 0.072754
0.500689 -0.001335 0.865626
0 0 0 0
0.308289 0.598572
2.052002 4.145752 0.072754
0.500689 -0.001335 0.865626
0 0 0 0
0.308289 0.734558
2.007568 3.890381 0.088867
0.174889 -0.001377 0.984587
0 0 0 0
0.333435 0.598572
2.007568 4.145752 0.088867
0.174889 -0.001377 0.984587
0 0 0 0
0.333435 0.734558
1.960205 3.890381 0.088867
-0.174889 -0.001377 0.984587
0 0 0 0
0.358643 0.598572
1.960205 4.145752 0.088867
-0.174889 -0.001377 0.984587
0 0 0 0
0.358643 0.734558
1.915527 3.890381 0.072754
-0.500689 -0.001335 0.865626
0 0 0 0
0.38385 0.598572
1.915527 4.145752 0.072754
-0.500689 -0.001335 0.865626
0 0 0 0
0.38385 0.734558
1.879395 4.145752 0.042236
-0.765633 0.001253 0.643276
0 0 0 0
0.409058 0.734558
1.879395 3.890381 0.042236
-0.765633 0.001253 0.643276
0 0 0 0
0.409058 0.598572
1.855713 3.890381 0.001221
-0.93922 -0.001133 0.343313
0 0 0 0
0.434204 0.598572
1.855713 4.145752 0.001221
-0.93922 -0.001133 0.343313
0 0 0 0
0.434204 0.734558
1.847412 3.890381 -0.04541
-1 -0.000977 0.000001
0 0 0 0
0.459412 0.598572
1.847412 4.145752 -0.04541
-1 -0.000977 0.000001
0 0 0 0
0.459412 0.734558
3.021973 2.26416 -0.126221
-0.324837 0.941926 -0.08518
0 0 0 0
0.993896 0.044373
3.01123 2.26416 -0.04541
-0.33553 0.942028 0.001444
0 0 0 0
0.993896 0.005676
3.064697 2.283203 -0.04541
-0.33553 0.942028 0.001444
0 0 0 0
0.965881 0.005676
3.07373 2.283203 -0.112549
-0.324837 0.941926 -0.08518
0 0 0 0
0.965881 0.044373
3.099365 2.283203 -0.175049
-0.290665 0.941754 -0.169152
0 0 0 0
0.965881 0.082886
3.052979 2.26416 -0.201904
-0.290665 0.941754 -0.169152
0 0 0 0
0.993896 0.082886
3.102783 2.26416 -0.266602
-0.237991 0.942184 -0.235903
0 0 0 0
0.993896 0.122192
3.140869 2.283203 -0.228516
-0.237991 0.942184 -0.235903
0 0 0 0
0.965881 0.122192
3.194336 2.283203 -0.27002
-0.167612 0.942401 -0.289459
0 0 0 0
0.965881 0.161438
3.16748 2.26416 -0.316406
-0.167612 0.942401 -0.289459
0 0 0 0
0.993896 0.161438
3.243164 2.26416 -0.347412
-0.086638 0.941767 -0.324913
0 0 0 0
0.993896 0.199707
3.25708 2.283203 -0.295654
-0.086638 0.941767 -0.324913
0 0 0 0
0.965881 0.199707
3.323975 2.283203 -0.304688
0.00113 0.941518 -0.336961
0 0 0 0
0.965881 0.238037
3.323975 2.26416 -0.358398
0.00113 0.941518 -0.336961
0 0 0 0
0.993896 0.238037
3.405029 2.26416 -0.347412
0.086638 0.941767 -0.324913
0 0 0 0
0.993896 0.276367
3.391113 2.283203 -0.295654
0.086638 0.941767 -0.324913
0 0 0 0
0.965881 0.276367
3.453613 2.283203 -0.27002
0.167612 0.942401 -0.289459
0 0 0 0
0.965881 0.314697
3.480469 2.26416 -0.316406
0.167612 0.942401 -0.289459
0 0 0 0
0.993896 0.314697
3.545166 2.26416 -0.266602
0.237991 0.942184 -0.235903
0 0 0 0
0.993896 0.353027
3.507324 2.283203 -0.228516
0.237991 0.942184 -0.235903
0 0 0 0
0.965881 0.353027
3.548584 2.283203 -0.175049
0.290665 0.941754 -0.169152
0 0 0 0
0.965881 0.391357
3.594971 2.26416 -0.201904
0.290665 0.941754 -0.169152
0 0 0 0
0.993896 0.391357
3.626221 2.26416 -0.126221
0.324837 0.941926 -0.08518
0 0 0 0
0.993896 0.429688
3.574463 2.283203 -0.112549
0.324837 0.941926 -0.08518
0 0 0 0
0.965881 0.429688
3.583252 2.283203 -0.04541
0.33553 0.942028 -0.001444
0 0 0 0
0.965881 0.468018
3.636963 2.26416 -0.04541
0.33553 0.942028 -0.001444
0 0 0 0
0.993896 0.468018
3.626221 2.26416 0.035645
0.324837 0.941926 0.08518
0 0 0 0
0.993896 0.506348
3.574463 2.283203 0.021729
0.324837 0.941926 0.08518
0 0 0 0
0.965881 0.506348
3.548584 2.283203 0.084229
0.290665 0.941754 0.169152
0 0 0 0
0.965881 0.544678
3.594971 2.26416 0.111084
0.290665 0.941754 0.169152
0 0 0 0
0.993896 0.544678
3.545166 2.26416 0.175781
0.237991 0.942184 0.235903
0 0 0 0
0.993896 0.583008
3.507324 2.283203 0.137939
0.237991 0.942184 0.235903
0 0 0 0
0.965881 0.583008
3.453613 2.283203 0.179199
0.167612 0.942401 0.289459
0 0 0 0
0.965881 0.621338
3.480469 2.26416 0.225586
0.167612 0.942401 0.289459
0 0 0 0
0.993896 0.621338
3.405029 2.26416 0.256592
0.086638 0.941767 0.324913
0 0 0 0
0.993896 0.659668
3.391113 2.283203 0.204834
0.086638 0.941767 0.324913
0 0 0 0
0.965881 0.659668
3.323975 2.283203 0.213867
0.00113 0.941518 0.336961
0 0 0 0
0.965881 0.697998
3.323975 2.26416 0.267578
0.00113 0.941518 0.336961
0 0 0 0
0.993896 0.697998
3.243164 2.26416 0.256592
-0.086638 0.941767 0.324913
0 0 0 0
0.993896 0.736328
3.25708 2.283203 0.204834
-0.086638 0.941767 0.324913
0 0 0 0
0.965881 0.736328
3.194336 2.283203 0.179199
-0.167612 0.942401 0.289459
0 0 0 0
0.965881 0.774597
3.16748 2.26416 0.225586
-0.167612 0.942401 0.289459
0 0 0 0
0.993896 0.774597
3.102783 2.26416 0.175781
-0.237991 0.942184 0.235903
0 0 0 0
0.993896 0.814087
3.140869 2.283203 0.137939
-0.237991 0.942184 0.235903
0 0 0 0
0.965881 0.814087
3.099365 2.283203 0.084229
-0.290665 0.941754 0.169152
0 0 0 0
0.965881 0.853149
3.052979 2.26416 0.111084
-0.290665 0.941754 0.169152
0 0 0 0
0.993896 0.853149
3.021973 2.26416 0.035645
-0.324837 0.941926 0.08518
0 0 0 0
0.993896 0.891663
3.07373 2.283203 0.021729
-0.324837 0.941926 0.08518
0 0 0 0
0.965881 0.891663
3.064697 2.283203 -0.04541
-0.33553 0.942028 0.001444
0 0 0 0
0.965881 0.930298
3.01123 2.26416 -0.04541
-0.33553 0.942028 0.001444
0 0 0 0
0.993896 0.930298
3.064697 1.915771 -0.04541
-0.33553 -0.942028 -0.001444
0 0 0 0
0.993896 0.005676
3.01123 1.934814 -0.04541
-0.33553 -0.942028 -0.001444
0 0 0 0
0.965881 0.005676
3.021973 1.934814 -0.126221
-0.324837 -0.941926 -0.08518
0 0 0 0
0.965881 0.044373
3.07373 1.915771 -0.112549
-0.324837 -0.941926 -0.08518
0 0 0 0
0.993896 0.044373
3.099365 1.915771 -0.175049
-0.290665 -0.941754 -0.169153
0 0 0 0
0.993896 0.082886
3.052979 1.934814 -0.201904
-0.290665 -0.941754 -0.169153
0 0 0 0
0.965881 0.082886
3.102783 1.934814 -0.266602
-0.237991 -0.942184 -0.235903
0 0 0 0
0.965881 0.122192
3.140869 1.915771 -0.228516
-0.237991 -0.942184 -0.235903
0 0 0 0
0.993896 0.122314
3.194336 1.915771 -0.27002
-0.167612 -0.942401 -0.289459
0 0 0 0
0.993896 0.161438
3.16748 1.934814 -0.316406
-0.167612 -0.942401 -0.289459
0 0 0 0
0.965881 0.161438
3.243164 1.934814 -0.347412
-0.086638 -0.941767 -0.324913
0 0 0 0
0.965881 0.199707
3.25708 1.915771 -0.295654
-0.086638 -0.941767 -0.324913
0 0 0 0
0.993896 0.199707
3.323975 1.915771 -0.304688
0.00113 -0.941518 -0.336961
0 0 0 0
0.993896 0.238037
3.323975 1.934814 -0.358398
0.00113 -0.941518 -0.336961
0 0 0 0
0.965881 0.238037
3.405029 1.934814 -0.347412
0.086638 -0.941767 -0.324913
0 0 0 0
0.965881 0.276367
3.391113 1.915771 -0.295654
0.086638 -0.941767 -0.324913
0 0 0 0
0.993896 0.276367
3.453613 1.915771 -0.27002
0.167612 -0.942401 -0.289459
0 0 0 0
0.993896 0.314697
3.480469 1.934814 -0.316406
0.167612 -0.942401 -0.289459
0 0 0 0
0.965881 0.314697
3.545166 1.934814 -0.266602
0.237991 -0.942184 -0.235903
0 0 0 0
0.965881 0.353027
3.507324 1.915771 -0.228516
0.237991 -0.942184 -0.235903
0 0 0 0
0.993896 0.353027
3.548584 1.915771 -0.175049
0.290665 -0.941754 -0.169152
0 0 0 0
0.993896 0.391357
3.594971 1.934814 -0.201904
0.290665 -0.941754 -0.169152
0 0 0 0
0.965881 0.391357
3.626221 1.934814 -0.126221
0.324837 -0.941926 -0.08518
0 0 0 0
0.965881 0.429688
3.574463 1.915771 -0.112549
0.324837 -0.941926 -0.08518
0 0 0 0
0.993896 0.429688
3.583252 1.915771 -0.04541
0.33553 -0.942028 0.001444
0 0 0 0
0.993896 0.468018
3.636963 1.934814 -0.04541
0.33553 -0.942028 0.001444
0 0 0 0
0.965881 0.468018
3.626221 1.934814 0.035645
0.324837 -0.941926 0.08518
0 0 0 0
0.965881 0.506348
3.574463 1.915771 0.021729
0.324837 -0.941926 0.08518
0 0 0 0
0.993896 0.506348
3.548584 1.915771 0.084229
0.290665 -0.941754 0.169152
0 0 0 0
0.993896 0.544678
3.594971 1.934814 0.111084
0.290665 -0.941754 0.169152
0 0 0 0
0.965881 0.544678
3.545166 1.934814 0.175781
0.237991 -0.942184 0.235903
0 0 0 0
0.965881 0.583008
3.507324 1.915771 0.137939
0.237991 -0.942184 0.235903
0 0 0 0
0.993896 0.583008
3.453613 1.915771 0.179199
0.167612 -0.942401 0.289459
0 0 0 0
0.993896 0.621338
3.480469 1.934814 0.225586
0.167612 -0.942401 0.289459
0 0 0 0
0.965881 0.621338
3.405029 1.934814 0.256592
0.086638 -0.941767 0.324913
0 0 0 0
0.965881 0.659668
3.391113 1.915771 0.204834
0.086638 -0.941767 0.324913
0 0 0 0
0.993896 0.659668
3.323975 1.915771 0.213867
0.00113 -0.941518 0.336961
0 0 0 0
0.993896 0.697998
3.323975 1.934814 0.267578
0.00113 -0.941518 0.336961
0 0 0 0
0.965881 0.697998
3.243164 1.934814 0.256592
-0.086638 -0.941767 0.324913
0 0 0 0
0.965881 0.736328
3.25708 1.915771 0.204834
-0.086638 -0.941767 0.324913
0 0 0 0
0.993896 0.736328
3.194336 1.915771 0.179199
-0.167612 -0.942401 0.289459
0 0 0 0
0.993896 0.774597
3.16748 1.934814 0.225586
-0.167612 -0.942401 0.289459
0 0 0 0
0.965881 0.774597
3.102783 1.934814 0.175781
-0.237991 -0.942184 0.235903
0 0 0 0
0.965881 0.813477
3.140869 1.915771 0.137939
-0.237991 -0.942184 0.235903
0 0 0 0
0.993896 0.81488
3.099365 1.915771 0.084229
-0.290665 -0.941754 0.169153
0 0 0 0
0.993896 0.853149
3.052979 1.934814 0.111084
-0.290665 -0.941754 0.169153
0 0 0 0
0.965881 0.853149
3.021973 1.934814 0.035645
-0.324837 -0.941926 0.08518
0 0 0 0
0.965881 0.891663
3.07373 1.915771 0.021729
-0.324837 -0.941926 0.08518
0 0 0 0
0.993896 0.891663
3.064697 1.915771 -0.04541
-0.33553 -0.942028 -0.001444
0 0 0 0
0.993896 0.930298
3.01123 1.934814 -0.04541
-0.33553 -0.942028 -0.001444
0 0 0 0
0.965881 0.930298
3.121338 3.440186 -0.218506
0.254811 0.769358 -0.585798
0 0 0 0
0.965881 0.911438
3.102783 3.409668 -0.266602
-0.101256 0.929512 -0.354619
0 0 0 0
0.993896 0.90564
3.091553 3.419678 -0.261719
0.254811 0.769358 -0.585798
0 0 0 0
0.993896 0.912598
3.140869 3.428711 -0.228516
-0.121018 0.933081 -0.338696
0 0 0 0
0.965881 0.897034
3.194336 3.428711 -0.27002
-0.167612 0.942401 -0.289459
0 0 0 0
0.965881 0.869873
3.16748 3.409668 -0.316406
-0.167612 0.942401 -0.289459
0 0 0 0
0.993896 0.869873
3.243164 3.409668 -0.347412
-0.086638 0.941767 -0.324913
0 0 0 0
0.993896 0.834656
3.25708 3.428711 -0.295654
-0.086638 0.941767 -0.324913
0 0 0 0
0.965881 0.834656
3.323975 3.428711 -0.304688
0.00113 0.941518 -0.336961
0 0 0 0
0.965881 0.799316
3.323975 3.409668 -0.358398
0.00113 0.941518 -0.336961
0 0 0 0
0.993896 0.799316
3.405029 3.409668 -0.347412
0.086638 0.941767 -0.324913
0 0 0 0
0.993896 0.764038
3.391113 3.428711 -0.295654
0.086638 0.941767 -0.324913
0 0 0 0
0.965881 0.764038
3.453613 3.428711 -0.27002
0.167612 0.942401 -0.289459
0 0 0 0
0.965881 0.72876
3.480469 3.409668 -0.316406
0.167612 0.942401 -0.289459
0 0 0 0
0.993896 0.72876
3.545166 3.409668 -0.266602
0.237991 0.942184 -0.235903
0 0 0 0
0.993896 0.69342
3.507324 3.428711 -0.228516
0.237991 0.942184 -0.235903
0 0 0 0
0.965881 0.69342
3.548584 3.428711 -0.175049
0.290665 0.941754 -0.169152
0 0 0 0
0.965881 0.658142
3.594971 3.409668 -0.201904
0.290665 0.941754 -0.169152
0 0 0 0
0.993896 0.658142
3.626221 3.409668 -0.126221
0.324837 0.941926 -0.08518
0 0 0 0
0.993896 0.622803
3.574463 3.428711 -0.112549
0.324837 0.941926 -0.08518
0 0 0 0
0.965881 0.622803
3.583252 3.428711 -0.04541
0.33553 0.942028 0.001444
0 0 0 0
0.965881 0.587524
3.636963 3.409668 -0.04541
0.33553 0.942028 0.001444
0 0 0 0
0.993896 0.587524
3.626221 3.409668 0.035645
0.324837 0.941926 0.08518
0 0 0 0
0.993896 0.552185
3.574463 3.428711 0.021729
0.324837 0.941926 0.08518
0 0 0 0
0.965881 0.552185
3.548584 3.428711 0.084229
0.290665 0.941754 0.169152
0 0 0 0
0.965881 0.516907
3.594971 3.409668 0.111084
0.290665 0.941754 0.169152
0 0 0 0
0.993896 0.516907
3.545166 3.409668 0.175781
0.237991 0.942184 0.235903
0 0 0 0
0.993896 0.481628
3.507324 3.428711 0.137939
0.237991 0.942184 0.235903
0 0 0 0
0.965881 0.481628
3.453613 3.428711 0.179199
0.167612 0.942401 0.289459
0 0 0 0
0.965881 0.446289
3.480469 3.409668 0.225586
0.167612 0.942401 0.289459
0 0 0 0
0.993896 0.446289
3.405029 3.409668 0.256592
0.086638 0.941767 0.324913
0 0 0 0
0.993896 0.411011
3.391113 3.428711 0.204834
0.086638 0.941767 0.324913
0 0 0 0
0.965881 0.411011
3.323975 3.428711 0.213867
0.00113 0.941518 0.336961
0 0 0 0
0.965881 0.375671
3.323975 3.409668 0.267578
0.00113 0.941518 0.336961
0 0 0 0
0.993896 0.375671
3.243164 3.409668 0.256592
-0.086638 0.941767 0.324913
0 0 0 0
0.993896 0.340393
3.25708 3.428711 0.204834
-0.086638 0.941767 0.324913
0 0 0 0
0.965881 0.340393
3.194336 3.428711 0.179199
-0.167612 0.942401 0.289459
0 0 0 0
0.965881 0.305176
3.16748 3.409668 0.225586
-0.167612 0.942401 0.289459
0 0 0 0
0.993896 0.305176
3.102783 3.409668 0.175781
-0.105658 0.930472 0.350797
0 0 0 0
0.993896 0.269043
3.140869 3.428711 0.137939
-0.123115 0.934095 0.335126
0 0 0 0
0.965881 0.275879
3.122314 3.439453 0.127441
0.246857 0.777416 0.578521
0 0 0 0
0.965881 0.263672
3.091553 3.419678 0.170898
0.246857 0.777416 0.578521
0 0 0 0
0.993896 0.262817
3.064697 3.061279 -0.04541
-0.33553 -0.942028 0.001444
0 0 0 0
0.965881 0.930298
3.01123 3.080566 -0.04541
-0.33553 -0.942028 0.001444
0 0 0 0
0.993896 0.930298
3.021973 3.080566 -0.126221
-0.324837 -0.941926 -0.08518
0 0 0 0
0.993896 0.891663
3.07373 3.061279 -0.112549
-0.324837 -0.941926 -0.08518
0 0 0 0
0.965881 0.891663
3.099365 3.061279 -0.175049
-0.290665 -0.941754 -0.169153
0 0 0 0
0.965881 0.853149
3.052979 3.080566 -0.201904
-0.290665 -0.941754 -0.169153
0 0 0 0
0.993896 0.853149
3.102783 3.080566 -0.266602
-0.237991 -0.942184 -0.235903
0 0 0 0
0.993896 0.814087
3.140869 3.061279 -0.228516
-0.237991 -0.942184 -0.235903
0 0 0 0
0.965881 0.814087
3.194336 3.061279 -0.27002
-0.167612 -0.942401 -0.289459
0 0 0 0
0.965881 0.774597
3.16748 3.080566 -0.316406
-0.167612 -0.942401 -0.289459
0 0 0 0
0.993896 0.774597
3.243164 3.080566 -0.347412
-0.086638 -0.941767 -0.324913
0 0 0 0
0.993896 0.736328
3.25708 3.061279 -0.295654
-0.086638 -0.941767 -0.324913
0 0 0 0
0.965881 0.736328
3.323975 3.061279 -0.304688
0.00113 -0.941518 -0.336961
0 0 0 0
0.965881 0.697998
3.323975 3.080566 -0.358398
0.00113 -0.941518 -0.336961
0 0 0 0
0.993896 0.697998
3.405029 3.080566 -0.347412
0.086638 -0.941767 -0.324913
0 0 0 0
0.993896 0.659668
3.391113 3.061279 -0.295654
0.086638 -0.941767 -0.324913
0 0 0 0
0.965881 0.659668
3.453613 3.061279 -0.27002
0.167612 -0.942401 -0.289459
0 0 0 0
0.965881 0.621338
3.480469 3.080566 -0.316406
0.167612 -0.942401 -0.289459
0 0 0 0
0.993896 0.621338
3.545166 3.080566 -0.266602
0.237991 -0.942184 -0.235903
0 0 0 0
0.993896 0.583008
3.507324 3.061279 -0.228516
0.237991 -0.942184 -0.235903
0 0 0 0
0.965881 0.583008
3.548584 3.061279 -0.175049
0.290665 -0.941754 -0.169152
0 0 0 0
0.965881 0.544678
3.594971 3.080566 -0.201904
0.290665 -0.941754 -0.169152
0 0 0 0
0.993896 0.544678
3.626221 3.080566 -0.126221
0.324837 -0.941926 -0.08518
0 0 0 0
0.993896 0.506348
3.574463 3.061279 -0.112549
0.324837 -0.941926 -0.08518
0 0 0 0
0.965881 0.506348
3.583252 3.061279 -0.04541
0.33553 -0.942028 -0.001444
0 0 0 0
0.965881 0.468018
3.636963 3.080566 -0.04541
0.33553 -0.942028 -0.001444
0 0 0 0
0.993896 0.468018
3.626221 3.080566 0.035645
0.324837 -0.941926 0.08518
0 0 0 0
0.993896 0.429688
3.574463 3.061279 0.021729
0.324837 -0.941926 0.08518
0 0 0 0
0.965881 0.429688
3.548584 3.061279 0.084229
0.290665 -0.941754 0.169152
0 0 0 0
0.965881 0.391357
3.594971 3.080566 0.111084
0.290665 -0.941754 0.169152
0 0 0 0
0.993896 0.391357
3.545166 3.080566 0.175781
0.237991 -0.942184 0.235903
0 0 0 0
0.993896 0.353027
3.507324 3.061279 0.137939
0.237991 -0.942184 0.235903
0 0 0 0
0.965881 0.353027
3.453613 3.061279 0.179199
0.167612 -0.942401 0.289459
0 0 0 0
0.965881 0.314697
3.480469 3.080566 0.225586
0.167612 -0.942401 0.289459
0 0 0 0
0.993896 0.314697
3.405029 3.080566 0.256592
0.086638 -0.941767 0.324913
0 0 0 0
0.993896 0.276367
3.391113 3.061279 0.204834
0.086638 -0.941767 0.324913
0 0 0 0
0.965881 0.276367
3.323975 3.061279 0.213867
0.00113 -0.941518 0.336961
0 0 0 0
0.965881 0.238037
3.323975 3.080566 0.267578
0.00113 -0.941518 0.336961
0 0 0 0
0.993896 0.238037
3.243164 3.080566 0.256592
-0.086638 -0.941767 0.324913
0 0 0 0
0.993896 0.199707
3.25708 3.061279 0.204834
-0.086638 -0.941767 0.324913
0 0 0 0
0.965881 0.199707
3.194336 3.061279 0.179199
-0.167612 -0.942401 0.289459
0 0 0 0
0.965881 0.161438
3.16748 3.080566 0.225586
-0.167612 -0.942401 0.289459
0 0 0 0
0.993896 0.161438
3.102783 3.080566 0.175781
-0.237991 -0.942184 0.235903
0 0 0 0
0.993896 0.122192
1.041016 4.217041 -1.240723
0.255492 0.918211 -0.302676
0 0 0 0
-0.325806 0.539185
0.928955 4.201172 -1.32666
0.573525 0.001318 -0.819187
0 0 0 0
-0.317932 0.472595
0.928955 4.217041 -1.32666
0.228497 0.917365 -0.32593
0 0 0 0
-0.325806 0.472595
0.809814 4.201172 -1.402588
0.500689 0.001335 -0.865626
0 0 0 0
-0.317932 0.406006
0.809814 4.217041 -1.402588
0.198418 0.917257 -0.345354
0 0 0 0
-0.325806 0.406006
0.68457 4.201172 -1.467773
0.422449 0.00135 -0.906386
0 0 0 0
-0.317932 0.339417
0.68457 4.217041 -1.467773
0.167584 0.917723 -0.360138
0 0 0 0
-0.325806 0.339417
0.554199 4.201172 -1.521729
0.341725 -0.001361 -0.939799
0 0 0 0
-0.317932 0.272827
0.554199 4.217041 -1.521729
0.136323 0.917602 -0.373393
0 0 0 0
-0.325806 0.272827
0.419434 4.201172 -1.564209
0.259038 -0.001371 -0.965866
0 0 0 0
-0.317932 0.206238
0.419434 4.217041 -1.564209
0.10229 0.918312 -0.382414
0 0 0 0
-0.325806 0.206238
0.281494 4.201172 -1.594971
0.174889 0.001377 -0.984587
0 0 0 0
-0.317932 0.139648
0.281494 4.217041 -1.594971
0.068063 0.917124 -0.392749
0 0 0 0
-0.325806 0.139648
0.141602 4.201172 -1.613281
0.08701 0.001381 -0.996207
0 0 0 0
-0.317932 0.072998
0.141602 4.217041 -1.613281
0.033485 0.917954 -0.395271
0 0 0 0
-0.325806 0.072998
0.000488 4.201172 -1.619385
0.001382 0.001382 -0.999998
0 0 0 0
-0.317932 0.006409
0.000488 4.217041 -1.619385
0.001155 0.918218 -0.396074
0 0 0 0
-0.325806 0.006409
0.132812 4.243408 -1.51416
0.038667 0.898715 -0.436826
0 0 0 0
-0.377075 0.072998
0.000488 4.243408 -1.519775
0.001173 0.897608 -0.440793
0 0 0 0
-0.377075 0.006409
0.129883 4.284424 -1.480713
0.08699 -0.042804 -0.995289
0 0 0 0
-0.403503 0.072998
0.000488 4.284424 -1.486328
0.001382 -0.042845 -0.999081
0 0 0 0
-0.403503 0.006409
0.000488 4.300537 -1.521973
0.001298 -0.645248 -0.763972
0 0 0 0
-0.423035 0.006409
0.133057 4.300537 -1.516357
0.066166 -0.644793 -0.761488
0 0 0 0
-0.423035 0.072998
0.000488 4.325684 -1.521973
0.001072 0.979076 -0.203491
0 0 0 0
-0.435547 0.006409
0.133057 4.325684 -1.516357
0.018228 0.978964 -0.203216
0 0 0 0
-0.435547 0.072998
0.264648 4.300537 -1.499023
0.133266 -0.64563 -0.751932
0 0 0 0
-0.423035 0.139648
0.264648 4.325684 -1.499023
0.035322 0.979371 -0.198958
0 0 0 0
-0.435547 0.139648
0.124756 4.318848 -1.421143
-0.007088 0.997317 0.072865
0 0 0 0
-0.483215 0.072998
0.248047 4.318848 -1.405029
-0.013162 0.997263 0.07275
0 0 0 0
-0.483215 0.139648
0.369629 4.318848 -1.378174
-0.019235 0.997178 0.072566
0 0 0 0
-0.483215 0.206238
0.394287 4.325684 -1.470215
0.052343 0.979564 -0.194203
0 0 0 0
-0.435547 0.206238
0.394287 4.300537 -1.470215
0.197158 -0.645596 -0.73779
0 0 0 0
-0.423035 0.206238
0.520752 4.325684 -1.430176
0.069282 0.979539 -0.188951
0 0 0 0
-0.435547 0.272827
0.488281 4.318848 -1.340576
-0.025262 0.997328 0.068546
0 0 0 0
-0.483215 0.272827
0.603027 4.318848 -1.292969
-0.03132 0.997178 0.068225
0 0 0 0
-0.483215 0.339417
0.643311 4.325684 -1.379395
0.086127 0.979295 -0.183203
0 0 0 0
-0.435547 0.339417
0.76123 4.325684 -1.318115
0.100762 0.978981 -0.177324
0 0 0 0
-0.435547 0.406006
0.713379 4.318848 -1.235596
-0.037309 0.997249 0.064058
0 0 0 0
-0.483215 0.406006
0.818359 4.318848 -1.168701
-0.041263 0.997347 0.059976
0 0 0 0
-0.483215 0.472595
0.873047 4.325684 -1.246826
0.11722 0.978946 -0.167104
0 0 0 0
-0.435547 0.472595
0.978271 4.325684 -1.166016
0.131423 0.97884 -0.156845
0 0 0 0
-0.435547 0.539185
0.916992 4.318848 -1.093018
-0.047205 0.997332 0.05568
0 0 0 0
-0.483215 0.539185
1.076416 4.325684 -1.075928
0.143184 0.979292 -0.143131
0 0 0 0
-0.435547 0.606018
1.009033 4.318848 -1.008545
-0.051121 0.997363 0.051506
0 0 0 0
-0.483215 0.606018
1.076416 4.300537 -1.075928
0.540052 -0.644422 -0.541354
0 0 0 0
-0.423035 0.606018
0.978271 4.300537 -1.166016
0.490958 -0.645997 -0.584506
0 0 0 0
-0.423035 0.539185
0.955322 4.284424 -1.138672
0.642807 -0.042854 -0.764828
0 0 0 0
-0.403503 0.539185
1.05127 4.284424 -1.050537
0.70621 -0.042143 -0.706747
0 0 0 0
-0.403503 0.606018
1.074951 4.243408 -1.074463
0.312089 0.898233 -0.309479
0 0 0 0
-0.377075 0.606018
0.977051 4.243408 -1.164551
0.283584 0.898203 -0.335875
0 0 0 0
-0.377075 0.539185
0.871826 4.243408 -1.245117
0.252072 0.897651 -0.361499
0 0 0 0
-0.377075 0.472595
0.76001 4.243408 -1.316406
0.219512 0.897587 -0.382299
0 0 0 0
-0.377075 0.406006
0.743164 4.284424 -1.287354
0.500566 -0.04138 -0.864709
0 0 0 0
-0.403503 0.406006
0.852539 4.284424 -1.217529
0.57338 -0.040862 -0.81827
0 0 0 0
-0.403503 0.472595
0.873047 4.300537 -1.246826
0.437631 -0.644602 -0.626871
0 0 0 0
-0.423035 0.472595
0.76123 4.300537 -1.318115
0.381704 -0.646251 -0.660804
0 0 0 0
-0.423035 0.406006
0.643311 4.300537 -1.379395
0.321811 -0.644894 -0.693216
0 0 0 0
-0.423035 0.339417
0.520752 4.300537 -1.430176
0.26016 -0.644634 -0.718863
0 0 0 0
-0.423035 0.272827
0.508545 4.284424 -1.396729
0.341644 -0.042195 -0.938882
0 0 0 0
-0.403503 0.272827
0.628418 4.284424 -1.347168
0.422347 -0.04183 -0.905468
0 0 0 0
-0.403503 0.339417
0.642578 4.243408 -1.377686
0.186105 0.898157 -0.398344
0 0 0 0
-0.377075 0.339417
0.52002 4.243408 -1.428223
0.149902 0.898247 -0.413136
0 0 0 0
-0.377075 0.272827
0.393555 4.243408 -1.468262
0.113226 0.897638 -0.42594
0 0 0 0
-0.377075 0.206238
0.26416 4.243408 -1.496826
0.076083 0.897777 -0.433829
0 0 0 0
-0.377075 0.139648
0.258545 4.284424 -1.463623
0.174849 -0.04268 -0.98367
0 0 0 0
-0.403503 0.139648
0.38501 4.284424 -1.435791
0.258977 -0.042478 -0.964949
0 0 0 0
-0.403503 0.206238
0.000488 4.318848 -1.426514
-0.001013 0.997338 0.07291
0 0 0 0
-0.483215 0.006409
0.916748 4.318848 1.093262
-0.047205 0.997332 -0.05568
0 0 0 0
-0.483215 0.072998
1.075928 4.325684 1.076416
0.143184 0.979292 0.143131
0 0 0 0
-0.435547 0.006409
1.008545 4.318848 1.009033
-0.051121 0.997363 -0.051506
0 0 0 0
-0.483215 0.006409
0.978027 4.325684 1.16626
0.131221 0.979431 0.153283
0 0 0 0
-0.435547 0.072998
0.818115 4.318848 1.168945
-0.041263 0.997347 -0.059976
0 0 0 0
-0.483215 0.139648
0.872803 4.325684 1.24707
0.11722 0.978946 0.167104
0 0 0 0
-0.435547 0.139648
0.713135 4.318848 1.23584
-0.037309 0.997249 -0.064058
0 0 0 0
-0.483215 0.206238
0.760742 4.325684 1.318359
0.100762 0.978981 0.177324
0 0 0 0
-0.435547 0.206238
0.602783 4.318848 1.293213
-0.03132 0.997178 -0.068225
0 0 0 0
-0.483215 0.272827
0.643066 4.325684 1.379639
0.086127 0.979295 0.183203
0 0 0 0
-0.435547 0.272827
0.487793 4.318848 1.34082
-0.025262 0.997328 -0.068546
0 0 0 0
-0.483215 0.339417
0.520508 4.325684 1.43042
0.069282 0.979539 0.188951
0 0 0 0
-0.435547 0.339417
0.393799 4.325684 1.470215
0.052343 0.979564 0.194203
0 0 0 0
-0.435547 0.406006
0.369141 4.318848 1.378174
-0.019235 0.997178 -0.072566
0 0 0 0
-0.483215 0.406006
0.247803 4.318848 1.405029
-0.013162 0.997263 -0.07275
0 0 0 0
-0.483215 0.472595
0.264404 4.325684 1.499023
0.035322 0.979371 0.198958
0 0 0 0
-0.435547 0.472595
0.124512 4.318848 1.421387
-0.007088 0.997317 -0.072865
0 0 0 0
-0.483215 0.539185
0.132812 4.325684 1.516357
0.018228 0.978964 0.203216
0 0 0 0
-0.435547 0.539185
0.264404 4.300537 1.499023
0.133266 -0.64563 0.751932
0 0 0 0
-0.423035 0.472595
0.132812 4.300537 1.516357
0.066166 -0.644793 0.761488
0 0 0 0
-0.423035 0.539185
0.258057 4.284424 1.463867
0.174849 -0.04268 0.98367
0 0 0 0
-0.403503 0.472595
0.129639 4.284424 1.480713
0.08699 -0.042804 0.995289
0 0 0 0
-0.403503 0.539185
-0.000488 4.300537 1.521973
-0.001298 -0.645248 0.763972
0 0 0 0
-0.423035 0.606018
-0.000488 4.325684 1.521973
-0.001072 0.979076 0.203491
0 0 0 0
-0.435547 0.606018
-0.000488 4.318848 1.426514
0.001013 0.997338 -0.07291
0 0 0 0
-0.483215 0.606018
-0.000488 4.284424 1.486328
-0.001382 -0.042845 0.999081
0 0 0 0
-0.403503 0.606018
-0.000488 4.243408 1.519775
-0.001173 0.897608 0.440793
0 0 0 0
-0.377075 0.606018
0.132568 4.243408 1.51416
0.038667 0.898715 0.436826
0 0 0 0
-0.377075 0.539185
-0.000488 4.217041 1.619385
-0.001155 0.918218 0.396074
0 0 0 0
-0.325806 0.606018
0.141113 4.217041 1.613525
0.033485 0.917954 0.395271
0 0 0 0
-0.325806 0.539185
0.263916 4.243408 1.49707
0.076083 0.897777 0.433829
0 0 0 0
-0.377075 0.472595
0.384766 4.284424 1.435791
0.258977 -0.042478 0.964949
0 0 0 0
-0.403503 0.406006
0.393799 4.300537 1.470215
0.197158 -0.645596 0.73779
0 0 0 0
-0.423035 0.406006
0.520508 4.300537 1.43042
0.26016 -0.644634 0.718863
0 0 0 0
-0.423035 0.339417
0.643066 4.300537 1.379639
0.321811 -0.644894 0.693216
0 0 0 0
-0.423035 0.272827
0.508301 4.284424 1.396729
0.341644 -0.042195 0.938882
0 0 0 0
-0.403503 0.339417
0.62793 4.284424 1.347168
0.422347 -0.04183 0.905468
0 0 0 0
-0.403503 0.272827
0.760742 4.300537 1.318359
0.381928 -0.64411 0.662761
0 0 0 0
-0.423035 0.206238
0.872803 4.300537 1.24707
0.437631 -0.644602 0.626871
0 0 0 0
-0.423035 0.139648
0.978027 4.300537 1.16626
0.490958 -0.645997 0.584506
0 0 0 0
-0.423035 0.072998
1.075928 4.300537 1.076416
0.540052 -0.644422 0.541354
0 0 0 0
-0.423035 0.006409
0.955078 4.284424 1.138916
0.642807 -0.042854 0.764828
0 0 0 0
-0.403503 0.072998
1.050537 4.284424 1.05127
0.70621 -0.042143 0.706747
0 0 0 0
-0.403503 0.006409
1.074463 4.243408 1.074951
0.309977 0.898598 0.310542
0 0 0 0
-0.377075 0.006409
0.976807 4.243408 1.164551
0.283584 0.898203 0.335875
0 0 0 0
-0.377075 0.072998
1.144775 4.217041 1.145264
0.280036 0.91759 0.282151
0 0 0 0
-0.325806 0.006409
1.040771 4.217041 1.240967
0.255492 0.918211 0.302676
0 0 0 0
-0.325806 0.072998
1.144775 4.201172 1.145264
0.706425 0.001277 0.707786
0 0 0 0
-0.317932 0.006409
1.040771 4.201172 1.240967
0.642997 -0.001299 0.765868
0 0 0 0
-0.317932 0.072998
0.928711 4.217041 1.326904
0.228497 0.917365 0.32593
0 0 0 0
-0.325806 0.139648
0.928711 4.201172 1.326904
0.573525 0.001318 0.819187
0 0 0 0
-0.317932 0.139648
0.80957 4.217041 1.402588
0.198418 0.917257 0.345354
0 0 0 0
-0.325806 0.206238
0.80957 4.201172 1.402588
0.500689 0.001335 0.865626
0 0 0 0
-0.317932 0.206238
0.684326 4.217041 1.468018
0.167584 0.917723 0.360138
0 0 0 0
-0.325806 0.272827
0.684326 4.201172 1.468018
0.422449 0.00135 0.906386
0 0 0 0
-0.317932 0.272827
0.553711 4.217041 1.521973
0.136323 0.917602 0.373393
0 0 0 0
-0.325806 0.339417
0.553711 4.201172 1.521973
0.341725 -0.001361 0.939799
0 0 0 0
-0.317932 0.339417
0.419189 4.217041 1.564453
0.10229 0.918312 0.382414
0 0 0 0
-0.325806 0.406006
0.419189 4.201172 1.564453
0.259038 -0.001371 0.965866
0 0 0 0
-0.317932 0.406006
0.28125 4.217041 1.594971
0.068063 0.917124 0.392749
0 0 0 0
-0.325806 0.472595
0.28125 4.201172 1.594971
0.174889 -0.001377 0.984587
0 0 0 0
-0.317932 0.472595
0.141113 4.201172 1.613525
0.08701 -0.001381 0.996207
0 0 0 0
-0.317932 0.539185
-0.000488 4.201172 1.619385
-0.001382 -0.001382 0.999998
0 0 0 0
-0.317932 0.606018
0.393311 4.243408 1.468262
0.113226 0.897638 0.42594
0 0 0 0
-0.377075 0.406006
0.519775 4.243408 1.428467
0.149902 0.898247 0.413136
0 0 0 0
-0.377075 0.339417
0.642334 4.243408 1.377686
0.186105 0.898157 0.398344
0 0 0 0
-0.377075 0.272827
0.759766 4.243408 1.316406
0.219512 0.897587 0.382299
0 0 0 0
-0.377075 0.206238
0.871582 4.243408 1.245361
0.252072 0.897651 0.361499
0 0 0 0
-0.377075 0.139648
0.852295 4.284424 1.217773
0.57338 -0.040862 0.81827
0 0 0 0
-0.403503 0.139648
0.74292 4.284424 1.287354
0.500566 -0.04138 0.864709
0 0 0 0
-0.403503 0.206238
-1.240723 4.201172 -1.041016
-0.765633 -0.001253 -0.643276
0 0 0 0
-0.317932 0.539185
-1.144775 4.217041 -1.145264
-0.280036 0.91759 -0.282151
0 0 0 0
-0.325806 0.606018
-1.144775 4.201172 -1.145264
-0.706425 -0.001277 -0.707786
0 0 0 0
-0.317932 0.606018
-1.240723 4.217041 -1.041016
-0.303611 0.917408 -0.257261
0 0 0 0
-0.325806 0.539185
-1.32666 4.201172 -0.928955
-0.820018 0.001226 -0.572337
0 0 0 0
-0.317932 0.472595
-1.32666 4.217041 -0.928955
-0.326043 0.91747 -0.227914
0 0 0 0
-0.325806 0.472595
-1.402588 4.201172 -0.809814
-0.865729 0.001197 -0.500511
0 0 0 0
-0.317932 0.406006
-1.402588 4.217041 -0.809814
-0.343696 0.917592 -0.199745
0 0 0 0
-0.325806 0.406006
-1.467773 4.201172 -0.68457
-0.906077 0.001166 -0.423112
0 0 0 0
-0.317932 0.339417
-1.467773 4.217041 -0.68457
-0.360139 0.917774 -0.167303
0 0 0 0
-0.325806 0.339417
-1.521729 4.201172 -0.554199
-0.93922 0.001133 -0.343313
0 0 0 0
-0.317932 0.272827
-1.521729 4.217041 -0.554199
-0.373899 0.917563 -0.135196
0 0 0 0
-0.325806 0.272827
-1.564209 4.201172 -0.419434
-0.966052 0.001097 -0.258346
0 0 0 0
-0.317932 0.206238
-1.564209 4.217041 -0.419434
-0.383289 0.917634 -0.105062
0 0 0 0
-0.325806 0.206238
-1.594971 4.201172 -0.281494
-0.984509 0.00106 -0.175329
0 0 0 0
-0.317932 0.139648
-1.594971 4.217041 -0.281494
-0.39083 0.917996 -0.067345
0 0 0 0
-0.325806 0.139648
-1.613281 4.201172 -0.141602
-0.996128 0.00102 -0.087909
0 0 0 0
-0.317932 0.072998
-1.613281 4.217041 -0.141602
-0.396571 0.917381 -0.033825
0 0 0 0
-0.325806 0.072998
-1.619385 4.201172 -0.000488
-1 0.000978 0.000001
0 0 0 0
-0.317932 0.006409
-1.619385 4.217041 -0.000488
-0.39769 0.91752 0.000804
0 0 0 0
-0.325806 0.006409
-1.51416 4.243408 -0.132812
-0.437658 0.898245 -0.040139
0 0 0 0
-0.377075 0.072998
-1.496826 4.243408 -0.26416
-0.433247 0.897948 -0.077375
0 0 0 0
-0.377075 0.139648
-1.480713 4.284424 -0.129883
-0.995393 -0.041772 -0.086303
0 0 0 0
-0.403503 0.072998
-1.463623 4.284424 -0.258545
-0.983901 -0.041305 -0.173877
0 0 0 0
-0.403503 0.139648
-1.516357 4.300537 -0.133057
-0.761688 -0.64466 -0.065152
0 0 0 0
-0.423035 0.072998
-1.521973 4.300537 -0.000488
-0.763312 -0.64603 0.000337
0 0 0 0
-0.423035 0.006409
-1.521973 4.325684 -0.000488
-0.202508 0.979279 -0.001604
0 0 0 0
-0.435547 0.006409
-1.516357 4.325684 -0.133057
-0.20215 0.979196 -0.017634
0 0 0 0
-0.435547 0.072998
-1.499023 4.300537 -0.264648
-0.75195 -0.645866 -0.132016
0 0 0 0
-0.423035 0.139648
-1.435791 4.284424 -0.38501
-0.965494 -0.04274 -0.256894
0 0 0 0
-0.403503 0.206238
-1.470215 4.300537 -0.394287
-0.737467 -0.645418 -0.198942
0 0 0 0
-0.423035 0.206238
-1.470215 4.325684 -0.394287
-0.19547 0.979353 -0.051575
0 0 0 0
-0.435547 0.206238
-1.430176 4.325684 -0.520752
-0.190987 0.979189 -0.068653
0 0 0 0
-0.435547 0.272827
-1.430176 4.300537 -0.520752
-0.717449 -0.644935 -0.2633
0 0 0 0
-0.423035 0.272827
-1.396729 4.284424 -0.508545
-0.938763 -0.041899 -0.342006
0 0 0 0
-0.403503 0.272827
-1.468262 4.243408 -0.393555
-0.423981 0.898509 -0.113678
0 0 0 0
-0.377075 0.206238
3.140869 3.061279 0.137939
-0.237991 -0.942184 0.235903
0 0 0 0
0.965881 0.122192
3.099365 3.061279 0.084229
-0.290665 -0.941754 0.169153
0 0 0 0
0.965881 0.082886
3.052979 3.080566 0.111084
-0.290665 -0.941754 0.169153
0 0 0 0
0.993896 0.082886
3.021973 3.080566 0.035645
-0.324837 -0.941926 0.08518
0 0 0 0
0.993896 0.044373
3.07373 3.061279 0.021729
-0.324837 -0.941926 0.08518
0 0 0 0
0.965881 0.044373
3.064697 3.061279 -0.04541
-0.33553 -0.942028 0.001444
0 0 0 0
0.965881 0.005676
3.01123 3.080566 -0.04541
-0.33553 -0.942028 0.001444
0 0 0 0
0.993896 0.005676
2.15332 3.352295 -0.04541
0.942028 -0.33553 0.001444
0 0 0 0
0.993896 0.005676
2.172363 3.414551 -0.112549
0.941926 -0.324837 -0.08518
0 0 0 0
0.965881 0.044373
2.172363 3.405762 -0.04541
0.942028 -0.33553 0.001444
0 0 0 0
0.965881 0.005676
2.15332 3.362793 -0.126465
0.941926 -0.324837 -0.08518
0 0 0 0
0.993896 0.044373
2.15332 3.394043 -0.20166
0.941754 -0.290665 -0.169152
0 0 0 0
0.993896 0.082886
2.172363 3.44043 -0.175049
0.941754 -0.290665 -0.169152
0 0 0 0
0.965881 0.082886
2.172363 3.481689 -0.22876
0.942184 -0.237991 -0.235903
0 0 0 0
0.965881 0.122192
2.15332 3.443604 -0.266602
0.942184 -0.237991 -0.235903
0 0 0 0
0.993896 0.122192
2.15332 3.508545 -0.316162
0.942401 -0.167612 -0.289459
0 0 0 0
0.993896 0.161438
2.172363 3.5354 -0.269775
0.942401 -0.167612 -0.289459
0 0 0 0
0.965881 0.161438
2.172363 3.5979 -0.295898
0.941767 -0.086638 -0.324913
0 0 0 0
0.965881 0.199707
2.15332 3.583984 -0.347656
0.941767 -0.086638 -0.324913
0 0 0 0
0.993896 0.199707
2.15332 3.665039 -0.358154
0.941518 0.00113 -0.336961
0 0 0 0
0.993896 0.238037
2.172363 3.665039 -0.304443
0.941518 0.00113 -0.336961
0 0 0 0
0.965881 0.238037
2.172363 3.731934 -0.295898
0.941767 0.086638 -0.324913
0 0 0 0
0.965881 0.276367
2.15332 3.74585 -0.347656
0.941767 0.086638 -0.324913
0 0 0 0
0.993896 0.276367
2.15332 3.821289 -0.316162
0.942401 0.167612 -0.289459
0 0 0 0
0.993896 0.314697
2.172363 3.794434 -0.269775
0.942401 0.167612 -0.289459
0 0 0 0
0.965881 0.314697
2.172363 3.848389 -0.22876
0.942184 0.237991 -0.235903
0 0 0 0
0.965881 0.353027
2.15332 3.88623 -0.266602
0.942184 0.237991 -0.235903
0 0 0 0
0.993896 0.353027
2.15332 3.935791 -0.20166
0.941754 0.290665 -0.169152
0 0 0 0
0.993896 0.391357
2.172363 3.889404 -0.175049
0.941754 0.290665 -0.169152
0 0 0 0
0.965881 0.391357
2.172363 3.915527 -0.112549
0.941926 0.324837 -0.08518
0 0 0 0
0.965881 0.429688
2.15332 3.967285 -0.126465
0.941926 0.324837 -0.08518
0 0 0 0
0.993896 0.429688
2.15332 3.977783 -0.04541
0.942028 0.33553 -0.001444
0 0 0 0
0.993896 0.468018
2.172363 3.924072 -0.04541
0.942028 0.33553 -0.001444
0 0 0 0
0.965881 0.468018
2.172363 3.915527 0.021729
0.941926 0.324837 0.08518
0 0 0 0
0.965881 0.506348
2.15332 3.967285 0.035645
0.941926 0.324837 0.08518
0 0 0 0
0.993896 0.506348
2.15332 3.935791 0.111084
0.941754 0.290665 0.169152
0 0 0 0
0.993896 0.544678
2.172363 3.889404 0.084229
0.941754 0.290665 0.169152
0 0 0 0
0.965881 0.544678
2.172363 3.848389 0.137939
0.942184 0.237991 0.235903
0 0 0 0
0.965881 0.583008
2.15332 3.88623 0.175781
0.942184 0.237991 0.235903
0 0 0 0
0.993896 0.583008
2.15332 3.821289 0.225342
0.942401 0.167612 0.289459
0 0 0 0
0.993896 0.621338
2.172363 3.794434 0.178955
0.942401 0.167612 0.289459
0 0 0 0
0.965881 0.621338
2.172363 3.731934 0.205078
0.941767 0.086638 0.324913
0 0 0 0
0.965881 0.659668
2.15332 3.74585 0.256836
0.941767 0.086638 0.324913
0 0 0 0
0.993896 0.659668
2.15332 3.665039 0.267334
0.941518 0.00113 0.336961
0 0 0 0
0.993896 0.697998
2.172363 3.665039 0.213867
0.941518 0.00113 0.336961
0 0 0 0
0.965881 0.697998
2.172363 3.5979 0.205078
0.941767 -0.086638 0.324913
0 0 0 0
0.965881 0.736328
2.15332 3.583984 0.256836
0.941767 -0.086638 0.324913
0 0 0 0
0.993896 0.736328
2.15332 3.508545 0.225342
0.942401 -0.167612 0.289459
0 0 0 0
0.993896 0.774597
2.172363 3.5354 0.178955
0.942401 -0.167612 0.289459
0 0 0 0
0.965881 0.774597
2.172363 3.481689 0.137939
0.942184 -0.237991 0.235903
0 0 0 0
0.965881 0.813477
2.15332 3.443604 0.175781
0.942184 -0.237991 0.235903
0 0 0 0
0.993896 0.813477
2.15332 3.394043 0.111084
0.941754 -0.290665 0.169152
0 0 0 0
0.993896 0.853149
2.172363 3.44043 0.084229
0.941754 -0.290665 0.169152
0 0 0 0
0.965881 0.853149
2.172363 3.414551 0.021729
0.941926 -0.324837 0.08518
0 0 0 0
0.965881 0.891663
2.15332 3.362793 0.035645
0.941926 -0.324837 0.08518
0 0 0 0
0.993896 0.891663
2.15332 3.352295 -0.04541
0.942028 -0.33553 0.001444
0 0 0 0
0.993896 0.930298
2.172363 3.405762 -0.04541
0.942028 -0.33553 0.001444
0 0 0 0
0.965881 0.930298
3.083984 3.429932 -0.261719
0.758102 0.277354 -0.590217
0 0 0 0
0.993896 0.262878
3.121338 3.440186 -0.218506
0.609457 0.469295 -0.639003
0 0 0 0
0.965881 0.255981
3.091553 3.419678 -0.261719
0.609457 0.469295 -0.639003
0 0 0 0
0.993896 0.255371
3.107422 3.458008 -0.218262
0.775363 0.249443 -0.580164
0 0 0 0
0.965881 0.266663
3.080078 3.443604 -0.266602
0.932335 -0.132222 -0.336555
0 0 0 0
0.993896 0.268738
3.099121 3.481689 -0.22876
0.936106 -0.155831 -0.315312
0 0 0 0
0.965881 0.278137
3.080078 3.508545 -0.316162
0.942401 -0.167612 -0.289459
0 0 0 0
0.993896 0.304932
3.099121 3.5354 -0.269775
0.942401 -0.167612 -0.289459
0 0 0 0
0.965881 0.304932
3.099121 3.5979 -0.295898
0.941767 -0.086638 -0.324913
0 0 0 0
0.965881 0.34021
3.080078 3.583984 -0.347656
0.941767 -0.086638 -0.324913
0 0 0 0
0.993896 0.34021
3.080078 3.665039 -0.358154
0.941518 -0.00113 -0.336961
0 0 0 0
0.993896 0.375549
3.099121 3.665039 -0.304443
0.941518 -0.00113 -0.336961
0 0 0 0
0.965881 0.375549
3.099121 3.731934 -0.295898
0.941767 0.086638 -0.324913
0 0 0 0
0.965881 0.410889
3.080078 3.74585 -0.347656
0.941767 0.086638 -0.324913
0 0 0 0
0.993896 0.410889
3.080078 3.821289 -0.316162
0.942401 0.167612 -0.289459
0 0 0 0
0.993896 0.446289
3.099121 3.794434 -0.269775
0.942401 0.167612 -0.289459
0 0 0 0
0.965881 0.446289
3.099121 3.848389 -0.22876
0.942184 0.237991 -0.235903
0 0 0 0
0.965881 0.481628
3.080078 3.88623 -0.266602
0.942184 0.237991 -0.235903
0 0 0 0
0.993896 0.481628
3.080078 3.935791 -0.20166
0.941754 0.290665 -0.169152
0 0 0 0
0.993896 0.516968
3.099121 3.889404 -0.175049
0.941754 0.290665 -0.169152
0 0 0 0
0.965881 0.516968
3.099121 3.915527 -0.112549
0.941926 0.324837 -0.08518
0 0 0 0
0.965881 0.552307
3.080078 3.967285 -0.126465
0.941926 0.324837 -0.08518
0 0 0 0
0.993896 0.552307
3.080078 3.977783 -0.04541
0.942028 0.33553 0.001444
0 0 0 0
0.993896 0.587646
3.099121 3.924072 -0.04541
0.942028 0.33553 0.001444
0 0 0 0
0.965881 0.587646
3.099121 3.915527 0.021729
0.941926 0.324837 0.08518
0 0 0 0
0.965881 0.622986
3.080078 3.967285 0.035645
0.941926 0.324837 0.08518
0 0 0 0
0.993896 0.622986
3.080078 3.935791 0.111084
0.941754 0.290665 0.169152
0 0 0 0
0.993896 0.658386
3.099121 3.889404 0.084229
0.941754 0.290665 0.169152
0 0 0 0
0.965881 0.658386
3.099121 3.848389 0.137939
0.942184 0.237991 0.235903
0 0 0 0
0.965881 0.693726
3.080078 3.88623 0.175781
0.942184 0.237991 0.235903
0 0 0 0
0.993896 0.693726
3.080078 3.821289 0.225342
0.942401 0.167612 0.289459
0 0 0 0
0.993896 0.729065
3.099121 3.794434 0.178955
0.942401 0.167612 0.289459
0 0 0 0
0.965881 0.729065
3.099121 3.731934 0.205078
0.941767 0.086638 0.324913
0 0 0 0
0.965881 0.764404
3.080078 3.74585 0.256836
0.941767 0.086638 0.324913
0 0 0 0
0.993896 0.764404
3.080078 3.665039 0.267334
0.941518 -0.00113 0.336961
0 0 0 0
0.993896 0.799744
3.099121 3.665039 0.213867
0.941518 -0.00113 0.336961
0 0 0 0
0.965881 0.799744
3.099121 3.5979 0.205078
0.941767 -0.086638 0.324913
0 0 0 0
0.965881 0.835083
3.080078 3.583984 0.256836
0.941767 -0.086638 0.324913
0 0 0 0
0.993896 0.835083
3.080078 3.508545 0.225342
0.942401 -0.167612 0.289459
0 0 0 0
0.993896 0.870361
3.099121 3.5354 0.178955
0.942401 -0.167612 0.289459
0 0 0 0
0.965881 0.870361
3.099121 3.481689 0.137939
0.935916 -0.158041 0.314777
0 0 0 0
0.965881 0.89801
3.080078 3.443604 0.175781
0.932177 -0.134459 0.336104
0 0 0 0
0.993896 0.90625
3.107178 3.458008 0.126953
0.77272 0.259211 0.579408
0 0 0 0
0.965881 0.912476
3.083984 3.429932 0.171143
0.757267 0.2869 0.586716
0 0 0 0
0.993896 0.912415
3.122314 3.439453 0.127441
0.598927 0.486394 0.636167
0 0 0 0
0.965881 0.923767
3.091553 3.419678 0.170898
0.598927 0.486394 0.636167
0 0 0 0
0.993896 0.91864
2.731934 3.414551 -0.112549
-0.941926 -0.324837 -0.08518
0 0 0 0
0.965881 0.044373
2.750977 3.352295 -0.04541
-0.942028 -0.33553 -0.001444
0 0 0 0
0.993896 0.005676
2.731934 3.405762 -0.04541
-0.942028 -0.33553 -0.001444
0 0 0 0
0.965881 0.005676
2.750977 3.362793 -0.126465
-0.941926 -0.324837 -0.08518
0 0 0 0
0.993896 0.044373
2.750977 3.394043 -0.20166
-0.941754 -0.290665 -0.169153
0 0 0 0
0.993896 0.082886
2.731934 3.44043 -0.175049
-0.941754 -0.290665 -0.169153
0 0 0 0
0.965881 0.082886
2.731934 3.481689 -0.22876
-0.942184 -0.237991 -0.235903
0 0 0 0
0.965881 0.122192
2.750977 3.443604 -0.266602
-0.942184 -0.237991 -0.235903
0 0 0 0
0.993896 0.122192
2.750977 3.508545 -0.316162
-0.942401 -0.167612 -0.289459
0 0 0 0
0.993896 0.161438
2.731934 3.5354 -0.269775
-0.942401 -0.167612 -0.289459
0 0 0 0
0.965881 0.161438
2.731934 3.5979 -0.295898
-0.941767 -0.086638 -0.324913
0 0 0 0
0.965881 0.199707
2.750977 3.583984 -0.347656
-0.941767 -0.086638 -0.324913
0 0 0 0
0.993896 0.199707
2.750977 3.665039 -0.358154
-0.941518 0.00113 -0.336961
0 0 0 0
0.993896 0.238037
2.731934 3.665039 -0.304443
-0.941518 0.00113 -0.336961
0 0 0 0
0.965881 0.238037
2.731934 3.731934 -0.295898
-0.941767 0.086638 -0.324913
0 0 0 0
0.965881 0.276367
2.750977 3.74585 -0.347656
-0.941767 0.086638 -0.324913
0 0 0 0
0.993896 0.276367
2.750977 3.821289 -0.316162
-0.942401 0.167612 -0.289459
0 0 0 0
0.993896 0.314697
2.731934 3.794434 -0.269775
-0.942401 0.167612 -0.289459
0 0 0 0
0.965881 0.314697
2.731934 3.848389 -0.22876
-0.942184 0.237991 -0.235903
0 0 0 0
0.965881 0.353027
2.750977 3.88623 -0.266602
-0.942184 0.237991 -0.235903
0 0 0 0
0.993896 0.353027
2.750977 3.935791 -0.20166
-0.941754 0.290665 -0.169152
0 0 0 0
0.993896 0.391357
2.731934 3.889404 -0.175049
-0.941754 0.290665 -0.169152
0 0 0 0
0.965881 0.391357
2.731934 3.915527 -0.112549
-0.941926 0.324837 -0.08518
0 0 0 0
0.965881 0.429688
2.750977 3.967285 -0.126465
-0.941926 0.324837 -0.08518
0 0 0 0
0.993896 0.429688
2.750977 3.977783 -0.04541
-0.942028 0.33553 -0.001444
0 0 0 0
0.993896 0.468018
2.731934 3.924072 -0.04541
-0.942028 0.33553 -0.001444
0 0 0 0
0.965881 0.468018
2.731934 3.915527 0.021729
-0.941926 0.324837 0.08518
0 0 0 0
0.965881 0.506348
2.750977 3.967285 0.035645
-0.941926 0.324837 0.08518
0 0 0 0
0.993896 0.506348
2.750977 3.935791 0.111084
-0.941754 0.290665 0.169152
0 0 0 0
0.993896 0.544678
2.731934 3.889404 0.084229
-0.941754 0.290665 0.169152
0 0 0 0
0.965881 0.544678
2.731934 3.848389 0.137939
-0.942184 0.237991 0.235903
0 0 0 0
0.965881 0.583008
2.750977 3.88623 0.175781
-0.942184 0.237991 0.235903
0 0 0 0
0.993896 0.583008
2.750977 3.821289 0.225342
-0.942401 0.167612 0.289459
0 0 0 0
0.993896 0.621338
2.731934 3.794434 0.178955
-0.942401 0.167612 0.289459
0 0 0 0
0.965881 0.621338
2.731934 3.731934 0.205078
-0.941767 0.086638 0.324913
0 0 0 0
0.965881 0.659668
2.750977 3.74585 0.256836
-0.941767 0.086638 0.324913
0 0 0 0
0.993896 0.659668
2.750977 3.665039 0.267334
-0.941518 0.00113 0.336961
0 0 0 0
0.993896 0.697998
2.731934 3.665039 0.213867
-0.941518 0.00113 0.336961
0 0 0 0
0.965881 0.697998
2.731934 3.5979 0.205078
-0.941767 -0.086638 0.324913
0 0 0 0
0.965881 0.736328
2.750977 3.583984 0.256836
-0.941767 -0.086638 0.324913
0 0 0 0
0.993896 0.736328
2.750977 3.508545 0.225342
-0.942401 -0.167612 0.289459
0 0 0 0
0.993896 0.774597
2.731934 3.5354 0.178955
-0.942401 -0.167612 0.289459
0 0 0 0
0.965881 0.774597
2.731934 3.481689 0.137939
-0.942184 -0.237991 0.235903
0 0 0 0
0.965881 0.814087
2.750977 3.443604 0.175781
-0.942184 -0.237991 0.235903
0 0 0 0
0.993896 0.814087
2.750977 3.394043 0.111084
-0.941754 -0.290665 0.169153
0 0 0 0
0.993896 0.853149
2.731934 3.44043 0.084229
-0.941754 -0.290665 0.169153
0 0 0 0
0.965881 0.853149
2.731934 3.414551 0.021729
-0.941926 -0.324837 0.08518
0 0 0 0
0.965881 0.891663
2.750977 3.362793 0.035645
-0.941926 -0.324837 0.08518
0 0 0 0
0.993896 0.891663
2.750977 3.352295 -0.04541
-0.942028 -0.33553 -0.001444
0 0 0 0
0.993896 0.930298
2.731934 3.405762 -0.04541
-0.942028 -0.33553 -0.001444
0 0 0 0
0.965881 0.930298
1.823975 3.977783 -0.04541
1 0.000978 0.000001
0 0 0 0
0.901855 0.005676
1.823975 3.967285 -0.126465
1 0.000978 -0.000001
0 0 0 0
0.901855 0.054688
1.823975 4.075439 -0.04541
0.95076 0.30971 0.011672
0 0 0 0
0.947754 0.005676
1.823975 4.061768 -0.151611
0.981559 0.185105 -0.047722
0 0 0 0
0.947754 0.054688
1.806641 4.075439 -0.04541
0.000998 0.999094 0.042547
0 0 0 0
0.95343 0.005676
1.806641 4.061768 -0.151611
0.001097 0.966052 -0.258346
0 0 0 0
0.95343 0.054688
1.823975 4.020508 -0.250732
0.977291 0.183949 -0.105192
0 0 0 0
0.947754 0.105286
1.823975 3.935791 -0.20166
1 -0.000977 -0.000001
0 0 0 0
0.901855 0.105286
1.823975 3.88623 -0.266602
1 0.000978 -0.000001
0 0 0 0
0.901855 0.158142
1.823975 3.955322 -0.335938
0.981785 0.134306 -0.134386
0 0 0 0
0.947754 0.158142
1.806641 4.020508 -0.250732
0.001197 0.86573 -0.500511
0 0 0 0
0.95343 0.105286
1.806641 3.955322 -0.335938
0.001277 0.706425 -0.707786
0 0 0 0
0.95343 0.158142
1.823975 3.870117 -0.400879
0.977342 0.105285 -0.183623
0 0 0 0
0.947754 0.213074
1.823975 3.821289 -0.316162
1 0.000978 -0.000001
0 0 0 0
0.901855 0.213074
1.823975 3.74585 -0.347656
1 0.000978 -0.000001
0 0 0 0
0.901855 0.269592
1.823975 3.77124 -0.442139
0.981685 0.049988 -0.183837
0 0 0 0
0.947754 0.269592
1.806641 3.870117 -0.400879
0.001335 0.500689 -0.865626
0 0 0 0
0.95343 0.213074
1.806641 3.77124 -0.442139
0.001371 0.259038 -0.965866
0 0 0 0
0.95343 0.269592
1.823975 3.665039 -0.455811
0.976849 0.001077 -0.213925
0 0 0 0
0.947754 0.326721
1.823975 3.665039 -0.358154
1 -0.000977 -0.000001
0 0 0 0
0.901855 0.326721
1.823975 3.583984 -0.347656
1 0.000978 -0.000001
0 0 0 0
0.901855 0.383423
1.823975 3.558594 -0.442139
0.981685 -0.049988 -0.183837
0 0 0 0
0.947754 0.383423
1.806641 3.665039 -0.455811
0.001382 0.001382 -0.999998
0 0 0 0
0.95343 0.326721
1.806641 3.558594 -0.442139
0.001371 -0.259038 -0.965866
0 0 0 0
0.95343 0.383423
1.823975 3.459717 -0.400879
0.977342 -0.105285 -0.183623
0 0 0 0
0.947754 0.43866
1.823975 3.508545 -0.316162
1 0.000978 -0.000001
0 0 0 0
0.901855 0.43866
1.823975 3.443604 -0.266602
1 0.000978 -0.000001
0 0 0 0
0.901855 0.49176
1.823975 3.374512 -0.335938
0.981785 -0.134306 -0.134386
0 0 0 0
0.947754 0.49176
1.806641 3.459717 -0.400879
0.001335 -0.500689 -0.865626
0 0 0 0
0.95343 0.43866
1.806641 3.374512 -0.335938
0.001277 -0.706425 -0.707786
0 0 0 0
0.95343 0.49176
1.823975 3.309326 -0.250732
0.977291 -0.183949 -0.105192
0 0 0 0
0.947754 0.542664
1.823975 3.394043 -0.20166
1 -0.000977 -0.000001
0 0 0 0
0.901855 0.542664
1.823975 3.362793 -0.126465
1 0.000978 -0.000001
0 0 0 0
0.901855 0.591797
1.823975 3.268066 -0.151611
0.981559 -0.185105 -0.047722
0 0 0 0
0.947754 0.591797
1.806641 3.309326 -0.250732
0.001197 -0.865729 -0.500511
0 0 0 0
0.95343 0.542664
1.806641 3.268066 -0.151611
-0.001097 -0.966052 -0.258346
0 0 0 0
0.95343 0.591797
1.823975 3.254395 -0.04541
0.95076 -0.30971 0.011672
0 0 0 0
0.947754 0.646851
1.806641 3.254395 -0.04541
0.000998 -0.999094 0.042547
0 0 0 0
0.95343 0.646851
1.823975 3.352295 -0.04541
1 0.000978 -0.000001
0 0 0 0
0.901855 0.646851
1.823975 3.967285 0.035645
1 0.000978 0.000001
0 0 0 0
0.901855 0.591797
1.823975 3.977783 -0.04541
1 0.000978 0.000001
0 0 0 0
0.901855 0.646851
1.823975 4.075439 -0.04541
0.95076 0.30971 0.011672
0 0 0 0
0.947754 0.646851
1.823975 4.061768 0.061035
0.931671 0.350783 0.094559
0 0 0 0
0.947754 0.591797
1.806641 4.075439 -0.04541
0.000998 0.999094 0.042547
0 0 0 0
0.95343 0.646851
1.806641 4.061768 0.061035
0.001097 0.966052 0.258346
0 0 0 0
0.95343 0.591797
1.823975 4.020508 0.159912
0.917121 0.34566 0.198514
0 0 0 0
0.947754 0.542664
1.823975 3.935791 0.111084
1 0.000978 -0.000001
0 0 0 0
0.901855 0.542664
1.823975 3.88623 0.175781
1 0.000978 0.000001
0 0 0 0
0.901855 0.49176
1.823975 3.955322 0.245117
0.931998 0.257367 0.255227
0 0 0 0
0.947754 0.49176
1.823975 3.870117 0.310059
0.917257 0.198418 0.345354
0 0 0 0
0.947754 0.43866
1.823975 3.821289 0.225342
1 -0.000977 0.000001
0 0 0 0
0.901855 0.43866
1.823975 3.74585 0.256836
1 -0.000977 -0.000001
0 0 0 0
0.901855 0.383423
1.823975 3.77124 0.351318
0.932243 0.094246 0.349344
0 0 0 0
0.947754 0.383423
1.823975 3.665039 0.365234
0.916903 0.001156 0.399109
0 0 0 0
0.947754 0.326721
1.823975 3.665039 0.267334
1 0.000978 -0.000001
0 0 0 0
0.901855 0.326721
1.823975 3.583984 0.256836
1 0.000978 -0.000001
0 0 0 0
0.901855 0.269592
1.823975 3.558594 0.351318
0.932243 -0.094246 0.349344
0 0 0 0
0.947754 0.269592
1.823975 3.459717 0.310059
0.917257 -0.198418 0.345354
0 0 0 0
0.947754 0.213074
1.823975 3.508545 0.225342
1 0.000978 0.000001
0 0 0 0
0.901855 0.213074
1.823975 3.443604 0.175781
1 -0.000977 0.000001
0 0 0 0
0.901855 0.158142
1.823975 3.374512 0.245117
0.931998 -0.257367 0.255227
0 0 0 0
0.947754 0.158142
1.823975 3.309326 0.159912
0.917121 -0.345659 0.198514
0 0 0 0
0.947754 0.105286
1.823975 3.394043 0.111084
1 -0.000977 0.000001
0 0 0 0
0.901855 0.105286
1.823975 3.362793 0.035645
1 -0.000977 0.000001
0 0 0 0
0.901855 0.054688
1.823975 3.268066 0.061035
0.931671 -0.350783 0.094559
0 0 0 0
0.947754 0.054688
1.823975 3.254395 -0.04541
0.95076 -0.30971 0.011672
0 0 0 0
0.947754 0.005676
1.823975 3.352295 -0.04541
1 0.000978 -0.000001
0 0 0 0
0.901855 0.005676
1.806641 3.268066 0.061035
0.001097 -0.966052 0.258346
0 0 0 0
0.95343 0.054688
1.806641 3.254395 -0.04541
0.000998 -0.999094 0.042547
0 0 0 0
0.95343 0.005676
1.806641 3.309326 0.159912
0.001197 -0.865729 0.500511
0 0 0 0
0.95343 0.105286
1.806641 3.374512 0.245117
0.001277 -0.706425 0.707786
0 0 0 0
0.95343 0.158142
1.806641 3.459717 0.310059
-0.001335 -0.500689 0.865626
0 0 0 0
0.95343 0.213074
1.806641 3.558594 0.351318
-0.001371 -0.259038 0.965866
0 0 0 0
0.95343 0.269592
1.806641 3.665039 0.365234
-0.001382 -0.001382 0.999998
0 0 0 0
0.95343 0.326721
1.806641 3.77124 0.351318
0.001371 0.259038 0.965866
0 0 0 0
0.95343 0.383423
1.806641 3.870117 0.310059
0.001335 0.500689 0.865626
0 0 0 0
0.95343 0.43866
1.806641 3.955322 0.245117
0.001277 0.706425 0.707786
0 0 0 0
0.95343 0.49176
1.806641 4.020508 0.159912
0.001197 0.86573 0.500511
0 0 0 0
0.95343 0.542664
1.027588 4.345459 -1.05249
-1 0.000978 -0.000001
0 0 0 0
0.443481 0.2948
1.027588 4.317139 -1.05249
-1 0.000978 -0.000001
0 0 0 0
0.457642 0.2948
1.039307 4.317139 -1.032227
-0.500689 0.001335 0.865626
0 0 0 0
0.457642 0.283081
1.039307 4.345459 -1.032227
-0.500689 0.001335 0.865626
0 0 0 0
0.443481 0.283081
1.062744 4.317139 -1.032227
0.500689 0.001335 0.865626
0 0 0 0
0.457642 0.271362
1.062744 4.345459 -1.032227
0.500689 0.001335 0.865626
0 0 0 0
0.443481 0.271362
1.074463 4.317139 -1.05249
1 0.000978 -0.000001
0 0 0 0
0.457642 0.259644
1.074463 4.345459 -1.05249
1 0.000978 -0.000001
0 0 0 0
0.443481 0.259644
1.062744 4.317139 -1.072754
0.500689 0.001335 -0.865626
0 0 0 0
0.457642 0.247925
1.062744 4.345459 -1.072754
0.500689 0.001335 -0.865626
0 0 0 0
0.443481 0.247925
1.039307 4.317139 -1.072754
-0.500689 0.001335 -0.865626
0 0 0 0
0.457642 0.236206
1.039307 4.345459 -1.072754
-0.500689 0.001335 -0.865626
0 0 0 0
0.443481 0.236206
1.027588 4.317139 -1.05249
-1 0.000978 -0.000001
0 0 0 0
0.457642 0.224548
1.027588 4.345459 -1.05249
-1 0.000978 -0.000001
0 0 0 0
0.443481 0.224548
1.027588 4.345459 -1.05249
0.000978 1 0.000001
0 0 0 0
0.922668 0.685852
1.062744 4.345459 -1.072754
0.000978 1 0.000001
0 0 0 0
0.941711 0.674866
1.039307 4.345459 -1.072754
0.000978 1 0.000001
0 0 0 0
0.929016 0.674866
-1.428223 4.243408 -0.52002
-0.413908 0.898023 -0.149117
0 0 0 0
-0.377075 0.272827
-1.377686 4.243408 -0.642578
-0.399303 0.897634 -0.186574
0 0 0 0
-0.377075 0.339417
-1.316406 4.243408 -0.76001
-0.381303 0.897628 -0.221073
0 0 0 0
-0.377075 0.406006
-1.347168 4.284424 -0.628418
-0.90566 -0.043127 -0.421805
0 0 0 0
-0.403503 0.339417
-1.287354 4.284424 -0.743164
-0.865392 -0.041893 -0.499341
0 0 0 0
-0.403503 0.406006
-1.379395 4.300537 -0.643311
-0.691965 -0.644709 -0.32486
0 0 0 0
-0.423035 0.339417
-1.379395 4.325684 -0.643311
-0.184402 0.979061 -0.086235
0 0 0 0
-0.435547 0.339417
-1.318115 4.300537 -0.76123
-0.661086 -0.64499 -0.383346
0 0 0 0
-0.423035 0.406006
-1.246826 4.300537 -0.873047
-0.624881 -0.645984 -0.438439
0 0 0 0
-0.423035 0.472595
-1.246826 4.325684 -0.873047
-0.166159 0.979409 -0.114671
0 0 0 0
-0.435547 0.472595
-1.166016 4.325684 -0.978271
-0.154765 0.979484 -0.129073
0 0 0 0
-0.435547 0.539185
-1.166016 4.300537 -0.978271
-0.583841 -0.645926 -0.491842
0 0 0 0
-0.423035 0.539185
-1.138672 4.284424 -0.955322
-0.765391 -0.041339 -0.642236
0 0 0 0
-0.403503 0.539185
-1.217529 4.284424 -0.852539
-0.817926 -0.04292 -0.57372
0 0 0 0
-0.403503 0.472595
-1.245117 4.243408 -0.871826
-0.359922 0.898165 -0.252498
0 0 0 0
-0.377075 0.472595
-1.164551 4.243408 -0.977051
-0.337657 0.897835 -0.282632
0 0 0 0
-0.377075 0.539185
-1.074463 4.243408 -1.074951
-0.309977 0.898598 -0.310542
0 0 0 0
-0.377075 0.606018
-1.050537 4.284424 -1.05127
-0.70621 -0.042143 -0.706747
0 0 0 0
-0.403503 0.606018
-1.075928 4.300537 -1.076416
-0.540052 -0.644422 -0.541354
0 0 0 0
-0.423035 0.606018
-1.075928 4.325684 -1.076416
-0.143183 0.979292 -0.143131
0 0 0 0
-0.435547 0.606018
-1.093018 4.318848 -0.916992
0.057015 0.997263 0.04708
0 0 0 0
-0.483215 0.539185
-1.008545 4.318848 -1.009033
0.051121 0.997363 0.051506
0 0 0 0
-0.483215 0.606018
-1.168701 4.318848 -0.818359
0.060892 0.997226 0.042815
0 0 0 0
-0.483215 0.472595
-1.318115 4.325684 -0.76123
-0.175361 0.979353 -0.100583
0 0 0 0
-0.435547 0.406006
-1.235596 4.318848 -0.713379
0.06265 0.997424 0.034926
0 0 0 0
-0.483215 0.406006
-1.292969 4.318848 -0.603027
0.066488 0.997318 0.030592
0 0 0 0
-0.483215 0.339417
-1.340576 4.318848 -0.488281
0.068336 0.997311 0.026487
0 0 0 0
-0.483215 0.272827
-1.378174 4.318848 -0.369629
0.070043 0.997372 0.018506
0 0 0 0
-0.483215 0.206238
-1.499023 4.325684 -0.264648
-0.199823 0.979231 -0.034307
0 0 0 0
-0.435547 0.139648
-1.405029 4.318848 -0.248047
0.071869 0.997311 0.014363
0 0 0 0
-0.483215 0.139648
-1.421143 4.318848 -0.124756
0.073545 0.997272 0.006321
0 0 0 0
-0.483215 0.072998
-1.426514 4.318848 -0.000488
0.073403 0.997299 0.00243
0 0 0 0
-0.483215 0.006409
-1.519775 4.243408 -0.000488
-0.441332 0.897342 -0.002139
0 0 0 0
-0.377075 0.006409
-1.486328 4.284424 -0.000488
-0.999112 -0.042078 -0.002139
0 0 0 0
-0.403503 0.006409
-0.124756 4.318848 1.421143
0.007088 0.997317 -0.072865
0 0 0 0
-0.483215 0.072998
-0.000488 4.325684 1.521973
-0.001072 0.979076 0.203491
0 0 0 0
-0.435547 0.006409
-0.000488 4.318848 1.426514
0.001013 0.997338 -0.07291
0 0 0 0
-0.483215 0.006409
-0.133057 4.325684 1.516357
-0.018228 0.978964 0.203216
0 0 0 0
-0.435547 0.072998
-0.264648 4.325684 1.499023
-0.035322 0.979371 0.198958
0 0 0 0
-0.435547 0.139648
-0.248047 4.318848 1.405029
0.013162 0.997263 -0.07275
0 0 0 0
-0.483215 0.139648
-0.369629 4.318848 1.378174
0.019235 0.997178 -0.072566
0 0 0 0
-0.483215 0.206238
-0.394287 4.325684 1.470215
-0.052343 0.979564 0.194203
0 0 0 0
-0.435547 0.206238
-0.520752 4.325684 1.430176
-0.069282 0.979539 0.188951
0 0 0 0
-0.435547 0.272827
-0.488281 4.318848 1.340576
0.025262 0.997328 -0.068546
0 0 0 0
-0.483215 0.272827
-0.603027 4.318848 1.292969
0.03132 0.997178 -0.068225
0 0 0 0
-0.483215 0.339417
-0.643311 4.325684 1.379395
-0.086127 0.979295 0.183203
0 0 0 0
-0.435547 0.339417
-0.76123 4.325684 1.318115
-0.100762 0.978981 0.177324
0 0 0 0
-0.435547 0.406006
-0.713379 4.318848 1.235596
0.037309 0.997249 -0.064058
0 0 0 0
-0.483215 0.406006
-0.818359 4.318848 1.168701
0.041263 0.997347 -0.059976
0 0 0 0
-0.483215 0.472595
-0.873047 4.325684 1.246826
-0.11722 0.978946 0.167104
0 0 0 0
-0.435547 0.472595
-0.978271 4.325684 1.166016
-0.131423 0.97884 0.156845
0 0 0 0
-0.435547 0.539185
-0.916992 4.318848 1.093018
0.047205 0.997332 -0.05568
0 0 0 0
-0.483215 0.539185
-1.076416 4.325684 1.075928
-0.143183 0.979292 0.143131
0 0 0 0
-0.435547 0.606018
-1.009033 4.318848 1.008545
0.051121 0.997363 -0.051506
0 0 0 0
-0.483215 0.606018
-1.076416 4.300537 1.075928
-0.540052 -0.644422 0.541354
0 0 0 0
-0.423035 0.606018
-0.978271 4.300537 1.166016
-0.490958 -0.645997 0.584507
0 0 0 0
-0.423035 0.539185
-0.955322 4.284424 1.138672
-0.642807 -0.042854 0.764828
0 0 0 0
-0.403503 0.539185
-1.05127 4.284424 1.050537
-0.70621 -0.042143 0.706747
0 0 0 0
-0.403503 0.606018
-1.074951 4.243408 1.074463
-0.312089 0.898233 0.309479
0 0 0 0
-0.377075 0.606018
-0.977051 4.243408 1.164551
-0.283584 0.898203 0.335875
0 0 0 0
-0.377075 0.539185
-1.145264 4.217041 1.144775
-0.280036 0.91759 0.282151
0 0 0 0
-0.325806 0.606018
-1.041016 4.217041 1.240723
-0.255492 0.918211 0.302676
0 0 0 0
-0.325806 0.539185
-0.871826 4.243408 1.245117
-0.252072 0.897651 0.361499
0 0 0 0
-0.377075 0.472595
-0.852539 4.284424 1.217529
-0.57338 -0.040862 0.81827
0 0 0 0
-0.403503 0.472595
-0.743164 4.284424 1.287354
-0.500566 -0.04138 0.864709
0 0 0 0
-0.403503 0.406006
-0.76001 4.243408 1.316406
-0.219512 0.897587 0.382299
0 0 0 0
-0.377075 0.406006
-0.809814 4.217041 1.402588
-0.198418 0.917257 0.345354
0 0 0 0
-0.325806 0.406006
-0.928955 4.217041 1.32666
-0.228497 0.917365 0.32593
0 0 0 0
-0.325806 0.472595
-0.928955 4.201172 1.32666
-0.573525 0.001318 0.819187
0 0 0 0
-0.317932 0.472595
-0.809814 4.201172 1.402588
-0.500689 0.001335 0.865626
0 0 0 0
-0.317932 0.406006
-0.68457 4.201172 1.467773
-0.422449 0.00135 0.906386
0 0 0 0
-0.317932 0.339417
-0.68457 4.217041 1.467773
-0.167584 0.917723 0.360138
0 0 0 0
-0.325806 0.339417
-0.554199 4.201172 1.521729
-0.341725 0.001361 0.939799
0 0 0 0
-0.317932 0.272827
-0.554199 4.217041 1.521729
-0.136323 0.917602 0.373393
0 0 0 0
-0.325806 0.272827
-0.419434 4.201172 1.564209
-0.259038 0.001371 0.965866
0 0 0 0
-0.317932 0.206238
-0.419434 4.217041 1.564209
-0.10229 0.918312 0.382414
0 0 0 0
-0.325806 0.206238
-0.281494 4.201172 1.594971
-0.174889 0.001377 0.984587
0 0 0 0
-0.317932 0.139648
-0.281494 4.217041 1.594971
-0.068063 0.917124 0.392749
0 0 0 0
-0.325806 0.139648
-0.141602 4.201172 1.613281
-0.08701 -0.001381 0.996207
0 0 0 0
-0.317932 0.072998
-0.141602 4.217041 1.613281
-0.033485 0.917954 0.395271
0 0 0 0
-0.325806 0.072998
-0.000488 4.201172 1.619385
-0.001382 -0.001382 0.999998
0 0 0 0
-0.317932 0.006409
-0.000488 4.217041 1.619385
-0.001155 0.918218 0.396074
0 0 0 0
-0.325806 0.006409
-0.132812 4.243408 1.51416
-0.038667 0.898715 0.436826
0 0 0 0
-0.377075 0.072998
-0.000488 4.243408 1.519775
-0.001173 0.897608 0.440793
0 0 0 0
-0.377075 0.006409
-0.129883 4.284424 1.480713
-0.08699 -0.042804 0.995289
0 0 0 0
-0.403503 0.072998
-0.000488 4.284424 1.486328
-0.001382 -0.042845 0.999081
0 0 0 0
-0.403503 0.006409
-0.000488 4.300537 1.521973
-0.001298 -0.645248 0.763972
0 0 0 0
-0.423035 0.006409
-0.133057 4.300537 1.516357
-0.066166 -0.644793 0.761488
0 0 0 0
-0.423035 0.072998
-0.264648 4.300537 1.499023
-0.133266 -0.64563 0.751932
0 0 0 0
-0.423035 0.139648
-0.394287 4.300537 1.470215
-0.197158 -0.645596 0.73779
0 0 0 0
-0.423035 0.206238
-0.520752 4.300537 1.430176
-0.26016 -0.644634 0.718863
0 0 0 0
-0.423035 0.272827
-0.508545 4.284424 1.396729
-0.341644 -0.042195 0.938882
0 0 0 0
-0.403503 0.272827
-0.38501 4.284424 1.435791
-0.258977 -0.042478 0.964949
0 0 0 0
-0.403503 0.206238
-0.258545 4.284424 1.463623
-0.174849 -0.04268 0.98367
0 0 0 0
-0.403503 0.139648
-0.26416 4.243408 1.496826
-0.076083 0.897777 0.433829
0 0 0 0
-0.377075 0.139648
-0.393555 4.243408 1.468262
-0.113226 0.897638 0.42594
0 0 0 0
-0.377075 0.206238
-0.52002 4.243408 1.428223
-0.149902 0.898247 0.413136
0 0 0 0
-0.377075 0.272827
-0.642578 4.243408 1.377686
-0.186105 0.898157 0.398344
0 0 0 0
-0.377075 0.339417
-0.628418 4.284424 1.347168
-0.422347 -0.04183 0.905468
0 0 0 0
-0.403503 0.339417
-0.643311 4.300537 1.379395
-0.321811 -0.644894 0.693216
0 0 0 0
-0.423035 0.339417
-0.76123 4.300537 1.318115
-0.381704 -0.646251 0.660804
0 0 0 0
-0.423035 0.406006
-0.873047 4.300537 1.246826
-0.437631 -0.644602 0.626871
0 0 0 0
-0.423035 0.472595
-1.041016 4.201172 1.240723
-0.642997 0.001299 0.765868
0 0 0 0
-0.317932 0.539185
-1.145264 4.201172 1.144775
-0.706425 0.001277 0.707786
0 0 0 0
-0.317932 0.606018
1.613525 4.201172 -0.141113
0.996128 0.00102 -0.087909
0 0 0 0
0.682068 0.539185
1.619385 4.217041 0.000488
0.39769 0.91752 -0.000804
0 0 0 0
0.674194 0.606018
1.619385 4.201172 0.000488
1 0.000978 -0.000001
0 0 0 0
0.682068 0.606018
1.613525 4.217041 -0.141113
0.396571 0.917381 -0.033825
0 0 0 0
0.674194 0.539185
1.594971 4.201172 -0.28125
0.984509 0.00106 -0.175329
0 0 0 0
0.682068 0.472595
1.594971 4.217041 -0.28125
0.39083 0.917996 -0.067345
0 0 0 0
0.674194 0.472595
1.564453 4.201172 -0.419189
0.966052 -0.001097 -0.258346
0 0 0 0
0.682068 0.406006
1.564453 4.217041 -0.419189
0.383289 0.917633 -0.105062
0 0 0 0
0.674194 0.406006
1.521973 4.201172 -0.553711
0.93922 -0.001133 -0.343313
0 0 0 0
0.682068 0.339417
1.521973 4.217041 -0.553711
0.373899 0.917563 -0.135196
0 0 0 0
0.674194 0.339417
1.468018 4.201172 -0.684326
0.906077 -0.001166 -0.423112
0 0 0 0
0.682068 0.272827
1.468018 4.217041 -0.684326
0.360139 0.917774 -0.167303
0 0 0 0
0.674194 0.272827
1.402588 4.201172 -0.80957
0.86573 -0.001197 -0.500511
0 0 0 0
0.682068 0.206238
1.402588 4.217041 -0.80957
0.343696 0.917592 -0.199745
0 0 0 0
0.674194 0.206238
1.326904 4.201172 -0.928711
0.820018 -0.001226 -0.572337
0 0 0 0
0.682068 0.139648
1.326904 4.217041 -0.928711
0.326043 0.91747 -0.227914
0 0 0 0
0.674194 0.139648
1.240967 4.201172 -1.040771
0.765633 -0.001253 -0.643276
0 0 0 0
0.682068 0.072998
1.240967 4.217041 -1.040771
0.303611 0.917408 -0.257261
0 0 0 0
0.674194 0.072998
1.145264 4.201172 -1.144775
0.706425 0.001277 -0.707786
0 0 0 0
0.682068 0.006409
1.145264 4.217041 -1.144775
0.280036 0.91759 -0.282151
0 0 0 0
0.674194 0.006409
1.164551 4.243408 -0.976807
0.337657 0.897835 -0.282632
0 0 0 0
0.622925 0.072998
1.074951 4.243408 -1.074463
0.312089 0.898233 -0.309479
0 0 0 0
0.622925 0.006409
1.138916 4.284424 -0.955078
0.765391 -0.041339 -0.642236
0 0 0 0
0.596497 0.072998
1.05127 4.284424 -1.050537
0.70621 -0.042143 -0.706747
0 0 0 0
0.596497 0.006409
1.076416 4.300537 -1.075928
0.540052 -0.644422 -0.541354
0 0 0 0
0.576965 0.006409
1.16626 4.300537 -0.978027
0.585861 -0.645521 -0.489969
0 0 0 0
0.576965 0.072998
1.076416 4.325684 -1.075928
0.143184 0.979292 -0.143131
0 0 0 0
0.564453 0.006409
1.16626 4.325684 -0.978027
0.154765 0.979484 -0.129073
0 0 0 0
0.564453 0.072998
1.24707 4.300537 -0.872803
0.624881 -0.645984 -0.438439
0 0 0 0
0.576965 0.139648
1.24707 4.325684 -0.872803
0.166159 0.979409 -0.114671
0 0 0 0
0.564453 0.139648
1.168945 4.318848 -0.818115
-0.060892 0.997226 0.042815
0 0 0 0
0.516785 0.139648
1.093262 4.318848 -0.916748
-0.057015 0.997263 0.04708
0 0 0 0
0.516785 0.072998
1.009033 4.318848 -1.008545
-0.051121 0.997363 0.051506
0 0 0 0
0.516785 0.006409
1.23584 4.318848 -0.713135
-0.06265 0.997424 0.034926
0 0 0 0
0.516785 0.206238
1.318359 4.325684 -0.760742
0.175361 0.979353 -0.100583
0 0 0 0
0.564453 0.206238
1.293213 4.318848 -0.602783
-0.066488 0.997318 0.030592
0 0 0 0
0.516785 0.272827
1.379639 4.325684 -0.643066
0.184402 0.979061 -0.086235
0 0 0 0
0.564453 0.272827
1.34082 4.318848 -0.487793
-0.068336 0.997311 0.026487
0 0 0 0
0.516785 0.339417
1.43042 4.325684 -0.520508
0.190987 0.979189 -0.068653
0 0 0 0
0.564453 0.339417
1.378174 4.318848 -0.369141
-0.070043 0.997372 0.018506
0 0 0 0
0.516785 0.406006
1.470215 4.325684 -0.393799
0.19547 0.979353 -0.051575
0 0 0 0
0.564453 0.406006
1.405029 4.318848 -0.247803
-0.071869 0.997311 0.014363
0 0 0 0
0.516785 0.472595
1.499023 4.325684 -0.264404
0.199823 0.979231 -0.034307
0 0 0 0
0.564453 0.472595
1.421387 4.318848 -0.124512
-0.073545 0.997272 0.006321
0 0 0 0
0.516785 0.539185
1.516357 4.325684 -0.132812
0.20215 0.979196 -0.017634
0 0 0 0
0.564453 0.539185
1.499023 4.300537 -0.264404
0.75195 -0.645866 -0.132016
0 0 0 0
0.576965 0.472595
1.516357 4.300537 -0.132812
0.761688 -0.64466 -0.065152
0 0 0 0
0.576965 0.539185
1.480713 4.284424 -0.129639
0.995393 -0.041772 -0.086303
0 0 0 0
0.596497 0.539185
1.463867 4.284424 -0.258057
0.983901 -0.041305 -0.173877
0 0 0 0
0.596497 0.472595
1.435791 4.284424 -0.384766
0.965494 -0.04274 -0.256894
0 0 0 0
0.596497 0.406006
1.470215 4.300537 -0.393799
0.737467 -0.645418 -0.198942
0 0 0 0
0.576965 0.406006
1.43042 4.300537 -0.520508
0.717449 -0.644935 -0.2633
0 0 0 0
0.576965 0.339417
1.379639 4.300537 -0.643066
0.691965 -0.644709 -0.32486
0 0 0 0
0.576965 0.272827
1.347168 4.284424 -0.62793
0.90566 -0.043127 -0.421805
0 0 0 0
0.596497 0.272827
1.396729 4.284424 -0.508301
0.938763 -0.041899 -0.342006
0 0 0 0
0.596497 0.339417
1.468262 4.243408 -0.393311
0.423981 0.898509 -0.113678
0 0 0 0
0.622925 0.406006
1.428467 4.243408 -0.519775
0.413908 0.898023 -0.149117
0 0 0 0
0.622925 0.339417
1.377686 4.243408 -0.642334
0.399303 0.897634 -0.186574
0 0 0 0
0.622925 0.272827
1.49707 4.243408 -0.263916
0.433247 0.897948 -0.077375
0 0 0 0
0.622925 0.472595
1.51416 4.243408 -0.132568
0.437658 0.898245 -0.040139
0 0 0 0
0.622925 0.539185
1.519775 4.243408 0.000488
0.441332 0.897342 0.002139
0 0 0 0
0.622925 0.606018
1.486328 4.284424 0.000488
0.999112 -0.042078 0.002139
0 0 0 0
0.596497 0.606018
1.521973 4.300537 0.000488
0.763312 -0.64603 -0.000337
0 0 0 0
0.576965 0.606018
1.521973 4.325684 0.000488
0.202508 0.979279 0.001604
0 0 0 0
0.564453 0.606018
1.039307 4.345459 -1.032227
0.000978 1 0.000001
0 0 0 0
0.929016 0.696838
1.074463 4.345459 -1.05249
0.000978 1 -0.000001
0 0 0 0
0.947998 0.685852
1.062744 4.345459 -1.032227
0.000978 1 -0.000001
0 0 0 0
0.941711 0.696838
-1.027832 4.345459 -1.05249
1 0.000978 -0.000001
0 0 0 0
0.443481 0.224548
-1.039551 4.317139 -1.032227
0.500689 -0.001335 0.865626
0 0 0 0
0.457642 0.236206
-1.027832 4.317139 -1.05249
1 0.000978 -0.000001
0 0 0 0
0.457642 0.224548
-1.039551 4.345459 -1.032227
0.500689 -0.001335 0.865626
0 0 0 0
0.443481 0.236206
-1.062988 4.317139 -1.032227
-0.500689 -0.001335 0.865626
0 0 0 0
0.457642 0.247925
-1.062988 4.345459 -1.032227
-0.500689 -0.001335 0.865626
0 0 0 0
0.443481 0.247925
-1.074707 4.317139 -1.05249
-1 0.000978 -0.000001
0 0 0 0
0.457642 0.259644
-1.074707 4.345459 -1.05249
-1 0.000978 -0.000001
0 0 0 0
0.443481 0.259644
-1.062988 4.317139 -1.072754
-0.500689 0.001335 -0.865626
0 0 0 0
0.457642 0.271362
-1.062988 4.345459 -1.072754
-0.500689 0.001335 -0.865626
0 0 0 0
0.443481 0.271362
-1.039551 4.317139 -1.072754
0.500689 0.001335 -0.865626
0 0 0 0
0.457642 0.283081
-1.039551 4.345459 -1.072754
0.500689 0.001335 -0.865626
0 0 0 0
0.443481 0.283081
-1.027832 4.317139 -1.05249
1 0.000978 -0.000001
0 0 0 0
0.457642 0.2948
-1.027832 4.345459 -1.05249
1 0.000978 -0.000001
0 0 0 0
0.443481 0.2948
-1.062988 4.345459 -1.072754
0.000978 1 0.000001
0 0 0 0
-0.071228 0.697205
-1.027832 4.345459 -1.05249
0.000978 1 -0.000001
0 0 0 0
-0.051514 0.685852
-1.039551 4.345459 -1.072754
0.000978 1 -0.000001
0 0 0 0
-0.058105 0.697205
-1.039551 4.345459 -1.032227
0.000978 1 0.000001
0 0 0 0
-0.058105 0.6745
-1.074707 4.345459 -1.05249
0.000978 1 0.000001
0 0 0 0
-0.077759 0.685852
-1.062988 4.345459 -1.032227
0.000978 1 0.000001
0 0 0 0
-0.071228 0.6745
1.027588 4.345459 1.050781
-1 0.000978 -0.000001
0 0 0 0
0.443481 0.224548
1.039307 4.317139 1.030518
-0.500689 0.001335 -0.865626
0 0 0 0
0.457642 0.236206
1.027588 4.317139 1.050781
-1 0.000978 -0.000001
0 0 0 0
0.457642 0.224548
1.039307 4.345459 1.030518
-0.500689 0.001335 -0.865626
0 0 0 0
0.443481 0.236206
1.062744 4.317139 1.030518
0.500689 0.001335 -0.865626
0 0 0 0
0.457642 0.247925
1.062744 4.345459 1.030518
0.500689 0.001335 -0.865626
0 0 0 0
0.443481 0.247925
1.074463 4.317139 1.050781
1 0.000978 -0.000001
0 0 0 0
0.457642 0.259644
1.074463 4.345459 1.050781
1 0.000978 -0.000001
0 0 0 0
0.443481 0.259644
1.062744 4.317139 1.071289
0.500689 0.001335 0.865626
0 0 0 0
0.457642 0.271362
1.062744 4.345459 1.071289
0.500689 0.001335 0.865626
0 0 0 0
0.443481 0.271362
1.039307 4.317139 1.071289
-0.500689 0.001335 0.865626
0 0 0 0
0.457642 0.283081
1.039307 4.345459 1.071289
-0.500689 0.001335 0.865626
0 0 0 0
0.443481 0.283081
1.027588 4.317139 1.050781
-1 0.000978 -0.000001
0 0 0 0
0.457642 0.2948
1.027588 4.345459 1.050781
-1 0.000978 -0.000001
0 0 0 0
0.443481 0.2948
1.062744 4.345459 1.071289
0.000978 1 -0.000001
0 0 0 0
-0.071228 0.697205
1.027588 4.345459 1.050781
0.000978 1 0.000001
0 0 0 0
-0.071228 0.6745
1.039307 4.345459 1.071289
0.000978 1 0.000001
0 0 0 0
-0.077759 0.685852
1.039307 4.345459 1.030518
0.000978 1 -0.000001
0 0 0 0
-0.058105 0.6745
1.074463 4.345459 1.050781
0.000978 1 -0.000001
0 0 0 0
-0.058105 0.697205
1.062744 4.345459 1.030518
0.000978 1 -0.000001
0 0 0 0
-0.051514 0.685852
-1.027832 4.345459 1.050781
1 0.000978 -0.000001
0 0 0 0
0.443481 0.2948
-1.027832 4.317139 1.050781
1 0.000978 -0.000001
0 0 0 0
0.457642 0.2948
-1.039551 4.317139 1.030518
0.500689 0.001335 -0.865626
0 0 0 0
0.457642 0.283081
-1.039551 4.345459 1.030518
0.500689 0.001335 -0.865626
0 0 0 0
0.443481 0.283081
-1.062988 4.317139 1.030518
-0.500689 0.001335 -0.865626
0 0 0 0
0.457642 0.271362
-1.062988 4.345459 1.030518
-0.500689 0.001335 -0.865626
0 0 0 0
0.443481 0.271362
-1.074707 4.317139 1.050781
-1 0.000978 -0.000001
0 0 0 0
0.457642 0.259644
-1.074707 4.345459 1.050781
-1 0.000978 -0.000001
0 0 0 0
0.443481 0.259644
-1.062988 4.317139 1.071289
-0.500689 -0.001335 0.865626
0 0 0 0
0.457642 0.247925
-1.062988 4.345459 1.071289
-0.500689 -0.001335 0.865626
0 0 0 0
0.443481 0.247925
-1.039551 4.317139 1.071289
0.500689 -0.001335 0.865626
0 0 0 0
0.457642 0.236206
-1.039551 4.345459 1.071289
0.500689 -0.001335 0.865626
0 0 0 0
0.443481 0.236206
-1.027832 4.317139 1.050781
1 0.000978 -0.000001
0 0 0 0
0.457642 0.224548
-1.027832 4.345459 1.050781
1 0.000978 -0.000001
0 0 0 0
0.443481 0.224548
-1.027832 4.345459 1.050781
0.000978 1 0.000001
0 0 0 0
-0.077759 0.685852
-1.062988 4.345459 1.071289
0.000978 1 0.000001
0 0 0 0
-0.058105 0.6745
-1.039551 4.345459 1.071289
0.000978 1 0.000001
0 0 0 0
-0.071228 0.6745
-1.039551 4.345459 1.030518
0.000978 1 0.000001
0 0 0 0
-0.071228 0.697205
-1.074707 4.345459 1.050781
0.000978 1 0.000001
0 0 0 0
-0.051514 0.685852
-1.062988 4.345459 1.030518
0.000978 1 0.000001
0 0 0 0
-0.058105 0.697205
-0.907715 3.806152 -1.198242
0.000978 1 -0.000001
0 0 0 0
0.105774 0.243103
-0.000244 3.806152 -0.832764
-0.000977 1 -0.000001
0 0 0 0
0.201111 0.006409
-0.000244 3.806152 -1.581055
0.000978 1 -0.000001
0 0 0 0
0.006042 0.006409
-1.311523 3.806152 -0.832764
-0.000977 1 -0.000001
0 0 0 0
0.201111 0.348328
-0.000244 3.806152 0
-0.000977 1 -0.000001
0 0 0 0
0.419739 0.006409
-1.504883 3.806152 0
-0.000977 1 -0.000001
0 0 0 0
0.419739 0.398804
0.907471 3.806152 -1.198242
-0.000977 1 -0.000001
0 0 0 0
0.105774 0.243103
-0.000244 3.806152 -1.581055
0.000978 1 -0.000001
0 0 0 0
0.006042 0.006409
-0.000244 3.806152 -0.832764
-0.000977 1 -0.000001
0 0 0 0
0.201111 0.006409
1.311035 3.806152 -0.832764
-0.000977 1 -0.000001
0 0 0 0
0.201111 0.348328
-0.000244 3.806152 0
-0.000977 1 -0.000001
0 0 0 0
0.419739 0.006409
1.504639 3.806152 0
-0.000977 1 -0.000001
0 0 0 0
0.419739 0.398804
-0.000244 3.806152 0
-0.000977 1 -0.000001
0 0 0 0
0.419739 0.006409
-1.504883 3.806152 0
-0.000977 1 -0.000001
0 0 0 0
0.419739 0.398804
-1.311523 3.806152 0.832764
-0.000977 1 -0.000001
0 0 0 0
0.201111 0.348328
-0.000244 3.806152 0.832764
-0.000977 1 -0.000001
0 0 0 0
0.201111 0.006409
-0.907715 3.806152 1.198242
-0.000977 1 -0.000001
0 0 0 0
0.105774 0.243103
-0.000244 3.806152 1.581055
0.000978 1 -0.000001
0 0 0 0
0.006042 0.006409
-0.000244 3.806152 0
-0.000977 1 -0.000001
0 0 0 0
0.419739 0.006409
1.311035 3.806152 0.832764
-0.000977 1 -0.000001
0 0 0 0
0.201111 0.348328
1.504639 3.806152 0
-0.000977 1 -0.000001
0 0 0 0
0.419739 0.398804
-0.000244 3.806152 0.832764
-0.000977 1 -0.000001
0 0 0 0
0.201111 0.006409
0.907471 3.806152 1.198242
0.000978 1 -0.000001
0 0 0 0
0.105774 0.243103
-0.000244 3.806152 1.581055
0.000978 1 -0.000001
0 0 0 0
0.006042 0.006409
0.848145 1.839355 -2.196289
0.001337 -0.490752 -0.871298
0 0 0 0
0.405579 0.848389
0.848145 1.839355 -2.169434
0.000978 -1 -0.000001
0 0 0 0
0.405579 0.861816
0.048584 1.839355 -2.169434
0.000978 -1 -0.000001
0 0 0 0
0.006042 0.861816
0.048584 1.839355 -2.196289
0.001337 -0.490752 -0.871298
0 0 0 0
0.006042 0.848389
0.048584 1.886963 -2.196289
0.00135 0.422449 -0.906386
0 0 0 0
0.006042 0.824585
0.848145 1.886963 -2.196289
0.00135 0.422449 -0.906386
0 0 0 0
0.405579 0.824585
0.048584 1.897461 -2.169189
-0.001358 0.368004 -0.929823
0 0 0 0
0.006042 0.81012
0.848145 1.897461 -2.169189
-0.001358 0.368004 -0.929823
0 0 0 0
0.405579 0.81012
0.048584 1.955322 -2.169189
0.001382 0.001382 -0.999998
0 0 0 0
0.006042 0.781128
0.848145 1.955322 -2.169189
0.001382 0.001382 -0.999998
0 0 0 0
0.405579 0.781128
0.848145 1.839355 -2.169434
1 -0.000977 0.000001
0 0 0 0
0.447876 0.377502
0.848145 1.839355 -2.196289
1 0.000978 0.000001
0 0 0 0
0.434692 0.377502
0.848145 1.886963 -2.196289
1 0.000978 0.000001
0 0 0 0
0.434692 0.400757
0.848145 1.897461 -2.169189
1 -0.000977 0.000001
0 0 0 0
0.447937 0.405212
0.848145 1.894775 -2.131836
1 -0.000977 -0.000001
0 0 0 0
0.466553 0.405212
0.848145 1.955322 -2.130859
1 0.000978 -0.000001
0 0 0 0
0.466553 0.434204
0.848145 1.955322 -2.169189
1 0.000978 -0.000001
0 0 0 0
0.447937 0.434204
0.048584 1.839355 -2.169434
-1 -0.000977 0.000001
0 0 0 0
0.447876 0.377502
0.048584 1.886963 -2.196289
-1 -0.000977 0.000001
0 0 0 0
0.434692 0.400757
0.048584 1.839355 -2.196289
-1 -0.000977 0.000001
0 0 0 0
0.434692 0.377502
0.048584 1.897461 -2.169189
-1 0.000978 -0.000001
0 0 0 0
0.447937 0.405212
0.048584 1.839355 -2.130859
-1 -0.000977 0.000001
0 0 0 0
0.466553 0.377502
0.048584 1.955322 -2.130859
-1 0.000978 -0.000001
0 0 0 0
0.466553 0.434204
0.048584 1.955322 -2.169189
-1 0.000978 -0.000001
0 0 0 0
0.447937 0.434204
0.048584 0.773926 -2.169434
-1 -0.000977 0.000001
0 0 0 0
0.006042 0.768677
0.048584 0.773926 -2.128174
-1 -0.000977 0.000001
0 0 0 0
0.006104 0.748657
0.048584 1.839355 -2.130859
-1 -0.000977 0.000001
0 0 0 0
0.530945 0.748657
0.048584 1.839355 -2.169434
-1 -0.000977 0.000001
0 0 0 0
0.530945 0.768677
0.848145 0.773926 -2.169434
0.000978 -1 -0.000001
0 0 0 0
0.416077 0.748657
0.848145 0.773926 -2.128174
0.000978 -1 -0.000001
0 0 0 0
0.41626 0.768677
0.048584 0.773926 -2.128174
0.000978 -1 -0.000001
0 0 0 0
0.006042 0.768677
0.048584 0.773926 -2.169434
0.000978 -1 -0.000001
0 0 0 0
0.006042 0.748657
0.848145 1.839355 -2.169434
0.001382 0.001382 -0.999998
0 0 0 0
0.019165 0.535339
0.848145 0.773926 -2.169434
0.001382 0.001382 -0.999998
0 0 0 0
0.019165 0.006409
0.048584 0.773926 -2.169434
0.001382 0.001382 -0.999998
0 0 0 0
0.419861 0.006409
0.048584 1.839355 -2.169434
0.001382 0.001382 -0.999998
0 0 0 0
0.419861 0.535339
0.848145 0.773926 -2.169434
0.000978 -1 -0.000001
0 0 0 0
0.006042 0.768677
0.866211 0.773926 -2.128174
0.000978 -1 -0.000001
0 0 0 0
0.015015 0.748657
0.848145 0.773926 -2.128174
0.000978 -1 -0.000001
0 0 0 0
0.006042 0.748657
0.866211 0.773926 -2.169434
0.000978 -1 -0.000001
0 0 0 0
0.015015 0.768677
1.665527 0.773926 -2.128174
0.000978 -1 -0.000001
0 0 0 0
0.417786 0.748657
1.665527 0.773926 -2.169434
0.000978 -1 -0.000001
0 0 0 0
0.417786 0.768677
1.665527 1.955322 -2.130859
-0.000977 1 -0.000001
0 0 0 0
0.40863 0.768677
0.866211 1.955322 -2.169189
-0.000977 1 -0.000001
0 0 0 0
0.006042 0.748657
0.866211 1.955322 -2.130859
-0.000977 1 -0.000001
0 0 0 0
0.006042 0.768677
1.665527 1.955322 -2.169189
-0.000977 1 -0.000001
0 0 0 0
0.40863 0.748657
0.866211 1.897461 -2.169189
-1 -0.000977 -0.000001
0 0 0 0
0.447937 0.405212
0.866211 1.955322 -2.130859
-1 0.000978 -0.000001
0 0 0 0
0.466553 0.434204
0.866211 1.955322 -2.169189
-1 0.000978 -0.000001
0 0 0 0
0.447937 0.434204
0.866211 1.894775 -2.131836
-1 -0.000977 -0.000001
0 0 0 0
0.466553 0.405212
0.866211 1.839355 -2.169434
-1 -0.000977 -0.000001
0 0 0 0
0.447876 0.377502
0.866211 1.886963 -2.196289
-1 -0.000977 -0.000001
0 0 0 0
0.434692 0.400757
0.866211 1.839355 -2.196289
-1 -0.000977 -0.000001
0 0 0 0
0.434692 0.377502
0.866211 1.955322 -2.169189
0.001382 0.001382 -0.999998
0 0 0 0
0.405579 0.781128
1.665527 1.955322 -2.169189
0.001382 0.001382 -0.999998
0 0 0 0
0.006042 0.781128
1.665527 1.897461 -2.169189
-0.001358 0.368004 -0.929823
0 0 0 0
0.006042 0.81012
0.866211 1.897461 -2.169189
-0.001358 0.368004 -0.929823
0 0 0 0
0.405579 0.81012
1.665527 1.886963 -2.196289
-0.00135 0.422449 -0.906386
0 0 0 0
0.006042 0.824585
0.866211 1.886963 -2.196289
-0.00135 0.422449 -0.906386
0 0 0 0
0.405579 0.824585
0.866211 1.839355 -2.196289
0.001337 -0.490752 -0.871298
0 0 0 0
0.405579 0.848389
1.665527 1.839355 -2.196289
0.001337 -0.490752 -0.871298
0 0 0 0
0.006042 0.848389
1.665527 1.839355 -2.169434
0.000978 -1 -0.000001
0 0 0 0
0.006042 0.861816
0.866211 1.839355 -2.169434
0.000978 -1 -0.000001
0 0 0 0
0.405579 0.861816
0.848145 1.839355 -2.169434
0.001382 0.001382 -0.999998
0 0 0 0
0.006042 0.535339
0.866211 0.773926 -2.169434
0.001382 0.001382 -0.999998
0 0 0 0
0.015198 0.006409
0.848145 0.773926 -2.169434
0.001382 0.001382 -0.999998
0 0 0 0
0.006042 0.006409
0.866211 1.839355 -2.169434
0.001382 0.001382 -0.999998
0 0 0 0
0.015198 0.535339
1.665527 1.839355 -2.169434
0.001382 0.001382 -0.999998
0 0 0 0
0.419739 0.535339
1.665527 0.773926 -2.169434
0.001382 0.001382 -0.999998
0 0 0 0
0.419739 0.006409
1.665527 0.773926 -2.169434
1 0.000978 -0.000001
0 0 0 0
0.006104 0.768677
1.665527 1.839355 -2.169434
1 0.000978 -0.000001
0 0 0 0
0.530945 0.768677
1.665527 1.839355 -2.130859
1 0.000978 -0.000001
0 0 0 0
0.530945 0.748657
1.665527 0.773926 -2.128174
1 0.000978 -0.000001
0 0 0 0
0.006104 0.748657
0.048584 1.955322 -2.169189
-0.000977 1 -0.000001
0 0 0 0
0.128967 0.748657
0.048584 1.955322 -2.130859
-0.000977 1 -0.000001
0 0 0 0
0.128967 0.768677
0.848145 1.955322 -2.130859
-0.000977 1 -0.000001
0 0 0 0
0.530945 0.768677
0.848145 1.955322 -2.169189
-0.000977 1 -0.000001
0 0 0 0
0.530945 0.748657
1.665527 1.897461 -2.169189
1 0.000978 -0.000001
0 0 0 0
0.447937 0.405212
1.665527 1.955322 -2.169189
1 0.000978 -0.000001
0 0 0 0
0.447937 0.434204
1.665527 1.955322 -2.130859
1 0.000978 -0.000001
0 0 0 0
0.466553 0.434204
1.665527 1.839355 -2.130859
1 0.000978 -0.000001
0 0 0 0
0.466553 0.377502
1.665527 1.839355 -2.169434
1 0.000978 -0.000001
0 0 0 0
0.447876 0.377502
1.665527 1.886963 -2.196289
1 -0.000977 -0.000001
0 0 0 0
0.434692 0.400757
1.665527 1.839355 -2.196289
1 -0.000977 -0.000001
0 0 0 0
0.434692 0.377502
0.848145 1.839355 -2.169434
0.001321 0.561605 -0.827405
0 0 0 0
0.447632 0.471924
0.848145 1.894775 -2.131836
0.001321 0.561605 -0.827405
0 0 0 0
0.447632 0.503113
0.866211 1.894775 -2.131836
0.001321 0.561605 -0.827405
0 0 0 0
0.456787 0.503113
0.866211 1.839355 -2.169434
0.001321 0.561605 -0.827405
0 0 0 0
0.456787 0.471924
1.876221 1.839355 -0.865967
0.870818 -0.491606 -0.000345
0 0 0 0
0.405579 0.848389
1.849365 1.839355 -0.865967
0.000978 -1 -0.000001
0 0 0 0
0.405579 0.861816
1.849365 1.839355 -1.665527
0.000978 -1 -0.000001
0 0 0 0
0.006042 0.861816
1.876221 1.839355 -1.665527
0.870818 -0.491606 -0.000345
0 0 0 0
0.006042 0.848389
1.876221 1.886963 -0.865967
0.906033 0.423206 -0.000276
0 0 0 0
0.405579 0.824585
1.876221 1.886963 -1.665527
0.906033 0.423206 -0.000276
0 0 0 0
0.006042 0.824585
1.849121 1.897461 -1.665527
0.929618 0.368524 -0.000001
0 0 0 0
0.006042 0.81012
1.849121 1.897461 -0.865967
0.929618 0.368524 -0.000001
0 0 0 0
0.405579 0.81012
1.849121 1.955322 -0.865967
1 0.000978 -0.000001
0 0 0 0
0.405579 0.781128
1.849121 1.955322 -1.665527
1 0.000978 -0.000001
0 0 0 0
0.006042 0.781128
1.849365 1.839355 -0.865967
0.001382 0.001382 0.999998
0 0 0 0
0.447876 0.377502
1.876221 1.839355 -0.865967
0.001382 0.001382 0.999998
0 0 0 0
0.434692 0.377502
1.876221 1.886963 -0.865967
0.001382 0.001382 0.999998
0 0 0 0
0.434692 0.400757
1.849121 1.897461 -0.865967
0.001382 0.001382 0.999998
0 0 0 0
0.447937 0.405212
1.811768 1.894775 -0.865967
-0.001382 0.001382 0.999998
0 0 0 0
0.466553 0.405212
1.810791 1.955322 -0.865967
0.001382 0.001382 0.999998
0 0 0 0
0.466553 0.434204
1.849121 1.955322 -0.865967
0.001382 0.001382 0.999998
0 0 0 0
0.447937 0.434204
1.849365 1.839355 -1.665527
0.001382 -0.001382 -0.999998
0 0 0 0
0.447876 0.377502
1.876221 1.886963 -1.665527
0.001382 0.001382 -0.999998
0 0 0 0
0.434692 0.400757
1.876221 1.839355 -1.665527
0.001382 0.001382 -0.999998
0 0 0 0
0.434692 0.377502
1.849121 1.897461 -1.665527
0.001382 0.001382 -0.999998
0 0 0 0
0.447937 0.405212
1.810791 1.839355 -1.665527
0.001382 -0.001382 -0.999998
0 0 0 0
0.466553 0.377502
1.810791 1.955322 -1.665527
0.001382 0.001382 -0.999998
0 0 0 0
0.466553 0.434204
1.849121 1.955322 -1.665527
0.001382 0.001382 -0.999998
0 0 0 0
0.447937 0.434204
1.849365 0.773926 -1.665527
0.001382 -0.001382 -0.999998
0 0 0 0
0.006042 0.768677
1.808105 0.773926 -1.665527
0.001382 -0.001382 -0.999998
0 0 0 0
0.006104 0.748657
1.810791 1.839355 -1.665527
0.001382 -0.001382 -0.999998
0 0 0 0
0.530945 0.748657
1.849365 1.839355 -1.665527
0.001382 -0.001382 -0.999998
0 0 0 0
0.530945 0.768677
1.849365 0.773926 -0.865967
0.000978 -1 -0.000001
0 0 0 0
0.416077 0.748657
1.808105 0.773926 -0.865967
0.000978 -1 -0.000001
0 0 0 0
0.41626 0.768677
1.808105 0.773926 -1.665527
0.000978 -1 -0.000001
0 0 0 0
0.006042 0.768677
1.849365 0.773926 -1.665527
0.000978 -1 -0.000001
0 0 0 0
0.006042 0.748657
1.849365 1.839355 -0.865967
1 0.000978 -0.000001
0 0 0 0
0.019104 0.535339
1.849365 0.773926 -0.865967
1 0.000978 -0.000001
0 0 0 0
0.019104 0.006409
1.849365 0.773926 -1.665527
1 0.000978 -0.000001
0 0 0 0
0.419739 0.006409
1.849365 1.839355 -1.665527
1 0.000978 -0.000001
0 0 0 0
0.419739 0.535339
1.849365 0.773926 -0.865967
0.000978 -1 -0.000001
0 0 0 0
0.006042 0.768677
1.808105 0.773926 -0.8479
0.000978 -1 -0.000001
0 0 0 0
0.015015 0.748657
1.808105 0.773926 -0.865967
0.000978 -1 -0.000001
0 0 0 0
0.006042 0.748657
1.849365 0.773926 -0.8479
0.000978 -1 -0.000001
0 0 0 0
0.015015 0.768677
1.808105 0.773926 -0.048584
0.000978 -1 -0.000001
0 0 0 0
0.417786 0.748657
1.849365 0.773926 -0.048584
0.000978 -1 -0.000001
0 0 0 0
0.417786 0.768677
1.849121 1.955322 -0.048584
-0.000977 1 0.000001
0 0 0 0
0.40863 0.748657
1.849121 1.955322 -0.8479
-0.000977 1 0.000001
0 0 0 0
0.006042 0.748657
1.810791 1.955322 -0.8479
-0.000977 1 0.000001
0 0 0 0
0.006042 0.768677
1.810791 1.955322 -0.048584
-0.000977 1 0.000001
0 0 0 0
0.40863 0.768677
1.849121 1.897461 -0.8479
-0.001382 -0.001382 -0.999998
0 0 0 0
0.447937 0.405212
1.810791 1.955322 -0.8479
-0.001382 -0.001382 -0.999998
0 0 0 0
0.466553 0.434204
1.849121 1.955322 -0.8479
-0.001382 -0.001382 -0.999998
0 0 0 0
0.447937 0.434204
1.811768 1.894775 -0.8479
-0.001382 -0.001382 -0.999998
0 0 0 0
0.466553 0.405212
1.849365 1.839355 -0.8479
0.001382 -0.001382 -0.999998
0 0 0 0
0.447876 0.377502
1.876221 1.886963 -0.8479
0.001382 -0.001382 -0.999998
0 0 0 0
0.434692 0.400757
1.876221 1.839355 -0.8479
0.001382 -0.001382 -0.999998
0 0 0 0
0.434692 0.377502
1.849121 1.955322 -0.048584
1 0.000978 -0.000001
0 0 0 0
0.006042 0.781128
1.849121 1.897461 -0.8479
0.929618 0.368524 0.000001
0 0 0 0
0.405579 0.81012
1.849121 1.955322 -0.8479
1 0.000978 -0.000001
0 0 0 0
0.405579 0.781128
1.849121 1.897461 -0.048584
0.929618 0.368524 0.000001
0 0 0 0
0.006042 0.81012
1.876221 1.886963 -0.8479
0.906033 0.423206 0.000276
0 0 0 0
0.405579 0.824585
1.876221 1.886963 -0.048584
0.906033 0.423206 0.000276
0 0 0 0
0.006042 0.824585
1.876221 1.839355 -0.8479
0.870818 -0.491606 -0.000345
0 0 0 0
0.405579 0.848389
1.876221 1.839355 -0.048584
0.870818 -0.491606 -0.000345
0 0 0 0
0.006042 0.848389
1.849365 1.839355 -0.048584
0.000978 -1 -0.000001
0 0 0 0
0.006042 0.861816
1.849365 1.839355 -0.8479
0.000978 -1 -0.000001
0 0 0 0
0.405579 0.861816
1.849365 1.839355 -0.865967
1 0.000978 -0.000001
0 0 0 0
0.006042 0.535339
1.849365 0.773926 -0.8479
1 -0.000977 -0.000001
0 0 0 0
0.015198 0.006409
1.849365 0.773926 -0.865967
1 0.000978 -0.000001
0 0 0 0
0.006042 0.006409
1.849365 1.839355 -0.8479
1 -0.000977 -0.000001
0 0 0 0
0.015198 0.535339
1.849365 0.773926 -0.048584
1 -0.000977 -0.000001
0 0 0 0
0.419739 0.006409
1.849365 1.839355 -0.048584
1 -0.000977 -0.000001
0 0 0 0
0.419739 0.535339
1.849365 0.773926 -0.048584
0.001382 0.001382 0.999998
0 0 0 0
0.006104 0.768677
1.849365 1.839355 -0.048584
0.001382 0.001382 0.999998
0 0 0 0
0.530945 0.768677
1.810791 1.839355 -0.048584
0.001382 0.001382 0.999998
0 0 0 0
0.530945 0.748657
1.808105 0.773926 -0.048584
0.001382 0.001382 0.999998
0 0 0 0
0.006104 0.748657
1.849121 1.955322 -1.665527
-0.000977 1 -0.000001
0 0 0 0
0.128967 0.748657
1.810791 1.955322 -1.665527
-0.000977 1 -0.000001
0 0 0 0
0.128967 0.768677
1.810791 1.955322 -0.865967
-0.000977 1 -0.000001
0 0 0 0
0.530945 0.768677
1.849121 1.955322 -0.865967
-0.000977 1 -0.000001
0 0 0 0
0.530945 0.748657
1.849121 1.897461 -0.048584
0.001382 0.001382 0.999998
0 0 0 0
0.447937 0.405212
1.849121 1.955322 -0.048584
0.001382 0.001382 0.999998
0 0 0 0
0.447937 0.434204
1.810791 1.955322 -0.048584
0.001382 0.001382 0.999998
0 0 0 0
0.466553 0.434204
1.810791 1.839355 -0.048584
0.001382 0.001382 0.999998
0 0 0 0
0.466553 0.377502
1.849365 1.839355 -0.048584
0.001382 0.001382 0.999998
0 0 0 0
0.447876 0.377502
1.876221 1.886963 -0.048584
0.001382 0.001382 0.999998
0 0 0 0
0.434692 0.400757
1.876221 1.839355 -0.048584
0.001382 0.001382 0.999998
0 0 0 0
0.434692 0.377502
1.849365 1.839355 -0.865967
0.826743 0.562577 0.001795
0 0 0 0
0.447632 0.471924
1.811768 1.894775 -0.865967
0.826743 0.562577 0.001795
0 0 0 0
0.447632 0.503113
1.811768 1.894775 -0.8479
0.826743 0.562577 0.001795
0 0 0 0
0.456787 0.503113
1.849365 1.839355 -0.8479
0.826743 0.562577 0.001795
0 0 0 0
0.456787 0.471924
-0.848145 1.839355 -2.196289
-0.001337 -0.490752 -0.871298
0 0 0 0
0.405579 0.848389
-0.048584 1.839355 -2.169434
-0.000977 -1 -0.000001
0 0 0 0
0.006042 0.861816
-0.848145 1.839355 -2.169434
-0.000977 -1 -0.000001
0 0 0 0
0.405579 0.861816
-0.048584 1.839355 -2.196289
-0.001337 -0.490752 -0.871298
0 0 0 0
0.006042 0.848389
-0.048584 1.886963 -2.196289
0.00135 0.422449 -0.906386
0 0 0 0
0.006042 0.824585
-0.848145 1.886963 -2.196289
0.00135 0.422449 -0.906386
0 0 0 0
0.405579 0.824585
-0.048584 1.897461 -2.169189
0.001358 0.368004 -0.929823
0 0 0 0
0.006042 0.81012
-0.848145 1.897461 -2.169189
0.001358 0.368004 -0.929823
0 0 0 0
0.405579 0.81012
-0.048584 1.955322 -2.169189
-0.001382 0.001382 -0.999998
0 0 0 0
0.006042 0.781128
-0.848145 1.955322 -2.169189
-0.001382 0.001382 -0.999998
0 0 0 0
0.405579 0.781128
-0.848145 1.886963 -2.196289
-1 0.000978 0.000001
0 0 0 0
0.434692 0.400757
-0.848145 1.839355 -2.196289
-1 0.000978 0.000001
0 0 0 0
0.434692 0.377502
-0.848145 1.839355 -2.169434
-1 -0.000977 0.000001
0 0 0 0
0.447876 0.377502
-0.848145 1.897461 -2.169189
-1 -0.000977 0.000001
0 0 0 0
0.447937 0.405212
-0.848145 1.894775 -2.131836
-1 -0.000977 -0.000001
0 0 0 0
0.466553 0.405212
-0.848145 1.955322 -2.130859
-1 0.000978 -0.000001
0 0 0 0
0.466553 0.434204
-0.848145 1.955322 -2.169189
-1 0.000978 -0.000001
0 0 0 0
0.447937 0.434204
-0.048584 1.839355 -2.169434
1 -0.000977 0.000001
0 0 0 0
0.447876 0.377502
-0.048584 1.839355 -2.196289
1 -0.000977 0.000001
0 0 0 0
0.434692 0.377502
-0.048584 1.886963 -2.196289
1 -0.000977 0.000001
0 0 0 0
0.434692 0.400757
-0.048584 1.897461 -2.169189
1 0.000978 -0.000001
0 0 0 0
0.447937 0.405212
-0.048584 1.839355 -2.130859
1 -0.000977 0.000001
0 0 0 0
0.466553 0.377502
-0.048584 1.955322 -2.130859
1 0.000978 -0.000001
0 0 0 0
0.466553 0.434204
-0.048584 1.955322 -2.169189
1 0.000978 -0.000001
0 0 0 0
0.447937 0.434204
-0.848145 1.839355 -2.169434
-0.001382 0.001382 -0.999998
0 0 0 0
0.019165 0.535339
-0.048584 1.839355 -2.169434
-0.001382 0.001382 -0.999998
0 0 0 0
0.419861 0.535339
-0.048584 0.773926 -2.169434
-0.001382 0.001382 -0.999998
0 0 0 0
0.419861 0.006409
-0.848145 0.773926 -2.169434
-0.001382 0.001382 -0.999998
0 0 0 0
0.019165 0.006409
-0.048584 0.773926 -2.169434
1 -0.000977 0.000001
0 0 0 0
0.006042 0.768677
-0.048584 1.839355 -2.169434
1 -0.000977 0.000001
0 0 0 0
0.530945 0.768677
-0.048584 1.839355 -2.130859
1 -0.000977 0.000001
0 0 0 0
0.530945 0.748657
-0.048584 0.773926 -2.128174
1 -0.000977 0.000001
0 0 0 0
0.006104 0.748657
-0.848145 0.773926 -2.169434
-0.000977 -1 -0.000001
0 0 0 0
0.416077 0.748657
-0.048584 0.773926 -2.169434
-0.000977 -1 -0.000001
0 0 0 0
0.006042 0.748657
-0.048584 0.773926 -2.128174
-0.000977 -1 -0.000001
0 0 0 0
0.006042 0.768677
-0.848145 0.773926 -2.128174
-0.000977 -1 -0.000001
0 0 0 0
0.41626 0.768677
-0.848145 0.773926 -2.169434
-0.000977 -1 -0.000001
0 0 0 0
0.006042 0.768677
-0.848145 0.773926 -2.128174
-0.000977 -1 -0.000001
0 0 0 0
0.006042 0.748657
-0.866211 0.773926 -2.128174
-0.000977 -1 -0.000001
0 0 0 0
0.015015 0.748657
-0.866211 0.773926 -2.169434
-0.000977 -1 -0.000001
0 0 0 0
0.015015 0.768677
-1.665527 0.773926 -2.128174
-0.000977 -1 -0.000001
0 0 0 0
0.417786 0.748657
-1.665527 0.773926 -2.169434
-0.000977 -1 -0.000001
0 0 0 0
0.417786 0.768677
-1.665527 1.897461 -2.169189
0.001358 0.368004 -0.929823
0 0 0 0
0.006042 0.81012
-1.665527 1.955322 -2.169189
0.001382 0.001382 -0.999998
0 0 0 0
0.006042 0.781128
-0.866211 1.955322 -2.169189
0.001382 0.001382 -0.999998
0 0 0 0
0.405579 0.781128
-0.866211 1.897461 -2.169189
0.001358 0.368004 -0.929823
0 0 0 0
0.405579 0.81012
-1.665527 1.886963 -2.196289
0.00135 0.422449 -0.906386
0 0 0 0
0.006042 0.824585
-0.866211 1.886963 -2.196289
0.00135 0.422449 -0.906386
0 0 0 0
0.405579 0.824585
-0.866211 1.839355 -2.196289
-0.001337 -0.490752 -0.871298
0 0 0 0
0.405579 0.848389
-1.665527 1.839355 -2.196289
-0.001337 -0.490752 -0.871298
0 0 0 0
0.006042 0.848389
-1.665527 1.839355 -2.169434
-0.000977 -1 -0.000001
0 0 0 0
0.006042 0.861816
-0.866211 1.839355 -2.169434
-0.000977 -1 -0.000001
0 0 0 0
0.405579 0.861816
-0.866211 1.955322 -2.169189
0.000978 1 -0.000001
0 0 0 0
0.006042 0.748657
-1.665527 1.955322 -2.169189
0.000978 1 -0.000001
0 0 0 0
0.40863 0.748657
-1.665527 1.955322 -2.130859
0.000978 1 -0.000001
0 0 0 0
0.40863 0.768677
-0.866211 1.955322 -2.130859
0.000978 1 -0.000001
0 0 0 0
0.006042 0.768677
-0.866211 1.897461 -2.169189
1 -0.000977 -0.000001
0 0 0 0
0.447937 0.405212
-0.866211 1.955322 -2.169189
1 0.000978 -0.000001
0 0 0 0
0.447937 0.434204
-0.866211 1.955322 -2.130859
1 0.000978 -0.000001
0 0 0 0
0.466553 0.434204
-0.866211 1.894775 -2.131836
1 -0.000977 -0.000001
0 0 0 0
0.466553 0.405212
-0.866211 1.839355 -2.169434
1 -0.000977 -0.000001
0 0 0 0
0.447876 0.377502
-0.866211 1.886963 -2.196289
1 -0.000977 -0.000001
0 0 0 0
0.434692 0.400757
-0.866211 1.839355 -2.196289
1 -0.000977 -0.000001
0 0 0 0
0.434692 0.377502
-0.848145 1.839355 -2.169434
-0.001382 0.001382 -0.999998
0 0 0 0
0.006042 0.535339
-0.848145 0.773926 -2.169434
-0.001382 0.001382 -0.999998
0 0 0 0
0.006042 0.006409
-0.866211 0.773926 -2.169434
0.001382 0.001382 -0.999998
0 0 0 0
0.015198 0.006409
-0.866211 1.839355 -2.169434
0.001382 0.001382 -0.999998
0 0 0 0
0.015198 0.535339
-1.665527 1.839355 -2.169434
0.001382 0.001382 -0.999998
0 0 0 0
0.419739 0.535339
-1.665527 0.773926 -2.169434
0.001382 0.001382 -0.999998
0 0 0 0
0.419739 0.006409
-1.665527 0.773926 -2.169434
-1 0.000978 -0.000001
0 0 0 0
0.006104 0.768677
-1.665527 0.773926 -2.128174
-1 0.000978 -0.000001
0 0 0 0
0.006104 0.748657
-1.665527 1.839355 -2.130859
-1 0.000978 -0.000001
0 0 0 0
0.530945 0.748657
-1.665527 1.839355 -2.169434
-1 0.000978 -0.000001
0 0 0 0
0.530945 0.768677
-0.048584 1.955322 -2.169189
0.000978 1 -0.000001
0 0 0 0
0.128967 0.748657
-0.848145 1.955322 -2.169189
0.000978 1 -0.000001
0 0 0 0
0.530945 0.748657
-0.848145 1.955322 -2.130859
0.000978 1 -0.000001
0 0 0 0
0.530945 0.768677
-0.048584 1.955322 -2.130859
0.000978 1 -0.000001
0 0 0 0
0.128967 0.768677
-1.665527 1.839355 -2.169434
-1 0.000978 -0.000001
0 0 0 0
0.447876 0.377502
-1.665527 1.886963 -2.196289
-1 0.000978 -0.000001
0 0 0 0
0.434692 0.400757
-1.665527 1.839355 -2.196289
-1 0.000978 -0.000001
0 0 0 0
0.434692 0.377502
-1.665527 1.897461 -2.169189
-1 0.000978 -0.000001
0 0 0 0
0.447937 0.405212
-1.665527 1.839355 -2.130859
-1 0.000978 -0.000001
0 0 0 0
0.466553 0.377502
-1.665527 1.955322 -2.130859
-1 0.000978 -0.000001
0 0 0 0
0.466553 0.434204
-1.665527 1.955322 -2.169189
-1 0.000978 -0.000001
0 0 0 0
0.447937 0.434204
-0.848145 1.839355 -2.169434
0.001321 0.561605 -0.827405
0 0 0 0
0.447632 0.471924
-0.866211 1.839355 -2.169434
0.001321 0.561605 -0.827405
0 0 0 0
0.456787 0.471924
-0.866211 1.894775 -2.131836
0.001321 0.561605 -0.827405
0 0 0 0
0.456787 0.503113
-0.848145 1.894775 -2.131836
0.001321 0.561605 -0.827405
0 0 0 0
0.447632 0.503113
-1.876221 1.839355 -0.865967
-0.870818 -0.491606 -0.000345
0 0 0 0
0.405579 0.848389
-1.849365 1.839355 -1.665527
0.000978 -1 -0.000001
0 0 0 0
0.006042 0.861816
-1.849365 1.839355 -0.865967
0.000978 -1 -0.000001
0 0 0 0
0.405579 0.861816
-1.876221 1.839355 -1.665527
-0.870818 -0.491606 -0.000345
0 0 0 0
0.006042 0.848389
-1.876221 1.886963 -0.865967
-0.906033 0.423206 -0.000276
0 0 0 0
0.405579 0.824585
-1.876221 1.886963 -1.665527
-0.906033 0.423206 -0.000276
0 0 0 0
0.006042 0.824585
-1.849121 1.897461 -1.665527
-0.929618 0.368524 -0.000001
0 0 0 0
0.006042 0.81012
-1.849121 1.897461 -0.865967
-0.929618 0.368524 -0.000001
0 0 0 0
0.405579 0.81012
-1.849121 1.955322 -0.865967
-1 0.000978 -0.000001
0 0 0 0
0.405579 0.781128
-1.849121 1.955322 -1.665527
-1 0.000978 -0.000001
0 0 0 0
0.006042 0.781128
-1.876221 1.886963 -0.865967
-0.001382 0.001382 0.999998
0 0 0 0
0.434692 0.400757
-1.876221 1.839355 -0.865967
-0.001382 0.001382 0.999998
0 0 0 0
0.434692 0.377502
-1.849365 1.839355 -0.865967
-0.001382 0.001382 0.999998
0 0 0 0
0.447876 0.377502
-1.849121 1.897461 -0.865967
-0.001382 0.001382 0.999998
0 0 0 0
0.447937 0.405212
-1.811768 1.894775 -0.865967
0.001382 0.001382 0.999998
0 0 0 0
0.466553 0.405212
-1.810791 1.955322 -0.865967
0.001382 0.001382 0.999998
0 0 0 0
0.466553 0.434204
-1.849121 1.955322 -0.865967
0.001382 0.001382 0.999998
0 0 0 0
0.447937 0.434204
-1.849365 1.839355 -1.665527
-0.001382 -0.001382 -0.999998
0 0 0 0
0.447876 0.377502
-1.876221 1.839355 -1.665527
0.001382 0.001382 -0.999998
0 0 0 0
0.434692 0.377502
-1.876221 1.886963 -1.665527
0.001382 0.001382 -0.999998
0 0 0 0
0.434692 0.400757
-1.849121 1.897461 -1.665527
0.001382 0.001382 -0.999998
0 0 0 0
0.447937 0.405212
1.426514 4.318848 0.000488
-0.073403 0.997299 -0.00243
0 0 0 0
0.516785 0.606018
1.318359 4.300537 -0.760742
0.661086 -0.64499 -0.383346
0 0 0 0
0.576965 0.206238
1.287354 4.284424 -0.74292
0.865392 -0.041893 -0.499341
0 0 0 0
0.596497 0.206238
1.316406 4.243408 -0.759766
0.381303 0.897628 -0.221073
0 0 0 0
0.622925 0.206238
1.245361 4.243408 -0.871582
0.359922 0.898165 -0.252498
0 0 0 0
0.622925 0.139648
1.217773 4.284424 -0.852295
0.817926 -0.04292 -0.57372
0 0 0 0
0.596497 0.139648
-1.613525 4.201172 0.141113
-0.996128 0.00102 0.087909
0 0 0 0
-0.317932 0.539185
-1.619385 4.217041 -0.000488
-0.39769 0.91752 0.000804
0 0 0 0
-0.325806 0.606018
-1.619385 4.201172 -0.000488
-1 0.000978 0.000001
0 0 0 0
-0.317932 0.606018
-1.613525 4.217041 0.141113
-0.396571 0.917381 0.033825
0 0 0 0
-0.325806 0.539185
-1.594971 4.201172 0.28125
-0.984509 0.00106 0.175329
0 0 0 0
-0.317932 0.472595
-1.594971 4.217041 0.28125
-0.39083 0.917996 0.067345
0 0 0 0
-0.325806 0.472595
-1.564453 4.201172 0.419189
-0.966052 0.001097 0.258346
0 0 0 0
-0.317932 0.406006
-1.564453 4.217041 0.419189
-0.383289 0.917634 0.105062
0 0 0 0
-0.325806 0.406006
-1.521973 4.201172 0.553711
-0.93922 0.001133 0.343313
0 0 0 0
-0.317932 0.339417
-1.521973 4.217041 0.553711
-0.373899 0.917563 0.135196
0 0 0 0
-0.325806 0.339417
-1.468018 4.201172 0.684326
-0.906077 0.001166 0.423112
0 0 0 0
-0.317932 0.272827
-1.468018 4.217041 0.684326
-0.360139 0.917774 0.167303
0 0 0 0
-0.325806 0.272827
-1.402588 4.201172 0.80957
-0.865729 0.001197 0.500511
0 0 0 0
-0.317932 0.206238
-1.402588 4.217041 0.80957
-0.343696 0.917592 0.199745
0 0 0 0
-0.325806 0.206238
-1.326904 4.201172 0.928711
-0.820018 0.001226 0.572337
0 0 0 0
-0.317932 0.139648
-1.326904 4.217041 0.928711
-0.326043 0.91747 0.227914
0 0 0 0
-0.325806 0.139648
-1.240967 4.217041 1.040771
-0.303611 0.917408 0.257261
0 0 0 0
-0.325806 0.072998
-1.240967 4.201172 1.040771
-0.765633 0.001253 0.643276
0 0 0 0
-0.317932 0.072998
-1.145264 4.201172 1.144775
-0.706425 0.001277 0.707786
0 0 0 0
-0.317932 0.006409
-1.145264 4.217041 1.144775
-0.280036 0.91759 0.282151
0 0 0 0
-0.325806 0.006409
-1.164551 4.243408 0.976807
-0.337657 0.897835 0.282632
0 0 0 0
-0.377075 0.072998
-1.245361 4.243408 0.871582
-0.359922 0.898165 0.252498
0 0 0 0
-0.377075 0.139648
-1.138916 4.284424 0.955078
-0.765391 -0.041339 0.642236
0 0 0 0
-0.403503 0.072998
-1.217773 4.284424 0.852295
-0.817926 -0.04292 0.57372
0 0 0 0
-0.403503 0.139648
-1.16626 4.300537 0.978027
-0.585861 -0.645521 0.489969
0 0 0 0
-0.423035 0.072998
-1.076416 4.300537 1.075928
-0.540052 -0.644422 0.541354
0 0 0 0
-0.423035 0.006409
-1.076416 4.325684 1.075928
-0.143183 0.979292 0.143131
0 0 0 0
-0.435547 0.006409
-1.16626 4.325684 0.978027
-0.154765 0.979484 0.129073
0 0 0 0
-0.435547 0.072998
-1.24707 4.300537 0.872803
-0.624881 -0.645984 0.438439
0 0 0 0
-0.423035 0.139648
-1.287354 4.284424 0.74292
-0.865392 -0.041893 0.499341
0 0 0 0
-0.403503 0.206238
-1.318359 4.300537 0.760742
-0.661086 -0.64499 0.383346
0 0 0 0
-0.423035 0.206238
-1.318359 4.325684 0.760742
-0.175361 0.979353 0.100583
0 0 0 0
-0.435547 0.206238
-1.379639 4.325684 0.643066
-0.184402 0.979061 0.086235
0 0 0 0
-0.435547 0.272827
-1.379639 4.300537 0.643066
-0.691965 -0.644709 0.32486
0 0 0 0
-0.423035 0.272827
-1.347168 4.284424 0.62793
-0.90566 -0.043127 0.421805
0 0 0 0
-0.403503 0.272827
-1.316406 4.243408 0.759766
-0.381303 0.897628 0.221073
0 0 0 0
-0.377075 0.206238
-1.377686 4.243408 0.642334
-0.399303 0.897634 0.186574
0 0 0 0
-0.377075 0.272827
-1.428467 4.243408 0.519775
-0.413908 0.898023 0.149117
0 0 0 0
-0.377075 0.339417
-1.468262 4.243408 0.393311
-0.423981 0.898509 0.113678
0 0 0 0
-0.377075 0.406006
-1.396729 4.284424 0.508301
-0.938763 -0.041899 0.342006
0 0 0 0
-0.403503 0.339417
-1.43042 4.300537 0.520508
-0.717449 -0.644935 0.2633
0 0 0 0
-0.423035 0.339417
-1.43042 4.325684 0.520508
-0.190987 0.979189 0.068653
0 0 0 0
-0.435547 0.339417
-1.470215 4.300537 0.393799
-0.737467 -0.645418 0.198942
0 0 0 0
-0.423035 0.406006
-1.470215 4.325684 0.393799
-0.19547 0.979353 0.051575
0 0 0 0
-0.435547 0.406006
-1.34082 4.318848 0.487793
0.068336 0.997311 -0.026487
0 0 0 0
-0.483215 0.339417
-1.378174 4.318848 0.369141
0.070043 0.997372 -0.018506
0 0 0 0
-0.483215 0.406006
-1.405029 4.318848 0.247803
0.071869 0.997311 -0.014363
0 0 0 0
-0.483215 0.472595
-1.499023 4.325684 0.264404
-0.199823 0.979231 0.034307
0 0 0 0
-0.435547 0.472595
-1.421387 4.318848 0.124512
0.073545 0.997272 -0.006321
0 0 0 0
-0.483215 0.539185
-1.516357 4.325684 0.132812
-0.20215 0.979196 0.017634
0 0 0 0
-0.435547 0.539185
-1.499023 4.300537 0.264404
-0.75195 -0.645866 0.132016
0 0 0 0
-0.423035 0.472595
-1.516357 4.300537 0.132812
-0.761688 -0.64466 0.065152
0 0 0 0
-0.423035 0.539185
-1.463867 4.284424 0.258057
-0.983901 -0.041305 0.173877
0 0 0 0
-0.403503 0.472595
-1.480713 4.284424 0.129639
-0.995393 -0.041772 0.086303
0 0 0 0
-0.403503 0.539185
-1.521973 4.300537 -0.000488
-0.763312 -0.64603 0.000337
0 0 0 0
-0.423035 0.606018
-1.521973 4.325684 -0.000488
-0.202508 0.979279 -0.001604
0 0 0 0
-0.435547 0.606018
-1.426514 4.318848 -0.000488
0.073403 0.997299 0.00243
0 0 0 0
-0.483215 0.606018
-1.486328 4.284424 -0.000488
-0.999112 -0.042078 -0.002139
0 0 0 0
-0.403503 0.606018
-1.519775 4.243408 -0.000488
-0.441332 0.897342 -0.002139
0 0 0 0
-0.377075 0.606018
-1.51416 4.243408 0.132568
-0.437658 0.898245 0.040139
0 0 0 0
-0.377075 0.539185
-1.49707 4.243408 0.263916
-0.433247 0.897948 0.077375
0 0 0 0
-0.377075 0.472595
-1.435791 4.284424 0.384766
-0.965494 -0.04274 0.256894
0 0 0 0
-0.403503 0.406006
-1.293213 4.318848 0.602783
0.066488 0.997318 -0.030592
0 0 0 0
-0.483215 0.272827
-1.23584 4.318848 0.713135
0.06265 0.997424 -0.034926
0 0 0 0
-0.483215 0.206238
-1.24707 4.325684 0.872803
-0.166159 0.979409 0.114671
0 0 0 0
-0.435547 0.139648
-1.168945 4.318848 0.818115
0.060892 0.997226 -0.042815
0 0 0 0
-0.483215 0.139648
-1.093262 4.318848 0.916748
0.057015 0.997263 -0.04708
0 0 0 0
-0.483215 0.072998
-1.009033 4.318848 1.008545
0.051121 0.997363 -0.051506
0 0 0 0
-0.483215 0.006409
-1.074951 4.243408 1.074463
-0.312089 0.898233 0.309479
0 0 0 0
-0.377075 0.006409
-1.05127 4.284424 1.050537
-0.70621 -0.042143 0.706747
0 0 0 0
-0.403503 0.006409
-0.141113 4.201172 -1.613525
-0.08701 0.001381 -0.996207
0 0 0 0
-0.317932 0.539185
0.000488 4.217041 -1.619385
0.001155 0.918218 -0.396074
0 0 0 0
-0.325806 0.606018
0.000488 4.201172 -1.619385
0.001382 0.001382 -0.999998
0 0 0 0
-0.317932 0.606018
-0.141357 4.217041 -1.613525
-0.033485 0.917954 -0.395271
0 0 0 0
-0.325806 0.539185
-0.28125 4.201172 -1.594971
-0.174889 0.001377 -0.984587
0 0 0 0
-0.317932 0.472595
-0.28125 4.217041 -1.594971
-0.068063 0.917124 -0.392749
0 0 0 0
-0.325806 0.472595
-0.419189 4.201172 -1.564453
-0.259038 0.001371 -0.965866
0 0 0 0
-0.317932 0.406006
-0.419189 4.217041 -1.564453
-0.10229 0.918312 -0.382414
0 0 0 0
-0.325806 0.406006
-0.553711 4.201172 -1.521973
-0.341725 0.001361 -0.939799
0 0 0 0
-0.317932 0.339417
-0.553711 4.217041 -1.521973
-0.136323 0.917602 -0.373393
0 0 0 0
-0.325806 0.339417
-0.684326 4.201172 -1.468018
-0.422449 0.00135 -0.906386
0 0 0 0
-0.317932 0.272827
-0.684326 4.217041 -1.468018
-0.167584 0.917723 -0.360138
0 0 0 0
-0.325806 0.272827
-0.80957 4.201172 -1.402588
-0.500689 0.001335 -0.865626
0 0 0 0
-0.317932 0.206238
-0.80957 4.217041 -1.402588
-0.198418 0.917257 -0.345354
0 0 0 0
-0.325806 0.206238
-0.928711 4.201172 -1.326904
-0.573525 0.001318 -0.819187
0 0 0 0
-0.317932 0.139648
-0.928711 4.217041 -1.326904
-0.228497 0.917365 -0.32593
0 0 0 0
-0.325806 0.139648
-1.040771 4.201172 -1.240967
-0.642997 0.001299 -0.765868
0 0 0 0
-0.317932 0.072998
-1.040771 4.217041 -1.240967
-0.255492 0.918211 -0.302676
0 0 0 0
-0.325806 0.072998
-1.144775 4.201172 -1.145264
-0.706425 -0.001277 -0.707786
0 0 0 0
-0.317932 0.006409
-1.144775 4.217041 -1.145264
-0.280036 0.91759 -0.282151
0 0 0 0
-0.325806 0.006409
-0.976807 4.243408 -1.164551
-0.283584 0.898203 -0.335875
0 0 0 0
-0.377075 0.072998
-0.871582 4.243408 -1.245361
-0.252072 0.897651 -0.361499
0 0 0 0
-0.377075 0.139648
-0.955078 4.284424 -1.138916
-0.642807 -0.042854 -0.764828
0 0 0 0
-0.403503 0.072998
-0.852295 4.284424 -1.217773
-0.57338 -0.040862 -0.81827
0 0 0 0
-0.403503 0.139648
-0.978027 4.300537 -1.16626
-0.490958 -0.645997 -0.584507
0 0 0 0
-0.423035 0.072998
-1.075928 4.300537 -1.076416
-0.540052 -0.644422 -0.541354
0 0 0 0
-0.423035 0.006409
-1.075928 4.325684 -1.076416
-0.143183 0.979292 -0.143131
0 0 0 0
-0.435547 0.006409
-0.978027 4.325684 -1.16626
-0.131221 0.979431 -0.153283
0 0 0 0
-0.435547 0.072998
-0.872803 4.300537 -1.24707
-0.437631 -0.644602 -0.626871
0 0 0 0
-0.423035 0.139648
-0.74292 4.284424 -1.287354
-0.500566 -0.04138 -0.864709
0 0 0 0
-0.403503 0.206238
-0.760742 4.300537 -1.318359
-0.381704 -0.646251 -0.660804
0 0 0 0
-0.423035 0.206238
-0.760742 4.325684 -1.318359
-0.100762 0.978981 -0.177324
0 0 0 0
-0.435547 0.206238
-0.643066 4.325684 -1.379639
-0.086127 0.979295 -0.183203
0 0 0 0
-0.435547 0.272827
-0.643066 4.300537 -1.379639
-0.321811 -0.644894 -0.693216
0 0 0 0
-0.423035 0.272827
-0.62793 4.284424 -1.347168
-0.422347 -0.04183 -0.905468
0 0 0 0
-0.403503 0.272827
-0.759766 4.243408 -1.316406
-0.219512 0.897587 -0.382299
0 0 0 0
-0.377075 0.206238
-0.642334 4.243408 -1.377686
-0.186105 0.898157 -0.398344
0 0 0 0
-0.377075 0.272827
-0.519775 4.243408 -1.428467
-0.149902 0.898247 -0.413136
0 0 0 0
-0.377075 0.339417
-0.393311 4.243408 -1.468262
-0.113226 0.897638 -0.42594
0 0 0 0
-0.377075 0.406006
-0.508301 4.284424 -1.396729
-0.341644 -0.042195 -0.938882
0 0 0 0
-0.403503 0.339417
-0.384766 4.284424 -1.435791
-0.258977 -0.042478 -0.964949
0 0 0 0
-0.403503 0.406006
-0.520508 4.300537 -1.43042
-0.26016 -0.644634 -0.718863
0 0 0 0
-0.423035 0.339417
-0.520508 4.325684 -1.43042
-0.069282 0.979539 -0.188951
0 0 0 0
-0.435547 0.339417
-0.487793 4.318848 -1.34082
0.025262 0.997328 0.068546
0 0 0 0
-0.483215 0.339417
-0.602783 4.318848 -1.293213
0.03132 0.997178 0.068225
0 0 0 0
-0.483215 0.272827
-0.713135 4.318848 -1.23584
0.037309 0.997249 0.064058
0 0 0 0
-0.483215 0.206238
-0.872803 4.325684 -1.24707
-0.11722 0.978946 -0.167104
0 0 0 0
-0.435547 0.139648
-0.818115 4.318848 -1.168945
0.041263 0.997347 0.059976
0 0 0 0
-0.483215 0.139648
-0.916748 4.318848 -1.093262
0.047205 0.997332 0.05568
0 0 0 0
-0.483215 0.072998
-1.008545 4.318848 -1.009033
0.051121 0.997363 0.051506
0 0 0 0
-0.483215 0.006409
-0.393799 4.325684 -1.470215
-0.052343 0.979564 -0.194203
0 0 0 0
-0.435547 0.406006
-0.369141 4.318848 -1.378174
0.019235 0.997178 0.072566
0 0 0 0
-0.483215 0.406006
-0.247803 4.318848 -1.405029
0.013162 0.997263 0.07275
0 0 0 0
-0.483215 0.472595
-0.264404 4.325684 -1.499023
-0.035322 0.979371 -0.198958
0 0 0 0
-0.435547 0.472595
-0.124512 4.318848 -1.421387
0.007088 0.997317 0.072865
0 0 0 0
-0.483215 0.539185
-0.132812 4.325684 -1.516357
-0.018228 0.978964 -0.203216
0 0 0 0
-0.435547 0.539185
-0.264404 4.300537 -1.499023
-0.133266 -0.64563 -0.751932
0 0 0 0
-0.423035 0.472595
-0.132812 4.300537 -1.516357
-0.066166 -0.644793 -0.761488
0 0 0 0
-0.423035 0.539185
-0.258057 4.284424 -1.463867
-0.174849 -0.04268 -0.98367
0 0 0 0
-0.403503 0.472595
-0.129639 4.284424 -1.480713
-0.08699 -0.042804 -0.995289
0 0 0 0
-0.403503 0.539185
0.000488 4.300537 -1.521973
0.001298 -0.645248 -0.763972
0 0 0 0
-0.423035 0.606018
0.000488 4.325684 -1.521973
0.001072 0.979076 -0.203491
0 0 0 0
-0.435547 0.606018
0.000488 4.318848 -1.426514
-0.001013 0.997338 0.07291
0 0 0 0
-0.483215 0.606018
0.000488 4.284424 -1.486328
0.001382 -0.042845 -0.999081
0 0 0 0
-0.403503 0.606018
0.000488 4.243408 -1.519775
0.001173 0.897608 -0.440793
0 0 0 0
-0.377075 0.606018
-0.132568 4.243408 -1.51416
-0.038667 0.898715 -0.436826
0 0 0 0
-0.377075 0.539185
-0.263916 4.243408 -1.49707
-0.076083 0.897777 -0.433829
0 0 0 0
-0.377075 0.472595
-0.393799 4.300537 -1.470215
-0.197158 -0.645596 -0.73779
0 0 0 0
-0.423035 0.406006
-1.074463 4.243408 -1.074951
-0.309977 0.898598 -0.310542
0 0 0 0
-0.377075 0.006409
-1.050537 4.284424 -1.05127
-0.70621 -0.042143 -0.706747
0 0 0 0
-0.403503 0.006409
-1.46875 4.307617 0.000732
0.000978 1 0.000001
0 0 0 0
-0.045898 0.986572
-1.440186 4.307617 0.287354
-0.000977 1 0.000001
0 0 0 0
-0.059998 0.843323
0 4.307617 0
0.000978 1 -0.000001
0 0 0 0
-0.780212 0.986572
-1.356445 4.307617 0.562744
0.000978 1 -0.000001
0 0 0 0
-0.101746 0.705566
0.561279 4.307617 -1.357178
-0.000977 1 0.000001
0 0 0 0
-0.045898 0.986572
0.285645 4.307617 -1.440674
-0.000977 1 0.000001
0 0 0 0
-0.059998 0.843323
-0.000732 4.307617 -1.46875
0.000978 1 -0.000001
0 0 0 0
-0.101746 0.705566
0.562744 4.307617 1.356445
0.000978 1 -0.000001
0 0 0 0
-0.045898 0.986572
0.81665 4.307617 1.220703
0.000978 1 -0.000001
0 0 0 0
-0.059998 0.843323
1.039062 4.307617 1.037842
-0.000977 1 -0.000001
0 0 0 0
-0.101746 0.705566
0.000732 4.307617 1.46875
0.000978 1 -0.000001
0 0 0 0
-0.045898 0.986572
0.287354 4.307617 1.440186
0.000978 1 -0.000001
0 0 0 0
-0.059998 0.843323
0.562744 4.307617 1.356445
0.000978 1 -0.000001
0 0 0 0
-0.101746 0.705566
-1.039062 4.307617 -1.037842
0.000978 1 -0.000001
0 0 0 0
-0.045898 0.986572
-1.22168 4.307617 -0.815186
0.000978 1 0.000001
0 0 0 0
-0.059998 0.843323
-1.357178 4.307617 -0.561279
0.000978 1 0.000001
0 0 0 0
-0.101746 0.705566
-1.357178 4.307617 -0.561279
0.000978 1 0.000001
0 0 0 0
-0.045898 0.986572
-1.440674 4.307617 -0.285645
0.000978 1 -0.000001
0 0 0 0
-0.059998 0.843323
-1.46875 4.307617 0.000732
0.000978 1 0.000001
0 0 0 0
-0.101746 0.705566
-0.561279 4.307617 1.357178
0.000978 1 -0.000001
0 0 0 0
-0.045898 0.986572
-0.285645 4.307617 1.440674
0.000978 1 -0.000001
0 0 0 0
-0.059998 0.843323
-1.810791 1.839355 -1.665527
-0.001382 -0.001382 -0.999998
0 0 0 0
0.466553 0.377502
-1.810791 1.955322 -1.665527
0.001382 0.001382 -0.999998
0 0 0 0
0.466553 0.434204
-1.849121 1.955322 -1.665527
0.001382 0.001382 -0.999998
0 0 0 0
0.447937 0.434204
-1.849365 1.839355 -0.865967
-1 0.000978 -0.000001
0 0 0 0
0.019165 0.535339
-1.849365 1.839355 -1.665527
-1 0.000978 -0.000001
0 0 0 0
0.419861 0.535339
-1.849365 0.773926 -1.665527
-1 0.000978 -0.000001
0 0 0 0
0.419861 0.006409
-1.849365 0.773926 -0.865967
-1 0.000978 -0.000001
0 0 0 0
0.019165 0.006409
-1.849365 0.773926 -1.665527
-0.001382 -0.001382 -0.999998
0 0 0 0
0.006042 0.768677
-1.849365 1.839355 -1.665527
-0.001382 -0.001382 -0.999998
0 0 0 0
0.530945 0.768677
-1.810791 1.839355 -1.665527
-0.001382 -0.001382 -0.999998
0 0 0 0
0.530945 0.748657
-1.808105 0.773926 -1.665527
-0.001382 -0.001382 -0.999998
0 0 0 0
0.006104 0.748657
-1.849365 0.773926 -0.865967
0.000978 -1 -0.000001
0 0 0 0
0.416077 0.748657
-1.849365 0.773926 -1.665527
0.000978 -1 -0.000001
0 0 0 0
0.006042 0.748657
-1.808105 0.773926 -1.665527
0.000978 -1 -0.000001
0 0 0 0
0.006042 0.768677
-1.808105 0.773926 -0.865967
0.000978 -1 -0.000001
0 0 0 0
0.41626 0.768677
-1.849365 0.773926 -0.865967
0.000978 -1 -0.000001
0 0 0 0
0.006042 0.768677
-1.808105 0.773926 -0.865967
0.000978 -1 -0.000001
0 0 0 0
0.006042 0.748657
-1.808105 0.773926 -0.8479
0.000978 -1 -0.000001
0 0 0 0
0.015015 0.748657
-1.849365 0.773926 -0.8479
0.000978 -1 -0.000001
0 0 0 0
0.015015 0.768677
-1.808105 0.773926 -0.048584
0.000978 -1 -0.000001
0 0 0 0
0.417786 0.748657
-1.849365 0.773926 -0.048584
0.000978 -1 -0.000001
0 0 0 0
0.417786 0.768677
-1.849121 1.955322 -0.048584
-1 -0.000977 -0.000001
0 0 0 0
0.006042 0.781128
-1.849121 1.955322 -0.8479
-1 -0.000977 -0.000001
0 0 0 0
0.405579 0.781128
-1.849121 1.897461 -0.8479
-0.929618 0.368524 0.000001
0 0 0 0
0.405579 0.81012
-1.849121 1.897461 -0.048584
-0.929618 0.368524 0.000001
0 0 0 0
0.006042 0.81012
-1.876221 1.886963 -0.8479
-0.906033 0.423206 0.000276
0 0 0 0
0.405579 0.824585
-1.876221 1.886963 -0.048584
-0.906033 0.423206 0.000276
0 0 0 0
0.006042 0.824585
-1.876221 1.839355 -0.8479
-0.870818 -0.491606 -0.000345
0 0 0 0
0.405579 0.848389
-1.876221 1.839355 -0.048584
-0.870818 -0.491606 -0.000345
0 0 0 0
0.006042 0.848389
-1.849365 1.839355 -0.048584
0.000978 -1 -0.000001
0 0 0 0
0.006042 0.861816
-1.849365 1.839355 -0.8479
0.000978 -1 -0.000001
0 0 0 0
0.405579 0.861816
-1.849121 1.955322 -0.048584
0.000978 1 0.000001
0 0 0 0
0.40863 0.748657
-1.810791 1.955322 -0.8479
0.000978 1 0.000001
0 0 0 0
0.006042 0.768677
-1.849121 1.955322 -0.8479
0.000978 1 0.000001
0 0 0 0
0.006042 0.748657
-1.810791 1.955322 -0.048584
0.000978 1 0.000001
0 0 0 0
0.40863 0.768677
-1.849121 1.897461 -0.8479
-0.001382 -0.001382 -0.999998
0 0 0 0
0.447937 0.405212
-1.849121 1.955322 -0.8479
-0.001382 -0.001382 -0.999998
0 0 0 0
0.447937 0.434204
-1.810791 1.955322 -0.8479
-0.001382 -0.001382 -0.999998
0 0 0 0
0.466553 0.434204
-1.811768 1.894775 -0.8479
-0.001382 -0.001382 -0.999998
0 0 0 0
0.466553 0.405212
-1.849365 1.839355 -0.8479
0.001382 0.001382 -0.999998
0 0 0 0
0.447876 0.377502
-1.876221 1.886963 -0.8479
0.001382 0.001382 -0.999998
0 0 0 0
0.434692 0.400757
-1.876221 1.839355 -0.8479
0.001382 0.001382 -0.999998
0 0 0 0
0.434692 0.377502
-1.849365 1.839355 -0.865967
-1 0.000978 -0.000001
0 0 0 0
0.006042 0.535339
-1.849365 0.773926 -0.865967
-1 0.000978 -0.000001
0 0 0 0
0.006042 0.006409
-1.849365 0.773926 -0.8479
-1 0.000978 -0.000001
0 0 0 0
0.015198 0.006409
-1.849365 1.839355 -0.8479
-1 0.000978 -0.000001
0 0 0 0
0.015198 0.535339
-1.849365 0.773926 -0.048584
-1 0.000978 -0.000001
0 0 0 0
0.419739 0.006409
-1.849365 1.839355 -0.048584
-1 0.000978 -0.000001
0 0 0 0
0.419739 0.535339
-1.849365 0.773926 -0.048584
0.001382 0.001382 0.999998
0 0 0 0
0.006104 0.768677
-1.808105 0.773926 -0.048584
0.001382 0.001382 0.999998
0 0 0 0
0.006104 0.748657
-1.810791 1.839355 -0.048584
0.001382 0.001382 0.999998
0 0 0 0
0.530945 0.748657
-1.849365 1.839355 -0.048584
0.001382 0.001382 0.999998
0 0 0 0
0.530945 0.768677
-1.849121 1.955322 -1.665527
0.000978 1 -0.000001
0 0 0 0
0.128967 0.748657
-1.849121 1.955322 -0.865967
0.000978 1 -0.000001
0 0 0 0
0.530945 0.748657
-1.810791 1.955322 -0.865967
0.000978 1 -0.000001
0 0 0 0
0.530945 0.768677
-1.810791 1.955322 -1.665527
0.000978 1 -0.000001
0 0 0 0
0.128967 0.768677
-1.849365 1.839355 -0.048584
0.001382 0.001382 0.999998
0 0 0 0
0.447876 0.377502
-1.876221 1.886963 -0.048584
-0.001382 0.001382 0.999998
0 0 0 0
0.434692 0.400757
-1.876221 1.839355 -0.048584
-0.001382 0.001382 0.999998
0 0 0 0
0.434692 0.377502
-1.849121 1.897461 -0.048584
0.001382 0.001382 0.999998
0 0 0 0
0.447937 0.405212
-1.810791 1.839355 -0.048584
0.001382 0.001382 0.999998
0 0 0 0
0.466553 0.377502
-1.810791 1.955322 -0.048584
0.001382 0.001382 0.999998
0 0 0 0
0.466553 0.434204
-1.849121 1.955322 -0.048584
0.001382 0.001382 0.999998
0 0 0 0
0.447937 0.434204
-1.849365 1.839355 -0.865967
-0.826743 0.562577 0.001795
0 0 0 0
0.447632 0.471924
-1.849365 1.839355 -0.8479
-0.826743 0.562577 0.001795
0 0 0 0
0.456787 0.471924
-1.811768 1.894775 -0.8479
-0.826743 0.562577 0.001795
0 0 0 0
0.456787 0.503113
-1.811768 1.894775 -0.865967
-0.826743 0.562577 0.001795
0 0 0 0
0.447632 0.503113
0.848145 1.839355 2.196289
0.001337 -0.490752 0.871298
0 0 0 0
0.405579 0.848389
0.048584 1.839355 2.169434
0.000978 -1 -0.000001
0 0 0 0
0.006042 0.861816
0.848145 1.839355 2.169434
0.000978 -1 -0.000001
0 0 0 0
0.405579 0.861816
0.048584 1.839355 2.196289
0.001337 -0.490752 0.871298
0 0 0 0
0.006042 0.848389
0.048584 1.886963 2.196289
-0.00135 0.422449 0.906386
0 0 0 0
0.006042 0.824585
0.848145 1.886963 2.196289
-0.00135 0.422449 0.906386
0 0 0 0
0.405579 0.824585
0.048584 1.897461 2.169189
0.001358 0.368004 0.929823
0 0 0 0
0.006042 0.81012
0.848145 1.897461 2.169189
0.001358 0.368004 0.929823
0 0 0 0
0.405579 0.81012
0.048584 1.955322 2.169189
0.001382 0.001382 0.999998
0 0 0 0
0.006042 0.781128
0.848145 1.955322 2.169189
0.001382 0.001382 0.999998
0 0 0 0
0.405579 0.781128
0.848145 1.886963 2.196289
1 0.000978 -0.000001
0 0 0 0
0.434692 0.400757
0.848145 1.839355 2.196289
1 0.000978 -0.000001
0 0 0 0
0.434692 0.377502
0.848145 1.839355 2.169434
1 -0.000977 -0.000001
0 0 0 0
0.447876 0.377502
0.848145 1.897461 2.169189
1 -0.000977 -0.000001
0 0 0 0
0.447937 0.405212
0.848145 1.894775 2.131836
1 -0.000977 -0.000001
0 0 0 0
0.466553 0.405212
0.848145 1.955322 2.130859
1 0.000978 -0.000001
0 0 0 0
0.466553 0.434204
0.848145 1.955322 2.169189
1 0.000978 -0.000001
0 0 0 0
0.447937 0.434204
0.048584 1.839355 2.169434
-1 -0.000977 -0.000001
0 0 0 0
0.447876 0.377502
0.048584 1.839355 2.196289
-1 -0.000977 -0.000001
0 0 0 0
0.434692 0.377502
0.048584 1.886963 2.196289
-1 -0.000977 -0.000001
0 0 0 0
0.434692 0.400757
0.048584 1.897461 2.169189
-1 0.000978 0.000001
0 0 0 0
0.447937 0.405212
0.048584 1.839355 2.130859
-1 -0.000977 -0.000001
0 0 0 0
0.466553 0.377502
0.048584 1.955322 2.130859
-1 0.000978 0.000001
0 0 0 0
0.466553 0.434204
0.048584 1.955322 2.169189
-1 0.000978 0.000001
0 0 0 0
0.447937 0.434204
0.848145 1.839355 2.169434
0.001382 -0.001382 0.999998
0 0 0 0
0.019165 0.535339
0.048584 1.839355 2.169434
0.001382 -0.001382 0.999998
0 0 0 0
0.419861 0.535339
0.048584 0.773926 2.169434
0.001382 -0.001382 0.999998
0 0 0 0
0.419861 0.006409
0.848145 0.773926 2.169434
0.001382 -0.001382 0.999998
0 0 0 0
0.019165 0.006409
0.048584 0.773926 2.169434
-1 -0.000977 -0.000001
0 0 0 0
0.006042 0.768677
0.048584 1.839355 2.169434
-1 -0.000977 -0.000001
0 0 0 0
0.530945 0.768677
0.048584 1.839355 2.130859
-1 -0.000977 -0.000001
0 0 0 0
0.530945 0.748657
0.048584 0.773926 2.128174
-1 -0.000977 -0.000001
0 0 0 0
0.006104 0.748657
0.848145 0.773926 2.169434
0.000978 -1 0.000001
0 0 0 0
0.416077 0.748657
0.048584 0.773926 2.169434
0.000978 -1 0.000001
0 0 0 0
0.006042 0.748657
0.048584 0.773926 2.128174
0.000978 -1 0.000001
0 0 0 0
0.006042 0.768677
0.848145 0.773926 2.128174
0.000978 -1 0.000001
0 0 0 0
0.41626 0.768677
0.848145 0.773926 2.169434
0.000978 -1 0.000001
0 0 0 0
0.006042 0.768677
0.848145 0.773926 2.128174
0.000978 -1 0.000001
0 0 0 0
0.006042 0.748657
0.866211 0.773926 2.128174
0.000978 -1 -0.000001
0 0 0 0
0.015015 0.748657
0.866211 0.773926 2.169434
0.000978 -1 -0.000001
0 0 0 0
0.015015 0.768677
1.665527 0.773926 2.128174
0.000978 -1 -0.000001
0 0 0 0
0.417786 0.748657
1.665527 0.773926 2.169434
0.000978 -1 -0.000001
0 0 0 0
0.417786 0.768677
1.665527 1.897461 2.169189
-0.001358 0.368004 0.929823
0 0 0 0
0.006042 0.81012
1.665527 1.955322 2.169189
0.001382 0.001382 0.999998
0 0 0 0
0.006042 0.781128
0.866211 1.955322 2.169189
0.001382 0.001382 0.999998
0 0 0 0
0.405579 0.781128
0.866211 1.897461 2.169189
-0.001358 0.368004 0.929823
0 0 0 0
0.405579 0.81012
1.665527 1.886963 2.196289
-0.00135 0.422449 0.906386
0 0 0 0
0.006042 0.824585
0.866211 1.886963 2.196289
-0.00135 0.422449 0.906386
0 0 0 0
0.405579 0.824585
0.866211 1.839355 2.196289
0.001337 -0.490752 0.871298
0 0 0 0
0.405579 0.848389
1.665527 1.839355 2.196289
0.001337 -0.490752 0.871298
0 0 0 0
0.006042 0.848389
1.665527 1.839355 2.169434
0.000978 -1 -0.000001
0 0 0 0
0.006042 0.861816
0.866211 1.839355 2.169434
0.000978 -1 -0.000001
0 0 0 0
0.405579 0.861816
0.866211 1.955322 2.169189
-0.000977 1 0.000001
0 0 0 0
0.006042 0.748657
1.665527 1.955322 2.169189
-0.000977 1 0.000001
0 0 0 0
0.40863 0.748657
1.665527 1.955322 2.130859
-0.000977 1 0.000001
0 0 0 0
0.40863 0.768677
0.866211 1.955322 2.130859
-0.000977 1 0.000001
0 0 0 0
0.006042 0.768677
0.866211 1.897461 2.169189
-1 -0.000977 0.000001
0 0 0 0
0.447937 0.405212
0.866211 1.955322 2.169189
-1 0.000978 -0.000001
0 0 0 0
0.447937 0.434204
0.866211 1.955322 2.130859
-1 0.000978 -0.000001
0 0 0 0
0.466553 0.434204
0.866211 1.894775 2.131836
-1 -0.000977 -0.000001
0 0 0 0
0.466553 0.405212
0.866211 1.839355 2.169434
-1 -0.000977 0.000001
0 0 0 0
0.447876 0.377502
0.866211 1.886963 2.196289
-1 -0.000977 0.000001
0 0 0 0
0.434692 0.400757
0.866211 1.839355 2.196289
-1 -0.000977 0.000001
0 0 0 0
0.434692 0.377502
0.848145 1.839355 2.169434
0.001382 -0.001382 0.999998
0 0 0 0
0.006042 0.535339
0.848145 0.773926 2.169434
0.001382 -0.001382 0.999998
0 0 0 0
0.006042 0.006409
0.866211 0.773926 2.169434
0.001382 -0.001382 0.999998
0 0 0 0
0.015198 0.006409
0.866211 1.839355 2.169434
0.001382 -0.001382 0.999998
0 0 0 0
0.015198 0.535339
1.665527 0.773926 2.169434
0.001382 -0.001382 0.999998
0 0 0 0
0.419739 0.006409
1.665527 1.839355 2.169434
0.001382 -0.001382 0.999998
0 0 0 0
0.419739 0.535339
1.665527 0.773926 2.169434
1 0.000978 -0.000001
0 0 0 0
0.006104 0.768677
1.665527 0.773926 2.128174
1 0.000978 -0.000001
0 0 0 0
0.006104 0.748657
1.665527 1.839355 2.130859
1 0.000978 -0.000001
0 0 0 0
0.530945 0.748657
1.665527 1.839355 2.169434
1 0.000978 -0.000001
0 0 0 0
0.530945 0.768677
0.048584 1.955322 2.169189
-0.000977 1 0.000001
0 0 0 0
0.128967 0.748657
0.848145 1.955322 2.169189
-0.000977 1 0.000001
0 0 0 0
0.530945 0.748657
0.848145 1.955322 2.130859
-0.000977 1 0.000001
0 0 0 0
0.530945 0.768677
0.048584 1.955322 2.130859
-0.000977 1 0.000001
0 0 0 0
0.128967 0.768677
1.665527 1.839355 2.169434
1 0.000978 -0.000001
0 0 0 0
0.447876 0.377502
1.665527 1.886963 2.196289
1 0.000978 -0.000001
0 0 0 0
0.434692 0.400757
1.665527 1.839355 2.196289
1 0.000978 -0.000001
0 0 0 0
0.434692 0.377502
1.665527 1.897461 2.169189
1 0.000978 0.000001
0 0 0 0
0.447937 0.405212
1.665527 1.839355 2.130859
1 0.000978 -0.000001
0 0 0 0
0.466553 0.377502
1.665527 1.955322 2.130859
1 0.000978 0.000001
0 0 0 0
0.466553 0.434204
1.665527 1.955322 2.169189
1 0.000978 0.000001
0 0 0 0
0.447937 0.434204
0.848145 1.839355 2.169434
0.001321 0.561605 0.827405
0 0 0 0
0.447632 0.471924
0.866211 1.839355 2.169434
0.001321 0.561605 0.827405
0 0 0 0
0.456787 0.471924
0.866211 1.894775 2.131836
0.001321 0.561605 0.827405
0 0 0 0
0.456787 0.503113
0.848145 1.894775 2.131836
0.001321 0.561605 0.827405
0 0 0 0
0.447632 0.503113
1.876221 1.839355 0.865967
0.870818 -0.491606 0.000345
0 0 0 0
0.405579 0.848389
1.849365 1.839355 1.665527
0.000978 -1 0.000001
0 0 0 0
0.006042 0.861816
1.849365 1.839355 0.865967
0.000978 -1 0.000001
0 0 0 0
0.405579 0.861816
1.876221 1.839355 1.665527
0.870818 -0.491606 0.000345
0 0 0 0
0.006042 0.848389
1.876221 1.886963 0.865967
0.906033 0.423206 -0.000276
0 0 0 0
0.405579 0.824585
1.876221 1.886963 1.665527
0.906033 0.423206 -0.000276
0 0 0 0
0.006042 0.824585
1.849121 1.897461 1.665527
0.929618 0.368524 -0.000001
0 0 0 0
0.006042 0.81012
1.849121 1.897461 0.865967
0.929618 0.368524 -0.000001
0 0 0 0
0.405579 0.81012
1.849121 1.955322 0.865967
1 0.000978 0.000001
0 0 0 0
0.405579 0.781128
1.849121 1.955322 1.665527
1 0.000978 0.000001
0 0 0 0
0.006042 0.781128
1.876221 1.886963 0.865967
0.001382 0.001382 -0.999998
0 0 0 0
0.434692 0.400757
1.876221 1.839355 0.865967
0.001382 0.001382 -0.999998
0 0 0 0
0.434692 0.377502
1.849365 1.839355 0.865967
0.001382 0.001382 -0.999998
0 0 0 0
0.447876 0.377502
1.849121 1.897461 0.865967
0.001382 0.001382 -0.999998
0 0 0 0
0.447937 0.405212
1.811768 1.894775 0.865967
0.001382 0.001382 -0.999998
0 0 0 0
0.466553 0.405212
1.810791 1.955322 0.865967
0.001382 0.001382 -0.999998
0 0 0 0
0.466553 0.434204
1.849121 1.955322 0.865967
0.001382 0.001382 -0.999998
0 0 0 0
0.447937 0.434204
1.849365 1.839355 1.665527
0.001382 -0.001382 0.999998
0 0 0 0
0.447876 0.377502
1.876221 1.839355 1.665527
-0.001382 0.001382 0.999998
0 0 0 0
0.434692 0.377502
1.876221 1.886963 1.665527
-0.001382 0.001382 0.999998
0 0 0 0
0.434692 0.400757
1.849121 1.897461 1.665527
0.001382 0.001382 0.999998
0 0 0 0
0.447937 0.405212
1.810791 1.839355 1.665527
0.001382 -0.001382 0.999998
0 0 0 0
0.466553 0.377502
1.810791 1.955322 1.665527
0.001382 0.001382 0.999998
0 0 0 0
0.466553 0.434204
1.849121 1.955322 1.665527
0.001382 0.001382 0.999998
0 0 0 0
0.447937 0.434204
1.849365 0.773926 0.865967
1 0.000978 0.000001
0 0 0 0
0.019165 0.006409
1.849365 1.839355 1.665527
1 0.000978 0.000001
0 0 0 0
0.419861 0.535339
1.849365 0.773926 1.665527
1 0.000978 0.000001
0 0 0 0
0.419861 0.006409
1.849365 1.839355 0.865967
1 0.000978 0.000001
0 0 0 0
0.019165 0.535339
1.849365 0.773926 1.665527
0.001382 -0.001382 0.999998
0 0 0 0
0.006042 0.768677
1.849365 1.839355 1.665527
0.001382 -0.001382 0.999998
0 0 0 0
0.530945 0.768677
1.810791 1.839355 1.665527
0.001382 -0.001382 0.999998
0 0 0 0
0.530945 0.748657
1.808105 0.773926 1.665527
0.001382 -0.001382 0.999998
0 0 0 0
0.006104 0.748657
1.849365 0.773926 0.865967
0.000978 -1 0.000001
0 0 0 0
0.416077 0.748657
1.849365 0.773926 1.665527
0.000978 -1 0.000001
0 0 0 0
0.006042 0.748657
1.808105 0.773926 1.665527
0.000978 -1 0.000001
0 0 0 0
0.006042 0.768677
1.808105 0.773926 0.865967
0.000978 -1 0.000001
0 0 0 0
0.41626 0.768677
1.849365 0.773926 0.865967
0.000978 -1 0.000001
0 0 0 0
0.006042 0.768677
1.808105 0.773926 0.865967
0.000978 -1 0.000001
0 0 0 0
0.006042 0.748657
1.808105 0.773926 0.8479
0.000978 -1 0.000001
0 0 0 0
0.015015 0.748657
1.849365 0.773926 0.8479
0.000978 -1 0.000001
0 0 0 0
0.015015 0.768677
1.808105 0.773926 0.048584
0.000978 -1 0.000001
0 0 0 0
0.417786 0.748657
1.849365 0.773926 0.048584
0.000978 -1 0.000001
0 0 0 0
0.417786 0.768677
1.849121 1.955322 0.048584
1 0.000978 -0.000001
0 0 0 0
0.006042 0.781128
1.849121 1.955322 0.8479
1 0.000978 -0.000001
0 0 0 0
0.405579 0.781128
1.849121 1.897461 0.8479
0.929618 0.368524 -0.000001
0 0 0 0
0.405579 0.81012
1.849121 1.897461 0.048584
0.929618 0.368524 -0.000001
0 0 0 0
0.006042 0.81012
1.876221 1.886963 0.8479
0.906033 0.423206 -0.000276
0 0 0 0
0.405579 0.824585
1.876221 1.886963 0.048584
0.906033 0.423206 -0.000276
0 0 0 0
0.006042 0.824585
1.876221 1.839355 0.048584
0.870818 -0.491606 0.000345
0 0 0 0
0.006042 0.848389
1.876221 1.839355 0.8479
0.870818 -0.491606 0.000345
0 0 0 0
0.405579 0.848389
1.849365 1.839355 0.048584
0.000978 -1 0.000001
0 0 0 0
0.006042 0.861816
1.849365 1.839355 0.8479
0.000978 -1 0.000001
0 0 0 0
0.405579 0.861816
1.849121 1.955322 0.048584
-0.000977 1 -0.000001
0 0 0 0
0.40863 0.748657
1.810791 1.955322 0.8479
-0.000977 1 -0.000001
0 0 0 0
0.006042 0.768677
1.849121 1.955322 0.8479
-0.000977 1 -0.000001
0 0 0 0
0.006042 0.748657
1.810791 1.955322 0.048584
-0.000977 1 -0.000001
0 0 0 0
0.40863 0.768677
1.849121 1.897461 0.8479
0.001382 -0.001382 0.999998
0 0 0 0
0.447937 0.405212
1.849121 1.955322 0.8479
0.001382 -0.001382 0.999998
0 0 0 0
0.447937 0.434204
1.810791 1.955322 0.8479
0.001382 -0.001382 0.999998
0 0 0 0
0.466553 0.434204
1.811768 1.894775 0.8479
0.001382 -0.001382 0.999998
0 0 0 0
0.466553 0.405212
1.849365 1.839355 0.8479
0.001382 0.001382 0.999998
0 0 0 0
0.447876 0.377502
1.876221 1.886963 0.8479
0.001382 0.001382 0.999998
0 0 0 0
0.434692 0.400757
1.876221 1.839355 0.8479
0.001382 0.001382 0.999998
0 0 0 0
0.434692 0.377502
1.849365 1.839355 0.865967
1 0.000978 0.000001
0 0 0 0
0.006042 0.535339
1.849365 0.773926 0.865967
1 0.000978 0.000001
0 0 0 0
0.006042 0.006409
1.849365 0.773926 0.8479
1 0.000978 -0.000001
0 0 0 0
0.015198 0.006409
1.849365 1.839355 0.8479
1 0.000978 -0.000001
0 0 0 0
0.015198 0.535339
1.849365 0.773926 0.048584
1 0.000978 -0.000001
0 0 0 0
0.419739 0.006409
1.849365 1.839355 0.048584
1 0.000978 -0.000001
0 0 0 0
0.419739 0.535339
1.849365 0.773926 0.048584
0.001382 0.001382 -0.999998
0 0 0 0
0.006104 0.768677
1.808105 0.773926 0.048584
0.001382 0.001382 -0.999998
0 0 0 0
0.006104 0.748657
1.810791 1.839355 0.048584
0.001382 0.001382 -0.999998
0 0 0 0
0.530945 0.748657
1.849365 1.839355 0.048584
0.001382 0.001382 -0.999998
0 0 0 0
0.530945 0.768677
1.849121 1.955322 1.665527
-0.000977 1 -0.000001
0 0 0 0
0.128967 0.748657
1.849121 1.955322 0.865967
-0.000977 1 -0.000001
0 0 0 0
0.530945 0.748657
1.810791 1.955322 0.865967
-0.000977 1 -0.000001
0 0 0 0
0.530945 0.768677
1.810791 1.955322 1.665527
-0.000977 1 -0.000001
0 0 0 0
0.128967 0.768677
1.849365 1.839355 0.048584
0.001382 0.001382 -0.999998
0 0 0 0
0.447876 0.377502
1.876221 1.886963 0.048584
0.001382 0.001382 -0.999998
0 0 0 0
0.434692 0.400757
1.876221 1.839355 0.048584
0.001382 0.001382 -0.999998
0 0 0 0
0.434692 0.377502
1.849121 1.897461 0.048584
0.001382 0.001382 -0.999998
0 0 0 0
0.447937 0.405212
1.810791 1.839355 0.048584
0.001382 0.001382 -0.999998
0 0 0 0
0.466553 0.377502
1.810791 1.955322 0.048584
0.001382 0.001382 -0.999998
0 0 0 0
0.466553 0.434204
1.849121 1.955322 0.048584
0.001382 0.001382 -0.999998
0 0 0 0
0.447937 0.434204
1.849365 1.839355 0.865967
0.826743 0.562577 0.001795
0 0 0 0
0.447632 0.471924
1.849365 1.839355 0.8479
0.826743 0.562577 0.001795
0 0 0 0
0.456787 0.471924
1.811768 1.894775 0.8479
0.826743 0.562577 0.001795
0 0 0 0
0.456787 0.503113
1.811768 1.894775 0.865967
0.826743 0.562577 0.001795
0 0 0 0
0.447632 0.503113
-0.848145 1.839355 2.196289
-0.001337 -0.490752 0.871298
0 0 0 0
0.405579 0.848389
-0.848145 1.839355 2.169434
-0.000977 -1 -0.000001
0 0 0 0
0.405579 0.861816
-0.048584 1.839355 2.169434
-0.000977 -1 -0.000001
0 0 0 0
0.006042 0.861816
-0.048584 1.839355 2.196289
-0.001337 -0.490752 0.871298
0 0 0 0
0.006042 0.848389
-0.048584 1.886963 2.196289
0.00135 0.422449 0.906386
0 0 0 0
0.006042 0.824585
-0.848145 1.886963 2.196289
0.00135 0.422449 0.906386
0 0 0 0
0.405579 0.824585
-0.048584 1.897461 2.169189
0.001358 0.368004 0.929823
0 0 0 0
0.006042 0.81012
-0.848145 1.897461 2.169189
0.001358 0.368004 0.929823
0 0 0 0
0.405579 0.81012
-0.048584 1.955322 2.169189
-0.001382 0.001382 0.999998
0 0 0 0
0.006042 0.781128
-0.848145 1.955322 2.169189
-0.001382 0.001382 0.999998
0 0 0 0
0.405579 0.781128
-0.848145 1.839355 2.169434
-1 -0.000977 -0.000001
0 0 0 0
0.447876 0.377502
-0.848145 1.839355 2.196289
-1 0.000978 -0.000001
0 0 0 0
0.434692 0.377502
-0.848145 1.886963 2.196289
-1 0.000978 -0.000001
0 0 0 0
0.434692 0.400757
-0.848145 1.897461 2.169189
-1 -0.000977 -0.000001
0 0 0 0
0.447937 0.405212
-0.848145 1.894775 2.131836
-1 -0.000977 -0.000001
0 0 0 0
0.466553 0.405212
-0.848145 1.955322 2.130859
-1 0.000978 -0.000001
0 0 0 0
0.466553 0.434204
-0.848145 1.955322 2.169189
-1 0.000978 -0.000001
0 0 0 0
0.447937 0.434204
-0.048584 1.839355 2.169434
1 -0.000977 -0.000001
0 0 0 0
0.447876 0.377502
-0.048584 1.886963 2.196289
1 -0.000977 -0.000001
0 0 0 0
0.434692 0.400757
-0.048584 1.839355 2.196289
1 -0.000977 -0.000001
0 0 0 0
0.434692 0.377502
-0.048584 1.897461 2.169189
1 0.000978 0.000001
0 0 0 0
0.447937 0.405212
-0.048584 1.839355 2.130859
1 -0.000977 -0.000001
0 0 0 0
0.466553 0.377502
-0.048584 1.955322 2.130859
1 0.000978 0.000001
0 0 0 0
0.466553 0.434204
-0.048584 1.955322 2.169189
1 0.000978 0.000001
0 0 0 0
0.447937 0.434204
-0.048584 0.773926 2.169434
1 -0.000977 -0.000001
0 0 0 0
0.006042 0.768677
-0.048584 0.773926 2.128174
1 -0.000977 -0.000001
0 0 0 0
0.006104 0.748657
-0.048584 1.839355 2.130859
1 -0.000977 -0.000001
0 0 0 0
0.530945 0.748657
-0.048584 1.839355 2.169434
1 -0.000977 -0.000001
0 0 0 0
0.530945 0.768677
-0.848145 0.773926 2.169434
-0.000977 -1 0.000001
0 0 0 0
0.416077 0.748657
-0.848145 0.773926 2.128174
-0.000977 -1 0.000001
0 0 0 0
0.41626 0.768677
-0.048584 0.773926 2.128174
-0.000977 -1 0.000001
0 0 0 0
0.006042 0.768677
-0.048584 0.773926 2.169434
-0.000977 -1 0.000001
0 0 0 0
0.006042 0.748657
-0.848145 1.839355 2.169434
-0.001382 -0.001382 0.999998
0 0 0 0
0.019165 0.535339
-0.848145 0.773926 2.169434
-0.001382 -0.001382 0.999998
0 0 0 0
0.019165 0.006409
-0.048584 0.773926 2.169434
-0.001382 -0.001382 0.999998
0 0 0 0
0.419861 0.006409
-0.048584 1.839355 2.169434
-0.001382 -0.001382 0.999998
0 0 0 0
0.419861 0.535339
-0.848145 0.773926 2.169434
-0.000977 -1 0.000001
0 0 0 0
0.006042 0.768677
-0.866211 0.773926 2.128174
-0.000977 -1 -0.000001
0 0 0 0
0.015015 0.748657
-0.848145 0.773926 2.128174
-0.000977 -1 0.000001
0 0 0 0
0.006042 0.748657
-0.866211 0.773926 2.169434
-0.000977 -1 -0.000001
0 0 0 0
0.015015 0.768677
-1.665527 0.773926 2.128174
-0.000977 -1 -0.000001
0 0 0 0
0.417786 0.748657
-1.665527 0.773926 2.169434
-0.000977 -1 -0.000001
0 0 0 0
0.417786 0.768677
-1.665527 1.955322 2.130859
0.000978 1 0.000001
0 0 0 0
0.40863 0.768677
-0.866211 1.955322 2.169189
0.000978 1 0.000001
0 0 0 0
0.006042 0.748657
-0.866211 1.955322 2.130859
0.000978 1 0.000001
0 0 0 0
0.006042 0.768677
-1.665527 1.955322 2.169189
0.000978 1 0.000001
0 0 0 0
0.40863 0.748657
-0.866211 1.897461 2.169189
1 -0.000977 0.000001
0 0 0 0
0.447937 0.405212
-0.866211 1.955322 2.130859
1 0.000978 -0.000001
0 0 0 0
0.466553 0.434204
-0.866211 1.955322 2.169189
1 0.000978 -0.000001
0 0 0 0
0.447937 0.434204
-0.866211 1.894775 2.131836
1 -0.000977 -0.000001
0 0 0 0
0.466553 0.405212
-0.866211 1.839355 2.169434
1 -0.000977 0.000001
0 0 0 0
0.447876 0.377502
-0.866211 1.886963 2.196289
1 -0.000977 0.000001
0 0 0 0
0.434692 0.400757
-0.866211 1.839355 2.196289
1 -0.000977 0.000001
0 0 0 0
0.434692 0.377502
-0.866211 1.955322 2.169189
0.001382 0.001382 0.999998
0 0 0 0
0.405579 0.781128
-1.665527 1.955322 2.169189
0.001382 0.001382 0.999998
0 0 0 0
0.006042 0.781128
-1.665527 1.897461 2.169189
0.001358 0.368004 0.929823
0 0 0 0
0.006042 0.81012
-0.866211 1.897461 2.169189
0.001358 0.368004 0.929823
0 0 0 0
0.405579 0.81012
-1.665527 1.886963 2.196289
0.00135 0.422449 0.906386
0 0 0 0
0.006042 0.824585
-0.866211 1.886963 2.196289
0.00135 0.422449 0.906386
0 0 0 0
0.405579 0.824585
-0.866211 1.839355 2.196289
0.001337 -0.490752 0.871298
0 0 0 0
0.405579 0.848389
-1.665527 1.839355 2.196289
0.001337 -0.490752 0.871298
0 0 0 0
0.006042 0.848389
-1.665527 1.839355 2.169434
-0.000977 -1 -0.000001
0 0 0 0
0.006042 0.861816
-0.866211 1.839355 2.169434
-0.000977 -1 -0.000001
0 0 0 0
0.405579 0.861816
-0.848145 1.839355 2.169434
-0.001382 -0.001382 0.999998
0 0 0 0
0.006042 0.535339
-0.866211 0.773926 2.169434
0.001382 -0.001382 0.999998
0 0 0 0
0.015198 0.006409
-0.848145 0.773926 2.169434
-0.001382 -0.001382 0.999998
0 0 0 0
0.006042 0.006409
-0.866211 1.839355 2.169434
0.001382 -0.001382 0.999998
0 0 0 0
0.015198 0.535339
-1.665527 0.773926 2.169434
0.001382 -0.001382 0.999998
0 0 0 0
0.419739 0.006409
-1.665527 1.839355 2.169434
0.001382 -0.001382 0.999998
0 0 0 0
0.419739 0.535339
-1.665527 0.773926 2.169434
-1 0.000978 -0.000001
0 0 0 0
0.006104 0.768677
-1.665527 1.839355 2.169434
-1 0.000978 -0.000001
0 0 0 0
0.530945 0.768677
-1.665527 1.839355 2.130859
-1 0.000978 -0.000001
0 0 0 0
0.530945 0.748657
-1.665527 0.773926 2.128174
-1 0.000978 -0.000001
0 0 0 0
0.006104 0.748657
-0.048584 1.955322 2.169189
0.000978 1 0.000001
0 0 0 0
0.128967 0.748657
-0.048584 1.955322 2.130859
0.000978 1 0.000001
0 0 0 0
0.128967 0.768677
-0.848145 1.955322 2.130859
0.000978 1 0.000001
0 0 0 0
0.530945 0.768677
-0.848145 1.955322 2.169189
0.000978 1 0.000001
0 0 0 0
0.530945 0.748657
-1.665527 1.897461 2.169189
-1 0.000978 0.000001
0 0 0 0
0.447937 0.405212
-1.665527 1.955322 2.169189
-1 0.000978 0.000001
0 0 0 0
0.447937 0.434204
-1.665527 1.955322 2.130859
-1 0.000978 0.000001
0 0 0 0
0.466553 0.434204
-1.665527 1.839355 2.130859
-1 0.000978 -0.000001
0 0 0 0
0.466553 0.377502
-1.665527 1.839355 2.169434
-1 0.000978 -0.000001
0 0 0 0
0.447876 0.377502
-1.665527 1.886963 2.196289
-1 -0.000977 -0.000001
0 0 0 0
0.434692 0.400757
-1.665527 1.839355 2.196289
-1 -0.000977 -0.000001
0 0 0 0
0.434692 0.377502
-0.848145 1.839355 2.169434
0.001321 0.561605 0.827405
0 0 0 0
0.447632 0.471924
-0.848145 1.894775 2.131836
0.001321 0.561605 0.827405
0 0 0 0
0.447632 0.503113
-0.866211 1.894775 2.131836
0.001321 0.561605 0.827405
0 0 0 0
0.456787 0.503113
-0.866211 1.839355 2.169434
0.001321 0.561605 0.827405
0 0 0 0
0.456787 0.471924
-1.876221 1.839355 0.865967
-0.870818 -0.491606 0.000345
0 0 0 0
0.405579 0.848389
-1.849365 1.839355 0.865967
0.000978 -1 0.000001
0 0 0 0
0.405579 0.861816
-1.849365 1.839355 1.665527
0.000978 -1 0.000001
0 0 0 0
0.006042 0.861816
-1.876221 1.839355 1.665527
-0.870818 -0.491606 0.000345
0 0 0 0
0.006042 0.848389
-1.876221 1.886963 0.865967
-0.906033 0.423206 -0.000276
0 0 0 0
0.405579 0.824585
-1.876221 1.886963 1.665527
-0.906033 0.423206 -0.000276
0 0 0 0
0.006042 0.824585
-1.849121 1.897461 1.665527
-0.929618 0.368524 -0.000001
0 0 0 0
0.006042 0.81012
-1.849121 1.897461 0.865967
-0.929618 0.368524 -0.000001
0 0 0 0
0.405579 0.81012
-1.849121 1.955322 0.865967
-1 0.000978 0.000001
0 0 0 0
0.405579 0.781128
-1.849121 1.955322 1.665527
-1 0.000978 0.000001
0 0 0 0
0.006042 0.781128
-1.849365 1.839355 0.865967
-0.001382 0.001382 -0.999998
0 0 0 0
0.447876 0.377502
-1.876221 1.839355 0.865967
-0.001382 0.001382 -0.999998
0 0 0 0
0.434692 0.377502
-1.876221 1.886963 0.865967
-0.001382 0.001382 -0.999998
0 0 0 0
0.434692 0.400757
-1.849121 1.897461 0.865967
-0.001382 0.001382 -0.999998
0 0 0 0
0.447937 0.405212
-1.811768 1.894775 0.865967
0.001382 0.001382 -0.999998
0 0 0 0
0.466553 0.405212
-1.810791 1.955322 0.865967
0.001382 0.001382 -0.999998
0 0 0 0
0.466553 0.434204
-1.849121 1.955322 0.865967
0.001382 0.001382 -0.999998
0 0 0 0
0.447937 0.434204
-1.849365 1.839355 1.665527
-0.001382 -0.001382 0.999998
0 0 0 0
0.447876 0.377502
-1.876221 1.886963 1.665527
0.001382 0.001382 0.999998
0 0 0 0
0.434692 0.400757
-1.876221 1.839355 1.665527
0.001382 0.001382 0.999998
0 0 0 0
0.434692 0.377502
-1.849121 1.897461 1.665527
-0.001382 0.001382 0.999998
0 0 0 0
0.447937 0.405212
-1.810791 1.839355 1.665527
-0.001382 -0.001382 0.999998
0 0 0 0
0.466553 0.377502
-1.810791 1.955322 1.665527
-0.001382 0.001382 0.999998
0 0 0 0
0.466553 0.434204
-1.849121 1.955322 1.665527
-0.001382 0.001382 0.999998
0 0 0 0
0.447937 0.434204
-1.849365 0.773926 1.665527
0.001382 -0.001382 0.999998
0 0 0 0
0.006042 0.768677
-1.808105 0.773926 1.665527
0.001382 -0.001382 0.999998
0 0 0 0
0.006104 0.748657
-1.810791 1.839355 1.665527
-0.001382 -0.001382 0.999998
0 0 0 0
0.530945 0.748657
-1.849365 1.839355 1.665527
-0.001382 -0.001382 0.999998
0 0 0 0
0.530945 0.768677
-1.849365 0.773926 0.865967
0.000978 -1 0.000001
0 0 0 0
0.416077 0.748657
-1.808105 0.773926 0.865967
0.000978 -1 0.000001
0 0 0 0
0.41626 0.768677
-1.808105 0.773926 1.665527
0.000978 -1 0.000001
0 0 0 0
0.006042 0.768677
-1.849365 0.773926 1.665527
0.000978 -1 0.000001
0 0 0 0
0.006042 0.748657
-1.849365 1.839355 1.665527
-1 0.000978 0.000001
0 0 0 0
0.419861 0.535339
-1.849365 0.773926 0.865967
-1 0.000978 0.000001
0 0 0 0
0.019165 0.006409
-1.849365 0.773926 1.665527
-1 0.000978 0.000001
0 0 0 0
0.419861 0.006409
-1.849365 1.839355 0.865967
-1 0.000978 0.000001
0 0 0 0
0.019165 0.535339
-1.849365 0.773926 0.865967
0.000978 -1 0.000001
0 0 0 0
0.006042 0.768677
-1.808105 0.773926 0.8479
0.000978 -1 0.000001
0 0 0 0
0.015015 0.748657
-1.808105 0.773926 0.865967
0.000978 -1 0.000001
0 0 0 0
0.006042 0.748657
-1.849365 0.773926 0.8479
0.000978 -1 0.000001
0 0 0 0
0.015015 0.768677
-1.808105 0.773926 0.048584
0.000978 -1 0.000001
0 0 0 0
0.417786 0.748657
-1.849365 0.773926 0.048584
0.000978 -1 0.000001
0 0 0 0
0.417786 0.768677
-1.849121 1.955322 0.048584
0.000978 1 -0.000001
0 0 0 0
0.40863 0.748657
-1.849121 1.955322 0.8479
0.000978 1 -0.000001
0 0 0 0
0.006042 0.748657
-1.810791 1.955322 0.8479
0.000978 1 -0.000001
0 0 0 0
0.006042 0.768677
-1.810791 1.955322 0.048584
0.000978 1 -0.000001
0 0 0 0
0.40863 0.768677
-1.849121 1.897461 0.8479
-0.001382 -0.001382 0.999998
0 0 0 0
0.447937 0.405212
-1.810791 1.955322 0.8479
0.001382 -0.001382 0.999998
0 0 0 0
0.466553 0.434204
-1.849121 1.955322 0.8479
0.001382 -0.001382 0.999998
0 0 0 0
0.447937 0.434204
-1.811768 1.894775 0.8479
-0.001382 -0.001382 0.999998
0 0 0 0
0.466553 0.405212
-1.849365 1.839355 0.8479
-0.001382 0.001382 0.999998
0 0 0 0
0.447876 0.377502
-1.876221 1.886963 0.8479
0.001382 0.001382 0.999998
0 0 0 0
0.434692 0.400757
-1.876221 1.839355 0.8479
0.001382 0.001382 0.999998
0 0 0 0
0.434692 0.377502
-1.849121 1.955322 0.048584
-1 0.000978 -0.000001
0 0 0 0
0.006042 0.781128
-1.849121 1.897461 0.8479
-0.929618 0.368524 -0.000001
0 0 0 0
0.405579 0.81012
-1.849121 1.955322 0.8479
-1 0.000978 -0.000001
0 0 0 0
0.405579 0.781128
-1.849121 1.897461 0.048584
-0.929618 0.368524 -0.000001
0 0 0 0
0.006042 0.81012
0.000732 4.307617 1.46875
0.000978 1 -0.000001
0 0 0 0
-0.101746 0.705566
-1.037842 4.307617 1.039062
0.000978 1 -0.000001
0 0 0 0
-0.045898 0.986572
-0.815186 4.307617 1.22168
0.000978 1 -0.000001
0 0 0 0
-0.059998 0.843323
-0.561279 4.307617 1.357178
0.000978 1 -0.000001
0 0 0 0
-0.101746 0.705566
-1.356445 4.307617 0.562744
0.000978 1 -0.000001
0 0 0 0
-0.045898 0.986572
-1.220703 4.307617 0.81665
0.000978 1 -0.000001
0 0 0 0
-0.059998 0.843323
-1.037842 4.307617 1.039062
0.000978 1 -0.000001
0 0 0 0
-0.101746 0.705566
-0.562744 4.307617 -1.356445
0.000978 1 -0.000001
0 0 0 0
-0.045898 0.986572
-0.81665 4.307617 -1.220703
-0.000977 1 -0.000001
0 0 0 0
-0.059998 0.843323
-1.039062 4.307617 -1.037842
0.000978 1 -0.000001
0 0 0 0
-0.101746 0.705566
-0.000732 4.307617 -1.46875
0.000978 1 -0.000001
0 0 0 0
-0.045898 0.986572
-0.287354 4.307617 -1.440186
0.000978 1 -0.000001
0 0 0 0
-0.059998 0.843323
-0.562744 4.307617 -1.356445
0.000978 1 -0.000001
0 0 0 0
-0.101746 0.705566
1.357178 4.307617 0.561279
0.000978 1 0.000001
0 0 0 0
-0.045898 0.986572
1.440674 4.307617 0.285645
0.000978 1 0.000001
0 0 0 0
-0.059998 0.843323
0 4.307617 0
0.000978 1 -0.000001
0 0 0 0
-0.780212 0.986572
1.46875 4.307617 -0.000732
0.000978 1 -0.000001
0 0 0 0
-0.101746 0.705566
1.356445 4.307617 -0.562744
-0.000977 1 -0.000001
0 0 0 0
-0.045898 0.986572
1.220703 4.307617 -0.81665
0.000978 1 -0.000001
0 0 0 0
-0.059998 0.843323
1.037842 4.307617 -1.039062
0.000978 1 -0.000001
0 0 0 0
-0.101746 0.705566
1.039062 4.307617 1.037842
-0.000977 1 -0.000001
0 0 0 0
-0.045898 0.986572
1.22168 4.307617 0.815186
-0.000977 1 -0.000001
0 0 0 0
-0.059998 0.843323
1.357178 4.307617 0.561279
0.000978 1 0.000001
0 0 0 0
-0.101746 0.705566
1.037842 4.307617 -1.039062
0.000978 1 -0.000001
0 0 0 0
-0.045898 0.986572
0.815186 4.307617 -1.22168
-0.000977 1 0.000001
0 0 0 0
-0.059998 0.843323
0.561279 4.307617 -1.357178
-0.000977 1 0.000001
0 0 0 0
-0.101746 0.705566
1.46875 4.307617 -0.000732
0.000978 1 -0.000001
0 0 0 0
0.954102 0.986572
1.440186 4.307617 -0.287354
0.000978 1 -0.000001
0 0 0 0
0.940002 0.843323
0 4.307617 0
0.000978 1 -0.000001
0 0 0 0
0.219788 0.986572
1.356445 4.307617 -0.562744
-0.000977 1 -0.000001
0 0 0 0
0.898254 0.705566
2835
2 1 0
1 3 0
4 3 1
5 4 1
5 6 4
6 7 4
8 7 6
9 8 6
9 10 8
10 11 8
12 11 10
13 12 10
13 14 12
14 15 12
16 15 14
17 16 14
17 18 16
18 19 16
20 19 18
21 20 18
21 22 20
22 23 20
24 23 22
25 24 22
25 26 24
26 27 24
28 27 26
29 28 26
29 30 28
30 31 28
32 31 30
33 32 30
33 34 32
34 35 32
36 35 34
37 36 34
37 38 36
38 39 36
40 39 38
41 40 38
41 42 40
42 43 40
44 43 42
45 44 42
45 46 44
46 47 44
48 47 46
49 48 46
52 51 50
51 53 50
50 53 54
55 50 54
55 54 56
54 57 56
56 57 58
59 56 58
59 58 60
58 61 60
60 61 62
63 60 62
63 62 64
62 65 64
64 65 66
67 64 66
67 66 68
66 69 68
68 69 70
71 68 70
71 70 72
70 73 72
72 73 74
75 72 74
75 74 76
74 77 76
76 77 78
79 76 78
79 78 80
78 81 80
80 81 82
83 80 82
83 82 84
82 85 84
84 85 86
87 84 86
87 86 88
86 89 88
88 89 90
91 88 90
91 90 92
90 93 92
92 93 94
95 92 94
95 94 96
94 97 96
96 97 98
99 96 98
102 101 100
101 103 100
101 104 103
107 106 105
108 107 105
111 110 109
112 111 109
115 114 113
114 116 113
114 117 116
117 118 116
117 119 118
119 120 118
121 118 120
121 120 122
123 121 122
121 123 124
123 125 124
126 124 125
126 127 124
120 119 122
119 128 122
121 124 129
129 124 130
131 129 130
129 131 113
116 129 113
129 116 118
121 129 118
134 133 132
133 135 132
136 132 135
137 136 135
137 138 136
137 139 138
139 140 138
139 137 141
142 139 141
142 141 143
141 144 143
137 135 141
135 133 141
133 145 141
148 147 146
149 148 146
149 146 150
151 149 150
151 150 152
153 151 152
156 155 154
157 156 154
160 159 158
159 161 158
158 161 162
163 158 162
166 165 164
167 166 164
170 169 168
171 170 168
172 170 171
173 172 171
173 171 174
175 173 174
176 175 174
177 176 174
180 179 178
181 180 178
181 178 182
183 181 182
183 182 184
185 183 184
185 184 186
187 185 186
187 186 188
189 187 188
189 188 190
191 189 190
192 183 185
192 185 193
192 193 194
192 194 195
192 195 196
192 196 183
197 184 182
197 182 198
197 198 199
197 199 200
197 200 201
197 201 184
204 203 202
205 204 202
206 204 205
204 206 207
206 208 207
209 206 205
209 205 210
205 211 210
206 209 212
209 213 212
216 215 214
217 216 214
218 216 217
216 218 219
218 220 219
221 218 217
221 217 222
217 223 222
218 221 224
221 225 224
228 227 226
227 229 226
229 227 230
227 231 230
230 231 232
231 233 232
232 233 234
233 235 234
234 235 236
235 237 236
240 239 238
241 240 238
241 238 242
238 243 242
243 244 242
244 245 242
244 246 245
246 247 245
246 248 247
248 249 247
249 248 250
251 249 250
254 253 252
255 254 252
252 256 255
256 257 255
257 256 258
259 257 258
259 258 260
261 259 260
262 261 260
263 262 260
262 263 264
265 262 264
268 267 266
269 268 266
269 266 270
269 270 271
269 271 272
273 269 272
273 272 274
273 274 275
273 275 276
277 273 276
277 276 278
277 278 279
277 279 280
268 277 280
268 280 281
268 281 267
284 283 282
287 286 285
288 287 285
289 287 288
290 289 288
293 292 291
292 294 291
292 295 294
295 296 294
299 298 297
300 299 297
303 302 301
304 303 301
307 306 305
308 307 305
308 305 309
305 310 309
310 311 309
314 313 312
315 314 312
318 317 316
319 318 316
320 318 319
321 320 319
322 320 321
323 322 321
324 322 323
325 324 323
325 323 326
326 323 327
323 321 327
327 321 328
321 319 328
319 316 328
316 329 328
330 328 329
331 330 329
330 331 332
333 330 332
333 332 334
335 333 334
335 334 336
334 337 336
335 336 338
339 335 338
339 338 340
341 339 340
341 340 342
343 341 342
344 343 342
345 344 342
346 344 345
347 346 345
348 346 347
349 348 347
350 348 349
351 350 349
352 348 350
353 352 350
352 353 354
353 355 354
355 356 354
356 357 354
356 358 357
358 359 357
357 359 360
361 360 359
362 361 359
362 359 358
363 362 358
361 364 360
364 365 360
365 364 324
325 365 324
366 365 325
367 366 325
367 325 326
367 326 368
368 326 369
326 327 369
369 327 330
327 328 330
370 369 330
333 370 330
339 370 333
335 339 333
339 341 370
341 371 370
370 371 369
371 368 369
368 371 372
372 371 343
371 341 343
373 372 343
344 373 343
374 373 344
346 374 344
352 374 346
348 352 346
352 354 374
354 375 374
374 375 373
375 376 373
373 376 372
376 377 372
377 368 372
377 367 368
377 376 367
376 366 367
376 375 366
375 378 366
366 378 365
378 360 365
378 357 360
354 357 378
375 354 378
381 380 379
380 382 379
380 383 382
383 384 382
383 385 384
385 386 384
386 385 387
388 386 387
388 387 389
387 390 389
391 389 390
392 391 390
393 391 392
394 393 392
395 393 394
396 395 394
397 393 395
398 397 395
397 398 399
398 400 399
400 401 399
401 402 399
401 403 402
403 404 402
402 404 405
405 404 406
405 406 407
408 405 407
407 409 408
409 410 408
408 410 411
411 412 408
412 405 408
412 402 405
399 402 412
413 399 412
413 412 411
414 413 411
411 415 414
410 415 411
415 410 416
410 417 416
410 409 417
409 418 417
417 418 419
418 420 419
419 420 421
420 422 421
421 422 423
422 424 423
421 423 425
423 426 425
427 425 426
428 427 426
427 428 429
430 427 429
430 429 379
382 430 379
382 384 430
384 431 430
430 431 427
431 432 427
432 433 427
433 425 427
433 419 425
419 421 425
417 419 433
416 417 433
416 433 432
434 416 432
415 416 434
435 415 434
415 435 414
435 436 414
435 434 436
434 437 436
437 434 432
431 437 432
386 437 431
384 386 431
437 386 388
436 437 388
436 388 438
436 438 414
413 414 438
439 413 438
399 413 439
397 399 439
397 439 391
393 397 391
391 439 389
439 438 389
388 389 438
404 440 406
404 403 440
403 441 440
444 443 442
443 445 442
443 446 445
446 447 445
446 448 447
448 449 447
449 448 450
451 449 450
451 450 452
450 453 452
454 452 453
455 454 453
456 454 455
457 456 455
458 456 457
459 458 457
460 456 458
461 460 458
460 461 462
461 463 462
463 464 462
464 465 462
464 466 465
466 467 465
465 467 468
468 467 469
468 469 470
471 468 470
470 472 471
472 473 471
471 473 474
474 475 471
475 468 471
475 465 468
462 465 475
476 462 475
476 475 474
477 476 474
474 478 477
473 478 474
478 473 479
473 480 479
473 472 480
472 481 480
480 481 482
283 483 282
484 282 483
485 484 483
486 484 485
487 486 485
486 487 488
487 489 488
492 491 490
491 493 490
494 490 493
495 494 493
496 494 495
497 496 495
496 497 498
499 496 498
502 501 500
501 503 500
500 503 504
505 500 504
506 505 504
507 506 504
508 506 507
509 508 507
512 511 510
513 512 510
513 510 514
515 513 514
515 514 516
517 515 516
517 516 518
519 517 518
519 518 520
521 519 520
521 520 522
523 521 522
523 522 524
525 523 524
525 524 526
527 525 526
527 526 528
529 527 528
529 528 530
531 529 530
531 530 532
533 531 532
533 532 534
535 533 534
538 537 536
539 538 536
539 536 540
541 539 540
541 540 542
543 541 542
543 542 544
545 543 544
545 544 546
547 545 546
547 546 548
549 547 548
549 548 550
551 549 550
551 550 552
553 551 552
553 552 554
555 553 554
555 554 556
557 555 556
557 556 558
559 557 558
559 558 560
561 559 560
561 560 562
563 561 562
563 562 564
565 563 564
565 564 566
567 565 566
567 566 568
569 567 568
569 568 570
571 569 570
571 570 572
573 571 572
576 575 574
577 576 574
577 574 578
579 577 578
579 578 580
581 579 580
581 580 582
583 581 582
583 582 584
585 583 584
585 584 586
587 585 586
587 586 588
589 587 588
589 588 590
591 589 590
591 590 592
593 591 592
593 592 594
595 593 594
595 594 596
597 595 596
597 596 598
599 597 598
599 598 600
601 599 600
601 600 602
603 601 602
603 602 604
605 603 604
605 604 606
607 605 606
607 606 608
609 607 608
609 608 610
611 609 610
614 613 612
613 615 612
612 615 616
615 617 616
616 617 618
617 619 618
618 619 620
619 621 620
620 621 622
621 623 622
622 623 624
623 625 624
624 625 626
625 627 626
626 627 628
627 629 628
628 629 630
629 631 630
630 631 632
631 633 632
632 633 634
633 635 634
634 635 636
635 637 636
636 637 638
637 639 638
638 639 640
639 641 640
640 641 642
641 643 642
642 643 644
643 645 644
644 645 646
645 647 646
646 647 648
647 649 648
649 647 650
647 651 650
647 645 651
645 652 651
645 643 652
643 653 652
643 641 653
641 654 653
641 639 654
639 655 654
639 637 655
637 656 655
637 635 656
635 657 656
635 633 657
633 658 657
633 631 658
631 659 658
631 629 659
629 660 659
629 627 660
627 661 660
627 625 661
625 662 661
625 623 662
623 663 662
623 621 663
621 664 663
621 619 664
619 665 664
619 617 665
617 666 665
617 615 666
615 667 666
615 613 667
613 668 667
671 670 669
672 671 669
672 669 673
674 672 673
674 673 675
676 674 675
676 675 677
678 676 677
678 677 679
680 678 679
680 679 681
682 680 681
682 681 683
684 682 683
684 683 685
686 684 685
686 685 687
688 686 687
688 687 689
690 688 689
690 689 691
692 690 691
692 691 693
694 692 693
694 693 695
696 694 695
696 695 697
698 696 697
698 697 699
700 698 699
700 699 701
702 700 701
702 701 703
704 702 703
704 703 705
706 704 705
709 708 707
708 710 707
707 710 711
710 712 711
713 711 712
713 712 714
715 714 712
710 715 712
710 708 715
708 716 715
716 717 715
717 718 715
717 719 718
719 720 718
719 721 720
721 722 720
721 723 722
723 724 722
723 725 724
725 726 724
725 727 726
727 728 726
727 729 728
729 730 728
729 731 730
731 732 730
731 733 732
733 734 732
733 735 734
481 736 482
482 736 737
736 738 737
737 738 739
738 740 739
737 739 741
739 742 741
743 741 742
744 743 742
743 744 745
746 743 745
746 745 442
445 746 442
445 447 746
447 747 746
746 747 743
747 748 743
748 749 743
749 741 743
749 482 741
482 737 741
480 482 749
479 480 749
479 749 748
750 479 748
478 479 750
751 478 750
478 751 477
751 752 477
751 750 752
750 753 752
753 750 748
747 753 748
449 753 747
447 449 747
753 449 451
752 753 451
752 451 754
752 754 477
476 477 754
755 476 754
462 476 755
460 462 755
460 755 454
456 460 454
454 755 452
755 754 452
451 452 754
467 756 469
467 466 756
466 757 756
760 759 758
761 760 758
762 760 761
763 762 761
764 762 763
765 764 763
766 764 765
767 766 765
767 765 768
768 765 769
765 763 769
769 763 770
763 761 770
761 758 770
758 771 770
772 770 771
773 772 771
772 773 774
775 772 774
775 774 776
777 775 776
777 776 778
776 779 778
777 778 780
781 777 780
781 780 782
783 781 782
783 782 784
785 783 784
786 785 784
787 786 784
788 786 787
789 788 787
790 788 789
791 790 789
792 790 791
793 792 791
794 790 792
795 794 792
794 795 796
795 797 796
797 798 796
798 799 796
798 800 799
800 801 799
799 801 802
803 802 801
804 803 801
804 801 800
805 804 800
803 806 802
806 807 802
807 806 766
767 807 766
808 807 767
809 808 767
809 767 768
809 768 810
810 768 811
768 769 811
811 769 772
769 770 772
812 811 772
775 812 772
781 812 775
777 781 775
781 783 812
783 813 812
812 813 811
813 810 811
810 813 814
814 813 785
813 783 785
815 814 785
786 815 785
816 815 786
788 816 786
794 816 788
790 794 788
794 796 816
796 817 816
816 817 815
817 818 815
815 818 814
818 819 814
819 810 814
819 809 810
819 818 809
818 808 809
818 817 808
817 820 808
808 820 807
820 802 807
820 799 802
796 799 820
817 796 820
823 822 821
822 824 821
821 824 825
824 826 825
825 826 827
826 828 827
827 828 829
828 830 829
829 830 831
830 832 831
831 832 833
832 834 833
833 834 835
834 836 835
835 836 837
836 838 837
837 838 839
838 840 839
840 838 841
838 836 841
836 842 841
841 842 843
842 844 843
843 844 845
843 845 846
847 846 845
848 847 845
845 849 848
844 849 845
844 850 849
850 851 849
849 851 852
853 852 851
854 853 851
855 854 851
850 855 851
855 850 856
850 844 856
844 842 856
842 836 856
836 834 856
834 832 856
832 857 856
857 855 856
855 857 858
857 832 858
832 830 858
859 858 830
828 859 830
859 828 860
828 826 860
826 824 860
824 861 860
824 822 861
822 862 861
863 861 862
864 863 862
863 864 865
866 863 865
867 866 865
868 867 865
867 868 869
868 870 869
867 869 871
872 867 871
873 872 871
874 873 871
873 874 875
876 873 875
853 876 875
877 853 875
853 877 852
877 878 852
879 852 878
880 879 878
879 880 881
848 879 881
847 848 881
882 847 881
849 879 848
879 849 852
876 853 883
853 854 883
884 883 854
855 884 854
884 855 858
858 859 884
859 885 884
884 885 883
885 886 883
886 873 883
873 876 883
873 886 872
886 887 872
867 872 887
866 867 887
887 888 866
888 863 866
863 888 860
861 863 860
888 885 860
885 859 860
885 888 887
886 885 887
889 840 841
889 841 843
890 889 843
890 843 846
893 892 891
735 894 734
894 895 734
895 896 734
713 896 895
713 897 896
734 896 897
732 734 897
732 897 898
730 732 898
730 898 728
898 899 728
728 899 900
726 728 900
726 900 901
724 726 901
724 901 722
901 902 722
722 902 903
720 722 903
720 903 904
718 720 904
718 904 715
904 714 715
713 714 904
713 904 903
713 903 902
713 902 901
713 901 900
713 900 899
713 899 898
713 898 897
907 906 905
908 907 905
909 908 905
910 909 905
911 910 905
912 911 905
913 912 905
914 913 905
915 914 905
916 915 905
917 916 905
906 917 905
920 919 918
921 920 918
921 918 922
923 921 922
923 922 924
925 923 924
925 924 926
927 925 926
927 926 928
929 927 928
929 928 930
931 929 930
931 930 932
933 931 932
933 932 934
935 933 934
935 934 936
937 935 936
937 936 938
939 937 938
939 938 940
941 939 940
941 940 942
943 941 942
943 942 944
945 943 944
945 944 946
947 945 946
947 946 948
949 947 948
949 948 950
948 951 950
950 951 952
953 950 952
953 952 954
955 953 954
958 957 956
959 958 956
959 956 960
956 961 960
960 961 962
963 960 962
963 962 964
962 965 964
964 965 966
967 964 966
967 966 968
966 969 968
968 969 970
971 968 970
971 970 972
970 973 972
972 973 974
975 972 974
975 974 976
974 977 976
976 977 978
979 976 978
979 978 980
978 981 980
981 982 980
982 983 980
983 982 984
982 985 984
985 986 984
986 987 984
987 986 988
986 989 988
989 990 988
990 991 988
991 990 992
990 993 992
993 994 992
994 995 992
995 994 996
994 997 996
997 998 996
998 999 996
999 998 1000
998 1001 1000
1001 1002 1000
1002 1003 1000
1003 1002 1004
1002 1005 1004
1008 1007 1006
1009 1008 1006
1008 1009 1010
1011 1008 1010
1012 1011 1010
1013 1012 1010
1012 1013 1014
1015 1012 1014
1016 1015 1014
1017 1016 1014
1016 1017 1018
1019 1016 1018
1020 1019 1018
1021 1020 1018
1020 1021 1022
1023 1020 1022
1024 1023 1022
1025 1024 1022
1024 1025 1026
1027 1024 1026
1028 1027 1026
1029 1028 1026
1029 1030 1028
1030 1031 1028
1032 1031 1030
1033 1032 1030
1032 1033 1034
1035 1032 1034
1035 1034 1036
1034 1037 1036
1036 1037 1038
1039 1036 1038
1039 1038 1040
1038 1041 1040
1040 1041 1042
1043 1040 1042
1043 1042 1044
1042 1045 1044
1044 1045 1046
1047 1044 1046
1047 1046 1048
1046 1049 1048
1048 1049 1050
1051 1048 1050
1051 1050 1052
1050 1053 1052
1052 1053 1054
1055 1052 1054
1058 1057 1056
1057 1059 1056
1059 1057 1060
1057 1061 1060
1060 1061 1062
1063 1060 1062
1063 1062 1064
1062 1065 1064
1064 1065 1066
1067 1064 1066
1067 1066 1068
1066 1069 1068
1068 1069 1070
1071 1068 1070
1071 1070 1072
1070 1073 1072
1072 1073 1074
1075 1072 1074
1075 1074 1076
1074 1077 1076
1077 1078 1076
1078 1079 1076
1079 1078 1080
1078 1081 1080
1081 1082 1080
1082 1083 1080
1083 1082 1084
1082 1085 1084
1085 1086 1084
1086 1087 1084
1087 1086 1088
1086 1089 1088
1089 1090 1088
1090 1091 1088
1091 1090 1092
1090 1093 1092
1093 1094 1092
1094 1095 1092
1095 1094 1096
1094 1097 1096
1100 1099 1098
1101 1100 1098
1100 1101 1102
1103 1100 1102
1104 1103 1102
1105 1104 1102
1104 1105 1106
1107 1104 1106
1108 1107 1106
1109 1108 1106
1108 1109 1110
1111 1108 1110
1112 1111 1110
1113 1112 1110
1112 1113 1114
1115 1112 1114
1116 1115 1114
1117 1116 1114
1116 1117 1118
1119 1116 1118
1120 1119 1118
1121 1120 1118
1121 1122 1120
1122 1123 1120
1124 1123 1122
1125 1124 1122
1124 1125 1126
1127 1124 1126
1127 1126 1128
1126 1129 1128
1128 1129 1130
1131 1128 1130
1131 1130 1132
1130 1133 1132
1132 1133 1134
1135 1132 1134
1135 1134 1136
1134 1137 1136
1136 1137 1138
1139 1136 1138
1139 1138 1140
892 1141 891
891 1141 1142
1141 1143 1142
1142 1143 1144
1143 1145 1144
1144 1145 1146
1145 1147 1146
1146 1147 1148
1147 1149 1148
1148 1149 1150
1149 1151 1150
1150 1151 1152
1151 1153 1152
1152 1153 1154
1153 1155 1154
1154 1155 1156
1155 1157 1156
1157 1155 1158
1159 1157 1158
1159 1158 1160
1161 1159 1160
1161 1160 1162
1160 1163 1162
1164 1162 1163
1165 1164 1163
1163 1166 1165
1166 1167 1165
1165 1167 1168
1167 1169 1168
1169 1167 1170
1167 1171 1170
1167 1166 1171
1166 1172 1171
1173 1171 1172
1171 1173 1170
1173 1174 1170
1174 1173 1175
1173 1176 1175
1176 1177 1175
1177 1178 1175
1178 1177 1179
1177 1180 1179
1180 1181 1179
1181 1182 1179
1181 1183 1182
1183 1184 1182
1183 1181 1185
1181 1186 1185
1186 1187 1185
1187 1188 1185
1188 1187 1189
1187 1190 1189
892 1189 1190
1141 892 1190
1141 1190 1191
1143 1141 1191
1145 1143 1191
1192 1145 1191
1193 1192 1191
1194 1193 1191
1187 1194 1191
1190 1187 1191
1194 1187 1186
1195 1194 1186
1186 1181 1195
1181 1180 1195
1196 1195 1180
1177 1196 1180
1196 1177 1176
1197 1196 1176
1176 1173 1197
1173 1198 1197
1198 1173 1172
1199 1198 1172
1198 1199 1197
1199 1200 1197
1200 1193 1197
1193 1196 1197
1196 1193 1195
1193 1194 1195
1200 1199 1201
1201 1192 1200
1192 1193 1200
1145 1192 1201
1147 1145 1201
1149 1147 1201
1202 1149 1201
1199 1202 1201
1202 1199 1203
1149 1202 1203
1151 1149 1203
1153 1151 1203
1204 1153 1203
1153 1204 1155
1204 1158 1155
1158 1204 1160
1204 1205 1160
1160 1205 1163
1205 1166 1163
1205 1206 1166
1206 1172 1166
1206 1199 1172
1199 1206 1203
1206 1205 1203
1205 1204 1203
1164 1165 1168
1207 1164 1168
1210 1209 1208
1209 1211 1208
1212 1208 1211
1213 1212 1211
1212 1213 1214
1213 1215 1214
1216 1214 1215
1217 1216 1215
1216 1217 1218
1217 1219 1218
1219 1220 1218
1220 1221 1218
1221 1220 1222
1220 1223 1222
1224 1222 1223
1225 1224 1223
1225 1223 1226
1227 1225 1226
1226 1228 1227
1228 1229 1227
1227 1229 1230
1225 1227 1230
1231 1225 1230
1225 1231 1224
1231 1232 1224
1229 1233 1230
1233 1229 1234
1229 1235 1234
1236 1234 1235
1237 1236 1235
1237 1235 1238
1235 1229 1238
1229 1228 1238
1228 1239 1238
1239 1228 1226
1240 1239 1226
1240 1226 1223
1220 1240 1223
1240 1220 1241
1220 1219 1241
1219 1217 1241
1217 1242 1241
1243 1241 1242
1244 1243 1242
1244 1242 1245
1242 1217 1245
1217 1215 1245
1246 1245 1215
1213 1246 1215
1246 1213 1211
1247 1246 1211
1211 1209 1247
1209 1248 1247
1249 1247 1248
1250 1249 1248
1250 1251 1249
1251 1252 1249
1251 1253 1252
1253 1254 1252
1254 1253 1255
1256 1254 1255
1257 1254 1256
1258 1257 1256
1259 1257 1258
1260 1259 1258
1261 1259 1260
1262 1261 1260
1263 1261 1262
1264 1263 1262
1265 1263 1264
1266 1265 1264
1267 1265 1266
1268 1267 1266
1237 1267 1268
1269 1237 1268
1236 1237 1269
1270 1236 1269
1267 1237 1238
1265 1267 1238
1271 1265 1238
1239 1271 1238
1271 1239 1243
1243 1239 1241
1239 1240 1241
1272 1271 1243
1243 1244 1272
1244 1273 1272
1273 1261 1272
1261 1263 1272
1271 1272 1263
1265 1271 1263
1261 1273 1259
1273 1274 1259
1257 1259 1274
1275 1257 1274
1276 1275 1274
1277 1276 1274
1244 1277 1274
1273 1244 1274
1277 1244 1245
1277 1245 1246
1276 1277 1246
1276 1246 1247
1249 1276 1247
1275 1276 1249
1252 1275 1249
1257 1275 1252
1254 1257 1252
1280 1279 1278
1279 1281 1278
1278 1281 1282
1281 1283 1282
1282 1283 1284
1283 1285 1284
1284 1285 1286
1285 1287 1286
1286 1287 1288
1287 1289 1288
1288 1289 1290
1289 1291 1290
1290 1291 1292
1291 1293 1292
1292 1293 1294
1293 1295 1294
1294 1295 1296
1295 1297 1296
1297 1295 1298
1295 1293 1298
1293 1299 1298
1298 1299 1300
1299 1301 1300
1300 1301 1302
1300 1302 1303
1304 1303 1302
1305 1304 1302
1302 1306 1305
1301 1306 1302
1301 1307 1306
1307 1308 1306
1306 1308 1309
1310 1309 1308
1311 1310 1308
1312 1311 1308
1307 1312 1308
1312 1307 1313
1307 1301 1313
1301 1299 1313
1299 1293 1313
1293 1291 1313
1138 1314 1140
1140 1314 1315
1316 1140 1315
1316 1315 1317
1315 1318 1317
1317 1318 1319
1320 1317 1319
1323 1322 1321
1322 1324 1321
1325 1324 1322
1326 1325 1322
1326 1327 1325
1327 1328 1325
1329 1328 1327
1330 1329 1327
1330 1331 1329
1331 1332 1329
1333 1332 1331
1334 1333 1331
1334 1335 1333
1335 1336 1333
1337 1336 1335
1338 1337 1335
1338 1339 1337
1339 1340 1337
1341 1340 1339
1342 1341 1339
1342 1343 1341
1343 1344 1341
1344 1343 1345
1343 1346 1345
1345 1346 1347
1348 1345 1347
1349 1348 1347
1350 1349 1347
1349 1350 1351
1352 1349 1351
1353 1352 1351
1354 1353 1351
1353 1354 1355
1356 1353 1355
1357 1356 1355
1358 1357 1355
1357 1358 1359
1360 1357 1359
1361 1360 1359
1362 1361 1359
1361 1362 1363
1364 1361 1363
1365 1364 1363
1366 1365 1363
1365 1366 1367
1368 1365 1367
1369 1368 1367
1370 1369 1367
1373 1372 1371
1372 1374 1371
1371 1374 1375
1374 1376 1375
1377 1375 1376
1378 1377 1376
1378 1379 1377
1379 1380 1377
1381 1380 1379
1382 1381 1379
1382 1383 1381
1383 1384 1381
1385 1384 1383
1386 1385 1383
1386 1387 1385
1387 1388 1385
1389 1388 1387
1390 1389 1387
1390 1391 1389
1391 1392 1389
1392 1391 1393
1391 1394 1393
1393 1394 1395
1396 1393 1395
1397 1396 1395
1398 1397 1395
1397 1398 1399
1400 1397 1399
1401 1400 1399
1402 1401 1399
1401 1402 1403
1404 1401 1403
1405 1404 1403
1406 1405 1403
1405 1406 1407
1408 1405 1407
1409 1408 1407
1410 1409 1407
1409 1410 1411
1412 1409 1411
1411 1413 1412
1413 1414 1412
1413 1415 1414
1415 1416 1414
1419 1418 1417
1418 1420 1417
1420 1421 1417
1421 1422 1417
1422 1421 1423
1421 1424 1423
1424 1425 1423
1425 1426 1423
1426 1425 1427
1425 1428 1427
1428 1429 1427
1429 1430 1427
1430 1429 1431
1429 1432 1431
1432 1433 1431
1433 1434 1431
1434 1433 1435
1433 1436 1435
1436 1437 1435
1437 1438 1435
1438 1437 1439
1437 1440 1439
1440 1441 1439
1441 1442 1439
1442 1441 1443
1441 1444 1443
1444 1445 1443
1445 1446 1443
1447 1446 1445
1448 1447 1445
1448 1449 1447
1449 1450 1447
1451 1450 1449
1452 1451 1449
1452 1453 1451
1453 1454 1451
1455 1454 1453
1456 1455 1453
1456 1457 1455
1457 1458 1455
1459 1458 1457
1460 1459 1457
1460 1461 1459
1461 1462 1459
1463 1462 1461
1464 1463 1461
1464 1465 1463
1465 1466 1463
1469 1468 1467
1470 1468 1469
1471 1470 1469
1472 1470 1471
1472 1473 1470
1470 1473 1468
1468 1473 1474
1473 1475 1474
1476 1475 1473
1477 1476 1473
1477 1473 1472
1478 1476 1477
1478 1479 1476
1476 1479 1475
1475 1479 1480
1479 1481 1480
1482 1481 1479
1483 1482 1479
1483 1479 1478
1484 1482 1483
1484 1485 1482
1482 1485 1481
1481 1485 1486
1485 1487 1486
1488 1487 1485
1489 1488 1485
1489 1485 1484
1490 1488 1489
1490 1491 1488
1488 1491 1487
1487 1491 1492
1491 1493 1492
1494 1493 1491
1495 1494 1491
1495 1491 1490
1496 1494 1495
1496 1497 1494
1494 1497 1493
1493 1497 1498
1497 1499 1498
1500 1499 1497
1501 1500 1497
1501 1497 1496
1502 1500 1501
1502 1503 1500
1504 1503 1502
1500 1503 1499
1499 1503 1505
1508 1507 1506
1509 1508 1506
1510 1508 1509
1511 1510 1509
1511 1509 1512
1509 1506 1512
1512 1506 1513
1512 1513 1514
1515 1512 1514
1515 1514 1516
1516 1514 1517
1516 1517 1518
1519 1516 1518
1519 1518 1520
1520 1518 1521
1520 1521 1522
1523 1520 1522
1523 1522 1524
1524 1522 1525
1524 1525 1526
1527 1524 1526
1527 1526 1528
1528 1526 1529
1528 1529 1530
1531 1528 1530
1531 1530 1532
1532 1530 1533
1534 1531 1532
1535 1534 1532
1534 1536 1531
1536 1528 1531
1536 1537 1528
1537 1527 1528
1537 1538 1527
1538 1524 1527
1538 1539 1524
1539 1523 1524
1539 1540 1523
1540 1520 1523
1540 1541 1520
1541 1519 1520
1541 1542 1519
1542 1516 1519
1542 1543 1516
1543 1515 1516
1543 1544 1515
1544 1512 1515
1544 1511 1512
1547 1546 1545
1548 1547 1545
1549 1547 1548
1550 1549 1548
1551 1549 1550
1552 1551 1550
1553 1551 1552
1554 1553 1552
1555 1553 1554
1556 1555 1554
1557 1555 1556
1558 1557 1556
1561 1560 1559
1562 1313 1291
1289 1562 1291
1562 1289 1563
1289 1287 1563
1287 1285 1563
1285 1564 1563
1563 1564 1565
1564 1566 1565
1565 1566 1567
1312 1565 1567
1311 1312 1567
1310 1311 1567
1568 1310 1567
1567 1569 1568
1566 1569 1567
1569 1566 1570
1569 1570 1571
1572 1571 1570
1573 1572 1570
1574 1573 1570
1575 1574 1570
1566 1575 1570
1575 1566 1576
1574 1575 1576
1577 1574 1576
1281 1577 1576
1283 1281 1576
1285 1283 1576
1564 1285 1576
1566 1564 1576
1281 1279 1577
1279 1578 1577
1574 1577 1578
1579 1574 1578
1574 1579 1580
1573 1574 1580
1572 1573 1580
1581 1572 1580
1572 1581 1582
1581 1583 1582
1572 1582 1571
1582 1584 1571
1585 1571 1584
1586 1585 1584
1585 1586 1587
1568 1585 1587
1310 1568 1587
1588 1310 1587
1310 1588 1309
1588 1589 1309
1590 1309 1589
1591 1590 1589
1590 1591 1305
1306 1590 1305
1590 1306 1309
1591 1592 1305
1304 1305 1592
1593 1304 1592
1569 1585 1568
1585 1569 1571
1565 1312 1563
1312 1562 1563
1562 1312 1313
1594 1297 1298
1594 1298 1300
1595 1594 1300
1595 1300 1303
1598 1597 1596
1597 1599 1596
1599 1600 1596
1600 1601 1596
1601 1600 1602
1600 1603 1602
1603 1604 1602
1604 1605 1602
1605 1604 1606
1604 1607 1606
1607 1608 1606
1608 1609 1606
1609 1608 1610
1608 1611 1610
1611 1612 1610
1612 1613 1610
1612 1614 1613
1614 1615 1613
1614 1612 1616
1612 1617 1616
1617 1618 1616
1618 1619 1616
1619 1618 1620
1618 1621 1620
1622 1620 1621
1623 1622 1621
1623 1621 1624
1621 1618 1624
1618 1625 1624
1625 1626 1624
1626 1627 1624
1627 1628 1624
1628 1629 1624
1629 1623 1624
1623 1629 1630
1630 1629 1631
1629 1628 1631
1631 1628 1632
1628 1633 1632
1632 1633 1634
1633 1635 1634
1634 1635 1636
1635 1637 1636
1636 1637 1638
1637 1639 1638
1638 1639 1640
1639 1641 1640
1640 1641 1642
1641 1643 1642
1643 1641 1644
1645 1643 1644
1645 1644 1646
1647 1645 1646
1647 1646 1648
1646 1649 1648
1597 1648 1649
1599 1597 1649
1649 1650 1599
1650 1600 1599
1600 1650 1603
1650 1651 1603
1604 1603 1651
1652 1604 1651
1653 1652 1651
1654 1653 1651
1654 1651 1650
1655 1654 1650
1655 1650 1649
1646 1655 1649
1656 1655 1646
1644 1656 1646
1656 1644 1641
1639 1656 1641
1656 1639 1657
1639 1637 1657
1637 1635 1657
1635 1658 1657
1658 1653 1657
1653 1654 1657
1654 1655 1657
1655 1656 1657
1658 1635 1659
1635 1633 1659
1627 1659 1633
1628 1627 1633
1659 1627 1660
1627 1626 1660
1660 1626 1661
1653 1660 1661
1652 1653 1661
1604 1652 1661
1607 1604 1661
1661 1662 1607
1662 1608 1607
1608 1662 1611
1662 1663 1611
1612 1611 1663
1617 1612 1663
1618 1617 1663
1625 1618 1663
1626 1625 1663
1662 1626 1663
1626 1662 1661
1653 1658 1659
1660 1653 1659
1664 1623 1630
1622 1623 1664
1665 1622 1664
1668 1667 1666
1667 1669 1666
1666 1669 1670
1669 1671 1670
1670 1671 1672
1671 1673 1672
1672 1673 1674
1673 1675 1674
1674 1675 1676
1675 1677 1676
1676 1677 1678
1677 1679 1678
1678 1679 1680
1679 1681 1680
1680 1681 1682
1681 1683 1682
1682 1683 1684
1683 1685 1684
1685 1683 1686
1687 1685 1686
1687 1686 1688
1689 1687 1688
1689 1688 1690
1688 1691 1690
1692 1690 1691
1693 1692 1691
1691 1694 1693
1694 1695 1693
1695 1696 1693
1696 1697 1693
1692 1693 1697
1698 1692 1697
1696 1695 1699
1695 1700 1699
1701 1699 1700
1702 1701 1700
1701 1702 1703
1702 1704 1703
1705 1703 1704
1706 1705 1704
1705 1706 1707
1706 1708 1707
1709 1707 1708
1710 1709 1708
1710 1708 1711
1712 1710 1711
1713 1712 1711
1714 1713 1711
1715 1714 1711
1716 1715 1711
1716 1711 1708
1706 1716 1708
1716 1706 1704
1717 1716 1704
1704 1702 1717
1702 1718 1717
1718 1719 1717
1719 1720 1717
1720 1715 1717
1715 1716 1717
1721 1715 1720
1722 1721 1720
1720 1719 1722
1719 1723 1722
1723 1677 1722
1677 1675 1722
1721 1722 1675
1673 1721 1675
1721 1673 1724
1673 1671 1724
1671 1669 1724
1669 1725 1724
1669 1667 1725
1667 1726 1725
1713 1725 1726
1727 1713 1726
1713 1727 1728
1712 1713 1728
1710 1712 1728
1729 1710 1728
1710 1729 1709
1560 1730 1559
1560 1731 1730
1731 1732 1730
1735 1734 1733
1734 1736 1733
1734 1737 1736
1737 1738 1736
1737 1739 1738
1739 1740 1738
1739 1741 1740
1741 1742 1740
1741 1743 1742
1743 1744 1742
1743 1745 1744
1745 1746 1744
1749 1748 1747
1748 1750 1747
1747 1750 1751
1750 1752 1751
1755 1754 1753
1754 1756 1753
1754 1757 1756
1757 1758 1756
1757 1759 1758
1759 1760 1758
1759 1761 1760
1761 1762 1760
1761 1763 1762
1763 1764 1762
1763 1765 1764
1765 1766 1764
1769 1768 1767
1768 1770 1767
1767 1770 1771
1770 1772 1771
1775 1774 1773
1776 1775 1773
1777 1775 1776
1778 1777 1776
1779 1777 1778
1780 1779 1778
1781 1779 1780
1782 1781 1780
1783 1781 1782
1784 1783 1782
1785 1783 1784
1786 1785 1784
1789 1788 1787
1788 1790 1787
1788 1791 1790
1791 1792 1790
1795 1794 1793
1794 1796 1793
1794 1797 1796
1797 1798 1796
1801 1800 1799
1802 1801 1799
1801 1802 1803
1802 1804 1803
1807 1806 1805
1808 1807 1805
1807 1808 1809
1808 1810 1809
1813 1812 1811
1812 1814 1811
1812 1815 1814
1815 1816 1814
1819 1818 1817
1820 1819 1817
1820 1817 1821
1817 1822 1821
1823 1821 1822
1824 1823 1822
1825 1823 1824
1826 1825 1824
1829 1828 1827
1830 1829 1827
1831 1830 1827
1830 1831 1832
1833 1830 1832
1836 1835 1834
1835 1837 1834
1837 1838 1834
1839 1838 1837
1840 1839 1837
1843 1842 1841
1844 1843 1841
1847 1846 1845
1848 1847 1845
1851 1850 1849
1852 1851 1849
1855 1854 1853
1854 1856 1853
1854 1857 1856
1857 1858 1856
1861 1860 1859
1860 1862 1859
1865 1864 1863
1864 1866 1863
1867 1863 1866
1868 1863 1867
1869 1868 1867
1872 1871 1870
1873 1872 1870
1874 1872 1873
1875 1874 1873
1875 1876 1874
1876 1877 1874
1878 1877 1876
1879 1878 1876
1882 1881 1880
1881 1883 1880
1884 1883 1881
1885 1884 1881
1888 1887 1886
1889 1888 1886
1892 1891 1890
1893 1892 1890
1896 1895 1894
1897 1896 1894
1897 1894 1898
1894 1899 1898
1899 1900 1898
1903 1902 1901
1904 1903 1901
1907 1906 1905
1908 1907 1905
1905 1909 1908
1909 1910 1908
1911 1910 1909
1912 1911 1909
1912 1913 1911
1913 1914 1911
1917 1916 1915
1918 1917 1915
1919 1918 1915
1918 1919 1920
1921 1918 1920
1924 1923 1922
1923 1925 1922
1925 1926 1922
1927 1926 1925
1928 1927 1925
1931 1930 1929
1932 1931 1929
1935 1934 1933
1936 1935 1933
1939 1938 1937
1940 1939 1937
1943 1942 1941
1942 1944 1941
1942 1945 1944
1945 1946 1944
1949 1948 1947
1950 1949 1947
1953 1952 1951
1952 1954 1951
1955 1951 1954
1956 1951 1955
1957 1956 1955
1960 1959 1958
1959 1961 1958
1959 1962 1961
1962 1963 1961
1962 1964 1963
1964 1965 1963
1966 1965 1964
1967 1966 1964
1970 1969 1968
1969 1971 1968
1969 1972 1971
1972 1973 1971
1976 1975 1974
1977 1976 1974
1980 1979 1978
1981 1980 1978
1984 1983 1982
1985 1984 1982
1985 1982 1986
1982 1987 1986
1987 1988 1986
1991 1990 1989
1992 1991 1989
1995 1994 1993
1994 1996 1993
1993 1996 1997
1998 1993 1997
1998 1997 1999
2000 1998 1999
2000 1999 2001
2002 2000 2001
2005 2004 2003
2006 2005 2003
2006 2007 2005
2008 2007 2006
2009 2008 2006
2012 2011 2010
2013 2012 2010
2014 2013 2010
2014 2015 2013
2015 2016 2013
2019 2018 2017
2020 2019 2017
2023 2022 2021
2024 2023 2021
2027 2026 2025
2028 2027 2025
2031 2030 2029
2032 2031 2029
2033 2031 2032
2034 2033 2032
2037 2036 2035
2038 2037 2035
2038 2035 2039
2040 2038 2039
2041 2040 2039
2042 2041 2039
2042 2043 2041
2043 2044 2041
2047 2046 2045
2048 2047 2045
2051 2050 2049
2052 2051 2049
2049 2053 2052
2049 2054 2053
2054 2055 2053
2058 2057 2056
2059 2058 2056
2058 2059 2060
2061 2058 2060
2064 2063 2062
2065 2064 2062
2068 2067 2066
2069 2068 2066
2072 2071 2070
2071 2073 2070
2073 2074 2070
2075 2074 2073
2076 2075 2073
2079 2078 2077
2080 2079 2077
2083 2082 2081
2082 2084 2081
2081 2084 2085
2084 2086 2085
2085 2086 2087
2088 2085 2087
2089 2088 2087
2090 2089 2087
2093 2092 2091
2094 2093 2091
2094 2095 2093
2096 2095 2094
2097 2096 2094
2100 2099 2098
2101 2100 2098
1729 2102 1709
1713 1714 1725
1714 1724 1725
1714 1715 1724
1715 1721 1724
1695 1694 1700
1694 2103 1700
1702 1700 2103
1718 1702 2103
2103 2104 1718
2104 1719 1718
1719 2104 2105
1723 1719 2105
1677 1723 2105
1679 1677 2105
1681 1679 2105
2106 1681 2105
1681 2106 1683
2106 1686 1683
1686 2106 1688
2106 2107 1688
1688 2107 1691
2107 1694 1691
2107 2104 1694
2104 2103 1694
2104 2107 2105
2107 2106 2105
2110 2109 2108
2109 2111 2108
2108 2111 2112
2111 2113 2112
2112 2113 2114
2113 2115 2114
2114 2115 2116
2115 2117 2116
2116 2117 2118
2117 2119 2118
2118 2119 2120
2119 2121 2120
2120 2121 2122
2121 2123 2122
2123 2124 2122
2124 2125 2122
2125 2124 2126
2124 2127 2126
2127 2124 2128
2124 2123 2128
2123 2129 2128
2128 2129 2130
2129 2131 2130
2130 2131 2132
2130 2132 2133
2134 2133 2132
2135 2134 2132
2132 2136 2135
2131 2136 2132
2131 2137 2136
2137 2138 2136
2136 2138 2139
2140 2139 2138
2141 2140 2138
2142 2141 2138
2137 2142 2138
2142 2137 2143
2137 2131 2143
2131 2129 2143
2129 2123 2143
2123 2121 2143
2121 2119 2143
2119 2144 2143
2144 2142 2143
2142 2144 2145
2144 2119 2145
2119 2117 2145
2117 2115 2145
2115 2146 2145
2145 2146 2147
2147 2142 2145
2142 2147 2141
2147 2148 2141
2140 2141 2148
2149 2140 2148
2148 2150 2149
2150 2151 2149
2149 2151 2152
2151 2153 2152
2153 2151 2154
2151 2155 2154
2156 2154 2155
2157 2156 2155
2157 2155 2158
2159 2157 2158
2158 2160 2159
2160 2161 2159
2159 2161 2162
2157 2159 2162
2163 2157 2162
2157 2163 2156
2163 2164 2156
2161 2165 2162
2165 2161 2166
2161 2167 2166
2109 2166 2167
2111 2109 2167
2111 2167 2168
2113 2111 2168
2115 2113 2168
2146 2115 2168
2169 2146 2168
2146 2169 2147
2147 2169 2148
2169 2150 2148
2150 2169 2158
2150 2158 2155
2151 2150 2155
2169 2160 2158
2160 2169 2168
2161 2160 2168
2167 2161 2168
2140 2149 2152
2170 2140 2152
2140 2170 2139
2170 2171 2139
2172 2139 2171
2173 2172 2171
2172 2173 2174
2135 2172 2174
2134 2135 2174
2175 2134 2174
2136 2172 2135
2172 2136 2139
2176 2127 2128
2176 2128 2130
2177 2176 2130
2177 2130 2133
2180 2179 2178
2179 2181 2178
2178 2181 2182
2181 2183 2182
2182 2183 2184
2183 2185 2184
2184 2185 2186
2185 2187 2186
2186 2187 2188
2187 2189 2188
2188 2189 2190
2189 2191 2190
2190 2191 2192
2191 2193 2192
2192 2193 2194
2193 2195 2194
2194 2195 2196
2195 2197 2196
2197 2195 2198
2195 2193 2198
2193 2199 2198
2198 2199 2200
2199 2201 2200
2200 2201 2202
2200 2202 2203
2204 2203 2202
2205 2204 2202
2202 2206 2205
2201 2206 2202
2201 2207 2206
2207 2208 2206
2206 2208 2209
2210 2209 2208
2211 2210 2208
2212 2211 2208
2207 2212 2208
2212 2207 2213
2207 2201 2213
2201 2199 2213
2199 2193 2213
2193 2191 2213
2214 2213 2191
2189 2214 2191
2214 2189 2215
2189 2187 2215
2187 2185 2215
2185 2216 2215
2215 2216 2217
2216 2218 2217
2217 2218 2219
2217 2219 2211
2212 2217 2211
2217 2212 2215
2212 2214 2215
2214 2212 2213
2211 2219 2220
2210 2211 2220
2210 2220 2221
2222 2210 2221
2210 2222 2209
2222 2223 2209
2224 2209 2223
2225 2224 2223
2224 2225 2226
2205 2224 2226
2204 2205 2226
2227 2204 2226
2206 2224 2205
2224 2206 2209
2220 2228 2221
2228 2229 2221
2229 2228 2230
2228 2231 2230
2232 2230 2231
2233 2232 2231
2233 2231 2234
2235 2233 2234
2234 2236 2235
2236 2237 2235
2235 2237 2238
2233 2235 2238
2239 2233 2238
2233 2239 2232
2239 2240 2232
2237 2241 2238
2241 2237 2242
2237 2243 2242
2179 2242 2243
2181 2179 2243
2181 2243 2183
2243 2244 2183
2185 2183 2244
2216 2185 2244
2218 2216 2244
2236 2218 2244
2237 2236 2244
2243 2237 2244
2218 2236 2234
2245 2218 2234
2245 2234 2231
2228 2245 2231
2245 2228 2220
2219 2245 2220
2218 2245 2219
2246 2197 2198
2246 2198 2200
2247 2246 2200
2247 2200 2203
2250 2249 2248
2250 2251 2249
2250 2253 2252
2250 2254 2253
2250 2256 2255
2250 2257 2256
2250 2259 2258
2250 2260 2259
2250 2262 2261
2250 2263 2262
2250 2265 2264
2250 2266 2265
2250 2268 2267
2269 2101 2098
2269 2270 2101
2270 2271 2101
2274 2273 2272
2275 2274 2272
2278 2277 2276
2279 2278 2276
2282 2281 2280
2283 2282 2280
2286 2285 2284
2287 2286 2284
2288 2286 2287
2289 2288 2287
2292 2291 2290
2293 2292 2290
2294 2292 2293
2295 2294 2293
2296 2294 2295
2297 2296 2295
2297 2298 2296
2298 2299 2296
2302 2301 2300
2301 2303 2300
2306 2305 2304
2307 2306 2304
2304 2308 2307
2304 2309 2308
2309 2310 2308
2313 2312 2311
2314 2313 2311
2315 2313 2314
2316 2315 2314
2319 2318 2317
2320 2319 2317
2323 2322 2321
2324 2323 2321
2327 2326 2325
2326 2328 2325
2328 2329 2325
2330 2329 2328
2331 2330 2328
2334 2333 2332
2335 2334 2332
2338 2337 2336
2337 2339 2336
2336 2339 2340
2341 2336 2340
2341 2340 2342
2343 2341 2342
2343 2342 2344
2345 2343 2344
2348 2347 2346
2349 2348 2346
2349 2350 2348
2351 2350 2349
2352 2351 2349
2355 2354 2353
2356 2355 2353
2357 2356 2353
2357 2358 2356
2358 2359 2356
2362 2361 2360
2363 2362 2360
2366 2365 2364
2367 2366 2364
2370 2369 2368
2371 2370 2368
2374 2373 2372
2375 2374 2372
2376 2374 2375
2377 2376 2375
2380 2379 2378
2381 2380 2378
2381 2378 2382
2383 2381 2382
2384 2383 2382
2385 2384 2382
2385 2386 2384
2386 2387 2384
2390 2389 2388
2391 2390 2388
2394 2393 2392
2395 2394 2392
2392 2396 2395
2392 2397 2396
2397 2398 2396
2401 2400 2399
2402 2401 2399
2403 2401 2402
2404 2403 2402
2407 2406 2405
2408 2407 2405
2411 2410 2409
2412 2411 2409
2415 2414 2413
2414 2416 2413
2416 2417 2413
2418 2417 2416
2419 2418 2416
2422 2421 2420
2423 2422 2420
2426 2425 2424
2425 2427 2424
2424 2427 2428
2427 2429 2428
2428 2429 2430
2431 2428 2430
2432 2431 2430
2433 2432 2430
2436 2435 2434
2437 2436 2434
2437 2438 2436
2439 2438 2437
2440 2439 2437
2443 2442 2441
2444 2443 2441
2445 2444 2441
2445 2446 2444
2446 2447 2444
2450 2449 2448
2449 2451 2448
2454 2453 2452
2455 2454 2452
2458 2457 2456
2459 2458 2456
2462 2461 2460
2463 2462 2460
2464 2462 2463
2465 2464 2463
2468 2467 2466
2469 2468 2466
2470 2468 2469
2471 2470 2469
2470 2471 2472
2473 2470 2472
2472 2474 2473
2474 2475 2473
2478 2477 2476
2477 2479 2476
2482 2481 2480
2483 2482 2480
2480 2484 2483
2480 2485 2484
2485 2486 2484
2489 2488 2487
2490 2489 2487
2491 2489 2490
2492 2491 2490
2495 2494 2493
2496 2495 2493
2499 2498 2497
2500 2499 2497
2503 2502 2501
2502 2504 2501
2504 2505 2501
2506 2505 2504
2507 2506 2504
2510 2509 2508
2511 2510 2508
2514 2513 2512
2515 2514 2512
2515 2512 2516
2512 2517 2516
2518 2516 2517
2519 2518 2517
2520 2518 2519
2521 2520 2519
2524 2523 2522
2525 2524 2522
2526 2525 2522
2525 2526 2527
2528 2525 2527
2531 2530 2529
2530 2532 2529
2532 2533 2529
2534 2533 2532
2535 2534 2532
2538 2537 2536
2539 2538 2536
2542 2541 2540
2543 2542 2540
2546 2545 2544
2547 2546 2544
2550 2549 2548
2549 2551 2548
2549 2552 2551
2552 2553 2551
2556 2555 2554
2555 2557 2554
2560 2559 2558
2559 2561 2558
2562 2558 2561
2563 2558 2562
2564 2563 2562
2567 2566 2565
2568 2567 2565
2569 2567 2568
2570 2569 2568
2570 2571 2569
2571 2572 2569
2573 2572 2571
2574 2573 2571
2577 2576 2575
2576 2578 2575
2576 2579 2578
2579 2580 2578
2583 2582 2581
2584 2583 2581
2587 2586 2585
2588 2587 2585
2591 2590 2589
2592 2591 2589
2592 2589 2593
2589 2594 2593
2594 2595 2593
2598 2597 2596
2599 2598 2596
2602 2601 2600
2603 2602 2600
2600 2604 2603
2604 2605 2603
2606 2605 2604
2607 2606 2604
2607 2608 2606
2608 2609 2606
2612 2611 2610
2613 2612 2610
2614 2613 2610
2613 2614 2615
2616 2613 2615
2619 2618 2617
2618 2620 2617
2620 2621 2617
2622 2621 2620
2623 2622 2620
2626 2625 2624
2627 2626 2624
2630 2629 2628
2631 2630 2628
2634 2633 2632
2633 2635 2632
2638 2637 2636
2637 2639 2636
2637 2640 2639
2640 2641 2639
2644 2643 2642
2645 2644 2642
2648 2647 2646
2647 2649 2646
2650 2646 2649
2651 2646 2650
2652 2651 2650
2655 2654 2653
2654 2656 2653
2654 285 2656
285 286 2656
2250 2657 2268
2250 2659 2658
2250 2660 2659
2250 2662 2661
2250 2663 2662
2250 2665 2664
2250 2666 2665
2250 2668 2667
2250 2669 2668
2672 2671 2670
2672 2673 2671
2672 2675 2674
2672 2676 2675
2672 2678 2677
2672 2679 2678
2672 2681 2680
2672 2682 2681
2685 2684 2683
2685 2686 2684
