0
4
sm00_materials\cp_materials\metal\cp_base_steel_trim_01.material
1
0
1248
-1.960205 0.098877 2.016602
0.000978 -1 -0.000001
0 0 0 0
0.060547 0.217285
-1.970215 0.098877 2.037842
0.000978 -1 -0.000001
0 0 0 0
0.001465 0.095215
-1.970215 0.098877 2.016602
0.000978 -1 -0.000001
0 0 0 0
0.001465 0.217285
-1.960205 0.098877 2.037842
0.000978 -1 -0.000001
0 0 0 0
0.060547 0.095215
-1.970215 0.098877 2.016602
-0.866004 -0.500032 0.002086
0 0 0 0
0.001465 0.217285
-1.970215 0.098877 2.037842
-0.866004 -0.500032 0.002086
0 0 0 0
0.001465 0.095215
-1.975342 0.107666 2.037842
-0.866004 -0.500032 0.002086
0 0 0 0
0.060547 0.095215
-1.975342 0.107666 2.016602
-0.866004 -0.500032 0.002086
0 0 0 0
0.060547 0.217285
-1.975342 0.107666 2.016602
-0.866004 0.500032 0.002086
0 0 0 0
0.001465 0.217285
-1.975342 0.107666 2.037842
-0.866004 0.500032 0.002086
0 0 0 0
0.001465 0.095215
-1.970215 0.116211 2.037842
-0.866004 0.500032 0.002086
0 0 0 0
0.060547 0.095215
-1.970215 0.116211 2.016602
-0.866004 0.500032 0.002086
0 0 0 0
0.060547 0.217285
-1.970215 0.116211 2.016602
0.000978 1 -0.000001
0 0 0 0
0.001465 0.217285
-1.970215 0.116211 2.037842
0.000978 1 -0.000001
0 0 0 0
0.001465 0.095215
-1.960205 0.116211 2.037842
0.000978 1 -0.000001
0 0 0 0
0.060547 0.095215
-1.960205 0.116211 2.016602
0.000978 1 -0.000001
0 0 0 0
0.060547 0.217285
-1.960205 0.116211 2.016602
0.866004 0.500032 0.002086
0 0 0 0
0.001465 0.217285
-1.960205 0.116211 2.037842
0.866004 0.500032 0.002086
0 0 0 0
0.001465 0.095215
-1.955322 0.107666 2.037842
0.866004 0.500032 0.002086
0 0 0 0
0.060547 0.095215
-1.955322 0.107666 2.016602
0.866004 0.500032 0.002086
0 0 0 0
0.060547 0.217285
-1.955322 0.107666 2.016602
0.866004 -0.500032 0.002086
0 0 0 0
0.001465 0.217285
-1.955322 0.107666 2.037842
0.866004 -0.500032 0.002086
0 0 0 0
0.001465 0.095215
-1.960205 0.098877 2.037842
0.866004 -0.500032 0.002086
0 0 0 0
0.060547 0.095215
-1.960205 0.098877 2.016602
0.866004 -0.500032 0.002086
0 0 0 0
0.060547 0.217285
-1.955322 0.107666 2.037842
0.001382 0.001382 0.999998
0 0 0 0
0.328613 0.913818
-1.970215 0.098877 2.037842
0.001382 0.001382 0.999998
0 0 0 0
0.258789 0.954346
-1.960205 0.098877 2.037842
0.001382 0.001382 0.999998
0 0 0 0
0.281982 0.913818
-1.975342 0.107666 2.037842
0.001382 0.001382 0.999998
0 0 0 0
0.281982 0.994629
-1.970215 0.116211 2.037842
0.001382 0.001382 0.999998
0 0 0 0
0.328613 0.994629
-1.960205 0.116211 2.037842
0.001382 0.001382 0.999998
0 0 0 0
0.351807 0.954102
-1.961914 1.931152 2.016602
0.000978 -1 -0.000001
0 0 0 0
0.060547 0.217285
-1.971924 1.931152 2.037842
0.000978 -1 -0.000001
0 0 0 0
0.001465 0.095215
-1.971924 1.931152 2.016602
0.000978 -1 -0.000001
0 0 0 0
0.001465 0.217285
-1.961914 1.931152 2.037842
0.000978 -1 -0.000001
0 0 0 0
0.060547 0.095215
-1.971924 1.931152 2.016602
-0.866004 -0.500032 0.002086
0 0 0 0
0.001465 0.217285
-1.971924 1.931152 2.037842
-0.866004 -0.500032 0.002086
0 0 0 0
0.001465 0.095215
-1.977051 1.939941 2.037842
-0.866004 -0.500032 0.002086
0 0 0 0
0.060547 0.095215
-1.977051 1.939941 2.016602
-0.866004 -0.500032 0.002086
0 0 0 0
0.060547 0.217285
-1.977051 1.939941 2.016602
-0.866004 0.500032 0.002086
0 0 0 0
0.001465 0.217285
-1.977051 1.939941 2.037842
-0.866004 0.500032 0.002086
0 0 0 0
0.001465 0.095215
-1.971924 1.948486 2.037842
-0.866004 0.500032 0.002086
0 0 0 0
0.060547 0.095215
-1.971924 1.948486 2.016602
-0.866004 0.500032 0.002086
0 0 0 0
0.060547 0.217285
-1.971924 1.948486 2.016602
0.000978 1 -0.000001
0 0 0 0
0.001465 0.217285
-1.971924 1.948486 2.037842
0.000978 1 -0.000001
0 0 0 0
0.001465 0.095215
-1.961914 1.948486 2.037842
0.000978 1 -0.000001
0 0 0 0
0.060547 0.095215
-1.961914 1.948486 2.016602
0.000978 1 -0.000001
0 0 0 0
0.060547 0.217285
-1.961914 1.948486 2.016602
0.866004 0.500032 0.002086
0 0 0 0
0.001465 0.217285
-1.961914 1.948486 2.037842
0.866004 0.500032 0.002086
0 0 0 0
0.001465 0.095215
-1.957031 1.939941 2.037842
0.866004 0.500032 0.002086
0 0 0 0
0.060547 0.095215
-1.957031 1.939941 2.016602
0.866004 0.500032 0.002086
0 0 0 0
0.060547 0.217285
-1.957031 1.939941 2.016602
0.866004 -0.500032 0.002086
0 0 0 0
0.001465 0.217285
-1.957031 1.939941 2.037842
0.866004 -0.500032 0.002086
0 0 0 0
0.001465 0.095215
-1.961914 1.931152 2.037842
0.866004 -0.500032 0.002086
0 0 0 0
0.060547 0.095215
-1.961914 1.931152 2.016602
0.866004 -0.500032 0.002086
0 0 0 0
0.060547 0.217285
-1.957031 1.939941 2.037842
0.001382 0.001382 0.999998
0 0 0 0
0.328613 0.913818
-1.971924 1.931152 2.037842
0.001382 0.001382 0.999998
0 0 0 0
0.258789 0.954346
-1.961914 1.931152 2.037842
0.001382 0.001382 0.999998
0 0 0 0
0.281982 0.913818
-1.977051 1.939941 2.037842
0.001382 0.001382 0.999998
0 0 0 0
0.281982 0.994629
-1.971924 1.948486 2.037842
0.001382 0.001382 0.999998
0 0 0 0
0.328613 0.994629
-1.961914 1.948486 2.037842
0.001382 0.001382 0.999998
0 0 0 0
0.351807 0.954102
-1.961914 2.057373 2.016602
0.000978 -1 -0.000001
0 0 0 0
0.060547 0.217285
-1.971924 2.057373 2.037842
0.000978 -1 -0.000001
0 0 0 0
0.001465 0.095215
-1.971924 2.057373 2.016602
0.000978 -1 -0.000001
0 0 0 0
0.001465 0.217285
-1.961914 2.057373 2.037842
0.000978 -1 -0.000001
0 0 0 0
0.060547 0.095215
-1.971924 2.057373 2.016602
-0.866004 -0.500032 0.002086
0 0 0 0
0.001465 0.217285
-1.971924 2.057373 2.037842
-0.866004 -0.500032 0.002086
0 0 0 0
0.001465 0.095215
-1.977051 2.066162 2.037842
-0.866004 -0.500032 0.002086
0 0 0 0
0.060547 0.095215
-1.977051 2.066162 2.016602
-0.866004 -0.500032 0.002086
0 0 0 0
0.060547 0.217285
-1.977051 2.066162 2.016602
-0.866004 0.500032 0.002086
0 0 0 0
0.001465 0.217285
-1.977051 2.066162 2.037842
-0.866004 0.500032 0.002086
0 0 0 0
0.001465 0.095215
-1.971924 2.074707 2.037842
-0.866004 0.500032 0.002086
0 0 0 0
0.060547 0.095215
-1.971924 2.074707 2.016602
-0.866004 0.500032 0.002086
0 0 0 0
0.060547 0.217285
-1.971924 2.074707 2.016602
0.000978 1 -0.000001
0 0 0 0
0.001465 0.217285
-1.971924 2.074707 2.037842
0.000978 1 -0.000001
0 0 0 0
0.001465 0.095215
-1.961914 2.074707 2.037842
0.000978 1 -0.000001
0 0 0 0
0.060547 0.095215
-1.961914 2.074707 2.016602
0.000978 1 -0.000001
0 0 0 0
0.060547 0.217285
-1.961914 2.074707 2.016602
0.866004 0.500032 0.002086
0 0 0 0
0.001465 0.217285
-1.961914 2.074707 2.037842
0.866004 0.500032 0.002086
0 0 0 0
0.001465 0.095215
-1.957031 2.066162 2.037842
0.866004 0.500032 0.002086
0 0 0 0
0.060547 0.095215
-1.957031 2.066162 2.016602
0.866004 0.500032 0.002086
0 0 0 0
0.060547 0.217285
-1.957031 2.066162 2.016602
0.866004 -0.500032 0.002086
0 0 0 0
0.001465 0.217285
-1.957031 2.066162 2.037842
0.866004 -0.500032 0.002086
0 0 0 0
0.001465 0.095215
-1.961914 2.057373 2.037842
0.866004 -0.500032 0.002086
0 0 0 0
0.060547 0.095215
-1.961914 2.057373 2.016602
0.866004 -0.500032 0.002086
0 0 0 0
0.060547 0.217285
-1.957031 2.066162 2.037842
0.001382 0.001382 0.999998
0 0 0 0
0.328613 0.913818
-1.971924 2.057373 2.037842
0.001382 0.001382 0.999998
0 0 0 0
0.258789 0.954346
-1.961914 2.057373 2.037842
0.001382 0.001382 0.999998
0 0 0 0
0.281982 0.913818
-1.977051 2.066162 2.037842
0.001382 0.001382 0.999998
0 0 0 0
0.281982 0.994629
-1.971924 2.074707 2.037842
0.001382 0.001382 0.999998
0 0 0 0
0.328613 0.994629
-1.961914 2.074707 2.037842
0.001382 0.001382 0.999998
0 0 0 0
0.351807 0.954102
-1.961914 3.890625 2.016602
0.000978 -1 -0.000001
0 0 0 0
0.060547 0.217285
-1.971924 3.890625 2.037842
0.000978 -1 -0.000001
0 0 0 0
0.001465 0.095215
-1.971924 3.890625 2.016602
0.000978 -1 -0.000001
0 0 0 0
0.001465 0.217285
-1.961914 3.890625 2.037842
0.000978 -1 -0.000001
0 0 0 0
0.060547 0.095215
-1.971924 3.890625 2.016602
-0.866004 -0.500032 0.002086
0 0 0 0
0.001465 0.217285
-1.971924 3.890625 2.037842
-0.866004 -0.500032 0.002086
0 0 0 0
0.001465 0.095215
-1.977051 3.89917 2.037842
-0.866004 -0.500032 0.002086
0 0 0 0
0.060547 0.095215
-1.977051 3.89917 2.016602
-0.866004 -0.500032 0.002086
0 0 0 0
0.060547 0.217285
-1.977051 3.89917 2.016602
-0.866004 0.500032 0.002086
0 0 0 0
0.001465 0.217285
-1.977051 3.89917 2.037842
-0.866004 0.500032 0.002086
0 0 0 0
0.001465 0.095215
-1.971924 3.907959 2.037842
-0.866004 0.500032 0.002086
0 0 0 0
0.060547 0.095215
-1.971924 3.907959 2.016602
-0.866004 0.500032 0.002086
0 0 0 0
0.060547 0.217285
-1.971924 3.907959 2.016602
0.000978 1 -0.000001
0 0 0 0
0.001465 0.217285
-1.971924 3.907959 2.037842
0.000978 1 -0.000001
0 0 0 0
0.001465 0.095215
-1.961914 3.907959 2.037842
0.000978 1 -0.000001
0 0 0 0
0.060547 0.095215
-1.961914 3.907959 2.016602
0.000978 1 -0.000001
0 0 0 0
0.060547 0.217285
-1.961914 3.907959 2.016602
0.866004 0.500032 0.002086
0 0 0 0
0.001465 0.217285
-1.961914 3.907959 2.037842
0.866004 0.500032 0.002086
0 0 0 0
0.001465 0.095215
-1.957031 3.89917 2.037842
0.866004 0.500032 0.002086
0 0 0 0
0.060547 0.095215
-1.957031 3.89917 2.016602
0.866004 0.500032 0.002086
0 0 0 0
0.060547 0.217285
-1.957031 3.89917 2.016602
0.866004 -0.500032 0.002086
0 0 0 0
0.001465 0.217285
-1.957031 3.89917 2.037842
0.866004 -0.500032 0.002086
0 0 0 0
0.001465 0.095215
-1.961914 3.890625 2.037842
0.866004 -0.500032 0.002086
0 0 0 0
0.060547 0.095215
-1.961914 3.890625 2.016602
0.866004 -0.500032 0.002086
0 0 0 0
0.060547 0.217285
-1.957031 3.89917 2.037842
0.001382 0.001382 0.999998
0 0 0 0
0.328613 0.913818
-1.971924 3.890625 2.037842
0.001382 0.001382 0.999998
0 0 0 0
0.258789 0.954346
-1.961914 3.890625 2.037842
0.001382 0.001382 0.999998
0 0 0 0
0.281982 0.913818
-1.977051 3.89917 2.037842
0.001382 0.001382 0.999998
0 0 0 0
0.281982 0.994629
-1.971924 3.907959 2.037842
0.001382 0.001382 0.999998
0 0 0 0
0.328613 0.994629
-1.961914 3.907959 2.037842
0.001382 0.001382 0.999998
0 0 0 0
0.351807 0.954102
1.970947 3.890625 2.016602
0.000978 -1 -0.000001
0 0 0 0
0.060547 0.217285
1.960938 3.890625 2.037842
0.000978 -1 -0.000001
0 0 0 0
0.001465 0.095215
1.960938 3.890625 2.016602
0.000978 -1 -0.000001
0 0 0 0
0.001465 0.217285
1.970947 3.890625 2.037842
0.000978 -1 -0.000001
0 0 0 0
0.060547 0.095215
1.960938 3.890625 2.016602
-0.866004 -0.500032 0.002086
0 0 0 0
0.001465 0.217285
1.960938 3.890625 2.037842
-0.866004 -0.500032 0.002086
0 0 0 0
0.001465 0.095215
1.956055 3.89917 2.037842
-0.866004 -0.500032 0.002086
0 0 0 0
0.060547 0.095215
1.956055 3.89917 2.016602
-0.866004 -0.500032 0.002086
0 0 0 0
0.060547 0.217285
1.956055 3.89917 2.016602
-0.866004 0.500032 0.002086
0 0 0 0
0.001465 0.217285
1.956055 3.89917 2.037842
-0.866004 0.500032 0.002086
0 0 0 0
0.001465 0.095215
1.960938 3.907959 2.037842
-0.866004 0.500032 0.002086
0 0 0 0
0.060547 0.095215
1.960938 3.907959 2.016602
-0.866004 0.500032 0.002086
0 0 0 0
0.060547 0.217285
1.960938 3.907959 2.016602
0.000978 1 -0.000001
0 0 0 0
0.001465 0.217285
1.960938 3.907959 2.037842
0.000978 1 -0.000001
0 0 0 0
0.001465 0.095215
1.970947 3.907959 2.037842
0.000978 1 -0.000001
0 0 0 0
0.060547 0.095215
1.970947 3.907959 2.016602
0.000978 1 -0.000001
0 0 0 0
0.060547 0.217285
1.970947 3.907959 2.016602
0.866004 0.500032 0.002086
0 0 0 0
0.001465 0.217285
1.970947 3.907959 2.037842
0.866004 0.500032 0.002086
0 0 0 0
0.001465 0.095215
1.976074 3.89917 2.037842
0.866004 0.500032 0.002086
0 0 0 0
0.060547 0.095215
1.976074 3.89917 2.016602
0.866004 0.500032 0.002086
0 0 0 0
0.060547 0.217285
1.976074 3.89917 2.016602
0.866004 -0.500032 0.002086
0 0 0 0
0.001465 0.217285
1.976074 3.89917 2.037842
0.866004 -0.500032 0.002086
0 0 0 0
0.001465 0.095215
1.970947 3.890625 2.037842
0.866004 -0.500032 0.002086
0 0 0 0
0.060547 0.095215
1.970947 3.890625 2.016602
0.866004 -0.500032 0.002086
0 0 0 0
0.060547 0.217285
1.976074 3.89917 2.037842
0.001382 0.001382 0.999998
0 0 0 0
0.328613 0.913818
1.960938 3.890625 2.037842
0.001382 0.001382 0.999998
0 0 0 0
0.258789 0.954346
1.970947 3.890625 2.037842
0.001382 0.001382 0.999998
0 0 0 0
0.281982 0.913818
1.956055 3.89917 2.037842
0.001382 0.001382 0.999998
0 0 0 0
0.281982 0.994629
1.960938 3.907959 2.037842
0.001382 0.001382 0.999998
0 0 0 0
0.328613 0.994629
1.970947 3.907959 2.037842
0.001382 0.001382 0.999998
0 0 0 0
0.351807 0.954102
1.970947 2.057373 2.016602
0.000978 -1 -0.000001
0 0 0 0
0.060547 0.217285
1.960938 2.057373 2.037842
0.000978 -1 -0.000001
0 0 0 0
0.001465 0.095215
1.960938 2.057373 2.016602
0.000978 -1 -0.000001
0 0 0 0
0.001465 0.217285
1.970947 2.057373 2.037842
0.000978 -1 -0.000001
0 0 0 0
0.060547 0.095215
1.960938 2.057373 2.016602
-0.866004 -0.500032 0.002086
0 0 0 0
0.001465 0.217285
1.960938 2.057373 2.037842
-0.866004 -0.500032 0.002086
0 0 0 0
0.001465 0.095215
1.956055 2.066162 2.037842
-0.866004 -0.500032 0.002086
0 0 0 0
0.060547 0.095215
1.956055 2.066162 2.016602
-0.866004 -0.500032 0.002086
0 0 0 0
0.060547 0.217285
1.956055 2.066162 2.016602
-0.866004 0.500032 0.002086
0 0 0 0
0.001465 0.217285
1.956055 2.066162 2.037842
-0.866004 0.500032 0.002086
0 0 0 0
0.001465 0.095215
1.960938 2.074707 2.037842
-0.866004 0.500032 0.002086
0 0 0 0
0.060547 0.095215
1.960938 2.074707 2.016602
-0.866004 0.500032 0.002086
0 0 0 0
0.060547 0.217285
1.960938 2.074707 2.016602
0.000978 1 -0.000001
0 0 0 0
0.001465 0.217285
1.960938 2.074707 2.037842
0.000978 1 -0.000001
0 0 0 0
0.001465 0.095215
1.970947 2.074707 2.037842
0.000978 1 -0.000001
0 0 0 0
0.060547 0.095215
1.970947 2.074707 2.016602
0.000978 1 -0.000001
0 0 0 0
0.060547 0.217285
1.970947 2.074707 2.016602
0.866004 0.500032 0.002086
0 0 0 0
0.001465 0.217285
1.970947 2.074707 2.037842
0.866004 0.500032 0.002086
0 0 0 0
0.001465 0.095215
1.976074 2.066162 2.037842
0.866004 0.500032 0.002086
0 0 0 0
0.060547 0.095215
1.976074 2.066162 2.016602
0.866004 0.500032 0.002086
0 0 0 0
0.060547 0.217285
1.976074 2.066162 2.016602
0.866004 -0.500032 0.002086
0 0 0 0
0.001465 0.217285
1.976074 2.066162 2.037842
0.866004 -0.500032 0.002086
0 0 0 0
0.001465 0.095215
1.970947 2.057373 2.037842
0.866004 -0.500032 0.002086
0 0 0 0
0.060547 0.095215
1.970947 2.057373 2.016602
0.866004 -0.500032 0.002086
0 0 0 0
0.060547 0.217285
1.976074 2.066162 2.037842
0.001382 0.001382 0.999998
0 0 0 0
0.328613 0.913818
1.960938 2.057373 2.037842
0.001382 0.001382 0.999998
0 0 0 0
0.258789 0.954346
1.970947 2.057373 2.037842
0.001382 0.001382 0.999998
0 0 0 0
0.281982 0.913818
1.956055 2.066162 2.037842
0.001382 0.001382 0.999998
0 0 0 0
0.281982 0.994629
1.960938 2.074707 2.037842
0.001382 0.001382 0.999998
0 0 0 0
0.328613 0.994629
1.970947 2.074707 2.037842
0.001382 0.001382 0.999998
0 0 0 0
0.351807 0.954102
1.970947 1.931152 2.016602
0.000978 -1 -0.000001
0 0 0 0
0.060547 0.217285
1.960938 1.931152 2.037842
0.000978 -1 -0.000001
0 0 0 0
0.001465 0.095215
1.960938 1.931152 2.016602
0.000978 -1 -0.000001
0 0 0 0
0.001465 0.217285
1.970947 1.931152 2.037842
0.000978 -1 -0.000001
0 0 0 0
0.060547 0.095215
1.960938 1.931152 2.016602
-0.866004 -0.500032 0.002086
0 0 0 0
0.001465 0.217285
1.960938 1.931152 2.037842
-0.866004 -0.500032 0.002086
0 0 0 0
0.001465 0.095215
1.956055 1.939941 2.037842
-0.866004 -0.500032 0.002086
0 0 0 0
0.060547 0.095215
1.956055 1.939941 2.016602
-0.866004 -0.500032 0.002086
0 0 0 0
0.060547 0.217285
1.956055 1.939941 2.016602
-0.866004 0.500032 0.002086
0 0 0 0
0.001465 0.217285
1.956055 1.939941 2.037842
-0.866004 0.500032 0.002086
0 0 0 0
0.001465 0.095215
1.960938 1.948486 2.037842
-0.866004 0.500032 0.002086
0 0 0 0
0.060547 0.095215
1.960938 1.948486 2.016602
-0.866004 0.500032 0.002086
0 0 0 0
0.060547 0.217285
1.960938 1.948486 2.016602
0.000978 1 -0.000001
0 0 0 0
0.001465 0.217285
1.960938 1.948486 2.037842
0.000978 1 -0.000001
0 0 0 0
0.001465 0.095215
1.970947 1.948486 2.037842
0.000978 1 -0.000001
0 0 0 0
0.060547 0.095215
1.970947 1.948486 2.016602
0.000978 1 -0.000001
0 0 0 0
0.060547 0.217285
1.970947 1.948486 2.016602
0.866004 0.500032 0.002086
0 0 0 0
0.001465 0.217285
1.970947 1.948486 2.037842
0.866004 0.500032 0.002086
0 0 0 0
0.001465 0.095215
1.976074 1.939941 2.037842
0.866004 0.500032 0.002086
0 0 0 0
0.060547 0.095215
1.976074 1.939941 2.016602
0.866004 0.500032 0.002086
0 0 0 0
0.060547 0.217285
1.976074 1.939941 2.016602
0.866004 -0.500032 0.002086
0 0 0 0
0.001465 0.217285
1.976074 1.939941 2.037842
0.866004 -0.500032 0.002086
0 0 0 0
0.001465 0.095215
1.970947 1.931152 2.037842
0.866004 -0.500032 0.002086
0 0 0 0
0.060547 0.095215
1.970947 1.931152 2.016602
0.866004 -0.500032 0.002086
0 0 0 0
0.060547 0.217285
1.976074 1.939941 2.037842
0.001382 0.001382 0.999998
0 0 0 0
0.328613 0.913818
1.960938 1.931152 2.037842
0.001382 0.001382 0.999998
0 0 0 0
0.258789 0.954346
1.970947 1.931152 2.037842
0.001382 0.001382 0.999998
0 0 0 0
0.281982 0.913818
1.956055 1.939941 2.037842
0.001382 0.001382 0.999998
0 0 0 0
0.281982 0.994629
1.960938 1.948486 2.037842
0.001382 0.001382 0.999998
0 0 0 0
0.328613 0.994629
1.970947 1.948486 2.037842
0.001382 0.001382 0.999998
0 0 0 0
0.351807 0.954102
1.972656 0.098877 2.016602
0.000978 -1 -0.000001
0 0 0 0
0.060547 0.217285
1.962646 0.098877 2.037842
0.000978 -1 -0.000001
0 0 0 0
0.001465 0.095215
1.962646 0.098877 2.016602
0.000978 -1 -0.000001
0 0 0 0
0.001465 0.217285
1.972656 0.098877 2.037842
0.000978 -1 -0.000001
0 0 0 0
0.060547 0.095215
1.962646 0.098877 2.016602
-0.866004 -0.500032 0.002086
0 0 0 0
0.001465 0.217285
1.962646 0.098877 2.037842
-0.866004 -0.500032 0.002086
0 0 0 0
0.001465 0.095215
1.957764 0.107666 2.037842
-0.866004 -0.500032 0.002086
0 0 0 0
0.060547 0.095215
1.957764 0.107666 2.016602
-0.866004 -0.500032 0.002086
0 0 0 0
0.060547 0.217285
1.957764 0.107666 2.016602
-0.866004 0.500032 0.002086
0 0 0 0
0.001465 0.217285
1.957764 0.107666 2.037842
-0.866004 0.500032 0.002086
0 0 0 0
0.001465 0.095215
1.962646 0.116211 2.037842
-0.866004 0.500032 0.002086
0 0 0 0
0.060547 0.095215
1.962646 0.116211 2.016602
-0.866004 0.500032 0.002086
0 0 0 0
0.060547 0.217285
1.962646 0.116211 2.016602
0.000978 1 -0.000001
0 0 0 0
0.001465 0.217285
1.962646 0.116211 2.037842
0.000978 1 -0.000001
0 0 0 0
0.001465 0.095215
1.972656 0.116211 2.037842
0.000978 1 -0.000001
0 0 0 0
0.060547 0.095215
1.972656 0.116211 2.016602
0.000978 1 -0.000001
0 0 0 0
0.060547 0.217285
1.972656 0.116211 2.016602
0.866004 0.500032 0.002086
0 0 0 0
0.001465 0.217285
1.972656 0.116211 2.037842
0.866004 0.500032 0.002086
0 0 0 0
0.001465 0.095215
1.977783 0.107666 2.037842
0.866004 0.500032 0.002086
0 0 0 0
0.060547 0.095215
1.977783 0.107666 2.016602
0.866004 0.500032 0.002086
0 0 0 0
0.060547 0.217285
1.977783 0.107666 2.016602
0.866004 -0.500032 0.002086
0 0 0 0
0.001465 0.217285
1.977783 0.107666 2.037842
0.866004 -0.500032 0.002086
0 0 0 0
0.001465 0.095215
1.972656 0.098877 2.037842
0.866004 -0.500032 0.002086
0 0 0 0
0.060547 0.095215
1.972656 0.098877 2.016602
0.866004 -0.500032 0.002086
0 0 0 0
0.060547 0.217285
1.977783 0.107666 2.037842
0.001382 0.001382 0.999998
0 0 0 0
0.328613 0.913818
1.962646 0.098877 2.037842
0.001382 0.001382 0.999998
0 0 0 0
0.258789 0.954346
1.972656 0.098877 2.037842
0.001382 0.001382 0.999998
0 0 0 0
0.281982 0.913818
1.957764 0.107666 2.037842
0.001382 0.001382 0.999998
0 0 0 0
0.281982 0.994629
1.962646 0.116211 2.037842
0.001382 0.001382 0.999998
0 0 0 0
0.328613 0.994629
1.972656 0.116211 2.037842
0.001382 0.001382 0.999998
0 0 0 0
0.351807 0.954102
0.030029 2.965088 2.038818
-0.866004 0.500032 0.002086
0 0 0 0
0.001465 0.217285
0.035156 2.973877 2.038818
-0.866004 0.500032 0.002086
0 0 0 0
0.060547 0.217285
0.035156 2.973877 2.017578
-0.866004 0.500032 0.002086
0 0 0 0
0.060547 0.095215
0.030029 2.965088 2.017578
-0.866004 0.500032 0.002086
0 0 0 0
0.001465 0.095215
0.035156 2.973877 2.038818
0.000978 1 -0.000001
0 0 0 0
0.001465 0.217285
0.045166 2.973877 2.038818
0.000978 1 -0.000001
0 0 0 0
0.060547 0.217285
0.045166 2.973877 2.017578
0.000978 1 -0.000001
0 0 0 0
0.060547 0.095215
0.035156 2.973877 2.017578
0.000978 1 -0.000001
0 0 0 0
0.001465 0.095215
0.045166 2.973877 2.038818
0.001382 0.001382 0.999998
0 0 0 0
0.281982 0.913818
0.035156 2.973877 2.038818
0.001382 0.001382 0.999998
0 0 0 0
0.258789 0.954346
0.030029 2.965088 2.038818
0.001382 0.001382 0.999998
0 0 0 0
0.281982 0.994629
0.050049 2.965088 2.038818
0.001382 0.001382 0.999998
0 0 0 0
0.328613 0.913818
0.035156 2.956543 2.038818
0.001382 0.001382 0.999998
0 0 0 0
0.328613 0.994629
0.045166 2.956543 2.038818
0.001382 0.001382 0.999998
0 0 0 0
0.351807 0.954102
0.045166 2.973877 2.038818
0.866004 0.500032 0.002086
0 0 0 0
0.001465 0.217285
0.050049 2.965088 2.038818
0.866004 0.500032 0.002086
0 0 0 0
0.060547 0.217285
0.050049 2.965088 2.017578
0.866004 0.500032 0.002086
0 0 0 0
0.060547 0.095215
0.045166 2.973877 2.017578
0.866004 0.500032 0.002086
0 0 0 0
0.001465 0.095215
0.045166 2.956543 2.038818
0.000978 -1 -0.000001
0 0 0 0
0.060547 0.217285
0.035156 2.956543 2.017578
0.000978 -1 -0.000001
0 0 0 0
0.001465 0.095215
0.045166 2.956543 2.017578
0.000978 -1 -0.000001
0 0 0 0
0.060547 0.095215
0.035156 2.956543 2.038818
0.000978 -1 -0.000001
0 0 0 0
0.001465 0.217285
0.050049 2.965088 2.038818
0.866004 -0.500032 0.002086
0 0 0 0
0.001465 0.217285
0.045166 2.956543 2.038818
0.866004 -0.500032 0.002086
0 0 0 0
0.060547 0.217285
0.045166 2.956543 2.017578
0.866004 -0.500032 0.002086
0 0 0 0
0.060547 0.095215
0.050049 2.965088 2.017578
0.866004 -0.500032 0.002086
0 0 0 0
0.001465 0.095215
0.050049 2.965088 2.017578
0.001382 0.001382 -0.999998
0 0 0 0
0.328613 0.913818
0.045166 2.956543 2.017578
0.001382 0.001382 -0.999998
0 0 0 0
0.281982 0.913818
0.035156 2.956543 2.017578
0.001382 0.001382 -0.999998
0 0 0 0
0.258789 0.954346
0.030029 2.965088 2.017578
0.001382 0.001382 -0.999998
0 0 0 0
0.281982 0.994629
0.035156 2.973877 2.017578
0.001382 0.001382 -0.999998
0 0 0 0
0.328613 0.994629
0.045166 2.973877 2.017578
0.001382 0.001382 -0.999998
0 0 0 0
0.351807 0.954102
0.035156 2.956543 2.038818
-0.866004 -0.500032 0.002086
0 0 0 0
0.001465 0.217285
0.030029 2.965088 2.017578
-0.866004 -0.500032 0.002086
0 0 0 0
0.060547 0.095215
0.035156 2.956543 2.017578
-0.866004 -0.500032 0.002086
0 0 0 0
0.001465 0.095215
0.030029 2.965088 2.038818
-0.866004 -0.500032 0.002086
0 0 0 0
0.060547 0.217285
0.030029 1.006348 2.038818
-0.866004 0.500032 0.002086
0 0 0 0
0.001465 0.217285
0.035156 1.015137 2.038818
-0.866004 0.500032 0.002086
0 0 0 0
0.060547 0.217285
0.035156 1.015137 2.017578
-0.866004 0.500032 0.002086
0 0 0 0
0.060547 0.095215
0.030029 1.006348 2.017578
-0.866004 0.500032 0.002086
0 0 0 0
0.001465 0.095215
0.035156 1.015137 2.038818
0.000978 1 -0.000001
0 0 0 0
0.001465 0.217285
0.045166 1.015137 2.038818
0.000978 1 -0.000001
0 0 0 0
0.060547 0.217285
0.045166 1.015137 2.017578
0.000978 1 -0.000001
0 0 0 0
0.060547 0.095215
0.035156 1.015137 2.017578
0.000978 1 -0.000001
0 0 0 0
0.001465 0.095215
0.045166 1.015137 2.038818
0.001382 0.001382 0.999998
0 0 0 0
0.281982 0.913818
0.035156 1.015137 2.038818
0.001382 0.001382 0.999998
0 0 0 0
0.258789 0.954346
0.030029 1.006348 2.038818
0.001382 0.001382 0.999998
0 0 0 0
0.281982 0.994629
0.050049 1.006348 2.038818
0.001382 0.001382 0.999998
0 0 0 0
0.328613 0.913818
0.035156 0.997803 2.038818
0.001382 0.001382 0.999998
0 0 0 0
0.328613 0.994629
0.045166 0.997803 2.038818
0.001382 0.001382 0.999998
0 0 0 0
0.351807 0.954102
0.045166 1.015137 2.038818
0.866004 0.500032 0.002086
0 0 0 0
0.001465 0.217285
0.050049 1.006348 2.038818
0.866004 0.500032 0.002086
0 0 0 0
0.060547 0.217285
0.050049 1.006348 2.017578
0.866004 0.500032 0.002086
0 0 0 0
0.060547 0.095215
0.045166 1.015137 2.017578
0.866004 0.500032 0.002086
0 0 0 0
0.001465 0.095215
0.045166 0.997803 2.038818
0.000978 -1 -0.000001
0 0 0 0
0.060547 0.217285
0.035156 0.997803 2.017578
0.000978 -1 -0.000001
0 0 0 0
0.001465 0.095215
0.045166 0.997803 2.017578
0.000978 -1 -0.000001
0 0 0 0
0.060547 0.095215
0.035156 0.997803 2.038818
0.000978 -1 -0.000001
0 0 0 0
0.001465 0.217285
0.050049 1.006348 2.038818
0.866004 -0.500032 0.002086
0 0 0 0
0.001465 0.217285
0.045166 0.997803 2.038818
0.866004 -0.500032 0.002086
0 0 0 0
0.060547 0.217285
0.045166 0.997803 2.017578
0.866004 -0.500032 0.002086
0 0 0 0
0.060547 0.095215
0.050049 1.006348 2.017578
0.866004 -0.500032 0.002086
0 0 0 0
0.001465 0.095215
0.050049 1.006348 2.017578
0.001382 0.001382 -0.999998
0 0 0 0
0.328613 0.913818
0.045166 0.997803 2.017578
0.001382 0.001382 -0.999998
0 0 0 0
0.281982 0.913818
0.035156 0.997803 2.017578
0.001382 0.001382 -0.999998
0 0 0 0
0.258789 0.954346
0.030029 1.006348 2.017578
0.001382 0.001382 -0.999998
0 0 0 0
0.281982 0.994629
0.035156 1.015137 2.017578
0.001382 0.001382 -0.999998
0 0 0 0
0.328613 0.994629
0.045166 1.015137 2.017578
0.001382 0.001382 -0.999998
0 0 0 0
0.351807 0.954102
0.035156 0.997803 2.038818
-0.866004 -0.500032 0.002086
0 0 0 0
0.001465 0.217285
0.030029 1.006348 2.017578
-0.866004 -0.500032 0.002086
0 0 0 0
0.060547 0.095215
0.035156 0.997803 2.017578
-0.866004 -0.500032 0.002086
0 0 0 0
0.001465 0.095215
0.030029 1.006348 2.038818
-0.866004 -0.500032 0.002086
0 0 0 0
0.060547 0.217285
-1.992188 0.098877 -1.960205
0.000978 -1 -0.000001
0 0 0 0
0.060547 0.217285
-2.013428 0.098877 -1.970215
0.000978 -1 -0.000001
0 0 0 0
0.001465 0.095215
-1.992188 0.098877 -1.970215
0.000978 -1 -0.000001
0 0 0 0
0.001465 0.217285
-2.013428 0.098877 -1.960205
0.000978 -1 -0.000001
0 0 0 0
0.060547 0.095215
-1.992188 0.098877 -1.970215
0.001335 -0.500689 -0.865626
0 0 0 0
0.001465 0.217285
-2.013428 0.098877 -1.970215
0.001335 -0.500689 -0.865626
0 0 0 0
0.001465 0.095215
-2.013428 0.107666 -1.975342
0.001335 -0.500689 -0.865626
0 0 0 0
0.060547 0.095215
-1.992188 0.107666 -1.975342
0.001335 -0.500689 -0.865626
0 0 0 0
0.060547 0.217285
-1.992188 0.107666 -1.975342
0.001335 0.500689 -0.865626
0 0 0 0
0.001465 0.217285
-2.013428 0.107666 -1.975342
0.001335 0.500689 -0.865626
0 0 0 0
0.001465 0.095215
-2.013428 0.116211 -1.970215
0.001335 0.500689 -0.865626
0 0 0 0
0.060547 0.095215
-1.992188 0.116211 -1.970215
0.001335 0.500689 -0.865626
0 0 0 0
0.060547 0.217285
-1.992188 0.116211 -1.970215
0.000978 1 -0.000001
0 0 0 0
0.001465 0.217285
-2.013428 0.116211 -1.970215
0.000978 1 -0.000001
0 0 0 0
0.001465 0.095215
-2.013428 0.116211 -1.960205
0.000978 1 -0.000001
0 0 0 0
0.060547 0.095215
-1.992188 0.116211 -1.960205
0.000978 1 -0.000001
0 0 0 0
0.060547 0.217285
-1.992188 0.116211 -1.960205
0.001335 0.500689 0.865626
0 0 0 0
0.001465 0.217285
-2.013428 0.116211 -1.960205
0.001335 0.500689 0.865626
0 0 0 0
0.001465 0.095215
-2.013428 0.107666 -1.955322
0.001335 0.500689 0.865626
0 0 0 0
0.060547 0.095215
-1.992188 0.107666 -1.955322
0.001335 0.500689 0.865626
0 0 0 0
0.060547 0.217285
-1.992188 0.107666 -1.955322
0.001335 -0.500689 0.865626
0 0 0 0
0.001465 0.217285
-2.013428 0.107666 -1.955322
0.001335 -0.500689 0.865626
0 0 0 0
0.001465 0.095215
-2.013428 0.098877 -1.960205
0.001335 -0.500689 0.865626
0 0 0 0
0.060547 0.095215
-1.992188 0.098877 -1.960205
0.001335 -0.500689 0.865626
0 0 0 0
0.060547 0.217285
-2.013428 0.107666 -1.955322
-1 0.000978 -0.000001
0 0 0 0
0.328613 0.913818
-2.013428 0.098877 -1.970215
-1 -0.000977 -0.000001
0 0 0 0
0.258789 0.954346
-2.013428 0.098877 -1.960205
-1 -0.000977 -0.000001
0 0 0 0
0.281982 0.913818
-2.013428 0.107666 -1.975342
-1 0.000978 -0.000001
0 0 0 0
0.281982 0.994629
-2.013428 0.116211 -1.970215
-1 0.000978 -0.000001
0 0 0 0
0.328613 0.994629
-2.013428 0.116211 -1.960205
-1 0.000978 -0.000001
0 0 0 0
0.351807 0.954102
-1.992188 1.931152 -1.961914
0.000978 -1 -0.000001
0 0 0 0
0.060547 0.217285
-2.013428 1.931152 -1.971924
0.000978 -1 -0.000001
0 0 0 0
0.001465 0.095215
-1.992188 1.931152 -1.971924
0.000978 -1 -0.000001
0 0 0 0
0.001465 0.217285
-2.013428 1.931152 -1.961914
0.000978 -1 -0.000001
0 0 0 0
0.060547 0.095215
-1.992188 1.931152 -1.971924
0.001335 -0.500689 -0.865626
0 0 0 0
0.001465 0.217285
-2.013428 1.931152 -1.971924
0.001335 -0.500689 -0.865626
0 0 0 0
0.001465 0.095215
-2.013428 1.939941 -1.977051
0.001335 -0.500689 -0.865626
0 0 0 0
0.060547 0.095215
-1.992188 1.939941 -1.977051
0.001335 -0.500689 -0.865626
0 0 0 0
0.060547 0.217285
-1.992188 1.939941 -1.977051
0.001335 0.500689 -0.865626
0 0 0 0
0.001465 0.217285
-2.013428 1.939941 -1.977051
0.001335 0.500689 -0.865626
0 0 0 0
0.001465 0.095215
-2.013428 1.948486 -1.971924
0.001335 0.500689 -0.865626
0 0 0 0
0.060547 0.095215
-1.992188 1.948486 -1.971924
0.001335 0.500689 -0.865626
0 0 0 0
0.060547 0.217285
-1.992188 1.948486 -1.971924
0.000978 1 -0.000001
0 0 0 0
0.001465 0.217285
-2.013428 1.948486 -1.971924
0.000978 1 -0.000001
0 0 0 0
0.001465 0.095215
-2.013428 1.948486 -1.961914
0.000978 1 -0.000001
0 0 0 0
0.060547 0.095215
-1.992188 1.948486 -1.961914
0.000978 1 -0.000001
0 0 0 0
0.060547 0.217285
-1.992188 1.948486 -1.961914
0.001335 0.500689 0.865626
0 0 0 0
0.001465 0.217285
-2.013428 1.948486 -1.961914
0.001335 0.500689 0.865626
0 0 0 0
0.001465 0.095215
-2.013428 1.939941 -1.957031
0.001335 0.500689 0.865626
0 0 0 0
0.060547 0.095215
-1.992188 1.939941 -1.957031
0.001335 0.500689 0.865626
0 0 0 0
0.060547 0.217285
-1.992188 1.939941 -1.957031
0.001335 -0.500689 0.865626
0 0 0 0
0.001465 0.217285
-2.013428 1.939941 -1.957031
0.001335 -0.500689 0.865626
0 0 0 0
0.001465 0.095215
-2.013428 1.931152 -1.961914
0.001335 -0.500689 0.865626
0 0 0 0
0.060547 0.095215
-1.992188 1.931152 -1.961914
0.001335 -0.500689 0.865626
0 0 0 0
0.060547 0.217285
-2.013428 1.939941 -1.957031
-1 0.000978 -0.000001
0 0 0 0
0.328613 0.913818
-2.013428 1.931152 -1.971924
-1 -0.000977 -0.000001
0 0 0 0
0.258789 0.954346
-2.013428 1.931152 -1.961914
-1 -0.000977 -0.000001
0 0 0 0
0.281982 0.913818
-2.013428 1.939941 -1.977051
-1 0.000978 -0.000001
0 0 0 0
0.281982 0.994629
-2.013428 1.948486 -1.971924
-1 0.000978 -0.000001
0 0 0 0
0.328613 0.994629
-2.013428 1.948486 -1.961914
-1 0.000978 -0.000001
0 0 0 0
0.351807 0.954102
-1.992188 2.057373 -1.961914
0.000978 -1 -0.000001
0 0 0 0
0.060547 0.217285
-2.013428 2.057373 -1.971924
0.000978 -1 -0.000001
0 0 0 0
0.001465 0.095215
-1.992188 2.057373 -1.971924
0.000978 -1 -0.000001
0 0 0 0
0.001465 0.217285
-2.013428 2.057373 -1.961914
0.000978 -1 -0.000001
0 0 0 0
0.060547 0.095215
-1.992188 2.057373 -1.971924
0.001335 -0.500689 -0.865626
0 0 0 0
0.001465 0.217285
-2.013428 2.057373 -1.971924
0.001335 -0.500689 -0.865626
0 0 0 0
0.001465 0.095215
-2.013428 2.066162 -1.977051
0.001335 -0.500689 -0.865626
0 0 0 0
0.060547 0.095215
-1.992188 2.066162 -1.977051
0.001335 -0.500689 -0.865626
0 0 0 0
0.060547 0.217285
-1.992188 2.066162 -1.977051
0.001335 0.500689 -0.865626
0 0 0 0
0.001465 0.217285
-2.013428 2.066162 -1.977051
0.001335 0.500689 -0.865626
0 0 0 0
0.001465 0.095215
-2.013428 2.074707 -1.971924
0.001335 0.500689 -0.865626
0 0 0 0
0.060547 0.095215
-1.992188 2.074707 -1.971924
0.001335 0.500689 -0.865626
0 0 0 0
0.060547 0.217285
-1.992188 2.074707 -1.971924
0.000978 1 -0.000001
0 0 0 0
0.001465 0.217285
-2.013428 2.074707 -1.971924
0.000978 1 -0.000001
0 0 0 0
0.001465 0.095215
-2.013428 2.074707 -1.961914
0.000978 1 -0.000001
0 0 0 0
0.060547 0.095215
-1.992188 2.074707 -1.961914
0.000978 1 -0.000001
0 0 0 0
0.060547 0.217285
-1.992188 2.074707 -1.961914
0.001335 0.500689 0.865626
0 0 0 0
0.001465 0.217285
-2.013428 2.074707 -1.961914
0.001335 0.500689 0.865626
0 0 0 0
0.001465 0.095215
-2.013428 2.066162 -1.957031
0.001335 0.500689 0.865626
0 0 0 0
0.060547 0.095215
-1.992188 2.066162 -1.957031
0.001335 0.500689 0.865626
0 0 0 0
0.060547 0.217285
-1.992188 2.066162 -1.957031
0.001335 -0.500689 0.865626
0 0 0 0
0.001465 0.217285
-2.013428 2.066162 -1.957031
0.001335 -0.500689 0.865626
0 0 0 0
0.001465 0.095215
-2.013428 2.057373 -1.961914
0.001335 -0.500689 0.865626
0 0 0 0
0.060547 0.095215
-1.992188 2.057373 -1.961914
0.001335 -0.500689 0.865626
0 0 0 0
0.060547 0.217285
-2.013428 2.066162 -1.957031
-1 0.000978 -0.000001
0 0 0 0
0.328613 0.913818
-2.013428 2.057373 -1.971924
-1 -0.000977 -0.000001
0 0 0 0
0.258789 0.954346
-2.013428 2.057373 -1.961914
-1 -0.000977 -0.000001
0 0 0 0
0.281982 0.913818
-2.013428 2.066162 -1.977051
-1 0.000978 -0.000001
0 0 0 0
0.281982 0.994629
-2.013428 2.074707 -1.971924
-1 0.000978 -0.000001
0 0 0 0
0.328613 0.994629
-2.013428 2.074707 -1.961914
-1 0.000978 -0.000001
0 0 0 0
0.351807 0.954102
-1.992188 3.890625 -1.961914
0.000978 -1 -0.000001
0 0 0 0
0.060547 0.217285
-2.013428 3.890625 -1.971924
0.000978 -1 -0.000001
0 0 0 0
0.001465 0.095215
-1.992188 3.890625 -1.971924
0.000978 -1 -0.000001
0 0 0 0
0.001465 0.217285
-2.013428 3.890625 -1.961914
0.000978 -1 -0.000001
0 0 0 0
0.060547 0.095215
-1.992188 3.890625 -1.971924
0.001335 -0.500689 -0.865626
0 0 0 0
0.001465 0.217285
-2.013428 3.890625 -1.971924
0.001335 -0.500689 -0.865626
0 0 0 0
0.001465 0.095215
-2.013428 3.89917 -1.977051
0.001335 -0.500689 -0.865626
0 0 0 0
0.060547 0.095215
-1.992188 3.89917 -1.977051
0.001335 -0.500689 -0.865626
0 0 0 0
0.060547 0.217285
-1.992188 3.89917 -1.977051
0.001335 0.500689 -0.865626
0 0 0 0
0.001465 0.217285
-2.013428 3.89917 -1.977051
0.001335 0.500689 -0.865626
0 0 0 0
0.001465 0.095215
-2.013428 3.907959 -1.971924
0.001335 0.500689 -0.865626
0 0 0 0
0.060547 0.095215
-1.992188 3.907959 -1.971924
0.001335 0.500689 -0.865626
0 0 0 0
0.060547 0.217285
-1.992188 3.907959 -1.971924
0.000978 1 -0.000001
0 0 0 0
0.001465 0.217285
-2.013428 3.907959 -1.971924
0.000978 1 -0.000001
0 0 0 0
0.001465 0.095215
-2.013428 3.907959 -1.961914
0.000978 1 -0.000001
0 0 0 0
0.060547 0.095215
-1.992188 3.907959 -1.961914
0.000978 1 -0.000001
0 0 0 0
0.060547 0.217285
-1.992188 3.907959 -1.961914
0.001335 0.500689 0.865626
0 0 0 0
0.001465 0.217285
-2.013428 3.907959 -1.961914
0.001335 0.500689 0.865626
0 0 0 0
0.001465 0.095215
-2.013428 3.89917 -1.957031
0.001335 0.500689 0.865626
0 0 0 0
0.060547 0.095215
-1.992188 3.89917 -1.957031
0.001335 0.500689 0.865626
0 0 0 0
0.060547 0.217285
-1.992188 3.89917 -1.957031
0.001335 -0.500689 0.865626
0 0 0 0
0.001465 0.217285
-2.013428 3.89917 -1.957031
0.001335 -0.500689 0.865626
0 0 0 0
0.001465 0.095215
-2.013428 3.890625 -1.961914
0.001335 -0.500689 0.865626
0 0 0 0
0.060547 0.095215
-1.992188 3.890625 -1.961914
0.001335 -0.500689 0.865626
0 0 0 0
0.060547 0.217285
-2.013428 3.89917 -1.957031
-1 0.000978 -0.000001
0 0 0 0
0.328613 0.913818
-2.013428 3.890625 -1.971924
-1 -0.000977 -0.000001
0 0 0 0
0.258789 0.954346
-2.013428 3.890625 -1.961914
-1 -0.000977 -0.000001
0 0 0 0
0.281982 0.913818
-2.013428 3.89917 -1.977051
-1 0.000978 -0.000001
0 0 0 0
0.281982 0.994629
-2.013428 3.907959 -1.971924
-1 0.000978 -0.000001
0 0 0 0
0.328613 0.994629
-2.013428 3.907959 -1.961914
-1 0.000978 -0.000001
0 0 0 0
0.351807 0.954102
-1.992188 3.890625 1.970947
0.000978 -1 -0.000001
0 0 0 0
0.060547 0.217285
-2.013428 3.890625 1.960938
0.000978 -1 -0.000001
0 0 0 0
0.001465 0.095215
-1.992188 3.890625 1.960938
0.000978 -1 -0.000001
0 0 0 0
0.001465 0.217285
-2.013428 3.890625 1.970947
0.000978 -1 -0.000001
0 0 0 0
0.060547 0.095215
-1.992188 3.890625 1.960938
0.001335 -0.500689 -0.865626
0 0 0 0
0.001465 0.217285
-2.013428 3.890625 1.960938
0.001335 -0.500689 -0.865626
0 0 0 0
0.001465 0.095215
-2.013428 3.89917 1.956055
0.001335 -0.500689 -0.865626
0 0 0 0
0.060547 0.095215
-1.992188 3.89917 1.956055
0.001335 -0.500689 -0.865626
0 0 0 0
0.060547 0.217285
-1.992188 3.89917 1.956055
0.001335 0.500689 -0.865626
0 0 0 0
0.001465 0.217285
-2.013428 3.89917 1.956055
0.001335 0.500689 -0.865626
0 0 0 0
0.001465 0.095215
-2.013428 3.907959 1.960938
0.001335 0.500689 -0.865626
0 0 0 0
0.060547 0.095215
-1.992188 3.907959 1.960938
0.001335 0.500689 -0.865626
0 0 0 0
0.060547 0.217285
-1.992188 3.907959 1.960938
0.000978 1 -0.000001
0 0 0 0
0.001465 0.217285
-2.013428 3.907959 1.960938
0.000978 1 -0.000001
0 0 0 0
0.001465 0.095215
-2.013428 3.907959 1.970947
0.000978 1 -0.000001
0 0 0 0
0.060547 0.095215
-1.992188 3.907959 1.970947
0.000978 1 -0.000001
0 0 0 0
0.060547 0.217285
-1.992188 3.907959 1.970947
0.001335 0.500689 0.865626
0 0 0 0
0.001465 0.217285
-2.013428 3.907959 1.970947
0.001335 0.500689 0.865626
0 0 0 0
0.001465 0.095215
-2.013428 3.89917 1.976074
0.001335 0.500689 0.865626
0 0 0 0
0.060547 0.095215
-1.992188 3.89917 1.976074
0.001335 0.500689 0.865626
0 0 0 0
0.060547 0.217285
-1.992188 3.89917 1.976074
0.001335 -0.500689 0.865626
0 0 0 0
0.001465 0.217285
-2.013428 3.89917 1.976074
0.001335 -0.500689 0.865626
0 0 0 0
0.001465 0.095215
-2.013428 3.890625 1.970947
0.001335 -0.500689 0.865626
0 0 0 0
0.060547 0.095215
-1.992188 3.890625 1.970947
0.001335 -0.500689 0.865626
0 0 0 0
0.060547 0.217285
-2.013428 3.89917 1.976074
-1 0.000978 -0.000001
0 0 0 0
0.328613 0.913818
-2.013428 3.890625 1.960938
-1 -0.000977 -0.000001
0 0 0 0
0.258789 0.954346
-2.013428 3.890625 1.970947
-1 -0.000977 -0.000001
0 0 0 0
0.281982 0.913818
-2.013428 3.89917 1.956055
-1 0.000978 -0.000001
0 0 0 0
0.281982 0.994629
-2.013428 3.907959 1.960938
-1 0.000978 -0.000001
0 0 0 0
0.328613 0.994629
-2.013428 3.907959 1.970947
-1 0.000978 -0.000001
0 0 0 0
0.351807 0.954102
-1.992188 2.057373 1.970947
0.000978 -1 -0.000001
0 0 0 0
0.060547 0.217285
-2.013428 2.057373 1.960938
0.000978 -1 -0.000001
0 0 0 0
0.001465 0.095215
-1.992188 2.057373 1.960938
0.000978 -1 -0.000001
0 0 0 0
0.001465 0.217285
-2.013428 2.057373 1.970947
0.000978 -1 -0.000001
0 0 0 0
0.060547 0.095215
-1.992188 2.057373 1.960938
0.001335 -0.500689 -0.865626
0 0 0 0
0.001465 0.217285
-2.013428 2.057373 1.960938
0.001335 -0.500689 -0.865626
0 0 0 0
0.001465 0.095215
-2.013428 2.066162 1.956055
0.001335 -0.500689 -0.865626
0 0 0 0
0.060547 0.095215
-1.992188 2.066162 1.956055
0.001335 -0.500689 -0.865626
0 0 0 0
0.060547 0.217285
-1.992188 2.066162 1.956055
0.001335 0.500689 -0.865626
0 0 0 0
0.001465 0.217285
-2.013428 2.066162 1.956055
0.001335 0.500689 -0.865626
0 0 0 0
0.001465 0.095215
-2.013428 2.074707 1.960938
0.001335 0.500689 -0.865626
0 0 0 0
0.060547 0.095215
-1.992188 2.074707 1.960938
0.001335 0.500689 -0.865626
0 0 0 0
0.060547 0.217285
-1.992188 2.074707 1.960938
0.000978 1 -0.000001
0 0 0 0
0.001465 0.217285
-2.013428 2.074707 1.960938
0.000978 1 -0.000001
0 0 0 0
0.001465 0.095215
-2.013428 2.074707 1.970947
0.000978 1 -0.000001
0 0 0 0
0.060547 0.095215
-1.992188 2.074707 1.970947
0.000978 1 -0.000001
0 0 0 0
0.060547 0.217285
1.992188 0.116211 1.960205
0.001335 0.500689 -0.865626
0 0 0 0
0.001465 0.217285
2.013428 0.116211 1.960205
0.001335 0.500689 -0.865626
0 0 0 0
0.001465 0.095215
2.013428 0.107666 1.955322
0.001335 0.500689 -0.865626
0 0 0 0
0.060547 0.095215
1.992188 0.107666 1.955322
0.001335 0.500689 -0.865626
0 0 0 0
0.060547 0.217285
1.992188 0.107666 1.955322
0.001335 -0.500689 -0.865626
0 0 0 0
0.001465 0.217285
2.013428 0.107666 1.955322
0.001335 -0.500689 -0.865626
0 0 0 0
0.001465 0.095215
2.013428 0.098877 1.960205
0.001335 -0.500689 -0.865626
0 0 0 0
0.060547 0.095215
1.992188 0.098877 1.960205
0.001335 -0.500689 -0.865626
0 0 0 0
0.060547 0.217285
2.013428 0.107666 1.955322
1 0.000978 -0.000001
0 0 0 0
0.328613 0.913818
2.013428 0.098877 1.970215
1 -0.000977 -0.000001
0 0 0 0
0.258789 0.954346
2.013428 0.098877 1.960205
1 -0.000977 -0.000001
0 0 0 0
0.281982 0.913818
2.013428 0.107666 1.975342
1 0.000978 -0.000001
0 0 0 0
0.281982 0.994629
2.013428 0.116211 1.970215
1 0.000978 -0.000001
0 0 0 0
0.328613 0.994629
2.013428 0.116211 1.960205
1 0.000978 -0.000001
0 0 0 0
0.351807 0.954102
1.992188 1.931152 1.961914
0.000978 -1 -0.000001
0 0 0 0
0.060547 0.217285
2.013428 1.931152 1.971924
0.000978 -1 -0.000001
0 0 0 0
0.001465 0.095215
1.992188 1.931152 1.971924
0.000978 -1 -0.000001
0 0 0 0
0.001465 0.217285
2.013428 1.931152 1.961914
0.000978 -1 -0.000001
0 0 0 0
0.060547 0.095215
1.992188 1.931152 1.971924
0.001335 -0.500689 0.865626
0 0 0 0
0.001465 0.217285
2.013428 1.931152 1.971924
0.001335 -0.500689 0.865626
0 0 0 0
0.001465 0.095215
2.013428 1.939941 1.977051
0.001335 -0.500689 0.865626
0 0 0 0
0.060547 0.095215
1.992188 1.939941 1.977051
0.001335 -0.500689 0.865626
0 0 0 0
0.060547 0.217285
1.992188 1.939941 1.977051
0.001335 0.500689 0.865626
0 0 0 0
0.001465 0.217285
2.013428 1.939941 1.977051
0.001335 0.500689 0.865626
0 0 0 0
0.001465 0.095215
2.013428 1.948486 1.971924
0.001335 0.500689 0.865626
0 0 0 0
0.060547 0.095215
1.992188 1.948486 1.971924
0.001335 0.500689 0.865626
0 0 0 0
0.060547 0.217285
1.992188 1.948486 1.971924
0.000978 1 -0.000001
0 0 0 0
0.001465 0.217285
2.013428 1.948486 1.971924
0.000978 1 -0.000001
0 0 0 0
0.001465 0.095215
2.013428 1.948486 1.961914
0.000978 1 -0.000001
0 0 0 0
0.060547 0.095215
1.992188 1.948486 1.961914
0.000978 1 -0.000001
0 0 0 0
0.060547 0.217285
1.992188 1.948486 1.961914
0.001335 0.500689 -0.865626
0 0 0 0
0.001465 0.217285
2.013428 1.948486 1.961914
0.001335 0.500689 -0.865626
0 0 0 0
0.001465 0.095215
2.013428 1.939941 1.957031
0.001335 0.500689 -0.865626
0 0 0 0
0.060547 0.095215
1.992188 1.939941 1.957031
0.001335 0.500689 -0.865626
0 0 0 0
0.060547 0.217285
1.992188 1.939941 1.957031
0.001335 -0.500689 -0.865626
0 0 0 0
0.001465 0.217285
2.013428 1.939941 1.957031
0.001335 -0.500689 -0.865626
0 0 0 0
0.001465 0.095215
2.013428 1.931152 1.961914
0.001335 -0.500689 -0.865626
0 0 0 0
0.060547 0.095215
1.992188 1.931152 1.961914
0.001335 -0.500689 -0.865626
0 0 0 0
0.060547 0.217285
2.013428 1.939941 1.957031
1 0.000978 -0.000001
0 0 0 0
0.328613 0.913818
2.013428 1.931152 1.971924
1 -0.000977 -0.000001
0 0 0 0
0.258789 0.954346
2.013428 1.931152 1.961914
1 -0.000977 -0.000001
0 0 0 0
0.281982 0.913818
2.013428 1.939941 1.977051
1 0.000978 -0.000001
0 0 0 0
0.281982 0.994629
2.013428 1.948486 1.971924
1 0.000978 -0.000001
0 0 0 0
0.328613 0.994629
2.013428 1.948486 1.961914
1 0.000978 -0.000001
0 0 0 0
0.351807 0.954102
1.992188 2.057373 1.961914
0.000978 -1 -0.000001
0 0 0 0
0.060547 0.217285
2.013428 2.057373 1.971924
0.000978 -1 -0.000001
0 0 0 0
0.001465 0.095215
1.992188 2.057373 1.971924
0.000978 -1 -0.000001
0 0 0 0
0.001465 0.217285
2.013428 2.057373 1.961914
0.000978 -1 -0.000001
0 0 0 0
0.060547 0.095215
1.992188 2.057373 1.971924
0.001335 -0.500689 0.865626
0 0 0 0
0.001465 0.217285
2.013428 2.057373 1.971924
0.001335 -0.500689 0.865626
0 0 0 0
0.001465 0.095215
2.013428 2.066162 1.977051
0.001335 -0.500689 0.865626
0 0 0 0
0.060547 0.095215
1.992188 2.066162 1.977051
0.001335 -0.500689 0.865626
0 0 0 0
0.060547 0.217285
1.992188 2.066162 1.977051
0.001335 0.500689 0.865626
0 0 0 0
0.001465 0.217285
2.013428 2.066162 1.977051
0.001335 0.500689 0.865626
0 0 0 0
0.001465 0.095215
2.013428 2.074707 1.971924
0.001335 0.500689 0.865626
0 0 0 0
0.060547 0.095215
1.992188 2.074707 1.971924
0.001335 0.500689 0.865626
0 0 0 0
0.060547 0.217285
1.992188 2.074707 1.971924
0.000978 1 -0.000001
0 0 0 0
0.001465 0.217285
2.013428 2.074707 1.971924
0.000978 1 -0.000001
0 0 0 0
0.001465 0.095215
2.013428 2.074707 1.961914
0.000978 1 -0.000001
0 0 0 0
0.060547 0.095215
1.992188 2.074707 1.961914
0.000978 1 -0.000001
0 0 0 0
0.060547 0.217285
1.992188 2.074707 1.961914
0.001335 0.500689 -0.865626
0 0 0 0
0.001465 0.217285
2.013428 2.074707 1.961914
0.001335 0.500689 -0.865626
0 0 0 0
0.001465 0.095215
2.013428 2.066162 1.957031
0.001335 0.500689 -0.865626
0 0 0 0
0.060547 0.095215
1.992188 2.066162 1.957031
0.001335 0.500689 -0.865626
0 0 0 0
0.060547 0.217285
1.992188 2.066162 1.957031
0.001335 -0.500689 -0.865626
0 0 0 0
0.001465 0.217285
2.013428 2.066162 1.957031
0.001335 -0.500689 -0.865626
0 0 0 0
0.001465 0.095215
2.013428 2.057373 1.961914
0.001335 -0.500689 -0.865626
0 0 0 0
0.060547 0.095215
1.992188 2.057373 1.961914
0.001335 -0.500689 -0.865626
0 0 0 0
0.060547 0.217285
2.013428 2.066162 1.957031
1 0.000978 -0.000001
0 0 0 0
0.328613 0.913818
2.013428 2.057373 1.971924
1 -0.000977 -0.000001
0 0 0 0
0.258789 0.954346
2.013428 2.057373 1.961914
1 -0.000977 -0.000001
0 0 0 0
0.281982 0.913818
2.013428 2.066162 1.977051
1 0.000978 -0.000001
0 0 0 0
0.281982 0.994629
2.013428 2.074707 1.971924
1 0.000978 -0.000001
0 0 0 0
0.328613 0.994629
2.013428 2.074707 1.961914
1 0.000978 -0.000001
0 0 0 0
0.351807 0.954102
1.992188 3.890625 1.961914
0.000978 -1 -0.000001
0 0 0 0
0.060547 0.217285
2.013428 3.890625 1.971924
0.000978 -1 -0.000001
0 0 0 0
0.001465 0.095215
1.992188 3.890625 1.971924
0.000978 -1 -0.000001
0 0 0 0
0.001465 0.217285
2.013428 3.890625 1.961914
0.000978 -1 -0.000001
0 0 0 0
0.060547 0.095215
1.992188 3.890625 1.971924
0.001335 -0.500689 0.865626
0 0 0 0
0.001465 0.217285
2.013428 3.890625 1.971924
0.001335 -0.500689 0.865626
0 0 0 0
0.001465 0.095215
2.013428 3.89917 1.977051
0.001335 -0.500689 0.865626
0 0 0 0
0.060547 0.095215
1.992188 3.89917 1.977051
0.001335 -0.500689 0.865626
0 0 0 0
0.060547 0.217285
1.992188 3.89917 1.977051
0.001335 0.500689 0.865626
0 0 0 0
0.001465 0.217285
2.013428 3.89917 1.977051
0.001335 0.500689 0.865626
0 0 0 0
0.001465 0.095215
2.013428 3.907959 1.971924
0.001335 0.500689 0.865626
0 0 0 0
0.060547 0.095215
1.992188 3.907959 1.971924
0.001335 0.500689 0.865626
0 0 0 0
0.060547 0.217285
1.992188 3.907959 1.971924
0.000978 1 -0.000001
0 0 0 0
0.001465 0.217285
2.013428 3.907959 1.971924
0.000978 1 -0.000001
0 0 0 0
0.001465 0.095215
2.013428 3.907959 1.961914
0.000978 1 -0.000001
0 0 0 0
0.060547 0.095215
1.992188 3.907959 1.961914
0.000978 1 -0.000001
0 0 0 0
0.060547 0.217285
1.992188 3.907959 1.961914
0.001335 0.500689 -0.865626
0 0 0 0
0.001465 0.217285
2.013428 3.907959 1.961914
0.001335 0.500689 -0.865626
0 0 0 0
0.001465 0.095215
2.013428 3.89917 1.957031
0.001335 0.500689 -0.865626
0 0 0 0
0.060547 0.095215
1.992188 3.89917 1.957031
0.001335 0.500689 -0.865626
0 0 0 0
0.060547 0.217285
1.992188 3.89917 1.957031
0.001335 -0.500689 -0.865626
0 0 0 0
0.001465 0.217285
2.013428 3.89917 1.957031
0.001335 -0.500689 -0.865626
0 0 0 0
0.001465 0.095215
2.013428 3.890625 1.961914
0.001335 -0.500689 -0.865626
0 0 0 0
0.060547 0.095215
1.992188 3.890625 1.961914
0.001335 -0.500689 -0.865626
0 0 0 0
0.060547 0.217285
2.013428 3.89917 1.957031
1 0.000978 -0.000001
0 0 0 0
0.328613 0.913818
2.013428 3.890625 1.971924
1 -0.000977 -0.000001
0 0 0 0
0.258789 0.954346
2.013428 3.890625 1.961914
1 -0.000977 -0.000001
0 0 0 0
0.281982 0.913818
2.013428 3.89917 1.977051
1 0.000978 -0.000001
0 0 0 0
0.281982 0.994629
2.013428 3.907959 1.971924
1 0.000978 -0.000001
0 0 0 0
0.328613 0.994629
2.013428 3.907959 1.961914
1 0.000978 -0.000001
0 0 0 0
0.351807 0.954102
1.992188 3.890625 -1.970947
0.000978 -1 -0.000001
0 0 0 0
0.060547 0.217285
2.013428 3.890625 -1.960938
0.000978 -1 -0.000001
0 0 0 0
0.001465 0.095215
1.992188 3.890625 -1.960938
0.000978 -1 -0.000001
0 0 0 0
0.001465 0.217285
2.013428 3.890625 -1.970947
0.000978 -1 -0.000001
0 0 0 0
0.060547 0.095215
1.992188 3.890625 -1.960938
0.001335 -0.500689 0.865626
0 0 0 0
0.001465 0.217285
2.013428 3.890625 -1.960938
0.001335 -0.500689 0.865626
0 0 0 0
0.001465 0.095215
2.013428 3.89917 -1.956055
0.001335 -0.500689 0.865626
0 0 0 0
0.060547 0.095215
1.992188 3.89917 -1.956055
0.001335 -0.500689 0.865626
0 0 0 0
0.060547 0.217285
1.992188 3.89917 -1.956055
0.001335 0.500689 0.865626
0 0 0 0
0.001465 0.217285
2.013428 3.89917 -1.956055
0.001335 0.500689 0.865626
0 0 0 0
0.001465 0.095215
2.013428 3.907959 -1.960938
0.001335 0.500689 0.865626
0 0 0 0
0.060547 0.095215
1.992188 3.907959 -1.960938
0.001335 0.500689 0.865626
0 0 0 0
0.060547 0.217285
1.992188 3.907959 -1.960938
0.000978 1 -0.000001
0 0 0 0
0.001465 0.217285
2.013428 3.907959 -1.960938
0.000978 1 -0.000001
0 0 0 0
0.001465 0.095215
2.013428 3.907959 -1.970947
0.000978 1 -0.000001
0 0 0 0
0.060547 0.095215
1.992188 3.907959 -1.970947
0.000978 1 -0.000001
0 0 0 0
0.060547 0.217285
1.992188 3.907959 -1.970947
0.001335 0.500689 -0.865626
0 0 0 0
0.001465 0.217285
2.013428 3.907959 -1.970947
0.001335 0.500689 -0.865626
0 0 0 0
0.001465 0.095215
2.013428 3.89917 -1.976074
0.001335 0.500689 -0.865626
0 0 0 0
0.060547 0.095215
1.992188 3.89917 -1.976074
0.001335 0.500689 -0.865626
0 0 0 0
0.060547 0.217285
1.992188 3.89917 -1.976074
0.001335 -0.500689 -0.865626
0 0 0 0
0.001465 0.217285
2.013428 3.89917 -1.976074
0.001335 -0.500689 -0.865626
0 0 0 0
0.001465 0.095215
2.013428 3.890625 -1.970947
0.001335 -0.500689 -0.865626
0 0 0 0
0.060547 0.095215
1.992188 3.890625 -1.970947
0.001335 -0.500689 -0.865626
0 0 0 0
0.060547 0.217285
2.013428 3.89917 -1.976074
1 0.000978 -0.000001
0 0 0 0
0.328613 0.913818
2.013428 3.890625 -1.960938
1 -0.000977 -0.000001
0 0 0 0
0.258789 0.954346
2.013428 3.890625 -1.970947
1 -0.000977 -0.000001
0 0 0 0
0.281982 0.913818
2.013428 3.89917 -1.956055
1 0.000978 -0.000001
0 0 0 0
0.281982 0.994629
2.013428 3.907959 -1.960938
1 0.000978 -0.000001
0 0 0 0
0.328613 0.994629
2.013428 3.907959 -1.970947
1 0.000978 -0.000001
0 0 0 0
0.351807 0.954102
1.992188 2.057373 -1.970947
0.000978 -1 -0.000001
0 0 0 0
0.060547 0.217285
2.013428 2.057373 -1.960938
0.000978 -1 -0.000001
0 0 0 0
0.001465 0.095215
1.992188 2.057373 -1.960938
0.000978 -1 -0.000001
0 0 0 0
0.001465 0.217285
2.013428 2.057373 -1.970947
0.000978 -1 -0.000001
0 0 0 0
0.060547 0.095215
1.992188 2.057373 -1.960938
0.001335 -0.500689 0.865626
0 0 0 0
0.001465 0.217285
2.013428 2.057373 -1.960938
0.001335 -0.500689 0.865626
0 0 0 0
0.001465 0.095215
2.013428 2.066162 -1.956055
0.001335 -0.500689 0.865626
0 0 0 0
0.060547 0.095215
1.992188 2.066162 -1.956055
0.001335 -0.500689 0.865626
0 0 0 0
0.060547 0.217285
1.992188 2.066162 -1.956055
0.001335 0.500689 0.865626
0 0 0 0
0.001465 0.217285
2.013428 2.066162 -1.956055
0.001335 0.500689 0.865626
0 0 0 0
0.001465 0.095215
2.013428 2.074707 -1.960938
0.001335 0.500689 0.865626
0 0 0 0
0.060547 0.095215
1.992188 2.074707 -1.960938
0.001335 0.500689 0.865626
0 0 0 0
0.060547 0.217285
1.992188 2.074707 -1.960938
0.000978 1 -0.000001
0 0 0 0
0.001465 0.217285
2.013428 2.074707 -1.960938
0.000978 1 -0.000001
0 0 0 0
0.001465 0.095215
2.013428 2.074707 -1.970947
0.000978 1 -0.000001
0 0 0 0
0.060547 0.095215
1.992188 2.074707 -1.970947
0.000978 1 -0.000001
0 0 0 0
0.060547 0.217285
1.992188 2.074707 -1.970947
0.001335 0.500689 -0.865626
0 0 0 0
0.001465 0.217285
2.013428 2.074707 -1.970947
0.001335 0.500689 -0.865626
0 0 0 0
0.001465 0.095215
2.013428 2.066162 -1.976074
0.001335 0.500689 -0.865626
0 0 0 0
0.060547 0.095215
1.992188 2.066162 -1.976074
0.001335 0.500689 -0.865626
0 0 0 0
0.060547 0.217285
1.992188 2.066162 -1.976074
0.001335 -0.500689 -0.865626
0 0 0 0
0.001465 0.217285
2.013428 2.066162 -1.976074
0.001335 -0.500689 -0.865626
0 0 0 0
0.001465 0.095215
2.013428 2.057373 -1.970947
0.001335 -0.500689 -0.865626
0 0 0 0
0.060547 0.095215
1.992188 2.057373 -1.970947
0.001335 -0.500689 -0.865626
0 0 0 0
0.060547 0.217285
2.013428 2.066162 -1.976074
1 0.000978 -0.000001
0 0 0 0
0.328613 0.913818
2.013428 2.057373 -1.960938
1 -0.000977 -0.000001
0 0 0 0
0.258789 0.954346
2.013428 2.057373 -1.970947
1 -0.000977 -0.000001
0 0 0 0
0.281982 0.913818
2.013428 2.066162 -1.956055
1 0.000978 -0.000001
0 0 0 0
0.281982 0.994629
2.013428 2.074707 -1.960938
1 0.000978 -0.000001
0 0 0 0
0.328613 0.994629
2.013428 2.074707 -1.970947
1 0.000978 -0.000001
0 0 0 0
0.351807 0.954102
1.992188 1.931152 -1.970947
0.000978 -1 -0.000001
0 0 0 0
0.060547 0.217285
2.013428 1.931152 -1.960938
0.000978 -1 -0.000001
0 0 0 0
0.001465 0.095215
1.992188 1.931152 -1.960938
0.000978 -1 -0.000001
0 0 0 0
0.001465 0.217285
2.013428 1.931152 -1.970947
0.000978 -1 -0.000001
0 0 0 0
0.060547 0.095215
1.992188 1.931152 -1.960938
0.001335 -0.500689 0.865626
0 0 0 0
0.001465 0.217285
2.013428 1.931152 -1.960938
0.001335 -0.500689 0.865626
0 0 0 0
0.001465 0.095215
2.013428 1.939941 -1.956055
0.001335 -0.500689 0.865626
0 0 0 0
0.060547 0.095215
1.992188 1.939941 -1.956055
0.001335 -0.500689 0.865626
0 0 0 0
0.060547 0.217285
1.992188 1.939941 -1.956055
0.001335 0.500689 0.865626
0 0 0 0
0.001465 0.217285
2.013428 1.939941 -1.956055
0.001335 0.500689 0.865626
0 0 0 0
0.001465 0.095215
2.013428 1.948486 -1.960938
0.001335 0.500689 0.865626
0 0 0 0
0.060547 0.095215
1.992188 1.948486 -1.960938
0.001335 0.500689 0.865626
0 0 0 0
0.060547 0.217285
1.992188 1.948486 -1.960938
0.000978 1 -0.000001
0 0 0 0
0.001465 0.217285
2.013428 1.948486 -1.960938
0.000978 1 -0.000001
0 0 0 0
0.001465 0.095215
2.013428 1.948486 -1.970947
0.000978 1 -0.000001
0 0 0 0
0.060547 0.095215
1.992188 1.948486 -1.970947
0.000978 1 -0.000001
0 0 0 0
0.060547 0.217285
1.992188 1.948486 -1.970947
0.001335 0.500689 -0.865626
0 0 0 0
0.001465 0.217285
2.013428 1.948486 -1.970947
0.001335 0.500689 -0.865626
0 0 0 0
0.001465 0.095215
2.013428 1.939941 -1.976074
0.001335 0.500689 -0.865626
0 0 0 0
0.060547 0.095215
1.992188 1.939941 -1.976074
0.001335 0.500689 -0.865626
0 0 0 0
0.060547 0.217285
1.992188 1.939941 -1.976074
0.001335 -0.500689 -0.865626
0 0 0 0
0.001465 0.217285
2.013428 1.939941 -1.976074
0.001335 -0.500689 -0.865626
0 0 0 0
0.001465 0.095215
2.013428 1.931152 -1.970947
0.001335 -0.500689 -0.865626
0 0 0 0
0.060547 0.095215
1.992188 1.931152 -1.970947
0.001335 -0.500689 -0.865626
0 0 0 0
0.060547 0.217285
2.013428 1.939941 -1.976074
1 0.000978 -0.000001
0 0 0 0
0.328613 0.913818
2.013428 1.931152 -1.960938
1 -0.000977 -0.000001
0 0 0 0
0.258789 0.954346
2.013428 1.931152 -1.970947
1 -0.000977 -0.000001
0 0 0 0
0.281982 0.913818
2.013428 1.939941 -1.956055
1 0.000978 -0.000001
0 0 0 0
0.281982 0.994629
2.013428 1.948486 -1.960938
1 0.000978 -0.000001
0 0 0 0
0.328613 0.994629
2.013428 1.948486 -1.970947
1 0.000978 -0.000001
0 0 0 0
0.351807 0.954102
1.992188 0.098877 -1.972656
0.000978 -1 -0.000001
0 0 0 0
0.060547 0.217285
2.013428 0.098877 -1.962646
0.000978 -1 -0.000001
0 0 0 0
0.001465 0.095215
1.992188 0.098877 -1.962646
0.000978 -1 -0.000001
0 0 0 0
0.001465 0.217285
2.013428 0.098877 -1.972656
0.000978 -1 -0.000001
0 0 0 0
0.060547 0.095215
1.992188 0.098877 -1.962646
0.001335 -0.500689 0.865626
0 0 0 0
0.001465 0.217285
2.013428 0.098877 -1.962646
0.001335 -0.500689 0.865626
0 0 0 0
0.001465 0.095215
2.013428 0.107666 -1.957764
0.001335 -0.500689 0.865626
0 0 0 0
0.060547 0.095215
1.992188 0.107666 -1.957764
0.001335 -0.500689 0.865626
0 0 0 0
0.060547 0.217285
1.992188 0.107666 -1.957764
0.001335 0.500689 0.865626
0 0 0 0
0.001465 0.217285
2.013428 0.107666 -1.957764
0.001335 0.500689 0.865626
0 0 0 0
0.001465 0.095215
2.013428 0.116211 -1.962646
0.001335 0.500689 0.865626
0 0 0 0
0.060547 0.095215
1.992188 0.116211 -1.962646
0.001335 0.500689 0.865626
0 0 0 0
0.060547 0.217285
1.992188 0.116211 -1.962646
0.000978 1 -0.000001
0 0 0 0
0.001465 0.217285
2.013428 0.116211 -1.962646
0.000978 1 -0.000001
0 0 0 0
0.001465 0.095215
2.013428 0.116211 -1.972656
0.000978 1 -0.000001
0 0 0 0
0.060547 0.095215
1.992188 0.116211 -1.972656
0.000978 1 -0.000001
0 0 0 0
0.060547 0.217285
1.992188 0.116211 -1.972656
0.001335 0.500689 -0.865626
0 0 0 0
0.001465 0.217285
2.013428 0.116211 -1.972656
0.001335 0.500689 -0.865626
0 0 0 0
0.001465 0.095215
2.013428 0.107666 -1.977783
0.001335 0.500689 -0.865626
0 0 0 0
0.060547 0.095215
1.992188 0.107666 -1.977783
0.001335 0.500689 -0.865626
0 0 0 0
0.060547 0.217285
1.992188 0.107666 -1.977783
0.001335 -0.500689 -0.865626
0 0 0 0
0.001465 0.217285
2.013428 0.107666 -1.977783
0.001335 -0.500689 -0.865626
0 0 0 0
0.001465 0.095215
2.013428 0.098877 -1.972656
0.001335 -0.500689 -0.865626
0 0 0 0
0.060547 0.095215
1.992188 0.098877 -1.972656
0.001335 -0.500689 -0.865626
0 0 0 0
0.060547 0.217285
2.013428 0.107666 -1.977783
1 0.000978 -0.000001
0 0 0 0
0.328613 0.913818
2.013428 0.098877 -1.962646
1 -0.000977 -0.000001
0 0 0 0
0.258789 0.954346
2.013428 0.098877 -1.972656
1 -0.000977 -0.000001
0 0 0 0
0.281982 0.913818
2.013428 0.107666 -1.957764
1 0.000978 -0.000001
0 0 0 0
0.281982 0.994629
2.013428 0.116211 -1.962646
1 0.000978 -0.000001
0 0 0 0
0.328613 0.994629
2.013428 0.116211 -1.972656
1 0.000978 -0.000001
0 0 0 0
0.351807 0.954102
2.01416 1.006348 -0.030029
0.001335 0.500689 0.865626
0 0 0 0
0.001465 0.217285
2.01416 1.015137 -0.035156
0.001335 0.500689 0.865626
0 0 0 0
0.060547 0.217285
1.99292 1.015137 -0.035156
0.001335 0.500689 0.865626
0 0 0 0
0.060547 0.095215
1.99292 1.006348 -0.030029
0.001335 0.500689 0.865626
0 0 0 0
0.001465 0.095215
2.01416 1.015137 -0.035156
0.000978 1 -0.000001
0 0 0 0
0.001465 0.217285
2.01416 1.015137 -0.045166
0.000978 1 -0.000001
0 0 0 0
0.060547 0.217285
1.99292 1.015137 -0.045166
0.000978 1 -0.000001
0 0 0 0
0.060547 0.095215
1.99292 1.015137 -0.035156
0.000978 1 -0.000001
0 0 0 0
0.001465 0.095215
2.01416 1.015137 -0.045166
1 0.000978 -0.000001
0 0 0 0
0.281982 0.913818
2.01416 1.015137 -0.035156
1 0.000978 -0.000001
0 0 0 0
0.258789 0.954346
2.01416 1.006348 -0.030029
1 0.000978 -0.000001
0 0 0 0
0.281982 0.994629
2.01416 1.006348 -0.050049
1 0.000978 -0.000001
0 0 0 0
0.328613 0.913818
2.01416 0.997803 -0.035156
1 0.000978 -0.000001
0 0 0 0
0.328613 0.994629
2.01416 0.997803 -0.045166
1 0.000978 -0.000001
0 0 0 0
0.351807 0.954102
2.01416 1.015137 -0.045166
0.001335 0.500689 -0.865626
0 0 0 0
0.001465 0.217285
2.01416 1.006348 -0.050049
0.001335 0.500689 -0.865626
0 0 0 0
0.060547 0.217285
1.99292 1.006348 -0.050049
0.001335 0.500689 -0.865626
0 0 0 0
0.060547 0.095215
1.99292 1.015137 -0.045166
0.001335 0.500689 -0.865626
0 0 0 0
0.001465 0.095215
2.01416 0.997803 -0.045166
0.000978 -1 -0.000001
0 0 0 0
0.060547 0.217285
1.99292 0.997803 -0.035156
0.000978 -1 -0.000001
0 0 0 0
0.001465 0.095215
1.99292 0.997803 -0.045166
0.000978 -1 -0.000001
0 0 0 0
0.060547 0.095215
2.01416 0.997803 -0.035156
0.000978 -1 -0.000001
0 0 0 0
0.001465 0.217285
2.01416 1.006348 -0.050049
0.001335 -0.500689 -0.865626
0 0 0 0
0.001465 0.217285
2.01416 0.997803 -0.045166
0.001335 -0.500689 -0.865626
0 0 0 0
0.060547 0.217285
1.99292 0.997803 -0.045166
0.001335 -0.500689 -0.865626
0 0 0 0
0.060547 0.095215
1.99292 1.006348 -0.050049
0.001335 -0.500689 -0.865626
0 0 0 0
0.001465 0.095215
1.99292 1.006348 -0.050049
-1 0.000978 -0.000001
0 0 0 0
0.328613 0.913818
1.99292 0.997803 -0.045166
-1 0.000978 -0.000001
0 0 0 0
0.281982 0.913818
1.99292 0.997803 -0.035156
-1 0.000978 -0.000001
0 0 0 0
0.258789 0.954346
1.99292 1.006348 -0.030029
-1 0.000978 -0.000001
0 0 0 0
0.281982 0.994629
1.99292 1.015137 -0.035156
-1 -0.000977 -0.000001
0 0 0 0
0.328613 0.994629
1.99292 1.015137 -0.045166
-1 -0.000977 -0.000001
0 0 0 0
0.351807 0.954102
2.01416 0.997803 -0.035156
0.001335 -0.500689 0.865626
0 0 0 0
0.001465 0.217285
1.99292 1.006348 -0.030029
0.001335 -0.500689 0.865626
0 0 0 0
0.060547 0.095215
1.99292 0.997803 -0.035156
0.001335 -0.500689 0.865626
0 0 0 0
0.001465 0.095215
2.01416 1.006348 -0.030029
0.001335 -0.500689 0.865626
0 0 0 0
0.060547 0.217285
2.01416 2.965088 -0.030029
0.001335 0.500689 0.865626
0 0 0 0
0.001465 0.217285
2.01416 2.973877 -0.035156
0.001335 0.500689 0.865626
0 0 0 0
0.060547 0.217285
1.99292 2.973877 -0.035156
0.001335 0.500689 0.865626
0 0 0 0
0.060547 0.095215
1.99292 2.965088 -0.030029
0.001335 0.500689 0.865626
0 0 0 0
0.001465 0.095215
2.01416 2.973877 -0.035156
0.000978 1 -0.000001
0 0 0 0
0.001465 0.217285
2.01416 2.973877 -0.045166
0.000978 1 -0.000001
0 0 0 0
0.060547 0.217285
1.99292 2.973877 -0.045166
0.000978 1 -0.000001
0 0 0 0
0.060547 0.095215
1.99292 2.973877 -0.035156
0.000978 1 -0.000001
0 0 0 0
0.001465 0.095215
2.01416 2.973877 -0.045166
1 0.000978 -0.000001
0 0 0 0
0.281982 0.913818
2.01416 2.973877 -0.035156
1 0.000978 -0.000001
0 0 0 0
0.258789 0.954346
2.01416 2.965088 -0.030029
1 0.000978 -0.000001
0 0 0 0
0.281982 0.994629
2.01416 2.965088 -0.050049
1 0.000978 -0.000001
0 0 0 0
0.328613 0.913818
2.01416 2.956543 -0.035156
1 0.000978 -0.000001
0 0 0 0
0.328613 0.994629
2.01416 2.956543 -0.045166
1 0.000978 -0.000001
0 0 0 0
0.351807 0.954102
2.01416 2.973877 -0.045166
0.001335 0.500689 -0.865626
0 0 0 0
0.001465 0.217285
2.01416 2.965088 -0.050049
0.001335 0.500689 -0.865626
0 0 0 0
0.060547 0.217285
1.99292 2.965088 -0.050049
0.001335 0.500689 -0.865626
0 0 0 0
0.060547 0.095215
1.99292 2.973877 -0.045166
0.001335 0.500689 -0.865626
0 0 0 0
0.001465 0.095215
2.01416 2.956543 -0.045166
0.000978 -1 -0.000001
0 0 0 0
0.060547 0.217285
1.99292 2.956543 -0.035156
0.000978 -1 -0.000001
0 0 0 0
0.001465 0.095215
1.99292 2.956543 -0.045166
0.000978 -1 -0.000001
0 0 0 0
0.060547 0.095215
2.01416 2.956543 -0.035156
0.000978 -1 -0.000001
0 0 0 0
0.001465 0.217285
2.01416 2.965088 -0.050049
0.001335 -0.500689 -0.865626
0 0 0 0
0.001465 0.217285
2.01416 2.956543 -0.045166
0.001335 -0.500689 -0.865626
0 0 0 0
0.060547 0.217285
1.99292 2.956543 -0.045166
0.001335 -0.500689 -0.865626
0 0 0 0
0.060547 0.095215
1.99292 2.965088 -0.050049
0.001335 -0.500689 -0.865626
0 0 0 0
0.001465 0.095215
1.99292 2.965088 -0.050049
-1 0.000978 -0.000001
0 0 0 0
0.328613 0.913818
1.99292 2.956543 -0.045166
-1 0.000978 -0.000001
0 0 0 0
0.281982 0.913818
1.99292 2.956543 -0.035156
-1 0.000978 -0.000001
0 0 0 0
0.258789 0.954346
1.99292 2.965088 -0.030029
-1 0.000978 -0.000001
0 0 0 0
0.281982 0.994629
1.99292 2.973877 -0.035156
-1 -0.000977 -0.000001
0 0 0 0
0.328613 0.994629
1.99292 2.973877 -0.045166
-1 -0.000977 -0.000001
0 0 0 0
0.351807 0.954102
2.01416 2.956543 -0.035156
0.001335 -0.500689 0.865626
0 0 0 0
0.001465 0.217285
1.99292 2.965088 -0.030029
0.001335 -0.500689 0.865626
0 0 0 0
0.060547 0.095215
1.99292 2.956543 -0.035156
0.001335 -0.500689 0.865626
0 0 0 0
0.001465 0.095215
2.01416 2.965088 -0.030029
0.001335 -0.500689 0.865626
0 0 0 0
0.060547 0.217285
-1.992188 2.074707 1.970947
0.001335 0.500689 0.865626
0 0 0 0
0.001465 0.217285
-2.013428 2.074707 1.970947
0.001335 0.500689 0.865626
0 0 0 0
0.001465 0.095215
-2.013428 2.066162 1.976074
0.001335 0.500689 0.865626
0 0 0 0
0.060547 0.095215
-1.992188 2.066162 1.976074
0.001335 0.500689 0.865626
0 0 0 0
0.060547 0.217285
-1.992188 2.066162 1.976074
0.001335 -0.500689 0.865626
0 0 0 0
0.001465 0.217285
-2.013428 2.066162 1.976074
0.001335 -0.500689 0.865626
0 0 0 0
0.001465 0.095215
-2.013428 2.057373 1.970947
0.001335 -0.500689 0.865626
0 0 0 0
0.060547 0.095215
-1.992188 2.057373 1.970947
0.001335 -0.500689 0.865626
0 0 0 0
0.060547 0.217285
-2.013428 2.066162 1.976074
-1 0.000978 -0.000001
0 0 0 0
0.328613 0.913818
-2.013428 2.057373 1.960938
-1 -0.000977 -0.000001
0 0 0 0
0.258789 0.954346
-2.013428 2.057373 1.970947
-1 -0.000977 -0.000001
0 0 0 0
0.281982 0.913818
-2.013428 2.066162 1.956055
-1 0.000978 -0.000001
0 0 0 0
0.281982 0.994629
-2.013428 2.074707 1.960938
-1 0.000978 -0.000001
0 0 0 0
0.328613 0.994629
-2.013428 2.074707 1.970947
-1 0.000978 -0.000001
0 0 0 0
0.351807 0.954102
-1.992188 1.931152 1.970947
0.000978 -1 -0.000001
0 0 0 0
0.060547 0.217285
-2.013428 1.931152 1.960938
0.000978 -1 -0.000001
0 0 0 0
0.001465 0.095215
-1.992188 1.931152 1.960938
0.000978 -1 -0.000001
0 0 0 0
0.001465 0.217285
-2.013428 1.931152 1.970947
0.000978 -1 -0.000001
0 0 0 0
0.060547 0.095215
-1.992188 1.931152 1.960938
0.001335 -0.500689 -0.865626
0 0 0 0
0.001465 0.217285
-2.013428 1.931152 1.960938
0.001335 -0.500689 -0.865626
0 0 0 0
0.001465 0.095215
-2.013428 1.939941 1.956055
0.001335 -0.500689 -0.865626
0 0 0 0
0.060547 0.095215
-1.992188 1.939941 1.956055
0.001335 -0.500689 -0.865626
0 0 0 0
0.060547 0.217285
-1.992188 1.939941 1.956055
0.001335 0.500689 -0.865626
0 0 0 0
0.001465 0.217285
-2.013428 1.939941 1.956055
0.001335 0.500689 -0.865626
0 0 0 0
0.001465 0.095215
-2.013428 1.948486 1.960938
0.001335 0.500689 -0.865626
0 0 0 0
0.060547 0.095215
-1.992188 1.948486 1.960938
0.001335 0.500689 -0.865626
0 0 0 0
0.060547 0.217285
-1.992188 1.948486 1.960938
0.000978 1 -0.000001
0 0 0 0
0.001465 0.217285
-2.013428 1.948486 1.960938
0.000978 1 -0.000001
0 0 0 0
0.001465 0.095215
-2.013428 1.948486 1.970947
0.000978 1 -0.000001
0 0 0 0
0.060547 0.095215
-1.992188 1.948486 1.970947
0.000978 1 -0.000001
0 0 0 0
0.060547 0.217285
-1.992188 1.948486 1.970947
0.001335 0.500689 0.865626
0 0 0 0
0.001465 0.217285
-2.013428 1.948486 1.970947
0.001335 0.500689 0.865626
0 0 0 0
0.001465 0.095215
-2.013428 1.939941 1.976074
0.001335 0.500689 0.865626
0 0 0 0
0.060547 0.095215
-1.992188 1.939941 1.976074
0.001335 0.500689 0.865626
0 0 0 0
0.060547 0.217285
-1.992188 1.939941 1.976074
0.001335 -0.500689 0.865626
0 0 0 0
0.001465 0.217285
-2.013428 1.939941 1.976074
0.001335 -0.500689 0.865626
0 0 0 0
0.001465 0.095215
-2.013428 1.931152 1.970947
0.001335 -0.500689 0.865626
0 0 0 0
0.060547 0.095215
-1.992188 1.931152 1.970947
0.001335 -0.500689 0.865626
0 0 0 0
0.060547 0.217285
-2.013428 1.939941 1.976074
-1 0.000978 -0.000001
0 0 0 0
0.328613 0.913818
-2.013428 1.931152 1.960938
-1 -0.000977 -0.000001
0 0 0 0
0.258789 0.954346
-2.013428 1.931152 1.970947
-1 -0.000977 -0.000001
0 0 0 0
0.281982 0.913818
-2.013428 1.939941 1.956055
-1 0.000978 -0.000001
0 0 0 0
0.281982 0.994629
-2.013428 1.948486 1.960938
-1 0.000978 -0.000001
0 0 0 0
0.328613 0.994629
-2.013428 1.948486 1.970947
-1 0.000978 -0.000001
0 0 0 0
0.351807 0.954102
-1.992188 0.098877 1.972656
0.000978 -1 -0.000001
0 0 0 0
0.060547 0.217285
-2.013428 0.098877 1.962646
0.000978 -1 -0.000001
0 0 0 0
0.001465 0.095215
-1.992188 0.098877 1.962646
0.000978 -1 -0.000001
0 0 0 0
0.001465 0.217285
-2.013428 0.098877 1.972656
0.000978 -1 -0.000001
0 0 0 0
0.060547 0.095215
-1.992188 0.098877 1.962646
0.001335 -0.500689 -0.865626
0 0 0 0
0.001465 0.217285
-2.013428 0.098877 1.962646
0.001335 -0.500689 -0.865626
0 0 0 0
0.001465 0.095215
-2.013428 0.107666 1.957764
0.001335 -0.500689 -0.865626
0 0 0 0
0.060547 0.095215
-1.992188 0.107666 1.957764
0.001335 -0.500689 -0.865626
0 0 0 0
0.060547 0.217285
-1.992188 0.107666 1.957764
0.001335 0.500689 -0.865626
0 0 0 0
0.001465 0.217285
-2.013428 0.107666 1.957764
0.001335 0.500689 -0.865626
0 0 0 0
0.001465 0.095215
-2.013428 0.116211 1.962646
0.001335 0.500689 -0.865626
0 0 0 0
0.060547 0.095215
-1.992188 0.116211 1.962646
0.001335 0.500689 -0.865626
0 0 0 0
0.060547 0.217285
-1.992188 0.116211 1.962646
0.000978 1 -0.000001
0 0 0 0
0.001465 0.217285
-2.013428 0.116211 1.962646
0.000978 1 -0.000001
0 0 0 0
0.001465 0.095215
-2.013428 0.116211 1.972656
0.000978 1 -0.000001
0 0 0 0
0.060547 0.095215
-1.992188 0.116211 1.972656
0.000978 1 -0.000001
0 0 0 0
0.060547 0.217285
-1.992188 0.116211 1.972656
0.001335 0.500689 0.865626
0 0 0 0
0.001465 0.217285
-2.013428 0.116211 1.972656
0.001335 0.500689 0.865626
0 0 0 0
0.001465 0.095215
-2.013428 0.107666 1.977783
0.001335 0.500689 0.865626
0 0 0 0
0.060547 0.095215
-1.992188 0.107666 1.977783
0.001335 0.500689 0.865626
0 0 0 0
0.060547 0.217285
-1.992188 0.107666 1.977783
0.001335 -0.500689 0.865626
0 0 0 0
0.001465 0.217285
-2.013428 0.107666 1.977783
0.001335 -0.500689 0.865626
0 0 0 0
0.001465 0.095215
-2.013428 0.098877 1.972656
0.001335 -0.500689 0.865626
0 0 0 0
0.060547 0.095215
-1.992188 0.098877 1.972656
0.001335 -0.500689 0.865626
0 0 0 0
0.060547 0.217285
-2.013428 0.107666 1.977783
-1 0.000978 -0.000001
0 0 0 0
0.328613 0.913818
-2.013428 0.098877 1.962646
-1 -0.000977 -0.000001
0 0 0 0
0.258789 0.954346
-2.013428 0.098877 1.972656
-1 -0.000977 -0.000001
0 0 0 0
0.281982 0.913818
-2.013428 0.107666 1.957764
-1 0.000978 -0.000001
0 0 0 0
0.281982 0.994629
-2.013428 0.116211 1.962646
-1 0.000978 -0.000001
0 0 0 0
0.328613 0.994629
-2.013428 0.116211 1.972656
-1 0.000978 -0.000001
0 0 0 0
0.351807 0.954102
-2.01416 1.006348 0.030029
0.001335 0.500689 -0.865626
0 0 0 0
0.001465 0.217285
-2.01416 1.015137 0.035156
0.001335 0.500689 -0.865626
0 0 0 0
0.060547 0.217285
-1.99292 1.015137 0.035156
0.001335 0.500689 -0.865626
0 0 0 0
0.060547 0.095215
-1.99292 1.006348 0.030029
0.001335 0.500689 -0.865626
0 0 0 0
0.001465 0.095215
-2.01416 1.015137 0.035156
0.000978 1 -0.000001
0 0 0 0
0.001465 0.217285
-2.01416 1.015137 0.045166
0.000978 1 -0.000001
0 0 0 0
0.060547 0.217285
-1.99292 1.015137 0.045166
0.000978 1 -0.000001
0 0 0 0
0.060547 0.095215
-1.99292 1.015137 0.035156
0.000978 1 -0.000001
0 0 0 0
0.001465 0.095215
-2.01416 1.015137 0.045166
-1 0.000978 -0.000001
0 0 0 0
0.281982 0.913818
-2.01416 1.015137 0.035156
-1 0.000978 -0.000001
0 0 0 0
0.258789 0.954346
-2.01416 1.006348 0.030029
-1 0.000978 -0.000001
0 0 0 0
0.281982 0.994629
-2.01416 1.006348 0.050049
-1 0.000978 -0.000001
0 0 0 0
0.328613 0.913818
-2.01416 0.997803 0.035156
-1 0.000978 -0.000001
0 0 0 0
0.328613 0.994629
-2.01416 0.997803 0.045166
-1 0.000978 -0.000001
0 0 0 0
0.351807 0.954102
-2.01416 1.015137 0.045166
0.001335 0.500689 0.865626
0 0 0 0
0.001465 0.217285
-2.01416 1.006348 0.050049
0.001335 0.500689 0.865626
0 0 0 0
0.060547 0.217285
-1.99292 1.006348 0.050049
0.001335 0.500689 0.865626
0 0 0 0
0.060547 0.095215
-1.99292 1.015137 0.045166
0.001335 0.500689 0.865626
0 0 0 0
0.001465 0.095215
-2.01416 0.997803 0.045166
0.000978 -1 -0.000001
0 0 0 0
0.060547 0.217285
-1.99292 0.997803 0.035156
0.000978 -1 -0.000001
0 0 0 0
0.001465 0.095215
-1.99292 0.997803 0.045166
0.000978 -1 -0.000001
0 0 0 0
0.060547 0.095215
-2.01416 0.997803 0.035156
0.000978 -1 -0.000001
0 0 0 0
0.001465 0.217285
-2.01416 1.006348 0.050049
0.001335 -0.500689 0.865626
0 0 0 0
0.001465 0.217285
-2.01416 0.997803 0.045166
0.001335 -0.500689 0.865626
0 0 0 0
0.060547 0.217285
-1.99292 0.997803 0.045166
0.001335 -0.500689 0.865626
0 0 0 0
0.060547 0.095215
-1.99292 1.006348 0.050049
0.001335 -0.500689 0.865626
0 0 0 0
0.001465 0.095215
-1.99292 1.006348 0.050049
1 0.000978 -0.000001
0 0 0 0
0.328613 0.913818
-1.99292 0.997803 0.045166
1 0.000978 -0.000001
0 0 0 0
0.281982 0.913818
-1.99292 0.997803 0.035156
1 0.000978 -0.000001
0 0 0 0
0.258789 0.954346
-1.99292 1.006348 0.030029
1 0.000978 -0.000001
0 0 0 0
0.281982 0.994629
-1.99292 1.015137 0.035156
1 -0.000977 -0.000001
0 0 0 0
0.328613 0.994629
-1.99292 1.015137 0.045166
1 -0.000977 -0.000001
0 0 0 0
0.351807 0.954102
-2.01416 0.997803 0.035156
0.001335 -0.500689 -0.865626
0 0 0 0
0.001465 0.217285
-1.99292 1.006348 0.030029
0.001335 -0.500689 -0.865626
0 0 0 0
0.060547 0.095215
-1.99292 0.997803 0.035156
0.001335 -0.500689 -0.865626
0 0 0 0
0.001465 0.095215
-2.01416 1.006348 0.030029
0.001335 -0.500689 -0.865626
0 0 0 0
0.060547 0.217285
-2.01416 2.965088 0.030029
0.001335 0.500689 -0.865626
0 0 0 0
0.001465 0.217285
-2.01416 2.973877 0.035156
0.001335 0.500689 -0.865626
0 0 0 0
0.060547 0.217285
-1.99292 2.973877 0.035156
0.001335 0.500689 -0.865626
0 0 0 0
0.060547 0.095215
-1.99292 2.965088 0.030029
0.001335 0.500689 -0.865626
0 0 0 0
0.001465 0.095215
-2.01416 2.973877 0.035156
0.000978 1 -0.000001
0 0 0 0
0.001465 0.217285
-2.01416 2.973877 0.045166
0.000978 1 -0.000001
0 0 0 0
0.060547 0.217285
-1.99292 2.973877 0.045166
0.000978 1 -0.000001
0 0 0 0
0.060547 0.095215
-1.99292 2.973877 0.035156
0.000978 1 -0.000001
0 0 0 0
0.001465 0.095215
-2.01416 2.973877 0.045166
-1 0.000978 -0.000001
0 0 0 0
0.281982 0.913818
-2.01416 2.973877 0.035156
-1 0.000978 -0.000001
0 0 0 0
0.258789 0.954346
-2.01416 2.965088 0.030029
-1 0.000978 -0.000001
0 0 0 0
0.281982 0.994629
-2.01416 2.965088 0.050049
-1 0.000978 -0.000001
0 0 0 0
0.328613 0.913818
-2.01416 2.956543 0.035156
-1 0.000978 -0.000001
0 0 0 0
0.328613 0.994629
-2.01416 2.956543 0.045166
-1 0.000978 -0.000001
0 0 0 0
0.351807 0.954102
-2.01416 2.973877 0.045166
0.001335 0.500689 0.865626
0 0 0 0
0.001465 0.217285
-2.01416 2.965088 0.050049
0.001335 0.500689 0.865626
0 0 0 0
0.060547 0.217285
-1.99292 2.965088 0.050049
0.001335 0.500689 0.865626
0 0 0 0
0.060547 0.095215
-1.99292 2.973877 0.045166
0.001335 0.500689 0.865626
0 0 0 0
0.001465 0.095215
-2.01416 2.956543 0.045166
0.000978 -1 -0.000001
0 0 0 0
0.060547 0.217285
-1.99292 2.956543 0.035156
0.000978 -1 -0.000001
0 0 0 0
0.001465 0.095215
-1.99292 2.956543 0.045166
0.000978 -1 -0.000001
0 0 0 0
0.060547 0.095215
-2.01416 2.956543 0.035156
0.000978 -1 -0.000001
0 0 0 0
0.001465 0.217285
-2.01416 2.965088 0.050049
0.001335 -0.500689 0.865626
0 0 0 0
0.001465 0.217285
-2.01416 2.956543 0.045166
0.001335 -0.500689 0.865626
0 0 0 0
0.060547 0.217285
-1.99292 2.956543 0.045166
0.001335 -0.500689 0.865626
0 0 0 0
0.060547 0.095215
-1.99292 2.965088 0.050049
0.001335 -0.500689 0.865626
0 0 0 0
0.001465 0.095215
-1.99292 2.965088 0.050049
1 0.000978 -0.000001
0 0 0 0
0.328613 0.913818
-1.99292 2.956543 0.045166
1 0.000978 -0.000001
0 0 0 0
0.281982 0.913818
-1.99292 2.956543 0.035156
1 0.000978 -0.000001
0 0 0 0
0.258789 0.954346
-1.99292 2.965088 0.030029
1 0.000978 -0.000001
0 0 0 0
0.281982 0.994629
-1.99292 2.973877 0.035156
1 -0.000977 -0.000001
0 0 0 0
0.328613 0.994629
-1.99292 2.973877 0.045166
1 -0.000977 -0.000001
0 0 0 0
0.351807 0.954102
-2.01416 2.956543 0.035156
0.001335 -0.500689 -0.865626
0 0 0 0
0.001465 0.217285
-1.99292 2.965088 0.030029
0.001335 -0.500689 -0.865626
0 0 0 0
0.060547 0.095215
-1.99292 2.956543 0.035156
0.001335 -0.500689 -0.865626
0 0 0 0
0.001465 0.095215
-2.01416 2.965088 0.030029
0.001335 -0.500689 -0.865626
0 0 0 0
0.060547 0.217285
-1.960205 0.098877 -2.016602
0.000978 -1 -0.000001
0 0 0 0
0.060547 0.217285
-1.970215 0.098877 -2.016602
0.000978 -1 -0.000001
0 0 0 0
0.001465 0.217285
-1.970215 0.098877 -2.037842
0.000978 -1 -0.000001
0 0 0 0
0.001465 0.095215
-1.960205 0.098877 -2.037842
0.000978 -1 -0.000001
0 0 0 0
0.060547 0.095215
-1.970215 0.098877 -2.016602
-0.866004 -0.500032 0.002086
0 0 0 0
0.001465 0.217285
-1.975342 0.107666 -2.016602
-0.866004 -0.500032 0.002086
0 0 0 0
0.060547 0.217285
-1.975342 0.107666 -2.037842
-0.866004 -0.500032 0.002086
0 0 0 0
0.060547 0.095215
-1.970215 0.098877 -2.037842
-0.866004 -0.500032 0.002086
0 0 0 0
0.001465 0.095215
-1.975342 0.107666 -2.016602
-0.866004 0.500032 0.002086
0 0 0 0
0.001465 0.217285
-1.970215 0.116211 -2.016602
-0.866004 0.500032 0.002086
0 0 0 0
0.060547 0.217285
-1.970215 0.116211 -2.037842
-0.866004 0.500032 0.002086
0 0 0 0
0.060547 0.095215
-1.975342 0.107666 -2.037842
-0.866004 0.500032 0.002086
0 0 0 0
0.001465 0.095215
-1.970215 0.116211 -2.016602
0.000978 1 -0.000001
0 0 0 0
0.001465 0.217285
-1.960205 0.116211 -2.016602
0.000978 1 -0.000001
0 0 0 0
0.060547 0.217285
-1.960205 0.116211 -2.037842
0.000978 1 -0.000001
0 0 0 0
0.060547 0.095215
-1.970215 0.116211 -2.037842
0.000978 1 -0.000001
0 0 0 0
0.001465 0.095215
-1.960205 0.116211 -2.016602
0.866004 0.500032 0.002086
0 0 0 0
0.001465 0.217285
-1.955322 0.107666 -2.016602
0.866004 0.500032 0.002086
0 0 0 0
0.060547 0.217285
-1.955322 0.107666 -2.037842
0.866004 0.500032 0.002086
0 0 0 0
0.060547 0.095215
-1.960205 0.116211 -2.037842
0.866004 0.500032 0.002086
0 0 0 0
0.001465 0.095215
-1.955322 0.107666 -2.016602
0.866004 -0.500032 0.002086
0 0 0 0
0.001465 0.217285
-1.960205 0.098877 -2.016602
0.866004 -0.500032 0.002086
0 0 0 0
0.060547 0.217285
-1.960205 0.098877 -2.037842
0.866004 -0.500032 0.002086
0 0 0 0
0.060547 0.095215
-1.955322 0.107666 -2.037842
0.866004 -0.500032 0.002086
0 0 0 0
0.001465 0.095215
-1.955322 0.107666 -2.037842
0.001382 0.001382 -0.999998
0 0 0 0
0.328613 0.913818
-1.960205 0.098877 -2.037842
0.001382 0.001382 -0.999998
0 0 0 0
0.281982 0.913818
-1.970215 0.098877 -2.037842
0.001382 0.001382 -0.999998
0 0 0 0
0.258789 0.954346
-1.975342 0.107666 -2.037842
0.001382 0.001382 -0.999998
0 0 0 0
0.281982 0.994629
-1.970215 0.116211 -2.037842
0.001382 0.001382 -0.999998
0 0 0 0
0.328613 0.994629
-1.960205 0.116211 -2.037842
0.001382 0.001382 -0.999998
0 0 0 0
0.351807 0.954102
-1.961914 1.931152 -2.016602
0.000978 -1 -0.000001
0 0 0 0
0.060547 0.217285
-1.971924 1.931152 -2.016602
0.000978 -1 -0.000001
0 0 0 0
0.001465 0.217285
-1.971924 1.931152 -2.037842
0.000978 -1 -0.000001
0 0 0 0
0.001465 0.095215
-1.961914 1.931152 -2.037842
0.000978 -1 -0.000001
0 0 0 0
0.060547 0.095215
-1.971924 1.931152 -2.016602
-0.866004 -0.500032 0.002086
0 0 0 0
0.001465 0.217285
-1.977051 1.939941 -2.016602
-0.866004 -0.500032 0.002086
0 0 0 0
0.060547 0.217285
-1.977051 1.939941 -2.037842
-0.866004 -0.500032 0.002086
0 0 0 0
0.060547 0.095215
-1.971924 1.931152 -2.037842
-0.866004 -0.500032 0.002086
0 0 0 0
0.001465 0.095215
-1.977051 1.939941 -2.016602
-0.866004 0.500032 0.002086
0 0 0 0
0.001465 0.217285
-1.971924 1.948486 -2.016602
-0.866004 0.500032 0.002086
0 0 0 0
0.060547 0.217285
-1.971924 1.948486 -2.037842
-0.866004 0.500032 0.002086
0 0 0 0
0.060547 0.095215
-1.977051 1.939941 -2.037842
-0.866004 0.500032 0.002086
0 0 0 0
0.001465 0.095215
-1.971924 1.948486 -2.016602
0.000978 1 -0.000001
0 0 0 0
0.001465 0.217285
-1.961914 1.948486 -2.016602
0.000978 1 -0.000001
0 0 0 0
0.060547 0.217285
-1.961914 1.948486 -2.037842
0.000978 1 -0.000001
0 0 0 0
0.060547 0.095215
-1.971924 1.948486 -2.037842
0.000978 1 -0.000001
0 0 0 0
0.001465 0.095215
-1.961914 1.948486 -2.016602
0.866004 0.500032 0.002086
0 0 0 0
0.001465 0.217285
-1.957031 1.939941 -2.016602
0.866004 0.500032 0.002086
0 0 0 0
0.060547 0.217285
-1.957031 1.939941 -2.037842
0.866004 0.500032 0.002086
0 0 0 0
0.060547 0.095215
-1.961914 1.948486 -2.037842
0.866004 0.500032 0.002086
0 0 0 0
0.001465 0.095215
-1.957031 1.939941 -2.016602
0.866004 -0.500032 0.002086
0 0 0 0
0.001465 0.217285
-1.961914 1.931152 -2.016602
0.866004 -0.500032 0.002086
0 0 0 0
0.060547 0.217285
-1.961914 1.931152 -2.037842
0.866004 -0.500032 0.002086
0 0 0 0
0.060547 0.095215
-1.957031 1.939941 -2.037842
0.866004 -0.500032 0.002086
0 0 0 0
0.001465 0.095215
-1.957031 1.939941 -2.037842
0.001382 0.001382 -0.999998
0 0 0 0
0.328613 0.913818
-1.961914 1.931152 -2.037842
0.001382 0.001382 -0.999998
0 0 0 0
0.281982 0.913818
-1.971924 1.931152 -2.037842
0.001382 0.001382 -0.999998
0 0 0 0
0.258789 0.954346
-1.977051 1.939941 -2.037842
0.001382 0.001382 -0.999998
0 0 0 0
0.281982 0.994629
-1.971924 1.948486 -2.037842
0.001382 0.001382 -0.999998
0 0 0 0
0.328613 0.994629
-1.961914 1.948486 -2.037842
0.001382 0.001382 -0.999998
0 0 0 0
0.351807 0.954102
-1.961914 2.057373 -2.016602
0.000978 -1 -0.000001
0 0 0 0
0.060547 0.217285
-1.971924 2.057373 -2.016602
0.000978 -1 -0.000001
0 0 0 0
0.001465 0.217285
-1.971924 2.057373 -2.037842
0.000978 -1 -0.000001
0 0 0 0
0.001465 0.095215
-1.961914 2.057373 -2.037842
0.000978 -1 -0.000001
0 0 0 0
0.060547 0.095215
-1.971924 2.057373 -2.016602
-0.866004 -0.500032 0.002086
0 0 0 0
0.001465 0.217285
-1.977051 2.066162 -2.016602
-0.866004 -0.500032 0.002086
0 0 0 0
0.060547 0.217285
-1.977051 2.066162 -2.037842
-0.866004 -0.500032 0.002086
0 0 0 0
0.060547 0.095215
-1.971924 2.057373 -2.037842
-0.866004 -0.500032 0.002086
0 0 0 0
0.001465 0.095215
-1.977051 2.066162 -2.016602
-0.866004 0.500032 0.002086
0 0 0 0
0.001465 0.217285
-1.971924 2.074707 -2.016602
-0.866004 0.500032 0.002086
0 0 0 0
0.060547 0.217285
-1.971924 2.074707 -2.037842
-0.866004 0.500032 0.002086
0 0 0 0
0.060547 0.095215
-1.977051 2.066162 -2.037842
-0.866004 0.500032 0.002086
0 0 0 0
0.001465 0.095215
-1.971924 2.074707 -2.016602
0.000978 1 -0.000001
0 0 0 0
0.001465 0.217285
-1.961914 2.074707 -2.016602
0.000978 1 -0.000001
0 0 0 0
0.060547 0.217285
-1.961914 2.074707 -2.037842
0.000978 1 -0.000001
0 0 0 0
0.060547 0.095215
-1.971924 2.074707 -2.037842
0.000978 1 -0.000001
0 0 0 0
0.001465 0.095215
-1.961914 2.074707 -2.016602
0.866004 0.500032 0.002086
0 0 0 0
0.001465 0.217285
-1.957031 2.066162 -2.016602
0.866004 0.500032 0.002086
0 0 0 0
0.060547 0.217285
-1.957031 2.066162 -2.037842
0.866004 0.500032 0.002086
0 0 0 0
0.060547 0.095215
-1.961914 2.074707 -2.037842
0.866004 0.500032 0.002086
0 0 0 0
0.001465 0.095215
-1.957031 2.066162 -2.016602
0.866004 -0.500032 0.002086
0 0 0 0
0.001465 0.217285
-1.961914 2.057373 -2.016602
0.866004 -0.500032 0.002086
0 0 0 0
0.060547 0.217285
-1.961914 2.057373 -2.037842
0.866004 -0.500032 0.002086
0 0 0 0
0.060547 0.095215
-1.957031 2.066162 -2.037842
0.866004 -0.500032 0.002086
0 0 0 0
0.001465 0.095215
-1.957031 2.066162 -2.037842
0.001382 0.001382 -0.999998
0 0 0 0
0.328613 0.913818
-1.961914 2.057373 -2.037842
0.001382 0.001382 -0.999998
0 0 0 0
0.281982 0.913818
-1.971924 2.057373 -2.037842
0.001382 0.001382 -0.999998
0 0 0 0
0.258789 0.954346
-1.977051 2.066162 -2.037842
0.001382 0.001382 -0.999998
0 0 0 0
0.281982 0.994629
-1.971924 2.074707 -2.037842
0.001382 0.001382 -0.999998
0 0 0 0
0.328613 0.994629
-1.961914 2.074707 -2.037842
0.001382 0.001382 -0.999998
0 0 0 0
0.351807 0.954102
-1.961914 3.890625 -2.016602
0.000978 -1 -0.000001
0 0 0 0
0.060547 0.217285
-1.971924 3.890625 -2.016602
0.000978 -1 -0.000001
0 0 0 0
0.001465 0.217285
-1.971924 3.890625 -2.037842
0.000978 -1 -0.000001
0 0 0 0
0.001465 0.095215
-1.961914 3.890625 -2.037842
0.000978 -1 -0.000001
0 0 0 0
0.060547 0.095215
-1.971924 3.890625 -2.016602
-0.866004 -0.500032 0.002086
0 0 0 0
0.001465 0.217285
-1.977051 3.89917 -2.016602
-0.866004 -0.500032 0.002086
0 0 0 0
0.060547 0.217285
-1.977051 3.89917 -2.037842
-0.866004 -0.500032 0.002086
0 0 0 0
0.060547 0.095215
-1.971924 3.890625 -2.037842
-0.866004 -0.500032 0.002086
0 0 0 0
0.001465 0.095215
-1.977051 3.89917 -2.016602
-0.866004 0.500032 0.002086
0 0 0 0
0.001465 0.217285
-1.971924 3.907959 -2.016602
-0.866004 0.500032 0.002086
0 0 0 0
0.060547 0.217285
-1.971924 3.907959 -2.037842
-0.866004 0.500032 0.002086
0 0 0 0
0.060547 0.095215
-1.977051 3.89917 -2.037842
-0.866004 0.500032 0.002086
0 0 0 0
0.001465 0.095215
-1.971924 3.907959 -2.016602
0.000978 1 -0.000001
0 0 0 0
0.001465 0.217285
-1.961914 3.907959 -2.016602
0.000978 1 -0.000001
0 0 0 0
0.060547 0.217285
-1.961914 3.907959 -2.037842
0.000978 1 -0.000001
0 0 0 0
0.060547 0.095215
-1.971924 3.907959 -2.037842
0.000978 1 -0.000001
0 0 0 0
0.001465 0.095215
-1.961914 3.907959 -2.016602
0.866004 0.500032 0.002086
0 0 0 0
0.001465 0.217285
-1.957031 3.89917 -2.016602
0.866004 0.500032 0.002086
0 0 0 0
0.060547 0.217285
-1.957031 3.89917 -2.037842
0.866004 0.500032 0.002086
0 0 0 0
0.060547 0.095215
-1.961914 3.907959 -2.037842
0.866004 0.500032 0.002086
0 0 0 0
0.001465 0.095215
-1.957031 3.89917 -2.016602
0.866004 -0.500032 0.002086
0 0 0 0
0.001465 0.217285
-1.961914 3.890625 -2.016602
0.866004 -0.500032 0.002086
0 0 0 0
0.060547 0.217285
-1.961914 3.890625 -2.037842
0.866004 -0.500032 0.002086
0 0 0 0
0.060547 0.095215
-1.957031 3.89917 -2.037842
0.866004 -0.500032 0.002086
0 0 0 0
0.001465 0.095215
-1.957031 3.89917 -2.037842
0.001382 0.001382 -0.999998
0 0 0 0
0.328613 0.913818
-1.961914 3.890625 -2.037842
0.001382 0.001382 -0.999998
0 0 0 0
0.281982 0.913818
-1.971924 3.890625 -2.037842
0.001382 0.001382 -0.999998
0 0 0 0
0.258789 0.954346
-1.977051 3.89917 -2.037842
0.001382 0.001382 -0.999998
0 0 0 0
0.281982 0.994629
-1.971924 3.907959 -2.037842
0.001382 0.001382 -0.999998
0 0 0 0
0.328613 0.994629
-1.961914 3.907959 -2.037842
0.001382 0.001382 -0.999998
0 0 0 0
0.351807 0.954102
1.970947 3.890625 -2.016602
0.000978 -1 -0.000001
0 0 0 0
0.060547 0.217285
1.960938 3.890625 -2.016602
0.000978 -1 -0.000001
0 0 0 0
0.001465 0.217285
1.960938 3.890625 -2.037842
0.000978 -1 -0.000001
0 0 0 0
0.001465 0.095215
1.970947 3.890625 -2.037842
0.000978 -1 -0.000001
0 0 0 0
0.060547 0.095215
1.960938 3.890625 -2.016602
-0.866004 -0.500032 0.002086
0 0 0 0
0.001465 0.217285
1.956055 3.89917 -2.016602
-0.866004 -0.500032 0.002086
0 0 0 0
0.060547 0.217285
1.956055 3.89917 -2.037842
-0.866004 -0.500032 0.002086
0 0 0 0
0.060547 0.095215
1.960938 3.890625 -2.037842
-0.866004 -0.500032 0.002086
0 0 0 0
0.001465 0.095215
1.956055 3.89917 -2.016602
-0.866004 0.500032 0.002086
0 0 0 0
0.001465 0.217285
1.960938 3.907959 -2.016602
-0.866004 0.500032 0.002086
0 0 0 0
0.060547 0.217285
1.960938 3.907959 -2.037842
-0.866004 0.500032 0.002086
0 0 0 0
0.060547 0.095215
1.956055 3.89917 -2.037842
-0.866004 0.500032 0.002086
0 0 0 0
0.001465 0.095215
1.960938 3.907959 -2.016602
0.000978 1 -0.000001
0 0 0 0
0.001465 0.217285
1.970947 3.907959 -2.016602
0.000978 1 -0.000001
0 0 0 0
0.060547 0.217285
1.970947 3.907959 -2.037842
0.000978 1 -0.000001
0 0 0 0
0.060547 0.095215
1.960938 3.907959 -2.037842
0.000978 1 -0.000001
0 0 0 0
0.001465 0.095215
1.970947 3.907959 -2.016602
0.866004 0.500032 0.002086
0 0 0 0
0.001465 0.217285
1.976074 3.89917 -2.016602
0.866004 0.500032 0.002086
0 0 0 0
0.060547 0.217285
1.976074 3.89917 -2.037842
0.866004 0.500032 0.002086
0 0 0 0
0.060547 0.095215
1.970947 3.907959 -2.037842
0.866004 0.500032 0.002086
0 0 0 0
0.001465 0.095215
1.976074 3.89917 -2.016602
0.866004 -0.500032 0.002086
0 0 0 0
0.001465 0.217285
1.970947 3.890625 -2.016602
0.866004 -0.500032 0.002086
0 0 0 0
0.060547 0.217285
1.970947 3.890625 -2.037842
0.866004 -0.500032 0.002086
0 0 0 0
0.060547 0.095215
1.976074 3.89917 -2.037842
0.866004 -0.500032 0.002086
0 0 0 0
0.001465 0.095215
1.976074 3.89917 -2.037842
0.001382 0.001382 -0.999998
0 0 0 0
0.328613 0.913818
1.970947 3.890625 -2.037842
0.001382 0.001382 -0.999998
0 0 0 0
0.281982 0.913818
1.960938 3.890625 -2.037842
0.001382 0.001382 -0.999998
0 0 0 0
0.258789 0.954346
1.956055 3.89917 -2.037842
0.001382 0.001382 -0.999998
0 0 0 0
0.281982 0.994629
1.960938 3.907959 -2.037842
0.001382 0.001382 -0.999998
0 0 0 0
0.328613 0.994629
1.970947 3.907959 -2.037842
0.001382 0.001382 -0.999998
0 0 0 0
0.351807 0.954102
1.970947 2.057373 -2.016602
0.000978 -1 -0.000001
0 0 0 0
0.060547 0.217285
1.960938 2.057373 -2.016602
0.000978 -1 -0.000001
0 0 0 0
0.001465 0.217285
1.960938 2.057373 -2.037842
0.000978 -1 -0.000001
0 0 0 0
0.001465 0.095215
1.970947 2.057373 -2.037842
0.000978 -1 -0.000001
0 0 0 0
0.060547 0.095215
1.960938 2.057373 -2.016602
-0.866004 -0.500032 0.002086
0 0 0 0
0.001465 0.217285
1.956055 2.066162 -2.016602
-0.866004 -0.500032 0.002086
0 0 0 0
0.060547 0.217285
1.956055 2.066162 -2.037842
-0.866004 -0.500032 0.002086
0 0 0 0
0.060547 0.095215
1.960938 2.057373 -2.037842
-0.866004 -0.500032 0.002086
0 0 0 0
0.001465 0.095215
1.956055 2.066162 -2.016602
-0.866004 0.500032 0.002086
0 0 0 0
0.001465 0.217285
1.960938 2.074707 -2.016602
-0.866004 0.500032 0.002086
0 0 0 0
0.060547 0.217285
1.960938 2.074707 -2.037842
-0.866004 0.500032 0.002086
0 0 0 0
0.060547 0.095215
1.956055 2.066162 -2.037842
-0.866004 0.500032 0.002086
0 0 0 0
0.001465 0.095215
1.960938 2.074707 -2.016602
0.000978 1 -0.000001
0 0 0 0
0.001465 0.217285
1.970947 2.074707 -2.016602
0.000978 1 -0.000001
0 0 0 0
0.060547 0.217285
1.970947 2.074707 -2.037842
0.000978 1 -0.000001
0 0 0 0
0.060547 0.095215
1.960938 2.074707 -2.037842
0.000978 1 -0.000001
0 0 0 0
0.001465 0.095215
1.970947 2.074707 -2.016602
0.866004 0.500032 0.002086
0 0 0 0
0.001465 0.217285
1.976074 2.066162 -2.016602
0.866004 0.500032 0.002086
0 0 0 0
0.060547 0.217285
1.976074 2.066162 -2.037842
0.866004 0.500032 0.002086
0 0 0 0
0.060547 0.095215
1.970947 2.074707 -2.037842
0.866004 0.500032 0.002086
0 0 0 0
0.001465 0.095215
1.976074 2.066162 -2.016602
0.866004 -0.500032 0.002086
0 0 0 0
0.001465 0.217285
1.970947 2.057373 -2.016602
0.866004 -0.500032 0.002086
0 0 0 0
0.060547 0.217285
1.970947 2.057373 -2.037842
0.866004 -0.500032 0.002086
0 0 0 0
0.060547 0.095215
1.976074 2.066162 -2.037842
0.866004 -0.500032 0.002086
0 0 0 0
0.001465 0.095215
1.976074 2.066162 -2.037842
0.001382 0.001382 -0.999998
0 0 0 0
0.328613 0.913818
1.970947 2.057373 -2.037842
0.001382 0.001382 -0.999998
0 0 0 0
0.281982 0.913818
1.960938 2.057373 -2.037842
0.001382 0.001382 -0.999998
0 0 0 0
0.258789 0.954346
1.956055 2.066162 -2.037842
0.001382 0.001382 -0.999998
0 0 0 0
0.281982 0.994629
1.960938 2.074707 -2.037842
0.001382 0.001382 -0.999998
0 0 0 0
0.328613 0.994629
1.970947 2.074707 -2.037842
0.001382 0.001382 -0.999998
0 0 0 0
0.351807 0.954102
1.970947 1.931152 -2.016602
0.000978 -1 -0.000001
0 0 0 0
0.060547 0.217285
1.960938 1.931152 -2.016602
0.000978 -1 -0.000001
0 0 0 0
0.001465 0.217285
1.960938 1.931152 -2.037842
0.000978 -1 -0.000001
0 0 0 0
0.001465 0.095215
1.970947 1.931152 -2.037842
0.000978 -1 -0.000001
0 0 0 0
0.060547 0.095215
1.960938 1.931152 -2.016602
-0.866004 -0.500032 0.002086
0 0 0 0
0.001465 0.217285
1.956055 1.939941 -2.016602
-0.866004 -0.500032 0.002086
0 0 0 0
0.060547 0.217285
1.956055 1.939941 -2.037842
-0.866004 -0.500032 0.002086
0 0 0 0
0.060547 0.095215
1.960938 1.931152 -2.037842
-0.866004 -0.500032 0.002086
0 0 0 0
0.001465 0.095215
1.956055 1.939941 -2.016602
-0.866004 0.500032 0.002086
0 0 0 0
0.001465 0.217285
1.960938 1.948486 -2.016602
-0.866004 0.500032 0.002086
0 0 0 0
0.060547 0.217285
1.960938 1.948486 -2.037842
-0.866004 0.500032 0.002086
0 0 0 0
0.060547 0.095215
1.956055 1.939941 -2.037842
-0.866004 0.500032 0.002086
0 0 0 0
0.001465 0.095215
1.960938 1.948486 -2.016602
0.000978 1 -0.000001
0 0 0 0
0.001465 0.217285
1.970947 1.948486 -2.016602
0.000978 1 -0.000001
0 0 0 0
0.060547 0.217285
1.970947 1.948486 -2.037842
0.000978 1 -0.000001
0 0 0 0
0.060547 0.095215
1.960938 1.948486 -2.037842
0.000978 1 -0.000001
0 0 0 0
0.001465 0.095215
1.970947 1.948486 -2.016602
0.866004 0.500032 0.002086
0 0 0 0
0.001465 0.217285
1.976074 1.939941 -2.016602
0.866004 0.500032 0.002086
0 0 0 0
0.060547 0.217285
1.976074 1.939941 -2.037842
0.866004 0.500032 0.002086
0 0 0 0
0.060547 0.095215
1.970947 1.948486 -2.037842
0.866004 0.500032 0.002086
0 0 0 0
0.001465 0.095215
1.976074 1.939941 -2.016602
0.866004 -0.500032 0.002086
0 0 0 0
0.001465 0.217285
1.970947 1.931152 -2.016602
0.866004 -0.500032 0.002086
0 0 0 0
0.060547 0.217285
1.970947 1.931152 -2.037842
0.866004 -0.500032 0.002086
0 0 0 0
0.060547 0.095215
1.976074 1.939941 -2.037842
0.866004 -0.500032 0.002086
0 0 0 0
0.001465 0.095215
1.976074 1.939941 -2.037842
0.001382 0.001382 -0.999998
0 0 0 0
0.328613 0.913818
1.970947 1.931152 -2.037842
0.001382 0.001382 -0.999998
0 0 0 0
0.281982 0.913818
1.960938 1.931152 -2.037842
0.001382 0.001382 -0.999998
0 0 0 0
0.258789 0.954346
1.956055 1.939941 -2.037842
0.001382 0.001382 -0.999998
0 0 0 0
0.281982 0.994629
1.960938 1.948486 -2.037842
0.001382 0.001382 -0.999998
0 0 0 0
0.328613 0.994629
1.970947 1.948486 -2.037842
0.001382 0.001382 -0.999998
0 0 0 0
0.351807 0.954102
1.972656 0.098877 -2.016602
0.000978 -1 -0.000001
0 0 0 0
0.060547 0.217285
1.962646 0.098877 -2.016602
0.000978 -1 -0.000001
0 0 0 0
0.001465 0.217285
1.962646 0.098877 -2.037842
0.000978 -1 -0.000001
0 0 0 0
0.001465 0.095215
1.972656 0.098877 -2.037842
0.000978 -1 -0.000001
0 0 0 0
0.060547 0.095215
1.962646 0.098877 -2.016602
-0.866004 -0.500032 0.002086
0 0 0 0
0.001465 0.217285
1.957764 0.107666 -2.016602
-0.866004 -0.500032 0.002086
0 0 0 0
0.060547 0.217285
1.957764 0.107666 -2.037842
-0.866004 -0.500032 0.002086
0 0 0 0
0.060547 0.095215
1.962646 0.098877 -2.037842
-0.866004 -0.500032 0.002086
0 0 0 0
0.001465 0.095215
1.957764 0.107666 -2.016602
-0.866004 0.500032 0.002086
0 0 0 0
0.001465 0.217285
1.962646 0.116211 -2.016602
-0.866004 0.500032 0.002086
0 0 0 0
0.060547 0.217285
1.962646 0.116211 -2.037842
-0.866004 0.500032 0.002086
0 0 0 0
0.060547 0.095215
1.957764 0.107666 -2.037842
-0.866004 0.500032 0.002086
0 0 0 0
0.001465 0.095215
1.962646 0.116211 -2.016602
0.000978 1 -0.000001
0 0 0 0
0.001465 0.217285
1.972656 0.116211 -2.016602
0.000978 1 -0.000001
0 0 0 0
0.060547 0.217285
1.972656 0.116211 -2.037842
0.000978 1 -0.000001
0 0 0 0
0.060547 0.095215
1.962646 0.116211 -2.037842
0.000978 1 -0.000001
0 0 0 0
0.001465 0.095215
1.972656 0.116211 -2.016602
0.866004 0.500032 0.002086
0 0 0 0
0.001465 0.217285
1.977783 0.107666 -2.016602
0.866004 0.500032 0.002086
0 0 0 0
0.060547 0.217285
1.977783 0.107666 -2.037842
0.866004 0.500032 0.002086
0 0 0 0
0.060547 0.095215
1.972656 0.116211 -2.037842
0.866004 0.500032 0.002086
0 0 0 0
0.001465 0.095215
1.977783 0.107666 -2.016602
0.866004 -0.500032 0.002086
0 0 0 0
0.001465 0.217285
1.972656 0.098877 -2.016602
0.866004 -0.500032 0.002086
0 0 0 0
0.060547 0.217285
1.972656 0.098877 -2.037842
0.866004 -0.500032 0.002086
0 0 0 0
0.060547 0.095215
1.977783 0.107666 -2.037842
0.866004 -0.500032 0.002086
0 0 0 0
0.001465 0.095215
1.977783 0.107666 -2.037842
0.001382 0.001382 -0.999998
0 0 0 0
0.328613 0.913818
1.972656 0.098877 -2.037842
0.001382 0.001382 -0.999998
0 0 0 0
0.281982 0.913818
1.962646 0.098877 -2.037842
0.001382 0.001382 -0.999998
0 0 0 0
0.258789 0.954346
1.957764 0.107666 -2.037842
0.001382 0.001382 -0.999998
0 0 0 0
0.281982 0.994629
1.962646 0.116211 -2.037842
0.001382 0.001382 -0.999998
0 0 0 0
0.328613 0.994629
1.972656 0.116211 -2.037842
0.001382 0.001382 -0.999998
0 0 0 0
0.351807 0.954102
0.030029 2.965088 -2.016602
-0.866004 0.500032 0.002086
0 0 0 0
0.001465 0.217285
0.035156 2.973877 -2.016602
-0.866004 0.500032 0.002086
0 0 0 0
0.060547 0.217285
0.035156 2.973877 -2.037842
-0.866004 0.500032 0.002086
0 0 0 0
0.060547 0.095215
0.030029 2.965088 -2.037842
-0.866004 0.500032 0.002086
0 0 0 0
0.001465 0.095215
0.035156 2.973877 -2.016602
0.000978 1 -0.000001
0 0 0 0
0.001465 0.217285
0.045166 2.973877 -2.016602
0.000978 1 -0.000001
0 0 0 0
0.060547 0.217285
0.045166 2.973877 -2.037842
0.000978 1 -0.000001
0 0 0 0
0.060547 0.095215
0.035156 2.973877 -2.037842
0.000978 1 -0.000001
0 0 0 0
0.001465 0.095215
0.045166 2.973877 -2.016602
0.001382 0.001382 0.999998
0 0 0 0
0.281982 0.913818
0.035156 2.973877 -2.016602
0.001382 0.001382 0.999998
0 0 0 0
0.258789 0.954346
0.030029 2.965088 -2.016602
0.001382 0.001382 0.999998
0 0 0 0
0.281982 0.994629
0.050049 2.965088 -2.016602
0.001382 0.001382 0.999998
0 0 0 0
0.328613 0.913818
0.035156 2.956543 -2.016602
0.001382 0.001382 0.999998
0 0 0 0
0.328613 0.994629
0.045166 2.956543 -2.016602
0.001382 0.001382 0.999998
0 0 0 0
0.351807 0.954102
0.045166 2.973877 -2.016602
0.866004 0.500032 0.002086
0 0 0 0
0.001465 0.217285
0.050049 2.965088 -2.016602
0.866004 0.500032 0.002086
0 0 0 0
0.060547 0.217285
0.050049 2.965088 -2.037842
0.866004 0.500032 0.002086
0 0 0 0
0.060547 0.095215
0.045166 2.973877 -2.037842
0.866004 0.500032 0.002086
0 0 0 0
0.001465 0.095215
0.045166 2.956543 -2.016602
0.000978 -1 -0.000001
0 0 0 0
0.060547 0.217285
0.035156 2.956543 -2.037842
0.000978 -1 -0.000001
0 0 0 0
0.001465 0.095215
0.045166 2.956543 -2.037842
0.000978 -1 -0.000001
0 0 0 0
0.060547 0.095215
0.035156 2.956543 -2.016602
0.000978 -1 -0.000001
0 0 0 0
0.001465 0.217285
0.050049 2.965088 -2.016602
0.866004 -0.500032 0.002086
0 0 0 0
0.001465 0.217285
0.045166 2.956543 -2.016602
0.866004 -0.500032 0.002086
0 0 0 0
0.060547 0.217285
0.045166 2.956543 -2.037842
0.866004 -0.500032 0.002086
0 0 0 0
0.060547 0.095215
0.050049 2.965088 -2.037842
0.866004 -0.500032 0.002086
0 0 0 0
0.001465 0.095215
0.050049 2.965088 -2.037842
0.001382 0.001382 -0.999998
0 0 0 0
0.328613 0.913818
0.045166 2.956543 -2.037842
0.001382 0.001382 -0.999998
0 0 0 0
0.281982 0.913818
0.035156 2.956543 -2.037842
0.001382 0.001382 -0.999998
0 0 0 0
0.258789 0.954346
0.030029 2.965088 -2.037842
0.001382 0.001382 -0.999998
0 0 0 0
0.281982 0.994629
0.035156 2.973877 -2.037842
0.001382 0.001382 -0.999998
0 0 0 0
0.328613 0.994629
0.045166 2.973877 -2.037842
0.001382 0.001382 -0.999998
0 0 0 0
0.351807 0.954102
0.035156 2.956543 -2.016602
-0.866004 -0.500032 0.002086
0 0 0 0
0.001465 0.217285
0.030029 2.965088 -2.037842
-0.866004 -0.500032 0.002086
0 0 0 0
0.060547 0.095215
0.035156 2.956543 -2.037842
-0.866004 -0.500032 0.002086
0 0 0 0
0.001465 0.095215
0.030029 2.965088 -2.016602
-0.866004 -0.500032 0.002086
0 0 0 0
0.060547 0.217285
0.030029 1.006348 -2.016602
-0.866004 0.500032 0.002086
0 0 0 0
0.001465 0.217285
0.035156 1.015137 -2.016602
-0.866004 0.500032 0.002086
0 0 0 0
0.060547 0.217285
0.035156 1.015137 -2.037842
-0.866004 0.500032 0.002086
0 0 0 0
0.060547 0.095215
0.030029 1.006348 -2.037842
-0.866004 0.500032 0.002086
0 0 0 0
0.001465 0.095215
0.035156 1.015137 -2.016602
0.000978 1 -0.000001
0 0 0 0
0.001465 0.217285
0.045166 1.015137 -2.016602
0.000978 1 -0.000001
0 0 0 0
0.060547 0.217285
0.045166 1.015137 -2.037842
0.000978 1 -0.000001
0 0 0 0
0.060547 0.095215
0.035156 1.015137 -2.037842
0.000978 1 -0.000001
0 0 0 0
0.001465 0.095215
0.045166 1.015137 -2.016602
0.001382 0.001382 0.999998
0 0 0 0
0.281982 0.913818
0.035156 1.015137 -2.016602
0.001382 0.001382 0.999998
0 0 0 0
0.258789 0.954346
0.030029 1.006348 -2.016602
0.001382 0.001382 0.999998
0 0 0 0
0.281982 0.994629
0.050049 1.006348 -2.016602
0.001382 0.001382 0.999998
0 0 0 0
0.328613 0.913818
0.035156 0.997803 -2.016602
0.001382 0.001382 0.999998
0 0 0 0
0.328613 0.994629
0.045166 0.997803 -2.016602
0.001382 0.001382 0.999998
0 0 0 0
0.351807 0.954102
0.045166 1.015137 -2.016602
0.866004 0.500032 0.002086
0 0 0 0
0.001465 0.217285
0.050049 1.006348 -2.016602
0.866004 0.500032 0.002086
0 0 0 0
0.060547 0.217285
0.050049 1.006348 -2.037842
0.866004 0.500032 0.002086
0 0 0 0
0.060547 0.095215
0.045166 1.015137 -2.037842
0.866004 0.500032 0.002086
0 0 0 0
0.001465 0.095215
0.045166 0.997803 -2.016602
0.000978 -1 -0.000001
0 0 0 0
0.060547 0.217285
0.035156 0.997803 -2.037842
0.000978 -1 -0.000001
0 0 0 0
0.001465 0.095215
0.045166 0.997803 -2.037842
0.000978 -1 -0.000001
0 0 0 0
0.060547 0.095215
0.035156 0.997803 -2.016602
0.000978 -1 -0.000001
0 0 0 0
0.001465 0.217285
0.050049 1.006348 -2.016602
0.866004 -0.500032 0.002086
0 0 0 0
0.001465 0.217285
0.045166 0.997803 -2.016602
0.866004 -0.500032 0.002086
0 0 0 0
0.060547 0.217285
0.045166 0.997803 -2.037842
0.866004 -0.500032 0.002086
0 0 0 0
0.060547 0.095215
0.050049 1.006348 -2.037842
0.866004 -0.500032 0.002086
0 0 0 0
0.001465 0.095215
0.050049 1.006348 -2.037842
0.001382 0.001382 -0.999998
0 0 0 0
0.328613 0.913818
0.045166 0.997803 -2.037842
0.001382 0.001382 -0.999998
0 0 0 0
0.281982 0.913818
0.035156 0.997803 -2.037842
0.001382 0.001382 -0.999998
0 0 0 0
0.258789 0.954346
0.030029 1.006348 -2.037842
0.001382 0.001382 -0.999998
0 0 0 0
0.281982 0.994629
0.035156 1.015137 -2.037842
0.001382 0.001382 -0.999998
0 0 0 0
0.328613 0.994629
0.045166 1.015137 -2.037842
0.001382 0.001382 -0.999998
0 0 0 0
0.351807 0.954102
0.035156 0.997803 -2.016602
-0.866004 -0.500032 0.002086
0 0 0 0
0.001465 0.217285
0.030029 1.006348 -2.037842
-0.866004 -0.500032 0.002086
0 0 0 0
0.060547 0.095215
0.035156 0.997803 -2.037842
-0.866004 -0.500032 0.002086
0 0 0 0
0.001465 0.095215
0.030029 1.006348 -2.016602
-0.866004 -0.500032 0.002086
0 0 0 0
0.060547 0.217285
1.992188 0.098877 1.960205
0.000978 -1 -0.000001
0 0 0 0
0.060547 0.217285
2.013428 0.098877 1.970215
0.000978 -1 -0.000001
0 0 0 0
0.001465 0.095215
1.992188 0.098877 1.970215
0.000978 -1 -0.000001
0 0 0 0
0.001465 0.217285
2.013428 0.098877 1.960205
0.000978 -1 -0.000001
0 0 0 0
0.060547 0.095215
1.992188 0.098877 1.970215
0.001335 -0.500689 0.865626
0 0 0 0
0.001465 0.217285
2.013428 0.098877 1.970215
0.001335 -0.500689 0.865626
0 0 0 0
0.001465 0.095215
2.013428 0.107666 1.975342
0.001335 -0.500689 0.865626
0 0 0 0
0.060547 0.095215
1.992188 0.107666 1.975342
0.001335 -0.500689 0.865626
0 0 0 0
0.060547 0.217285
1.992188 0.107666 1.975342
0.001335 0.500689 0.865626
0 0 0 0
0.001465 0.217285
2.013428 0.107666 1.975342
0.001335 0.500689 0.865626
0 0 0 0
0.001465 0.095215
2.013428 0.116211 1.970215
0.001335 0.500689 0.865626
0 0 0 0
0.060547 0.095215
1.992188 0.116211 1.970215
0.001335 0.500689 0.865626
0 0 0 0
0.060547 0.217285
1.992188 0.116211 1.970215
0.000978 1 -0.000001
0 0 0 0
0.001465 0.217285
2.013428 0.116211 1.970215
0.000978 1 -0.000001
0 0 0 0
0.001465 0.095215
2.013428 0.116211 1.960205
0.000978 1 -0.000001
0 0 0 0
0.060547 0.095215
1.992188 0.116211 1.960205
0.000978 1 -0.000001
0 0 0 0
0.060547 0.217285
672
2 1 0
1 3 0
6 5 4
7 6 4
10 9 8
11 10 8
14 13 12
15 14 12
18 17 16
19 18 16
22 21 20
23 22 20
26 25 24
25 27 24
27 28 24
28 29 24
32 31 30
31 33 30
36 35 34
37 36 34
40 39 38
41 40 38
44 43 42
45 44 42
48 47 46
49 48 46
52 51 50
53 52 50
56 55 54
55 57 54
57 58 54
58 59 54
62 61 60
61 63 60
66 65 64
67 66 64
70 69 68
71 70 68
74 73 72
75 74 72
78 77 76
79 78 76
82 81 80
83 82 80
86 85 84
85 87 84
87 88 84
88 89 84
92 91 90
91 93 90
96 95 94
97 96 94
100 99 98
101 100 98
104 103 102
105 104 102
108 107 106
109 108 106
112 111 110
113 112 110
116 115 114
115 117 114
117 118 114
118 119 114
122 121 120
121 123 120
126 125 124
127 126 124
130 129 128
131 130 128
134 133 132
135 134 132
138 137 136
139 138 136
142 141 140
143 142 140
146 145 144
145 147 144
147 148 144
148 149 144
152 151 150
151 153 150
156 155 154
157 156 154
160 159 158
161 160 158
164 163 162
165 164 162
168 167 166
169 168 166
172 171 170
173 172 170
176 175 174
175 177 174
177 178 174
178 179 174
182 181 180
181 183 180
186 185 184
187 186 184
190 189 188
191 190 188
194 193 192
195 194 192
198 197 196
199 198 196
202 201 200
203 202 200
206 205 204
205 207 204
207 208 204
208 209 204
212 211 210
211 213 210
216 215 214
217 216 214
220 219 218
221 220 218
224 223 222
225 224 222
228 227 226
229 228 226
232 231 230
233 232 230
236 235 234
235 237 234
237 238 234
238 239 234
242 241 240
243 242 240
246 245 244
247 246 244
250 249 248
251 250 248
252 250 251
253 252 251
256 255 254
257 256 254
260 259 258
259 261 258
264 263 262
265 264 262
268 267 266
269 268 266
270 269 266
271 270 266
274 273 272
273 275 272
278 277 276
279 278 276
282 281 280
283 282 280
286 285 284
287 286 284
288 286 287
289 288 287
292 291 290
293 292 290
296 295 294
295 297 294
300 299 298
301 300 298
304 303 302
305 304 302
306 305 302
307 306 302
310 309 308
309 311 308
314 313 312
313 315 312
318 317 316
319 318 316
322 321 320
323 322 320
326 325 324
327 326 324
330 329 328
331 330 328
334 333 332
335 334 332
338 337 336
337 339 336
339 340 336
340 341 336
344 343 342
343 345 342
348 347 346
349 348 346
352 351 350
353 352 350
356 355 354
357 356 354
360 359 358
361 360 358
364 363 362
365 364 362
368 367 366
367 369 366
369 370 366
370 371 366
374 373 372
373 375 372
378 377 376
379 378 376
382 381 380
383 382 380
386 385 384
387 386 384
390 389 388
391 390 388
394 393 392
395 394 392
398 397 396
397 399 396
399 400 396
400 401 396
404 403 402
403 405 402
408 407 406
409 408 406
412 411 410
413 412 410
416 415 414
417 416 414
420 419 418
421 420 418
424 423 422
425 424 422
428 427 426
427 429 426
429 430 426
430 431 426
434 433 432
433 435 432
438 437 436
439 438 436
442 441 440
443 442 440
446 445 444
447 446 444
450 449 448
451 450 448
454 453 452
455 454 452
458 457 456
457 459 456
459 460 456
460 461 456
464 463 462
463 465 462
468 467 466
469 468 466
472 471 470
473 472 470
476 475 474
477 476 474
480 479 478
481 480 478
484 483 482
485 484 482
488 487 486
487 489 486
489 490 486
490 491 486
494 493 492
493 495 492
498 497 496
499 498 496
502 501 500
503 502 500
506 505 504
507 506 504
510 509 508
511 510 508
514 513 512
515 514 512
518 517 516
517 519 516
519 520 516
520 521 516
524 523 522
523 525 522
528 527 526
529 528 526
532 531 530
533 532 530
536 535 534
537 536 534
540 539 538
541 540 538
544 543 542
545 544 542
548 547 546
547 549 546
549 550 546
550 551 546
554 553 552
553 555 552
558 557 556
559 558 556
562 561 560
563 562 560
566 565 564
567 566 564
570 569 568
571 570 568
574 573 572
575 574 572
578 577 576
577 579 576
579 580 576
580 581 576
584 583 582
583 585 582
588 587 586
589 588 586
592 591 590
593 592 590
596 595 594
597 596 594
600 599 598
601 600 598
604 603 602
605 604 602
608 607 606
607 609 606
609 610 606
610 611 606
614 613 612
613 615 612
618 617 616
619 618 616
622 621 620
623 622 620
626 625 624
627 626 624
630 629 628
631 630 628
634 633 632
635 634 632
638 637 636
637 639 636
639 640 636
640 641 636
644 643 642
643 645 642
648 647 646
649 648 646
652 651 650
653 652 650
656 655 654
657 656 654
660 659 658
661 660 658
664 663 662
665 664 662
668 667 666
667 669 666
669 670 666
670 671 666
674 673 672
673 675 672
678 677 676
679 678 676
682 681 680
683 682 680
686 685 684
687 686 684
690 689 688
691 690 688
694 693 692
695 694 692
698 697 696
697 699 696
699 700 696
700 701 696
704 703 702
705 704 702
708 707 706
709 708 706
712 711 710
713 712 710
714 712 713
715 714 713
718 717 716
719 718 716
722 721 720
721 723 720
726 725 724
727 726 724
730 729 728
731 730 728
732 731 728
733 732 728
736 735 734
735 737 734
740 739 738
741 740 738
744 743 742
745 744 742
748 747 746
749 748 746
750 748 749
751 750 749
754 753 752
755 754 752
758 757 756
757 759 756
762 761 760
763 762 760
766 765 764
767 766 764
768 767 764
769 768 764
772 771 770
771 773 770
776 775 774
777 776 774
780 779 778
781 780 778
784 783 782
783 785 782
785 786 782
786 787 782
790 789 788
789 791 788
794 793 792
795 794 792
798 797 796
799 798 796
802 801 800
803 802 800
806 805 804
807 806 804
810 809 808
811 810 808
814 813 812
813 815 812
815 816 812
816 817 812
820 819 818
819 821 818
824 823 822
825 824 822
828 827 826
829 828 826
832 831 830
833 832 830
836 835 834
837 836 834
840 839 838
841 840 838
844 843 842
843 845 842
845 846 842
846 847 842
850 849 848
851 850 848
854 853 852
855 854 852
858 857 856
859 858 856
860 858 859
861 860 859
864 863 862
865 864 862
868 867 866
867 869 866
872 871 870
873 872 870
876 875 874
877 876 874
878 877 874
879 878 874
882 881 880
881 883 880
886 885 884
887 886 884
890 889 888
891 890 888
894 893 892
895 894 892
896 894 895
897 896 895
900 899 898
901 900 898
904 903 902
903 905 902
908 907 906
909 908 906
912 911 910
913 912 910
914 913 910
915 914 910
918 917 916
917 919 916
922 921 920
923 922 920
926 925 924
927 926 924
930 929 928
931 930 928
934 933 932
935 934 932
938 937 936
939 938 936
942 941 940
943 942 940
946 945 944
947 946 944
948 947 944
949 948 944
952 951 950
953 952 950
956 955 954
957 956 954
960 959 958
961 960 958
964 963 962
965 964 962
968 967 966
969 968 966
972 971 970
973 972 970
976 975 974
977 976 974
978 977 974
979 978 974
982 981 980
983 982 980
986 985 984
987 986 984
990 989 988
991 990 988
994 993 992
995 994 992
998 997 996
999 998 996
1002 1001 1000
1003 1002 1000
1006 1005 1004
1007 1006 1004
1008 1007 1004
1009 1008 1004
1012 1011 1010
1013 1012 1010
1016 1015 1014
1017 1016 1014
1020 1019 1018
1021 1020 1018
1024 1023 1022
1025 1024 1022
1028 1027 1026
1029 1028 1026
1032 1031 1030
1033 1032 1030
1036 1035 1034
1037 1036 1034
1038 1037 1034
1039 1038 1034
1042 1041 1040
1043 1042 1040
1046 1045 1044
1047 1046 1044
1050 1049 1048
1051 1050 1048
1054 1053 1052
1055 1054 1052
1058 1057 1056
1059 1058 1056
1062 1061 1060
1063 1062 1060
1066 1065 1064
1067 1066 1064
1068 1067 1064
1069 1068 1064
1072 1071 1070
1073 1072 1070
1076 1075 1074
1077 1076 1074
1080 1079 1078
1081 1080 1078
1084 1083 1082
1085 1084 1082
1088 1087 1086
1089 1088 1086
1092 1091 1090
1093 1092 1090
1096 1095 1094
1097 1096 1094
1098 1097 1094
1099 1098 1094
1102 1101 1100
1103 1102 1100
1106 1105 1104
1107 1106 1104
1110 1109 1108
1111 1110 1108
1114 1113 1112
1115 1114 1112
1118 1117 1116
1119 1118 1116
1122 1121 1120
1123 1122 1120
1126 1125 1124
1127 1126 1124
1128 1127 1124
1129 1128 1124
1132 1131 1130
1133 1132 1130
1136 1135 1134
1137 1136 1134
1140 1139 1138
1141 1140 1138
1144 1143 1142
1145 1144 1142
1148 1147 1146
1149 1148 1146
1152 1151 1150
1153 1152 1150
1156 1155 1154
1157 1156 1154
1158 1157 1154
1159 1158 1154
1162 1161 1160
1163 1162 1160
1166 1165 1164
1167 1166 1164
1170 1169 1168
1171 1170 1168
1172 1170 1171
1173 1172 1171
1176 1175 1174
1177 1176 1174
1180 1179 1178
1179 1181 1178
1184 1183 1182
1185 1184 1182
1188 1187 1186
1189 1188 1186
1190 1189 1186
1191 1190 1186
1194 1193 1192
1193 1195 1192
1198 1197 1196
1199 1198 1196
1202 1201 1200
1203 1202 1200
1206 1205 1204
1207 1206 1204
1208 1206 1207
1209 1208 1207
1212 1211 1210
1213 1212 1210
1216 1215 1214
1215 1217 1214
1220 1219 1218
1221 1220 1218
1224 1223 1222
1225 1224 1222
1226 1225 1222
1227 1226 1222
1230 1229 1228
1229 1231 1228
1234 1233 1232
1233 1235 1232
1238 1237 1236
1239 1238 1236
1242 1241 1240
1243 1242 1240
1246 1245 1244
1247 1246 1244
sm01_materials\cp_materials\metal\cp_base_steel_trim_01.material
1
0
1600
-1.97998 3.920654 2.02124
0.423206 0.906033 -0.000276
0 0 0 0
0.001465 0.001465
-1.97998 3.920654 2.027832
0.423206 0.906033 -0.000276
0 0 0 0
0.001465 0.029785
0.005127 2.994141 2.027832
0.423206 0.906033 -0.000276
0 0 0 0
0.986816 0.029785
0.005127 2.994141 2.02124
0.423206 0.906033 -0.000276
0 0 0 0
0.986816 0.001465
-1.97998 3.920654 2.027832
0.001382 0.001382 0.999998
0 0 0 0
0.001465 0.001465
-1.990723 3.901123 2.027832
0.001382 0.001382 0.999998
0 0 0 0
0.001465 0.029785
-0.005615 2.974609 2.027832
-0.001382 0.001382 0.999998
0 0 0 0
0.986328 0.029785
0.005127 2.994141 2.027832
-0.001382 0.001382 0.999998
0 0 0 0
0.984131 0.001465
-1.990723 3.901123 2.027832
-0.87636 0.481656 -0.001079
0 0 0 0
0.220947 0.995605
-1.97998 3.920654 2.027832
-0.87636 0.481656 -0.001079
0 0 0 0
0.220947 0.909424
-1.97998 3.920654 2.02124
-0.87636 0.481656 -0.001079
0 0 0 0
0.24707 0.909424
-1.990723 3.901123 2.02124
-0.87636 0.481656 -0.001079
0 0 0 0
0.24707 0.995605
-1.990723 3.901123 2.027832
-0.423206 -0.906033 -0.000276
0 0 0 0
0.001465 0.001465
-1.990723 3.901123 2.02124
-0.423206 -0.906033 -0.000276
0 0 0 0
0.001465 0.029785
-0.005615 2.974609 2.02124
-0.423206 -0.906033 -0.000276
0 0 0 0
0.985107 0.029785
-0.005615 2.974609 2.027832
-0.423206 -0.906033 -0.000276
0 0 0 0
0.985107 0.001465
-0.005615 2.974609 2.02124
-0.001382 0.001382 -0.999998
0 0 0 0
0.986084 0.001465
-1.990723 3.901123 2.02124
0.001382 0.001382 -0.999998
0 0 0 0
0.001465 0.001465
-1.97998 3.920654 2.02124
0.001382 0.001382 -0.999998
0 0 0 0
0.001465 0.029785
0.005127 2.994141 2.02124
-0.001382 0.001382 -0.999998
0 0 0 0
0.984131 0.029785
0.019287 2.968018 2.033691
-0.001382 -0.001382 0.999998
0 0 0 0
0.977783 0.001465
-1.985596 2.057617 2.027832
-0.001382 -0.001382 0.999998
0 0 0 0
0.001465 0.001465
-1.974854 2.038086 2.027832
-0.001382 -0.001382 0.999998
0 0 0 0
0.001465 0.029785
0.030029 2.948486 2.033691
0.001382 0.001382 0.999998
0 0 0 0
0.97998 0.029785
0.030029 2.948486 2.0271
0.425561 -0.904928 0.001604
0 0 0 0
0.987793 0.001465
0.030029 2.948486 2.033691
0.425561 -0.904928 0.001604
0 0 0 0
0.987793 0.029785
-1.974854 2.038086 2.027832
0.413655 -0.910433 0.000802
0 0 0 0
0.001465 0.029785
-1.974854 2.038086 2.02124
0.413655 -0.910433 0.000802
0 0 0 0
0.001465 0.001465
-1.974854 2.038086 2.02124
-0.87636 -0.481656 -0.001079
0 0 0 0
0.246338 0.995605
-1.974854 2.038086 2.027832
-0.87636 -0.481656 -0.001079
0 0 0 0
0.221191 0.995605
-1.985596 2.057617 2.027832
-0.87636 -0.481656 -0.001079
0 0 0 0
0.221191 0.90918
-1.985596 2.057617 2.02124
-0.87636 -0.481656 -0.001079
0 0 0 0
0.246338 0.90918
0.019287 2.968018 2.0271
0.001382 0.001382 -0.999998
0 0 0 0
0.977783 0.001465
0.030029 2.948486 2.0271
-0.001382 -0.001382 -0.999998
0 0 0 0
0.97998 0.029785
-1.974854 2.038086 2.02124
0.001382 0.001382 -0.999998
0 0 0 0
0.001465 0.029785
-1.985596 2.057617 2.02124
0.001382 0.001382 -0.999998
0 0 0 0
0.001465 0.001465
0.019287 2.968018 2.0271
-0.425561 0.904928 0.001604
0 0 0 0
0.987793 0.029785
-1.985596 2.057617 2.02124
-0.413655 0.910433 0.000802
0 0 0 0
0.001465 0.029785
-1.985596 2.057617 2.027832
-0.413655 0.910433 0.000802
0 0 0 0
0.001465 0.001465
0.019287 2.968018 2.033691
-0.425561 0.904928 0.001604
0 0 0 0
0.987793 0.001465
1.984131 3.895996 2.027832
0.87636 0.481656 -0.001079
0 0 0 0
0.246338 0.995605
1.984131 3.895996 2.02124
0.87636 0.481656 -0.001079
0 0 0 0
0.221191 0.995605
1.973389 3.915527 2.02124
0.87636 0.481656 -0.001079
0 0 0 0
0.221191 0.90918
1.973389 3.915527 2.027832
0.87636 0.481656 -0.001079
0 0 0 0
0.246338 0.90918
1.973389 3.915527 2.02124
-0.001382 -0.001382 -0.999998
0 0 0 0
0.001465 0.001465
1.984131 3.895996 2.02124
-0.001382 -0.001382 -0.999998
0 0 0 0
0.001465 0.029785
0.030029 2.948486 2.0271
-0.001382 -0.001382 -0.999998
0 0 0 0
0.97998 0.029785
0.019287 2.968018 2.0271
0.001382 0.001382 -0.999998
0 0 0 0
0.977783 0.001465
1.973389 3.915527 2.027832
-0.437401 0.899264 0.002063
0 0 0 0
0.001465 0.001465
1.973389 3.915527 2.02124
-0.437401 0.899264 0.002063
0 0 0 0
0.001465 0.029785
0.019287 2.968018 2.0271
-0.425561 0.904928 0.001604
0 0 0 0
0.987793 0.029785
0.019287 2.968018 2.033691
-0.425561 0.904928 0.001604
0 0 0 0
0.987793 0.001465
1.973389 3.915527 2.027832
0.001382 0.001382 0.999998
0 0 0 0
0.001465 0.001465
0.019287 2.968018 2.033691
-0.001382 -0.001382 0.999998
0 0 0 0
0.977783 0.001465
0.030029 2.948486 2.033691
0.001382 0.001382 0.999998
0 0 0 0
0.97998 0.029785
1.984131 3.895996 2.027832
0.001382 0.001382 0.999998
0 0 0 0
0.001465 0.029785
1.984131 3.895996 2.027832
0.437401 -0.899264 0.002063
0 0 0 0
0.001465 0.029785
0.030029 2.948486 2.033691
0.425561 -0.904928 0.001604
0 0 0 0
0.987793 0.029785
0.030029 2.948486 2.0271
0.425561 -0.904928 0.001604
0 0 0 0
0.987793 0.001465
1.984131 3.895996 2.02124
0.437401 -0.899264 0.002063
0 0 0 0
0.001465 0.001465
1.979736 2.048096 2.02124
0.87636 -0.481656 -0.001079
0 0 0 0
0.220947 0.995605
1.990479 2.067871 2.02124
0.87636 -0.481656 -0.001079
0 0 0 0
0.220947 0.909424
1.990479 2.067871 2.027832
0.87636 -0.481656 -0.001079
0 0 0 0
0.24707 0.909424
1.979736 2.048096 2.027832
0.87636 -0.481656 -0.001079
0 0 0 0
0.24707 0.995605
0.005127 2.994141 2.02124
-0.001382 0.001382 -0.999998
0 0 0 0
0.984131 0.029785
1.990479 2.067871 2.02124
-0.001382 0.001382 -0.999998
0 0 0 0
0.001465 0.029785
1.979736 2.048096 2.02124
-0.001382 0.001382 -0.999998
0 0 0 0
0.001465 0.001465
-0.005615 2.974609 2.02124
-0.001382 0.001382 -0.999998
0 0 0 0
0.986084 0.001465
0.005127 2.994141 2.027832
0.423206 0.906033 -0.000276
0 0 0 0
0.986816 0.029785
1.990479 2.067871 2.027832
0.423206 0.906033 -0.000276
0 0 0 0
0.001465 0.029785
1.990479 2.067871 2.02124
0.423206 0.906033 -0.000276
0 0 0 0
0.001465 0.001465
0.005127 2.994141 2.02124
0.423206 0.906033 -0.000276
0 0 0 0
0.986816 0.001465
0.005127 2.994141 2.027832
-0.001382 0.001382 0.999998
0 0 0 0
0.984131 0.001465
-0.005615 2.974609 2.027832
-0.001382 0.001382 0.999998
0 0 0 0
0.986328 0.029785
1.979736 2.048096 2.027832
-0.001382 0.001382 0.999998
0 0 0 0
0.001465 0.029785
1.990479 2.067871 2.027832
-0.001382 0.001382 0.999998
0 0 0 0
0.001465 0.001465
-0.005615 2.974609 2.02124
-0.423206 -0.906033 -0.000276
0 0 0 0
0.985107 0.029785
1.979736 2.048096 2.02124
-0.423206 -0.906033 -0.000276
0 0 0 0
0.001465 0.029785
1.979736 2.048096 2.027832
-0.423206 -0.906033 -0.000276
0 0 0 0
0.001465 0.001465
-0.005615 2.974609 2.027832
-0.423206 -0.906033 -0.000276
0 0 0 0
0.985107 0.001465
-1.97998 3.920654 -2.02124
-0.001382 0.001382 0.999998
0 0 0 0
0.001465 0.029785
-1.990723 3.901123 -2.02124
-0.001382 0.001382 0.999998
0 0 0 0
0.001465 0.001465
-0.005615 2.974609 -2.02124
-0.001382 0.001382 0.999998
0 0 0 0
0.986084 0.001465
0.005127 2.994141 -2.02124
-0.001382 0.001382 0.999998
0 0 0 0
0.984131 0.029785
-1.990723 3.901123 -2.027832
-0.423206 -0.906033 -0.000276
0 0 0 0
0.001465 0.001465
-0.005615 2.974609 -2.02124
-0.423206 -0.906033 -0.000276
0 0 0 0
0.985107 0.029785
-1.990723 3.901123 -2.02124
-0.423206 -0.906033 -0.000276
0 0 0 0
0.001465 0.029785
-0.005615 2.974609 -2.027832
-0.423206 -0.906033 -0.000276
0 0 0 0
0.985107 0.001465
-1.990723 3.901123 -2.027832
-0.87636 0.481656 -0.001079
0 0 0 0
0.220947 0.995605
-1.990723 3.901123 -2.02124
-0.87636 0.481656 -0.001079
0 0 0 0
0.24707 0.995605
-1.97998 3.920654 -2.02124
-0.87636 0.481656 -0.001079
0 0 0 0
0.24707 0.909424
-1.97998 3.920654 -2.027832
-0.87636 0.481656 -0.001079
0 0 0 0
0.220947 0.909424
-1.97998 3.920654 -2.027832
-0.001382 0.001382 -0.999998
0 0 0 0
0.001465 0.001465
-0.005615 2.974609 -2.027832
-0.001382 0.001382 -0.999998
0 0 0 0
0.986328 0.029785
-1.990723 3.901123 -2.027832
-0.001382 0.001382 -0.999998
0 0 0 0
0.001465 0.029785
0.005127 2.994141 -2.027832
-0.001382 0.001382 -0.999998
0 0 0 0
0.984131 0.001465
-1.97998 3.920654 -2.02124
0.423206 0.906033 -0.000276
0 0 0 0
0.001465 0.001465
0.005127 2.994141 -2.02124
0.423206 0.906033 -0.000276
0 0 0 0
0.986816 0.001465
0.005127 2.994141 -2.027832
0.423206 0.906033 -0.000276
0 0 0 0
0.986816 0.029785
-1.97998 3.920654 -2.027832
0.423206 0.906033 -0.000276
0 0 0 0
0.001465 0.029785
-1.974854 2.038086 -2.02124
0.001382 0.001382 0.999998
0 0 0 0
0.001465 0.029785
0.019287 2.968018 -2.0271
0.001382 0.001382 0.999998
0 0 0 0
0.977783 0.001465
-1.985596 2.057617 -2.02124
0.001382 0.001382 0.999998
0 0 0 0
0.001465 0.001465
0.030029 2.948486 -2.0271
-0.001382 -0.001382 0.999998
0 0 0 0
0.97998 0.029785
0.019287 2.968018 -2.0271
-0.425561 0.904928 0.001604
0 0 0 0
0.987793 0.029785
-1.985596 2.057617 -2.027832
-0.413655 0.910433 0.000802
0 0 0 0
0.001465 0.001465
-1.985596 2.057617 -2.02124
-0.413655 0.910433 0.000802
0 0 0 0
0.001465 0.029785
0.019287 2.968018 -2.033691
-0.425561 0.904928 0.001604
0 0 0 0
0.987793 0.001465
-1.974854 2.038086 -2.02124
-0.87636 -0.481656 -0.001079
0 0 0 0
0.246338 0.995605
-1.985596 2.057617 -2.02124
-0.87636 -0.481656 -0.001079
0 0 0 0
0.246338 0.90918
-1.985596 2.057617 -2.027832
-0.87636 -0.481656 -0.001079
0 0 0 0
0.221191 0.90918
-1.974854 2.038086 -2.027832
-0.87636 -0.481656 -0.001079
0 0 0 0
0.221191 0.995605
-1.974854 2.038086 -2.027832
0.413655 -0.910433 0.000802
0 0 0 0
0.001465 0.029785
0.030029 2.948486 -2.0271
0.425561 -0.904928 0.001604
0 0 0 0
0.987793 0.001465
-1.974854 2.038086 -2.02124
0.413655 -0.910433 0.000802
0 0 0 0
0.001465 0.001465
0.030029 2.948486 -2.033691
0.425561 -0.904928 0.001604
0 0 0 0
0.987793 0.029785
0.019287 2.968018 -2.033691
-0.001382 -0.001382 -0.999998
0 0 0 0
0.977783 0.001465
-1.974854 2.038086 -2.027832
-0.001382 -0.001382 -0.999998
0 0 0 0
0.001465 0.029785
-1.985596 2.057617 -2.027832
-0.001382 -0.001382 -0.999998
0 0 0 0
0.001465 0.001465
0.030029 2.948486 -2.033691
0.001382 0.001382 -0.999998
0 0 0 0
0.97998 0.029785
1.984131 3.895996 -2.027832
0.87636 0.481656 -0.001079
0 0 0 0
0.246338 0.995605
1.973389 3.915527 -2.027832
0.87636 0.481656 -0.001079
0 0 0 0
0.246338 0.90918
1.973389 3.915527 -2.02124
0.87636 0.481656 -0.001079
0 0 0 0
0.221191 0.90918
1.984131 3.895996 -2.02124
0.87636 0.481656 -0.001079
0 0 0 0
0.221191 0.995605
0.030029 2.948486 -2.0271
-0.001382 -0.001382 0.999998
0 0 0 0
0.97998 0.029785
1.984131 3.895996 -2.02124
-0.001382 -0.001382 0.999998
0 0 0 0
0.001465 0.029785
1.973389 3.915527 -2.02124
-0.001382 -0.001382 0.999998
0 0 0 0
0.001465 0.001465
0.019287 2.968018 -2.0271
0.001382 0.001382 0.999998
0 0 0 0
0.977783 0.001465
0.019287 2.968018 -2.0271
-0.425561 0.904928 0.001604
0 0 0 0
0.987793 0.029785
1.973389 3.915527 -2.02124
-0.437401 0.899264 0.002063
0 0 0 0
0.001465 0.029785
1.973389 3.915527 -2.027832
-0.437401 0.899264 0.002063
0 0 0 0
0.001465 0.001465
0.019287 2.968018 -2.033691
-0.425561 0.904928 0.001604
0 0 0 0
0.987793 0.001465
1.973389 3.915527 -2.027832
0.001382 0.001382 -0.999998
0 0 0 0
0.001465 0.001465
1.984131 3.895996 -2.027832
0.001382 0.001382 -0.999998
0 0 0 0
0.001465 0.029785
0.030029 2.948486 -2.033691
0.001382 0.001382 -0.999998
0 0 0 0
0.97998 0.029785
0.019287 2.968018 -2.033691
-0.001382 -0.001382 -0.999998
0 0 0 0
0.977783 0.001465
1.984131 3.895996 -2.027832
0.437401 -0.899264 0.002063
0 0 0 0
0.001465 0.029785
1.984131 3.895996 -2.02124
0.437401 -0.899264 0.002063
0 0 0 0
0.001465 0.001465
0.030029 2.948486 -2.0271
0.425561 -0.904928 0.001604
0 0 0 0
0.987793 0.001465
0.030029 2.948486 -2.033691
0.425561 -0.904928 0.001604
0 0 0 0
0.987793 0.029785
0.005127 2.994141 -2.02124
-0.001382 0.001382 0.999998
0 0 0 0
0.984131 0.029785
-0.005615 2.974609 -2.02124
-0.001382 0.001382 0.999998
0 0 0 0
0.986084 0.001465
1.979736 2.048096 -2.02124
0.001382 0.001382 0.999998
0 0 0 0
0.001465 0.001465
1.990479 2.067871 -2.02124
0.001382 0.001382 0.999998
0 0 0 0
0.001465 0.029785
0.005127 2.994141 -2.027832
0.423206 0.906033 -0.000276
0 0 0 0
0.986816 0.029785
0.005127 2.994141 -2.02124
0.423206 0.906033 -0.000276
0 0 0 0
0.986816 0.001465
1.990479 2.067871 -2.02124
0.423206 0.906033 -0.000276
0 0 0 0
0.001465 0.001465
1.990479 2.067871 -2.027832
0.423206 0.906033 -0.000276
0 0 0 0
0.001465 0.029785
1.979736 2.048096 -2.02124
0.87636 -0.481656 -0.001079
0 0 0 0
0.220947 0.995605
1.990479 2.067871 -2.027832
0.87636 -0.481656 -0.001079
0 0 0 0
0.24707 0.909424
1.990479 2.067871 -2.02124
0.87636 -0.481656 -0.001079
0 0 0 0
0.220947 0.909424
1.979736 2.048096 -2.027832
0.87636 -0.481656 -0.001079
0 0 0 0
0.24707 0.995605
1.979736 2.048096 -2.027832
0.001382 0.001382 -0.999998
0 0 0 0
0.001465 0.029785
-0.005615 2.974609 -2.027832
-0.001382 0.001382 -0.999998
0 0 0 0
0.986328 0.029785
0.005127 2.994141 -2.027832
-0.001382 0.001382 -0.999998
0 0 0 0
0.984131 0.001465
1.990479 2.067871 -2.027832
0.001382 0.001382 -0.999998
0 0 0 0
0.001465 0.001465
-0.005615 2.974609 -2.02124
-0.423206 -0.906033 -0.000276
0 0 0 0
0.985107 0.029785
-0.005615 2.974609 -2.027832
-0.423206 -0.906033 -0.000276
0 0 0 0
0.985107 0.001465
1.979736 2.048096 -2.027832
-0.423206 -0.906033 -0.000276
0 0 0 0
0.001465 0.001465
1.979736 2.048096 -2.02124
-0.423206 -0.906033 -0.000276
0 0 0 0
0.001465 0.029785
1.996826 3.920654 1.97998
0.001166 0.906077 -0.423112
0 0 0 0
0.001465 0.001465
2.003174 3.920654 1.97998
0.001166 0.906077 -0.423112
0 0 0 0
0.001465 0.029785
2.003174 2.994141 -0.005127
0.001166 0.906077 -0.423112
0 0 0 0
0.986816 0.029785
1.996826 2.994141 -0.005127
0.001166 0.906077 -0.423112
0 0 0 0
0.986816 0.001465
2.003174 3.920654 1.97998
1 0.000978 -0.000001
0 0 0 0
0.001465 0.001465
2.003174 3.901123 1.990723
1 0.000978 -0.000001
0 0 0 0
0.001465 0.029785
2.003174 2.974609 0.005615
1 0.000978 -0.000001
0 0 0 0
0.986328 0.029785
2.003174 2.994141 -0.005127
1 0.000978 -0.000001
0 0 0 0
0.984131 0.001465
2.003174 3.901123 1.990723
0.001339 0.483267 0.875472
0 0 0 0
0.220947 0.995605
2.003174 3.920654 1.97998
0.001339 0.483267 0.875472
0 0 0 0
0.220947 0.909424
1.996826 3.920654 1.97998
0.001339 0.483267 0.875472
0 0 0 0
0.24707 0.909424
1.996826 3.901123 1.990723
0.001339 0.483267 0.875472
0 0 0 0
0.24707 0.995605
2.003174 3.901123 1.990723
0.001166 -0.906077 0.423112
0 0 0 0
0.001465 0.001465
1.996826 3.901123 1.990723
0.001166 -0.906077 0.423112
0 0 0 0
0.001465 0.029785
1.996826 2.974609 0.005615
0.001166 -0.906077 0.423112
0 0 0 0
0.985107 0.029785
2.003174 2.974609 0.005615
0.001166 -0.906077 0.423112
0 0 0 0
0.985107 0.001465
1.996826 2.974609 0.005615
-1 -0.000977 -0.000001
0 0 0 0
0.986084 0.001465
1.996826 3.901123 1.990723
-1 0.000978 -0.000001
0 0 0 0
0.001465 0.001465
1.996826 3.920654 1.97998
-1 0.000978 -0.000001
0 0 0 0
0.001465 0.029785
1.996826 2.994141 -0.005127
-1 -0.000977 -0.000001
0 0 0 0
0.984131 0.029785
2.009033 2.968018 -0.019287
1 -0.000977 -0.000001
0 0 0 0
0.977783 0.001465
2.003174 2.057617 1.985596
0.999992 -0.000979 0.003905
0 0 0 0
0.001465 0.001465
2.003174 2.038086 1.974854
0.999992 -0.000979 0.003905
0 0 0 0
0.001465 0.029785
2.009033 2.948486 -0.030029
1 0.000978 0.000001
0 0 0 0
0.97998 0.029785
2.002686 2.948486 -0.030029
0.001167 -0.904686 -0.426078
0 0 0 0
0.987793 0.001465
2.009033 2.948486 -0.030029
0.001167 -0.904686 -0.426078
0 0 0 0
0.987793 0.029785
2.003174 2.038086 1.974854
0.001162 -0.9102 -0.414168
0 0 0 0
0.001465 0.029785
1.996826 2.038086 1.974854
0.001162 -0.9102 -0.414168
0 0 0 0
0.001465 0.001465
1.996826 2.038086 1.974854
0.001339 -0.483267 0.875472
0 0 0 0
0.246338 0.995605
2.003174 2.038086 1.974854
0.001339 -0.483267 0.875472
0 0 0 0
0.221191 0.995605
2.003174 2.057617 1.985596
0.001339 -0.483267 0.875472
0 0 0 0
0.221191 0.90918
1.996826 2.057617 1.985596
0.001339 -0.483267 0.875472
0 0 0 0
0.246338 0.90918
2.002686 2.968018 -0.019287
-1 0.000978 0.000001
0 0 0 0
0.977783 0.001465
2.002686 2.948486 -0.030029
-1 -0.000977 -0.000001
0 0 0 0
0.97998 0.029785
1.996826 2.038086 1.974854
-0.999992 0.000979 -0.003905
0 0 0 0
0.001465 0.029785
1.996826 2.057617 1.985596
-0.999992 0.000979 -0.003905
0 0 0 0
0.001465 0.001465
2.002686 2.968018 -0.019287
0.001167 0.904686 0.426078
0 0 0 0
0.987793 0.029785
1.996826 2.057617 1.985596
0.001162 0.9102 0.414168
0 0 0 0
0.001465 0.029785
2.003174 2.057617 1.985596
0.001162 0.9102 0.414168
0 0 0 0
0.001465 0.001465
2.009033 2.968018 -0.019287
0.001167 0.904686 0.426078
0 0 0 0
0.987793 0.001465
2.003174 3.895996 -1.984131
0.001339 0.483267 -0.875472
0 0 0 0
0.246338 0.995605
1.996826 3.895996 -1.984131
0.001339 0.483267 -0.875472
0 0 0 0
0.221191 0.995605
1.996826 3.915527 -1.973389
0.001339 0.483267 -0.875472
0 0 0 0
0.221191 0.90918
2.003174 3.915527 -1.973389
0.001339 0.483267 -0.875472
0 0 0 0
0.246338 0.90918
1.996826 3.915527 -1.973389
-0.999992 -0.000979 0.003905
0 0 0 0
0.001465 0.001465
1.996826 3.895996 -1.984131
-0.999992 -0.000979 0.003905
0 0 0 0
0.001465 0.029785
2.002686 2.948486 -0.030029
-1 -0.000977 -0.000001
0 0 0 0
0.97998 0.029785
2.002686 2.968018 -0.019287
-1 0.000978 0.000001
0 0 0 0
0.977783 0.001465
2.003174 3.915527 -1.973389
0.001171 0.900463 0.43493
0 0 0 0
0.001465 0.001465
1.996826 3.915527 -1.973389
0.001171 0.900463 0.43493
0 0 0 0
0.001465 0.029785
2.002686 2.968018 -0.019287
0.001167 0.904686 0.426078
0 0 0 0
0.987793 0.029785
2.009033 2.968018 -0.019287
0.001167 0.904686 0.426078
0 0 0 0
0.987793 0.001465
2.003174 3.915527 -1.973389
0.999992 0.000979 -0.003905
0 0 0 0
0.001465 0.001465
2.009033 2.968018 -0.019287
1 -0.000977 -0.000001
0 0 0 0
0.977783 0.001465
2.009033 2.948486 -0.030029
1 0.000978 0.000001
0 0 0 0
0.97998 0.029785
2.003174 3.895996 -1.984131
0.999992 0.000979 -0.003905
0 0 0 0
0.001465 0.029785
2.003174 3.895996 -1.984131
0.001171 -0.900463 -0.43493
0 0 0 0
0.001465 0.029785
2.009033 2.948486 -0.030029
0.001167 -0.904686 -0.426078
0 0 0 0
0.987793 0.029785
2.002686 2.948486 -0.030029
0.001167 -0.904686 -0.426078
0 0 0 0
0.987793 0.001465
1.996826 3.895996 -1.984131
0.001171 -0.900463 -0.43493
0 0 0 0
0.001465 0.001465
1.996826 2.048096 -1.979736
0.001339 -0.483267 -0.875472
0 0 0 0
0.220947 0.995605
1.996826 2.067871 -1.990479
0.001339 -0.483267 -0.875472
0 0 0 0
0.220947 0.909424
2.003174 2.067871 -1.990479
0.001339 -0.483267 -0.875472
0 0 0 0
0.24707 0.909424
2.003174 2.048096 -1.979736
0.001339 -0.483267 -0.875472
0 0 0 0
0.24707 0.995605
1.996826 2.994141 -0.005127
-1 -0.000977 -0.000001
0 0 0 0
0.984131 0.029785
1.996826 2.067871 -1.990479
-1 -0.000977 -0.000001
0 0 0 0
0.001465 0.029785
1.996826 2.048096 -1.979736
-1 -0.000977 -0.000001
0 0 0 0
0.001465 0.001465
1.996826 2.974609 0.005615
-1 -0.000977 -0.000001
0 0 0 0
0.986084 0.001465
2.003174 2.994141 -0.005127
0.001166 0.906077 -0.423112
0 0 0 0
0.986816 0.029785
2.003174 2.067871 -1.990479
0.001166 0.906077 -0.423112
0 0 0 0
0.001465 0.029785
1.996826 2.067871 -1.990479
0.001166 0.906077 -0.423112
0 0 0 0
0.001465 0.001465
1.996826 2.994141 -0.005127
0.001166 0.906077 -0.423112
0 0 0 0
0.986816 0.001465
2.003174 2.994141 -0.005127
1 0.000978 -0.000001
0 0 0 0
0.984131 0.001465
2.003174 2.974609 0.005615
1 0.000978 -0.000001
0 0 0 0
0.986328 0.029785
2.003174 2.048096 -1.979736
1 0.000978 -0.000001
0 0 0 0
0.001465 0.029785
2.003174 2.067871 -1.990479
1 0.000978 -0.000001
0 0 0 0
0.001465 0.001465
1.996826 2.974609 0.005615
0.001166 -0.906077 0.423112
0 0 0 0
0.985107 0.029785
1.996826 2.048096 -1.979736
0.001166 -0.906077 0.423112
0 0 0 0
0.001465 0.029785
2.003174 2.048096 -1.979736
0.001166 -0.906077 0.423112
0 0 0 0
0.001465 0.001465
2.003174 2.974609 0.005615
0.001166 -0.906077 0.423112
0 0 0 0
0.985107 0.001465
-1.996826 3.920654 -1.97998
0.001166 0.906077 0.423112
0 0 0 0
0.001465 0.001465
-2.003174 3.920654 -1.97998
0.001166 0.906077 0.423112
0 0 0 0
0.001465 0.029785
-2.003174 2.994141 0.005127
0.001166 0.906077 0.423112
0 0 0 0
0.986816 0.029785
-1.996826 2.994141 0.005127
0.001166 0.906077 0.423112
0 0 0 0
0.986816 0.001465
-2.003174 3.920654 -1.97998
-1 0.000978 -0.000001
0 0 0 0
0.001465 0.001465
-2.003174 3.901123 -1.990723
-1 0.000978 -0.000001
0 0 0 0
0.001465 0.029785
-2.003174 2.974609 -0.005615
-1 0.000978 -0.000001
0 0 0 0
0.986328 0.029785
-2.003174 2.994141 0.005127
-1 0.000978 -0.000001
0 0 0 0
0.984131 0.001465
-2.003174 3.901123 -1.990723
0.001339 0.483267 -0.875472
0 0 0 0
0.220947 0.995605
-2.003174 3.920654 -1.97998
0.001339 0.483267 -0.875472
0 0 0 0
0.220947 0.909424
-1.996826 3.920654 -1.97998
0.001339 0.483267 -0.875472
0 0 0 0
0.24707 0.909424
-1.996826 3.901123 -1.990723
0.001339 0.483267 -0.875472
0 0 0 0
0.24707 0.995605
-2.003174 3.901123 -1.990723
0.001166 -0.906077 -0.423112
0 0 0 0
0.001465 0.001465
-1.996826 3.901123 -1.990723
0.001166 -0.906077 -0.423112
0 0 0 0
0.001465 0.029785
-1.996826 2.974609 -0.005615
0.001166 -0.906077 -0.423112
0 0 0 0
0.985107 0.029785
-2.003174 2.974609 -0.005615
0.001166 -0.906077 -0.423112
0 0 0 0
0.985107 0.001465
-1.996826 2.974609 -0.005615
1 -0.000977 -0.000001
0 0 0 0
0.986084 0.001465
-1.996826 3.901123 -1.990723
1 0.000978 -0.000001
0 0 0 0
0.001465 0.001465
-1.996826 3.920654 -1.97998
1 0.000978 -0.000001
0 0 0 0
0.001465 0.029785
-1.996826 2.994141 0.005127
1 -0.000977 -0.000001
0 0 0 0
0.984131 0.029785
-2.009033 2.968018 0.019287
-1 -0.000977 0.000001
0 0 0 0
0.977783 0.001465
-2.003174 2.057617 -1.985596
-0.999992 -0.000979 -0.003905
0 0 0 0
0.001465 0.001465
-2.003174 2.038086 -1.974854
-0.999992 -0.000979 -0.003905
0 0 0 0
0.001465 0.029785
-2.009033 2.948486 0.030029
-1 0.000978 -0.000001
0 0 0 0
0.97998 0.029785
-2.002686 2.948486 0.030029
0.001167 -0.904686 0.426078
0 0 0 0
0.987793 0.001465
-2.009033 2.948486 0.030029
0.001167 -0.904686 0.426078
0 0 0 0
0.987793 0.029785
-2.003174 2.038086 -1.974854
0.001162 -0.9102 0.414168
0 0 0 0
0.001465 0.029785
-1.996826 2.038086 -1.974854
0.001162 -0.9102 0.414168
0 0 0 0
0.001465 0.001465
-1.996826 2.038086 -1.974854
0.001339 -0.483267 -0.875472
0 0 0 0
0.246338 0.995605
-2.003174 2.038086 -1.974854
0.001339 -0.483267 -0.875472
0 0 0 0
0.221191 0.995605
-2.003174 2.057617 -1.985596
0.001339 -0.483267 -0.875472
0 0 0 0
0.221191 0.90918
-1.996826 2.057617 -1.985596
0.001339 -0.483267 -0.875472
0 0 0 0
0.246338 0.90918
-2.002686 2.968018 0.019287
1 0.000978 -0.000001
0 0 0 0
0.977783 0.001465
-2.002686 2.948486 0.030029
1 -0.000977 0.000001
0 0 0 0
0.97998 0.029785
-1.996826 2.038086 -1.974854
0.999992 0.000979 0.003905
0 0 0 0
0.001465 0.029785
-1.996826 2.057617 -1.985596
0.999992 0.000979 0.003905
0 0 0 0
0.001465 0.001465
-2.002686 2.968018 0.019287
0.001167 0.904686 -0.426078
0 0 0 0
0.987793 0.029785
-1.996826 2.057617 -1.985596
0.001162 0.9102 -0.414168
0 0 0 0
0.001465 0.029785
-2.003174 2.057617 -1.985596
0.001162 0.9102 -0.414168
0 0 0 0
0.001465 0.001465
-2.009033 2.968018 0.019287
0.001167 0.904686 -0.426078
0 0 0 0
0.987793 0.001465
-2.003174 3.895996 1.984131
0.001339 0.483267 0.875472
0 0 0 0
0.246338 0.995605
-1.996826 3.895996 1.984131
0.001339 0.483267 0.875472
0 0 0 0
0.221191 0.995605
-1.996826 3.915527 1.973389
0.001339 0.483267 0.875472
0 0 0 0
0.221191 0.90918
-2.003174 3.915527 1.973389
0.001339 0.483267 0.875472
0 0 0 0
0.246338 0.90918
-1.996826 3.915527 1.973389
0.999992 -0.000979 -0.003905
0 0 0 0
0.001465 0.001465
-1.996826 3.895996 1.984131
0.999992 -0.000979 -0.003905
0 0 0 0
0.001465 0.029785
-2.002686 2.948486 0.030029
1 -0.000977 0.000001
0 0 0 0
0.97998 0.029785
-2.002686 2.968018 0.019287
1 0.000978 -0.000001
0 0 0 0
0.977783 0.001465
-2.003174 3.915527 1.973389
0.001171 0.900463 -0.43493
0 0 0 0
0.001465 0.001465
-1.996826 3.915527 1.973389
0.001171 0.900463 -0.43493
0 0 0 0
0.001465 0.029785
-2.002686 2.968018 0.019287
0.001167 0.904686 -0.426078
0 0 0 0
0.987793 0.029785
-2.009033 2.968018 0.019287
0.001167 0.904686 -0.426078
0 0 0 0
0.987793 0.001465
-2.003174 3.915527 1.973389
-0.999992 0.000979 0.003905
0 0 0 0
0.001465 0.001465
-2.009033 2.968018 0.019287
-1 -0.000977 0.000001
0 0 0 0
0.977783 0.001465
-2.009033 2.948486 0.030029
-1 0.000978 -0.000001
0 0 0 0
0.97998 0.029785
-2.003174 3.895996 1.984131
-0.999992 0.000979 0.003905
0 0 0 0
0.001465 0.029785
-2.003174 3.895996 1.984131
0.001171 -0.900463 0.43493
0 0 0 0
0.001465 0.029785
-2.009033 2.948486 0.030029
0.001167 -0.904686 0.426078
0 0 0 0
0.987793 0.029785
-2.002686 2.948486 0.030029
0.001167 -0.904686 0.426078
0 0 0 0
0.987793 0.001465
-1.996826 3.895996 1.984131
0.001171 -0.900463 0.43493
0 0 0 0
0.001465 0.001465
-1.996826 2.048096 1.979736
0.001339 -0.483267 0.875472
0 0 0 0
0.220947 0.995605
-1.996826 2.067871 1.990479
0.001339 -0.483267 0.875472
0 0 0 0
0.220947 0.909424
-2.003174 2.067871 1.990479
0.001339 -0.483267 0.875472
0 0 0 0
0.24707 0.909424
-2.003174 2.048096 1.979736
0.001339 -0.483267 0.875472
0 0 0 0
0.24707 0.995605
-1.996826 2.994141 0.005127
1 -0.000977 -0.000001
0 0 0 0
0.984131 0.029785
-1.996826 2.067871 1.990479
1 -0.000977 -0.000001
0 0 0 0
0.001465 0.029785
-1.996826 2.048096 1.979736
1 -0.000977 -0.000001
0 0 0 0
0.001465 0.001465
-1.996826 2.974609 -0.005615
1 -0.000977 -0.000001
0 0 0 0
0.986084 0.001465
-2.003174 2.994141 0.005127
0.001166 0.906077 0.423112
0 0 0 0
0.986816 0.029785
-2.003174 2.067871 1.990479
0.001166 0.906077 0.423112
0 0 0 0
0.001465 0.029785
-1.996826 2.067871 1.990479
0.001166 0.906077 0.423112
0 0 0 0
0.001465 0.001465
-1.996826 2.994141 0.005127
0.001166 0.906077 0.423112
0 0 0 0
0.986816 0.001465
-2.003174 2.994141 0.005127
-1 0.000978 -0.000001
0 0 0 0
0.984131 0.001465
-2.003174 2.974609 -0.005615
-1 0.000978 -0.000001
0 0 0 0
0.986328 0.029785
-2.003174 2.048096 1.979736
-1 0.000978 -0.000001
0 0 0 0
0.001465 0.029785
-2.003174 2.067871 1.990479
-1 0.000978 -0.000001
0 0 0 0
0.001465 0.001465
-1.996826 2.974609 -0.005615
0.001166 -0.906077 -0.423112
0 0 0 0
0.985107 0.029785
-1.996826 2.048096 1.979736
0.001166 -0.906077 -0.423112
0 0 0 0
0.001465 0.029785
-2.003174 2.048096 1.979736
0.001166 -0.906077 -0.423112
0 0 0 0
0.001465 0.001465
-2.003174 2.974609 -0.005615
0.001166 -0.906077 -0.423112
0 0 0 0
0.985107 0.001465
1.996826 1.961182 1.97998
0.001166 0.906077 -0.423112
0 0 0 0
0.001465 0.001465
2.003174 1.961182 1.97998
0.001166 0.906077 -0.423112
0 0 0 0
0.001465 0.029785
2.003174 1.034668 -0.005127
0.001166 0.906077 -0.423112
0 0 0 0
0.986816 0.029785
1.996826 1.034668 -0.005127
0.001166 0.906077 -0.423112
0 0 0 0
0.986816 0.001465
2.003174 1.961182 1.97998
1 0.000978 -0.000001
0 0 0 0
0.001465 0.001465
2.003174 1.94165 1.990723
1 0.000978 -0.000001
0 0 0 0
0.001465 0.029785
2.003174 1.015137 0.005615
1 0.000978 -0.000001
0 0 0 0
0.986328 0.029785
2.003174 1.034668 -0.005127
1 0.000978 -0.000001
0 0 0 0
0.984131 0.001465
2.003174 1.94165 1.990723
0.001339 0.483267 0.875472
0 0 0 0
0.220947 0.995605
2.003174 1.961182 1.97998
0.001339 0.483267 0.875472
0 0 0 0
0.220947 0.909424
1.996826 1.961182 1.97998
0.001339 0.483267 0.875472
0 0 0 0
0.24707 0.909424
1.996826 1.94165 1.990723
0.001339 0.483267 0.875472
0 0 0 0
0.24707 0.995605
2.003174 1.94165 1.990723
0.001166 -0.906077 0.423112
0 0 0 0
0.001465 0.001465
1.996826 1.94165 1.990723
0.001166 -0.906077 0.423112
0 0 0 0
0.001465 0.029785
1.996826 1.015137 0.005615
0.001166 -0.906077 0.423112
0 0 0 0
0.985107 0.029785
2.003174 1.015137 0.005615
0.001166 -0.906077 0.423112
0 0 0 0
0.985107 0.001465
1.996826 1.015137 0.005615
-1 -0.000977 -0.000001
0 0 0 0
0.986084 0.001465
1.996826 1.94165 1.990723
-1 0.000978 -0.000001
0 0 0 0
0.001465 0.001465
1.996826 1.961182 1.97998
-1 0.000978 -0.000001
0 0 0 0
0.001465 0.029785
1.996826 1.034668 -0.005127
-1 -0.000977 -0.000001
0 0 0 0
0.984131 0.029785
2.009033 1.008545 -0.019287
1 -0.000977 -0.000001
0 0 0 0
0.977783 0.001465
2.003174 0.098145 1.985596
0.999992 -0.000979 0.003905
0 0 0 0
0.001465 0.001465
2.003174 0.078613 1.974854
0.999992 -0.000979 0.003905
0 0 0 0
0.001465 0.029785
2.009033 0.989014 -0.030029
1 0.000978 0.000001
0 0 0 0
0.97998 0.029785
2.002686 0.989014 -0.030029
0.001167 -0.904686 -0.426078
0 0 0 0
0.987793 0.001465
2.009033 0.989014 -0.030029
0.001167 -0.904686 -0.426078
0 0 0 0
0.987793 0.029785
2.003174 0.078613 1.974854
0.001162 -0.9102 -0.414168
0 0 0 0
0.001465 0.029785
1.996826 0.078613 1.974854
0.001162 -0.9102 -0.414168
0 0 0 0
0.001465 0.001465
1.996826 0.078613 1.974854
0.001339 -0.483267 0.875472
0 0 0 0
0.246338 0.995605
2.003174 0.078613 1.974854
0.001339 -0.483267 0.875472
0 0 0 0
0.221191 0.995605
2.003174 0.098145 1.985596
0.001339 -0.483267 0.875472
0 0 0 0
0.221191 0.90918
1.996826 0.098145 1.985596
0.001339 -0.483267 0.875472
0 0 0 0
0.246338 0.90918
2.002686 1.008545 -0.019287
-1 0.000978 0.000001
0 0 0 0
0.977783 0.001465
2.002686 0.989014 -0.030029
-1 -0.000977 -0.000001
0 0 0 0
0.97998 0.029785
1.996826 0.078613 1.974854
-0.999992 0.000979 -0.003905
0 0 0 0
0.001465 0.029785
1.996826 0.098145 1.985596
-0.999992 0.000979 -0.003905
0 0 0 0
0.001465 0.001465
2.002686 1.008545 -0.019287
0.001167 0.904686 0.426078
0 0 0 0
0.987793 0.029785
1.996826 0.098145 1.985596
0.001162 0.9102 0.414168
0 0 0 0
0.001465 0.029785
2.003174 0.098145 1.985596
0.001162 0.9102 0.414168
0 0 0 0
0.001465 0.001465
2.009033 1.008545 -0.019287
0.001167 0.904686 0.426078
0 0 0 0
0.987793 0.001465
2.003174 1.936523 -1.984131
0.001339 0.483267 -0.875472
0 0 0 0
0.246338 0.995605
1.996826 1.936523 -1.984131
0.001339 0.483267 -0.875472
0 0 0 0
0.221191 0.995605
1.996826 1.956055 -1.973389
0.001339 0.483267 -0.875472
0 0 0 0
0.221191 0.90918
2.003174 1.956055 -1.973389
0.001339 0.483267 -0.875472
0 0 0 0
0.246338 0.90918
1.996826 1.956055 -1.973389
-0.999992 -0.000979 0.003905
0 0 0 0
0.001465 0.001465
1.996826 1.936523 -1.984131
-0.999992 -0.000979 0.003905
0 0 0 0
0.001465 0.029785
2.002686 0.989014 -0.030029
-1 -0.000977 -0.000001
0 0 0 0
0.97998 0.029785
2.002686 1.008545 -0.019287
-1 0.000978 0.000001
0 0 0 0
0.977783 0.001465
2.003174 1.956055 -1.973389
0.001171 0.900463 0.43493
0 0 0 0
0.001465 0.001465
1.996826 1.956055 -1.973389
0.001171 0.900463 0.43493
0 0 0 0
0.001465 0.029785
2.002686 1.008545 -0.019287
0.001167 0.904686 0.426078
0 0 0 0
0.987793 0.029785
2.009033 1.008545 -0.019287
0.001167 0.904686 0.426078
0 0 0 0
0.987793 0.001465
2.003174 1.956055 -1.973389
0.999992 0.000979 -0.003905
0 0 0 0
0.001465 0.001465
2.009033 1.008545 -0.019287
1 -0.000977 -0.000001
0 0 0 0
0.977783 0.001465
2.009033 0.989014 -0.030029
1 0.000978 0.000001
0 0 0 0
0.97998 0.029785
2.003174 1.936523 -1.984131
0.999992 0.000979 -0.003905
0 0 0 0
0.001465 0.029785
2.003174 1.936523 -1.984131
0.001171 -0.900463 -0.43493
0 0 0 0
0.001465 0.029785
2.009033 0.989014 -0.030029
0.001167 -0.904686 -0.426078
0 0 0 0
0.987793 0.029785
2.002686 0.989014 -0.030029
0.001167 -0.904686 -0.426078
0 0 0 0
0.987793 0.001465
1.996826 1.936523 -1.984131
0.001171 -0.900463 -0.43493
0 0 0 0
0.001465 0.001465
1.996826 0.088623 -1.979736
0.001339 -0.483267 -0.875472
0 0 0 0
0.220947 0.995605
1.996826 0.108398 -1.990479
0.001339 -0.483267 -0.875472
0 0 0 0
0.220947 0.909424
2.003174 0.108398 -1.990479
0.001339 -0.483267 -0.875472
0 0 0 0
0.24707 0.909424
2.003174 0.088623 -1.979736
0.001339 -0.483267 -0.875472
0 0 0 0
0.24707 0.995605
1.996826 1.034668 -0.005127
-1 -0.000977 -0.000001
0 0 0 0
0.984131 0.029785
1.996826 0.108398 -1.990479
-1 -0.000977 -0.000001
0 0 0 0
0.001465 0.029785
1.996826 0.088623 -1.979736
-1 -0.000977 -0.000001
0 0 0 0
0.001465 0.001465
1.996826 1.015137 0.005615
-1 -0.000977 -0.000001
0 0 0 0
0.986084 0.001465
2.003174 1.034668 -0.005127
0.001166 0.906077 -0.423112
0 0 0 0
0.986816 0.029785
2.003174 0.108398 -1.990479
0.001166 0.906077 -0.423112
0 0 0 0
0.001465 0.029785
1.996826 0.108398 -1.990479
0.001166 0.906077 -0.423112
0 0 0 0
0.001465 0.001465
1.996826 1.034668 -0.005127
0.001166 0.906077 -0.423112
0 0 0 0
0.986816 0.001465
2.003174 1.034668 -0.005127
1 0.000978 -0.000001
0 0 0 0
0.984131 0.001465
2.003174 1.015137 0.005615
1 0.000978 -0.000001
0 0 0 0
0.986328 0.029785
2.003174 0.088623 -1.979736
1 0.000978 -0.000001
0 0 0 0
0.001465 0.029785
2.003174 0.108398 -1.990479
1 0.000978 -0.000001
0 0 0 0
0.001465 0.001465
1.996826 1.015137 0.005615
0.001166 -0.906077 0.423112
0 0 0 0
0.985107 0.029785
1.996826 0.088623 -1.979736
0.001166 -0.906077 0.423112
0 0 0 0
0.001465 0.029785
2.003174 0.088623 -1.979736
0.001166 -0.906077 0.423112
0 0 0 0
0.001465 0.001465
2.003174 1.015137 0.005615
0.001166 -0.906077 0.423112
0 0 0 0
0.985107 0.001465
-1.996826 1.961182 -1.97998
0.001166 0.906077 0.423112
0 0 0 0
0.001465 0.001465
-2.003174 1.961182 -1.97998
0.001166 0.906077 0.423112
0 0 0 0
0.001465 0.029785
-2.003174 1.034668 0.005127
0.001166 0.906077 0.423112
0 0 0 0
0.986816 0.029785
-1.996826 1.034668 0.005127
0.001166 0.906077 0.423112
0 0 0 0
0.986816 0.001465
-2.003174 1.961182 -1.97998
-1 0.000978 -0.000001
0 0 0 0
0.001465 0.001465
-2.003174 1.94165 -1.990723
-1 0.000978 -0.000001
0 0 0 0
0.001465 0.029785
-2.003174 1.015137 -0.005615
-1 0.000978 -0.000001
0 0 0 0
0.986328 0.029785
-2.003174 1.034668 0.005127
-1 0.000978 -0.000001
0 0 0 0
0.984131 0.001465
-2.003174 1.94165 -1.990723
0.001339 0.483267 -0.875472
0 0 0 0
0.220947 0.995605
-2.003174 1.961182 -1.97998
0.001339 0.483267 -0.875472
0 0 0 0
0.220947 0.909424
-1.996826 1.961182 -1.97998
0.001339 0.483267 -0.875472
0 0 0 0
0.24707 0.909424
-1.996826 1.94165 -1.990723
0.001339 0.483267 -0.875472
0 0 0 0
0.24707 0.995605
-2.003174 1.94165 -1.990723
0.001166 -0.906077 -0.423112
0 0 0 0
0.001465 0.001465
-1.996826 1.94165 -1.990723
0.001166 -0.906077 -0.423112
0 0 0 0
0.001465 0.029785
-1.996826 1.015137 -0.005615
0.001166 -0.906077 -0.423112
0 0 0 0
0.985107 0.029785
-2.003174 1.015137 -0.005615
0.001166 -0.906077 -0.423112
0 0 0 0
0.985107 0.001465
-1.996826 1.015137 -0.005615
1 -0.000977 -0.000001
0 0 0 0
0.986084 0.001465
-1.996826 1.94165 -1.990723
1 0.000978 -0.000001
0 0 0 0
0.001465 0.001465
-1.996826 1.961182 -1.97998
1 0.000978 -0.000001
0 0 0 0
0.001465 0.029785
-1.996826 1.034668 0.005127
1 -0.000977 -0.000001
0 0 0 0
0.984131 0.029785
-2.009033 1.008545 0.019287
-1 -0.000977 0.000001
0 0 0 0
0.977783 0.001465
-2.003174 0.098145 -1.985596
-0.999992 -0.000979 -0.003905
0 0 0 0
0.001465 0.001465
-2.003174 0.078613 -1.974854
-0.999992 -0.000979 -0.003905
0 0 0 0
0.001465 0.029785
-2.009033 0.989014 0.030029
-1 0.000978 -0.000001
0 0 0 0
0.97998 0.029785
-2.002686 0.989014 0.030029
0.001167 -0.904686 0.426078
0 0 0 0
0.987793 0.001465
-2.009033 0.989014 0.030029
0.001167 -0.904686 0.426078
0 0 0 0
0.987793 0.029785
-2.003174 0.078613 -1.974854
0.001162 -0.9102 0.414168
0 0 0 0
0.001465 0.029785
-1.996826 0.078613 -1.974854
0.001162 -0.9102 0.414168
0 0 0 0
0.001465 0.001465
-1.996826 0.078613 -1.974854
0.001339 -0.483267 -0.875472
0 0 0 0
0.246338 0.995605
-2.003174 0.078613 -1.974854
0.001339 -0.483267 -0.875472
0 0 0 0
0.221191 0.995605
-2.003174 0.098145 -1.985596
0.001339 -0.483267 -0.875472
0 0 0 0
0.221191 0.90918
-1.996826 0.098145 -1.985596
0.001339 -0.483267 -0.875472
0 0 0 0
0.246338 0.90918
-2.002686 1.008545 0.019287
1 0.000978 -0.000001
0 0 0 0
0.977783 0.001465
-2.002686 0.989014 0.030029
1 -0.000977 0.000001
0 0 0 0
0.97998 0.029785
-1.996826 0.078613 -1.974854
0.999992 0.000979 0.003905
0 0 0 0
0.001465 0.029785
-1.996826 0.098145 -1.985596
0.999992 0.000979 0.003905
0 0 0 0
0.001465 0.001465
-2.002686 1.008545 0.019287
0.001167 0.904686 -0.426078
0 0 0 0
0.987793 0.029785
-1.996826 0.098145 -1.985596
0.001162 0.9102 -0.414168
0 0 0 0
0.001465 0.029785
-2.003174 0.098145 -1.985596
0.001162 0.9102 -0.414168
0 0 0 0
0.001465 0.001465
-2.009033 1.008545 0.019287
0.001167 0.904686 -0.426078
0 0 0 0
0.987793 0.001465
-2.003174 1.936523 1.984131
0.001339 0.483267 0.875472
0 0 0 0
0.246338 0.995605
-1.996826 1.936523 1.984131
0.001339 0.483267 0.875472
0 0 0 0
0.221191 0.995605
-1.996826 1.956055 1.973389
0.001339 0.483267 0.875472
0 0 0 0
0.221191 0.90918
-2.003174 1.956055 1.973389
0.001339 0.483267 0.875472
0 0 0 0
0.246338 0.90918
-1.996826 1.956055 1.973389
0.999992 -0.000979 -0.003905
0 0 0 0
0.001465 0.001465
-1.996826 1.936523 1.984131
0.999992 -0.000979 -0.003905
0 0 0 0
0.001465 0.029785
-2.002686 0.989014 0.030029
1 -0.000977 0.000001
0 0 0 0
0.97998 0.029785
-2.002686 1.008545 0.019287
1 0.000978 -0.000001
0 0 0 0
0.977783 0.001465
-2.003174 1.956055 1.973389
0.001171 0.900463 -0.43493
0 0 0 0
0.001465 0.001465
-1.996826 1.956055 1.973389
0.001171 0.900463 -0.43493
0 0 0 0
0.001465 0.029785
-2.002686 1.008545 0.019287
0.001167 0.904686 -0.426078
0 0 0 0
0.987793 0.029785
-2.009033 1.008545 0.019287
0.001167 0.904686 -0.426078
0 0 0 0
0.987793 0.001465
-2.003174 1.956055 1.973389
-0.999992 0.000979 0.003905
0 0 0 0
0.001465 0.001465
-2.009033 1.008545 0.019287
-1 -0.000977 0.000001
0 0 0 0
0.977783 0.001465
-2.009033 0.989014 0.030029
-1 0.000978 -0.000001
0 0 0 0
0.97998 0.029785
-2.003174 1.936523 1.984131
-0.999992 0.000979 0.003905
0 0 0 0
0.001465 0.029785
-2.003174 1.936523 1.984131
0.001171 -0.900463 0.43493
0 0 0 0
0.001465 0.029785
-2.009033 0.989014 0.030029
0.001167 -0.904686 0.426078
0 0 0 0
0.987793 0.029785
-2.002686 0.989014 0.030029
0.001167 -0.904686 0.426078
0 0 0 0
0.987793 0.001465
-1.996826 1.936523 1.984131
0.001171 -0.900463 0.43493
0 0 0 0
0.001465 0.001465
-1.996826 0.088623 1.979736
0.001339 -0.483267 0.875472
0 0 0 0
0.220947 0.995605
-1.996826 0.108398 1.990479
0.001339 -0.483267 0.875472
0 0 0 0
0.220947 0.909424
-2.003174 0.108398 1.990479
0.001339 -0.483267 0.875472
0 0 0 0
0.24707 0.909424
-2.003174 0.088623 1.979736
0.001339 -0.483267 0.875472
0 0 0 0
0.24707 0.995605
-1.996826 1.034668 0.005127
1 -0.000977 -0.000001
0 0 0 0
0.984131 0.029785
-1.996826 0.108398 1.990479
1 -0.000977 -0.000001
0 0 0 0
0.001465 0.029785
-1.996826 0.088623 1.979736
1 -0.000977 -0.000001
0 0 0 0
0.001465 0.001465
-1.996826 1.015137 -0.005615
1 -0.000977 -0.000001
0 0 0 0
0.986084 0.001465
-2.003174 1.034668 0.005127
0.001166 0.906077 0.423112
0 0 0 0
0.986816 0.029785
-2.003174 0.108398 1.990479
0.001166 0.906077 0.423112
0 0 0 0
0.001465 0.029785
-1.996826 0.108398 1.990479
0.001166 0.906077 0.423112
0 0 0 0
0.001465 0.001465
-1.996826 1.034668 0.005127
0.001166 0.906077 0.423112
0 0 0 0
0.986816 0.001465
-2.003174 1.034668 0.005127
-1 0.000978 -0.000001
0 0 0 0
0.984131 0.001465
-2.003174 1.015137 -0.005615
-1 0.000978 -0.000001
0 0 0 0
0.986328 0.029785
-2.003174 0.088623 1.979736
-1 0.000978 -0.000001
0 0 0 0
0.001465 0.029785
-2.003174 0.108398 1.990479
-1 0.000978 -0.000001
0 0 0 0
0.001465 0.001465
-1.996826 1.015137 -0.005615
0.001166 -0.906077 -0.423112
0 0 0 0
0.985107 0.029785
-1.996826 0.088623 1.979736
0.001166 -0.906077 -0.423112
0 0 0 0
0.001465 0.029785
-2.003174 0.088623 1.979736
0.001166 -0.906077 -0.423112
0 0 0 0
0.001465 0.001465
-2.003174 1.015137 -0.005615
0.001166 -0.906077 -0.423112
0 0 0 0
0.985107 0.001465
-1.97998 1.961182 2.02124
0.423206 0.906033 -0.000276
0 0 0 0
0.001465 0.001465
-1.97998 1.961182 2.027832
0.423206 0.906033 -0.000276
0 0 0 0
0.001465 0.029785
0.005127 1.034668 2.027832
0.423206 0.906033 -0.000276
0 0 0 0
0.986816 0.029785
0.005127 1.034668 2.02124
0.423206 0.906033 -0.000276
0 0 0 0
0.986816 0.001465
-1.97998 1.961182 2.027832
0.001382 0.001382 0.999998
0 0 0 0
0.001465 0.001465
-1.990723 1.94165 2.027832
0.001382 0.001382 0.999998
0 0 0 0
0.001465 0.029785
-0.005615 1.015137 2.027832
-0.001382 0.001382 0.999998
0 0 0 0
0.986328 0.029785
0.005127 1.034668 2.027832
-0.001382 0.001382 0.999998
0 0 0 0
0.984131 0.001465
-1.990723 1.94165 2.027832
-0.87636 0.481656 -0.001079
0 0 0 0
0.220947 0.995605
-1.97998 1.961182 2.027832
-0.87636 0.481656 -0.001079
0 0 0 0
0.220947 0.909424
-1.97998 1.961182 2.02124
-0.87636 0.481656 -0.001079
0 0 0 0
0.24707 0.909424
-1.990723 1.94165 2.02124
-0.87636 0.481656 -0.001079
0 0 0 0
0.24707 0.995605
-1.990723 1.94165 2.027832
-0.423206 -0.906033 -0.000276
0 0 0 0
0.001465 0.001465
-1.990723 1.94165 2.02124
-0.423206 -0.906033 -0.000276
0 0 0 0
0.001465 0.029785
-0.005615 1.015137 2.02124
-0.423206 -0.906033 -0.000276
0 0 0 0
0.985107 0.029785
-0.005615 1.015137 2.027832
-0.423206 -0.906033 -0.000276
0 0 0 0
0.985107 0.001465
-0.005615 1.015137 2.02124
-0.001382 0.001382 -0.999998
0 0 0 0
0.986084 0.001465
-1.990723 1.94165 2.02124
0.001382 0.001382 -0.999998
0 0 0 0
0.001465 0.001465
-1.97998 1.961182 2.02124
0.001382 0.001382 -0.999998
0 0 0 0
0.001465 0.029785
0.005127 1.034668 2.02124
-0.001382 0.001382 -0.999998
0 0 0 0
0.984131 0.029785
0.019287 1.008545 2.033691
-0.001382 -0.001382 0.999998
0 0 0 0
0.977783 0.001465
-1.985596 0.098145 2.027832
-0.001382 -0.001382 0.999998
0 0 0 0
0.001465 0.001465
-1.974854 0.078613 2.027832
-0.001382 -0.001382 0.999998
0 0 0 0
0.001465 0.029785
0.030029 0.989014 2.033691
0.001382 0.001382 0.999998
0 0 0 0
0.97998 0.029785
0.030029 0.989014 2.0271
0.425561 -0.904928 0.001604
0 0 0 0
0.987793 0.001465
0.030029 0.989014 2.033691
0.425561 -0.904928 0.001604
0 0 0 0
0.987793 0.029785
-1.974854 0.078613 2.027832
0.413655 -0.910433 0.000802
0 0 0 0
0.001465 0.029785
-1.974854 0.078613 2.02124
0.413655 -0.910433 0.000802
0 0 0 0
0.001465 0.001465
-1.974854 0.078613 2.02124
-0.87636 -0.481656 -0.001079
0 0 0 0
0.246338 0.995605
-1.974854 0.078613 2.027832
-0.87636 -0.481656 -0.001079
0 0 0 0
0.221191 0.995605
-1.985596 0.098145 2.027832
-0.87636 -0.481656 -0.001079
0 0 0 0
0.221191 0.90918
-1.985596 0.098145 2.02124
-0.87636 -0.481656 -0.001079
0 0 0 0
0.246338 0.90918
1.963623 3.025146 1.992432
-0.707106 -0.707106 0.001023
0 0 0 0
0.126465 0.095215
1.958496 3.037109 1.992432
-1 0.000978 -0.000001
0 0 0 0
0.137695 0.095215
1.958496 3.037109 1.84668
-1 0.000978 -0.000001
0 0 0 0
0.137695 0.217285
1.963623 3.025146 1.84668
-0.707106 -0.707106 0.001023
0 0 0 0
0.126465 0.217285
1.975586 3.02002 1.84668
0.000978 -1 -0.000001
0 0 0 0
0.115479 0.217285
1.975586 3.02002 1.992432
0.000978 -1 -0.000001
0 0 0 0
0.115479 0.095215
1.987549 3.025146 1.992432
0.707106 -0.707106 0.001023
0 0 0 0
0.104248 0.095215
1.987549 3.025146 1.84668
0.707106 -0.707106 0.001023
0 0 0 0
0.104248 0.217285
1.992432 3.037109 1.992432
1 0.000978 -0.000001
0 0 0 0
0.093262 0.095215
1.992432 3.037109 1.84668
1 -0.000977 -0.000001
0 0 0 0
0.093262 0.217285
1.987549 3.049072 1.992432
0.707106 0.707106 0.001023
0 0 0 0
0.082031 0.095215
1.987549 3.049072 1.84668
0.707106 0.707106 0.001023
0 0 0 0
0.082031 0.217285
1.975586 3.053955 1.992432
0.000978 1 -0.000001
0 0 0 0
0.071045 0.095215
1.975586 3.053955 1.84668
0.000978 1 -0.000001
0 0 0 0
0.071045 0.217285
1.963623 3.049072 1.992432
-0.707106 0.707106 0.001023
0 0 0 0
0.059814 0.095215
1.963623 3.049072 1.84668
-0.707106 0.707106 0.001023
0 0 0 0
0.059814 0.217285
1.958496 3.037109 1.992432
-1 0.000978 -0.000001
0 0 0 0
0.048828 0.095215
1.958496 3.037109 1.84668
-1 0.000978 -0.000001
0 0 0 0
0.048828 0.217285
1.963623 3.456299 1.992432
-0.707106 -0.707106 0.001023
0 0 0 0
0.106934 0.095215
1.958496 3.468262 1.992432
-1 0.000978 -0.000001
0 0 0 0
0.118164 0.095215
1.958496 3.468262 1.84668
-1 0.000978 -0.000001
0 0 0 0
0.118164 0.217285
1.963623 3.456299 1.84668
-0.707106 -0.707106 0.001023
0 0 0 0
0.106934 0.217285
1.975586 3.451416 1.992432
0.000978 -1 -0.000001
0 0 0 0
0.095703 0.095215
1.975586 3.451416 1.84668
0.000978 -1 -0.000001
0 0 0 0
0.095703 0.217285
1.987305 3.456299 1.992432
0.707106 -0.707106 0.001023
0 0 0 0
0.084473 0.095215
1.987549 3.456299 1.84668
0.707106 -0.707106 0.001023
0 0 0 0
0.084473 0.217285
1.992432 3.468262 1.992432
1 -0.000977 -0.000001
0 0 0 0
0.073242 0.095215
1.992432 3.468262 1.84668
1 -0.000977 -0.000001
0 0 0 0
0.073242 0.217285
1.987549 3.480225 1.992432
0.707106 0.707106 0.001023
0 0 0 0
0.062012 0.095215
1.987549 3.480225 1.84668
0.707106 0.707106 0.001023
0 0 0 0
0.062012 0.217285
1.975586 3.485107 1.992432
0.000978 1 -0.000001
0 0 0 0
0.050781 0.095215
1.975586 3.485107 1.84668
0.000978 1 -0.000001
0 0 0 0
0.050781 0.217285
1.963623 3.480225 1.992432
-0.707106 0.707106 0.001023
0 0 0 0
0.039551 0.095215
1.963623 3.480225 1.84668
-0.707106 0.707106 0.001023
0 0 0 0
0.039551 0.217285
1.958496 3.468262 1.992432
-1 0.000978 -0.000001
0 0 0 0
0.028076 0.095215
1.958496 3.468262 1.84668
-1 0.000978 -0.000001
0 0 0 0
0.028076 0.217285
1.963623 3.456299 -1.992432
-0.707106 -0.707106 0.001023
0 0 0 0
0.106934 0.095215
1.958496 3.468262 -1.84668
-1 0.000978 -0.000001
0 0 0 0
0.118164 0.217285
1.958496 3.468262 -1.992432
-1 0.000978 -0.000001
0 0 0 0
0.118164 0.095215
1.963623 3.456299 -1.84668
-0.707106 -0.707106 0.001023
0 0 0 0
0.106934 0.217285
1.975586 3.451416 -1.992432
0.000978 -1 0.000001
0 0 0 0
0.095703 0.095215
1.975586 3.451416 -1.84668
0.000978 -1 0.000001
0 0 0 0
0.095703 0.217285
1.987305 3.456299 -1.992432
0.707106 -0.707106 -0.001023
0 0 0 0
0.084473 0.095215
1.987549 3.456299 -1.84668
0.707106 -0.707106 -0.001023
0 0 0 0
0.084473 0.217285
1.992432 3.468262 -1.992432
1 -0.000977 0.000001
0 0 0 0
0.073242 0.095215
1.992432 3.468262 -1.84668
1 -0.000977 0.000001
0 0 0 0
0.073242 0.217285
1.987549 3.480225 -1.992432
0.707106 0.707106 -0.001023
0 0 0 0
0.062012 0.095215
1.987549 3.480225 -1.84668
0.707106 0.707106 -0.001023
0 0 0 0
0.062012 0.217285
1.975586 3.485107 -1.992432
0.000978 1 0.000001
0 0 0 0
0.050781 0.095215
1.975586 3.485107 -1.84668
0.000978 1 0.000001
0 0 0 0
0.050781 0.217285
1.963623 3.480225 -1.992432
-0.707106 0.707106 -0.001023
0 0 0 0
0.039551 0.095215
1.963623 3.480225 -1.84668
-0.707106 0.707106 -0.001023
0 0 0 0
0.039551 0.217285
1.958496 3.468262 -1.992432
-1 0.000978 -0.000001
0 0 0 0
0.028076 0.095215
1.958496 3.468262 -1.84668
-1 0.000978 -0.000001
0 0 0 0
0.028076 0.217285
1.963623 3.025146 -1.992432
-0.707106 -0.707106 0.001023
0 0 0 0
0.126465 0.095215
1.958496 3.037109 -1.84668
-1 0.000978 -0.000001
0 0 0 0
0.137695 0.217285
1.958496 3.037109 -1.992432
-1 0.000978 -0.000001
0 0 0 0
0.137695 0.095215
1.963623 3.025146 -1.84668
-0.707106 -0.707106 0.001023
0 0 0 0
0.126465 0.217285
1.975586 3.02002 -1.84668
-0.000977 -1 -0.000001
0 0 0 0
0.115479 0.217285
1.975586 3.02002 -1.992432
-0.000977 -1 -0.000001
0 0 0 0
0.115479 0.095215
1.987549 3.025146 -1.992432
0.707106 -0.707106 0.001023
0 0 0 0
0.104248 0.095215
1.987549 3.025146 -1.84668
0.707106 -0.707106 0.001023
0 0 0 0
0.104248 0.217285
1.992432 3.037109 -1.992432
1 0.000978 -0.000001
0 0 0 0
0.093262 0.095215
1.992432 3.037109 -1.84668
1 -0.000977 -0.000001
0 0 0 0
0.093262 0.217285
1.987549 3.049072 -1.992432
0.707106 0.707106 0.001023
0 0 0 0
0.082031 0.095215
1.987549 3.049072 -1.84668
0.707106 0.707106 0.001023
0 0 0 0
0.082031 0.217285
1.975586 3.053955 -1.992432
0.000978 1 -0.000001
0 0 0 0
0.071045 0.095215
1.975586 3.053955 -1.84668
0.000978 1 -0.000001
0 0 0 0
0.071045 0.217285
1.963623 3.049072 -1.992432
-0.707106 0.707106 0.001023
0 0 0 0
0.059814 0.095215
1.963623 3.049072 -1.84668
-0.707106 0.707106 0.001023
0 0 0 0
0.059814 0.217285
1.958496 3.037109 -1.992432
-1 0.000978 -0.000001
0 0 0 0
0.048828 0.095215
1.958496 3.037109 -1.84668
-1 0.000978 -0.000001
0 0 0 0
0.048828 0.217285
1.969238 1.952637 -1.596191
0.001382 0.001382 -0.999998
0 0 0 0
0.214355 0.029785
1.969238 2.037354 -1.596191
0.001382 0.001382 -0.999998
0 0 0 0
0.001465 0.029785
1.981689 2.037354 -1.596191
0.001382 0.001382 -0.999998
0 0 0 0
0.001465 0.001465
1.981689 1.952637 -1.596191
0.001382 0.001382 -0.999998
0 0 0 0
0.214355 0.001465
1.981689 1.952637 -1.596191
1 0.000978 -0.000001
0 0 0 0
0.107422 0.092285
1.981689 2.037354 -1.596191
1 0.000978 -0.000001
0 0 0 0
0.001465 0.092285
1.981689 2.037354 -1.546143
1 0.000978 -0.000001
0 0 0 0
0.001465 0.032715
1.981689 1.952637 -1.546143
1 0.000978 -0.000001
0 0 0 0
0.107422 0.032715
1.969238 2.037354 -1.546143
0.001382 0.001382 0.999998
0 0 0 0
0.214355 0.001465
1.981689 1.952637 -1.546143
0.001382 0.001382 0.999998
0 0 0 0
0.001465 0.029785
1.981689 2.037354 -1.546143
0.001382 0.001382 0.999998
0 0 0 0
0.214355 0.029785
1.969238 1.952637 -1.546143
0.001382 0.001382 0.999998
0 0 0 0
0.001465 0.001465
1.969238 1.952637 -1.546143
-1 0.000978 -0.000001
0 0 0 0
0.107422 0.092285
1.969238 2.037354 -1.546143
-1 0.000978 -0.000001
0 0 0 0
0.001465 0.092285
1.969238 2.037354 -1.596191
-1 0.000978 -0.000001
0 0 0 0
0.001465 0.032715
1.969238 1.952637 -1.596191
-1 0.000978 -0.000001
0 0 0 0
0.107422 0.032715
1.969238 1.952637 -1.024902
0.001382 0.001382 -0.999998
0 0 0 0
0.214355 0.029785
1.969238 2.037354 -1.024902
0.001382 0.001382 -0.999998
0 0 0 0
0.001465 0.029785
1.981689 2.037354 -1.024902
0.001382 0.001382 -0.999998
0 0 0 0
0.001465 0.001465
1.981689 1.952637 -1.024902
0.001382 0.001382 -0.999998
0 0 0 0
0.214355 0.001465
1.981689 1.952637 -1.024902
1 0.000978 -0.000001
0 0 0 0
0.107422 0.092285
1.981689 2.037354 -1.024902
1 0.000978 -0.000001
0 0 0 0
0.001465 0.092285
1.981689 2.037354 -0.975098
1 0.000978 -0.000001
0 0 0 0
0.001465 0.032715
1.981689 1.952637 -0.975098
1 0.000978 -0.000001
0 0 0 0
0.107422 0.032715
1.969238 2.037354 -0.975098
0.001382 0.001382 0.999998
0 0 0 0
0.214355 0.001465
1.981689 1.952637 -0.975098
0.001382 0.001382 0.999998
0 0 0 0
0.001465 0.029785
1.981689 2.037354 -0.975098
0.001382 0.001382 0.999998
0 0 0 0
0.214355 0.029785
1.969238 1.952637 -0.975098
0.001382 0.001382 0.999998
0 0 0 0
0.001465 0.001465
1.969238 1.952637 -0.975098
-1 0.000978 -0.000001
0 0 0 0
0.107422 0.092285
1.969238 2.037354 -0.975098
-1 0.000978 -0.000001
0 0 0 0
0.001465 0.092285
1.969238 2.037354 -1.024902
-1 0.000978 -0.000001
0 0 0 0
0.001465 0.032715
1.969238 1.952637 -1.024902
-1 0.000978 -0.000001
0 0 0 0
0.107422 0.032715
1.969238 1.952637 -0.408936
0.001382 0.001382 -0.999998
0 0 0 0
0.214355 0.029785
1.969238 2.037354 -0.408936
0.001382 0.001382 -0.999998
0 0 0 0
0.001465 0.029785
1.981689 2.037354 -0.408936
0.001382 0.001382 -0.999998
0 0 0 0
0.001465 0.001465
1.981689 1.952637 -0.408936
0.001382 0.001382 -0.999998
0 0 0 0
0.214355 0.001465
1.981689 1.952637 -0.408936
1 0.000978 -0.000001
0 0 0 0
0.107422 0.092285
1.981689 2.037354 -0.408936
1 0.000978 -0.000001
0 0 0 0
0.001465 0.092285
1.981689 2.037354 -0.358887
1 0.000978 -0.000001
0 0 0 0
0.001465 0.032715
1.981689 1.952637 -0.358887
1 0.000978 -0.000001
0 0 0 0
0.107422 0.032715
1.969238 2.037354 -0.358887
0.001382 0.001382 0.999998
0 0 0 0
0.214355 0.001465
1.981689 1.952637 -0.358887
0.001382 0.001382 0.999998
0 0 0 0
0.001465 0.029785
1.981689 2.037354 -0.358887
0.001382 0.001382 0.999998
0 0 0 0
0.214355 0.029785
1.969238 1.952637 -0.358887
0.001382 0.001382 0.999998
0 0 0 0
0.001465 0.001465
1.969238 1.952637 -0.358887
-1 0.000978 -0.000001
0 0 0 0
0.107422 0.092285
1.969238 2.037354 -0.358887
-1 0.000978 -0.000001
0 0 0 0
0.001465 0.092285
1.969238 2.037354 -0.408936
-1 0.000978 -0.000001
0 0 0 0
0.001465 0.032715
1.969238 1.952637 -0.408936
-1 0.000978 -0.000001
0 0 0 0
0.107422 0.032715
1.969238 2.037354 1.546143
0.001382 0.001382 -0.999998
0 0 0 0
0.214355 0.029785
1.981689 2.037354 1.546143
0.001382 0.001382 -0.999998
0 0 0 0
0.214355 0.001465
1.981689 1.952637 1.546143
0.001382 0.001382 -0.999998
0 0 0 0
0.001465 0.001465
1.969238 1.952637 1.546143
0.001382 0.001382 -0.999998
0 0 0 0
0.001465 0.029785
1.981689 1.952637 1.596191
1 0.000978 -0.000001
0 0 0 0
0.107422 0.032715
1.981689 1.952637 1.546143
1 0.000978 -0.000001
0 0 0 0
0.107422 0.092285
1.981689 2.037354 1.546143
1 0.000978 -0.000001
0 0 0 0
0.001465 0.092285
1.981689 2.037354 1.596191
1 0.000978 -0.000001
0 0 0 0
0.001465 0.032715
1.969238 1.952637 1.596191
0.001382 0.001382 0.999998
0 0 0 0
0.214355 0.001465
1.981689 1.952637 1.596191
0.001382 0.001382 0.999998
0 0 0 0
0.214355 0.029785
1.981689 2.037354 1.596191
0.001382 0.001382 0.999998
0 0 0 0
0.001465 0.029785
1.969238 2.037354 1.596191
0.001382 0.001382 0.999998
0 0 0 0
0.001465 0.001465
1.969238 1.952637 1.546143
-1 0.000978 -0.000001
0 0 0 0
0.107422 0.032715
1.969238 1.952637 1.596191
-1 0.000978 -0.000001
0 0 0 0
0.107422 0.092285
1.969238 2.037354 1.596191
-1 0.000978 -0.000001
0 0 0 0
0.001465 0.092285
1.969238 2.037354 1.546143
-1 0.000978 -0.000001
0 0 0 0
0.001465 0.032715
1.969238 2.037354 0.975098
0.001382 0.001382 -0.999998
0 0 0 0
0.214355 0.029785
1.981689 2.037354 0.975098
0.001382 0.001382 -0.999998
0 0 0 0
0.214355 0.001465
1.981689 1.952637 0.975098
0.001382 0.001382 -0.999998
0 0 0 0
0.001465 0.001465
1.969238 1.952637 0.975098
0.001382 0.001382 -0.999998
0 0 0 0
0.001465 0.029785
1.981689 1.952637 1.024902
1 0.000978 -0.000001
0 0 0 0
0.107422 0.032715
1.981689 1.952637 0.975098
1 0.000978 -0.000001
0 0 0 0
0.107422 0.092285
1.981689 2.037354 0.975098
1 0.000978 -0.000001
0 0 0 0
0.001465 0.092285
1.981689 2.037354 1.024902
1 0.000978 -0.000001
0 0 0 0
0.001465 0.032715
1.969238 1.952637 1.024902
0.001382 0.001382 0.999998
0 0 0 0
0.214355 0.001465
1.981689 1.952637 1.024902
0.001382 0.001382 0.999998
0 0 0 0
0.214355 0.029785
1.981689 2.037354 1.024902
0.001382 0.001382 0.999998
0 0 0 0
0.001465 0.029785
1.969238 2.037354 1.024902
0.001382 0.001382 0.999998
0 0 0 0
0.001465 0.001465
1.969238 1.952637 0.975098
-1 0.000978 -0.000001
0 0 0 0
0.107422 0.032715
1.969238 1.952637 1.024902
-1 0.000978 -0.000001
0 0 0 0
0.107422 0.092285
1.969238 2.037354 1.024902
-1 0.000978 -0.000001
0 0 0 0
0.001465 0.092285
1.969238 2.037354 0.975098
-1 0.000978 -0.000001
0 0 0 0
0.001465 0.032715
1.981689 0.084717 -0.408936
0.001382 0.001382 -0.999998
0 0 0 0
0.214355 0.001465
1.981689 0 -0.408936
0.001382 0.001382 -0.999998
0 0 0 0
0.001465 0.001465
1.969238 0 -0.408936
0.001382 0.001382 -0.999998
0 0 0 0
0.001465 0.029785
1.969238 0.084717 -0.408936
0.001382 0.001382 -0.999998
0 0 0 0
0.214355 0.029785
1.981689 0 -0.408936
0.000978 -1 -0.000001
0 0 0 0
0.126953 0.001465
1.969238 0 -0.358887
0.000978 -1 -0.000001
0 0 0 0
0.001465 0.029785
1.969238 0 -0.408936
0.000978 -1 -0.000001
0 0 0 0
0.126953 0.029785
1.981689 0 -0.358887
0.000978 -1 -0.000001
0 0 0 0
0.001465 0.001465
1.969238 0.084717 -0.408936
-1 0.000978 -0.000001
0 0 0 0
0.107422 0.032715
1.969238 0 -0.408936
-1 0.000978 -0.000001
0 0 0 0
0.001465 0.032715
1.969238 0 -0.358887
-1 0.000978 -0.000001
0 0 0 0
0.001465 0.092285
1.969238 0.084717 -0.358887
-1 0.000978 -0.000001
0 0 0 0
0.107422 0.092285
1.981689 0 -0.358887
0.001382 0.001382 0.999998
0 0 0 0
0.214355 0.029785
1.969238 0.084717 -0.358887
0.001382 0.001382 0.999998
0 0 0 0
0.001465 0.001465
1.969238 0 -0.358887
0.001382 0.001382 0.999998
0 0 0 0
0.214355 0.001465
1.981689 0.084717 -0.358887
0.001382 0.001382 0.999998
0 0 0 0
0.001465 0.029785
1.981689 0.084717 -0.358887
1 0.000978 -0.000001
0 0 0 0
0.107422 0.032715
1.981689 0 -0.358887
1 0.000978 -0.000001
0 0 0 0
0.001465 0.032715
1.981689 0 -0.408936
1 0.000978 -0.000001
0 0 0 0
0.001465 0.092285
1.981689 0.084717 -0.408936
1 0.000978 -0.000001
0 0 0 0
0.107422 0.092285
1.981689 0.084717 -1.024902
0.001382 0.001382 -0.999998
0 0 0 0
0.214355 0.001465
1.981689 0 -1.024902
0.001382 0.001382 -0.999998
0 0 0 0
0.001465 0.001465
1.969238 0 -1.024902
0.001382 0.001382 -0.999998
0 0 0 0
0.001465 0.029785
1.969238 0.084717 -1.024902
0.001382 0.001382 -0.999998
0 0 0 0
0.214355 0.029785
1.981689 0 -1.024902
0.000978 -1 -0.000001
0 0 0 0
0.126953 0.001465
1.969238 0 -0.975098
0.000978 -1 -0.000001
0 0 0 0
0.001465 0.029785
1.969238 0 -1.024902
0.000978 -1 -0.000001
0 0 0 0
0.126953 0.029785
1.981689 0 -0.975098
0.000978 -1 -0.000001
0 0 0 0
0.001465 0.001465
1.969238 0.084717 -1.024902
-1 0.000978 -0.000001
0 0 0 0
0.107422 0.032715
1.969238 0 -1.024902
-1 0.000978 -0.000001
0 0 0 0
0.001465 0.032715
1.969238 0 -0.975098
-1 0.000978 -0.000001
0 0 0 0
0.001465 0.092285
1.969238 0.084717 -0.975098
-1 0.000978 -0.000001
0 0 0 0
0.107422 0.092285
1.981689 0 -0.975098
0.001382 0.001382 0.999998
0 0 0 0
0.214355 0.029785
1.969238 0.084717 -0.975098
0.001382 0.001382 0.999998
0 0 0 0
0.001465 0.001465
1.969238 0 -0.975098
0.001382 0.001382 0.999998
0 0 0 0
0.214355 0.001465
1.981689 0.084717 -0.975098
0.001382 0.001382 0.999998
0 0 0 0
0.001465 0.029785
1.981689 0.084717 -0.975098
1 0.000978 -0.000001
0 0 0 0
0.107422 0.032715
1.981689 0 -0.975098
1 0.000978 -0.000001
0 0 0 0
0.001465 0.032715
1.981689 0 -1.024902
1 0.000978 -0.000001
0 0 0 0
0.001465 0.092285
1.981689 0.084717 -1.024902
1 0.000978 -0.000001
0 0 0 0
0.107422 0.092285
1.981689 0.084717 -1.596191
0.001382 0.001382 -0.999998
0 0 0 0
0.214355 0.001465
1.981689 0 -1.596191
0.001382 0.001382 -0.999998
0 0 0 0
0.001465 0.001465
1.969238 0 -1.596191
0.001382 0.001382 -0.999998
0 0 0 0
0.001465 0.029785
1.969238 0.084717 -1.596191
0.001382 0.001382 -0.999998
0 0 0 0
0.214355 0.029785
1.981689 0 -1.596191
0.000978 -1 -0.000001
0 0 0 0
0.126953 0.001465
1.969238 0 -1.546143
0.000978 -1 -0.000001
0 0 0 0
0.001465 0.029785
1.969238 0 -1.596191
0.000978 -1 -0.000001
0 0 0 0
0.126953 0.029785
1.981689 0 -1.546143
0.000978 -1 -0.000001
0 0 0 0
0.001465 0.001465
1.969238 0.084717 -1.596191
-1 0.000978 -0.000001
0 0 0 0
0.107422 0.032715
1.969238 0 -1.596191
-1 0.000978 -0.000001
0 0 0 0
0.001465 0.032715
1.969238 0 -1.546143
-1 0.000978 -0.000001
0 0 0 0
0.001465 0.092285
1.969238 0.084717 -1.546143
-1 0.000978 -0.000001
0 0 0 0
0.107422 0.092285
1.981689 0 -1.546143
0.001382 0.001382 0.999998
0 0 0 0
0.214355 0.029785
1.969238 0.084717 -1.546143
0.001382 0.001382 0.999998
0 0 0 0
0.001465 0.001465
1.969238 0 -1.546143
0.001382 0.001382 0.999998
0 0 0 0
0.214355 0.001465
1.981689 0.084717 -1.546143
0.001382 0.001382 0.999998
0 0 0 0
0.001465 0.029785
1.981689 0.084717 -1.546143
1 0.000978 -0.000001
0 0 0 0
0.107422 0.032715
1.981689 0 -1.546143
1 0.000978 -0.000001
0 0 0 0
0.001465 0.032715
1.981689 0 -1.596191
1 0.000978 -0.000001
0 0 0 0
0.001465 0.092285
1.981689 0.084717 -1.596191
1 0.000978 -0.000001
0 0 0 0
0.107422 0.092285
1.981689 0 0.358887
0.001382 0.001382 -0.999998
0 0 0 0
0.214355 0.001465
1.969238 0 0.358887
0.001382 0.001382 -0.999998
0 0 0 0
0.214355 0.029785
1.969238 0.084717 0.358887
0.001382 0.001382 -0.999998
0 0 0 0
0.001465 0.029785
1.981689 0.084717 0.358887
0.001382 0.001382 -0.999998
0 0 0 0
0.001465 0.001465
1.969238 0.084717 0.408936
-1 0.000978 -0.000001
0 0 0 0
0.107422 0.092285
1.969238 0.084717 0.358887
-1 0.000978 -0.000001
0 0 0 0
0.107422 0.032715
1.969238 0 0.358887
-1 0.000978 -0.000001
0 0 0 0
0.001465 0.032715
1.969238 0 0.408936
-1 0.000978 -0.000001
0 0 0 0
0.001465 0.092285
1.981689 0.084717 0.408936
0.001382 0.001382 0.999998
0 0 0 0
0.214355 0.029785
1.969238 0.084717 0.408936
0.001382 0.001382 0.999998
0 0 0 0
0.214355 0.001465
1.969238 0 0.408936
0.001382 0.001382 0.999998
0 0 0 0
0.001465 0.001465
1.981689 0 0.408936
0.001382 0.001382 0.999998
0 0 0 0
0.001465 0.029785
1.981689 0 0.408936
0.000978 -1 -0.000001
0 0 0 0
0.126953 0.029785
1.969238 0 0.408936
0.000978 -1 -0.000001
0 0 0 0
0.126953 0.001465
1.969238 0 0.358887
0.000978 -1 -0.000001
0 0 0 0
0.001465 0.001465
1.981689 0 0.358887
0.000978 -1 -0.000001
0 0 0 0
0.001465 0.029785
1.981689 0.084717 0.358887
1 0.000978 -0.000001
0 0 0 0
0.107422 0.092285
1.981689 0.084717 0.408936
1 0.000978 -0.000001
0 0 0 0
0.107422 0.032715
1.981689 0 0.408936
1 0.000978 -0.000001
0 0 0 0
0.001465 0.032715
1.981689 0 0.358887
1 0.000978 -0.000001
0 0 0 0
0.001465 0.092285
1.981689 0 0.975098
0.001382 0.001382 -0.999998
0 0 0 0
0.214355 0.001465
1.969238 0 0.975098
0.001382 0.001382 -0.999998
0 0 0 0
0.214355 0.029785
1.969238 0.084717 0.975098
0.001382 0.001382 -0.999998
0 0 0 0
0.001465 0.029785
1.981689 0.084717 0.975098
0.001382 0.001382 -0.999998
0 0 0 0
0.001465 0.001465
1.969238 0.084717 1.024902
-1 0.000978 -0.000001
0 0 0 0
0.107422 0.092285
1.969238 0.084717 0.975098
-1 0.000978 -0.000001
0 0 0 0
0.107422 0.032715
1.969238 0 0.975098
-1 0.000978 -0.000001
0 0 0 0
0.001465 0.032715
1.969238 0 1.024902
-1 0.000978 -0.000001
0 0 0 0
0.001465 0.092285
1.981689 0.084717 1.024902
0.001382 0.001382 0.999998
0 0 0 0
0.214355 0.029785
1.969238 0.084717 1.024902
0.001382 0.001382 0.999998
0 0 0 0
0.214355 0.001465
1.969238 0 1.024902
0.001382 0.001382 0.999998
0 0 0 0
0.001465 0.001465
1.981689 0 1.024902
0.001382 0.001382 0.999998
0 0 0 0
0.001465 0.029785
1.981689 0 1.024902
0.000978 -1 -0.000001
0 0 0 0
0.126953 0.029785
1.969238 0 1.024902
0.000978 -1 -0.000001
0 0 0 0
0.126953 0.001465
1.969238 0 0.975098
0.000978 -1 -0.000001
0 0 0 0
0.001465 0.001465
1.981689 0 0.975098
0.000978 -1 -0.000001
0 0 0 0
0.001465 0.029785
1.981689 0.084717 0.975098
1 0.000978 -0.000001
0 0 0 0
0.107422 0.092285
1.981689 0.084717 1.024902
1 0.000978 -0.000001
0 0 0 0
0.107422 0.032715
1.981689 0 1.024902
1 0.000978 -0.000001
0 0 0 0
0.001465 0.032715
1.981689 0 0.975098
1 0.000978 -0.000001
0 0 0 0
0.001465 0.092285
1.981689 0 1.546143
0.001382 0.001382 -0.999998
0 0 0 0
0.214355 0.001465
1.969238 0 1.546143
0.001382 0.001382 -0.999998
0 0 0 0
0.214355 0.029785
1.969238 0.084717 1.546143
0.001382 0.001382 -0.999998
0 0 0 0
0.001465 0.029785
1.981689 0.084717 1.546143
0.001382 0.001382 -0.999998
0 0 0 0
0.001465 0.001465
1.969238 0.084717 1.596191
-1 0.000978 -0.000001
0 0 0 0
0.107422 0.092285
1.969238 0.084717 1.546143
-1 0.000978 -0.000001
0 0 0 0
0.107422 0.032715
1.969238 0 1.546143
-1 0.000978 -0.000001
0 0 0 0
0.001465 0.032715
1.969238 0 1.596191
-1 0.000978 -0.000001
0 0 0 0
0.001465 0.092285
1.981689 0.084717 1.596191
0.001382 0.001382 0.999998
0 0 0 0
0.214355 0.029785
1.969238 0.084717 1.596191
0.001382 0.001382 0.999998
0 0 0 0
0.214355 0.001465
1.969238 0 1.596191
0.001382 0.001382 0.999998
0 0 0 0
0.001465 0.001465
1.981689 0 1.596191
0.001382 0.001382 0.999998
0 0 0 0
0.001465 0.029785
1.981689 0 1.596191
0.000978 -1 -0.000001
0 0 0 0
0.126953 0.029785
1.969238 0 1.596191
0.000978 -1 -0.000001
0 0 0 0
0.126953 0.001465
1.969238 0 1.546143
0.000978 -1 -0.000001
0 0 0 0
0.001465 0.001465
1.981689 0 1.546143
0.000978 -1 -0.000001
0 0 0 0
0.001465 0.029785
1.981689 0.084717 1.546143
1 0.000978 -0.000001
0 0 0 0
0.107422 0.092285
1.981689 0.084717 1.596191
1 0.000978 -0.000001
0 0 0 0
0.107422 0.032715
1.981689 0 1.596191
1 0.000978 -0.000001
0 0 0 0
0.001465 0.032715
1.981689 0 1.546143
1 0.000978 -0.000001
0 0 0 0
0.001465 0.092285
1.981689 3.915283 0.408936
0.001382 0.001382 0.999998
0 0 0 0
0.214355 0.001465
1.981689 4 0.408936
0.001382 0.001382 0.999998
0 0 0 0
0.001465 0.001465
1.969238 4 0.408936
0.001382 0.001382 0.999998
0 0 0 0
0.001465 0.029785
1.969238 3.915283 0.408936
0.001382 0.001382 0.999998
0 0 0 0
0.214355 0.029785
1.981689 4 0.408936
0.000978 1 -0.000001
0 0 0 0
0.126953 0.001465
1.969238 4 0.358887
0.000978 1 -0.000001
0 0 0 0
0.001465 0.029785
1.969238 4 0.408936
0.000978 1 -0.000001
0 0 0 0
0.126953 0.029785
1.981689 4 0.358887
0.000978 1 -0.000001
0 0 0 0
0.001465 0.001465
1.969238 3.915283 0.408936
-1 0.000978 -0.000001
0 0 0 0
0.107422 0.032715
1.969238 4 0.408936
-1 0.000978 -0.000001
0 0 0 0
0.001465 0.032715
1.969238 4 0.358887
-1 0.000978 -0.000001
0 0 0 0
0.001465 0.092285
1.969238 3.915283 0.358887
-1 0.000978 -0.000001
0 0 0 0
0.107422 0.092285
1.981689 4 0.358887
0.001382 0.001382 -0.999998
0 0 0 0
0.214355 0.029785
1.969238 3.915283 0.358887
0.001382 0.001382 -0.999998
0 0 0 0
0.001465 0.001465
1.969238 4 0.358887
0.001382 0.001382 -0.999998
0 0 0 0
0.214355 0.001465
1.981689 3.915283 0.358887
0.001382 0.001382 -0.999998
0 0 0 0
0.001465 0.029785
1.981689 3.915283 0.358887
1 0.000978 -0.000001
0 0 0 0
0.107422 0.032715
1.981689 4 0.358887
1 0.000978 -0.000001
0 0 0 0
0.001465 0.032715
1.981689 4 0.408936
1 0.000978 -0.000001
0 0 0 0
0.001465 0.092285
1.981689 3.915283 0.408936
1 0.000978 -0.000001
0 0 0 0
0.107422 0.092285
1.981689 3.915283 1.024902
0.001382 0.001382 0.999998
0 0 0 0
0.214355 0.001465
1.981689 4 1.024902
0.001382 0.001382 0.999998
0 0 0 0
0.001465 0.001465
1.969238 4 1.024902
0.001382 0.001382 0.999998
0 0 0 0
0.001465 0.029785
1.969238 3.915283 1.024902
0.001382 0.001382 0.999998
0 0 0 0
0.214355 0.029785
1.981689 4 1.024902
0.000978 1 -0.000001
0 0 0 0
0.126953 0.001465
1.969238 4 0.975098
0.000978 1 -0.000001
0 0 0 0
0.001465 0.029785
1.969238 4 1.024902
0.000978 1 -0.000001
0 0 0 0
0.126953 0.029785
1.981689 4 0.975098
0.000978 1 -0.000001
0 0 0 0
0.001465 0.001465
1.969238 3.915283 1.024902
-1 0.000978 -0.000001
0 0 0 0
0.107422 0.032715
1.969238 4 1.024902
-1 0.000978 -0.000001
0 0 0 0
0.001465 0.032715
1.969238 4 0.975098
-1 0.000978 -0.000001
0 0 0 0
0.001465 0.092285
1.969238 3.915283 0.975098
-1 0.000978 -0.000001
0 0 0 0
0.107422 0.092285
1.981689 4 0.975098
0.001382 0.001382 -0.999998
0 0 0 0
0.214355 0.029785
1.969238 3.915283 0.975098
0.001382 0.001382 -0.999998
0 0 0 0
0.001465 0.001465
1.969238 4 0.975098
0.001382 0.001382 -0.999998
0 0 0 0
0.214355 0.001465
1.981689 3.915283 0.975098
0.001382 0.001382 -0.999998
0 0 0 0
0.001465 0.029785
1.981689 3.915283 0.975098
1 0.000978 -0.000001
0 0 0 0
0.107422 0.032715
1.981689 4 0.975098
1 0.000978 -0.000001
0 0 0 0
0.001465 0.032715
1.981689 4 1.024902
1 0.000978 -0.000001
0 0 0 0
0.001465 0.092285
1.981689 3.915283 1.024902
1 0.000978 -0.000001
0 0 0 0
0.107422 0.092285
1.981689 3.915283 1.596191
0.001382 0.001382 0.999998
0 0 0 0
0.214355 0.001465
1.981689 4 1.596191
0.001382 0.001382 0.999998
0 0 0 0
0.001465 0.001465
1.969238 4 1.596191
0.001382 0.001382 0.999998
0 0 0 0
0.001465 0.029785
1.969238 3.915283 1.596191
0.001382 0.001382 0.999998
0 0 0 0
0.214355 0.029785
1.981689 4 1.596191
0.000978 1 -0.000001
0 0 0 0
0.126953 0.001465
1.969238 4 1.546143
0.000978 1 -0.000001
0 0 0 0
0.001465 0.029785
1.969238 4 1.596191
0.000978 1 -0.000001
0 0 0 0
0.126953 0.029785
1.981689 4 1.546143
0.000978 1 -0.000001
0 0 0 0
0.001465 0.001465
1.969238 3.915283 1.596191
-1 0.000978 -0.000001
0 0 0 0
0.107422 0.032715
1.969238 4 1.596191
-1 0.000978 -0.000001
0 0 0 0
0.001465 0.032715
1.969238 4 1.546143
-1 0.000978 -0.000001
0 0 0 0
0.001465 0.092285
1.969238 3.915283 1.546143
-1 0.000978 -0.000001
0 0 0 0
0.107422 0.092285
1.981689 4 1.546143
0.001382 0.001382 -0.999998
0 0 0 0
0.214355 0.029785
1.969238 3.915283 1.546143
0.001382 0.001382 -0.999998
0 0 0 0
0.001465 0.001465
1.969238 4 1.546143
0.001382 0.001382 -0.999998
0 0 0 0
0.214355 0.001465
1.981689 3.915283 1.546143
0.001382 0.001382 -0.999998
0 0 0 0
0.001465 0.029785
1.981689 3.915283 1.546143
1 0.000978 -0.000001
0 0 0 0
0.107422 0.032715
1.981689 4 1.546143
1 0.000978 -0.000001
0 0 0 0
0.001465 0.032715
1.981689 4 1.596191
1 0.000978 -0.000001
0 0 0 0
0.001465 0.092285
1.981689 3.915283 1.596191
1 0.000978 -0.000001
0 0 0 0
0.107422 0.092285
1.981689 4 -0.358887
0.001382 0.001382 0.999998
0 0 0 0
0.214355 0.001465
1.969238 4 -0.358887
0.001382 0.001382 0.999998
0 0 0 0
0.214355 0.029785
1.969238 3.915283 -0.358887
0.001382 0.001382 0.999998
0 0 0 0
0.001465 0.029785
1.981689 3.915283 -0.358887
0.001382 0.001382 0.999998
0 0 0 0
0.001465 0.001465
1.969238 3.915283 -0.408936
-1 0.000978 -0.000001
0 0 0 0
0.107422 0.092285
1.969238 3.915283 -0.358887
-1 0.000978 -0.000001
0 0 0 0
0.107422 0.032715
1.969238 4 -0.358887
-1 0.000978 -0.000001
0 0 0 0
0.001465 0.032715
1.969238 4 -0.408936
-1 0.000978 -0.000001
0 0 0 0
0.001465 0.092285
1.981689 3.915283 -0.408936
0.001382 0.001382 -0.999998
0 0 0 0
0.214355 0.029785
1.969238 3.915283 -0.408936
0.001382 0.001382 -0.999998
0 0 0 0
0.214355 0.001465
1.969238 4 -0.408936
0.001382 0.001382 -0.999998
0 0 0 0
0.001465 0.001465
1.981689 4 -0.408936
0.001382 0.001382 -0.999998
0 0 0 0
0.001465 0.029785
1.981689 4 -0.408936
0.000978 1 -0.000001
0 0 0 0
0.126953 0.029785
1.969238 4 -0.408936
0.000978 1 -0.000001
0 0 0 0
0.126953 0.001465
1.969238 4 -0.358887
0.000978 1 -0.000001
0 0 0 0
0.001465 0.001465
1.981689 4 -0.358887
0.000978 1 -0.000001
0 0 0 0
0.001465 0.029785
1.981689 3.915283 -0.358887
1 0.000978 -0.000001
0 0 0 0
0.107422 0.092285
1.981689 3.915283 -0.408936
1 0.000978 -0.000001
0 0 0 0
0.107422 0.032715
1.981689 4 -0.408936
1 0.000978 -0.000001
0 0 0 0
0.001465 0.032715
1.981689 4 -0.358887
1 0.000978 -0.000001
0 0 0 0
0.001465 0.092285
1.981689 4 -0.975098
0.001382 0.001382 0.999998
0 0 0 0
0.214355 0.001465
1.969238 4 -0.975098
0.001382 0.001382 0.999998
0 0 0 0
0.214355 0.029785
1.969238 3.915283 -0.975098
0.001382 0.001382 0.999998
0 0 0 0
0.001465 0.029785
1.981689 3.915283 -0.975098
0.001382 0.001382 0.999998
0 0 0 0
0.001465 0.001465
1.969238 3.915283 -1.024902
-1 0.000978 -0.000001
0 0 0 0
0.107422 0.092285
1.969238 3.915283 -0.975098
-1 0.000978 -0.000001
0 0 0 0
0.107422 0.032715
1.969238 4 -0.975098
-1 0.000978 -0.000001
0 0 0 0
0.001465 0.032715
1.969238 4 -1.024902
-1 0.000978 -0.000001
0 0 0 0
0.001465 0.092285
1.981689 3.915283 -1.024902
0.001382 0.001382 -0.999998
0 0 0 0
0.214355 0.029785
1.969238 3.915283 -1.024902
0.001382 0.001382 -0.999998
0 0 0 0
0.214355 0.001465
1.969238 4 -1.024902
0.001382 0.001382 -0.999998
0 0 0 0
0.001465 0.001465
1.981689 4 -1.024902
0.001382 0.001382 -0.999998
0 0 0 0
0.001465 0.029785
1.981689 4 -1.024902
0.000978 1 -0.000001
0 0 0 0
0.126953 0.029785
1.969238 4 -1.024902
0.000978 1 -0.000001
0 0 0 0
0.126953 0.001465
1.969238 4 -0.975098
0.000978 1 -0.000001
0 0 0 0
0.001465 0.001465
1.981689 4 -0.975098
0.000978 1 -0.000001
0 0 0 0
0.001465 0.029785
1.981689 3.915283 -0.975098
1 0.000978 -0.000001
0 0 0 0
0.107422 0.092285
1.981689 3.915283 -1.024902
1 0.000978 -0.000001
0 0 0 0
0.107422 0.032715
1.981689 4 -1.024902
1 0.000978 -0.000001
0 0 0 0
0.001465 0.032715
1.981689 4 -0.975098
1 0.000978 -0.000001
0 0 0 0
0.001465 0.092285
1.981689 4 -1.546143
0.001382 0.001382 0.999998
0 0 0 0
0.214355 0.001465
1.969238 4 -1.546143
0.001382 0.001382 0.999998
0 0 0 0
0.214355 0.029785
1.969238 3.915283 -1.546143
0.001382 0.001382 0.999998
0 0 0 0
0.001465 0.029785
1.981689 3.915283 -1.546143
0.001382 0.001382 0.999998
0 0 0 0
0.001465 0.001465
1.969238 3.915283 -1.596191
-1 0.000978 -0.000001
0 0 0 0
0.107422 0.092285
1.969238 3.915283 -1.546143
-1 0.000978 -0.000001
0 0 0 0
0.107422 0.032715
1.969238 4 -1.546143
-1 0.000978 -0.000001
0 0 0 0
0.001465 0.032715
1.969238 4 -1.596191
-1 0.000978 -0.000001
0 0 0 0
0.001465 0.092285
1.981689 3.915283 -1.596191
0.001382 0.001382 -0.999998
0 0 0 0
0.214355 0.029785
1.969238 3.915283 -1.596191
0.001382 0.001382 -0.999998
0 0 0 0
0.214355 0.001465
1.969238 4 -1.596191
0.001382 0.001382 -0.999998
0 0 0 0
0.001465 0.001465
1.981689 4 -1.596191
0.001382 0.001382 -0.999998
0 0 0 0
0.001465 0.029785
1.981689 4 -1.596191
0.000978 1 -0.000001
0 0 0 0
0.126953 0.029785
1.969238 4 -1.596191
0.000978 1 -0.000001
0 0 0 0
0.126953 0.001465
1.969238 4 -1.546143
0.000978 1 -0.000001
0 0 0 0
0.001465 0.001465
1.981689 4 -1.546143
0.000978 1 -0.000001
0 0 0 0
0.001465 0.029785
1.981689 3.915283 -1.546143
1 0.000978 -0.000001
0 0 0 0
0.107422 0.092285
1.981689 3.915283 -1.596191
1 0.000978 -0.000001
0 0 0 0
0.107422 0.032715
1.981689 4 -1.596191
1 0.000978 -0.000001
0 0 0 0
0.001465 0.032715
1.981689 4 -1.546143
1 0.000978 -0.000001
0 0 0 0
0.001465 0.092285
-1.969238 2.037354 -0.358887
0.001382 0.001382 0.999998
0 0 0 0
0.214355 0.029785
-1.981689 2.037354 -0.358887
0.001382 0.001382 0.999998
0 0 0 0
0.214355 0.001465
-1.981689 1.952637 -0.358887
0.001382 0.001382 0.999998
0 0 0 0
0.001465 0.001465
-1.969238 1.952637 -0.358887
0.001382 0.001382 0.999998
0 0 0 0
0.001465 0.029785
-1.981689 1.952637 -0.408936
-1 0.000978 -0.000001
0 0 0 0
0.107422 0.032715
-1.981689 1.952637 -0.358887
-1 0.000978 -0.000001
0 0 0 0
0.107422 0.092285
-1.981689 2.037354 -0.358887
-1 0.000978 -0.000001
0 0 0 0
0.001465 0.092285
-1.981689 2.037354 -0.408936
-1 0.000978 -0.000001
0 0 0 0
0.001465 0.032715
-1.969238 1.952637 -0.408936
0.001382 0.001382 -0.999998
0 0 0 0
0.214355 0.001465
-1.981689 1.952637 -0.408936
0.001382 0.001382 -0.999998
0 0 0 0
0.214355 0.029785
-1.981689 2.037354 -0.408936
0.001382 0.001382 -0.999998
0 0 0 0
0.001465 0.029785
-1.969238 2.037354 -0.408936
0.001382 0.001382 -0.999998
0 0 0 0
0.001465 0.001465
-1.969238 1.952637 -0.358887
1 0.000978 -0.000001
0 0 0 0
0.107422 0.032715
-1.969238 1.952637 -0.408936
1 0.000978 -0.000001
0 0 0 0
0.107422 0.092285
-1.969238 2.037354 -0.408936
1 0.000978 -0.000001
0 0 0 0
0.001465 0.092285
-1.969238 2.037354 -0.358887
1 0.000978 -0.000001
0 0 0 0
0.001465 0.032715
-1.969238 2.037354 -0.975098
0.001382 0.001382 0.999998
0 0 0 0
0.214355 0.029785
-1.981689 2.037354 -0.975098
0.001382 0.001382 0.999998
0 0 0 0
0.214355 0.001465
-1.981689 1.952637 -0.975098
0.001382 0.001382 0.999998
0 0 0 0
0.001465 0.001465
-1.969238 1.952637 -0.975098
0.001382 0.001382 0.999998
0 0 0 0
0.001465 0.029785
-1.981689 1.952637 -1.024902
-1 0.000978 -0.000001
0 0 0 0
0.107422 0.032715
-1.981689 1.952637 -0.975098
-1 0.000978 -0.000001
0 0 0 0
0.107422 0.092285
-1.981689 2.037354 -0.975098
-1 0.000978 -0.000001
0 0 0 0
0.001465 0.092285
-1.981689 2.037354 -1.024902
-1 0.000978 -0.000001
0 0 0 0
0.001465 0.032715
-1.969238 1.952637 -1.024902
0.001382 0.001382 -0.999998
0 0 0 0
0.214355 0.001465
-1.981689 1.952637 -1.024902
0.001382 0.001382 -0.999998
0 0 0 0
0.214355 0.029785
-1.981689 2.037354 -1.024902
0.001382 0.001382 -0.999998
0 0 0 0
0.001465 0.029785
-1.969238 2.037354 -1.024902
0.001382 0.001382 -0.999998
0 0 0 0
0.001465 0.001465
-1.969238 1.952637 -0.975098
1 0.000978 -0.000001
0 0 0 0
0.107422 0.032715
-1.969238 1.952637 -1.024902
1 0.000978 -0.000001
0 0 0 0
0.107422 0.092285
-1.969238 2.037354 -1.024902
1 0.000978 -0.000001
0 0 0 0
0.001465 0.092285
-1.969238 2.037354 -0.975098
1 0.000978 -0.000001
0 0 0 0
0.001465 0.032715
-1.969238 2.037354 -1.546143
0.001382 0.001382 0.999998
0 0 0 0
0.214355 0.029785
-1.981689 2.037354 -1.546143
0.001382 0.001382 0.999998
0 0 0 0
0.214355 0.001465
-1.981689 1.952637 -1.546143
0.001382 0.001382 0.999998
0 0 0 0
0.001465 0.001465
-1.969238 1.952637 -1.546143
0.001382 0.001382 0.999998
0 0 0 0
0.001465 0.029785
-1.981689 1.952637 -1.596191
-1 0.000978 -0.000001
0 0 0 0
0.107422 0.032715
-1.981689 1.952637 -1.546143
-1 0.000978 -0.000001
0 0 0 0
0.107422 0.092285
-1.981689 2.037354 -1.546143
-1 0.000978 -0.000001
0 0 0 0
0.001465 0.092285
-1.981689 2.037354 -1.596191
-1 0.000978 -0.000001
0 0 0 0
0.001465 0.032715
-1.969238 1.952637 -1.596191
0.001382 0.001382 -0.999998
0 0 0 0
0.214355 0.001465
-1.981689 1.952637 -1.596191
0.001382 0.001382 -0.999998
0 0 0 0
0.214355 0.029785
-1.981689 2.037354 -1.596191
0.001382 0.001382 -0.999998
0 0 0 0
0.001465 0.029785
-1.969238 2.037354 -1.596191
0.001382 0.001382 -0.999998
0 0 0 0
0.001465 0.001465
-1.969238 1.952637 -1.546143
1 0.000978 -0.000001
0 0 0 0
0.107422 0.032715
-1.969238 1.952637 -1.596191
1 0.000978 -0.000001
0 0 0 0
0.107422 0.092285
-1.969238 2.037354 -1.596191
1 0.000978 -0.000001
0 0 0 0
0.001465 0.092285
-1.969238 2.037354 -1.546143
1 0.000978 -0.000001
0 0 0 0
0.001465 0.032715
-1.969238 1.952637 0.408936
0.001382 0.001382 0.999998
0 0 0 0
0.214355 0.029785
-1.969238 2.037354 0.408936
0.001382 0.001382 0.999998
0 0 0 0
0.001465 0.029785
-1.981689 2.037354 0.408936
0.001382 0.001382 0.999998
0 0 0 0
0.001465 0.001465
-1.981689 1.952637 0.408936
0.001382 0.001382 0.999998
0 0 0 0
0.214355 0.001465
-1.981689 1.952637 0.408936
-1 0.000978 -0.000001
0 0 0 0
0.107422 0.092285
-1.981689 2.037354 0.408936
-1 0.000978 -0.000001
0 0 0 0
0.001465 0.092285
-1.981689 2.037354 0.358887
-1 0.000978 -0.000001
0 0 0 0
0.001465 0.032715
-1.981689 1.952637 0.358887
-1 0.000978 -0.000001
0 0 0 0
0.107422 0.032715
-1.969238 2.037354 0.358887
0.001382 0.001382 -0.999998
0 0 0 0
0.214355 0.001465
-1.981689 1.952637 0.358887
0.001382 0.001382 -0.999998
0 0 0 0
0.001465 0.029785
-1.981689 2.037354 0.358887
0.001382 0.001382 -0.999998
0 0 0 0
0.214355 0.029785
-1.969238 1.952637 0.358887
0.001382 0.001382 -0.999998
0 0 0 0
0.001465 0.001465
-1.969238 1.952637 0.358887
1 0.000978 -0.000001
0 0 0 0
0.107422 0.092285
-1.969238 2.037354 0.358887
1 0.000978 -0.000001
0 0 0 0
0.001465 0.092285
-1.969238 2.037354 0.408936
1 0.000978 -0.000001
0 0 0 0
0.001465 0.032715
-1.969238 1.952637 0.408936
1 0.000978 -0.000001
0 0 0 0
0.107422 0.032715
0.019287 1.008545 2.0271
0.001382 0.001382 -0.999998
0 0 0 0
0.977783 0.001465
0.030029 0.989014 2.0271
-0.001382 -0.001382 -0.999998
0 0 0 0
0.97998 0.029785
-1.974854 0.078613 2.02124
0.001382 0.001382 -0.999998
0 0 0 0
0.001465 0.029785
-1.985596 0.098145 2.02124
0.001382 0.001382 -0.999998
0 0 0 0
0.001465 0.001465
0.019287 1.008545 2.0271
-0.425561 0.904928 0.001604
0 0 0 0
0.987793 0.029785
-1.985596 0.098145 2.02124
-0.413655 0.910433 0.000802
0 0 0 0
0.001465 0.029785
-1.985596 0.098145 2.027832
-0.413655 0.910433 0.000802
0 0 0 0
0.001465 0.001465
0.019287 1.008545 2.033691
-0.425561 0.904928 0.001604
0 0 0 0
0.987793 0.001465
1.984131 1.936523 2.027832
0.87636 0.481656 -0.001079
0 0 0 0
0.246338 0.995605
1.984131 1.936523 2.02124
0.87636 0.481656 -0.001079
0 0 0 0
0.221191 0.995605
1.973389 1.956055 2.02124
0.87636 0.481656 -0.001079
0 0 0 0
0.221191 0.90918
1.973389 1.956055 2.027832
0.87636 0.481656 -0.001079
0 0 0 0
0.246338 0.90918
1.973389 1.956055 2.02124
-0.001382 -0.001382 -0.999998
0 0 0 0
0.001465 0.001465
1.984131 1.936523 2.02124
-0.001382 -0.001382 -0.999998
0 0 0 0
0.001465 0.029785
0.030029 0.989014 2.0271
-0.001382 -0.001382 -0.999998
0 0 0 0
0.97998 0.029785
0.019287 1.008545 2.0271
0.001382 0.001382 -0.999998
0 0 0 0
0.977783 0.001465
1.973389 1.956055 2.027832
-0.437401 0.899264 0.002063
0 0 0 0
0.001465 0.001465
1.973389 1.956055 2.02124
-0.437401 0.899264 0.002063
0 0 0 0
0.001465 0.029785
0.019287 1.008545 2.0271
-0.425561 0.904928 0.001604
0 0 0 0
0.987793 0.029785
0.019287 1.008545 2.033691
-0.425561 0.904928 0.001604
0 0 0 0
0.987793 0.001465
1.973389 1.956055 2.027832
0.001382 0.001382 0.999998
0 0 0 0
0.001465 0.001465
0.019287 1.008545 2.033691
-0.001382 -0.001382 0.999998
0 0 0 0
0.977783 0.001465
0.030029 0.989014 2.033691
0.001382 0.001382 0.999998
0 0 0 0
0.97998 0.029785
1.984131 1.936523 2.027832
0.001382 0.001382 0.999998
0 0 0 0
0.001465 0.029785
1.984131 1.936523 2.027832
0.437401 -0.899264 0.002063
0 0 0 0
0.001465 0.029785
0.030029 0.989014 2.033691
0.425561 -0.904928 0.001604
0 0 0 0
0.987793 0.029785
0.030029 0.989014 2.0271
0.425561 -0.904928 0.001604
0 0 0 0
0.987793 0.001465
1.984131 1.936523 2.02124
0.437401 -0.899264 0.002063
0 0 0 0
0.001465 0.001465
1.979736 0.088623 2.02124
0.87636 -0.481656 -0.001079
0 0 0 0
0.220947 0.995605
1.990479 0.108398 2.02124
0.87636 -0.481656 -0.001079
0 0 0 0
0.220947 0.909424
1.990479 0.108398 2.027832
0.87636 -0.481656 -0.001079
0 0 0 0
0.24707 0.909424
1.979736 0.088623 2.027832
0.87636 -0.481656 -0.001079
0 0 0 0
0.24707 0.995605
0.005127 1.034668 2.02124
-0.001382 0.001382 -0.999998
0 0 0 0
0.984131 0.029785
1.990479 0.108398 2.02124
-0.001382 0.001382 -0.999998
0 0 0 0
0.001465 0.029785
1.979736 0.088623 2.02124
-0.001382 0.001382 -0.999998
0 0 0 0
0.001465 0.001465
-0.005615 1.015137 2.02124
-0.001382 0.001382 -0.999998
0 0 0 0
0.986084 0.001465
0.005127 1.034668 2.027832
0.423206 0.906033 -0.000276
0 0 0 0
0.986816 0.029785
1.990479 0.108398 2.027832
0.423206 0.906033 -0.000276
0 0 0 0
0.001465 0.029785
1.990479 0.108398 2.02124
0.423206 0.906033 -0.000276
0 0 0 0
0.001465 0.001465
0.005127 1.034668 2.02124
0.423206 0.906033 -0.000276
0 0 0 0
0.986816 0.001465
0.005127 1.034668 2.027832
-0.001382 0.001382 0.999998
0 0 0 0
0.984131 0.001465
-0.005615 1.015137 2.027832
-0.001382 0.001382 0.999998
0 0 0 0
0.986328 0.029785
1.979736 0.088623 2.027832
-0.001382 0.001382 0.999998
0 0 0 0
0.001465 0.029785
1.990479 0.108398 2.027832
-0.001382 0.001382 0.999998
0 0 0 0
0.001465 0.001465
-0.005615 1.015137 2.02124
-0.423206 -0.906033 -0.000276
0 0 0 0
0.985107 0.029785
1.979736 0.088623 2.02124
-0.423206 -0.906033 -0.000276
0 0 0 0
0.001465 0.029785
1.979736 0.088623 2.027832
-0.423206 -0.906033 -0.000276
0 0 0 0
0.001465 0.001465
-0.005615 1.015137 2.027832
-0.423206 -0.906033 -0.000276
0 0 0 0
0.985107 0.001465
-1.97998 1.961182 -2.02124
-0.001382 0.001382 0.999998
0 0 0 0
0.001465 0.029785
-1.990723 1.94165 -2.02124
-0.001382 0.001382 0.999998
0 0 0 0
0.001465 0.001465
-0.005615 1.015137 -2.02124
-0.001382 0.001382 0.999998
0 0 0 0
0.986084 0.001465
0.005127 1.034668 -2.02124
-0.001382 0.001382 0.999998
0 0 0 0
0.984131 0.029785
-1.990723 1.94165 -2.027832
-0.423206 -0.906033 -0.000276
0 0 0 0
0.001465 0.001465
-0.005615 1.015137 -2.02124
-0.423206 -0.906033 -0.000276
0 0 0 0
0.985107 0.029785
-1.990723 1.94165 -2.02124
-0.423206 -0.906033 -0.000276
0 0 0 0
0.001465 0.029785
-0.005615 1.015137 -2.027832
-0.423206 -0.906033 -0.000276
0 0 0 0
0.985107 0.001465
-1.990723 1.94165 -2.027832
-0.87636 0.481656 -0.001079
0 0 0 0
0.220947 0.995605
-1.990723 1.94165 -2.02124
-0.87636 0.481656 -0.001079
0 0 0 0
0.24707 0.995605
-1.97998 1.961182 -2.02124
-0.87636 0.481656 -0.001079
0 0 0 0
0.24707 0.909424
-1.97998 1.961182 -2.027832
-0.87636 0.481656 -0.001079
0 0 0 0
0.220947 0.909424
-1.97998 1.961182 -2.027832
-0.001382 0.001382 -0.999998
0 0 0 0
0.001465 0.001465
-0.005615 1.015137 -2.027832
-0.001382 0.001382 -0.999998
0 0 0 0
0.986328 0.029785
-1.990723 1.94165 -2.027832
-0.001382 0.001382 -0.999998
0 0 0 0
0.001465 0.029785
0.005127 1.034668 -2.027832
-0.001382 0.001382 -0.999998
0 0 0 0
0.984131 0.001465
-1.97998 1.961182 -2.02124
0.423206 0.906033 -0.000276
0 0 0 0
0.001465 0.001465
0.005127 1.034668 -2.02124
0.423206 0.906033 -0.000276
0 0 0 0
0.986816 0.001465
0.005127 1.034668 -2.027832
0.423206 0.906033 -0.000276
0 0 0 0
0.986816 0.029785
-1.97998 1.961182 -2.027832
0.423206 0.906033 -0.000276
0 0 0 0
0.001465 0.029785
-1.974854 0.078613 -2.02124
0.001382 0.001382 0.999998
0 0 0 0
0.001465 0.029785
0.019287 1.008545 -2.0271
0.001382 0.001382 0.999998
0 0 0 0
0.977783 0.001465
-1.985596 0.098145 -2.02124
0.001382 0.001382 0.999998
0 0 0 0
0.001465 0.001465
0.030029 0.989014 -2.0271
-0.001382 -0.001382 0.999998
0 0 0 0
0.97998 0.029785
0.019287 1.008545 -2.0271
-0.425561 0.904928 0.001604
0 0 0 0
0.987793 0.029785
-1.985596 0.098145 -2.027832
-0.413655 0.910433 0.000802
0 0 0 0
0.001465 0.001465
-1.985596 0.098145 -2.02124
-0.413655 0.910433 0.000802
0 0 0 0
0.001465 0.029785
0.019287 1.008545 -2.033691
-0.425561 0.904928 0.001604
0 0 0 0
0.987793 0.001465
-1.974854 0.078613 -2.02124
-0.87636 -0.481656 -0.001079
0 0 0 0
0.246338 0.995605
-1.985596 0.098145 -2.02124
-0.87636 -0.481656 -0.001079
0 0 0 0
0.246338 0.90918
-1.985596 0.098145 -2.027832
-0.87636 -0.481656 -0.001079
0 0 0 0
0.221191 0.90918
-1.974854 0.078613 -2.027832
-0.87636 -0.481656 -0.001079
0 0 0 0
0.221191 0.995605
-1.974854 0.078613 -2.027832
0.413655 -0.910433 0.000802
0 0 0 0
0.001465 0.029785
0.030029 0.989014 -2.0271
0.425561 -0.904928 0.001604
0 0 0 0
0.987793 0.001465
-1.974854 0.078613 -2.02124
0.413655 -0.910433 0.000802
0 0 0 0
0.001465 0.001465
0.030029 0.989014 -2.033691
0.425561 -0.904928 0.001604
0 0 0 0
0.987793 0.029785
0.019287 1.008545 -2.033691
-0.001382 -0.001382 -0.999998
0 0 0 0
0.977783 0.001465
-1.974854 0.078613 -2.027832
-0.001382 -0.001382 -0.999998
0 0 0 0
0.001465 0.029785
-1.985596 0.098145 -2.027832
-0.001382 -0.001382 -0.999998
0 0 0 0
0.001465 0.001465
0.030029 0.989014 -2.033691
0.001382 0.001382 -0.999998
0 0 0 0
0.97998 0.029785
1.984131 1.936523 -2.027832
0.87636 0.481656 -0.001079
0 0 0 0
0.246338 0.995605
1.973389 1.956055 -2.027832
0.87636 0.481656 -0.001079
0 0 0 0
0.246338 0.90918
1.973389 1.956055 -2.02124
0.87636 0.481656 -0.001079
0 0 0 0
0.221191 0.90918
1.984131 1.936523 -2.02124
0.87636 0.481656 -0.001079
0 0 0 0
0.221191 0.995605
0.030029 0.989014 -2.0271
-0.001382 -0.001382 0.999998
0 0 0 0
0.97998 0.029785
1.984131 1.936523 -2.02124
-0.001382 -0.001382 0.999998
0 0 0 0
0.001465 0.029785
1.973389 1.956055 -2.02124
-0.001382 -0.001382 0.999998
0 0 0 0
0.001465 0.001465
0.019287 1.008545 -2.0271
0.001382 0.001382 0.999998
0 0 0 0
0.977783 0.001465
0.019287 1.008545 -2.0271
-0.425561 0.904928 0.001604
0 0 0 0
0.987793 0.029785
1.973389 1.956055 -2.02124
-0.437401 0.899264 0.002063
0 0 0 0
0.001465 0.029785
1.973389 1.956055 -2.027832
-0.437401 0.899264 0.002063
0 0 0 0
0.001465 0.001465
0.019287 1.008545 -2.033691
-0.425561 0.904928 0.001604
0 0 0 0
0.987793 0.001465
1.973389 1.956055 -2.027832
0.001382 0.001382 -0.999998
0 0 0 0
0.001465 0.001465
1.984131 1.936523 -2.027832
0.001382 0.001382 -0.999998
0 0 0 0
0.001465 0.029785
0.030029 0.989014 -2.033691
0.001382 0.001382 -0.999998
0 0 0 0
0.97998 0.029785
0.019287 1.008545 -2.033691
-0.001382 -0.001382 -0.999998
0 0 0 0
0.977783 0.001465
1.984131 1.936523 -2.027832
0.437401 -0.899264 0.002063
0 0 0 0
0.001465 0.029785
1.984131 1.936523 -2.02124
0.437401 -0.899264 0.002063
0 0 0 0
0.001465 0.001465
0.030029 0.989014 -2.0271
0.425561 -0.904928 0.001604
0 0 0 0
0.987793 0.001465
0.030029 0.989014 -2.033691
0.425561 -0.904928 0.001604
0 0 0 0
0.987793 0.029785
0.005127 1.034668 -2.02124
-0.001382 0.001382 0.999998
0 0 0 0
0.984131 0.029785
-0.005615 1.015137 -2.02124
-0.001382 0.001382 0.999998
0 0 0 0
0.986084 0.001465
1.979736 0.088623 -2.02124
0.001382 0.001382 0.999998
0 0 0 0
0.001465 0.001465
1.990479 0.108398 -2.02124
0.001382 0.001382 0.999998
0 0 0 0
0.001465 0.029785
0.005127 1.034668 -2.027832
0.423206 0.906033 -0.000276
0 0 0 0
0.986816 0.029785
0.005127 1.034668 -2.02124
0.423206 0.906033 -0.000276
0 0 0 0
0.986816 0.001465
1.990479 0.108398 -2.02124
0.423206 0.906033 -0.000276
0 0 0 0
0.001465 0.001465
1.990479 0.108398 -2.027832
0.423206 0.906033 -0.000276
0 0 0 0
0.001465 0.029785
1.979736 0.088623 -2.02124
0.87636 -0.481656 -0.001079
0 0 0 0
0.220947 0.995605
1.990479 0.108398 -2.027832
0.87636 -0.481656 -0.001079
0 0 0 0
0.24707 0.909424
1.990479 0.108398 -2.02124
0.87636 -0.481656 -0.001079
0 0 0 0
0.220947 0.909424
1.979736 0.088623 -2.027832
0.87636 -0.481656 -0.001079
0 0 0 0
0.24707 0.995605
1.979736 0.088623 -2.027832
0.001382 0.001382 -0.999998
0 0 0 0
0.001465 0.029785
-0.005615 1.015137 -2.027832
-0.001382 0.001382 -0.999998
0 0 0 0
0.986328 0.029785
0.005127 1.034668 -2.027832
-0.001382 0.001382 -0.999998
0 0 0 0
0.984131 0.001465
1.990479 0.108398 -2.027832
0.001382 0.001382 -0.999998
0 0 0 0
0.001465 0.001465
-0.005615 1.015137 -2.02124
-0.423206 -0.906033 -0.000276
0 0 0 0
0.985107 0.029785
-0.005615 1.015137 -2.027832
-0.423206 -0.906033 -0.000276
0 0 0 0
0.985107 0.001465
1.979736 0.088623 -2.027832
-0.423206 -0.906033 -0.000276
0 0 0 0
0.001465 0.001465
1.979736 0.088623 -2.02124
-0.423206 -0.906033 -0.000276
0 0 0 0
0.001465 0.029785
-1.963623 1.491211 -1.992432
0.707106 -0.707106 0.001023
0 0 0 0
0.106934 0.095215
-1.958496 1.503174 -1.992432
1 0.000978 -0.000001
0 0 0 0
0.118164 0.095215
-1.958496 1.503174 -1.84668
1 0.000978 -0.000001
0 0 0 0
0.118164 0.217285
-1.963623 1.491211 -1.84668
0.707106 -0.707106 0.001023
0 0 0 0
0.106934 0.217285
-1.975586 1.486084 -1.992432
0.000978 -1 0.000001
0 0 0 0
0.095703 0.095215
-1.975586 1.486084 -1.84668
0.000978 -1 0.000001
0 0 0 0
0.095703 0.217285
-1.987305 1.491211 -1.992432
-0.707106 -0.707106 -0.001023
0 0 0 0
0.084473 0.095215
-1.987549 1.491211 -1.84668
-0.707106 -0.707106 -0.001023
0 0 0 0
0.084473 0.217285
-1.992432 1.503174 -1.992432
-1 -0.000977 0.000001
0 0 0 0
0.073242 0.095215
-1.992432 1.503174 -1.84668
-1 -0.000977 0.000001
0 0 0 0
0.073242 0.217285
-1.987549 1.515137 -1.992432
-0.707106 0.707106 -0.001023
0 0 0 0
0.062012 0.095215
-1.987549 1.515137 -1.84668
-0.707106 0.707106 -0.001023
0 0 0 0
0.062012 0.217285
-1.975586 1.52002 -1.992432
0.000978 1 0.000001
0 0 0 0
0.050781 0.095215
-1.975586 1.52002 -1.84668
0.000978 1 0.000001
0 0 0 0
0.050781 0.217285
-1.963623 1.515137 -1.992432
0.707106 0.707106 -0.001023
0 0 0 0
0.039551 0.095215
-1.963623 1.515137 -1.84668
0.707106 0.707106 -0.001023
0 0 0 0
0.039551 0.217285
-1.958496 1.503174 -1.992432
1 0.000978 -0.000001
0 0 0 0
0.028076 0.095215
-1.958496 1.503174 -1.84668
1 0.000978 -0.000001
0 0 0 0
0.028076 0.217285
-1.963623 1.059814 -1.992432
0.707106 -0.707106 0.001023
0 0 0 0
0.126465 0.095215
-1.958496 1.071777 -1.992432
1 0.000978 -0.000001
0 0 0 0
0.137695 0.095215
-1.958496 1.071777 -1.84668
1 0.000978 -0.000001
0 0 0 0
0.137695 0.217285
-1.963623 1.059814 -1.84668
0.707106 -0.707106 0.001023
0 0 0 0
0.126465 0.217285
-1.975586 1.054932 -1.84668
0.000978 -1 -0.000001
0 0 0 0
0.115479 0.217285
-1.975586 1.054932 -1.992432
0.000978 -1 -0.000001
0 0 0 0
0.115479 0.095215
-1.987549 1.059814 -1.992432
-0.707106 -0.707106 -0.001023
0 0 0 0
0.104248 0.095215
-1.987549 1.059814 -1.84668
-0.707106 -0.707106 -0.001023
0 0 0 0
0.104248 0.217285
-1.992432 1.071777 -1.992432
-1 0.000978 -0.000001
0 0 0 0
0.093262 0.095215
-1.992432 1.071777 -1.84668
-1 -0.000977 -0.000001
0 0 0 0
0.093262 0.217285
-1.987549 1.08374 -1.992432
-0.707106 0.707106 -0.001023
0 0 0 0
0.082031 0.095215
-1.987549 1.08374 -1.84668
-0.707106 0.707106 -0.001023
0 0 0 0
0.082031 0.217285
-1.975586 1.088623 -1.992432
0.000978 1 0.000001
0 0 0 0
0.071045 0.095215
-1.975586 1.088623 -1.84668
0.000978 1 0.000001
0 0 0 0
0.071045 0.217285
-1.963623 1.08374 -1.992432
0.707106 0.707106 -0.001023
0 0 0 0
0.059814 0.095215
-1.963623 1.08374 -1.84668
0.707106 0.707106 -0.001023
0 0 0 0
0.059814 0.217285
-1.958496 1.071777 -1.992432
1 0.000978 -0.000001
0 0 0 0
0.048828 0.095215
-1.958496 1.071777 -1.84668
1 0.000978 -0.000001
0 0 0 0
0.048828 0.217285
-1.963623 1.059814 1.992432
0.707106 -0.707106 0.001023
0 0 0 0
0.126465 0.095215
-1.958496 1.071777 1.84668
1 0.000978 -0.000001
0 0 0 0
0.137695 0.217285
-1.958496 1.071777 1.992432
1 0.000978 -0.000001
0 0 0 0
0.137695 0.095215
-1.963623 1.059814 1.84668
0.707106 -0.707106 0.001023
0 0 0 0
0.126465 0.217285
-1.975586 1.054932 1.84668
0.000978 -1 -0.000001
0 0 0 0
0.115479 0.217285
-1.975586 1.054932 1.992432
0.000978 -1 -0.000001
0 0 0 0
0.115479 0.095215
-1.987549 1.059814 1.992432
-0.707106 -0.707106 0.001023
0 0 0 0
0.104248 0.095215
-1.987549 1.059814 1.84668
-0.707106 -0.707106 0.001023
0 0 0 0
0.104248 0.217285
-1.992432 1.071777 1.992432
-1 0.000978 -0.000001
0 0 0 0
0.093262 0.095215
-1.992432 1.071777 1.84668
-1 -0.000977 -0.000001
0 0 0 0
0.093262 0.217285
-1.987549 1.08374 1.992432
-0.707106 0.707106 0.001023
0 0 0 0
0.082031 0.095215
-1.987549 1.08374 1.84668
-0.707106 0.707106 0.001023
0 0 0 0
0.082031 0.217285
-1.975586 1.088623 1.992432
0.000978 1 -0.000001
0 0 0 0
0.071045 0.095215
-1.975586 1.088623 1.84668
0.000978 1 -0.000001
0 0 0 0
0.071045 0.217285
-1.963623 1.08374 1.992432
0.707106 0.707106 0.001023
0 0 0 0
0.059814 0.095215
-1.963623 1.08374 1.84668
0.707106 0.707106 0.001023
0 0 0 0
0.059814 0.217285
-1.958496 1.071777 1.992432
1 0.000978 -0.000001
0 0 0 0
0.048828 0.095215
-1.958496 1.071777 1.84668
1 0.000978 -0.000001
0 0 0 0
0.048828 0.217285
-1.963623 1.491211 1.992432
0.707106 -0.707106 0.001023
0 0 0 0
0.106934 0.095215
-1.958496 1.503174 1.84668
1 0.000978 -0.000001
0 0 0 0
0.118164 0.217285
-1.958496 1.503174 1.992432
1 0.000978 -0.000001
0 0 0 0
0.118164 0.095215
-1.963623 1.491211 1.84668
0.707106 -0.707106 0.001023
0 0 0 0
0.106934 0.217285
-1.975586 1.486084 1.992432
0.000978 -1 -0.000001
0 0 0 0
0.095703 0.095215
-1.975586 1.486084 1.84668
0.000978 -1 -0.000001
0 0 0 0
0.095703 0.217285
-1.987305 1.491211 1.992432
-0.707106 -0.707106 0.001023
0 0 0 0
0.084473 0.095215
-1.987549 1.491211 1.84668
-0.707106 -0.707106 0.001023
0 0 0 0
0.084473 0.217285
-1.992432 1.503174 1.992432
-1 -0.000977 -0.000001
0 0 0 0
0.073242 0.095215
-1.992432 1.503174 1.84668
-1 -0.000977 -0.000001
0 0 0 0
0.073242 0.217285
-1.987549 1.515137 1.992432
-0.707106 0.707106 0.001023
0 0 0 0
0.062012 0.095215
-1.987549 1.515137 1.84668
-0.707106 0.707106 0.001023
0 0 0 0
0.062012 0.217285
-1.975586 1.52002 1.992432
0.000978 1 -0.000001
0 0 0 0
0.050781 0.095215
-1.975586 1.52002 1.84668
0.000978 1 -0.000001
0 0 0 0
0.050781 0.217285
-1.963623 1.515137 1.992432
0.707106 0.707106 0.001023
0 0 0 0
0.039551 0.095215
-1.963623 1.515137 1.84668
0.707106 0.707106 0.001023
0 0 0 0
0.039551 0.217285
-1.958496 1.503174 1.992432
1 0.000978 -0.000001
0 0 0 0
0.028076 0.095215
-1.958496 1.503174 1.84668
1 0.000978 -0.000001
0 0 0 0
0.028076 0.217285
-1.963623 3.025146 1.992432
0.707106 -0.707106 0.001023
0 0 0 0
0.126465 0.095215
-1.958496 3.037109 1.84668
1 0.000978 -0.000001
0 0 0 0
0.137695 0.217285
-1.958496 3.037109 1.992432
1 0.000978 -0.000001
0 0 0 0
0.137695 0.095215
-1.963623 3.025146 1.84668
0.707106 -0.707106 0.001023
0 0 0 0
0.126465 0.217285
-1.975586 3.02002 1.84668
0.000978 -1 -0.000001
0 0 0 0
0.115479 0.217285
-1.975586 3.02002 1.992432
0.000978 -1 -0.000001
0 0 0 0
0.115479 0.095215
-1.987549 3.025146 1.992432
-0.707106 -0.707106 0.001023
0 0 0 0
0.104248 0.095215
-1.987549 3.025146 1.84668
-0.707106 -0.707106 0.001023
0 0 0 0
0.104248 0.217285
-1.992432 3.037109 1.992432
-1 0.000978 -0.000001
0 0 0 0
0.093262 0.095215
-1.992432 3.037109 1.84668
-1 -0.000977 -0.000001
0 0 0 0
0.093262 0.217285
-1.987549 3.049072 1.992432
-0.707106 0.707106 0.001023
0 0 0 0
0.082031 0.095215
-1.987549 3.049072 1.84668
-0.707106 0.707106 0.001023
0 0 0 0
0.082031 0.217285
-1.975586 3.053955 1.992432
0.000978 1 -0.000001
0 0 0 0
0.071045 0.095215
-1.975586 3.053955 1.84668
0.000978 1 -0.000001
0 0 0 0
0.071045 0.217285
-1.963623 3.049072 1.992432
0.707106 0.707106 0.001023
0 0 0 0
0.059814 0.095215
-1.963623 3.049072 1.84668
0.707106 0.707106 0.001023
0 0 0 0
0.059814 0.217285
-1.958496 3.037109 1.992432
1 0.000978 -0.000001
0 0 0 0
0.048828 0.095215
-1.958496 3.037109 1.84668
1 0.000978 -0.000001
0 0 0 0
0.048828 0.217285
-1.963623 3.456299 1.992432
0.707106 -0.707106 0.001023
0 0 0 0
0.106934 0.095215
-1.958496 3.468262 1.84668
1 0.000978 -0.000001
0 0 0 0
0.118164 0.217285
-1.958496 3.468262 1.992432
1 0.000978 -0.000001
0 0 0 0
0.118164 0.095215
-1.963623 3.456299 1.84668
0.707106 -0.707106 0.001023
0 0 0 0
0.106934 0.217285
-1.975586 3.451416 1.992432
0.000978 -1 -0.000001
0 0 0 0
0.095703 0.095215
-1.975586 3.451416 1.84668
0.000978 -1 -0.000001
0 0 0 0
0.095703 0.217285
-1.987305 3.456299 1.992432
-0.707106 -0.707106 0.001023
0 0 0 0
0.084473 0.095215
-1.987549 3.456299 1.84668
-0.707106 -0.707106 0.001023
0 0 0 0
0.084473 0.217285
-1.992432 3.468262 1.992432
-1 -0.000977 -0.000001
0 0 0 0
0.073242 0.095215
-1.992432 3.468262 1.84668
-1 -0.000977 -0.000001
0 0 0 0
0.073242 0.217285
-1.987549 3.480225 1.992432
-0.707106 0.707106 0.001023
0 0 0 0
0.062012 0.095215
-1.987549 3.480225 1.84668
-0.707106 0.707106 0.001023
0 0 0 0
0.062012 0.217285
-1.975586 3.485107 1.992432
0.000978 1 -0.000001
0 0 0 0
0.050781 0.095215
-1.975586 3.485107 1.84668
0.000978 1 -0.000001
0 0 0 0
0.050781 0.217285
-1.963623 3.480225 1.992432
0.707106 0.707106 0.001023
0 0 0 0
0.039551 0.095215
-1.963623 3.480225 1.84668
0.707106 0.707106 0.001023
0 0 0 0
0.039551 0.217285
-1.958496 3.468262 1.992432
1 0.000978 -0.000001
0 0 0 0
0.028076 0.095215
-1.958496 3.468262 1.84668
1 0.000978 -0.000001
0 0 0 0
0.028076 0.217285
-1.963623 3.025146 -1.992432
0.707106 -0.707106 0.001023
0 0 0 0
0.126465 0.095215
-1.958496 3.037109 -1.992432
1 0.000978 -0.000001
0 0 0 0
0.137695 0.095215
-1.958496 3.037109 -1.84668
1 0.000978 -0.000001
0 0 0 0
0.137695 0.217285
-1.963623 3.025146 -1.84668
0.707106 -0.707106 0.001023
0 0 0 0
0.126465 0.217285
-1.975586 3.02002 -1.84668
0.000978 -1 -0.000001
0 0 0 0
0.115479 0.217285
-1.975586 3.02002 -1.992432
0.000978 -1 -0.000001
0 0 0 0
0.115479 0.095215
-1.987549 3.025146 -1.992432
-0.707106 -0.707106 0.001023
0 0 0 0
0.104248 0.095215
-1.987549 3.025146 -1.84668
-0.707106 -0.707106 0.001023
0 0 0 0
0.104248 0.217285
-1.992432 3.037109 -1.992432
-1 0.000978 -0.000001
0 0 0 0
0.093262 0.095215
-1.992432 3.037109 -1.84668
-1 -0.000977 -0.000001
0 0 0 0
0.093262 0.217285
-1.987549 3.049072 -1.992432
-0.707106 0.707106 0.001023
0 0 0 0
0.082031 0.095215
-1.987549 3.049072 -1.84668
-0.707106 0.707106 0.001023
0 0 0 0
0.082031 0.217285
-1.975586 3.053955 -1.992432
0.000978 1 -0.000001
0 0 0 0
0.071045 0.095215
-1.975586 3.053955 -1.84668
0.000978 1 -0.000001
0 0 0 0
0.071045 0.217285
-1.963623 3.049072 -1.992432
0.707106 0.707106 0.001023
0 0 0 0
0.059814 0.095215
-1.963623 3.049072 -1.84668
0.707106 0.707106 0.001023
0 0 0 0
0.059814 0.217285
-1.958496 3.037109 -1.992432
1 0.000978 -0.000001
0 0 0 0
0.048828 0.095215
-1.958496 3.037109 -1.84668
1 0.000978 -0.000001
0 0 0 0
0.048828 0.217285
-1.963623 3.456299 -1.992432
0.707106 -0.707106 0.001023
0 0 0 0
0.106934 0.095215
-1.958496 3.468262 -1.992432
1 0.000978 -0.000001
0 0 0 0
0.118164 0.095215
-1.958496 3.468262 -1.84668
1 0.000978 -0.000001
0 0 0 0
0.118164 0.217285
-1.963623 3.456299 -1.84668
0.707106 -0.707106 0.001023
0 0 0 0
0.106934 0.217285
-1.975586 3.451416 -1.992432
0.000978 -1 0.000001
0 0 0 0
0.095703 0.095215
-1.975586 3.451416 -1.84668
0.000978 -1 0.000001
0 0 0 0
0.095703 0.217285
-1.987305 3.456299 -1.992432
-0.707106 -0.707106 -0.001023
0 0 0 0
0.084473 0.095215
-1.987549 3.456299 -1.84668
-0.707106 -0.707106 -0.001023
0 0 0 0
0.084473 0.217285
-1.992432 3.468262 -1.992432
-1 -0.000977 0.000001
0 0 0 0
0.073242 0.095215
-1.992432 3.468262 -1.84668
-1 -0.000977 0.000001
0 0 0 0
0.073242 0.217285
-1.987549 3.480225 -1.992432
-0.707106 0.707106 -0.001023
0 0 0 0
0.062012 0.095215
-1.987549 3.480225 -1.84668
-0.707106 0.707106 -0.001023
0 0 0 0
0.062012 0.217285
-1.975586 3.485107 -1.992432
0.000978 1 0.000001
0 0 0 0
0.050781 0.095215
-1.975586 3.485107 -1.84668
0.000978 1 0.000001
0 0 0 0
0.050781 0.217285
-1.963623 3.480225 -1.992432
0.707106 0.707106 -0.001023
0 0 0 0
0.039551 0.095215
-1.963623 3.480225 -1.84668
0.707106 0.707106 -0.001023
0 0 0 0
0.039551 0.217285
-1.958496 3.468262 -1.992432
1 0.000978 -0.000001
0 0 0 0
0.028076 0.095215
-1.958496 3.468262 -1.84668
1 0.000978 -0.000001
0 0 0 0
0.028076 0.217285
1.963623 1.491211 -1.992432
-0.707106 -0.707106 0.001023
0 0 0 0
0.106934 0.095215
1.958496 1.503174 -1.84668
-1 0.000978 -0.000001
0 0 0 0
0.118164 0.217285
1.958496 1.503174 -1.992432
-1 0.000978 -0.000001
0 0 0 0
0.118164 0.095215
1.963623 1.491211 -1.84668
-0.707106 -0.707106 0.001023
0 0 0 0
0.106934 0.217285
1.975586 1.486084 -1.992432
0.000978 -1 0.000001
0 0 0 0
0.095703 0.095215
1.975586 1.486084 -1.84668
0.000978 -1 0.000001
0 0 0 0
0.095703 0.217285
1.987305 1.491211 -1.992432
0.707106 -0.707106 -0.001023
0 0 0 0
0.084473 0.095215
1.987549 1.491211 -1.84668
0.707106 -0.707106 -0.001023
0 0 0 0
0.084473 0.217285
1.992432 1.503174 -1.992432
1 -0.000977 0.000001
0 0 0 0
0.073242 0.095215
1.992432 1.503174 -1.84668
1 -0.000977 0.000001
0 0 0 0
0.073242 0.217285
1.987549 1.515137 -1.992432
0.707106 0.707106 -0.001023
0 0 0 0
0.062012 0.095215
1.987549 1.515137 -1.84668
0.707106 0.707106 -0.001023
0 0 0 0
0.062012 0.217285
1.975586 1.52002 -1.992432
0.000978 1 0.000001
0 0 0 0
0.050781 0.095215
1.975586 1.52002 -1.84668
0.000978 1 0.000001
0 0 0 0
0.050781 0.217285
1.963623 1.515137 -1.992432
-0.707106 0.707106 -0.001023
0 0 0 0
0.039551 0.095215
1.963623 1.515137 -1.84668
-0.707106 0.707106 -0.001023
0 0 0 0
0.039551 0.217285
1.958496 1.503174 -1.992432
-1 0.000978 -0.000001
0 0 0 0
0.028076 0.095215
1.958496 1.503174 -1.84668
-1 0.000978 -0.000001
0 0 0 0
0.028076 0.217285
1.963623 1.059814 -1.992432
-0.707106 -0.707106 0.001023
0 0 0 0
0.126465 0.095215
1.958496 1.071777 -1.84668
-1 0.000978 -0.000001
0 0 0 0
0.137695 0.217285
1.958496 1.071777 -1.992432
-1 0.000978 -0.000001
0 0 0 0
0.137695 0.095215
1.963623 1.059814 -1.84668
-0.707106 -0.707106 0.001023
0 0 0 0
0.126465 0.217285
1.975586 1.054932 -1.84668
-0.000977 -1 -0.000001
0 0 0 0
0.115479 0.217285
1.975586 1.054932 -1.992432
-0.000977 -1 -0.000001
0 0 0 0
0.115479 0.095215
1.987549 1.059814 -1.992432
0.707106 -0.707106 -0.001023
0 0 0 0
0.104248 0.095215
1.987549 1.059814 -1.84668
0.707106 -0.707106 -0.001023
0 0 0 0
0.104248 0.217285
1.992432 1.071777 -1.992432
1 0.000978 -0.000001
0 0 0 0
0.093262 0.095215
1.992432 1.071777 -1.84668
1 -0.000977 -0.000001
0 0 0 0
0.093262 0.217285
1.987549 1.08374 -1.992432
0.707106 0.707106 -0.001023
0 0 0 0
0.082031 0.095215
1.987549 1.08374 -1.84668
0.707106 0.707106 -0.001023
0 0 0 0
0.082031 0.217285
1.975586 1.088623 -1.992432
0.000978 1 0.000001
0 0 0 0
0.071045 0.095215
1.975586 1.088623 -1.84668
0.000978 1 0.000001
0 0 0 0
0.071045 0.217285
1.963623 1.08374 -1.992432
-0.707106 0.707106 -0.001023
0 0 0 0
0.059814 0.095215
1.963623 1.08374 -1.84668
-0.707106 0.707106 -0.001023
0 0 0 0
0.059814 0.217285
1.958496 1.071777 -1.992432
-1 0.000978 -0.000001
0 0 0 0
0.048828 0.095215
1.958496 1.071777 -1.84668
-1 0.000978 -0.000001
0 0 0 0
0.048828 0.217285
1.963623 1.491211 1.992432
-0.707106 -0.707106 0.001023
0 0 0 0
0.106934 0.095215
1.958496 1.503174 1.992432
-1 0.000978 -0.000001
0 0 0 0
0.118164 0.095215
1.958496 1.503174 1.84668
-1 0.000978 -0.000001
0 0 0 0
0.118164 0.217285
1.963623 1.491211 1.84668
-0.707106 -0.707106 0.001023
0 0 0 0
0.106934 0.217285
1.975586 1.486084 1.992432
0.000978 -1 -0.000001
0 0 0 0
0.095703 0.095215
1.975586 1.486084 1.84668
0.000978 -1 -0.000001
0 0 0 0
0.095703 0.217285
1.987305 1.491211 1.992432
0.707106 -0.707106 0.001023
0 0 0 0
0.084473 0.095215
1.987549 1.491211 1.84668
0.707106 -0.707106 0.001023
0 0 0 0
0.084473 0.217285
1.992432 1.503174 1.992432
1 -0.000977 -0.000001
0 0 0 0
0.073242 0.095215
1.992432 1.503174 1.84668
1 -0.000977 -0.000001
0 0 0 0
0.073242 0.217285
1.987549 1.515137 1.992432
0.707106 0.707106 0.001023
0 0 0 0
0.062012 0.095215
1.987549 1.515137 1.84668
0.707106 0.707106 0.001023
0 0 0 0
0.062012 0.217285
1.975586 1.52002 1.992432
0.000978 1 -0.000001
0 0 0 0
0.050781 0.095215
1.975586 1.52002 1.84668
0.000978 1 -0.000001
0 0 0 0
0.050781 0.217285
1.963623 1.515137 1.992432
-0.707106 0.707106 0.001023
0 0 0 0
0.039551 0.095215
1.963623 1.515137 1.84668
-0.707106 0.707106 0.001023
0 0 0 0
0.039551 0.217285
1.958496 1.503174 1.992432
-1 0.000978 -0.000001
0 0 0 0
0.028076 0.095215
1.958496 1.503174 1.84668
-1 0.000978 -0.000001
0 0 0 0
0.028076 0.217285
1.963623 1.059814 1.992432
-0.707106 -0.707106 0.001023
0 0 0 0
0.126465 0.095215
1.958496 1.071777 1.992432
-1 0.000978 -0.000001
0 0 0 0
0.137695 0.095215
1.958496 1.071777 1.84668
-1 0.000978 -0.000001
0 0 0 0
0.137695 0.217285
1.963623 1.059814 1.84668
-0.707106 -0.707106 0.001023
0 0 0 0
0.126465 0.217285
1.975586 1.054932 1.84668
0.000978 -1 -0.000001
0 0 0 0
0.115479 0.217285
1.975586 1.054932 1.992432
0.000978 -1 -0.000001
0 0 0 0
0.115479 0.095215
1.987549 1.059814 1.992432
0.707106 -0.707106 0.001023
0 0 0 0
0.104248 0.095215
1.987549 1.059814 1.84668
0.707106 -0.707106 0.001023
0 0 0 0
0.104248 0.217285
1.992432 1.071777 1.992432
1 0.000978 -0.000001
0 0 0 0
0.093262 0.095215
1.992432 1.071777 1.84668
1 -0.000977 -0.000001
0 0 0 0
0.093262 0.217285
1.987549 1.08374 1.992432
0.707106 0.707106 0.001023
0 0 0 0
0.082031 0.095215
1.987549 1.08374 1.84668
0.707106 0.707106 0.001023
0 0 0 0
0.082031 0.217285
1.975586 1.088623 1.992432
0.000978 1 -0.000001
0 0 0 0
0.071045 0.095215
1.975586 1.088623 1.84668
0.000978 1 -0.000001
0 0 0 0
0.071045 0.217285
1.963623 1.08374 1.992432
-0.707106 0.707106 0.001023
0 0 0 0
0.059814 0.095215
1.963623 1.08374 1.84668
-0.707106 0.707106 0.001023
0 0 0 0
0.059814 0.217285
1.958496 1.071777 1.992432
-1 0.000978 -0.000001
0 0 0 0
0.048828 0.095215
1.958496 1.071777 1.84668
-1 0.000978 -0.000001
0 0 0 0
0.048828 0.217285
-1.969238 1.952637 1.024902
0.001382 0.001382 0.999998
0 0 0 0
0.214355 0.029785
-1.969238 2.037354 1.024902
0.001382 0.001382 0.999998
0 0 0 0
0.001465 0.029785
-1.981689 2.037354 1.024902
0.001382 0.001382 0.999998
0 0 0 0
0.001465 0.001465
-1.981689 1.952637 1.024902
0.001382 0.001382 0.999998
0 0 0 0
0.214355 0.001465
-1.981689 1.952637 1.024902
-1 0.000978 -0.000001
0 0 0 0
0.107422 0.092285
-1.981689 2.037354 1.024902
-1 0.000978 -0.000001
0 0 0 0
0.001465 0.092285
-1.981689 2.037354 0.975098
-1 0.000978 -0.000001
0 0 0 0
0.001465 0.032715
-1.981689 1.952637 0.975098
-1 0.000978 -0.000001
0 0 0 0
0.107422 0.032715
-1.969238 2.037354 0.975098
0.001382 0.001382 -0.999998
0 0 0 0
0.214355 0.001465
-1.981689 1.952637 0.975098
0.001382 0.001382 -0.999998
0 0 0 0
0.001465 0.029785
-1.981689 2.037354 0.975098
0.001382 0.001382 -0.999998
0 0 0 0
0.214355 0.029785
-1.969238 1.952637 0.975098
0.001382 0.001382 -0.999998
0 0 0 0
0.001465 0.001465
-1.969238 1.952637 0.975098
1 0.000978 -0.000001
0 0 0 0
0.107422 0.092285
-1.969238 2.037354 0.975098
1 0.000978 -0.000001
0 0 0 0
0.001465 0.092285
-1.969238 2.037354 1.024902
1 0.000978 -0.000001
0 0 0 0
0.001465 0.032715
-1.969238 1.952637 1.024902
1 0.000978 -0.000001
0 0 0 0
0.107422 0.032715
-1.969238 1.952637 1.596191
0.001382 0.001382 0.999998
0 0 0 0
0.214355 0.029785
-1.969238 2.037354 1.596191
0.001382 0.001382 0.999998
0 0 0 0
0.001465 0.029785
-1.981689 2.037354 1.596191
0.001382 0.001382 0.999998
0 0 0 0
0.001465 0.001465
-1.981689 1.952637 1.596191
0.001382 0.001382 0.999998
0 0 0 0
0.214355 0.001465
-1.981689 1.952637 1.596191
-1 0.000978 -0.000001
0 0 0 0
0.107422 0.092285
-1.981689 2.037354 1.596191
-1 0.000978 -0.000001
0 0 0 0
0.001465 0.092285
-1.981689 2.037354 1.546143
-1 0.000978 -0.000001
0 0 0 0
0.001465 0.032715
-1.981689 1.952637 1.546143
-1 0.000978 -0.000001
0 0 0 0
0.107422 0.032715
-1.969238 2.037354 1.546143
0.001382 0.001382 -0.999998
0 0 0 0
0.214355 0.001465
-1.981689 1.952637 1.546143
0.001382 0.001382 -0.999998
0 0 0 0
0.001465 0.029785
-1.981689 2.037354 1.546143
0.001382 0.001382 -0.999998
0 0 0 0
0.214355 0.029785
-1.969238 1.952637 1.546143
0.001382 0.001382 -0.999998
0 0 0 0
0.001465 0.001465
-1.969238 1.952637 1.546143
1 0.000978 -0.000001
0 0 0 0
0.107422 0.092285
-1.969238 2.037354 1.546143
1 0.000978 -0.000001
0 0 0 0
0.001465 0.092285
-1.969238 2.037354 1.596191
1 0.000978 -0.000001
0 0 0 0
0.001465 0.032715
-1.969238 1.952637 1.596191
1 0.000978 -0.000001
0 0 0 0
0.107422 0.032715
-1.981689 0.084717 0.408936
0.001382 0.001382 0.999998
0 0 0 0
0.214355 0.001465
-1.981689 0 0.408936
0.001382 0.001382 0.999998
0 0 0 0
0.001465 0.001465
-1.969238 0 0.408936
0.001382 0.001382 0.999998
0 0 0 0
0.001465 0.029785
-1.969238 0.084717 0.408936
0.001382 0.001382 0.999998
0 0 0 0
0.214355 0.029785
-1.981689 0 0.408936
0.000978 -1 -0.000001
0 0 0 0
0.126953 0.001465
-1.969238 0 0.358887
0.000978 -1 -0.000001
0 0 0 0
0.001465 0.029785
-1.969238 0 0.408936
0.000978 -1 -0.000001
0 0 0 0
0.126953 0.029785
-1.981689 0 0.358887
0.000978 -1 -0.000001
0 0 0 0
0.001465 0.001465
-1.969238 0.084717 0.408936
1 0.000978 -0.000001
0 0 0 0
0.107422 0.032715
-1.969238 0 0.408936
1 0.000978 -0.000001
0 0 0 0
0.001465 0.032715
-1.969238 0 0.358887
1 0.000978 -0.000001
0 0 0 0
0.001465 0.092285
-1.969238 0.084717 0.358887
1 0.000978 -0.000001
0 0 0 0
0.107422 0.092285
-1.981689 0 0.358887
0.001382 0.001382 -0.999998
0 0 0 0
0.214355 0.029785
-1.969238 0.084717 0.358887
0.001382 0.001382 -0.999998
0 0 0 0
0.001465 0.001465
-1.969238 0 0.358887
0.001382 0.001382 -0.999998
0 0 0 0
0.214355 0.001465
-1.981689 0.084717 0.358887
0.001382 0.001382 -0.999998
0 0 0 0
0.001465 0.029785
-1.981689 0.084717 0.358887
-1 0.000978 -0.000001
0 0 0 0
0.107422 0.032715
-1.981689 0 0.358887
-1 0.000978 -0.000001
0 0 0 0
0.001465 0.032715
-1.981689 0 0.408936
-1 0.000978 -0.000001
0 0 0 0
0.001465 0.092285
-1.981689 0.084717 0.408936
-1 0.000978 -0.000001
0 0 0 0
0.107422 0.092285
-1.981689 0.084717 1.024902
0.001382 0.001382 0.999998
0 0 0 0
0.214355 0.001465
-1.981689 0 1.024902
0.001382 0.001382 0.999998
0 0 0 0
0.001465 0.001465
-1.969238 0 1.024902
0.001382 0.001382 0.999998
0 0 0 0
0.001465 0.029785
-1.969238 0.084717 1.024902
0.001382 0.001382 0.999998
0 0 0 0
0.214355 0.029785
-1.981689 0 1.024902
0.000978 -1 -0.000001
0 0 0 0
0.126953 0.001465
-1.969238 0 0.975098
0.000978 -1 -0.000001
0 0 0 0
0.001465 0.029785
-1.969238 0 1.024902
0.000978 -1 -0.000001
0 0 0 0
0.126953 0.029785
-1.981689 0 0.975098
0.000978 -1 -0.000001
0 0 0 0
0.001465 0.001465
-1.969238 0.084717 1.024902
1 0.000978 -0.000001
0 0 0 0
0.107422 0.032715
-1.969238 0 1.024902
1 0.000978 -0.000001
0 0 0 0
0.001465 0.032715
-1.969238 0 0.975098
1 0.000978 -0.000001
0 0 0 0
0.001465 0.092285
-1.969238 0.084717 0.975098
1 0.000978 -0.000001
0 0 0 0
0.107422 0.092285
-1.981689 0 0.975098
0.001382 0.001382 -0.999998
0 0 0 0
0.214355 0.029785
-1.969238 0.084717 0.975098
0.001382 0.001382 -0.999998
0 0 0 0
0.001465 0.001465
-1.969238 0 0.975098
0.001382 0.001382 -0.999998
0 0 0 0
0.214355 0.001465
-1.981689 0.084717 0.975098
0.001382 0.001382 -0.999998
0 0 0 0
0.001465 0.029785
-1.981689 0.084717 0.975098
-1 0.000978 -0.000001
0 0 0 0
0.107422 0.032715
-1.981689 0 0.975098
-1 0.000978 -0.000001
0 0 0 0
0.001465 0.032715
-1.981689 0 1.024902
-1 0.000978 -0.000001
0 0 0 0
0.001465 0.092285
-1.981689 0.084717 1.024902
-1 0.000978 -0.000001
0 0 0 0
0.107422 0.092285
-1.981689 0.084717 1.596191
0.001382 0.001382 0.999998
0 0 0 0
0.214355 0.001465
-1.981689 0 1.596191
0.001382 0.001382 0.999998
0 0 0 0
0.001465 0.001465
-1.969238 0 1.596191
0.001382 0.001382 0.999998
0 0 0 0
0.001465 0.029785
-1.969238 0.084717 1.596191
0.001382 0.001382 0.999998
0 0 0 0
0.214355 0.029785
-1.981689 0 1.596191
0.000978 -1 -0.000001
0 0 0 0
0.126953 0.001465
-1.969238 0 1.546143
0.000978 -1 -0.000001
0 0 0 0
0.001465 0.029785
-1.969238 0 1.596191
0.000978 -1 -0.000001
0 0 0 0
0.126953 0.029785
-1.981689 0 1.546143
0.000978 -1 -0.000001
0 0 0 0
0.001465 0.001465
-1.969238 0.084717 1.596191
1 0.000978 -0.000001
0 0 0 0
0.107422 0.032715
-1.969238 0 1.596191
1 0.000978 -0.000001
0 0 0 0
0.001465 0.032715
-1.969238 0 1.546143
1 0.000978 -0.000001
0 0 0 0
0.001465 0.092285
-1.969238 0.084717 1.546143
1 0.000978 -0.000001
0 0 0 0
0.107422 0.092285
-1.981689 0 1.546143
0.001382 0.001382 -0.999998
0 0 0 0
0.214355 0.029785
-1.969238 0.084717 1.546143
0.001382 0.001382 -0.999998
0 0 0 0
0.001465 0.001465
-1.969238 0 1.546143
0.001382 0.001382 -0.999998
0 0 0 0
0.214355 0.001465
-1.981689 0.084717 1.546143
0.001382 0.001382 -0.999998
0 0 0 0
0.001465 0.029785
-1.981689 0.084717 1.546143
-1 0.000978 -0.000001
0 0 0 0
0.107422 0.032715
-1.981689 0 1.546143
-1 0.000978 -0.000001
0 0 0 0
0.001465 0.032715
-1.981689 0 1.596191
-1 0.000978 -0.000001
0 0 0 0
0.001465 0.092285
-1.981689 0.084717 1.596191
-1 0.000978 -0.000001
0 0 0 0
0.107422 0.092285
-1.981689 0 -0.358887
0.001382 0.001382 0.999998
0 0 0 0
0.214355 0.001465
-1.969238 0 -0.358887
0.001382 0.001382 0.999998
0 0 0 0
0.214355 0.029785
-1.969238 0.084717 -0.358887
0.001382 0.001382 0.999998
0 0 0 0
0.001465 0.029785
-1.981689 0.084717 -0.358887
0.001382 0.001382 0.999998
0 0 0 0
0.001465 0.001465
-1.969238 0.084717 -0.408936
1 0.000978 -0.000001
0 0 0 0
0.107422 0.092285
-1.969238 0.084717 -0.358887
1 0.000978 -0.000001
0 0 0 0
0.107422 0.032715
-1.969238 0 -0.358887
1 0.000978 -0.000001
0 0 0 0
0.001465 0.032715
-1.969238 0 -0.408936
1 0.000978 -0.000001
0 0 0 0
0.001465 0.092285
-1.981689 0.084717 -0.408936
0.001382 0.001382 -0.999998
0 0 0 0
0.214355 0.029785
-1.969238 0.084717 -0.408936
0.001382 0.001382 -0.999998
0 0 0 0
0.214355 0.001465
-1.969238 0 -0.408936
0.001382 0.001382 -0.999998
0 0 0 0
0.001465 0.001465
-1.981689 0 -0.408936
0.001382 0.001382 -0.999998
0 0 0 0
0.001465 0.029785
-1.981689 0 -0.408936
0.000978 -1 -0.000001
0 0 0 0
0.126953 0.029785
-1.969238 0 -0.408936
0.000978 -1 -0.000001
0 0 0 0
0.126953 0.001465
-1.969238 0 -0.358887
0.000978 -1 -0.000001
0 0 0 0
0.001465 0.001465
-1.981689 0 -0.358887
0.000978 -1 -0.000001
0 0 0 0
0.001465 0.029785
-1.981689 0.084717 -0.358887
-1 0.000978 -0.000001
0 0 0 0
0.107422 0.092285
-1.981689 0.084717 -0.408936
-1 0.000978 -0.000001
0 0 0 0
0.107422 0.032715
-1.981689 0 -0.408936
-1 0.000978 -0.000001
0 0 0 0
0.001465 0.032715
-1.981689 0 -0.358887
-1 0.000978 -0.000001
0 0 0 0
0.001465 0.092285
-1.981689 0 -0.975098
0.001382 0.001382 0.999998
0 0 0 0
0.214355 0.001465
-1.969238 0 -0.975098
0.001382 0.001382 0.999998
0 0 0 0
0.214355 0.029785
-1.969238 0.084717 -0.975098
0.001382 0.001382 0.999998
0 0 0 0
0.001465 0.029785
-1.981689 0.084717 -0.975098
0.001382 0.001382 0.999998
0 0 0 0
0.001465 0.001465
-1.969238 0.084717 -1.024902
1 0.000978 -0.000001
0 0 0 0
0.107422 0.092285
-1.969238 0.084717 -0.975098
1 0.000978 -0.000001
0 0 0 0
0.107422 0.032715
-1.969238 0 -0.975098
1 0.000978 -0.000001
0 0 0 0
0.001465 0.032715
-1.969238 0 -1.024902
1 0.000978 -0.000001
0 0 0 0
0.001465 0.092285
-1.981689 0.084717 -1.024902
0.001382 0.001382 -0.999998
0 0 0 0
0.214355 0.029785
-1.969238 0.084717 -1.024902
0.001382 0.001382 -0.999998
0 0 0 0
0.214355 0.001465
-1.969238 0 -1.024902
0.001382 0.001382 -0.999998
0 0 0 0
0.001465 0.001465
-1.981689 0 -1.024902
0.001382 0.001382 -0.999998
0 0 0 0
0.001465 0.029785
-1.981689 0 -1.024902
0.000978 -1 -0.000001
0 0 0 0
0.126953 0.029785
-1.969238 0 -1.024902
0.000978 -1 -0.000001
0 0 0 0
0.126953 0.001465
-1.969238 0 -0.975098
0.000978 -1 -0.000001
0 0 0 0
0.001465 0.001465
-1.981689 0 -0.975098
0.000978 -1 -0.000001
0 0 0 0
0.001465 0.029785
-1.981689 0.084717 -0.975098
-1 0.000978 -0.000001
0 0 0 0
0.107422 0.092285
-1.981689 0.084717 -1.024902
-1 0.000978 -0.000001
0 0 0 0
0.107422 0.032715
-1.981689 0 -1.024902
-1 0.000978 -0.000001
0 0 0 0
0.001465 0.032715
-1.981689 0 -0.975098
-1 0.000978 -0.000001
0 0 0 0
0.001465 0.092285
-1.981689 0 -1.546143
0.001382 0.001382 0.999998
0 0 0 0
0.214355 0.001465
-1.969238 0 -1.546143
0.001382 0.001382 0.999998
0 0 0 0
0.214355 0.029785
-1.969238 0.084717 -1.546143
0.001382 0.001382 0.999998
0 0 0 0
0.001465 0.029785
-1.981689 0.084717 -1.546143
0.001382 0.001382 0.999998
0 0 0 0
0.001465 0.001465
-1.969238 0.084717 -1.596191
1 0.000978 -0.000001
0 0 0 0
0.107422 0.092285
-1.969238 0.084717 -1.546143
1 0.000978 -0.000001
0 0 0 0
0.107422 0.032715
-1.969238 0 -1.546143
1 0.000978 -0.000001
0 0 0 0
0.001465 0.032715
-1.969238 0 -1.596191
1 0.000978 -0.000001
0 0 0 0
0.001465 0.092285
-1.981689 0.084717 -1.596191
0.001382 0.001382 -0.999998
0 0 0 0
0.214355 0.029785
-1.969238 0.084717 -1.596191
0.001382 0.001382 -0.999998
0 0 0 0
0.214355 0.001465
-1.969238 0 -1.596191
0.001382 0.001382 -0.999998
0 0 0 0
0.001465 0.001465
-1.981689 0 -1.596191
0.001382 0.001382 -0.999998
0 0 0 0
0.001465 0.029785
-1.981689 0 -1.596191
0.000978 -1 -0.000001
0 0 0 0
0.126953 0.029785
-1.969238 0 -1.596191
0.000978 -1 -0.000001
0 0 0 0
0.126953 0.001465
-1.969238 0 -1.546143
0.000978 -1 -0.000001
0 0 0 0
0.001465 0.001465
-1.981689 0 -1.546143
0.000978 -1 -0.000001
0 0 0 0
0.001465 0.029785
-1.981689 0.084717 -1.546143
-1 0.000978 -0.000001
0 0 0 0
0.107422 0.092285
-1.981689 0.084717 -1.596191
-1 0.000978 -0.000001
0 0 0 0
0.107422 0.032715
-1.981689 0 -1.596191
-1 0.000978 -0.000001
0 0 0 0
0.001465 0.032715
-1.981689 0 -1.546143
-1 0.000978 -0.000001
0 0 0 0
0.001465 0.092285
-1.981689 3.915283 -0.408936
0.001382 0.001382 -0.999998
0 0 0 0
0.214355 0.001465
-1.981689 4 -0.408936
0.001382 0.001382 -0.999998
0 0 0 0
0.001465 0.001465
-1.969238 4 -0.408936
0.001382 0.001382 -0.999998
0 0 0 0
0.001465 0.029785
-1.969238 3.915283 -0.408936
0.001382 0.001382 -0.999998
0 0 0 0
0.214355 0.029785
-1.981689 4 -0.408936
0.000978 1 -0.000001
0 0 0 0
0.126953 0.001465
-1.969238 4 -0.358887
0.000978 1 -0.000001
0 0 0 0
0.001465 0.029785
-1.969238 4 -0.408936
0.000978 1 -0.000001
0 0 0 0
0.126953 0.029785
-1.981689 4 -0.358887
0.000978 1 -0.000001
0 0 0 0
0.001465 0.001465
-1.969238 3.915283 -0.408936
1 0.000978 -0.000001
0 0 0 0
0.107422 0.032715
-1.969238 4 -0.408936
1 0.000978 -0.000001
0 0 0 0
0.001465 0.032715
-1.969238 4 -0.358887
1 0.000978 -0.000001
0 0 0 0
0.001465 0.092285
-1.969238 3.915283 -0.358887
1 0.000978 -0.000001
0 0 0 0
0.107422 0.092285
-1.981689 4 -0.358887
0.001382 0.001382 0.999998
0 0 0 0
0.214355 0.029785
-1.969238 3.915283 -0.358887
0.001382 0.001382 0.999998
0 0 0 0
0.001465 0.001465
-1.969238 4 -0.358887
0.001382 0.001382 0.999998
0 0 0 0
0.214355 0.001465
-1.981689 3.915283 -0.358887
0.001382 0.001382 0.999998
0 0 0 0
0.001465 0.029785
-1.981689 3.915283 -0.358887
-1 0.000978 -0.000001
0 0 0 0
0.107422 0.032715
-1.981689 4 -0.358887
-1 0.000978 -0.000001
0 0 0 0
0.001465 0.032715
-1.981689 4 -0.408936
-1 0.000978 -0.000001
0 0 0 0
0.001465 0.092285
-1.981689 3.915283 -0.408936
-1 0.000978 -0.000001
0 0 0 0
0.107422 0.092285
-1.981689 3.915283 -1.024902
0.001382 0.001382 -0.999998
0 0 0 0
0.214355 0.001465
-1.981689 4 -1.024902
0.001382 0.001382 -0.999998
0 0 0 0
0.001465 0.001465
-1.969238 4 -1.024902
0.001382 0.001382 -0.999998
0 0 0 0
0.001465 0.029785
-1.969238 3.915283 -1.024902
0.001382 0.001382 -0.999998
0 0 0 0
0.214355 0.029785
-1.981689 4 -1.024902
0.000978 1 -0.000001
0 0 0 0
0.126953 0.001465
-1.969238 4 -0.975098
0.000978 1 -0.000001
0 0 0 0
0.001465 0.029785
-1.969238 4 -1.024902
0.000978 1 -0.000001
0 0 0 0
0.126953 0.029785
-1.981689 4 -0.975098
0.000978 1 -0.000001
0 0 0 0
0.001465 0.001465
-1.969238 3.915283 -1.024902
1 0.000978 -0.000001
0 0 0 0
0.107422 0.032715
-1.969238 4 -1.024902
1 0.000978 -0.000001
0 0 0 0
0.001465 0.032715
-1.969238 4 -0.975098
1 0.000978 -0.000001
0 0 0 0
0.001465 0.092285
-1.969238 3.915283 -0.975098
1 0.000978 -0.000001
0 0 0 0
0.107422 0.092285
-1.981689 4 -0.975098
0.001382 0.001382 0.999998
0 0 0 0
0.214355 0.029785
-1.969238 3.915283 -0.975098
0.001382 0.001382 0.999998
0 0 0 0
0.001465 0.001465
-1.969238 4 -0.975098
0.001382 0.001382 0.999998
0 0 0 0
0.214355 0.001465
-1.981689 3.915283 -0.975098
0.001382 0.001382 0.999998
0 0 0 0
0.001465 0.029785
-1.981689 3.915283 -0.975098
-1 0.000978 -0.000001
0 0 0 0
0.107422 0.032715
-1.981689 4 -0.975098
-1 0.000978 -0.000001
0 0 0 0
0.001465 0.032715
-1.981689 4 -1.024902
-1 0.000978 -0.000001
0 0 0 0
0.001465 0.092285
-1.981689 3.915283 -1.024902
-1 0.000978 -0.000001
0 0 0 0
0.107422 0.092285
-1.981689 3.915283 -1.596191
0.001382 0.001382 -0.999998
0 0 0 0
0.214355 0.001465
-1.981689 4 -1.596191
0.001382 0.001382 -0.999998
0 0 0 0
0.001465 0.001465
-1.969238 4 -1.596191
0.001382 0.001382 -0.999998
0 0 0 0
0.001465 0.029785
-1.969238 3.915283 -1.596191
0.001382 0.001382 -0.999998
0 0 0 0
0.214355 0.029785
-1.981689 4 -1.596191
0.000978 1 -0.000001
0 0 0 0
0.126953 0.001465
-1.969238 4 -1.546143
0.000978 1 -0.000001
0 0 0 0
0.001465 0.029785
-1.969238 4 -1.596191
0.000978 1 -0.000001
0 0 0 0
0.126953 0.029785
-1.981689 4 -1.546143
0.000978 1 -0.000001
0 0 0 0
0.001465 0.001465
-1.969238 3.915283 -1.596191
1 0.000978 -0.000001
0 0 0 0
0.107422 0.032715
-1.969238 4 -1.596191
1 0.000978 -0.000001
0 0 0 0
0.001465 0.032715
-1.969238 4 -1.546143
1 0.000978 -0.000001
0 0 0 0
0.001465 0.092285
-1.969238 3.915283 -1.546143
1 0.000978 -0.000001
0 0 0 0
0.107422 0.092285
-1.981689 4 -1.546143
0.001382 0.001382 0.999998
0 0 0 0
0.214355 0.029785
-1.969238 3.915283 -1.546143
0.001382 0.001382 0.999998
0 0 0 0
0.001465 0.001465
-1.969238 4 -1.546143
0.001382 0.001382 0.999998
0 0 0 0
0.214355 0.001465
-1.981689 3.915283 -1.546143
0.001382 0.001382 0.999998
0 0 0 0
0.001465 0.029785
-1.981689 3.915283 -1.546143
-1 0.000978 -0.000001
0 0 0 0
0.107422 0.032715
-1.981689 4 -1.546143
-1 0.000978 -0.000001
0 0 0 0
0.001465 0.032715
-1.981689 4 -1.596191
-1 0.000978 -0.000001
0 0 0 0
0.001465 0.092285
-1.981689 3.915283 -1.596191
-1 0.000978 -0.000001
0 0 0 0
0.107422 0.092285
-1.981689 4 0.358887
0.001382 0.001382 -0.999998
0 0 0 0
0.214355 0.001465
-1.969238 4 0.358887
0.001382 0.001382 -0.999998
0 0 0 0
0.214355 0.029785
-1.969238 3.915283 0.358887
0.001382 0.001382 -0.999998
0 0 0 0
0.001465 0.029785
-1.981689 3.915283 0.358887
0.001382 0.001382 -0.999998
0 0 0 0
0.001465 0.001465
-1.969238 3.915283 0.408936
1 0.000978 -0.000001
0 0 0 0
0.107422 0.092285
-1.969238 3.915283 0.358887
1 0.000978 -0.000001
0 0 0 0
0.107422 0.032715
-1.969238 4 0.358887
1 0.000978 -0.000001
0 0 0 0
0.001465 0.032715
-1.969238 4 0.408936
1 0.000978 -0.000001
0 0 0 0
0.001465 0.092285
-1.981689 3.915283 0.408936
0.001382 0.001382 0.999998
0 0 0 0
0.214355 0.029785
-1.969238 3.915283 0.408936
0.001382 0.001382 0.999998
0 0 0 0
0.214355 0.001465
-1.969238 4 0.408936
0.001382 0.001382 0.999998
0 0 0 0
0.001465 0.001465
-1.981689 4 0.408936
0.001382 0.001382 0.999998
0 0 0 0
0.001465 0.029785
-1.981689 4 0.408936
0.000978 1 -0.000001
0 0 0 0
0.126953 0.029785
-1.969238 4 0.408936
0.000978 1 -0.000001
0 0 0 0
0.126953 0.001465
-1.969238 4 0.358887
0.000978 1 -0.000001
0 0 0 0
0.001465 0.001465
-1.981689 4 0.358887
0.000978 1 -0.000001
0 0 0 0
0.001465 0.029785
-1.981689 3.915283 0.358887
-1 0.000978 -0.000001
0 0 0 0
0.107422 0.092285
-1.981689 3.915283 0.408936
-1 0.000978 -0.000001
0 0 0 0
0.107422 0.032715
-1.981689 4 0.408936
-1 0.000978 -0.000001
0 0 0 0
0.001465 0.032715
-1.981689 4 0.358887
-1 0.000978 -0.000001
0 0 0 0
0.001465 0.092285
-1.981689 4 0.975098
0.001382 0.001382 -0.999998
0 0 0 0
0.214355 0.001465
-1.969238 4 0.975098
0.001382 0.001382 -0.999998
0 0 0 0
0.214355 0.029785
-1.969238 3.915283 0.975098
0.001382 0.001382 -0.999998
0 0 0 0
0.001465 0.029785
-1.981689 3.915283 0.975098
0.001382 0.001382 -0.999998
0 0 0 0
0.001465 0.001465
-1.969238 3.915283 1.024902
1 0.000978 -0.000001
0 0 0 0
0.107422 0.092285
-1.969238 3.915283 0.975098
1 0.000978 -0.000001
0 0 0 0
0.107422 0.032715
-1.969238 4 0.975098
1 0.000978 -0.000001
0 0 0 0
0.001465 0.032715
-1.969238 4 1.024902
1 0.000978 -0.000001
0 0 0 0
0.001465 0.092285
-1.981689 3.915283 1.024902
0.001382 0.001382 0.999998
0 0 0 0
0.214355 0.029785
-1.969238 3.915283 1.024902
0.001382 0.001382 0.999998
0 0 0 0
0.214355 0.001465
-1.969238 4 1.024902
0.001382 0.001382 0.999998
0 0 0 0
0.001465 0.001465
-1.981689 4 1.024902
0.001382 0.001382 0.999998
0 0 0 0
0.001465 0.029785
-1.981689 4 1.024902
0.000978 1 -0.000001
0 0 0 0
0.126953 0.029785
-1.969238 4 1.024902
0.000978 1 -0.000001
0 0 0 0
0.126953 0.001465
-1.969238 4 0.975098
0.000978 1 -0.000001
0 0 0 0
0.001465 0.001465
-1.981689 4 0.975098
0.000978 1 -0.000001
0 0 0 0
0.001465 0.029785
-1.981689 3.915283 0.975098
-1 0.000978 -0.000001
0 0 0 0
0.107422 0.092285
-1.981689 3.915283 1.024902
-1 0.000978 -0.000001
0 0 0 0
0.107422 0.032715
-1.981689 4 1.024902
-1 0.000978 -0.000001
0 0 0 0
0.001465 0.032715
-1.981689 4 0.975098
-1 0.000978 -0.000001
0 0 0 0
0.001465 0.092285
-1.981689 4 1.546143
0.001382 0.001382 -0.999998
0 0 0 0
0.214355 0.001465
-1.969238 4 1.546143
0.001382 0.001382 -0.999998
0 0 0 0
0.214355 0.029785
-1.969238 3.915283 1.546143
0.001382 0.001382 -0.999998
0 0 0 0
0.001465 0.029785
-1.981689 3.915283 1.546143
0.001382 0.001382 -0.999998
0 0 0 0
0.001465 0.001465
-1.969238 3.915283 1.596191
1 0.000978 -0.000001
0 0 0 0
0.107422 0.092285
-1.969238 3.915283 1.546143
1 0.000978 -0.000001
0 0 0 0
0.107422 0.032715
-1.969238 4 1.546143
1 0.000978 -0.000001
0 0 0 0
0.001465 0.032715
-1.969238 4 1.596191
1 0.000978 -0.000001
0 0 0 0
0.001465 0.092285
-1.981689 3.915283 1.596191
0.001382 0.001382 0.999998
0 0 0 0
0.214355 0.029785
-1.969238 3.915283 1.596191
0.001382 0.001382 0.999998
0 0 0 0
0.214355 0.001465
-1.969238 4 1.596191
0.001382 0.001382 0.999998
0 0 0 0
0.001465 0.001465
-1.981689 4 1.596191
0.001382 0.001382 0.999998
0 0 0 0
0.001465 0.029785
-1.981689 4 1.596191
0.000978 1 -0.000001
0 0 0 0
0.126953 0.029785
-1.969238 4 1.596191
0.000978 1 -0.000001
0 0 0 0
0.126953 0.001465
-1.969238 4 1.546143
0.000978 1 -0.000001
0 0 0 0
0.001465 0.001465
-1.981689 4 1.546143
0.000978 1 -0.000001
0 0 0 0
0.001465 0.029785
-1.981689 3.915283 1.546143
-1 0.000978 -0.000001
0 0 0 0
0.107422 0.092285
-1.981689 3.915283 1.596191
-1 0.000978 -0.000001
0 0 0 0
0.107422 0.032715
-1.981689 4 1.596191
-1 0.000978 -0.000001
0 0 0 0
0.001465 0.032715
-1.981689 4 1.546143
-1 0.000978 -0.000001
0 0 0 0
0.001465 0.092285
1.969238 2.037354 0.358887
0.001382 0.001382 -0.999998
0 0 0 0
0.214355 0.029785
1.981689 2.037354 0.358887
0.001382 0.001382 -0.999998
0 0 0 0
0.214355 0.001465
1.981689 1.952637 0.358887
0.001382 0.001382 -0.999998
0 0 0 0
0.001465 0.001465
1.969238 1.952637 0.358887
0.001382 0.001382 -0.999998
0 0 0 0
0.001465 0.029785
1.981689 1.952637 0.408936
1 0.000978 -0.000001
0 0 0 0
0.107422 0.032715
1.981689 1.952637 0.358887
1 0.000978 -0.000001
0 0 0 0
0.107422 0.092285
1.981689 2.037354 0.358887
1 0.000978 -0.000001
0 0 0 0
0.001465 0.092285
1.981689 2.037354 0.408936
1 0.000978 -0.000001
0 0 0 0
0.001465 0.032715
1.969238 1.952637 0.408936
0.001382 0.001382 0.999998
0 0 0 0
0.214355 0.001465
1.981689 1.952637 0.408936
0.001382 0.001382 0.999998
0 0 0 0
0.214355 0.029785
1.981689 2.037354 0.408936
0.001382 0.001382 0.999998
0 0 0 0
0.001465 0.029785
1.969238 2.037354 0.408936
0.001382 0.001382 0.999998
0 0 0 0
0.001465 0.001465
1.969238 1.952637 0.358887
-1 0.000978 -0.000001
0 0 0 0
0.107422 0.032715
1.969238 1.952637 0.408936
-1 0.000978 -0.000001
0 0 0 0
0.107422 0.092285
1.969238 2.037354 0.408936
-1 0.000978 -0.000001
0 0 0 0
0.001465 0.092285
1.969238 2.037354 0.358887
-1 0.000978 -0.000001
0 0 0 0
0.001465 0.032715
912
2 1 0
3 2 0
6 5 4
7 6 4
10 9 8
11 10 8
14 13 12
15 14 12
18 17 16
19 18 16
22 21 20
23 22 20
26 25 24
27 26 24
30 29 28
31 30 28
34 33 32
35 34 32
38 37 36
39 38 36
42 41 40
43 42 40
46 45 44
47 46 44
50 49 48
51 50 48
54 53 52
55 54 52
58 57 56
59 58 56
62 61 60
63 62 60
66 65 64
67 66 64
70 69 68
71 70 68
74 73 72
75 74 72
78 77 76
79 78 76
82 81 80
83 82 80
86 85 84
85 87 84
90 89 88
91 90 88
94 93 92
93 95 92
98 97 96
99 98 96
102 101 100
101 103 100
106 105 104
105 107 104
110 109 108
111 110 108
114 113 112
113 115 112
118 117 116
117 119 116
122 121 120
123 122 120
126 125 124
127 126 124
130 129 128
131 130 128
134 133 132
135 134 132
138 137 136
139 138 136
142 141 140
143 142 140
146 145 144
147 146 144
150 149 148
149 151 148
154 153 152
155 154 152
158 157 156
159 158 156
162 161 160
163 162 160
166 165 164
167 166 164
170 169 168
171 170 168
174 173 172
175 174 172
178 177 176
179 178 176
182 181 180
183 182 180
186 185 184
187 186 184
190 189 188
191 190 188
194 193 192
195 194 192
198 197 196
199 198 196
202 201 200
203 202 200
206 205 204
207 206 204
210 209 208
211 210 208
214 213 212
215 214 212
218 217 216
219 218 216
222 221 220
223 222 220
226 225 224
227 226 224
230 229 228
231 230 228
234 233 232
235 234 232
238 237 236
239 238 236
242 241 240
243 242 240
246 245 244
247 246 244
250 249 248
251 250 248
254 253 252
255 254 252
258 257 256
259 258 256
262 261 260
263 262 260
266 265 264
267 266 264
270 269 268
271 270 268
274 273 272
275 274 272
278 277 276
279 278 276
282 281 280
283 282 280
286 285 284
287 286 284
290 289 288
291 290 288
294 293 292
295 294 292
298 297 296
299 298 296
302 301 300
303 302 300
306 305 304
307 306 304
310 309 308
311 310 308
314 313 312
315 314 312
318 317 316
319 318 316
322 321 320
323 322 320
326 325 324
327 326 324
330 329 328
331 330 328
334 333 332
335 334 332
338 337 336
339 338 336
342 341 340
343 342 340
346 345 344
347 346 344
350 349 348
351 350 348
354 353 352
355 354 352
358 357 356
359 358 356
362 361 360
363 362 360
366 365 364
367 366 364
370 369 368
371 370 368
374 373 372
375 374 372
378 377 376
379 378 376
382 381 380
383 382 380
386 385 384
387 386 384
390 389 388
391 390 388
394 393 392
395 394 392
398 397 396
399 398 396
402 401 400
403 402 400
406 405 404
407 406 404
410 409 408
411 410 408
414 413 412
415 414 412
418 417 416
419 418 416
422 421 420
423 422 420
426 425 424
427 426 424
430 429 428
431 430 428
434 433 432
435 434 432
438 437 436
439 438 436
442 441 440
443 442 440
446 445 444
447 446 444
450 449 448
451 450 448
454 453 452
455 454 452
458 457 456
459 458 456
462 461 460
463 462 460
466 465 464
467 466 464
470 469 468
471 470 468
474 473 472
475 474 472
478 477 476
479 478 476
482 481 480
483 482 480
486 485 484
487 486 484
490 489 488
491 490 488
494 493 492
495 494 492
498 497 496
499 498 496
502 501 500
503 502 500
506 505 504
507 506 504
510 509 508
511 510 508
514 513 512
515 514 512
515 512 516
512 517 516
516 517 518
519 516 518
519 518 520
521 519 520
521 520 522
523 521 522
523 522 524
525 523 524
525 524 526
527 525 526
527 526 528
529 527 528
532 531 530
533 532 530
533 530 534
535 533 534
535 534 536
537 535 536
537 536 538
539 537 538
539 538 540
541 539 540
541 540 542
543 541 542
543 542 544
545 543 544
545 544 546
547 545 546
550 549 548
549 551 548
548 551 552
551 553 552
552 553 554
553 555 554
554 555 556
555 557 556
556 557 558
557 559 558
558 559 560
559 561 560
560 561 562
561 563 562
562 563 564
563 565 564
568 567 566
567 569 566
569 570 566
570 571 566
571 570 572
570 573 572
572 573 574
573 575 574
574 575 576
575 577 576
576 577 578
577 579 578
578 579 580
579 581 580
580 581 582
581 583 582
586 585 584
587 586 584
590 589 588
591 590 588
594 593 592
593 595 592
598 597 596
599 598 596
602 601 600
603 602 600
606 605 604
607 606 604
610 609 608
609 611 608
614 613 612
615 614 612
618 617 616
619 618 616
622 621 620
623 622 620
626 625 624
625 627 624
630 629 628
631 630 628
634 633 632
635 634 632
638 637 636
639 638 636
642 641 640
643 642 640
646 645 644
647 646 644
650 649 648
651 650 648
654 653 652
655 654 652
658 657 656
659 658 656
662 661 660
663 662 660
666 665 664
667 666 664
670 669 668
669 671 668
674 673 672
675 674 672
678 677 676
677 679 676
682 681 680
683 682 680
686 685 684
687 686 684
690 689 688
689 691 688
694 693 692
695 694 692
698 697 696
697 699 696
702 701 700
703 702 700
706 705 704
707 706 704
710 709 708
709 711 708
714 713 712
715 714 712
718 717 716
717 719 716
722 721 720
723 722 720
726 725 724
727 726 724
730 729 728
731 730 728
734 733 732
735 734 732
738 737 736
739 738 736
742 741 740
743 742 740
746 745 744
747 746 744
750 749 748
751 750 748
754 753 752
755 754 752
758 757 756
759 758 756
762 761 760
763 762 760
766 765 764
767 766 764
770 769 768
771 770 768
774 773 772
775 774 772
778 777 776
779 778 776
782 781 780
783 782 780
786 785 784
787 786 784
790 789 788
789 791 788
794 793 792
795 794 792
798 797 796
797 799 796
802 801 800
803 802 800
806 805 804
807 806 804
810 809 808
809 811 808
814 813 812
815 814 812
818 817 816
817 819 816
822 821 820
823 822 820
826 825 824
827 826 824
830 829 828
829 831 828
834 833 832
835 834 832
838 837 836
837 839 836
842 841 840
843 842 840
846 845 844
847 846 844
850 849 848
851 850 848
854 853 852
855 854 852
858 857 856
859 858 856
862 861 860
863 862 860
866 865 864
867 866 864
870 869 868
871 870 868
874 873 872
875 874 872
878 877 876
879 878 876
882 881 880
883 882 880
886 885 884
887 886 884
890 889 888
891 890 888
894 893 892
895 894 892
898 897 896
899 898 896
902 901 900
903 902 900
906 905 904
907 906 904
910 909 908
911 910 908
914 913 912
915 914 912
918 917 916
919 918 916
922 921 920
923 922 920
926 925 924
927 926 924
930 929 928
931 930 928
934 933 932
935 934 932
938 937 936
939 938 936
942 941 940
943 942 940
946 945 944
947 946 944
950 949 948
951 950 948
954 953 952
955 954 952
958 957 956
959 958 956
962 961 960
961 963 960
966 965 964
967 966 964
970 969 968
971 970 968
974 973 972
975 974 972
978 977 976
979 978 976
982 981 980
983 982 980
986 985 984
987 986 984
990 989 988
991 990 988
994 993 992
995 994 992
998 997 996
999 998 996
1002 1001 1000
1003 1002 1000
1006 1005 1004
1007 1006 1004
1010 1009 1008
1011 1010 1008
1014 1013 1012
1015 1014 1012
1018 1017 1016
1019 1018 1016
1022 1021 1020
1021 1023 1020
1026 1025 1024
1027 1026 1024
1030 1029 1028
1029 1031 1028
1034 1033 1032
1035 1034 1032
1038 1037 1036
1037 1039 1036
1042 1041 1040
1041 1043 1040
1046 1045 1044
1047 1046 1044
1050 1049 1048
1049 1051 1048
1054 1053 1052
1053 1055 1052
1058 1057 1056
1059 1058 1056
1062 1061 1060
1063 1062 1060
1066 1065 1064
1067 1066 1064
1070 1069 1068
1071 1070 1068
1074 1073 1072
1075 1074 1072
1078 1077 1076
1079 1078 1076
1082 1081 1080
1083 1082 1080
1086 1085 1084
1085 1087 1084
1090 1089 1088
1091 1090 1088
1094 1093 1092
1095 1094 1092
1098 1097 1096
1099 1098 1096
1099 1096 1100
1101 1099 1100
1101 1100 1102
1103 1101 1102
1103 1102 1104
1105 1103 1104
1105 1104 1106
1107 1105 1106
1107 1106 1108
1109 1107 1108
1109 1108 1110
1111 1109 1110
1111 1110 1112
1113 1111 1112
1116 1115 1114
1117 1116 1114
1117 1114 1118
1114 1119 1118
1118 1119 1120
1121 1118 1120
1121 1120 1122
1123 1121 1122
1123 1122 1124
1125 1123 1124
1125 1124 1126
1127 1125 1126
1127 1126 1128
1129 1127 1128
1129 1128 1130
1131 1129 1130
1134 1133 1132
1133 1135 1132
1135 1136 1132
1136 1137 1132
1137 1136 1138
1136 1139 1138
1138 1139 1140
1139 1141 1140
1140 1141 1142
1141 1143 1142
1142 1143 1144
1143 1145 1144
1144 1145 1146
1145 1147 1146
1146 1147 1148
1147 1149 1148
1152 1151 1150
1151 1153 1150
1150 1153 1154
1153 1155 1154
1154 1155 1156
1155 1157 1156
1156 1157 1158
1157 1159 1158
1158 1159 1160
1159 1161 1160
1160 1161 1162
1161 1163 1162
1162 1163 1164
1163 1165 1164
1164 1165 1166
1165 1167 1166
1170 1169 1168
1169 1171 1168
1171 1172 1168
1172 1173 1168
1173 1172 1174
1172 1175 1174
1174 1175 1176
1175 1177 1176
1176 1177 1178
1177 1179 1178
1178 1179 1180
1179 1181 1180
1180 1181 1182
1181 1183 1182
1182 1183 1184
1183 1185 1184
1188 1187 1186
1187 1189 1186
1186 1189 1190
1189 1191 1190
1190 1191 1192
1191 1193 1192
1192 1193 1194
1193 1195 1194
1194 1195 1196
1195 1197 1196
1196 1197 1198
1197 1199 1198
1198 1199 1200
1199 1201 1200
1200 1201 1202
1201 1203 1202
1206 1205 1204
1207 1206 1204
1207 1204 1208
1204 1209 1208
1208 1209 1210
1211 1208 1210
1211 1210 1212
1213 1211 1212
1213 1212 1214
1215 1213 1214
1215 1214 1216
1217 1215 1216
1217 1216 1218
1219 1217 1218
1219 1218 1220
1221 1219 1220
1224 1223 1222
1225 1224 1222
1225 1222 1226
1227 1225 1226
1227 1226 1228
1229 1227 1228
1229 1228 1230
1231 1229 1230
1231 1230 1232
1233 1231 1232
1233 1232 1234
1235 1233 1234
1235 1234 1236
1237 1235 1236
1237 1236 1238
1239 1237 1238
1242 1241 1240
1241 1243 1240
1240 1243 1244
1243 1245 1244
1244 1245 1246
1245 1247 1246
1246 1247 1248
1247 1249 1248
1248 1249 1250
1249 1251 1250
1250 1251 1252
1251 1253 1252
1252 1253 1254
1253 1255 1254
1254 1255 1256
1255 1257 1256
1260 1259 1258
1259 1261 1258
1261 1262 1258
1262 1263 1258
1263 1262 1264
1262 1265 1264
1264 1265 1266
1265 1267 1266
1266 1267 1268
1267 1269 1268
1268 1269 1270
1269 1271 1270
1270 1271 1272
1271 1273 1272
1272 1273 1274
1273 1275 1274
1278 1277 1276
1279 1278 1276
1279 1276 1280
1281 1279 1280
1281 1280 1282
1283 1281 1282
1283 1282 1284
1285 1283 1284
1285 1284 1286
1287 1285 1286
1287 1286 1288
1289 1287 1288
1289 1288 1290
1291 1289 1290
1291 1290 1292
1293 1291 1292
1296 1295 1294
1297 1296 1294
1297 1294 1298
1294 1299 1298
1298 1299 1300
1301 1298 1300
1301 1300 1302
1303 1301 1302
1303 1302 1304
1305 1303 1304
1305 1304 1306
1307 1305 1306
1307 1306 1308
1309 1307 1308
1309 1308 1310
1311 1309 1310
1314 1313 1312
1315 1314 1312
1318 1317 1316
1319 1318 1316
1322 1321 1320
1321 1323 1320
1326 1325 1324
1327 1326 1324
1330 1329 1328
1331 1330 1328
1334 1333 1332
1335 1334 1332
1338 1337 1336
1337 1339 1336
1342 1341 1340
1343 1342 1340
1346 1345 1344
1347 1346 1344
1350 1349 1348
1349 1351 1348
1354 1353 1352
1355 1354 1352
1358 1357 1356
1357 1359 1356
1362 1361 1360
1363 1362 1360
1366 1365 1364
1367 1366 1364
1370 1369 1368
1369 1371 1368
1374 1373 1372
1375 1374 1372
1378 1377 1376
1377 1379 1376
1382 1381 1380
1383 1382 1380
1386 1385 1384
1387 1386 1384
1390 1389 1388
1389 1391 1388
1394 1393 1392
1395 1394 1392
1398 1397 1396
1397 1399 1396
1402 1401 1400
1403 1402 1400
1406 1405 1404
1407 1406 1404
1410 1409 1408
1411 1410 1408
1414 1413 1412
1415 1414 1412
1418 1417 1416
1419 1418 1416
1422 1421 1420
1423 1422 1420
1426 1425 1424
1427 1426 1424
1430 1429 1428
1431 1430 1428
1434 1433 1432
1435 1434 1432
1438 1437 1436
1439 1438 1436
1442 1441 1440
1443 1442 1440
1446 1445 1444
1447 1446 1444
1450 1449 1448
1451 1450 1448
1454 1453 1452
1455 1454 1452
1458 1457 1456
1459 1458 1456
1462 1461 1460
1463 1462 1460
1466 1465 1464
1467 1466 1464
1470 1469 1468
1469 1471 1468
1474 1473 1472
1475 1474 1472
1478 1477 1476
1477 1479 1476
1482 1481 1480
1483 1482 1480
1486 1485 1484
1487 1486 1484
1490 1489 1488
1489 1491 1488
1494 1493 1492
1495 1494 1492
1498 1497 1496
1497 1499 1496
1502 1501 1500
1503 1502 1500
1506 1505 1504
1507 1506 1504
1510 1509 1508
1509 1511 1508
1514 1513 1512
1515 1514 1512
1518 1517 1516
1517 1519 1516
1522 1521 1520
1523 1522 1520
1526 1525 1524
1527 1526 1524
1530 1529 1528
1531 1530 1528
1534 1533 1532
1535 1534 1532
1538 1537 1536
1539 1538 1536
1542 1541 1540
1543 1542 1540
1546 1545 1544
1547 1546 1544
1550 1549 1548
1551 1550 1548
1554 1553 1552
1555 1554 1552
1558 1557 1556
1559 1558 1556
1562 1561 1560
1563 1562 1560
1566 1565 1564
1567 1566 1564
1570 1569 1568
1571 1570 1568
1574 1573 1572
1575 1574 1572
1578 1577 1576
1579 1578 1576
1582 1581 1580
1583 1582 1580
1586 1585 1584
1587 1586 1584
1590 1589 1588
1591 1590 1588
1594 1593 1592
1595 1594 1592
1598 1597 1596
1599 1598 1596
sm02_materials\cp_materials\metal\cp_base_steel_trim_01.material
1
0
1227
1.975586 2.034912 -2.005859
0.001382 0.001382 -0.999998
0 0 0 0
0.099854 0.938232
1.975586 2.058838 -2.005859
0.001382 0.001382 -0.999998
0 0 0 0
0.109375 0.928955
1.992432 2.041992 -2.005859
-0.001382 0.001382 -0.999998
0 0 0 0
0.109375 0.942139
1.958496 2.041992 -2.005859
0.001382 0.001382 -0.999998
0 0 0 0
0.095947 0.928955
1.951416 2.058838 -2.005859
0.001382 0.001382 -0.999998
0 0 0 0
0.099854 0.919434
1.958496 2.075928 -2.005859
-0.001382 0.001382 -0.999998
0 0 0 0
0.109375 0.915527
1.975586 2.083008 -2.005859
0.001382 0.001382 -0.999998
0 0 0 0
0.118896 0.919434
1.992432 2.075928 -2.005859
0.001382 0.001382 -0.999998
0 0 0 0
0.122803 0.928955
1.999512 2.058838 -2.005859
0.001382 0.001382 -0.999998
0 0 0 0
0.118896 0.938232
1.958496 2.041992 -2.005859
-0.707106 -0.707106 0.001023
0 0 0 0
-1 0.736816
1.975586 2.034912 2.005859
0.000978 -1 -0.000001
0 0 0 0
1 0.727539
1.958496 2.041992 2.005859
-0.707106 -0.707106 0.001023
0 0 0 0
1 0.736816
1.975586 2.034912 -2.005859
0.000978 -1 -0.000001
0 0 0 0
-1 0.727539
1.992432 2.041992 2.005859
0.707106 -0.707106 0.001023
0 0 0 0
1 0.718506
1.992432 2.041992 -2.005859
0.707106 -0.707106 0.001023
0 0 0 0
-1 0.718506
1.999512 2.058838 2.005859
1 0.000978 -0.000001
0 0 0 0
1 0.709229
1.999512 2.058838 -2.005859
1 0.000978 -0.000001
0 0 0 0
-1 0.709229
1.992432 2.075928 2.005859
0.707106 0.707106 0.001023
0 0 0 0
1 0.699951
1.992432 2.075928 -2.005859
0.707106 0.707106 0.001023
0 0 0 0
-1 0.699951
1.975586 2.083008 2.005859
0.000978 1 -0.000001
0 0 0 0
1 0.690918
1.975586 2.083008 -2.005859
0.000978 1 -0.000001
0 0 0 0
-1 0.690918
1.958496 2.075928 2.005859
-0.707106 0.707106 0.001023
0 0 0 0
1 0.681641
1.958496 2.075928 -2.005859
-0.707106 0.707106 0.001023
0 0 0 0
-1 0.681641
1.951416 2.058838 2.005859
-1 0.000978 -0.000001
0 0 0 0
1 0.672363
1.951416 2.058838 -2.005859
-1 0.000978 -0.000001
0 0 0 0
-1 0.672363
1.958496 2.041992 2.005859
-0.707106 -0.707106 0.001023
0 0 0 0
1 0.66333
1.958496 2.041992 -2.005859
-0.707106 -0.707106 0.001023
0 0 0 0
-1 0.66333
1.975586 2.034912 2.005859
0.001382 0.001382 0.999998
0 0 0 0
0.118896 0.938232
1.992432 2.041992 2.005859
-0.001382 0.001382 0.999998
0 0 0 0
0.109375 0.942139
1.975586 2.058838 2.005859
0.001382 0.001382 0.999998
0 0 0 0
0.109375 0.928955
1.958496 2.041992 2.005859
0.001382 0.001382 0.999998
0 0 0 0
0.122803 0.928955
1.951416 2.058838 2.005859
0.001382 0.001382 0.999998
0 0 0 0
0.118896 0.919434
1.958496 2.075928 2.005859
0.001382 0.001382 0.999998
0 0 0 0
0.109375 0.915527
1.975586 2.083008 2.005859
0.001382 0.001382 0.999998
0 0 0 0
0.099854 0.919434
1.992432 2.075928 2.005859
0.001382 0.001382 0.999998
0 0 0 0
0.095947 0.928955
1.999512 2.058838 2.005859
0.001382 0.001382 0.999998
0 0 0 0
0.099854 0.938232
1.975586 1.920166 -2.005859
0.001382 0.001382 -0.999998
0 0 0 0
0.099854 0.938232
1.975586 1.944336 -2.005859
0.001382 0.001382 -0.999998
0 0 0 0
0.109375 0.928955
1.992432 1.927246 -2.005859
-0.001382 0.001382 -0.999998
0 0 0 0
0.109375 0.942139
1.958496 1.927246 -2.005859
0.001382 0.001382 -0.999998
0 0 0 0
0.095947 0.928955
1.951416 1.944336 -2.005859
0.001382 0.001382 -0.999998
0 0 0 0
0.099854 0.919434
1.958496 1.961182 -2.005859
-0.001382 0.001382 -0.999998
0 0 0 0
0.109375 0.915527
1.975586 1.968262 -2.005859
0.001382 0.001382 -0.999998
0 0 0 0
0.118896 0.919434
1.992432 1.961182 -2.005859
0.001382 0.001382 -0.999998
0 0 0 0
0.122803 0.928955
1.999512 1.944336 -2.005859
0.001382 0.001382 -0.999998
0 0 0 0
0.118896 0.938232
1.958496 1.927246 -2.005859
-0.707106 -0.707106 0.001023
0 0 0 0
-1 0.736816
1.975586 1.920166 2.005859
0.000978 -1 -0.000001
0 0 0 0
1 0.727539
1.958496 1.927246 2.005859
-0.707106 -0.707106 0.001023
0 0 0 0
1 0.736816
1.975586 1.920166 -2.005859
0.000978 -1 -0.000001
0 0 0 0
-1 0.727539
1.992432 1.927246 2.005859
0.707106 -0.707106 0.001023
0 0 0 0
1 0.718506
1.992432 1.927246 -2.005859
0.707106 -0.707106 0.001023
0 0 0 0
-1 0.718506
1.999512 1.944336 2.005859
1 0.000978 -0.000001
0 0 0 0
1 0.709229
1.999512 1.944336 -2.005859
1 0.000978 -0.000001
0 0 0 0
-1 0.709229
1.992432 1.961182 2.005859
0.707106 0.707106 0.001023
0 0 0 0
1 0.699951
1.992432 1.961182 -2.005859
0.707106 0.707106 0.001023
0 0 0 0
-1 0.699951
1.975586 1.968262 2.005859
0.000978 1 -0.000001
0 0 0 0
1 0.690918
1.975586 1.968262 -2.005859
0.000978 1 -0.000001
0 0 0 0
-1 0.690918
1.958496 1.961182 2.005859
-0.707106 0.707106 0.001023
0 0 0 0
1 0.681641
1.958496 1.961182 -2.005859
-0.707106 0.707106 0.001023
0 0 0 0
-1 0.681641
1.951416 1.944336 2.005859
-1 0.000978 -0.000001
0 0 0 0
1 0.672363
1.951416 1.944336 -2.005859
-1 0.000978 -0.000001
0 0 0 0
-1 0.672363
1.958496 1.927246 2.005859
-0.707106 -0.707106 0.001023
0 0 0 0
1 0.66333
1.958496 1.927246 -2.005859
-0.707106 -0.707106 0.001023
0 0 0 0
-1 0.66333
1.975586 1.920166 2.005859
0.001382 0.001382 0.999998
0 0 0 0
0.118896 0.938232
1.992432 1.927246 2.005859
-0.001382 0.001382 0.999998
0 0 0 0
0.109375 0.942139
1.975586 1.944336 2.005859
0.001382 0.001382 0.999998
0 0 0 0
0.109375 0.928955
1.958496 1.927246 2.005859
0.001382 0.001382 0.999998
0 0 0 0
0.122803 0.928955
1.951416 1.944336 2.005859
0.001382 0.001382 0.999998
0 0 0 0
0.118896 0.919434
1.958496 1.961182 2.005859
0.001382 0.001382 0.999998
0 0 0 0
0.109375 0.915527
1.975586 1.968262 2.005859
0.001382 0.001382 0.999998
0 0 0 0
0.099854 0.919434
1.992432 1.961182 2.005859
0.001382 0.001382 0.999998
0 0 0 0
0.095947 0.928955
1.999512 1.944336 2.005859
0.001382 0.001382 0.999998
0 0 0 0
0.099854 0.938232
1.975586 0.117188 2.005859
0.001382 0.001382 0.999998
0 0 0 0
0.100342 0.938965
1.958496 0.110107 2.005859
0.001382 0.001382 0.999998
0 0 0 0
0.109863 0.942871
1.975586 0.093018 2.005859
-0.001382 0.001382 0.999998
0 0 0 0
0.109863 0.929443
1.992432 0.110107 2.005859
-0.001382 0.001382 0.999998
0 0 0 0
0.096436 0.929443
1.999512 0.093018 2.005859
0.001382 0.001382 0.999998
0 0 0 0
0.100342 0.920166
1.992432 0.076172 2.005859
0.001382 0.001382 0.999998
0 0 0 0
0.109863 0.91626
1.975586 0.069092 2.005859
-0.001382 0.001382 0.999998
0 0 0 0
0.119141 0.920166
1.958496 0.076172 2.005859
-0.001382 0.001382 0.999998
0 0 0 0
0.123047 0.929443
1.951416 0.093018 2.005859
0.001382 0.001382 0.999998
0 0 0 0
0.119141 0.938965
1.958496 0.110107 2.005859
-0.707106 0.707106 0.001023
0 0 0 0
1 -0.272461
1.951416 0.093018 -2.005859
-1 0.000978 -0.000001
0 0 0 0
-1 -0.263428
1.951416 0.093018 2.005859
-1 0.000978 -0.000001
0 0 0 0
1 -0.263428
1.958496 0.110107 -2.005859
-0.707106 0.707106 0.001023
0 0 0 0
-1 -0.272461
1.975586 0.117188 2.005859
0.000978 1 -0.000001
0 0 0 0
1 -0.281738
1.975586 0.117188 -2.005859
0.000978 1 -0.000001
0 0 0 0
-1 -0.281738
1.992432 0.110107 2.005859
0.707106 0.707106 0.001023
0 0 0 0
1 -0.290771
1.992432 0.110107 -2.005859
0.707106 0.707106 0.001023
0 0 0 0
-1 -0.290771
1.999512 0.093018 2.005859
1 0.000978 -0.000001
0 0 0 0
1 -0.300049
1.999512 0.093018 -2.005859
1 0.000978 -0.000001
0 0 0 0
-1 -0.300049
1.992432 0.076172 2.005859
0.707106 -0.707106 0.001023
0 0 0 0
1 -0.309082
1.992432 0.076172 -2.005859
0.707106 -0.707106 0.001023
0 0 0 0
-1 -0.309082
1.975586 0.069092 2.005859
0.000978 -1 -0.000001
0 0 0 0
1 -0.318359
1.975586 0.069092 -2.005859
0.000978 -1 -0.000001
0 0 0 0
-1 -0.318359
1.958496 0.076172 2.005859
-0.707106 -0.707106 0.001023
0 0 0 0
1 -0.327393
1.958496 0.076172 -2.005859
-0.707106 -0.707106 0.001023
0 0 0 0
-1 -0.327393
1.951416 0.093018 2.005859
-1 0.000978 -0.000001
0 0 0 0
1 -0.33667
1.951416 0.093018 -2.005859
-1 0.000978 -0.000001
0 0 0 0
-1 -0.33667
1.975586 0.117188 -2.005859
0.001382 0.001382 -0.999998
0 0 0 0
0.119141 0.938965
1.975586 0.093018 -2.005859
0.001382 0.001382 -0.999998
0 0 0 0
0.109863 0.929443
1.958496 0.110107 -2.005859
0.001382 0.001382 -0.999998
0 0 0 0
0.109863 0.942871
1.992432 0.110107 -2.005859
-0.001382 0.001382 -0.999998
0 0 0 0
0.123047 0.929443
1.999512 0.093018 -2.005859
0.001382 0.001382 -0.999998
0 0 0 0
0.119141 0.920166
1.992432 0.076172 -2.005859
0.001382 0.001382 -0.999998
0 0 0 0
0.109863 0.91626
1.975586 0.069092 -2.005859
0.001382 0.001382 -0.999998
0 0 0 0
0.100342 0.920166
1.958496 0.076172 -2.005859
-0.001382 0.001382 -0.999998
0 0 0 0
0.096436 0.929443
1.951416 0.093018 -2.005859
0.001382 0.001382 -0.999998
0 0 0 0
0.100342 0.938965
1.975586 3.882812 -2.005859
0.001382 0.001382 -0.999998
0 0 0 0
0.100342 0.938965
1.958496 3.889893 -2.005859
0.001382 0.001382 -0.999998
0 0 0 0
0.109863 0.942871
1.975586 3.906982 -2.005859
-0.001382 0.001382 -0.999998
0 0 0 0
0.109863 0.929443
1.992432 3.889893 -2.005859
-0.001382 0.001382 -0.999998
0 0 0 0
0.096436 0.929443
1.999512 3.906982 -2.005859
0.001382 0.001382 -0.999998
0 0 0 0
0.100342 0.920166
1.992432 3.923828 -2.005859
0.001382 0.001382 -0.999998
0 0 0 0
0.109863 0.91626
1.975586 3.930908 -2.005859
-0.001382 0.001382 -0.999998
0 0 0 0
0.119141 0.920166
1.958496 3.923828 -2.005859
-0.001382 0.001382 -0.999998
0 0 0 0
0.123047 0.929443
1.951416 3.906982 -2.005859
0.001382 0.001382 -0.999998
0 0 0 0
0.119141 0.938965
1.958496 3.889893 -2.005859
-0.707106 -0.707106 0.001023
0 0 0 0
1 -0.272461
1.951416 3.906982 2.005859
-1 0.000978 -0.000001
0 0 0 0
-1 -0.263428
1.951416 3.906982 -2.005859
-1 0.000978 -0.000001
0 0 0 0
1 -0.263428
1.958496 3.889893 2.005859
-0.707106 -0.707106 0.001023
0 0 0 0
-1 -0.272461
1.975586 3.882812 -2.005859
0.000978 -1 -0.000001
0 0 0 0
1 -0.281738
1.975586 3.882812 2.005859
0.000978 -1 -0.000001
0 0 0 0
-1 -0.281738
1.992432 3.889893 -2.005859
0.707106 -0.707106 0.001023
0 0 0 0
1 -0.290771
1.992432 3.889893 2.005859
0.707106 -0.707106 0.001023
0 0 0 0
-1 -0.290771
1.999512 3.906982 -2.005859
1 0.000978 -0.000001
0 0 0 0
1 -0.300049
1.999512 3.906982 2.005859
1 0.000978 -0.000001
0 0 0 0
-1 -0.300049
1.992432 3.923828 -2.005859
0.707106 0.707106 0.001023
0 0 0 0
1 -0.309082
1.992432 3.923828 2.005859
0.707106 0.707106 0.001023
0 0 0 0
-1 -0.309082
1.975586 3.930908 -2.005859
0.000978 1 -0.000001
0 0 0 0
1 -0.318359
1.975586 3.930908 2.005859
0.000978 1 -0.000001
0 0 0 0
-1 -0.318359
1.958496 3.923828 -2.005859
-0.707106 0.707106 0.001023
0 0 0 0
1 -0.327393
1.958496 3.923828 2.005859
-0.707106 0.707106 0.001023
0 0 0 0
-1 -0.327393
1.951416 3.906982 -2.005859
-1 0.000978 -0.000001
0 0 0 0
1 -0.33667
1.951416 3.906982 2.005859
-1 0.000978 -0.000001
0 0 0 0
-1 -0.33667
1.975586 3.882812 2.005859
0.001382 0.001382 0.999998
0 0 0 0
0.119141 0.938965
1.975586 3.906982 2.005859
0.001382 0.001382 0.999998
0 0 0 0
0.109863 0.929443
1.958496 3.889893 2.005859
0.001382 0.001382 0.999998
0 0 0 0
0.109863 0.942871
1.992432 3.889893 2.005859
-0.001382 0.001382 0.999998
0 0 0 0
0.123047 0.929443
1.999512 3.906982 2.005859
0.001382 0.001382 0.999998
0 0 0 0
0.119141 0.920166
1.992432 3.923828 2.005859
0.001382 0.001382 0.999998
0 0 0 0
0.109863 0.91626
1.975586 3.930908 2.005859
0.001382 0.001382 0.999998
0 0 0 0
0.100342 0.920166
1.958496 3.923828 2.005859
-0.001382 0.001382 0.999998
0 0 0 0
0.096436 0.929443
1.951416 3.906982 2.005859
0.001382 0.001382 0.999998
0 0 0 0
0.100342 0.938965
-1.975586 1.920166 2.005859
0.001382 0.001382 0.999998
0 0 0 0
0.099854 0.938232
-1.975586 1.944336 2.005859
0.001382 0.001382 0.999998
0 0 0 0
0.109375 0.928955
-1.992432 1.927246 2.005859
0.001382 0.001382 0.999998
0 0 0 0
0.109375 0.942139
-1.958496 1.927246 2.005859
-0.001382 0.001382 0.999998
0 0 0 0
0.095947 0.928955
-1.951416 1.944336 2.005859
0.001382 0.001382 0.999998
0 0 0 0
0.099854 0.919434
-1.958496 1.961182 2.005859
0.001382 0.001382 0.999998
0 0 0 0
0.109375 0.915527
-1.975586 1.968262 2.005859
0.001382 0.001382 0.999998
0 0 0 0
0.118896 0.919434
-1.992432 1.961182 2.005859
-0.001382 0.001382 0.999998
0 0 0 0
0.122803 0.928955
-1.999512 1.944336 2.005859
0.001382 0.001382 0.999998
0 0 0 0
0.118896 0.938232
-1.958496 1.927246 2.005859
0.707106 -0.707106 0.001023
0 0 0 0
-1 0.736816
-1.975586 1.920166 -2.005859
0.000978 -1 -0.000001
0 0 0 0
1 0.727539
-1.958496 1.927246 -2.005859
0.707106 -0.707106 0.001023
0 0 0 0
1 0.736816
-1.975586 1.920166 2.005859
0.000978 -1 -0.000001
0 0 0 0
-1 0.727539
-1.992432 1.927246 -2.005859
-0.707106 -0.707106 0.001023
0 0 0 0
1 0.718506
-1.992432 1.927246 2.005859
-0.707106 -0.707106 0.001023
0 0 0 0
-1 0.718506
-1.999512 1.944336 -2.005859
-1 0.000978 -0.000001
0 0 0 0
1 0.709229
-1.999512 1.944336 2.005859
-1 0.000978 -0.000001
0 0 0 0
-1 0.709229
-1.992432 1.961182 -2.005859
-0.707106 0.707106 0.001023
0 0 0 0
1 0.699951
-1.992432 1.961182 2.005859
-0.707106 0.707106 0.001023
0 0 0 0
-1 0.699951
-1.975586 1.968262 -2.005859
0.000978 1 -0.000001
0 0 0 0
1 0.690918
-1.975586 1.968262 2.005859
0.000978 1 -0.000001
0 0 0 0
-1 0.690918
-1.958496 1.961182 -2.005859
0.707106 0.707106 0.001023
0 0 0 0
1 0.681641
-1.958496 1.961182 2.005859
0.707106 0.707106 0.001023
0 0 0 0
-1 0.681641
-1.951416 1.944336 -2.005859
1 0.000978 -0.000001
0 0 0 0
1 0.672363
-1.951416 1.944336 2.005859
1 0.000978 -0.000001
0 0 0 0
-1 0.672363
-1.958496 1.927246 -2.005859
0.707106 -0.707106 0.001023
0 0 0 0
1 0.66333
-1.958496 1.927246 2.005859
0.707106 -0.707106 0.001023
0 0 0 0
-1 0.66333
-1.975586 1.920166 -2.005859
0.001382 0.001382 -0.999998
0 0 0 0
0.118896 0.938232
-1.992432 1.927246 -2.005859
0.001382 0.001382 -0.999998
0 0 0 0
0.109375 0.942139
-1.975586 1.944336 -2.005859
-0.001382 0.001382 -0.999998
0 0 0 0
0.109375 0.928955
-1.958496 1.927246 -2.005859
-0.001382 0.001382 -0.999998
0 0 0 0
0.122803 0.928955
-1.951416 1.944336 -2.005859
0.001382 0.001382 -0.999998
0 0 0 0
0.118896 0.919434
-1.958496 1.961182 -2.005859
0.001382 0.001382 -0.999998
0 0 0 0
0.109375 0.915527
-1.975586 1.968262 -2.005859
-0.001382 0.001382 -0.999998
0 0 0 0
0.099854 0.919434
-1.992432 1.961182 -2.005859
-0.001382 0.001382 -0.999998
0 0 0 0
0.095947 0.928955
-1.999512 1.944336 -2.005859
0.001382 0.001382 -0.999998
0 0 0 0
0.099854 0.938232
-1.975586 2.034912 2.005859
0.001382 0.001382 0.999998
0 0 0 0
0.099854 0.938232
-1.975586 2.058838 2.005859
0.001382 0.001382 0.999998
0 0 0 0
0.109375 0.928955
-1.992432 2.041992 2.005859
0.001382 0.001382 0.999998
0 0 0 0
0.109375 0.942139
-1.958496 2.041992 2.005859
-0.001382 0.001382 0.999998
0 0 0 0
0.095947 0.928955
-1.951416 2.058838 2.005859
0.001382 0.001382 0.999998
0 0 0 0
0.099854 0.919434
-1.958496 2.075928 2.005859
0.001382 0.001382 0.999998
0 0 0 0
0.109375 0.915527
-1.975586 2.083008 2.005859
0.001382 0.001382 0.999998
0 0 0 0
0.118896 0.919434
-1.992432 2.075928 2.005859
-0.001382 0.001382 0.999998
0 0 0 0
0.122803 0.928955
-1.999512 2.058838 2.005859
0.001382 0.001382 0.999998
0 0 0 0
0.118896 0.938232
-1.958496 2.041992 2.005859
0.707106 -0.707106 0.001023
0 0 0 0
-1 0.736816
-1.975586 2.034912 -2.005859
0.000978 -1 -0.000001
0 0 0 0
1 0.727539
-1.958496 2.041992 -2.005859
0.707106 -0.707106 0.001023
0 0 0 0
1 0.736816
-1.975586 2.034912 2.005859
0.000978 -1 -0.000001
0 0 0 0
-1 0.727539
-1.992432 2.041992 -2.005859
-0.707106 -0.707106 0.001023
0 0 0 0
1 0.718506
-1.992432 2.041992 2.005859
-0.707106 -0.707106 0.001023
0 0 0 0
-1 0.718506
-1.999512 2.058838 -2.005859
-1 0.000978 -0.000001
0 0 0 0
1 0.709229
-1.999512 2.058838 2.005859
-1 0.000978 -0.000001
0 0 0 0
-1 0.709229
-1.992432 2.075928 -2.005859
-0.707106 0.707106 0.001023
0 0 0 0
1 0.699951
-1.992432 2.075928 2.005859
-0.707106 0.707106 0.001023
0 0 0 0
-1 0.699951
-1.975586 2.083008 -2.005859
0.000978 1 -0.000001
0 0 0 0
1 0.690918
-1.975586 2.083008 2.005859
0.000978 1 -0.000001
0 0 0 0
-1 0.690918
-1.958496 2.075928 -2.005859
0.707106 0.707106 0.001023
0 0 0 0
1 0.681641
-1.958496 2.075928 2.005859
0.707106 0.707106 0.001023
0 0 0 0
-1 0.681641
-1.951416 2.058838 -2.005859
1 0.000978 -0.000001
0 0 0 0
1 0.672363
-1.951416 2.058838 2.005859
1 0.000978 -0.000001
0 0 0 0
-1 0.672363
-1.958496 2.041992 -2.005859
0.707106 -0.707106 0.001023
0 0 0 0
1 0.66333
-1.958496 2.041992 2.005859
0.707106 -0.707106 0.001023
0 0 0 0
-1 0.66333
-1.975586 2.034912 -2.005859
0.001382 0.001382 -0.999998
0 0 0 0
0.118896 0.938232
-1.992432 2.041992 -2.005859
0.001382 0.001382 -0.999998
0 0 0 0
0.109375 0.942139
-1.975586 2.058838 -2.005859
-0.001382 0.001382 -0.999998
0 0 0 0
0.109375 0.928955
-1.958496 2.041992 -2.005859
-0.001382 0.001382 -0.999998
0 0 0 0
0.122803 0.928955
-1.951416 2.058838 -2.005859
0.001382 0.001382 -0.999998
0 0 0 0
0.118896 0.919434
-1.958496 2.075928 -2.005859
0.001382 0.001382 -0.999998
0 0 0 0
0.109375 0.915527
-1.975586 2.083008 -2.005859
-0.001382 0.001382 -0.999998
0 0 0 0
0.099854 0.919434
-1.992432 2.075928 -2.005859
-0.001382 0.001382 -0.999998
0 0 0 0
0.095947 0.928955
-1.999512 2.058838 -2.005859
0.001382 0.001382 -0.999998
0 0 0 0
0.099854 0.938232
-1.975586 0.117188 -2.005859
0.001382 0.001382 -0.999998
0 0 0 0
0.100342 0.938965
-1.958496 0.110107 -2.005859
-0.001382 0.001382 -0.999998
0 0 0 0
0.109863 0.942871
-1.975586 0.093018 -2.005859
0.001382 0.001382 -0.999998
0 0 0 0
0.109863 0.929443
-1.992432 0.110107 -2.005859
0.001382 0.001382 -0.999998
0 0 0 0
0.096436 0.929443
-1.999512 0.093018 -2.005859
0.001382 0.001382 -0.999998
0 0 0 0
0.100342 0.920166
-1.992432 0.076172 -2.005859
0.001382 0.001382 -0.999998
0 0 0 0
0.109863 0.91626
-1.975586 0.069092 -2.005859
0.001382 0.001382 -0.999998
0 0 0 0
0.119141 0.920166
-1.958496 0.076172 -2.005859
0.001382 0.001382 -0.999998
0 0 0 0
0.123047 0.929443
-1.951416 0.093018 -2.005859
0.001382 0.001382 -0.999998
0 0 0 0
0.119141 0.938965
-1.958496 0.110107 -2.005859
0.707106 0.707106 0.001023
0 0 0 0
1 -0.272461
-1.951416 0.093018 2.005859
1 0.000978 -0.000001
0 0 0 0
-1 -0.263428
-1.951416 0.093018 -2.005859
1 0.000978 -0.000001
0 0 0 0
1 -0.263428
-1.958496 0.110107 2.005859
0.707106 0.707106 0.001023
0 0 0 0
-1 -0.272461
-1.975586 0.117188 -2.005859
0.000978 1 -0.000001
0 0 0 0
1 -0.281738
-1.975586 0.117188 2.005859
0.000978 1 -0.000001
0 0 0 0
-1 -0.281738
-1.992432 0.110107 -2.005859
-0.707106 0.707106 0.001023
0 0 0 0
1 -0.290771
-1.992432 0.110107 2.005859
-0.707106 0.707106 0.001023
0 0 0 0
-1 -0.290771
-1.999512 0.093018 -2.005859
-1 0.000978 -0.000001
0 0 0 0
1 -0.300049
-1.999512 0.093018 2.005859
-1 0.000978 -0.000001
0 0 0 0
-1 -0.300049
-1.992432 0.076172 -2.005859
-0.707106 -0.707106 0.001023
0 0 0 0
1 -0.309082
-1.992432 0.076172 2.005859
-0.707106 -0.707106 0.001023
0 0 0 0
-1 -0.309082
-1.975586 0.069092 -2.005859
0.000978 -1 -0.000001
0 0 0 0
1 -0.318359
-1.975586 0.069092 2.005859
0.000978 -1 -0.000001
0 0 0 0
-1 -0.318359
-1.958496 0.076172 -2.005859
0.707106 -0.707106 0.001023
0 0 0 0
1 -0.327393
-1.958496 0.076172 2.005859
0.707106 -0.707106 0.001023
0 0 0 0
-1 -0.327393
-1.951416 0.093018 -2.005859
1 0.000978 -0.000001
0 0 0 0
1 -0.33667
-1.951416 0.093018 2.005859
1 0.000978 -0.000001
0 0 0 0
-1 -0.33667
-1.975586 0.117188 2.005859
0.001382 0.001382 0.999998
0 0 0 0
0.119141 0.938965
-1.975586 0.093018 2.005859
0.001382 0.001382 0.999998
0 0 0 0
0.109863 0.929443
-1.958496 0.110107 2.005859
-0.001382 0.001382 0.999998
0 0 0 0
0.109863 0.942871
-1.992432 0.110107 2.005859
0.001382 0.001382 0.999998
0 0 0 0
0.123047 0.929443
-1.999512 0.093018 2.005859
0.001382 0.001382 0.999998
0 0 0 0
0.119141 0.920166
-1.992432 0.076172 2.005859
-0.001382 0.001382 0.999998
0 0 0 0
0.109863 0.91626
-1.975586 0.069092 2.005859
0.001382 0.001382 0.999998
0 0 0 0
0.100342 0.920166
-1.958496 0.076172 2.005859
0.001382 0.001382 0.999998
0 0 0 0
0.096436 0.929443
-1.951416 0.093018 2.005859
0.001382 0.001382 0.999998
0 0 0 0
0.100342 0.938965
-1.975586 3.882812 2.005859
0.001382 0.001382 0.999998
0 0 0 0
0.100342 0.938965
-1.958496 3.889893 2.005859
-0.001382 0.001382 0.999998
0 0 0 0
0.109863 0.942871
-1.975586 3.906982 2.005859
0.001382 0.001382 0.999998
0 0 0 0
0.109863 0.929443
-1.992432 3.889893 2.005859
0.001382 0.001382 0.999998
0 0 0 0
0.096436 0.929443
-1.999512 3.906982 2.005859
0.001382 0.001382 0.999998
0 0 0 0
0.100342 0.920166
-1.992432 3.923828 2.005859
0.001382 0.001382 0.999998
0 0 0 0
0.109863 0.91626
-1.975586 3.930908 2.005859
0.001382 0.001382 0.999998
0 0 0 0
0.119141 0.920166
-1.958496 3.923828 2.005859
0.001382 0.001382 0.999998
0 0 0 0
0.123047 0.929443
-1.951416 3.906982 2.005859
0.001382 0.001382 0.999998
0 0 0 0
0.119141 0.938965
-1.958496 3.889893 2.005859
0.707106 -0.707106 0.001023
0 0 0 0
1 -0.272461
-1.951416 3.906982 -2.005859
1 0.000978 -0.000001
0 0 0 0
-1 -0.263428
-1.951416 3.906982 2.005859
1 0.000978 -0.000001
0 0 0 0
1 -0.263428
-1.958496 3.889893 -2.005859
0.707106 -0.707106 0.001023
0 0 0 0
-1 -0.272461
-1.975586 3.882812 2.005859
0.000978 -1 -0.000001
0 0 0 0
1 -0.281738
-1.975586 3.882812 -2.005859
0.000978 -1 -0.000001
0 0 0 0
-1 -0.281738
-1.992432 3.889893 2.005859
-0.707106 -0.707106 0.001023
0 0 0 0
1 -0.290771
-1.992432 3.889893 -2.005859
-0.707106 -0.707106 0.001023
0 0 0 0
-1 -0.290771
-1.999512 3.906982 2.005859
-1 0.000978 -0.000001
0 0 0 0
1 -0.300049
-1.999512 3.906982 -2.005859
-1 0.000978 -0.000001
0 0 0 0
-1 -0.300049
-1.992432 3.923828 2.005859
-0.707106 0.707106 0.001023
0 0 0 0
1 -0.309082
-1.992432 3.923828 -2.005859
-0.707106 0.707106 0.001023
0 0 0 0
-1 -0.309082
-1.975586 3.930908 2.005859
0.000978 1 -0.000001
0 0 0 0
1 -0.318359
-1.975586 3.930908 -2.005859
0.000978 1 -0.000001
0 0 0 0
-1 -0.318359
-1.958496 3.923828 2.005859
0.707106 0.707106 0.001023
0 0 0 0
1 -0.327393
-1.958496 3.923828 -2.005859
0.707106 0.707106 0.001023
0 0 0 0
-1 -0.327393
-1.951416 3.906982 2.005859
1 0.000978 -0.000001
0 0 0 0
1 -0.33667
-1.951416 3.906982 -2.005859
1 0.000978 -0.000001
0 0 0 0
-1 -0.33667
-1.975586 3.882812 -2.005859
0.001382 0.001382 -0.999998
0 0 0 0
0.119141 0.938965
-1.975586 3.906982 -2.005859
0.001382 0.001382 -0.999998
0 0 0 0
0.109863 0.929443
-1.958496 3.889893 -2.005859
-0.001382 0.001382 -0.999998
0 0 0 0
0.109863 0.942871
-1.992432 3.889893 -2.005859
0.001382 0.001382 -0.999998
0 0 0 0
0.123047 0.929443
-1.999512 3.906982 -2.005859
0.001382 0.001382 -0.999998
0 0 0 0
0.119141 0.920166
-1.992432 3.923828 -2.005859
-0.001382 0.001382 -0.999998
0 0 0 0
0.109863 0.91626
-1.975586 3.930908 -2.005859
0.001382 0.001382 -0.999998
0 0 0 0
0.100342 0.920166
-1.958496 3.923828 -2.005859
0.001382 0.001382 -0.999998
0 0 0 0
0.096436 0.929443
-1.951416 3.906982 -2.005859
0.001382 0.001382 -0.999998
0 0 0 0
0.100342 0.938965
-1.975586 2.739014 1.818848
-0.001382 -0.006912 -0.999975
0 0 0 0
0.149414 0.690918
-1.990967 3.904785 1.824463
-0.708541 -0.001277 -0.705669
0 0 0 0
0.998779 0.702881
-1.975586 3.904785 1.818115
0.001382 -0.001382 -0.999998
0 0 0 0
0.998779 0.690918
-1.959961 3.904785 1.824463
0.708541 -0.001277 -0.705669
0 0 0 0
0.998779 0.678711
-1.960449 2.739014 1.825195
0.708536 -0.006383 -0.705646
0 0 0 0
0.149414 0.678711
-1.953613 3.904785 1.840088
1 -0.000977 -0.000001
0 0 0 0
0.998779 0.666748
-1.954346 2.73877 1.840088
0.999992 -0.000979 0.003905
0 0 0 0
0.148926 0.666748
-1.959961 3.904785 1.855713
0.706425 -0.001277 0.707786
0 0 0 0
0.998779 0.654785
-1.960449 2.738525 1.855225
0.704304 0.003835 0.709889
0 0 0 0
0.148682 0.654785
-1.975586 3.904785 1.862061
0.001382 -0.001382 0.999998
0 0 0 0
0.998779 0.642578
-1.975586 2.738281 1.861328
0.001382 0.004147 0.99999
0 0 0 0
0.148438 0.642578
-1.960449 2.711914 1.861816
0.739872 0.238306 0.629126
0 0 0 0
0.125 0.654785
-1.975586 2.714111 1.867432
0.00136 0.354891 0.934907
0 0 0 0
0.124756 0.642578
-1.975586 2.69873 1.876221
0.001288 0.676297 0.736628
0 0 0 0
0.107422 0.642578
-1.960449 2.694336 1.871826
0.753099 0.448528 0.481316
0 0 0 0
0.107178 0.654785
-1.975586 2.685791 1.893311
0.00117 0.901879 0.431987
0 0 0 0
0.08667 0.642578
-1.960449 2.680176 1.891357
0.751473 0.59653 0.281853
0 0 0 0
0.086182 0.654785
-1.975586 2.681641 1.911865
0.000996 0.99925 0.038717
0 0 0 0
0.068359 0.642578
-1.960449 2.675293 1.912109
0.714786 0.698968 0.022886
0 0 0 0
0.067627 0.654785
-1.975586 2.682373 2.000977
0.000981 0.999969 -0.007804
0 0 0 0
0.001709 0.642578
-1.959961 2.675781 2.000977
0.706094 0.708058 -0.009294
0 0 0 0
0.001709 0.654785
-1.954346 2.6604 1.912354
0.999795 -0.016712 -0.01142
0 0 0 0
0.065918 0.666748
-1.953613 2.6604 2.000977
0.999969 0.000981 -0.007804
0 0 0 0
0.001465 0.666748
-1.960449 2.645264 1.912598
0.698364 -0.71435 -0.044627
0 0 0 0
0.064453 0.678711
-1.959961 2.644775 2.000977
0.708058 -0.706093 -0.009294
0 0 0 0
0.001221 0.678711
-1.975586 2.63916 1.912598
0.001005 -0.998328 -0.05779
0 0 0 0
0.063965 0.690918
-1.975586 2.638428 2.000977
0.000981 -0.999969 -0.007804
0 0 0 0
0.001221 0.690918
-1.990967 2.644775 2.000977
-0.708058 -0.706094 -0.009295
0 0 0 0
0.001221 0.702881
-1.990479 2.645264 1.912598
-0.698364 -0.71435 -0.044627
0 0 0 0
0.064453 0.702881
-1.997559 2.6604 2.000977
-0.999969 0.000981 -0.007804
0 0 0 0
0.001465 0.714844
-1.996582 2.6604 1.912354
-0.999795 -0.016712 -0.01142
0 0 0 0
0.065918 0.714844
-1.990967 2.675781 2.000977
-0.706093 0.708058 -0.009294
0 0 0 0
0.001709 0.727051
-1.990479 2.675293 1.912109
-0.714786 0.698968 0.022886
0 0 0 0
0.067627 0.727051
-1.975586 2.682373 2.000977
0.000981 0.999969 -0.007804
0 0 0 0
0.001709 0.739014
-1.975586 2.681641 1.911865
0.000996 0.99925 0.038717
0 0 0 0
0.068359 0.739014
-1.990479 2.680176 1.891357
-0.751473 0.59653 0.281853
0 0 0 0
0.086182 0.727051
-1.975586 2.685791 1.893311
0.00117 0.901879 0.431987
0 0 0 0
0.08667 0.739014
-1.990479 2.694336 1.871826
-0.753099 0.448528 0.481316
0 0 0 0
0.107178 0.727051
-1.975586 2.69873 1.876221
0.001288 0.676297 0.736628
0 0 0 0
0.107422 0.739014
-1.990479 2.711914 1.861816
-0.739872 0.238306 0.629126
0 0 0 0
0.125 0.727051
-1.975586 2.714111 1.867432
0.00136 0.354891 0.934907
0 0 0 0
0.124756 0.739014
-1.975586 2.738281 1.861328
0.001382 0.004147 0.99999
0 0 0 0
0.148438 0.739014
-1.990479 2.738525 1.855225
-0.704304 0.003835 0.709889
0 0 0 0
0.148682 0.727051
-1.975586 3.904785 1.862061
0.001382 -0.001382 0.999998
0 0 0 0
0.998779 0.739014
-1.990967 3.904785 1.855713
-0.706425 -0.001277 0.707786
0 0 0 0
0.998779 0.727051
-1.996582 2.73877 1.840088
-0.999992 -0.000979 0.003905
0 0 0 0
0.148926 0.714844
-1.997559 3.904785 1.840088
-1 -0.000977 -0.000001
0 0 0 0
0.998779 0.714844
-1.990479 2.739014 1.825195
-0.708536 -0.006383 -0.705646
0 0 0 0
0.149414 0.702881
-1.975586 2.699707 1.827637
-0.001359 -0.362765 -0.93188
0 0 0 0
0.126221 0.690918
-1.960449 2.701904 1.833496
0.667802 -0.270937 -0.693277
0 0 0 0
0.126221 0.678711
-1.954346 2.706787 1.847656
0.997232 -0.029301 -0.068339
0 0 0 0
0.125732 0.666748
-1.954346 2.683594 1.861572
0.995947 -0.061553 -0.065587
0 0 0 0
0.106445 0.666748
-1.960449 2.672852 1.85083
0.661542 -0.518309 -0.541958
0 0 0 0
0.106201 0.678711
-1.975586 2.668457 1.846436
0.001282 -0.69363 -0.720331
0 0 0 0
0.105957 0.690918
-1.990479 2.672852 1.85083
-0.661542 -0.518309 -0.541958
0 0 0 0
0.106201 0.702881
-1.990479 2.701904 1.833496
-0.667802 -0.270937 -0.693278
0 0 0 0
0.126221 0.702881
-1.996582 2.706787 1.847656
-0.997232 -0.029301 -0.068339
0 0 0 0
0.125732 0.714844
-1.996582 2.683594 1.861572
-0.995947 -0.061553 -0.065587
0 0 0 0
0.106445 0.714844
-1.996582 2.666016 1.886475
-0.996233 -0.078624 -0.036585
0 0 0 0
0.084717 0.714844
-1.990479 2.651855 1.881348
-0.664424 -0.682291 -0.304992
0 0 0 0
0.083984 0.702881
-1.975586 2.645752 1.879395
0.001158 -0.915579 -0.402136
0 0 0 0
0.083496 0.690918
-1.960449 2.651855 1.881348
0.664424 -0.682291 -0.304992
0 0 0 0
0.083984 0.678711
-1.954346 2.666016 1.886475
0.996233 -0.078624 -0.036585
0 0 0 0
0.084717 0.666748
-1.990967 3.904785 -1.824463
-0.708541 -0.001277 0.705669
0 0 0 0
0.998779 0.702881
-1.975586 2.739014 -1.818848
-0.001382 -0.006912 0.999975
0 0 0 0
0.149414 0.690918
-1.975586 3.904785 -1.818115
0.001382 -0.001382 0.999998
0 0 0 0
0.998779 0.690918
-1.959961 3.904785 -1.824463
0.708541 -0.001277 0.705669
0 0 0 0
0.998779 0.678711
-1.960449 2.739014 -1.825195
0.708536 -0.006383 0.705646
0 0 0 0
0.149414 0.678711
-1.953613 3.904785 -1.840088
1 -0.000977 0.000001
0 0 0 0
0.998779 0.666748
-1.954346 2.73877 -1.840088
0.999992 -0.000979 -0.003905
0 0 0 0
0.148926 0.666748
-1.959961 3.904785 -1.855713
0.706425 -0.001277 -0.707786
0 0 0 0
0.998779 0.654785
-1.960449 2.738525 -1.855225
0.704304 0.003835 -0.709889
0 0 0 0
0.148682 0.654785
-1.975586 3.904785 -1.862061
0.001382 -0.001382 -0.999998
0 0 0 0
0.998779 0.642578
-1.975586 2.738281 -1.861328
0.001382 0.004147 -0.99999
0 0 0 0
0.148438 0.642578
-1.960449 2.711914 -1.861816
0.739872 0.238306 -0.629126
0 0 0 0
0.125 0.654785
-1.975586 2.714111 -1.867432
0.00136 0.354891 -0.934907
0 0 0 0
0.124756 0.642578
-1.975586 2.69873 -1.876221
0.001288 0.676297 -0.736628
0 0 0 0
0.107422 0.642578
-1.960449 2.694336 -1.871826
0.753099 0.448528 -0.481316
0 0 0 0
0.107178 0.654785
-1.975586 2.685791 -1.893311
0.00117 0.901879 -0.431987
0 0 0 0
0.08667 0.642578
-1.960449 2.680176 -1.891357
0.751473 0.59653 -0.281853
0 0 0 0
0.086182 0.654785
-1.975586 2.681641 -1.911865
0.000996 0.99925 -0.038717
0 0 0 0
0.068359 0.642578
-1.960449 2.675293 -1.912109
0.714786 0.698968 -0.022886
0 0 0 0
0.067627 0.654785
-1.975586 2.682373 -2.000977
0.000981 0.999969 0.007804
0 0 0 0
0.001709 0.642578
-1.959961 2.675781 -2.000977
0.706094 0.708058 0.009294
0 0 0 0
0.001709 0.654785
-1.954346 2.6604 -1.912354
0.999795 -0.016712 0.01142
0 0 0 0
0.065918 0.666748
-1.953613 2.6604 -2.000977
0.999969 0.000981 0.007804
0 0 0 0
0.001465 0.666748
-1.960449 2.645264 -1.912598
0.698364 -0.71435 0.044627
0 0 0 0
0.064453 0.678711
-1.959961 2.644775 -2.000977
0.708058 -0.706093 0.009294
0 0 0 0
0.001221 0.678711
-1.975586 2.63916 -1.912598
0.001005 -0.998328 0.05779
0 0 0 0
0.063965 0.690918
-1.975586 2.638428 -2.000977
0.000981 -0.999969 0.007804
0 0 0 0
0.001221 0.690918
-1.990967 2.644775 -2.000977
-0.708058 -0.706094 0.009295
0 0 0 0
0.001221 0.702881
-1.990479 2.645264 -1.912598
-0.698364 -0.71435 0.044627
0 0 0 0
0.064453 0.702881
-1.997559 2.6604 -2.000977
-0.999969 0.000981 0.007804
0 0 0 0
0.001465 0.714844
-1.996582 2.6604 -1.912354
-0.999795 -0.016712 0.01142
0 0 0 0
0.065918 0.714844
-1.990967 2.675781 -2.000977
-0.706093 0.708058 0.009294
0 0 0 0
0.001709 0.727051
-1.990479 2.675293 -1.912109
-0.714786 0.698968 -0.022886
0 0 0 0
0.067627 0.727051
-1.975586 2.682373 -2.000977
0.000981 0.999969 0.007804
0 0 0 0
0.001709 0.739014
-1.975586 2.681641 -1.911865
0.000996 0.99925 -0.038717
0 0 0 0
0.068359 0.739014
-1.990479 2.680176 -1.891357
-0.751473 0.59653 -0.281853
0 0 0 0
0.086182 0.727051
-1.975586 2.685791 -1.893311
0.00117 0.901879 -0.431987
0 0 0 0
0.08667 0.739014
-1.990479 2.694336 -1.871826
-0.753099 0.448528 -0.481316
0 0 0 0
0.107178 0.727051
-1.975586 2.69873 -1.876221
0.001288 0.676297 -0.736628
0 0 0 0
0.107422 0.739014
-1.990479 2.711914 -1.861816
-0.739872 0.238306 -0.629126
0 0 0 0
0.125 0.727051
-1.975586 2.714111 -1.867432
0.00136 0.354891 -0.934907
0 0 0 0
0.124756 0.739014
-1.975586 2.738281 -1.861328
0.001382 0.004147 -0.99999
0 0 0 0
0.148438 0.739014
-1.990479 2.738525 -1.855225
-0.704304 0.003835 -0.709889
0 0 0 0
0.148682 0.727051
-1.975586 3.904785 -1.862061
0.001382 -0.001382 -0.999998
0 0 0 0
0.998779 0.739014
-1.990967 3.904785 -1.855713
-0.706425 -0.001277 -0.707786
0 0 0 0
0.998779 0.727051
-1.996582 2.73877 -1.840088
-0.999992 -0.000979 -0.003905
0 0 0 0
0.148926 0.714844
-1.997559 3.904785 -1.840088
-1 -0.000977 0.000001
0 0 0 0
0.998779 0.714844
-1.990479 2.739014 -1.825195
-0.708536 -0.006383 0.705646
0 0 0 0
0.149414 0.702881
-1.975586 2.699707 -1.827637
-0.001359 -0.362765 0.93188
0 0 0 0
0.126221 0.690918
-1.960449 2.701904 -1.833496
0.667802 -0.270937 0.693277
0 0 0 0
0.126221 0.678711
-1.954346 2.706787 -1.847656
0.997232 -0.029301 0.068339
0 0 0 0
0.125732 0.666748
-1.954346 2.683594 -1.861572
0.995947 -0.061553 0.065587
0 0 0 0
0.106445 0.666748
-1.954346 2.666016 -1.886475
0.996233 -0.078624 0.036585
0 0 0 0
0.084717 0.666748
-1.960449 2.651855 -1.881348
0.664424 -0.682291 0.304992
0 0 0 0
0.083984 0.678711
-1.975586 2.645752 -1.879395
0.001158 -0.915579 0.402136
0 0 0 0
0.083496 0.690918
-1.990479 2.651855 -1.881348
-0.664424 -0.682291 0.304992
0 0 0 0
0.083984 0.702881
-1.996582 2.666016 -1.886475
-0.996233 -0.078624 0.036585
0 0 0 0
0.084717 0.714844
-1.996582 2.683594 -1.861572
-0.995947 -0.061553 0.065587
0 0 0 0
0.106445 0.714844
-1.996582 2.706787 -1.847656
-0.997232 -0.029301 0.068339
0 0 0 0
0.125732 0.714844
-1.990479 2.701904 -1.833496
-0.667802 -0.270937 0.693278
0 0 0 0
0.126221 0.702881
-1.990479 2.672852 -1.85083
-0.661542 -0.518309 0.541958
0 0 0 0
0.106201 0.702881
-1.975586 2.668457 -1.846436
0.001282 -0.69363 0.720331
0 0 0 0
0.105957 0.690918
-1.960449 2.672852 -1.85083
0.661542 -0.518309 0.541958
0 0 0 0
0.106201 0.678711
1.958008 0 2.017334
-0.706425 0.001277 0.707786
0 0 0 0
-1 0.62207
1.975586 0 2.024414
0.001382 0.001382 0.999998
0 0 0 0
-1 0.612793
1.975586 4 2.024414
0.001382 0.001382 0.999998
0 0 0 0
1 0.612793
1.958008 4 2.017334
-0.706425 0.001277 0.707786
0 0 0 0
1 0.62207
1.950928 0 2
-1 0.000978 -0.000001
0 0 0 0
-1 0.631348
1.950928 4 2
-1 0.000978 -0.000001
0 0 0 0
1 0.631348
1.958008 0 1.982666
-0.706425 0.001277 -0.707786
0 0 0 0
-1 0.640625
1.958008 4 1.982666
-0.706425 0.001277 -0.707786
0 0 0 0
1 0.640625
1.975586 0 1.975586
0.001382 0.001382 -0.999998
0 0 0 0
-1 0.649902
1.975586 4 1.975586
0.001382 0.001382 -0.999998
0 0 0 0
1 0.649902
1.99292 0 1.982666
0.706425 0.001277 -0.707786
0 0 0 0
-1 0.659424
1.99292 4 1.982666
0.706425 0.001277 -0.707786
0 0 0 0
1 0.659424
2 0 2
1 0.000978 -0.000001
0 0 0 0
-1 0.668701
2 4 2
1 0.000978 -0.000001
0 0 0 0
1 0.668701
1.99292 0 2.017334
0.706425 0.001277 0.707786
0 0 0 0
-1 0.677979
1.99292 4 2.017334
0.706425 0.001277 0.707786
0 0 0 0
1 0.677979
1.975586 0 2.024414
0.001382 0.001382 0.999998
0 0 0 0
-1 0.687256
1.975586 4 2.024414
0.001382 0.001382 0.999998
0 0 0 0
1 0.687256
1.975586 0 2.024414
0.000978 -1 -0.000001
0 0 0 0
0.123047 0.928955
1.958008 0 2.017334
0.000978 -1 -0.000001
0 0 0 0
0.119141 0.938232
1.975586 0 2
0.000978 -1 -0.000001
0 0 0 0
0.109863 0.928955
1.99292 0 2.017334
0.000978 -1 -0.000001
0 0 0 0
0.119141 0.919434
2 0 2
0.000978 -1 -0.000001
0 0 0 0
0.109863 0.915527
1.99292 0 1.982666
0.000978 -1 -0.000001
0 0 0 0
0.100342 0.919434
1.975586 0 1.975586
0.000978 -1 -0.000001
0 0 0 0
0.096436 0.928955
1.958008 0 1.982666
0.000978 -1 -0.000001
0 0 0 0
0.100342 0.938232
1.950928 0 2
0.000978 -1 -0.000001
0 0 0 0
0.109863 0.942139
1.958008 4 2.017334
0.000978 1 -0.000001
0 0 0 0
0.119141 0.919434
1.975586 4 2.024414
0.000978 1 -0.000001
0 0 0 0
0.123047 0.928955
1.975586 4 2
0.000978 1 -0.000001
0 0 0 0
0.109863 0.928955
1.950928 4 2
0.000978 1 -0.000001
0 0 0 0
0.109863 0.915527
1.958008 4 1.982666
0.000978 1 -0.000001
0 0 0 0
0.100342 0.919434
1.975586 4 1.975586
0.000978 1 -0.000001
0 0 0 0
0.096436 0.928955
1.99292 4 1.982666
0.000978 1 -0.000001
0 0 0 0
0.100342 0.938232
2 4 2
0.000978 1 -0.000001
0 0 0 0
0.109863 0.942139
1.99292 4 2.017334
0.000978 1 -0.000001
0 0 0 0
0.119141 0.938232
1.975586 0.773926 -1.818848
0.001382 -0.006912 0.999975
0 0 0 0
0.149414 0.690918
1.990967 1.939453 -1.824463
0.708541 -0.001277 0.705669
0 0 0 0
0.998779 0.702881
1.975586 1.939453 -1.818115
0.001382 -0.001382 0.999998
0 0 0 0
0.998779 0.690918
1.959961 1.939453 -1.824463
-0.708541 -0.001277 0.705669
0 0 0 0
0.998779 0.678711
1.960449 0.773682 -1.825195
-0.708536 -0.006383 0.705646
0 0 0 0
0.149414 0.678711
1.953613 1.939453 -1.840088
-1 -0.000977 0.000001
0 0 0 0
0.998779 0.666748
1.954346 0.773438 -1.840088
-0.999992 -0.000979 -0.003905
0 0 0 0
0.148926 0.666748
1.959961 1.939453 -1.855713
-0.706425 -0.001277 -0.707786
0 0 0 0
0.998779 0.654785
1.960449 0.773193 -1.855225
-0.704304 0.003835 -0.709889
0 0 0 0
0.148682 0.654785
1.975586 1.939453 -1.862061
0.001382 -0.001382 -0.999998
0 0 0 0
0.998779 0.642578
1.975586 0.773193 -1.861328
0.001382 0.004147 -0.99999
0 0 0 0
0.148438 0.642578
1.960449 0.746582 -1.861816
-0.739872 0.238306 -0.629126
0 0 0 0
0.125 0.654785
1.975586 0.748779 -1.867432
0.00136 0.354891 -0.934907
0 0 0 0
0.124756 0.642578
1.975586 0.733398 -1.876221
-0.001288 0.676297 -0.736628
0 0 0 0
0.107422 0.642578
1.960449 0.729004 -1.871826
-0.753099 0.448528 -0.481316
0 0 0 0
0.107178 0.654785
1.975586 0.720703 -1.893311
-0.00117 0.901879 -0.431987
0 0 0 0
0.08667 0.642578
1.960449 0.714844 -1.891357
-0.751473 0.59653 -0.281853
0 0 0 0
0.086182 0.654785
1.975586 0.716309 -1.911865
-0.000996 0.99925 -0.038717
0 0 0 0
0.068359 0.642578
1.960449 0.710205 -1.912109
-0.714786 0.698968 -0.022886
0 0 0 0
0.067627 0.654785
1.975586 0.717041 -2.000977
-0.000981 0.999969 0.007804
0 0 0 0
0.001709 0.642578
1.959961 0.710693 -2.000977
-0.706093 0.708058 0.009294
0 0 0 0
0.001709 0.654785
1.954346 0.695068 -1.912354
-0.999795 -0.016712 0.01142
0 0 0 0
0.065918 0.666748
1.953613 0.695068 -2.000977
-0.999969 0.000981 0.007804
0 0 0 0
0.001465 0.666748
1.960449 0.680176 -1.912598
-0.698364 -0.71435 0.044627
0 0 0 0
0.064453 0.678711
1.959961 0.679443 -2.000977
-0.708058 -0.706094 0.009295
0 0 0 0
0.001221 0.678711
1.975586 0.673828 -1.912598
0.001005 -0.998328 0.05779
0 0 0 0
0.063965 0.690918
1.975586 0.673096 -2.000977
-0.000981 -0.999969 0.007804
0 0 0 0
0.001221 0.690918
1.990967 0.679443 -2.000977
0.708058 -0.706093 0.009294
0 0 0 0
0.001221 0.702881
1.990479 0.680176 -1.912598
0.698364 -0.71435 0.044627
0 0 0 0
0.064453 0.702881
1.997559 0.695068 -2.000977
0.999969 0.000981 0.007804
0 0 0 0
0.001465 0.714844
1.996582 0.695068 -1.912354
0.999795 -0.016712 0.01142
0 0 0 0
0.065918 0.714844
1.990967 0.710693 -2.000977
0.706094 0.708058 0.009294
0 0 0 0
0.001709 0.727051
1.990479 0.710205 -1.912109
0.714786 0.698968 -0.022886
0 0 0 0
0.067627 0.727051
1.975586 0.717041 -2.000977
-0.000981 0.999969 0.007804
0 0 0 0
0.001709 0.739014
2.005859 1.920166 2
1 0.000978 -0.000001
0 0 0 0
0.099854 0.938232
2.005859 1.944336 2
1 0.000978 -0.000001
0 0 0 0
0.109375 0.928955
2.005859 1.927246 2.01709
1 -0.000977 -0.000001
0 0 0 0
0.109375 0.942139
2.005859 1.927246 1.98291
1 -0.000977 -0.000001
0 0 0 0
0.095947 0.928955
2.005859 1.944336 1.97583
1 0.000978 -0.000001
0 0 0 0
0.099854 0.919434
2.005859 1.961182 1.98291
1 0.000978 -0.000001
0 0 0 0
0.109375 0.915527
2.005859 1.968262 2
1 0.000978 -0.000001
0 0 0 0
0.118896 0.919434
2.005859 1.961182 2.01709
1 0.000978 -0.000001
0 0 0 0
0.122803 0.928955
2.005859 1.944336 2.02417
1 0.000978 -0.000001
0 0 0 0
0.118896 0.938232
2.005859 1.927246 1.98291
0.001277 -0.706425 -0.707786
0 0 0 0
-1 0.736816
-2.005859 1.920166 2
0.000978 -1 -0.000001
0 0 0 0
1 0.727539
-2.005859 1.927246 1.98291
0.001277 -0.706425 -0.707786
0 0 0 0
1 0.736816
2.005859 1.920166 2
0.000978 -1 -0.000001
0 0 0 0
-1 0.727539
-2.005859 1.927246 2.01709
0.001277 -0.706425 0.707786
0 0 0 0
1 0.718506
2.005859 1.927246 2.01709
0.001277 -0.706425 0.707786
0 0 0 0
-1 0.718506
-2.005859 1.944336 2.02417
0.001382 0.001382 0.999998
0 0 0 0
1 0.709229
2.005859 1.944336 2.02417
0.001382 0.001382 0.999998
0 0 0 0
-1 0.709229
-2.005859 1.961182 2.01709
0.001277 0.706425 0.707786
0 0 0 0
1 0.699951
2.005859 1.961182 2.01709
0.001277 0.706425 0.707786
0 0 0 0
-1 0.699951
-2.005859 1.968262 2
0.000978 1 -0.000001
0 0 0 0
1 0.690918
2.005859 1.968262 2
0.000978 1 -0.000001
0 0 0 0
-1 0.690918
-2.005859 1.961182 1.98291
0.001277 0.706425 -0.707786
0 0 0 0
1 0.681641
2.005859 1.961182 1.98291
0.001277 0.706425 -0.707786
0 0 0 0
-1 0.681641
-2.005859 1.944336 1.97583
0.001382 0.001382 -0.999998
0 0 0 0
1 0.672363
2.005859 1.944336 1.97583
0.001382 0.001382 -0.999998
0 0 0 0
-1 0.672363
-2.005859 1.927246 1.98291
0.001277 -0.706425 -0.707786
0 0 0 0
1 0.66333
2.005859 1.927246 1.98291
0.001277 -0.706425 -0.707786
0 0 0 0
-1 0.66333
-2.005859 1.920166 2
-1 0.000978 -0.000001
0 0 0 0
0.118896 0.938232
-2.005859 1.927246 2.01709
-1 -0.000977 -0.000001
0 0 0 0
0.109375 0.942139
-2.005859 1.944336 2
-1 0.000978 -0.000001
0 0 0 0
0.109375 0.928955
-2.005859 1.927246 1.98291
-1 -0.000977 -0.000001
0 0 0 0
0.122803 0.928955
-2.005859 1.944336 1.97583
-1 0.000978 -0.000001
0 0 0 0
0.118896 0.919434
-2.005859 1.961182 1.98291
-1 0.000978 -0.000001
0 0 0 0
0.109375 0.915527
-2.005859 1.968262 2
-1 0.000978 -0.000001
0 0 0 0
0.099854 0.919434
-2.005859 1.961182 2.01709
-1 0.000978 -0.000001
0 0 0 0
0.095947 0.928955
-2.005859 1.944336 2.02417
-1 0.000978 -0.000001
0 0 0 0
0.099854 0.938232
2.005859 2.034912 2
1 0.000978 -0.000001
0 0 0 0
0.099854 0.938232
2.005859 2.058838 2
1 0.000978 -0.000001
0 0 0 0
0.109375 0.928955
2.005859 2.041992 2.01709
1 -0.000977 -0.000001
0 0 0 0
0.109375 0.942139
2.005859 2.041992 1.98291
1 -0.000977 -0.000001
0 0 0 0
0.095947 0.928955
2.005859 2.058838 1.97583
1 0.000978 -0.000001
0 0 0 0
0.099854 0.919434
2.005859 2.075928 1.98291
1 0.000978 -0.000001
0 0 0 0
0.109375 0.915527
2.005859 2.083008 2
1 0.000978 -0.000001
0 0 0 0
0.118896 0.919434
2.005859 2.075928 2.01709
1 0.000978 -0.000001
0 0 0 0
0.122803 0.928955
2.005859 2.058838 2.02417
1 0.000978 -0.000001
0 0 0 0
0.118896 0.938232
2.005859 2.041992 1.98291
0.001277 -0.706425 -0.707786
0 0 0 0
-1 0.736816
-2.005859 2.034912 2
0.000978 -1 -0.000001
0 0 0 0
1 0.727539
-2.005859 2.041992 1.98291
0.001277 -0.706425 -0.707786
0 0 0 0
1 0.736816
2.005859 2.034912 2
0.000978 -1 -0.000001
0 0 0 0
-1 0.727539
-2.005859 2.041992 2.01709
0.001277 -0.706425 0.707786
0 0 0 0
1 0.718506
2.005859 2.041992 2.01709
0.001277 -0.706425 0.707786
0 0 0 0
-1 0.718506
-2.005859 2.058838 2.02417
0.001382 0.001382 0.999998
0 0 0 0
1 0.709229
2.005859 2.058838 2.02417
0.001382 0.001382 0.999998
0 0 0 0
-1 0.709229
-2.005859 2.075928 2.01709
0.001277 0.706425 0.707786
0 0 0 0
1 0.699951
2.005859 2.075928 2.01709
0.001277 0.706425 0.707786
0 0 0 0
-1 0.699951
-2.005859 2.083008 2
0.000978 1 -0.000001
0 0 0 0
1 0.690918
2.005859 2.083008 2
0.000978 1 -0.000001
0 0 0 0
-1 0.690918
-2.005859 2.075928 1.98291
0.001277 0.706425 -0.707786
0 0 0 0
1 0.681641
2.005859 2.075928 1.98291
0.001277 0.706425 -0.707786
0 0 0 0
-1 0.681641
-2.005859 2.058838 1.97583
0.001382 0.001382 -0.999998
0 0 0 0
1 0.672363
2.005859 2.058838 1.97583
0.001382 0.001382 -0.999998
0 0 0 0
-1 0.672363
-2.005859 2.041992 1.98291
0.001277 -0.706425 -0.707786
0 0 0 0
1 0.66333
2.005859 2.041992 1.98291
0.001277 -0.706425 -0.707786
0 0 0 0
-1 0.66333
-2.005859 2.034912 2
-1 0.000978 -0.000001
0 0 0 0
0.118896 0.938232
-2.005859 2.041992 2.01709
-1 -0.000977 -0.000001
0 0 0 0
0.109375 0.942139
-2.005859 2.058838 2
-1 0.000978 -0.000001
0 0 0 0
0.109375 0.928955
-2.005859 2.041992 1.98291
-1 -0.000977 -0.000001
0 0 0 0
0.122803 0.928955
-2.005859 2.058838 1.97583
-1 0.000978 -0.000001
0 0 0 0
0.118896 0.919434
-2.005859 2.075928 1.98291
-1 0.000978 -0.000001
0 0 0 0
0.109375 0.915527
-2.005859 2.083008 2
-1 0.000978 -0.000001
0 0 0 0
0.099854 0.919434
-2.005859 2.075928 2.01709
-1 0.000978 -0.000001
0 0 0 0
0.095947 0.928955
-2.005859 2.058838 2.02417
-1 0.000978 -0.000001
0 0 0 0
0.099854 0.938232
2.005859 3.882812 2
1 0.000978 -0.000001
0 0 0 0
0.100342 0.938965
2.005859 3.889893 1.98291
1 -0.000977 -0.000001
0 0 0 0
0.109863 0.942871
2.005859 3.906982 2
1 0.000978 -0.000001
0 0 0 0
0.109863 0.929443
2.005859 3.889893 2.01709
1 -0.000977 -0.000001
0 0 0 0
0.096436 0.929443
2.005859 3.906982 2.02417
1 0.000978 -0.000001
0 0 0 0
0.100342 0.920166
2.005859 3.923828 2.01709
1 0.000978 -0.000001
0 0 0 0
0.109863 0.91626
2.005859 3.930908 2
1 0.000978 -0.000001
0 0 0 0
0.119141 0.920166
2.005859 3.923828 1.98291
1 0.000978 -0.000001
0 0 0 0
0.123047 0.929443
2.005859 3.906982 1.97583
1 0.000978 -0.000001
0 0 0 0
0.119141 0.938965
2.005859 3.889893 1.98291
0.001277 -0.706425 -0.707786
0 0 0 0
1 -0.272461
-2.005859 3.906982 1.97583
0.001382 0.001382 -0.999998
0 0 0 0
-1 -0.263428
2.005859 3.906982 1.97583
0.001382 0.001382 -0.999998
0 0 0 0
1 -0.263428
-2.005859 3.889893 1.98291
0.001277 -0.706425 -0.707786
0 0 0 0
-1 -0.272461
2.005859 3.882812 2
0.000978 -1 -0.000001
0 0 0 0
1 -0.281738
-2.005859 3.882812 2
0.000978 -1 -0.000001
0 0 0 0
-1 -0.281738
2.005859 3.889893 2.01709
0.001277 -0.706425 0.707786
0 0 0 0
1 -0.290771
-2.005859 3.889893 2.01709
0.001277 -0.706425 0.707786
0 0 0 0
-1 -0.290771
2.005859 3.906982 2.02417
0.001382 0.001382 0.999998
0 0 0 0
1 -0.300049
-2.005859 3.906982 2.02417
0.001382 0.001382 0.999998
0 0 0 0
-1 -0.300049
2.005859 3.923828 2.01709
0.001277 0.706425 0.707786
0 0 0 0
1 -0.309082
-2.005859 3.923828 2.01709
0.001277 0.706425 0.707786
0 0 0 0
-1 -0.309082
2.005859 3.930908 2
0.000978 1 -0.000001
0 0 0 0
1 -0.318359
-2.005859 3.930908 2
0.000978 1 -0.000001
0 0 0 0
-1 -0.318359
2.005859 3.923828 1.98291
0.001277 0.706425 -0.707786
0 0 0 0
1 -0.327393
-2.005859 3.923828 1.98291
0.001277 0.706425 -0.707786
0 0 0 0
-1 -0.327393
2.005859 3.906982 1.97583
0.001382 0.001382 -0.999998
0 0 0 0
1 -0.33667
-2.005859 3.906982 1.97583
0.001382 0.001382 -0.999998
0 0 0 0
-1 -0.33667
-2.005859 3.882812 2
-1 0.000978 -0.000001
0 0 0 0
0.119141 0.938965
-2.005859 3.906982 2
-1 0.000978 -0.000001
0 0 0 0
0.109863 0.929443
-2.005859 3.889893 1.98291
-1 -0.000977 -0.000001
0 0 0 0
0.109863 0.942871
-2.005859 3.889893 2.01709
-1 -0.000977 -0.000001
0 0 0 0
0.123047 0.929443
-2.005859 3.906982 2.02417
-1 0.000978 -0.000001
0 0 0 0
0.119141 0.920166
-2.005859 3.923828 2.01709
-1 0.000978 -0.000001
0 0 0 0
0.109863 0.91626
-2.005859 3.930908 2
-1 0.000978 -0.000001
0 0 0 0
0.100342 0.920166
-2.005859 3.923828 1.98291
-1 0.000978 -0.000001
0 0 0 0
0.096436 0.929443
-2.005859 3.906982 1.97583
-1 0.000978 -0.000001
0 0 0 0
0.100342 0.938965
2.005859 3.882812 -2
1 0.000978 -0.000001
0 0 0 0
0.100342 0.938965
2.005859 3.906982 -2
1 0.000978 -0.000001
0 0 0 0
0.109863 0.929443
2.005859 3.889893 -1.98291
1 -0.000977 -0.000001
0 0 0 0
0.109863 0.942871
2.005859 3.889893 -2.01709
1 -0.000977 -0.000001
0 0 0 0
0.096436 0.929443
2.005859 3.906982 -2.02417
1 0.000978 -0.000001
0 0 0 0
0.100342 0.920166
2.005859 3.923828 -2.01709
1 0.000978 -0.000001
0 0 0 0
0.109863 0.91626
2.005859 3.930908 -2
1 0.000978 -0.000001
0 0 0 0
0.119141 0.920166
2.005859 3.923828 -1.98291
1 0.000978 -0.000001
0 0 0 0
0.123047 0.929443
2.005859 3.906982 -1.97583
1 0.000978 -0.000001
0 0 0 0
0.119141 0.938965
2.005859 3.889893 -1.98291
0.001277 -0.706425 0.707786
0 0 0 0
1 -0.272461
2.005859 3.906982 -1.97583
0.001382 0.001382 0.999998
0 0 0 0
1 -0.263428
-2.005859 3.906982 -1.97583
0.001382 0.001382 0.999998
0 0 0 0
-1 -0.263428
-2.005859 3.889893 -1.98291
0.001277 -0.706425 0.707786
0 0 0 0
-1 -0.272461
2.005859 3.882812 -2
0.000978 -1 -0.000001
0 0 0 0
1 -0.281738
-2.005859 3.882812 -2
0.000978 -1 -0.000001
0 0 0 0
-1 -0.281738
2.005859 3.889893 -2.01709
0.001277 -0.706425 -0.707786
0 0 0 0
1 -0.290771
-2.005859 3.889893 -2.01709
0.001277 -0.706425 -0.707786
0 0 0 0
-1 -0.290771
2.005859 3.906982 -2.02417
0.001382 0.001382 -0.999998
0 0 0 0
1 -0.300049
-2.005859 3.906982 -2.02417
0.001382 0.001382 -0.999998
0 0 0 0
-1 -0.300049
2.005859 3.923828 -2.01709
0.001277 0.706425 -0.707786
0 0 0 0
1 -0.309082
-2.005859 3.923828 -2.01709
0.001277 0.706425 -0.707786
0 0 0 0
-1 -0.309082
2.005859 3.930908 -2
0.000978 1 -0.000001
0 0 0 0
1 -0.318359
-2.005859 3.930908 -2
0.000978 1 -0.000001
0 0 0 0
-1 -0.318359
2.005859 3.923828 -1.98291
0.001277 0.706425 0.707786
0 0 0 0
1 -0.327393
-2.005859 3.923828 -1.98291
0.001277 0.706425 0.707786
0 0 0 0
-1 -0.327393
2.005859 3.906982 -1.97583
0.001382 0.001382 0.999998
0 0 0 0
1 -0.33667
-2.005859 3.906982 -1.97583
0.001382 0.001382 0.999998
0 0 0 0
-1 -0.33667
-2.005859 3.882812 -2
-1 0.000978 -0.000001
0 0 0 0
0.119141 0.938965
-2.005859 3.889893 -1.98291
-1 -0.000977 -0.000001
0 0 0 0
0.109863 0.942871
-2.005859 3.906982 -2
-1 0.000978 -0.000001
0 0 0 0
0.109863 0.929443
-2.005859 3.889893 -2.01709
-1 -0.000977 -0.000001
0 0 0 0
0.123047 0.929443
-2.005859 3.906982 -2.02417
-1 0.000978 -0.000001
0 0 0 0
0.119141 0.920166
-2.005859 3.923828 -2.01709
-1 0.000978 -0.000001
0 0 0 0
0.109863 0.91626
-2.005859 3.930908 -2
-1 0.000978 -0.000001
0 0 0 0
0.100342 0.920166
-2.005859 3.923828 -1.98291
-1 0.000978 -0.000001
0 0 0 0
0.096436 0.929443
-2.005859 3.906982 -1.97583
-1 0.000978 -0.000001
0 0 0 0
0.100342 0.938965
2.005859 1.920166 -2
1 0.000978 -0.000001
0 0 0 0
0.099854 0.938232
2.005859 1.927246 -2.01709
1 -0.000977 -0.000001
0 0 0 0
0.109375 0.942139
2.005859 1.944336 -2
1 0.000978 -0.000001
0 0 0 0
0.109375 0.928955
2.005859 1.927246 -1.98291
1 -0.000977 -0.000001
0 0 0 0
0.095947 0.928955
2.005859 1.944336 -1.97583
1 0.000978 -0.000001
0 0 0 0
0.099854 0.919434
2.005859 1.961182 -1.98291
1 0.000978 -0.000001
0 0 0 0
0.109375 0.915527
2.005859 1.968262 -2
1 0.000978 -0.000001
0 0 0 0
0.118896 0.919434
2.005859 1.961182 -2.01709
1 0.000978 -0.000001
0 0 0 0
0.122803 0.928955
2.005859 1.944336 -2.02417
1 0.000978 -0.000001
0 0 0 0
0.118896 0.938232
2.005859 1.927246 -1.98291
0.001277 -0.706425 0.707786
0 0 0 0
-1 0.736816
-2.005859 1.927246 -1.98291
0.001277 -0.706425 0.707786
0 0 0 0
1 0.736816
-2.005859 1.920166 -2
0.000978 -1 -0.000001
0 0 0 0
1 0.727539
2.005859 1.920166 -2
0.000978 -1 -0.000001
0 0 0 0
-1 0.727539
-2.005859 1.927246 -2.01709
0.001277 -0.706425 -0.707786
0 0 0 0
1 0.718506
2.005859 1.927246 -2.01709
0.001277 -0.706425 -0.707786
0 0 0 0
-1 0.718506
-2.005859 1.944336 -2.02417
0.001382 0.001382 -0.999998
0 0 0 0
1 0.709229
2.005859 1.944336 -2.02417
0.001382 0.001382 -0.999998
0 0 0 0
-1 0.709229
-2.005859 1.961182 -2.01709
0.001277 0.706425 -0.707786
0 0 0 0
1 0.699951
2.005859 1.961182 -2.01709
0.001277 0.706425 -0.707786
0 0 0 0
-1 0.699951
-2.005859 1.968262 -2
0.000978 1 -0.000001
0 0 0 0
1 0.690918
2.005859 1.968262 -2
0.000978 1 -0.000001
0 0 0 0
-1 0.690918
-2.005859 1.961182 -1.98291
0.001277 0.706425 0.707786
0 0 0 0
1 0.681641
2.005859 1.961182 -1.98291
0.001277 0.706425 0.707786
0 0 0 0
-1 0.681641
-2.005859 1.944336 -1.97583
0.001382 0.001382 0.999998
0 0 0 0
1 0.672363
2.005859 1.944336 -1.97583
0.001382 0.001382 0.999998
0 0 0 0
-1 0.672363
-2.005859 1.927246 -1.98291
0.001277 -0.706425 0.707786
0 0 0 0
1 0.66333
2.005859 1.927246 -1.98291
0.001277 -0.706425 0.707786
0 0 0 0
-1 0.66333
-2.005859 1.920166 -2
-1 0.000978 -0.000001
0 0 0 0
0.118896 0.938232
-2.005859 1.944336 -2
-1 0.000978 -0.000001
0 0 0 0
0.109375 0.928955
-2.005859 1.927246 -2.01709
-1 -0.000977 -0.000001
0 0 0 0
0.109375 0.942139
-2.005859 1.927246 -1.98291
-1 -0.000977 -0.000001
0 0 0 0
0.122803 0.928955
-2.005859 1.944336 -1.97583
-1 0.000978 -0.000001
0 0 0 0
0.118896 0.919434
-2.005859 1.961182 -1.98291
-1 0.000978 -0.000001
0 0 0 0
0.109375 0.915527
-2.005859 1.968262 -2
-1 0.000978 -0.000001
0 0 0 0
0.099854 0.919434
-2.005859 1.961182 -2.01709
-1 0.000978 -0.000001
0 0 0 0
0.095947 0.928955
-2.005859 1.944336 -2.02417
-1 0.000978 -0.000001
0 0 0 0
0.099854 0.938232
2.005859 2.034912 -2
1 0.000978 -0.000001
0 0 0 0
0.099854 0.938232
2.005859 2.041992 -2.01709
1 -0.000977 -0.000001
0 0 0 0
0.109375 0.942139
2.005859 2.058838 -2
1 0.000978 -0.000001
0 0 0 0
0.109375 0.928955
2.005859 2.041992 -1.98291
1 -0.000977 -0.000001
0 0 0 0
0.095947 0.928955
2.005859 2.058838 -1.97583
1 0.000978 -0.000001
0 0 0 0
0.099854 0.919434
2.005859 2.075928 -1.98291
1 0.000978 -0.000001
0 0 0 0
0.109375 0.915527
2.005859 2.083008 -2
1 0.000978 -0.000001
0 0 0 0
0.118896 0.919434
2.005859 2.075928 -2.01709
1 0.000978 -0.000001
0 0 0 0
0.122803 0.928955
2.005859 2.058838 -2.02417
1 0.000978 -0.000001
0 0 0 0
0.118896 0.938232
2.005859 2.041992 -1.98291
0.001277 -0.706425 0.707786
0 0 0 0
-1 0.736816
-2.005859 2.041992 -1.98291
0.001277 -0.706425 0.707786
0 0 0 0
1 0.736816
-2.005859 2.034912 -2
0.000978 -1 -0.000001
0 0 0 0
1 0.727539
2.005859 2.034912 -2
0.000978 -1 -0.000001
0 0 0 0
-1 0.727539
-2.005859 2.041992 -2.01709
0.001277 -0.706425 -0.707786
0 0 0 0
1 0.718506
2.005859 2.041992 -2.01709
0.001277 -0.706425 -0.707786
0 0 0 0
-1 0.718506
-2.005859 2.058838 -2.02417
0.001382 0.001382 -0.999998
0 0 0 0
1 0.709229
2.005859 2.058838 -2.02417
0.001382 0.001382 -0.999998
0 0 0 0
-1 0.709229
-2.005859 2.075928 -2.01709
0.001277 0.706425 -0.707786
0 0 0 0
1 0.699951
2.005859 2.075928 -2.01709
0.001277 0.706425 -0.707786
0 0 0 0
-1 0.699951
-2.005859 2.083008 -2
0.000978 1 -0.000001
0 0 0 0
1 0.690918
2.005859 2.083008 -2
0.000978 1 -0.000001
0 0 0 0
-1 0.690918
-2.005859 2.075928 -1.98291
0.001277 0.706425 0.707786
0 0 0 0
1 0.681641
2.005859 2.075928 -1.98291
0.001277 0.706425 0.707786
0 0 0 0
-1 0.681641
-2.005859 2.058838 -1.97583
0.001382 0.001382 0.999998
0 0 0 0
1 0.672363
2.005859 2.058838 -1.97583
0.001382 0.001382 0.999998
0 0 0 0
-1 0.672363
-2.005859 2.041992 -1.98291
0.001277 -0.706425 0.707786
0 0 0 0
1 0.66333
2.005859 2.041992 -1.98291
0.001277 -0.706425 0.707786
0 0 0 0
-1 0.66333
-2.005859 2.034912 -2
-1 0.000978 -0.000001
0 0 0 0
0.118896 0.938232
-2.005859 2.058838 -2
-1 0.000978 -0.000001
0 0 0 0
0.109375 0.928955
-2.005859 2.041992 -2.01709
-1 -0.000977 -0.000001
0 0 0 0
0.109375 0.942139
-2.005859 2.041992 -1.98291
-1 -0.000977 -0.000001
0 0 0 0
0.122803 0.928955
-2.005859 2.058838 -1.97583
-1 0.000978 -0.000001
0 0 0 0
0.118896 0.919434
-2.005859 2.075928 -1.98291
-1 0.000978 -0.000001
0 0 0 0
0.109375 0.915527
-2.005859 2.083008 -2
-1 0.000978 -0.000001
0 0 0 0
0.099854 0.919434
-2.005859 2.075928 -2.01709
-1 0.000978 -0.000001
0 0 0 0
0.095947 0.928955
-2.005859 2.058838 -2.02417
-1 0.000978 -0.000001
0 0 0 0
0.099854 0.938232
-2.005859 0.117188 -2
-1 0.000978 -0.000001
0 0 0 0
0.100342 0.938965
-2.005859 0.093018 -2
-1 0.000978 -0.000001
0 0 0 0
0.109863 0.929443
-2.005859 0.110107 -1.98291
-1 0.000978 -0.000001
0 0 0 0
0.109863 0.942871
-2.005859 0.110107 -2.01709
-1 0.000978 -0.000001
0 0 0 0
0.096436 0.929443
-2.005859 0.093018 -2.02417
-1 0.000978 -0.000001
0 0 0 0
0.100342 0.920166
-2.005859 0.076172 -2.01709
-1 -0.000977 -0.000001
0 0 0 0
0.109863 0.91626
-2.005859 0.069092 -2
-1 0.000978 -0.000001
0 0 0 0
0.119141 0.920166
-2.005859 0.076172 -1.98291
-1 -0.000977 -0.000001
0 0 0 0
0.123047 0.929443
-2.005859 0.093018 -1.97583
-1 0.000978 -0.000001
0 0 0 0
0.119141 0.938965
-2.005859 0.110107 -1.98291
0.001277 0.706425 0.707786
0 0 0 0
1 -0.272461
-2.005859 0.093018 -1.97583
0.001382 0.001382 0.999998
0 0 0 0
1 -0.263428
2.005859 0.093018 -1.97583
0.001382 0.001382 0.999998
0 0 0 0
-1 -0.263428
2.005859 0.110107 -1.98291
0.001277 0.706425 0.707786
0 0 0 0
-1 -0.272461
-2.005859 0.117188 -2
0.000978 1 -0.000001
0 0 0 0
1 -0.281738
2.005859 0.117188 -2
0.000978 1 -0.000001
0 0 0 0
-1 -0.281738
-2.005859 0.110107 -2.01709
0.001277 0.706425 -0.707786
0 0 0 0
1 -0.290771
2.005859 0.110107 -2.01709
0.001277 0.706425 -0.707786
0 0 0 0
-1 -0.290771
-2.005859 0.093018 -2.02417
0.001382 0.001382 -0.999998
0 0 0 0
1 -0.300049
2.005859 0.093018 -2.02417
0.001382 0.001382 -0.999998
0 0 0 0
-1 -0.300049
-2.005859 0.076172 -2.01709
0.001277 -0.706425 -0.707786
0 0 0 0
1 -0.309082
2.005859 0.076172 -2.01709
0.001277 -0.706425 -0.707786
0 0 0 0
-1 -0.309082
-2.005859 0.069092 -2
0.000978 -1 -0.000001
0 0 0 0
1 -0.318359
2.005859 0.069092 -2
0.000978 -1 -0.000001
0 0 0 0
-1 -0.318359
-2.005859 0.076172 -1.98291
0.001277 -0.706425 0.707786
0 0 0 0
1 -0.327393
2.005859 0.076172 -1.98291
0.001277 -0.706425 0.707786
0 0 0 0
-1 -0.327393
-2.005859 0.093018 -1.97583
0.001382 0.001382 0.999998
0 0 0 0
1 -0.33667
2.005859 0.093018 -1.97583
0.001382 0.001382 0.999998
0 0 0 0
-1 -0.33667
2.005859 0.117188 -2
1 0.000978 -0.000001
0 0 0 0
0.119141 0.938965
2.005859 0.110107 -1.98291
1 0.000978 -0.000001
0 0 0 0
0.109863 0.942871
2.005859 0.093018 -2
1 0.000978 -0.000001
0 0 0 0
0.109863 0.929443
2.005859 0.110107 -2.01709
1 0.000978 -0.000001
0 0 0 0
0.123047 0.929443
2.005859 0.093018 -2.02417
1 0.000978 -0.000001
0 0 0 0
0.119141 0.920166
2.005859 0.076172 -2.01709
1 -0.000977 -0.000001
0 0 0 0
0.109863 0.91626
2.005859 0.069092 -2
1 0.000978 -0.000001
0 0 0 0
0.100342 0.920166
2.005859 0.076172 -1.98291
1 -0.000977 -0.000001
0 0 0 0
0.096436 0.929443
2.005859 0.093018 -1.97583
1 0.000978 -0.000001
0 0 0 0
0.100342 0.938965
-2.005859 0.117188 2
-1 0.000978 -0.000001
0 0 0 0
0.100342 0.938965
-2.005859 0.110107 1.98291
-1 0.000978 -0.000001
0 0 0 0
0.109863 0.942871
-2.005859 0.093018 2
-1 0.000978 -0.000001
0 0 0 0
0.109863 0.929443
-2.005859 0.110107 2.01709
-1 0.000978 -0.000001
0 0 0 0
0.096436 0.929443
-2.005859 0.093018 2.02417
-1 0.000978 -0.000001
0 0 0 0
0.100342 0.920166
-2.005859 0.076172 2.01709
-1 -0.000977 -0.000001
0 0 0 0
0.109863 0.91626
-2.005859 0.069092 2
-1 0.000978 -0.000001
0 0 0 0
0.119141 0.920166
-2.005859 0.076172 1.98291
-1 -0.000977 -0.000001
0 0 0 0
0.123047 0.929443
-2.005859 0.093018 1.97583
-1 0.000978 -0.000001
0 0 0 0
0.119141 0.938965
-2.005859 0.110107 1.98291
0.001277 0.706425 -0.707786
0 0 0 0
1 -0.272461
2.005859 0.093018 1.97583
0.001382 0.001382 -0.999998
0 0 0 0
-1 -0.263428
-2.005859 0.093018 1.97583
0.001382 0.001382 -0.999998
0 0 0 0
1 -0.263428
2.005859 0.110107 1.98291
0.001277 0.706425 -0.707786
0 0 0 0
-1 -0.272461
-2.005859 0.117188 2
0.000978 1 -0.000001
0 0 0 0
1 -0.281738
2.005859 0.117188 2
0.000978 1 -0.000001
0 0 0 0
-1 -0.281738
-2.005859 0.110107 2.01709
0.001277 0.706425 0.707786
0 0 0 0
1 -0.290771
2.005859 0.110107 2.01709
0.001277 0.706425 0.707786
0 0 0 0
-1 -0.290771
-2.005859 0.093018 2.02417
0.001382 0.001382 0.999998
0 0 0 0
1 -0.300049
2.005859 0.093018 2.02417
0.001382 0.001382 0.999998
0 0 0 0
-1 -0.300049
-2.005859 0.076172 2.01709
0.001277 -0.706425 0.707786
0 0 0 0
1 -0.309082
2.005859 0.076172 2.01709
0.001277 -0.706425 0.707786
0 0 0 0
-1 -0.309082
-2.005859 0.069092 2
0.000978 -1 -0.000001
0 0 0 0
1 -0.318359
2.005859 0.069092 2
0.000978 -1 -0.000001
0 0 0 0
-1 -0.318359
-2.005859 0.076172 1.98291
0.001277 -0.706425 -0.707786
0 0 0 0
1 -0.327393
2.005859 0.076172 1.98291
0.001277 -0.706425 -0.707786
0 0 0 0
-1 -0.327393
-2.005859 0.093018 1.97583
0.001382 0.001382 -0.999998
0 0 0 0
1 -0.33667
2.005859 0.093018 1.97583
0.001382 0.001382 -0.999998
0 0 0 0
-1 -0.33667
2.005859 0.117188 2
1 0.000978 -0.000001
0 0 0 0
0.119141 0.938965
2.005859 0.093018 2
1 0.000978 -0.000001
0 0 0 0
0.109863 0.929443
2.005859 0.110107 1.98291
1 0.000978 -0.000001
0 0 0 0
0.109863 0.942871
2.005859 0.110107 2.01709
1 0.000978 -0.000001
0 0 0 0
0.123047 0.929443
2.005859 0.093018 2.02417
1 0.000978 -0.000001
0 0 0 0
0.119141 0.920166
2.005859 0.076172 2.01709
1 -0.000977 -0.000001
0 0 0 0
0.109863 0.91626
2.005859 0.069092 2
1 0.000978 -0.000001
0 0 0 0
0.100342 0.920166
2.005859 0.076172 1.98291
1 -0.000977 -0.000001
0 0 0 0
0.096436 0.929443
2.005859 0.093018 1.97583
1 0.000978 -0.000001
0 0 0 0
0.100342 0.938965
1.975586 0.716309 -1.911865
-0.000996 0.99925 -0.038717
0 0 0 0
0.068359 0.739014
1.990479 0.714844 -1.891357
0.751473 0.59653 -0.281853
0 0 0 0
0.086182 0.727051
1.975586 0.720703 -1.893311
-0.00117 0.901879 -0.431987
0 0 0 0
0.08667 0.739014
1.990479 0.729004 -1.871826
0.753099 0.448528 -0.481316
0 0 0 0
0.107178 0.727051
1.975586 0.733398 -1.876221
-0.001288 0.676297 -0.736628
0 0 0 0
0.107422 0.739014
1.990479 0.746582 -1.861816
0.739872 0.238306 -0.629126
0 0 0 0
0.125 0.727051
1.975586 0.748779 -1.867432
0.00136 0.354891 -0.934907
0 0 0 0
0.124756 0.739014
1.975586 0.773193 -1.861328
0.001382 0.004147 -0.99999
0 0 0 0
0.148438 0.739014
1.990479 0.773193 -1.855225
0.704304 0.003835 -0.709889
0 0 0 0
0.148682 0.727051
1.975586 1.939453 -1.862061
0.001382 -0.001382 -0.999998
0 0 0 0
0.998779 0.739014
1.990967 1.939453 -1.855713
0.706425 -0.001277 -0.707786
0 0 0 0
0.998779 0.727051
1.996582 0.773438 -1.840088
0.999992 -0.000979 -0.003905
0 0 0 0
0.148926 0.714844
1.997559 1.939453 -1.840088
1 -0.000977 0.000001
0 0 0 0
0.998779 0.714844
1.990479 0.773682 -1.825195
0.708536 -0.006383 0.705646
0 0 0 0
0.149414 0.702881
1.975586 0.734375 -1.827637
0.001359 -0.362765 0.93188
0 0 0 0
0.126221 0.690918
1.960449 0.736572 -1.833496
-0.667802 -0.270937 0.693278
0 0 0 0
0.126221 0.678711
1.954346 0.741699 -1.847656
-0.997232 -0.029301 0.068339
0 0 0 0
0.125732 0.666748
1.954346 0.718262 -1.861572
-0.995947 -0.061553 0.065587
0 0 0 0
0.106445 0.666748
1.960449 0.70752 -1.85083
-0.661542 -0.518309 0.541958
0 0 0 0
0.106201 0.678711
1.975586 0.703125 -1.846436
-0.001282 -0.69363 0.720331
0 0 0 0
0.105957 0.690918
1.990479 0.70752 -1.85083
0.661542 -0.518309 0.541958
0 0 0 0
0.106201 0.702881
1.990479 0.736572 -1.833496
0.667802 -0.270937 0.693277
0 0 0 0
0.126221 0.702881
1.996582 0.741699 -1.847656
0.997232 -0.029301 0.068339
0 0 0 0
0.125732 0.714844
1.996582 0.718262 -1.861572
0.995947 -0.061553 0.065587
0 0 0 0
0.106445 0.714844
1.996582 0.700684 -1.886475
0.996233 -0.078624 0.036585
0 0 0 0
0.084717 0.714844
1.990479 0.686523 -1.881348
0.664424 -0.682291 0.304992
0 0 0 0
0.083984 0.702881
1.975586 0.680664 -1.879395
-0.001157 -0.915579 0.402136
0 0 0 0
0.083496 0.690918
1.960449 0.686523 -1.881348
-0.664424 -0.682291 0.304992
0 0 0 0
0.083984 0.678711
1.954346 0.700684 -1.886475
-0.996233 -0.078624 0.036585
0 0 0 0
0.084717 0.666748
1.990967 1.939453 1.824463
0.708541 -0.001277 -0.705669
0 0 0 0
0.998779 0.702881
1.975586 0.773926 1.818848
0.001382 -0.006912 -0.999975
0 0 0 0
0.149414 0.690918
1.975586 1.939453 1.818115
0.001382 -0.001382 -0.999998
0 0 0 0
0.998779 0.690918
1.959961 1.939453 1.824463
-0.708541 -0.001277 -0.705669
0 0 0 0
0.998779 0.678711
1.960449 0.773682 1.825195
-0.708536 -0.006383 -0.705646
0 0 0 0
0.149414 0.678711
1.953613 1.939453 1.840088
-1 -0.000977 -0.000001
0 0 0 0
0.998779 0.666748
1.954346 0.773438 1.840088
-0.999992 -0.000979 0.003905
0 0 0 0
0.148926 0.666748
1.959961 1.939453 1.855713
-0.706425 -0.001277 0.707786
0 0 0 0
0.998779 0.654785
1.960449 0.773193 1.855225
-0.704304 0.003835 0.709889
0 0 0 0
0.148682 0.654785
1.975586 1.939453 1.862061
0.001382 -0.001382 0.999998
0 0 0 0
0.998779 0.642578
1.975586 0.773193 1.861328
0.001382 0.004147 0.99999
0 0 0 0
0.148438 0.642578
1.960449 0.746582 1.861816
-0.739872 0.238306 0.629126
0 0 0 0
0.125 0.654785
1.975586 0.748779 1.867432
0.00136 0.354891 0.934907
0 0 0 0
0.124756 0.642578
1.975586 0.733398 1.876221
-0.001288 0.676297 0.736628
0 0 0 0
0.107422 0.642578
1.960449 0.729004 1.871826
-0.753099 0.448528 0.481316
0 0 0 0
0.107178 0.654785
1.975586 0.720703 1.893311
-0.00117 0.901879 0.431987
0 0 0 0
0.08667 0.642578
1.960449 0.714844 1.891357
-0.751473 0.59653 0.281853
0 0 0 0
0.086182 0.654785
1.975586 0.716309 1.911865
-0.000996 0.99925 0.038717
0 0 0 0
0.068359 0.642578
1.960449 0.710205 1.912109
-0.714786 0.698968 0.022886
0 0 0 0
0.067627 0.654785
1.975586 0.717041 2.000977
-0.000981 0.999969 -0.007804
0 0 0 0
0.001709 0.642578
1.959961 0.710693 2.000977
-0.706093 0.708058 -0.009294
0 0 0 0
0.001709 0.654785
1.954346 0.695068 1.912354
-0.999795 -0.016712 -0.01142
0 0 0 0
0.065918 0.666748
1.953613 0.695068 2.000977
-0.999969 0.000981 -0.007804
0 0 0 0
0.001465 0.666748
1.960449 0.680176 1.912598
-0.698364 -0.71435 -0.044627
0 0 0 0
0.064453 0.678711
1.959961 0.679443 2.000977
-0.708058 -0.706094 -0.009295
0 0 0 0
0.001221 0.678711
1.975586 0.673828 1.912598
0.001005 -0.998328 -0.05779
0 0 0 0
0.063965 0.690918
1.975586 0.673096 2.000977
0.000981 -0.999969 -0.007804
0 0 0 0
0.001221 0.690918
1.990967 0.679443 2.000977
0.708058 -0.706093 -0.009294
0 0 0 0
0.001221 0.702881
1.990479 0.680176 1.912598
0.698364 -0.71435 -0.044627
0 0 0 0
0.064453 0.702881
1.997559 0.695068 2.000977
0.999969 0.000981 -0.007804
0 0 0 0
0.001465 0.714844
1.996582 0.695068 1.912354
0.999795 -0.016712 -0.01142
0 0 0 0
0.065918 0.714844
1.990967 0.710693 2.000977
0.706094 0.708058 -0.009294
0 0 0 0
0.001709 0.727051
1.990479 0.710205 1.912109
0.714786 0.698968 0.022886
0 0 0 0
0.067627 0.727051
1.975586 0.717041 2.000977
-0.000981 0.999969 -0.007804
0 0 0 0
0.001709 0.739014
1.975586 0.716309 1.911865
-0.000996 0.99925 0.038717
0 0 0 0
0.068359 0.739014
1.990479 0.714844 1.891357
0.751473 0.59653 0.281853
0 0 0 0
0.086182 0.727051
1.975586 0.720703 1.893311
-0.00117 0.901879 0.431987
0 0 0 0
0.08667 0.739014
1.990479 0.729004 1.871826
0.753099 0.448528 0.481316
0 0 0 0
0.107178 0.727051
1.975586 0.733398 1.876221
-0.001288 0.676297 0.736628
0 0 0 0
0.107422 0.739014
1.990479 0.746582 1.861816
0.739872 0.238306 0.629126
0 0 0 0
0.125 0.727051
1.975586 0.748779 1.867432
0.00136 0.354891 0.934907
0 0 0 0
0.124756 0.739014
1.975586 0.773193 1.861328
0.001382 0.004147 0.99999
0 0 0 0
0.148438 0.739014
1.990479 0.773193 1.855225
0.704304 0.003835 0.709889
0 0 0 0
0.148682 0.727051
1.975586 1.939453 1.862061
0.001382 -0.001382 0.999998
0 0 0 0
0.998779 0.739014
1.990967 1.939453 1.855713
0.706425 -0.001277 0.707786
0 0 0 0
0.998779 0.727051
1.996582 0.773438 1.840088
0.999992 -0.000979 0.003905
0 0 0 0
0.148926 0.714844
1.997559 1.939453 1.840088
1 -0.000977 -0.000001
0 0 0 0
0.998779 0.714844
1.990479 0.773682 1.825195
0.708536 -0.006383 -0.705646
0 0 0 0
0.149414 0.702881
1.975586 0.734375 1.827637
0.001359 -0.362765 -0.93188
0 0 0 0
0.126221 0.690918
1.960449 0.736572 1.833496
-0.667802 -0.270937 -0.693278
0 0 0 0
0.126221 0.678711
1.954346 0.741699 1.847656
-0.997232 -0.029301 -0.068339
0 0 0 0
0.125732 0.666748
1.954346 0.718262 1.861572
-0.995947 -0.061553 -0.065587
0 0 0 0
0.106445 0.666748
1.954346 0.700684 1.886475
-0.996233 -0.078624 -0.036585
0 0 0 0
0.084717 0.666748
1.960449 0.686523 1.881348
-0.664424 -0.682291 -0.304992
0 0 0 0
0.083984 0.678711
1.975586 0.680664 1.879395
-0.001157 -0.915579 -0.402136
0 0 0 0
0.083496 0.690918
1.990479 0.686523 1.881348
0.664424 -0.682291 -0.304992
0 0 0 0
0.083984 0.702881
1.996582 0.700684 1.886475
0.996233 -0.078624 -0.036585
0 0 0 0
0.084717 0.714844
1.996582 0.718262 1.861572
0.995947 -0.061553 -0.065587
0 0 0 0
0.106445 0.714844
1.996582 0.741699 1.847656
0.997232 -0.029301 -0.068339
0 0 0 0
0.125732 0.714844
1.990479 0.736572 1.833496
0.667802 -0.270937 -0.693277
0 0 0 0
0.126221 0.702881
1.990479 0.70752 1.85083
0.661542 -0.518309 -0.541958
0 0 0 0
0.106201 0.702881
1.975586 0.703125 1.846436
-0.001282 -0.69363 -0.720331
0 0 0 0
0.105957 0.690918
1.960449 0.70752 1.85083
-0.661542 -0.518309 -0.541958
0 0 0 0
0.106201 0.678711
1.990967 3.904785 1.824463
0.708541 -0.001277 -0.705669
0 0 0 0
0.998779 0.702881
1.975586 2.739014 1.818848
0.001382 -0.006912 -0.999975
0 0 0 0
0.149414 0.690918
1.975586 3.904785 1.818115
0.001382 -0.001382 -0.999998
0 0 0 0
0.998779 0.690918
1.959961 3.904785 1.824463
-0.708541 -0.001277 -0.705669
0 0 0 0
0.998779 0.678711
1.960449 2.739014 1.825195
-0.708536 -0.006383 -0.705646
0 0 0 0
0.149414 0.678711
1.953613 3.904785 1.840088
-1 -0.000977 -0.000001
0 0 0 0
0.998779 0.666748
1.954346 2.73877 1.840088
-0.999992 -0.000979 0.003905
0 0 0 0
0.148926 0.666748
1.959961 3.904785 1.855713
-0.706425 -0.001277 0.707786
0 0 0 0
0.998779 0.654785
1.960449 2.738525 1.855225
-0.704304 0.003835 0.709889
0 0 0 0
0.148682 0.654785
1.975586 3.904785 1.862061
0.001382 -0.001382 0.999998
0 0 0 0
0.998779 0.642578
1.975586 2.738281 1.861328
0.001382 0.004147 0.99999
0 0 0 0
0.148438 0.642578
1.960449 2.711914 1.861816
-0.739872 0.238306 0.629126
0 0 0 0
0.125 0.654785
1.975586 2.714111 1.867432
0.00136 0.354891 0.934907
0 0 0 0
0.124756 0.642578
1.975586 2.69873 1.876221
-0.001288 0.676297 0.736628
0 0 0 0
0.107422 0.642578
1.960449 2.694336 1.871826
-0.753099 0.448528 0.481316
0 0 0 0
0.107178 0.654785
1.975586 2.685791 1.893311
-0.00117 0.901879 0.431987
0 0 0 0
0.08667 0.642578
1.960449 2.680176 1.891357
-0.751473 0.59653 0.281853
0 0 0 0
0.086182 0.654785
1.975586 2.681641 1.911865
-0.000996 0.99925 0.038717
0 0 0 0
0.068359 0.642578
1.960449 2.675293 1.912109
-0.714786 0.698968 0.022886
0 0 0 0
0.067627 0.654785
1.975586 2.682373 2.000977
-0.000981 0.999969 -0.007804
0 0 0 0
0.001709 0.642578
1.959961 2.675781 2.000977
-0.706093 0.708058 -0.009294
0 0 0 0
0.001709 0.654785
1.954346 2.6604 1.912354
-0.999795 -0.016712 -0.01142
0 0 0 0
0.065918 0.666748
1.953613 2.6604 2.000977
-0.999969 0.000981 -0.007804
0 0 0 0
0.001465 0.666748
1.960449 2.645264 1.912598
-0.698364 -0.71435 -0.044627
0 0 0 0
0.064453 0.678711
1.959961 2.644775 2.000977
-0.708058 -0.706094 -0.009295
0 0 0 0
0.001221 0.678711
1.975586 2.63916 1.912598
0.001005 -0.998328 -0.05779
0 0 0 0
0.063965 0.690918
1.975586 2.638428 2.000977
0.000981 -0.999969 -0.007804
0 0 0 0
0.001221 0.690918
1.990967 2.644775 2.000977
0.708058 -0.706093 -0.009294
0 0 0 0
0.001221 0.702881
1.990479 2.645264 1.912598
0.698364 -0.71435 -0.044627
0 0 0 0
0.064453 0.702881
1.997559 2.6604 2.000977
0.999969 0.000981 -0.007804
0 0 0 0
0.001465 0.714844
1.996582 2.6604 1.912354
0.999795 -0.016712 -0.01142
0 0 0 0
0.065918 0.714844
1.990967 2.675781 2.000977
0.706094 0.708058 -0.009294
0 0 0 0
0.001709 0.727051
1.990479 2.675293 1.912109
0.714786 0.698968 0.022886
0 0 0 0
0.067627 0.727051
1.975586 2.682373 2.000977
-0.000981 0.999969 -0.007804
0 0 0 0
0.001709 0.739014
1.975586 2.681641 1.911865
-0.000996 0.99925 0.038717
0 0 0 0
0.068359 0.739014
1.990479 2.680176 1.891357
0.751473 0.59653 0.281853
0 0 0 0
0.086182 0.727051
1.975586 2.685791 1.893311
-0.00117 0.901879 0.431987
0 0 0 0
0.08667 0.739014
1.990479 2.694336 1.871826
0.753099 0.448528 0.481316
0 0 0 0
0.107178 0.727051
1.975586 2.69873 1.876221
-0.001288 0.676297 0.736628
0 0 0 0
0.107422 0.739014
1.990479 2.711914 1.861816
0.739872 0.238306 0.629126
0 0 0 0
0.125 0.727051
1.975586 2.714111 1.867432
0.00136 0.354891 0.934907
0 0 0 0
0.124756 0.739014
1.975586 2.738281 1.861328
0.001382 0.004147 0.99999
0 0 0 0
0.148438 0.739014
1.990479 2.738525 1.855225
0.704304 0.003835 0.709889
0 0 0 0
0.148682 0.727051
1.975586 3.904785 1.862061
0.001382 -0.001382 0.999998
0 0 0 0
0.998779 0.739014
1.990967 3.904785 1.855713
0.706425 -0.001277 0.707786
0 0 0 0
0.998779 0.727051
1.996582 2.73877 1.840088
0.999992 -0.000979 0.003905
0 0 0 0
0.148926 0.714844
1.997559 3.904785 1.840088
1 -0.000977 -0.000001
0 0 0 0
0.998779 0.714844
1.990479 2.739014 1.825195
0.708536 -0.006383 -0.705646
0 0 0 0
0.149414 0.702881
1.975586 2.699707 1.827637
0.001359 -0.362765 -0.93188
0 0 0 0
0.126221 0.690918
1.960449 2.701904 1.833496
-0.667802 -0.270937 -0.693278
0 0 0 0
0.126221 0.678711
1.954346 2.706787 1.847656
-0.997232 -0.029301 -0.068339
0 0 0 0
0.125732 0.666748
1.954346 2.683594 1.861572
-0.995947 -0.061553 -0.065587
0 0 0 0
0.106445 0.666748
1.954346 2.666016 1.886475
-0.996233 -0.078624 -0.036585
0 0 0 0
0.084717 0.666748
1.960449 2.651855 1.881348
-0.664424 -0.682291 -0.304992
0 0 0 0
0.083984 0.678711
1.975586 2.645752 1.879395
-0.001157 -0.915579 -0.402136
0 0 0 0
0.083496 0.690918
1.990479 2.651855 1.881348
0.664424 -0.682291 -0.304992
0 0 0 0
0.083984 0.702881
1.996582 2.666016 1.886475
0.996233 -0.078624 -0.036585
0 0 0 0
0.084717 0.714844
1.996582 2.683594 1.861572
0.995947 -0.061553 -0.065587
0 0 0 0
0.106445 0.714844
1.996582 2.706787 1.847656
0.997232 -0.029301 -0.068339
0 0 0 0
0.125732 0.714844
1.990479 2.701904 1.833496
0.667802 -0.270937 -0.693277
0 0 0 0
0.126221 0.702881
1.990479 2.672852 1.85083
0.661542 -0.518309 -0.541958
0 0 0 0
0.106201 0.702881
1.975586 2.668457 1.846436
-0.001282 -0.69363 -0.720331
0 0 0 0
0.105957 0.690918
1.960449 2.672852 1.85083
-0.661542 -0.518309 -0.541958
0 0 0 0
0.106201 0.678711
-1.958008 0 2.017334
0.706425 0.001277 0.707786
0 0 0 0
-1 0.62207
-1.975586 4 2.024414
0.001382 0.001382 0.999998
0 0 0 0
1 0.612793
-1.975586 0 2.024414
0.001382 0.001382 0.999998
0 0 0 0
-1 0.612793
-1.958008 4 2.017334
0.706425 0.001277 0.707786
0 0 0 0
1 0.62207
-1.950928 0 2
1 0.000978 -0.000001
0 0 0 0
-1 0.631348
-1.950928 4 2
1 0.000978 -0.000001
0 0 0 0
1 0.631348
-1.958008 0 1.982666
0.706425 0.001277 -0.707786
0 0 0 0
-1 0.640625
-1.958008 4 1.982666
0.706425 0.001277 -0.707786
0 0 0 0
1 0.640625
-1.975586 0 1.975586
0.001382 0.001382 -0.999998
0 0 0 0
-1 0.649902
-1.975586 4 1.975586
0.001382 0.001382 -0.999998
0 0 0 0
1 0.649902
-1.99292 0 1.982666
-0.706425 0.001277 -0.707786
0 0 0 0
-1 0.659424
-1.99292 4 1.982666
-0.706425 0.001277 -0.707786
0 0 0 0
1 0.659424
-2 0 2
-1 0.000978 -0.000001
0 0 0 0
-1 0.668701
-2 4 2
-1 0.000978 -0.000001
0 0 0 0
1 0.668701
-1.99292 0 2.017334
-0.706425 0.001277 0.707786
0 0 0 0
-1 0.677979
-1.99292 4 2.017334
-0.706425 0.001277 0.707786
0 0 0 0
1 0.677979
-1.975586 0 2.024414
0.001382 0.001382 0.999998
0 0 0 0
-1 0.687256
-1.975586 4 2.024414
0.001382 0.001382 0.999998
0 0 0 0
1 0.687256
-1.975586 0 2.024414
0.000978 -1 -0.000001
0 0 0 0
0.123047 0.928955
-1.975586 0 2
0.000978 -1 -0.000001
0 0 0 0
0.109863 0.928955
-1.958008 0 2.017334
0.000978 -1 -0.000001
0 0 0 0
0.119141 0.938232
-1.99292 0 2.017334
0.000978 -1 -0.000001
0 0 0 0
0.119141 0.919434
-2 0 2
0.000978 -1 -0.000001
0 0 0 0
0.109863 0.915527
-1.99292 0 1.982666
0.000978 -1 -0.000001
0 0 0 0
0.100342 0.919434
-1.975586 0 1.975586
0.000978 -1 -0.000001
0 0 0 0
0.096436 0.928955
-1.958008 0 1.982666
0.000978 -1 -0.000001
0 0 0 0
0.100342 0.938232
-1.950928 0 2
0.000978 -1 -0.000001
0 0 0 0
0.109863 0.942139
-1.958008 4 2.017334
0.000978 1 -0.000001
0 0 0 0
0.119141 0.919434
-1.975586 4 2
0.000978 1 -0.000001
0 0 0 0
0.109863 0.928955
-1.975586 4 2.024414
0.000978 1 -0.000001
0 0 0 0
0.123047 0.928955
-1.950928 4 2
0.000978 1 -0.000001
0 0 0 0
0.109863 0.915527
-1.958008 4 1.982666
0.000978 1 -0.000001
0 0 0 0
0.100342 0.919434
-1.975586 4 1.975586
0.000978 1 -0.000001
0 0 0 0
0.096436 0.928955
-1.99292 4 1.982666
0.000978 1 -0.000001
0 0 0 0
0.100342 0.938232
-2 4 2
0.000978 1 -0.000001
0 0 0 0
0.109863 0.942139
-1.99292 4 2.017334
0.000978 1 -0.000001
0 0 0 0
0.119141 0.938232
-1.958008 0 -2.017334
0.706425 0.001277 -0.707786
0 0 0 0
-1 0.62207
-1.975586 0 -2.024414
0.001382 0.001382 -0.999998
0 0 0 0
-1 0.612793
-1.975586 4 -2.024414
0.001382 0.001382 -0.999998
0 0 0 0
1 0.612793
-1.958008 4 -2.017334
0.706425 0.001277 -0.707786
0 0 0 0
1 0.62207
-1.950928 0 -2
1 0.000978 -0.000001
0 0 0 0
-1 0.631348
-1.950928 4 -2
1 0.000978 -0.000001
0 0 0 0
1 0.631348
-1.958008 0 -1.982666
0.706425 0.001277 0.707786
0 0 0 0
-1 0.640625
-1.958008 4 -1.982666
0.706425 0.001277 0.707786
0 0 0 0
1 0.640625
-1.975586 0 -1.975586
0.001382 0.001382 0.999998
0 0 0 0
-1 0.649902
-1.975586 4 -1.975586
0.001382 0.001382 0.999998
0 0 0 0
1 0.649902
-1.99292 0 -1.982666
-0.706425 0.001277 0.707786
0 0 0 0
-1 0.659424
-1.99292 4 -1.982666
-0.706425 0.001277 0.707786
0 0 0 0
1 0.659424
-2 0 -2
-1 0.000978 -0.000001
0 0 0 0
-1 0.668701
-2 4 -2
-1 0.000978 -0.000001
0 0 0 0
1 0.668701
-1.99292 0 -2.017334
-0.706425 0.001277 -0.707786
0 0 0 0
-1 0.677979
-1.99292 4 -2.017334
-0.706425 0.001277 -0.707786
0 0 0 0
1 0.677979
-1.975586 0 -2.024414
0.001382 0.001382 -0.999998
0 0 0 0
-1 0.687256
-1.975586 4 -2.024414
0.001382 0.001382 -0.999998
0 0 0 0
1 0.687256
-1.975586 0 -2.024414
0.000978 -1 -0.000001
0 0 0 0
0.123047 0.928955
-1.958008 0 -2.017334
0.000978 -1 -0.000001
0 0 0 0
0.119141 0.938232
-1.975586 0 -2
0.000978 -1 -0.000001
0 0 0 0
0.109863 0.928955
-1.99292 0 -2.017334
0.000978 -1 -0.000001
0 0 0 0
0.119141 0.919434
-2 0 -2
0.000978 -1 -0.000001
0 0 0 0
0.109863 0.915527
-1.99292 0 -1.982666
0.000978 -1 -0.000001
0 0 0 0
0.100342 0.919434
-1.975586 0 -1.975586
0.000978 -1 -0.000001
0 0 0 0
0.096436 0.928955
-1.958008 0 -1.982666
0.000978 -1 -0.000001
0 0 0 0
0.100342 0.938232
-1.950928 0 -2
0.000978 -1 -0.000001
0 0 0 0
0.109863 0.942139
-1.958008 4 -2.017334
0.000978 1 -0.000001
0 0 0 0
0.119141 0.919434
-1.975586 4 -2.024414
0.000978 1 -0.000001
0 0 0 0
0.123047 0.928955
-1.975586 4 -2
0.000978 1 -0.000001
0 0 0 0
0.109863 0.928955
-1.950928 4 -2
0.000978 1 -0.000001
0 0 0 0
0.109863 0.915527
-1.958008 4 -1.982666
0.000978 1 -0.000001
0 0 0 0
0.100342 0.919434
-1.975586 4 -1.975586
0.000978 1 -0.000001
0 0 0 0
0.096436 0.928955
-1.99292 4 -1.982666
0.000978 1 -0.000001
0 0 0 0
0.100342 0.938232
-2 4 -2
0.000978 1 -0.000001
0 0 0 0
0.109863 0.942139
-1.99292 4 -2.017334
0.000978 1 -0.000001
0 0 0 0
0.119141 0.938232
-1.990967 1.939453 -1.824463
-0.708541 -0.001277 0.705669
0 0 0 0
0.998779 0.702881
-1.975586 0.773926 -1.818848
-0.001382 -0.006912 0.999975
0 0 0 0
0.149414 0.690918
-1.975586 1.939453 -1.818115
0.001382 -0.001382 0.999998
0 0 0 0
0.998779 0.690918
-1.959961 1.939453 -1.824463
0.708541 -0.001277 0.705669
0 0 0 0
0.998779 0.678711
-1.960449 0.773682 -1.825195
0.708536 -0.006383 0.705646
0 0 0 0
0.149414 0.678711
-1.953613 1.939453 -1.840088
1 -0.000977 0.000001
0 0 0 0
0.998779 0.666748
-1.954346 0.773438 -1.840088
0.999992 -0.000979 -0.003905
0 0 0 0
0.148926 0.666748
-1.959961 1.939453 -1.855713
0.706425 -0.001277 -0.707786
0 0 0 0
0.998779 0.654785
-1.960449 0.773193 -1.855225
0.704304 0.003835 -0.709889
0 0 0 0
0.148682 0.654785
-1.975586 1.939453 -1.862061
0.001382 -0.001382 -0.999998
0 0 0 0
0.998779 0.642578
-1.975586 0.773193 -1.861328
0.001382 0.004147 -0.99999
0 0 0 0
0.148438 0.642578
-1.960449 0.746582 -1.861816
0.739872 0.238306 -0.629126
0 0 0 0
0.125 0.654785
-1.975586 0.748779 -1.867432
0.00136 0.354891 -0.934907
0 0 0 0
0.124756 0.642578
-1.975586 0.733398 -1.876221
0.001288 0.676297 -0.736628
0 0 0 0
0.107422 0.642578
-1.960449 0.729004 -1.871826
0.753099 0.448528 -0.481316
0 0 0 0
0.107178 0.654785
-1.975586 0.720703 -1.893311
0.00117 0.901879 -0.431987
0 0 0 0
0.08667 0.642578
-1.960449 0.714844 -1.891357
0.751473 0.59653 -0.281853
0 0 0 0
0.086182 0.654785
-1.975586 0.716309 -1.911865
0.000996 0.99925 -0.038717
0 0 0 0
0.068359 0.642578
-1.960449 0.710205 -1.912109
0.714786 0.698968 -0.022886
0 0 0 0
0.067627 0.654785
-1.975586 0.717041 -2.000977
0.000981 0.999969 0.007804
0 0 0 0
0.001709 0.642578
-1.959961 0.710693 -2.000977
0.706094 0.708058 0.009294
0 0 0 0
0.001709 0.654785
-1.954346 0.695068 -1.912354
0.999795 -0.016712 0.01142
0 0 0 0
0.065918 0.666748
-1.953613 0.695068 -2.000977
0.999969 0.000981 0.007804
0 0 0 0
0.001465 0.666748
-1.960449 0.680176 -1.912598
0.698364 -0.71435 0.044627
0 0 0 0
0.064453 0.678711
-1.959961 0.679443 -2.000977
0.708058 -0.706093 0.009294
0 0 0 0
0.001221 0.678711
-1.975586 0.673828 -1.912598
0.001005 -0.998328 0.05779
0 0 0 0
0.063965 0.690918
-1.975586 0.673096 -2.000977
0.000981 -0.999969 0.007804
0 0 0 0
0.001221 0.690918
-1.990967 0.679443 -2.000977
-0.708058 -0.706094 0.009295
0 0 0 0
0.001221 0.702881
-1.990479 0.680176 -1.912598
-0.698364 -0.71435 0.044627
0 0 0 0
0.064453 0.702881
-1.997559 0.695068 -2.000977
-0.999969 0.000981 0.007804
0 0 0 0
0.001465 0.714844
-1.996582 0.695068 -1.912354
-0.999795 -0.016712 0.01142
0 0 0 0
0.065918 0.714844
-1.990967 0.710693 -2.000977
-0.706093 0.708058 0.009294
0 0 0 0
0.001709 0.727051
-1.990479 0.710205 -1.912109
-0.714786 0.698968 -0.022886
0 0 0 0
0.067627 0.727051
-1.975586 0.717041 -2.000977
0.000981 0.999969 0.007804
0 0 0 0
0.001709 0.739014
-1.975586 0.716309 -1.911865
0.000996 0.99925 -0.038717
0 0 0 0
0.068359 0.739014
-1.990479 0.714844 -1.891357
-0.751473 0.59653 -0.281853
0 0 0 0
0.086182 0.727051
-1.975586 0.720703 -1.893311
0.00117 0.901879 -0.431987
0 0 0 0
0.08667 0.739014
-1.990479 0.729004 -1.871826
-0.753099 0.448528 -0.481316
0 0 0 0
0.107178 0.727051
-1.975586 0.733398 -1.876221
0.001288 0.676297 -0.736628
0 0 0 0
0.107422 0.739014
-1.990479 0.746582 -1.861816
-0.739872 0.238306 -0.629126
0 0 0 0
0.125 0.727051
-1.975586 0.748779 -1.867432
0.00136 0.354891 -0.934907
0 0 0 0
0.124756 0.739014
-1.975586 0.773193 -1.861328
0.001382 0.004147 -0.99999
0 0 0 0
0.148438 0.739014
-1.990479 0.773193 -1.855225
-0.704304 0.003835 -0.709889
0 0 0 0
0.148682 0.727051
-1.975586 1.939453 -1.862061
0.001382 -0.001382 -0.999998
0 0 0 0
0.998779 0.739014
-1.990967 1.939453 -1.855713
-0.706425 -0.001277 -0.707786
0 0 0 0
0.998779 0.727051
-1.996582 0.773438 -1.840088
-0.999992 -0.000979 -0.003905
0 0 0 0
0.148926 0.714844
-1.997559 1.939453 -1.840088
-1 -0.000977 0.000001
0 0 0 0
0.998779 0.714844
-1.990479 0.773682 -1.825195
-0.708536 -0.006383 0.705646
0 0 0 0
0.149414 0.702881
-1.975586 0.734375 -1.827637
-0.001359 -0.362765 0.93188
0 0 0 0
0.126221 0.690918
-1.960449 0.736572 -1.833496
0.667802 -0.270937 0.693277
0 0 0 0
0.126221 0.678711
-1.954346 0.741699 -1.847656
0.997232 -0.029301 0.068339
0 0 0 0
0.125732 0.666748
-1.954346 0.718262 -1.861572
0.995947 -0.061553 0.065587
0 0 0 0
0.106445 0.666748
-1.954346 0.700684 -1.886475
0.996233 -0.078624 0.036585
0 0 0 0
0.084717 0.666748
-1.960449 0.686523 -1.881348
0.664424 -0.682291 0.304992
0 0 0 0
0.083984 0.678711
-1.975586 0.680664 -1.879395
0.001158 -0.915579 0.402136
0 0 0 0
0.083496 0.690918
-1.990479 0.686523 -1.881348
-0.664424 -0.682291 0.304992
0 0 0 0
0.083984 0.702881
-1.996582 0.700684 -1.886475
-0.996233 -0.078624 0.036585
0 0 0 0
0.084717 0.714844
-1.996582 0.718262 -1.861572
-0.995947 -0.061553 0.065587
0 0 0 0
0.106445 0.714844
-1.996582 0.741699 -1.847656
-0.997232 -0.029301 0.068339
0 0 0 0
0.125732 0.714844
-1.990479 0.736572 -1.833496
-0.667802 -0.270937 0.693278
0 0 0 0
0.126221 0.702881
-1.990479 0.70752 -1.85083
-0.661542 -0.518309 0.541958
0 0 0 0
0.106201 0.702881
-1.975586 0.703125 -1.846436
0.001282 -0.69363 0.720331
0 0 0 0
0.105957 0.690918
-1.960449 0.70752 -1.85083
0.661542 -0.518309 0.541958
0 0 0 0
0.106201 0.678711
-1.975586 0.773926 1.818848
-0.001382 -0.006912 -0.999975
0 0 0 0
0.149414 0.690918
-1.990967 1.939453 1.824463
-0.708541 -0.001277 -0.705669
0 0 0 0
0.998779 0.702881
-1.975586 1.939453 1.818115
0.001382 -0.001382 -0.999998
0 0 0 0
0.998779 0.690918
-1.959961 1.939453 1.824463
0.708541 -0.001277 -0.705669
0 0 0 0
0.998779 0.678711
-1.960449 0.773682 1.825195
0.708536 -0.006383 -0.705646
0 0 0 0
0.149414 0.678711
-1.953613 1.939453 1.840088
1 -0.000977 -0.000001
0 0 0 0
0.998779 0.666748
-1.954346 0.773438 1.840088
0.999992 -0.000979 0.003905
0 0 0 0
0.148926 0.666748
-1.959961 1.939453 1.855713
0.706425 -0.001277 0.707786
0 0 0 0
0.998779 0.654785
-1.960449 0.773193 1.855225
0.704304 0.003835 0.709889
0 0 0 0
0.148682 0.654785
-1.975586 1.939453 1.862061
0.001382 -0.001382 0.999998
0 0 0 0
0.998779 0.642578
-1.975586 0.773193 1.861328
0.001382 0.004147 0.99999
0 0 0 0
0.148438 0.642578
-1.960449 0.746582 1.861816
0.739872 0.238306 0.629126
0 0 0 0
0.125 0.654785
-1.975586 0.748779 1.867432
0.00136 0.354891 0.934907
0 0 0 0
0.124756 0.642578
-1.975586 0.733398 1.876221
0.001288 0.676297 0.736628
0 0 0 0
0.107422 0.642578
-1.960449 0.729004 1.871826
0.753099 0.448528 0.481316
0 0 0 0
0.107178 0.654785
-1.975586 0.720703 1.893311
0.00117 0.901879 0.431987
0 0 0 0
0.08667 0.642578
-1.960449 0.714844 1.891357
0.751473 0.59653 0.281853
0 0 0 0
0.086182 0.654785
-1.975586 0.716309 1.911865
0.000996 0.99925 0.038717
0 0 0 0
0.068359 0.642578
-1.960449 0.710205 1.912109
0.714786 0.698968 0.022886
0 0 0 0
0.067627 0.654785
-1.975586 0.717041 2.000977
0.000981 0.999969 -0.007804
0 0 0 0
0.001709 0.642578
-1.959961 0.710693 2.000977
0.706094 0.708058 -0.009294
0 0 0 0
0.001709 0.654785
-1.954346 0.695068 1.912354
0.999795 -0.016712 -0.01142
0 0 0 0
0.065918 0.666748
-1.953613 0.695068 2.000977
0.999969 0.000981 -0.007804
0 0 0 0
0.001465 0.666748
-1.960449 0.680176 1.912598
0.698364 -0.71435 -0.044627
0 0 0 0
0.064453 0.678711
-1.959961 0.679443 2.000977
0.708058 -0.706093 -0.009294
0 0 0 0
0.001221 0.678711
-1.975586 0.673828 1.912598
0.001005 -0.998328 -0.05779
0 0 0 0
0.063965 0.690918
-1.975586 0.673096 2.000977
0.000981 -0.999969 -0.007804
0 0 0 0
0.001221 0.690918
-1.990967 0.679443 2.000977
-0.708058 -0.706094 -0.009295
0 0 0 0
0.001221 0.702881
-1.990479 0.680176 1.912598
-0.698364 -0.71435 -0.044627
0 0 0 0
0.064453 0.702881
-1.997559 0.695068 2.000977
-0.999969 0.000981 -0.007804
0 0 0 0
0.001465 0.714844
-1.996582 0.695068 1.912354
-0.999795 -0.016712 -0.01142
0 0 0 0
0.065918 0.714844
-1.990967 0.710693 2.000977
-0.706093 0.708058 -0.009294
0 0 0 0
0.001709 0.727051
-1.990479 0.710205 1.912109
-0.714786 0.698968 0.022886
0 0 0 0
0.067627 0.727051
-1.975586 0.717041 2.000977
0.000981 0.999969 -0.007804
0 0 0 0
0.001709 0.739014
-1.975586 0.716309 1.911865
0.000996 0.99925 0.038717
0 0 0 0
0.068359 0.739014
-1.990479 0.714844 1.891357
-0.751473 0.59653 0.281853
0 0 0 0
0.086182 0.727051
-1.975586 0.720703 1.893311
0.00117 0.901879 0.431987
0 0 0 0
0.08667 0.739014
-1.990479 0.729004 1.871826
-0.753099 0.448528 0.481316
0 0 0 0
0.107178 0.727051
-1.975586 0.733398 1.876221
0.001288 0.676297 0.736628
0 0 0 0
0.107422 0.739014
-1.990479 0.746582 1.861816
-0.739872 0.238306 0.629126
0 0 0 0
0.125 0.727051
-1.975586 0.748779 1.867432
0.00136 0.354891 0.934907
0 0 0 0
0.124756 0.739014
-1.975586 0.773193 1.861328
0.001382 0.004147 0.99999
0 0 0 0
0.148438 0.739014
-1.990479 0.773193 1.855225
-0.704304 0.003835 0.709889
0 0 0 0
0.148682 0.727051
-1.975586 1.939453 1.862061
0.001382 -0.001382 0.999998
0 0 0 0
0.998779 0.739014
-1.990967 1.939453 1.855713
-0.706425 -0.001277 0.707786
0 0 0 0
0.998779 0.727051
-1.996582 0.773438 1.840088
-0.999992 -0.000979 0.003905
0 0 0 0
0.148926 0.714844
-1.997559 1.939453 1.840088
-1 -0.000977 -0.000001
0 0 0 0
0.998779 0.714844
-1.990479 0.773682 1.825195
-0.708536 -0.006383 -0.705646
0 0 0 0
0.149414 0.702881
-1.975586 0.734375 1.827637
-0.001359 -0.362765 -0.93188
0 0 0 0
0.126221 0.690918
-1.960449 0.736572 1.833496
0.667802 -0.270937 -0.693277
0 0 0 0
0.126221 0.678711
-1.954346 0.741699 1.847656
0.997232 -0.029301 -0.068339
0 0 0 0
0.125732 0.666748
-1.954346 0.718262 1.861572
0.995947 -0.061553 -0.065587
0 0 0 0
0.106445 0.666748
-1.960449 0.70752 1.85083
0.661542 -0.518309 -0.541958
0 0 0 0
0.106201 0.678711
-1.975586 0.703125 1.846436
0.001282 -0.69363 -0.720331
0 0 0 0
0.105957 0.690918
-1.990479 0.70752 1.85083
-0.661542 -0.518309 -0.541958
0 0 0 0
0.106201 0.702881
-1.990479 0.736572 1.833496
-0.667802 -0.270937 -0.693278
0 0 0 0
0.126221 0.702881
-1.996582 0.741699 1.847656
-0.997232 -0.029301 -0.068339
0 0 0 0
0.125732 0.714844
-1.996582 0.718262 1.861572
-0.995947 -0.061553 -0.065587
0 0 0 0
0.106445 0.714844
-1.996582 0.700684 1.886475
-0.996233 -0.078624 -0.036585
0 0 0 0
0.084717 0.714844
-1.990479 0.686523 1.881348
-0.664424 -0.682291 -0.304992
0 0 0 0
0.083984 0.702881
-1.975586 0.680664 1.879395
0.001158 -0.915579 -0.402136
0 0 0 0
0.083496 0.690918
-1.960449 0.686523 1.881348
0.664424 -0.682291 -0.304992
0 0 0 0
0.083984 0.678711
-1.954346 0.700684 1.886475
0.996233 -0.078624 -0.036585
0 0 0 0
0.084717 0.666748
1.975586 2.739014 -1.818848
0.001382 -0.006912 0.999975
0 0 0 0
0.149414 0.690918
1.990967 3.904785 -1.824463
0.708541 -0.001277 0.705669
0 0 0 0
0.998779 0.702881
1.975586 3.904785 -1.818115
0.001382 -0.001382 0.999998
0 0 0 0
0.998779 0.690918
1.959961 3.904785 -1.824463
-0.708541 -0.001277 0.705669
0 0 0 0
0.998779 0.678711
1.960449 2.739014 -1.825195
-0.708536 -0.006383 0.705646
0 0 0 0
0.149414 0.678711
1.953613 3.904785 -1.840088
-1 -0.000977 0.000001
0 0 0 0
0.998779 0.666748
1.954346 2.73877 -1.840088
-0.999992 -0.000979 -0.003905
0 0 0 0
0.148926 0.666748
1.959961 3.904785 -1.855713
-0.706425 -0.001277 -0.707786
0 0 0 0
0.998779 0.654785
1.960449 2.738525 -1.855225
-0.704304 0.003835 -0.709889
0 0 0 0
0.148682 0.654785
1.975586 3.904785 -1.862061
0.001382 -0.001382 -0.999998
0 0 0 0
0.998779 0.642578
1.975586 2.738281 -1.861328
0.001382 0.004147 -0.99999
0 0 0 0
0.148438 0.642578
1.960449 2.711914 -1.861816
-0.739872 0.238306 -0.629126
0 0 0 0
0.125 0.654785
1.975586 2.714111 -1.867432
-0.00136 0.354891 -0.934907
0 0 0 0
0.124756 0.642578
1.975586 2.69873 -1.876221
-0.001288 0.676297 -0.736628
0 0 0 0
0.107422 0.642578
1.960449 2.694336 -1.871826
-0.753099 0.448528 -0.481316
0 0 0 0
0.107178 0.654785
1.975586 2.685791 -1.893311
-0.00117 0.901879 -0.431987
0 0 0 0
0.08667 0.642578
1.960449 2.680176 -1.891357
-0.751473 0.59653 -0.281853
0 0 0 0
0.086182 0.654785
1.975586 2.681641 -1.911865
-0.000996 0.99925 -0.038717
0 0 0 0
0.068359 0.642578
1.960449 2.675293 -1.912109
-0.714786 0.698968 -0.022886
0 0 0 0
0.067627 0.654785
1.975586 2.682373 -2.000977
-0.000981 0.999969 0.007804
0 0 0 0
0.001709 0.642578
1.959961 2.675781 -2.000977
-0.706093 0.708058 0.009294
0 0 0 0
0.001709 0.654785
1.954346 2.6604 -1.912354
-0.999795 -0.016712 0.01142
0 0 0 0
0.065918 0.666748
1.953613 2.6604 -2.000977
-0.999969 0.000981 0.007804
0 0 0 0
0.001465 0.666748
1.960449 2.645264 -1.912598
-0.698364 -0.71435 0.044627
0 0 0 0
0.064453 0.678711
1.959961 2.644775 -2.000977
-0.708058 -0.706094 0.009295
0 0 0 0
0.001221 0.678711
1.975586 2.63916 -1.912598
0.001005 -0.998328 0.05779
0 0 0 0
0.063965 0.690918
1.975586 2.638428 -2.000977
-0.000981 -0.999969 0.007804
0 0 0 0
0.001221 0.690918
1.990967 2.644775 -2.000977
0.708058 -0.706093 0.009294
0 0 0 0
0.001221 0.702881
1.990479 2.645264 -1.912598
0.698364 -0.71435 0.044627
0 0 0 0
0.064453 0.702881
1.997559 2.6604 -2.000977
0.999969 0.000981 0.007804
0 0 0 0
0.001465 0.714844
1.996582 2.6604 -1.912354
0.999795 -0.016712 0.01142
0 0 0 0
0.065918 0.714844
1.990967 2.675781 -2.000977
0.706094 0.708058 0.009294
0 0 0 0
0.001709 0.727051
1.990479 2.675293 -1.912109
0.714786 0.698968 -0.022886
0 0 0 0
0.067627 0.727051
1.975586 2.682373 -2.000977
-0.000981 0.999969 0.007804
0 0 0 0
0.001709 0.739014
1.975586 2.681641 -1.911865
-0.000996 0.99925 -0.038717
0 0 0 0
0.068359 0.739014
1.990479 2.680176 -1.891357
0.751473 0.59653 -0.281853
0 0 0 0
0.086182 0.727051
1.975586 2.685791 -1.893311
-0.00117 0.901879 -0.431987
0 0 0 0
0.08667 0.739014
1.990479 2.694336 -1.871826
0.753099 0.448528 -0.481316
0 0 0 0
0.107178 0.727051
1.975586 2.69873 -1.876221
-0.001288 0.676297 -0.736628
0 0 0 0
0.107422 0.739014
1.990479 2.711914 -1.861816
0.739872 0.238306 -0.629126
0 0 0 0
0.125 0.727051
1.975586 2.714111 -1.867432
-0.00136 0.354891 -0.934907
0 0 0 0
0.124756 0.739014
1.975586 2.738281 -1.861328
0.001382 0.004147 -0.99999
0 0 0 0
0.148438 0.739014
1.990479 2.738525 -1.855225
0.704304 0.003835 -0.709889
0 0 0 0
0.148682 0.727051
1.975586 3.904785 -1.862061
0.001382 -0.001382 -0.999998
0 0 0 0
0.998779 0.739014
1.990967 3.904785 -1.855713
0.706425 -0.001277 -0.707786
0 0 0 0
0.998779 0.727051
1.996582 2.73877 -1.840088
0.999992 -0.000979 -0.003905
0 0 0 0
0.148926 0.714844
1.997559 3.904785 -1.840088
1 -0.000977 0.000001
0 0 0 0
0.998779 0.714844
1.990479 2.739014 -1.825195
0.708536 -0.006383 0.705646
0 0 0 0
0.149414 0.702881
1.975586 2.699707 -1.827637
0.001359 -0.362765 0.93188
0 0 0 0
0.126221 0.690918
1.960449 2.701904 -1.833496
-0.667802 -0.270937 0.693278
0 0 0 0
0.126221 0.678711
1.954346 2.706787 -1.847656
-0.997232 -0.029301 0.068339
0 0 0 0
0.125732 0.666748
1.954346 2.683594 -1.861572
-0.995947 -0.061553 0.065587
0 0 0 0
0.106445 0.666748
1.960449 2.672852 -1.85083
-0.661542 -0.518309 0.541958
0 0 0 0
0.106201 0.678711
1.975586 2.668457 -1.846436
-0.001282 -0.69363 0.720331
0 0 0 0
0.105957 0.690918
1.990479 2.672852 -1.85083
0.661542 -0.518309 0.541958
0 0 0 0
0.106201 0.702881
1.990479 2.701904 -1.833496
0.667802 -0.270937 0.693277
0 0 0 0
0.126221 0.702881
1.996582 2.706787 -1.847656
0.997232 -0.029301 0.068339
0 0 0 0
0.125732 0.714844
1.996582 2.683594 -1.861572
0.995947 -0.061553 0.065587
0 0 0 0
0.106445 0.714844
1.996582 2.666016 -1.886475
0.996233 -0.078624 0.036585
0 0 0 0
0.084717 0.714844
1.990479 2.651855 -1.881348
0.664424 -0.682291 0.304992
0 0 0 0
0.083984 0.702881
1.975586 2.645752 -1.879395
-0.001157 -0.915579 0.402136
0 0 0 0
0.083496 0.690918
1.960449 2.651855 -1.881348
-0.664424 -0.682291 0.304992
0 0 0 0
0.083984 0.678711
1.954346 2.666016 -1.886475
-0.996233 -0.078624 0.036585
0 0 0 0
0.084717 0.666748
1.958008 0 -2.017334
-0.706425 0.001277 -0.707786
0 0 0 0
-1 0.62207
1.975586 4 -2.024414
0.001382 0.001382 -0.999998
0 0 0 0
1 0.612793
1.975586 0 -2.024414
0.001382 0.001382 -0.999998
0 0 0 0
-1 0.612793
1.958008 4 -2.017334
-0.706425 0.001277 -0.707786
0 0 0 0
1 0.62207
1.950928 0 -2
-1 0.000978 -0.000001
0 0 0 0
-1 0.631348
1.950928 4 -2
-1 0.000978 -0.000001
0 0 0 0
1 0.631348
1.958008 0 -1.982666
-0.706425 0.001277 0.707786
0 0 0 0
-1 0.640625
1.958008 4 -1.982666
-0.706425 0.001277 0.707786
0 0 0 0
1 0.640625
1.975586 0 -1.975586
0.001382 0.001382 0.999998
0 0 0 0
-1 0.649902
1.975586 4 -1.975586
0.001382 0.001382 0.999998
0 0 0 0
1 0.649902
1.99292 0 -1.982666
0.706425 0.001277 0.707786
0 0 0 0
-1 0.659424
1.99292 4 -1.982666
0.706425 0.001277 0.707786
0 0 0 0
1 0.659424
2 0 -2
1 0.000978 -0.000001
0 0 0 0
-1 0.668701
2 4 -2
1 0.000978 -0.000001
0 0 0 0
1 0.668701
1.99292 0 -2.017334
0.706425 0.001277 -0.707786
0 0 0 0
-1 0.677979
1.99292 4 -2.017334
0.706425 0.001277 -0.707786
0 0 0 0
1 0.677979
1.975586 0 -2.024414
0.001382 0.001382 -0.999998
0 0 0 0
-1 0.687256
1.975586 4 -2.024414
0.001382 0.001382 -0.999998
0 0 0 0
1 0.687256
1.975586 0 -2.024414
0.000978 -1 -0.000001
0 0 0 0
0.123047 0.928955
1.975586 0 -2
0.000978 -1 -0.000001
0 0 0 0
0.109863 0.928955
1.958008 0 -2.017334
0.000978 -1 -0.000001
0 0 0 0
0.119141 0.938232
1.99292 0 -2.017334
0.000978 -1 -0.000001
0 0 0 0
0.119141 0.919434
2 0 -2
0.000978 -1 -0.000001
0 0 0 0
0.109863 0.915527
1.99292 0 -1.982666
0.000978 -1 -0.000001
0 0 0 0
0.100342 0.919434
1.975586 0 -1.975586
0.000978 -1 -0.000001
0 0 0 0
0.096436 0.928955
1.958008 0 -1.982666
0.000978 -1 -0.000001
0 0 0 0
0.100342 0.938232
1.950928 0 -2
0.000978 -1 -0.000001
0 0 0 0
0.109863 0.942139
1.958008 4 -2.017334
0.000978 1 -0.000001
0 0 0 0
0.119141 0.919434
1.975586 4 -2
0.000978 1 -0.000001
0 0 0 0
0.109863 0.928955
1.975586 4 -2.024414
0.000978 1 -0.000001
0 0 0 0
0.123047 0.928955
1.950928 4 -2
0.000978 1 -0.000001
0 0 0 0
0.109863 0.915527
1.958008 4 -1.982666
0.000978 1 -0.000001
0 0 0 0
0.100342 0.919434
1.975586 4 -1.975586
0.000978 1 -0.000001
0 0 0 0
0.096436 0.928955
1.99292 4 -1.982666
0.000978 1 -0.000001
0 0 0 0
0.100342 0.938232
2 4 -2
0.000978 1 -0.000001
0 0 0 0
0.109863 0.942139
1.99292 4 -2.017334
0.000978 1 -0.000001
0 0 0 0
0.119141 0.938232
1.951416 3.906982 -2
0.001382 0.001382 -0.999998
0 0 0 0
0.65625 0.15625
1.975586 3.906982 -2
0.001382 0.001382 -0.999998
0 0 0 0
0.5 0.162598
1.958496 3.889893 -2
0.001382 0.001382 -0.999998
0 0 0 0
0.610596 0.045654
1409
2 1 0
0 1 3
3 1 4
4 1 5
5 1 6
6 1 7
7 1 8
8 1 2
11 10 9
10 12 9
10 13 12
13 14 12
13 15 14
15 16 14
15 17 16
17 18 16
17 19 18
19 20 18
19 21 20
21 22 20
21 23 22
23 24 22
23 25 24
25 26 24
29 28 27
29 27 30
29 30 31
29 31 32
29 32 33
29 33 34
29 34 35
29 35 28
38 37 36
36 37 39
39 37 40
40 37 41
41 37 42
42 37 43
43 37 44
44 37 38
47 46 45
46 48 45
46 49 48
49 50 48
49 51 50
51 52 50
51 53 52
53 54 52
53 55 54
55 56 54
55 57 56
57 58 56
57 59 58
59 60 58
59 61 60
61 62 60
65 64 63
65 63 66
65 66 67
65 67 68
65 68 69
65 69 70
65 70 71
65 71 64
74 73 72
74 72 75
74 75 76
74 76 77
74 77 78
74 78 79
74 79 80
74 80 73
83 82 81
82 84 81
81 84 85
84 86 85
85 86 87
86 88 87
87 88 89
88 90 89
89 90 91
90 92 91
91 92 93
92 94 93
93 94 95
94 96 95
95 96 97
96 98 97
101 100 99
99 100 102
102 100 103
103 100 104
104 100 105
105 100 106
106 100 107
107 100 101
110 109 108
110 108 111
110 111 112
110 112 113
110 113 114
110 114 115
110 115 116
110 116 109
119 118 117
118 120 117
117 120 121
120 122 121
121 122 123
122 124 123
123 124 125
124 126 125
125 126 127
126 128 127
127 128 129
128 130 129
129 130 131
130 132 131
131 132 133
132 134 133
137 136 135
135 136 138
138 136 139
139 136 140
140 136 141
141 136 142
142 136 143
143 136 137
146 145 144
144 145 147
147 145 148
148 145 149
149 145 150
150 145 151
151 145 152
152 145 146
155 154 153
154 156 153
154 157 156
157 158 156
157 159 158
159 160 158
159 161 160
161 162 160
161 163 162
163 164 162
163 165 164
165 166 164
165 167 166
167 168 166
167 169 168
169 170 168
173 172 171
173 171 174
173 174 175
173 175 176
173 176 177
173 177 178
173 178 179
173 179 172
182 181 180
180 181 183
183 181 184
184 181 185
185 181 186
186 181 187
187 181 188
188 181 182
191 190 189
190 192 189
190 193 192
193 194 192
193 195 194
195 196 194
195 197 196
197 198 196
197 199 198
199 200 198
199 201 200
201 202 200
201 203 202
203 204 202
203 205 204
205 206 204
209 208 207
209 207 210
209 210 211
209 211 212
209 212 213
209 213 214
209 214 215
209 215 208
218 217 216
218 216 219
218 219 220
218 220 221
218 221 222
218 222 223
218 223 224
218 224 217
227 226 225
226 228 225
225 228 229
228 230 229
229 230 231
230 232 231
231 232 233
232 234 233
233 234 235
234 236 235
235 236 237
236 238 237
237 238 239
238 240 239
239 240 241
240 242 241
245 244 243
243 244 246
246 244 247
247 244 248
248 244 249
249 244 250
250 244 251
251 244 245
254 253 252
254 252 255
254 255 256
254 256 257
254 257 258
254 258 259
254 259 260
254 260 253
263 262 261
262 264 261
261 264 265
264 266 265
265 266 267
266 268 267
267 268 269
268 270 269
269 270 271
270 272 271
271 272 273
272 274 273
273 274 275
274 276 275
275 276 277
276 278 277
281 280 279
279 280 282
282 280 283
283 280 284
284 280 285
285 280 286
286 280 287
287 280 281
290 289 288
291 290 288
292 291 288
293 291 292
294 293 292
295 293 294
296 295 294
297 295 296
298 297 296
296 299 298
299 300 298
301 300 299
302 301 299
303 301 302
304 303 302
305 303 304
306 305 304
307 305 306
308 307 306
308 306 309
310 308 309
310 309 311
312 310 311
312 311 313
314 312 313
315 314 313
316 315 313
317 315 316
318 317 316
319 317 318
320 319 318
321 319 320
322 321 320
322 320 323
324 322 323
324 323 325
326 324 325
326 325 327
328 326 327
328 327 329
327 330 329
331 329 330
332 331 330
332 330 333
334 332 333
334 333 335
289 334 335
289 335 288
336 288 335
288 336 292
336 337 292
292 337 294
337 338 294
294 338 296
338 299 296
302 299 338
339 302 338
339 338 337
340 339 337
340 337 336
341 340 336
342 341 336
343 342 336
343 336 335
343 335 333
344 343 333
344 333 330
327 344 330
327 325 344
325 345 344
344 345 343
345 342 343
345 346 342
346 347 342
342 347 341
347 348 341
348 349 341
349 340 341
349 350 340
350 339 340
350 304 339
304 302 339
306 304 350
309 306 350
309 350 349
311 309 349
311 349 348
313 311 348
316 313 348
347 316 348
318 316 347
346 318 347
320 318 346
323 320 346
323 346 345
325 323 345
353 352 351
353 354 352
354 355 352
354 356 355
356 357 355
356 358 357
358 359 357
358 360 359
360 361 359
362 359 361
363 362 361
362 363 364
365 362 364
365 364 366
367 365 366
367 366 368
369 367 368
369 368 370
371 369 370
372 369 371
373 372 371
374 372 373
375 374 373
376 374 375
377 376 375
377 378 376
378 379 376
378 380 379
380 381 379
380 382 381
382 383 381
382 384 383
384 385 383
383 385 386
385 387 386
386 387 388
387 389 388
388 389 390
389 391 390
391 392 390
392 393 390
393 392 394
395 393 394
396 393 395
397 396 395
398 396 397
351 398 397
352 398 351
398 352 399
399 352 355
400 399 355
400 355 357
401 400 357
401 357 359
362 401 359
401 362 365
402 401 365
402 365 367
403 402 367
403 367 369
372 403 369
404 403 372
374 404 372
405 404 374
376 405 374
376 379 405
379 406 405
379 381 406
381 407 406
381 383 407
383 386 407
407 386 408
386 388 408
408 388 409
388 390 409
390 393 409
393 396 409
409 396 410
396 398 410
410 398 399
411 410 399
412 411 399
412 399 413
399 400 413
413 400 402
400 401 402
413 402 403
404 413 403
412 413 404
405 412 404
405 406 412
406 411 412
406 407 411
407 408 411
411 408 410
408 409 410
416 415 414
417 416 414
417 414 418
419 417 418
419 418 420
421 419 420
421 420 422
423 421 422
423 422 424
425 423 424
425 424 426
427 425 426
427 426 428
429 427 428
429 428 430
431 429 430
434 433 432
434 432 435
434 435 436
434 436 437
434 437 438
434 438 439
434 439 440
434 440 433
443 442 441
443 441 444
443 444 445
443 445 446
443 446 447
443 447 448
443 448 449
443 449 442
452 451 450
453 452 450
454 453 450
455 453 454
456 455 454
457 455 456
458 457 456
459 457 458
460 459 458
458 461 460
461 462 460
463 462 461
464 463 461
465 463 464
466 465 464
467 465 466
468 467 466
469 467 468
470 469 468
470 468 471
472 470 471
472 471 473
474 472 473
474 473 475
476 474 475
477 476 475
478 477 475
479 477 478
480 479 478
481 479 480
482 481 480
483 481 482
486 485 484
484 485 487
487 485 488
488 485 489
489 485 490
490 485 491
491 485 492
492 485 486
495 494 493
494 496 493
494 497 496
497 498 496
497 499 498
499 500 498
499 501 500
501 502 500
501 503 502
503 504 502
503 505 504
505 506 504
505 507 506
507 508 506
507 509 508
509 510 508
513 512 511
513 511 514
513 514 515
513 515 516
513 516 517
513 517 518
513 518 519
513 519 512
522 521 520
520 521 523
523 521 524
524 521 525
525 521 526
526 521 527
527 521 528
528 521 522
531 530 529
530 532 529
530 533 532
533 534 532
533 535 534
535 536 534
535 537 536
537 538 536
537 539 538
539 540 538
539 541 540
541 542 540
541 543 542
543 544 542
543 545 544
545 546 544
549 548 547
549 547 550
549 550 551
549 551 552
549 552 553
549 553 554
549 554 555
549 555 548
558 557 556
558 556 559
558 559 560
558 560 561
558 561 562
558 562 563
558 563 564
558 564 557
567 566 565
566 568 565
565 568 569
568 570 569
569 570 571
570 572 571
571 572 573
572 574 573
573 574 575
574 576 575
575 576 577
576 578 577
577 578 579
578 580 579
579 580 581
580 582 581
585 584 583
583 584 586
586 584 587
587 584 588
588 584 589
589 584 590
590 584 591
591 584 585
594 593 592
592 593 595
595 593 596
596 593 597
597 593 598
598 593 599
599 593 600
600 593 594
603 602 601
604 603 601
604 601 605
606 604 605
606 605 607
608 606 607
608 607 609
610 608 609
610 609 611
612 610 611
612 611 613
614 612 613
614 613 615
616 614 615
616 615 617
618 616 617
621 620 619
621 619 622
621 622 623
621 623 624
621 624 625
621 625 626
621 626 627
621 627 620
630 629 628
630 628 631
630 631 632
630 632 633
630 633 634
630 634 635
630 635 636
630 636 629
639 638 637
640 639 637
641 639 640
642 641 640
643 641 642
644 643 642
645 643 644
646 645 644
647 645 646
648 647 646
649 647 648
650 649 648
651 649 650
652 651 650
653 651 652
654 653 652
657 656 655
655 656 658
658 656 659
659 656 660
660 656 661
661 656 662
662 656 663
663 656 657
666 665 664
666 664 667
666 667 668
666 668 669
666 669 670
666 670 671
666 671 672
666 672 665
675 674 673
676 675 673
677 675 676
678 677 676
679 677 678
680 679 678
681 679 680
682 681 680
683 681 682
684 683 682
685 683 684
686 685 684
687 685 686
688 687 686
689 687 688
690 689 688
693 692 691
691 692 694
694 692 695
695 692 696
696 692 697
697 692 698
698 692 699
699 692 693
702 701 700
700 701 703
703 701 704
704 701 705
705 701 706
706 701 707
707 701 708
708 701 702
711 710 709
712 711 709
712 709 713
714 712 713
714 713 715
716 714 715
716 715 717
718 716 717
718 717 719
720 718 719
720 719 721
722 720 721
722 721 723
724 722 723
724 723 725
726 724 725
729 728 727
729 727 730
729 730 731
729 731 732
729 732 733
729 733 734
729 734 735
729 735 728
738 737 736
738 736 739
738 739 740
738 740 741
738 741 742
738 742 743
738 743 744
738 744 737
747 746 745
746 748 745
745 748 749
748 750 749
749 750 751
750 752 751
751 752 753
752 754 753
753 754 755
754 756 755
755 756 757
756 758 757
757 758 759
758 760 759
759 760 761
760 762 761
765 764 763
763 764 766
766 764 767
767 764 768
768 764 769
769 764 770
770 764 771
771 764 765
772 483 482
772 482 773
774 772 773
774 773 775
776 774 775
776 775 777
778 776 777
778 777 779
777 780 779
781 779 780
782 781 780
782 780 783
784 782 783
784 783 785
451 784 785
451 785 450
786 450 785
450 786 454
786 787 454
454 787 456
787 788 456
456 788 458
788 461 458
464 461 788
789 464 788
789 788 787
790 789 787
790 787 786
791 790 786
792 791 786
793 792 786
793 786 785
793 785 783
794 793 783
794 783 780
777 794 780
777 775 794
775 795 794
794 795 793
795 792 793
795 796 792
796 797 792
792 797 791
797 798 791
798 799 791
799 790 791
799 800 790
800 789 790
800 466 789
466 464 789
468 466 800
471 468 800
471 800 799
473 471 799
473 799 798
475 473 798
478 475 798
797 478 798
480 478 797
796 480 797
482 480 796
773 482 796
773 796 795
775 773 795
803 802 801
803 804 802
804 805 802
804 806 805
806 807 805
806 808 807
808 809 807
808 810 809
810 811 809
812 809 811
813 812 811
812 813 814
815 812 814
815 814 816
817 815 816
817 816 818
819 817 818
819 818 820
821 819 820
822 819 821
823 822 821
824 822 823
825 824 823
826 824 825
827 826 825
827 828 826
828 829 826
828 830 829
830 831 829
830 832 831
832 833 831
832 834 833
834 835 833
833 835 836
835 837 836
836 837 838
837 839 838
838 839 840
839 841 840
841 842 840
842 843 840
843 842 844
845 843 844
846 843 845
847 846 845
848 846 847
801 848 847
802 848 801
848 802 849
849 802 805
850 849 805
850 805 807
851 850 807
851 807 809
812 851 809
851 812 815
852 851 815
852 815 817
853 852 817
853 817 819
822 853 819
854 853 822
824 854 822
855 854 824
826 855 824
826 829 855
829 856 855
829 831 856
831 857 856
831 833 857
833 836 857
857 836 858
836 838 858
858 838 859
838 840 859
840 843 859
843 846 859
859 846 860
846 848 860
860 848 849
861 860 849
862 861 849
862 849 863
849 850 863
863 850 852
850 851 852
863 852 853
854 863 853
862 863 854
855 862 854
855 856 862
856 861 862
856 857 861
857 858 861
861 858 860
858 859 860
866 865 864
866 867 865
867 868 865
867 869 868
869 870 868
869 871 870
871 872 870
871 873 872
873 874 872
875 872 874
876 875 874
875 876 877
878 875 877
878 877 879
880 878 879
880 879 881
882 880 881
882 881 883
884 882 883
885 882 884
886 885 884
887 885 886
888 887 886
889 887 888
890 889 888
890 891 889
891 892 889
891 893 892
893 894 892
893 895 894
895 896 894
895 897 896
897 898 896
896 898 899
898 900 899
899 900 901
900 902 901
901 902 903
902 904 903
904 905 903
905 906 903
906 905 907
908 906 907
909 906 908
910 909 908
911 909 910
864 911 910
865 911 864
911 865 912
912 865 868
913 912 868
913 868 870
914 913 870
914 870 872
875 914 872
914 875 878
915 914 878
915 878 880
916 915 880
916 880 882
885 916 882
917 916 885
887 917 885
918 917 887
889 918 887
889 892 918
892 919 918
892 894 919
894 920 919
894 896 920
896 899 920
920 899 921
899 901 921
921 901 922
901 903 922
903 906 922
906 909 922
922 909 923
909 911 923
923 911 912
924 923 912
925 924 912
925 912 926
912 913 926
926 913 915
913 914 915
926 915 916
917 926 916
925 926 917
918 925 917
918 919 925
919 924 925
919 920 924
920 921 924
924 921 923
921 922 923
929 928 927
928 930 927
927 930 931
930 932 931
931 932 933
932 934 933
933 934 935
934 936 935
935 936 937
936 938 937
937 938 939
938 940 939
939 940 941
940 942 941
941 942 943
942 944 943
947 946 945
945 946 948
948 946 949
949 946 950
950 946 951
951 946 952
952 946 953
953 946 947
956 955 954
954 955 957
957 955 958
958 955 959
959 955 960
960 955 961
961 955 962
962 955 956
965 964 963
966 965 963
966 963 967
968 966 967
968 967 969
970 968 969
970 969 971
972 970 971
972 971 973
974 972 973
974 973 975
976 974 975
976 975 977
978 976 977
978 977 979
980 978 979
983 982 981
983 981 984
983 984 985
983 985 986
983 986 987
983 987 988
983 988 989
983 989 982
992 991 990
992 990 993
992 993 994
992 994 995
992 995 996
992 996 997
992 997 998
992 998 991
1001 1000 999
1001 1002 1000
1002 1003 1000
1002 1004 1003
1004 1005 1003
1004 1006 1005
1006 1007 1005
1006 1008 1007
1008 1009 1007
1010 1007 1009
1011 1010 1009
1010 1011 1012
1013 1010 1012
1013 1012 1014
1015 1013 1014
1015 1014 1016
1017 1015 1016
1017 1016 1018
1019 1017 1018
1020 1017 1019
1021 1020 1019
1022 1020 1021
1023 1022 1021
1024 1022 1023
1025 1024 1023
1025 1026 1024
1026 1027 1024
1026 1028 1027
1028 1029 1027
1028 1030 1029
1030 1031 1029
1030 1032 1031
1032 1033 1031
1031 1033 1034
1033 1035 1034
1034 1035 1036
1035 1037 1036
1036 1037 1038
1037 1039 1038
1039 1040 1038
1040 1041 1038
1041 1040 1042
1043 1041 1042
1044 1041 1043
1045 1044 1043
1046 1044 1045
999 1046 1045
1000 1046 999
1046 1000 1047
1047 1000 1003
1048 1047 1003
1048 1003 1005
1049 1048 1005
1049 1005 1007
1010 1049 1007
1049 1010 1013
1050 1049 1013
1050 1013 1015
1051 1050 1015
1051 1015 1017
1020 1051 1017
1052 1051 1020
1022 1052 1020
1053 1052 1022
1024 1053 1022
1024 1027 1053
1027 1054 1053
1027 1029 1054
1029 1055 1054
1029 1031 1055
1031 1034 1055
1055 1034 1056
1034 1036 1056
1056 1036 1057
1036 1038 1057
1038 1041 1057
1041 1044 1057
1057 1044 1058
1044 1046 1058
1058 1046 1047
1059 1058 1047
1060 1059 1047
1060 1047 1061
1047 1048 1061
1061 1048 1050
1048 1049 1050
1061 1050 1051
1052 1061 1051
1060 1061 1052
1053 1060 1052
1053 1054 1060
1054 1059 1060
1054 1055 1059
1055 1056 1059
1059 1056 1058
1056 1057 1058
1064 1063 1062
1065 1064 1062
1066 1065 1062
1067 1065 1066
1068 1067 1066
1069 1067 1068
1070 1069 1068
1071 1069 1070
1072 1071 1070
1070 1073 1072
1073 1074 1072
1075 1074 1073
1076 1075 1073
1077 1075 1076
1078 1077 1076
1079 1077 1078
1080 1079 1078
1081 1079 1080
1082 1081 1080
1082 1080 1083
1084 1082 1083
1084 1083 1085
1086 1084 1085
1086 1085 1087
1088 1086 1087
1089 1088 1087
1090 1089 1087
1091 1089 1090
1092 1091 1090
1093 1091 1092
1094 1093 1092
1095 1093 1094
1096 1095 1094
1096 1094 1097
1098 1096 1097
1098 1097 1099
1100 1098 1099
1100 1099 1101
1102 1100 1101
1102 1101 1103
1101 1104 1103
1105 1103 1104
1106 1105 1104
1106 1104 1107
1108 1106 1107
1108 1107 1109
1063 1108 1109
1063 1109 1062
1110 1062 1109
1062 1110 1066
1110 1111 1066
1066 1111 1068
1111 1112 1068
1068 1112 1070
1112 1073 1070
1076 1073 1112
1113 1076 1112
1113 1112 1111
1114 1113 1111
1114 1111 1110
1115 1114 1110
1116 1115 1110
1117 1116 1110
1117 1110 1109
1117 1109 1107
1118 1117 1107
1118 1107 1104
1101 1118 1104
1101 1099 1118
1099 1119 1118
1118 1119 1117
1119 1116 1117
1119 1120 1116
1120 1121 1116
1116 1121 1115
1121 1122 1115
1122 1123 1115
1123 1114 1115
1123 1124 1114
1124 1113 1114
1124 1078 1113
1078 1076 1113
1080 1078 1124
1083 1080 1124
1083 1124 1123
1085 1083 1123
1085 1123 1122
1087 1085 1122
1090 1087 1122
1121 1090 1122
1092 1090 1121
1120 1092 1121
1094 1092 1120
1097 1094 1120
1097 1120 1119
1099 1097 1119
1127 1126 1125
1128 1127 1125
1129 1128 1125
1130 1128 1129
1131 1130 1129
1132 1130 1131
1133 1132 1131
1134 1132 1133
1135 1134 1133
1133 1136 1135
1136 1137 1135
1138 1137 1136
1139 1138 1136
1140 1138 1139
1141 1140 1139
1142 1140 1141
1143 1142 1141
1144 1142 1143
1145 1144 1143
1145 1143 1146
1147 1145 1146
1147 1146 1148
1149 1147 1148
1149 1148 1150
1151 1149 1150
1152 1151 1150
1153 1152 1150
1154 1152 1153
1155 1154 1153
1156 1154 1155
1157 1156 1155
1158 1156 1157
1159 1158 1157
1159 1157 1160
1161 1159 1160
1161 1160 1162
1163 1161 1162
1163 1162 1164
1165 1163 1164
1165 1164 1166
1164 1167 1166
1168 1166 1167
1169 1168 1167
1169 1167 1170
1171 1169 1170
1171 1170 1172
1126 1171 1172
1126 1172 1125
1173 1125 1172
1125 1173 1129
1173 1174 1129
1129 1174 1131
1174 1175 1131
1131 1175 1133
1175 1136 1133
1139 1136 1175
1176 1139 1175
1176 1175 1174
1177 1176 1174
1177 1174 1173
1178 1177 1173
1179 1178 1173
1180 1179 1173
1180 1173 1172
1180 1172 1170
1181 1180 1170
1181 1170 1167
1164 1181 1167
1164 1162 1181
1162 1182 1181
1181 1182 1180
1182 1179 1180
1182 1183 1179
1183 1184 1179
1179 1184 1178
1184 1185 1178
1185 1186 1178
1186 1177 1178
1186 1187 1177
1187 1176 1177
1187 1141 1176
1141 1139 1176
1143 1141 1187
1146 1143 1187
1146 1187 1186
1148 1146 1186
1148 1186 1185
1150 1148 1185
1153 1150 1185
1184 1153 1185
1155 1153 1184
1183 1155 1184
1157 1155 1183
1160 1157 1183
1160 1183 1182
1162 1160 1182
1190 1189 1188
1189 1191 1188
1188 1191 1192
1191 1193 1192
1192 1193 1194
1193 1195 1194
1194 1195 1196
1195 1197 1196
1196 1197 1198
1197 1199 1198
1198 1199 1200
1199 1201 1200
1200 1201 1202
1201 1203 1202
1202 1203 1204
1203 1205 1204
1208 1207 1206
1206 1207 1209
1209 1207 1210
1210 1207 1211
1211 1207 1212
1212 1207 1213
1213 1207 1214
1214 1207 1208
1217 1216 1215
1215 1216 1218
1218 1216 1219
1219 1216 1220
1220 1216 1221
1221 1216 1222
1222 1216 1223
1223 1216 1217
1226 1225 1224
sm03_material\environment\global\prop\gbl_prop_Scaffolding_Debris_Netting_01\jn_np_gbl_prop_scaffolding_debris_netting_grey.material
1
0
34
-2.028076 0 1.979492
-0.999992 0.000979 0.003905
0 0 0 0
-3.984131 1.805664
-2.012939 0 2.015869
-0.923391 0.00115 0.383858
0 0 0 0
-3.946777 1.805664
-2.012939 3.91748 2.015869
-0.923391 0.00115 0.383858
0 0 0 0
-3.946777 -1.905518
-2.028076 3.91748 1.979492
-0.999992 0.000979 0.003905
0 0 0 0
-3.984131 -1.905518
-2.028076 3.91748 -1.981445
-0.999992 0.000979 -0.003905
0 0 0 0
-7.736572 -1.905518
-2.028076 0 -1.981445
-0.999992 0.000979 -0.003905
0 0 0 0
-7.736572 1.805664
-2.012939 0 -2.018066
-0.923391 0.00115 -0.383858
0 0 0 0
-7.773926 1.805664
-2.012939 3.91748 -2.018066
-0.923391 0.00115 -0.383858
0 0 0 0
-7.773926 -1.905518
-2.012939 0 2.015869
-0.383666 0.001356 0.923471
0 0 0 0
-3.946777 1.805664
-1.976562 3.91748 2.031006
-0.004147 0.001382 0.99999
0 0 0 0
-3.909424 -1.905518
-2.012939 3.91748 2.015869
-0.383666 0.001356 0.923471
0 0 0 0
-3.946777 -1.905518
-1.976562 0 2.031006
-0.004147 0.001382 0.99999
0 0 0 0
-3.909424 1.805664
1.976562 0 2.031006
0.004147 0.001382 0.99999
0 0 0 0
-0.164551 1.805664
1.976562 3.91748 2.031006
0.004147 0.001382 0.99999
0 0 0 0
-0.164551 -1.905518
2.012939 3.91748 2.015869
0.383666 0.001356 0.923471
0 0 0 0
-0.127197 -1.905518
2.012939 0 2.015869
0.383666 0.001356 0.923471
0 0 0 0
-0.127197 1.805664
2.012939 0 2.015869
0.923391 0.00115 0.383858
0 0 0 0
-0.127197 1.805664
2.028076 3.91748 1.979492
0.999992 0.000979 0.003905
0 0 0 0
-0.089844 -1.905518
2.012939 3.91748 2.015869
0.923391 0.00115 0.383858
0 0 0 0
-0.127197 -1.905518
2.028076 0 1.979492
0.999992 0.000979 0.003905
0 0 0 0
-0.089844 1.805664
2.028076 0 -1.981445
0.999992 0.000979 -0.003905
0 0 0 0
3.662354 1.805664
2.028076 3.91748 -1.981445
0.999992 0.000979 -0.003905
0 0 0 0
3.662354 -1.905518
2.012939 3.91748 -2.018066
0.923391 0.00115 -0.383858
0 0 0 0
3.699707 -1.905518
2.012939 0 -2.018066
0.923391 0.00115 -0.383858
0 0 0 0
3.699707 1.805664
-1.976562 0 -2.032959
-0.004147 0.001382 -0.99999
0 0 0 0
7.481934 1.805664
-1.976562 3.91748 -2.032959
-0.004147 0.001382 -0.99999
0 0 0 0
7.481934 -1.905518
1.976562 3.91748 -2.032959
0.004147 0.001382 -0.99999
0 0 0 0
3.737061 -1.905518
1.976562 0 -2.032959
0.004147 0.001382 -0.99999
0 0 0 0
3.737061 1.805664
2.012939 0 -2.018066
0.383666 0.001356 -0.923471
0 0 0 0
3.699707 1.805664
2.012939 3.91748 -2.018066
0.383666 0.001356 -0.923471
0 0 0 0
3.699707 -1.905518
-1.976562 0 -2.032959
-0.004147 0.001382 -0.99999
0 0 0 0
-7.811279 1.805664
-2.012939 0 -2.018066
-0.383666 0.001356 -0.923471
0 0 0 0
-7.773926 1.805664
-2.012939 3.91748 -2.018066
-0.383666 0.001356 -0.923471
0 0 0 0
-7.773926 -1.905518
-1.976562 3.91748 -2.032959
-0.004147 0.001382 -0.99999
0 0 0 0
-7.811279 -1.905518
24
2 1 0
3 2 0
4 3 0
5 4 0
4 5 6
7 4 6
10 9 8
9 11 8
12 11 9
13 12 9
13 14 12
14 15 12
18 17 16
17 19 16
20 19 17
21 20 17
21 22 20
22 23 20
26 25 24
27 26 24
26 27 28
29 26 28
32 31 30
33 32 30
