0
3
sm00_material\environment\template\architecture\gbl_arch_Stone_Wall_01\sza_gbl_arch_granite_wall_01.material
1
0
82
-2 0 -0.655762
0.001382 0.001382 0.999998
0 0 0 0
0.110168 0.894043
-1.075439 0 -0.655762
0.001382 0.001382 0.999998
0 0 0 0
0.487183 0.894043
-1.075439 0.234619 -0.655762
0.001382 0.001382 0.999998
0 0 0 0
0.487183 0.7146
-2 0.234619 -0.655762
0.001382 0.001382 0.999998
0 0 0 0
0.110168 0.7146
-2 1.713379 -0.624023
0.001382 0.001382 0.999998
0 0 0 0
0.978333 0.474182
-1.075439 2.102295 -0.624023
0.001382 0.001382 0.999998
0 0 0 0
-0.839722 0.078003
-2 2.102295 -0.624023
0.001382 0.001382 0.999998
0 0 0 0
0.978333 0.078003
-1.075439 1.713379 -0.624023
0.001382 0.001382 0.999998
0 0 0 0
-0.839722 0.474182
-1 2.102295 -0.624023
0.001382 0.001382 0.999998
0 0 0 0
-0.98822 0.078003
-1 1.713379 -0.624023
0.001382 0.001382 0.999998
0 0 0 0
-0.98822 0.474182
-2 0 -0.655762
1 0.000978 -0.000001
0 0 0 0
-0.631592 0.003113
-2 0.234619 -0.655762
1 0.000978 -0.000001
0 0 0 0
-0.442749 0.003113
-2 0.234619 -0.624023
1 0.000978 -0.000001
0 0 0 0
-0.442871 0.003113
-2 0 -0.417969
1 0.000978 -0.000001
0 0 0 0
-0.63324 -0.088562
-2 0 -0.624023
1 0.000978 -0.000001
0 0 0 0
-0.631836 0.003113
-2 0.234619 -0.417969
1 0.000978 -0.000001
0 0 0 0
-0.444214 -0.088562
-2 0 -0.399902
1 0.000978 -0.000001
0 0 0 0
-0.638916 -0.460205
-2 0.234619 -0.399902
1 0.000978 -0.000001
0 0 0 0
-0.447083 -0.460205
-2 2.102295 -0.417969
1 0.000978 -0.000001
0 0 0 0
0.280151 -0.088562
-2 2.102295 -0.399902
1 0.000978 -0.000001
0 0 0 0
0.277649 -0.460205
-2 2.13916 -0.399902
1 0.000978 -0.000001
0 0 0 0
0.29364 -0.460205
-2 2.13916 -0.417969
1 0.000978 -0.000001
0 0 0 0
0.296143 -0.088562
-2 4 -0.399902
1 0.000978 -0.000001
0 0 0 0
1.102173 -0.460205
-2 4 -0.417969
1 0.000978 -0.000001
0 0 0 0
1.097229 -0.088562
-2 0 -0.655762
1 0.000978 -0.000001
0 0 0 0
0.368408 0.003113
-2 0.234619 -0.624023
1 0.000978 -0.000001
0 0 0 0
0.557129 0.003113
-2 0 -0.624023
1 0.000978 -0.000001
0 0 0 0
0.368164 0.003113
-0.745361 0.234619 -0.655762
0.001382 0.001382 0.999998
0 0 0 0
0.562439 0.72052
-1 0.234619 -0.655762
0.001382 0.001382 0.999998
0 0 0 0
0.458618 0.72052
-1 0 -0.655762
0.001382 0.001382 0.999998
0 0 0 0
0.458618 0.899963
-0.745361 0 -0.655762
0.001382 0.001382 0.999998
0 0 0 0
0.562439 0.899963
2 0.234619 -0.624023
-1 0.000978 0.000001
0 0 0 0
0.434082 0.003113
2 0.234619 -0.655762
-1 0.000978 -0.000001
0 0 0 0
0.43396 0.003113
2 0 -0.655762
-1 0.000978 -0.000001
0 0 0 0
0.622803 0.003113
2 0 -0.417969
-1 -0.000977 0.000001
0 0 0 0
0.624451 -0.088562
2 0.234619 -0.417969
-1 0.000978 0.000001
0 0 0 0
0.435486 -0.088562
2 0 -0.624023
-1 -0.000977 0.000001
0 0 0 0
0.623047 0.003113
2 0 -0.399902
-1 0.000978 -0.000001
0 0 0 0
0.630127 -0.460205
2 0.439941 -0.399902
-1 0.000978 -0.000001
0 0 0 0
0.438293 -0.460205
2 2.102295 -0.417969
-1 0.000978 0.000001
0 0 0 0
-0.28894 -0.088562
2 2.102295 -0.399902
-1 0.000978 -0.000001
0 0 0 0
-0.286438 -0.460205
2 2.13916 -0.399902
-1 0.000978 -0.000001
0 0 0 0
-0.302429 -0.460205
2 2.13916 -0.417969
-1 0.000978 0.000001
0 0 0 0
-0.304932 -0.088562
2 4 -0.417969
-1 0.000978 0.000001
0 0 0 0
-1.106018 -0.088562
2 4 -0.399902
-1 0.000978 -0.000001
0 0 0 0
-1.110962 -0.460205
0 4 -0.399902
0.000978 -1 -0.000001
0 0 0 0
-0.007263 -0.460205
-2 4 -0.399902
0.000978 -1 -0.000001
0 0 0 0
-0.875793 -0.460205
-2 4 -0.417969
0.000978 -1 -0.000001
0 0 0 0
-0.868286 -0.088562
0 4 -0.417969
0.000978 -1 -0.000001
0 0 0 0
-0.006958 -0.088562
2 4 -0.399902
0.000978 -1 -0.000001
0 0 0 0
0.864075 -0.460205
2 4 -0.417969
0.000978 -1 -0.000001
0 0 0 0
0.856506 -0.088562
2 0.234619 -0.624023
-1 0.000978 0.000001
0 0 0 0
0.434082 0.003113
2 0 -0.655762
-1 0.000978 -0.000001
0 0 0 0
0.622803 0.003113
2 0 -0.624023
-1 -0.000977 0.000001
0 0 0 0
0.623047 0.003113
-0.978027 2.102295 -0.624023
0.001382 0.001382 0.999998
0 0 0 0
-1.021729 0.078003
-1 2.102295 -0.624023
0.001382 0.001382 0.999998
0 0 0 0
-1.044678 0.078003
-1 1.713379 -0.624023
0.001382 0.001382 0.999998
0 0 0 0
-1.044678 0.474182
-0.745361 1.713379 -0.624023
0.001382 0.001382 0.999998
0 0 0 0
-0.779053 0.474182
-0.717041 1.713379 -0.624023
0.001382 0.001382 0.999998
0 0 0 0
-0.749451 0.474182
-0.061768 2.102295 -0.624023
0.001382 0.001382 0.999998
0 0 0 0
-0.065735 0.078003
0 1.713379 -0.624023
0.001382 0.001382 0.999998
0 0 0 0
-0.001221 0.474182
0 2.102295 -0.624023
0.001382 0.001382 0.999998
0 0 0 0
-0.001221 0.078003
0.061768 2.102295 -0.624023
0.001382 0.001382 0.999998
0 0 0 0
0.063293 0.078003
0.717041 1.713379 -0.624023
0.001382 0.001382 0.999998
0 0 0 0
0.746948 0.474182
0.978271 2.102295 -0.624023
0.001382 0.001382 0.999998
0 0 0 0
1.019653 0.078003
0.749512 1.713379 -0.624023
0.001382 0.001382 0.999998
0 0 0 0
0.780762 0.474182
1 1.713379 -0.624023
0.001382 0.001382 0.999998
0 0 0 0
1.042236 0.474182
1 2.102295 -0.624023
0.001382 0.001382 0.999998
0 0 0 0
1.042236 0.078003
2 1.713379 -0.624023
0.001382 0.001382 0.999998
0 0 0 0
0.980957 0.474182
2 2.102295 -0.624023
0.001382 0.001382 0.999998
0 0 0 0
0.980896 0.078003
1.075439 2.102295 -0.624023
0.001382 0.001382 0.999998
0 0 0 0
-0.837219 0.078003
1.075439 1.713379 -0.624023
0.001382 0.001382 0.999998
0 0 0 0
-0.837219 0.474182
1 2.102295 -0.624023
0.001382 0.001382 0.999998
0 0 0 0
-0.985718 0.078003
1 1.713379 -0.624023
0.001382 0.001382 0.999998
0 0 0 0
-0.985718 0.474182
2 0.246094 -0.655762
0.001382 0.001382 0.999998
0 0 0 0
-0.099792 0.720276
1.075439 0.246094 -0.655762
0.001382 0.001382 0.999998
0 0 0 0
-0.476868 0.720276
1.075439 0 -0.655762
0.001382 0.001382 0.999998
0 0 0 0
-0.476868 0.899719
2 0 -0.655762
0.001382 0.001382 0.999998
0 0 0 0
-0.099792 0.899719
1 0.246094 -0.655762
0.001382 0.001382 0.999998
0 0 0 0
0.561951 0.720276
0.749512 0.246094 -0.655762
0.001382 0.001382 0.999998
0 0 0 0
0.459778 0.720276
0.749512 0 -0.655762
0.001382 0.001382 0.999998
0 0 0 0
0.459778 0.899719
1 0 -0.655762
0.001382 0.001382 0.999998
0 0 0 0
0.561951 0.899719
56
2 1 0
3 2 0
6 5 4
5 7 4
7 5 8
9 7 8
12 11 10
12 14 13
15 12 13
15 13 16
17 15 16
15 17 18
17 19 18
18 19 20
21 18 20
20 22 21
22 23 21
26 25 24
29 28 27
30 29 27
33 32 31
31 35 34
36 31 34
34 35 37
35 38 37
35 39 38
39 40 38
40 39 41
39 42 41
41 42 43
44 41 43
47 46 45
48 47 45
48 45 49
50 48 49
53 52 51
56 55 54
57 56 54
57 54 58
54 59 58
58 59 60
59 61 60
60 61 62
63 60 62
63 62 64
65 63 64
65 64 66
64 67 66
70 69 68
71 70 68
72 70 71
73 72 71
76 75 74
77 76 74
80 79 78
81 80 78
sm01_material\environment\template\architecture\gbl_arch_Concrete_Trim_02\sza_gbl_arch_metal_trim_01.material
1
0
1361
1 1.63916 -0.624023
0.001382 0.001382 0.999998
0 0 0 0
0.075745 0.091431
1 0 -0.624023
0.001382 0.001382 0.999998
0 0 0 0
0.919983 0.091431
1.075439 0 -0.624023
0.001382 0.001382 0.999998
0 0 0 0
0.919983 0.032471
1.075439 1.63916 -0.624023
0.001382 0.001382 0.999998
0 0 0 0
0.075745 0.032471
1 1.63916 -0.655762
-1 0.000978 -0.000001
0 0 0 0
0.049744 0.030518
1 0 -0.655762
-1 0.000978 -0.000001
0 0 0 0
0.965271 0.030518
1 0 -0.624023
-1 0.000978 -0.000001
0 0 0 0
0.965271 0.000488
1 1.63916 -0.624023
-1 0.000978 -0.000001
0 0 0 0
0.049744 0.000488
1.075439 0 -0.655762
1 0.000978 -0.000001
0 0 0 0
0.965698 0.030518
1.075439 1.63916 -0.624023
1 0.000978 -0.000001
0 0 0 0
0.049744 0.000488
1.075439 0 -0.624023
1 0.000978 -0.000001
0 0 0 0
0.965698 0.000488
1.075439 1.63916 -0.655762
1 0.000978 -0.000001
0 0 0 0
0.049744 0.030518
1.075439 0.234619 -0.655762
1 0.000978 -0.000001
0 0 0 0
0.719849 0.030518
-1.075439 0 -0.624023
0.001382 0.001382 0.999998
0 0 0 0
0.919983 0.091431
-1 0 -0.624023
0.001382 0.001382 0.999998
0 0 0 0
0.919983 0.032471
-1 1.63916 -0.624023
0.001382 0.001382 0.999998
0 0 0 0
0.075684 0.032471
-1.075439 1.63916 -0.624023
0.001382 0.001382 0.999998
0 0 0 0
0.075745 0.091431
-1 0 -0.655762
1 0.000978 -0.000001
0 0 0 0
0.965759 0.030518
-1 1.63916 -0.624023
1 0.000978 -0.000001
0 0 0 0
0.049744 0.000488
-1 0 -0.624023
1 0.000978 -0.000001
0 0 0 0
0.965759 0.000488
-1 1.63916 -0.655762
1 0.000978 -0.000001
0 0 0 0
0.049744 0.030518
-1 0.234619 -0.655762
1 0.000978 -0.000001
0 0 0 0
0.719849 0.030518
-1.075439 1.63916 -0.655762
-1 0.000978 -0.000001
0 0 0 0
0.049744 0.030518
-1.075439 0 -0.655762
-1 0.000978 -0.000001
0 0 0 0
0.965576 0.030518
-1.075439 0 -0.624023
-1 0.000978 -0.000001
0 0 0 0
0.965576 0.000488
-1.075439 1.63916 -0.624023
-1 0.000978 -0.000001
0 0 0 0
0.049744 0.000488
-0.717041 1.63916 -0.624023
0.001382 0.001382 0.999998
0 0 0 0
0.022583 0.000854
-0.745361 0 -0.624023
0.001382 0.001382 0.999998
0 0 0 0
0.982239 0.030762
-0.717041 0 -0.624023
0.001382 0.001382 0.999998
0 0 0 0
0.982239 0.000854
-0.745361 1.63916 -0.624023
0.001382 0.001382 0.999998
0 0 0 0
0.022583 0.030762
-0.717041 1.63916 -0.655762
1 0.000978 -0.000001
0 0 0 0
0.049744 0.030518
-0.717041 1.63916 -0.624023
1 0.000978 -0.000001
0 0 0 0
0.049744 0.000488
-0.717041 0 -0.624023
1 0.000978 -0.000001
0 0 0 0
0.965759 0.000488
-0.717041 0 -0.655762
1 0.000978 -0.000001
0 0 0 0
0.965759 0.030518
-0.745361 1.63916 -0.624023
-1 0.000978 -0.000001
0 0 0 0
0.049744 0.000488
-0.745361 1.63916 -0.655762
-1 0.000978 -0.000001
0 0 0 0
0.049744 0.030518
-0.745361 0.234619 -0.655762
-1 0.000978 -0.000001
0 0 0 0
0.719849 0.030518
-0.745361 0 -0.655762
-1 0.000978 -0.000001
0 0 0 0
0.965759 0.030518
-0.745361 0 -0.624023
-1 0.000978 -0.000001
0 0 0 0
0.965698 0.000488
0.717041 1.63916 -0.624023
-1 0.000978 -0.000001
0 0 0 0
0.049744 0.000488
0.717041 0 -0.655762
-1 0.000978 -0.000001
0 0 0 0
0.965271 0.030518
0.717041 0 -0.624023
-1 0.000978 -0.000001
0 0 0 0
0.965271 0.000488
0.717041 1.63916 -0.655762
-1 0.000978 -0.000001
0 0 0 0
0.049744 0.030518
0.749512 1.63916 -0.624023
0.001382 0.001382 0.999998
0 0 0 0
0.049744 0.030518
0.717041 1.63916 -0.624023
0.001382 0.001382 0.999998
0 0 0 0
0.049744 0.000488
0.717041 0 -0.624023
0.001382 0.001382 0.999998
0 0 0 0
0.943176 0.000488
0.749512 0 -0.624023
0.001382 0.001382 0.999998
0 0 0 0
0.943176 0.030518
0.749512 1.63916 -0.655762
1 0.000978 -0.000001
0 0 0 0
0.049744 0.030518
0.749512 1.63916 -0.624023
1 0.000978 -0.000001
0 0 0 0
0.049744 0.000488
0.749512 0 -0.624023
1 0.000978 -0.000001
0 0 0 0
0.965759 0.000488
0.749512 0 -0.655762
1 0.000978 -0.000001
0 0 0 0
0.965759 0.030518
0.749512 0.234619 -0.655762
1 0.000978 -0.000001
0 0 0 0
0.719849 0.030518
-1 2.13916 -0.624023
0.001382 0.001382 0.999998
0 0 0 0
-0.964355 0.034912
-1 2.102295 -0.624023
0.001382 0.001382 0.999998
0 0 0 0
-0.964355 0.091553
-0.978027 2.102295 -0.624023
0.001382 0.001382 0.999998
0 0 0 0
-0.943176 0.091553
-0.061768 2.102295 -0.624023
0.001382 0.001382 0.999998
0 0 0 0
-0.059937 0.091553
0 2.13916 -0.624023
0.001382 0.001382 0.999998
0 0 0 0
-0.000305 0.034912
0 2.102295 -0.624023
0.001382 0.001382 0.999998
0 0 0 0
-0.000305 0.091553
0.061768 2.102295 -0.624023
0.001382 0.001382 0.999998
0 0 0 0
0.059326 0.091553
1 2.13916 -0.624023
0.001382 0.001382 0.999998
0 0 0 0
0.963745 0.034912
0.978271 2.102295 -0.624023
0.001382 0.001382 0.999998
0 0 0 0
0.942871 0.091553
1 2.102295 -0.624023
0.001382 0.001382 0.999998
0 0 0 0
0.963745 0.091553
-1 2.13916 -0.624023
0.001382 0.001382 0.999998
0 0 0 0
-0.981995 0.035278
-1.075439 2.102295 -0.624023
0.001382 0.001382 0.999998
0 0 0 0
-0.833496 0.091248
-1 2.102295 -0.624023
0.001382 0.001382 0.999998
0 0 0 0
-0.981995 0.091248
-1.075439 2.13916 -0.624023
0.001382 0.001382 0.999998
0 0 0 0
-0.833496 0.035278
-2 2.102295 -0.624023
0.001382 0.001382 0.999998
0 0 0 0
0.984558 0.091248
-2 2.13916 -0.624023
0.001382 0.001382 0.999998
0 0 0 0
0.984558 0.035278
2 2.13916 -0.624023
0.001382 0.001382 0.999998
0 0 0 0
0.987122 0.035278
1.075439 2.102295 -0.624023
0.001382 0.001382 0.999998
0 0 0 0
-0.830994 0.091248
2 2.102295 -0.624023
0.001382 0.001382 0.999998
0 0 0 0
0.987122 0.091248
1.075439 2.13916 -0.624023
0.001382 0.001382 0.999998
0 0 0 0
-0.830994 0.035278
1 2.102295 -0.624023
0.001382 0.001382 0.999998
0 0 0 0
-0.979492 0.091248
1 2.13916 -0.624023
0.001382 0.001382 0.999998
0 0 0 0
-0.979492 0.035278
-1.075439 4 -0.624023
0.001382 0.001382 0.999998
0 0 0 0
0.980774 0.032471
-1.075439 2.13916 -0.624023
0.001382 0.001382 0.999998
0 0 0 0
0.022217 0.032471
-1 2.13916 -0.624023
0.001382 0.001382 0.999998
0 0 0 0
0.022217 0.091431
-1 4 -0.624023
0.001382 0.001382 0.999998
0 0 0 0
0.980774 0.091431
-1 2.13916 -0.624023
1 0.000978 -0.000001
0 0 0 0
0.963196 0.000488
-1 2.13916 -0.655762
1 0.000978 -0.000001
0 0 0 0
0.963196 0.030518
-1 4 -0.655762
1 0.000978 -0.000001
0 0 0 0
0.039551 0.030518
-1 4 -0.624023
1 0.000978 -0.000001
0 0 0 0
0.039551 0.000488
0 2.13916 -0.624023
0.000978 1 -0.000001
0 0 0 0
0.098755 0.000549
-1 2.13916 -0.655762
0.000978 1 -0.000001
0 0 0 0
0.941162 0.022095
-1 2.13916 -0.624023
0.000978 1 -0.000001
0 0 0 0
0.941162 0.000549
0 2.13916 -0.655762
0.000978 1 -0.000001
0 0 0 0
0.098755 0.022095
1 4 -0.624023
0.001382 0.001382 0.999998
0 0 0 0
0.980713 0.032471
1 2.13916 -0.624023
0.001382 0.001382 0.999998
0 0 0 0
0.022217 0.032471
1.075439 2.13916 -0.624023
0.001382 0.001382 0.999998
0 0 0 0
0.022217 0.091431
1.075439 4 -0.624023
0.001382 0.001382 0.999998
0 0 0 0
0.980713 0.091431
1 4 -0.655762
-1 0.000978 -0.000001
0 0 0 0
0.039551 0.030518
1 2.13916 -0.655762
-1 0.000978 -0.000001
0 0 0 0
0.963989 0.030518
1 2.13916 -0.624023
-1 0.000978 -0.000001
0 0 0 0
0.963989 0.000488
1 4 -0.624023
-1 0.000978 -0.000001
0 0 0 0
0.039551 0.000488
1 2.13916 -0.624023
0.000978 1 -0.000001
0 0 0 0
0.941162 0.000549
1 2.13916 -0.655762
0.000978 1 -0.000001
0 0 0 0
0.941162 0.022095
0 2.13916 -0.655762
0.000978 1 -0.000001
0 0 0 0
0.098755 0.022095
0 2.13916 -0.624023
0.000978 1 -0.000001
0 0 0 0
0.098755 0.000549
1.075439 2.13916 -0.624023
1 0.000978 -0.000001
0 0 0 0
0.963196 0.000488
1.075439 2.13916 -0.655762
1 0.000978 -0.000001
0 0 0 0
0.963196 0.030518
1.075439 4 -0.655762
1 0.000978 -0.000001
0 0 0 0
0.039551 0.030518
1.075439 4 -0.624023
1 0.000978 -0.000001
0 0 0 0
0.039551 0.000488
2 2.13916 -0.655762
0.000978 1 -0.000001
0 0 0 0
0.938599 0.023499
1.075439 2.13916 -0.655762
0.000978 1 -0.000001
0 0 0 0
0.107178 0.023499
1.075439 2.13916 -0.624023
0.000978 1 -0.000001
0 0 0 0
0.107178 0.000488
2 2.13916 -0.624023
0.000978 1 -0.000001
0 0 0 0
0.938599 0.000488
2 1.63916 -0.655762
-1 0.000978 -0.000001
0 0 0 0
0.685669 0.094727
2 0.234619 -0.655762
-1 0.000978 -0.000001
0 0 0 0
0.085693 0.094727
2 0.234619 -0.624023
-1 0.000978 0.000001
0 0 0 0
0.085693 0.111084
2 1.63916 -0.624023
-1 0.000978 0.000001
0 0 0 0
0.685669 0.111084
2 0.234619 -0.417969
-1 0.000978 0.000001
0 0 0 0
0.085693 0.21759
2 1.713379 -0.624023
-1 0.000978 0.000001
0 0 0 0
0.722778 0.111084
2 2.102295 -0.624023
-1 0.000978 0.000001
0 0 0 0
0.917419 0.111084
2 2.102295 -0.417969
-1 0.000978 0.000001
0 0 0 0
0.917419 0.21759
-1 4 -0.655762
0.000978 -1 -0.000001
0 0 0 0
0.499756 0.094727
0 4 -0.655762
0.000978 -1 -0.000001
0 0 0 0
0.972656 0.094727
0 4 -0.624023
0.000978 -1 -0.000001
0 0 0 0
0.972656 0.112061
-1 4 -0.624023
0.000978 -1 -0.000001
0 0 0 0
0.499756 0.112061
0 4 -0.417969
0.000978 -1 -0.000001
0 0 0 0
0.972656 0.21759
-2 4 -0.417969
0.000978 -1 -0.000001
0 0 0 0
0.029114 0.21759
-1.075439 4 -0.624023
0.000978 -1 -0.000001
0 0 0 0
0.46405 0.112061
-2 4 -0.624023
0.000978 -1 -0.000001
0 0 0 0
0.029114 0.112061
-2 4 -0.655762
0.000978 -1 -0.000001
0 0 0 0
0.029114 0.094727
-1.075439 4 -0.655762
0.000978 -1 -0.000001
0 0 0 0
0.46405 0.094727
0 4 -0.655762
0.000978 -1 -0.000001
0 0 0 0
0.027466 0.094727
1 4 -0.655762
0.000978 -1 -0.000001
0 0 0 0
0.500366 0.094727
1 4 -0.624023
0.000978 -1 -0.000001
0 0 0 0
0.500366 0.112061
0 4 -0.624023
0.000978 -1 -0.000001
0 0 0 0
0.027466 0.112061
0 4 -0.417969
0.000978 -1 -0.000001
0 0 0 0
0.027466 0.21759
2 4 -0.417969
0.000978 -1 -0.000001
0 0 0 0
0.972595 0.21759
1.075439 4 -0.624023
0.000978 -1 -0.000001
0 0 0 0
0.536072 0.112061
2 4 -0.624023
0.000978 -1 -0.000001
0 0 0 0
0.972595 0.112061
1.075439 4 -0.655762
0.000978 -1 -0.000001
0 0 0 0
0.536072 0.094727
2 4 -0.655762
0.000978 -1 -0.000001
0 0 0 0
0.972595 0.094727
-2 2.13916 -0.655762
1 0.000978 -0.000001
0 0 0 0
0.969543 0.094727
-2 4 -0.655762
1 0.000978 -0.000001
0 0 0 0
0.038513 0.094788
-2 4 -0.624023
1 0.000978 -0.000001
0 0 0 0
0.038513 0.111084
-2 2.13916 -0.624023
1 0.000978 -0.000001
0 0 0 0
0.969543 0.111084
-2 4 -0.417969
1 0.000978 -0.000001
0 0 0 0
0.038513 0.21759
-2 2.13916 -0.417969
1 0.000978 -0.000001
0 0 0 0
0.969543 0.21759
2 4 -0.655762
-1 0.000978 -0.000001
0 0 0 0
0.979126 0.094788
2 2.13916 -0.655762
-1 0.000978 -0.000001
0 0 0 0
0.048035 0.094727
2 2.13916 -0.624023
-1 0.000978 0.000001
0 0 0 0
0.048035 0.111084
2 4 -0.624023
-1 0.000978 0.000001
0 0 0 0
0.979126 0.111084
2 2.13916 -0.417969
-1 0.000978 0.000001
0 0 0 0
0.048035 0.21759
2 4 -0.417969
-1 0.000978 0.000001
0 0 0 0
0.979126 0.21759
2 2.102295 -0.624023
-1 0.000978 0.000001
0 0 0 0
0.029663 0.111084
2 2.102295 -0.417969
-1 0.000978 0.000001
0 0 0 0
0.029663 0.21759
-2 1.63916 -0.602295
0.001382 0.001382 0.999998
0 0 0 0
0.984192 0.091431
-1.075439 1.63916 -0.602295
0.001382 0.001382 0.999998
0 0 0 0
0.018982 0.091431
-1.075439 1.713379 -0.602295
0.001382 0.001382 0.999998
0 0 0 0
0.018982 0.032471
-2 1.713379 -0.602295
0.001382 0.001382 0.999998
0 0 0 0
0.984192 0.032471
-2 1.63916 -0.624023
0.000978 -1 -0.000001
0 0 0 0
0.964844 0.114624
-1.075439 1.63916 -0.602295
0.000978 -1 -0.000001
0 0 0 0
0.536072 0.114624
-2 1.63916 -0.602295
0.000978 -1 -0.000001
0 0 0 0
0.964844 0.114624
-1.075439 1.63916 -0.624023
0.000978 -1 -0.000001
0 0 0 0
0.536072 0.114624
-1 1.63916 -0.602295
0.000978 -1 -0.000001
0 0 0 0
0.501038 0.114624
-1 1.63916 -0.624023
0.000978 -1 -0.000001
0 0 0 0
0.501038 0.114624
-2 1.63916 -0.655762
0.000978 -1 -0.000001
0 0 0 0
0.964844 0.094666
-1.075439 1.63916 -0.655762
0.000978 -1 -0.000001
0 0 0 0
0.536072 0.094666
-1 1.63916 -0.655762
0.000978 -1 -0.000001
0 0 0 0
0.501038 0.094666
-0.745361 1.63916 -0.624023
0.000978 -1 -0.000001
0 0 0 0
0.382996 0.114624
-0.745361 1.63916 -0.655762
0.000978 -1 -0.000001
0 0 0 0
0.382996 0.094666
-0.717041 1.63916 -0.602295
0.000978 -1 -0.000001
0 0 0 0
0.369812 0.114624
-0.745361 1.63916 -0.602295
0.000978 -1 -0.000001
0 0 0 0
0.382996 0.114624
-0.717041 1.63916 -0.624023
0.000978 -1 -0.000001
0 0 0 0
0.369812 0.114624
0 1.63916 -0.602295
0.000978 -1 -0.000001
0 0 0 0
0.037231 0.114624
-0.717041 1.63916 -0.655762
0.000978 -1 -0.000001
0 0 0 0
0.369812 0.094666
0 1.63916 -0.655762
0.000978 -1 -0.000001
0 0 0 0
0.037231 0.094666
0 1.63916 -0.624023
0.000978 -1 -0.000001
0 0 0 0
0.037231 0.114624
-1.075439 1.713379 -0.624023
0.000978 1 -0.000001
0 0 0 0
0.822876 0.091431
-2 1.713379 -0.624023
0.000978 1 -0.000001
0 0 0 0
0.044495 0.091431
-2 1.713379 -0.602295
0.000978 1 -0.000001
0 0 0 0
0.044495 0.032471
-1.075439 1.713379 -0.602295
0.000978 1 -0.000001
0 0 0 0
0.822876 0.032471
0.717041 1.713379 -0.624023
0.000978 1 -0.000001
0 0 0 0
0.573792 0.091431
0 1.713379 -0.624023
0.000978 1 -0.000001
0 0 0 0
0.058533 0.091431
0 1.713379 -0.602295
0.000978 1 -0.000001
0 0 0 0
0.058533 0.032471
0.717041 1.713379 -0.602295
0.000978 1 -0.000001
0 0 0 0
0.573792 0.032471
0.749512 1.713379 -0.624023
0.000978 1 -0.000001
0 0 0 0
0.597107 0.091431
0.749512 1.713379 -0.602295
0.000978 1 -0.000001
0 0 0 0
0.597107 0.032471
1 1.713379 -0.624023
0.000978 1 -0.000001
0 0 0 0
0.777161 0.091431
1 1.713379 -0.602295
0.000978 1 -0.000001
0 0 0 0
0.777161 0.032471
1.075439 1.713379 -0.624023
0.000978 1 -0.000001
0 0 0 0
0.831421 0.091431
1.075439 1.713379 -0.602295
0.000978 1 -0.000001
0 0 0 0
0.831421 0.032471
2 1.713379 -0.624023
0.000978 1 -0.000001
0 0 0 0
0.893005 0.091431
2 1.713379 -0.602295
0.000978 1 -0.000001
0 0 0 0
0.893005 0.032471
0.749512 1.63916 -0.602295
0.001382 0.001382 0.999998
0 0 0 0
0.032959 0.091431
0.717041 1.713379 -0.602295
0.001382 0.001382 0.999998
0 0 0 0
0.019287 0.032471
0.717041 1.63916 -0.602295
0.001382 0.001382 0.999998
0 0 0 0
0.019287 0.091431
0.749512 1.713379 -0.602295
0.001382 0.001382 0.999998
0 0 0 0
0.032959 0.032471
1 1.713379 -0.602295
0.001382 0.001382 0.999998
0 0 0 0
0.138977 0.032471
1 1.63916 -0.602295
0.001382 0.001382 0.999998
0 0 0 0
0.138977 0.091431
1.075439 1.713379 -0.602295
0.001382 0.001382 0.999998
0 0 0 0
0.170837 0.032471
1.075439 1.63916 -0.602295
0.001382 0.001382 0.999998
0 0 0 0
0.170837 0.091431
2 1.713379 -0.602295
0.001382 0.001382 0.999998
0 0 0 0
0.560547 0.032471
2 1.63916 -0.602295
0.001382 0.001382 0.999998
0 0 0 0
0.560547 0.091431
1 1.63916 -0.624023
0.000978 -1 -0.000001
0 0 0 0
0.500061 0.114624
1.075439 1.63916 -0.624023
0.000978 -1 -0.000001
0 0 0 0
0.535095 0.114624
1.075439 1.63916 -0.602295
0.000978 -1 -0.000001
0 0 0 0
0.535095 0.114624
1.075439 1.63916 -0.655762
0.000978 -1 -0.000001
0 0 0 0
0.535095 0.094666
2 1.63916 -0.624023
0.000978 -1 -0.000001
0 0 0 0
0.963867 0.114624
2 1.63916 -0.655762
0.000978 -1 -0.000001
0 0 0 0
0.963867 0.094666
2 1.63916 -0.602295
0.000978 -1 -0.000001
0 0 0 0
0.963867 0.114624
0.749512 1.63916 -0.624023
0.000978 -1 -0.000001
0 0 0 0
0.38385 0.114624
1 1.63916 -0.655762
0.000978 -1 -0.000001
0 0 0 0
0.500061 0.094666
0.749512 1.63916 -0.655762
0.000978 -1 -0.000001
0 0 0 0
0.38385 0.094666
1 1.63916 -0.602295
0.000978 -1 -0.000001
0 0 0 0
0.500061 0.114624
0.749512 1.63916 -0.602295
0.000978 -1 -0.000001
0 0 0 0
0.38385 0.114624
1 1.63916 -0.624023
0.000978 -1 -0.000001
0 0 0 0
0.500061 0.114624
1.075439 1.63916 -0.602295
0.000978 -1 -0.000001
0 0 0 0
0.535095 0.114624
1 1.63916 -0.602295
0.000978 -1 -0.000001
0 0 0 0
0.500061 0.114624
1.075439 1.63916 -0.624023
0.000978 -1 -0.000001
0 0 0 0
0.535095 0.114624
2 1.63916 -0.602295
0.000978 -1 -0.000001
0 0 0 0
0.963867 0.114624
-1 1.713379 -0.624023
0.000978 1 -0.000001
0 0 0 0
0.699036 0.091431
-1.075439 1.713379 -0.624023
0.000978 1 -0.000001
0 0 0 0
0.822876 0.091431
-1.075439 1.713379 -0.602295
0.000978 1 -0.000001
0 0 0 0
0.822876 0.032471
-1 1.713379 -0.602295
0.000978 1 -0.000001
0 0 0 0
0.699036 0.032471
-0.745361 1.713379 -0.624023
0.000978 1 -0.000001
0 0 0 0
0.281616 0.091431
-0.745361 1.713379 -0.602295
0.000978 1 -0.000001
0 0 0 0
0.281616 0.032471
-0.717041 1.713379 -0.624023
0.000978 1 -0.000001
0 0 0 0
0.235046 0.091431
-0.717041 1.713379 -0.602295
0.000978 1 -0.000001
0 0 0 0
0.235046 0.032471
-1 1.713379 -0.602295
0.001382 0.001382 0.999998
0 0 0 0
0.098022 0.032471
-1.075439 1.713379 -0.602295
0.001382 0.001382 0.999998
0 0 0 0
0.019226 0.032471
-1.075439 1.63916 -0.602295
0.001382 0.001382 0.999998
0 0 0 0
0.019226 0.091431
-1 1.63916 -0.602295
0.001382 0.001382 0.999998
0 0 0 0
0.098022 0.091431
-0.745361 1.63916 -0.602295
0.001382 0.001382 0.999998
0 0 0 0
0.362793 0.091431
-0.745361 1.713379 -0.602295
0.001382 0.001382 0.999998
0 0 0 0
0.362793 0.032471
-0.717041 1.63916 -0.602295
0.001382 0.001382 0.999998
0 0 0 0
0.392395 0.091431
-0.717041 1.713379 -0.602295
0.001382 0.001382 0.999998
0 0 0 0
0.392395 0.032471
-2 1.63916 -0.624023
0.000978 -1 -0.000001
0 0 0 0
0.964844 0.114624
-1.075439 1.63916 -0.624023
0.000978 -1 -0.000001
0 0 0 0
0.536072 0.114624
-1.075439 1.63916 -0.602295
0.000978 -1 -0.000001
0 0 0 0
0.536072 0.114624
0 1.713379 -0.624023
0.000978 1 -0.000001
0 0 0 0
0.937683 0.091431
-0.717041 1.713379 -0.624023
0.000978 1 -0.000001
0 0 0 0
0.235046 0.091431
-0.717041 1.713379 -0.602295
0.000978 1 -0.000001
0 0 0 0
0.235046 0.032471
0 1.713379 -0.602295
0.000978 1 -0.000001
0 0 0 0
0.937683 0.032471
0 1.63916 -0.602295
0.001382 0.001382 0.999998
0 0 0 0
0.173767 0.091431
0 1.713379 -0.602295
0.001382 0.001382 0.999998
0 0 0 0
0.173767 0.032471
-0.717041 1.713379 -0.602295
0.001382 0.001382 0.999998
0 0 0 0
0.392395 0.032471
-0.717041 1.63916 -0.602295
0.001382 0.001382 0.999998
0 0 0 0
0.392395 0.091431
0.717041 1.63916 -0.602295
0.001382 0.001382 0.999998
0 0 0 0
0.019287 0.091431
0.717041 1.713379 -0.602295
0.001382 0.001382 0.999998
0 0 0 0
0.019287 0.032471
0 1.713379 -0.602295
0.001382 0.001382 0.999998
0 0 0 0
0.982605 0.032471
0 1.63916 -0.602295
0.001382 0.001382 0.999998
0 0 0 0
0.982605 0.091431
0 1.63916 -0.624023
0.000978 -1 -0.000001
0 0 0 0
0.036255 0.114624
0 1.63916 -0.655762
0.000978 -1 -0.000001
0 0 0 0
0.036255 0.094666
0.717041 1.63916 -0.655762
0.000978 -1 -0.000001
0 0 0 0
0.368835 0.094666
0.717041 1.63916 -0.624023
0.000978 -1 -0.000001
0 0 0 0
0.368835 0.114624
0.717041 1.63916 -0.602295
0.000978 -1 -0.000001
0 0 0 0
0.368835 0.114624
0 1.63916 -0.602295
0.000978 -1 -0.000001
0 0 0 0
0.036255 0.114624
-0.717041 1.63916 -0.624023
0.000978 -1 -0.000001
0 0 0 0
0.369812 0.114624
0 1.63916 -0.624023
0.000978 -1 -0.000001
0 0 0 0
0.037231 0.114624
0 1.63916 -0.602295
0.000978 -1 -0.000001
0 0 0 0
0.037231 0.114624
-0.745361 1.63916 -0.624023
0.000978 -1 -0.000001
0 0 0 0
0.382996 0.114624
-0.717041 1.63916 -0.602295
0.000978 -1 -0.000001
0 0 0 0
0.369812 0.114624
-1 1.63916 -0.624023
0.000978 -1 -0.000001
0 0 0 0
0.501038 0.114624
-0.745361 1.63916 -0.602295
0.000978 -1 -0.000001
0 0 0 0
0.382996 0.114624
-1 1.63916 -0.602295
0.000978 -1 -0.000001
0 0 0 0
0.501038 0.114624
0.717041 1.63916 -0.624023
0.000978 -1 -0.000001
0 0 0 0
0.368835 0.114624
0.749512 1.63916 -0.624023
0.000978 -1 -0.000001
0 0 0 0
0.38385 0.114624
0.749512 1.63916 -0.602295
0.000978 -1 -0.000001
0 0 0 0
0.38385 0.114624
0.717041 1.63916 -0.602295
0.000978 -1 -0.000001
0 0 0 0
0.368835 0.114624
-2 0.234619 -0.624023
1 0.000978 -0.000001
0 0 0 0
0.891418 0.111084
-2 0.234619 -0.655762
1 0.000978 -0.000001
0 0 0 0
0.891418 0.094727
-2 1.63916 -0.655762
1 0.000978 -0.000001
0 0 0 0
0.291443 0.094727
-2 1.63916 -0.624023
1 0.000978 -0.000001
0 0 0 0
0.291443 0.111084
-2 0.234619 -0.417969
1 0.000978 -0.000001
0 0 0 0
0.891418 0.21759
-2 1.713379 -0.624023
1 0.000978 -0.000001
0 0 0 0
0.254272 0.111084
-2 2.102295 -0.624023
1 0.000978 -0.000001
0 0 0 0
0.059631 0.111084
-2 2.102295 -0.417969
1 0.000978 -0.000001
0 0 0 0
0.059631 0.21759
-2 2.13916 -0.624023
1 0.000978 -0.000001
0 0 0 0
0.04126 0.111084
-2 2.13916 -0.417969
1 0.000978 -0.000001
0 0 0 0
0.04126 0.21759
-1.075439 4 -0.655762
-1 0.000978 -0.000001
0 0 0 0
0.039551 0.030518
-1.075439 2.13916 -0.624023
-1 0.000978 -0.000001
0 0 0 0
0.963196 0.000488
-1.075439 4 -0.624023
-1 0.000978 -0.000001
0 0 0 0
0.039551 0.000488
-1.075439 2.13916 -0.655762
-1 0.000978 -0.000001
0 0 0 0
0.963196 0.030518
-1.075439 2.13916 -0.655762
0.000978 1 -0.000001
0 0 0 0
0.938965 0.024109
-2 2.13916 -0.624023
0.000978 1 -0.000001
0 0 0 0
0.107178 0.00116
-1.075439 2.13916 -0.624023
0.000978 1 -0.000001
0 0 0 0
0.938965 0.00116
-2 2.13916 -0.655762
0.000978 1 -0.000001
0 0 0 0
0.107178 0.024109
0 3.97168 0.125244
0.001382 0.001382 0.999998
0 0 0 0
0.018005 0.091797
2 3.97168 0.125244
0.001382 0.001382 0.999998
0 0 0 0
0.980835 0.091797
2 4.040039 0.125244
0.001382 0.001382 0.999998
0 0 0 0
0.980835 0.032837
0 4.040039 0.125244
0.001382 0.001382 0.999998
0 0 0 0
0.018005 0.032837
0 4.040039 0
0.001382 0.001382 -0.999998
0 0 0 0
0.017944 0.091797
2 4.040039 0
0.001382 0.001382 -0.999998
0 0 0 0
0.980713 0.091797
2 3.97168 0
0.001382 0.001382 -0.999998
0 0 0 0
0.980713 0.032837
0 3.97168 0
0.001382 0.001382 -0.999998
0 0 0 0
0.017944 0.032837
0 3.97168 0
0.000978 -1 -0.000001
0 0 0 0
0.239136 0.091797
2 3.97168 0
0.000978 -1 -0.000001
0 0 0 0
0.764038 0.091797
2 3.97168 0.125244
0.000978 -1 -0.000001
0 0 0 0
0.764038 0.032837
0 3.97168 0.125244
0.000978 -1 -0.000001
0 0 0 0
0.239136 0.032837
-2 3.97168 0.125244
0.001382 0.001382 0.999998
0 0 0 0
0.980774 0.091797
0 3.97168 0.125244
0.001382 0.001382 0.999998
0 0 0 0
0.018005 0.091797
0 4.040039 0.125244
0.001382 0.001382 0.999998
0 0 0 0
0.018005 0.032837
-2 4.040039 0.125244
0.001382 0.001382 0.999998
0 0 0 0
0.980774 0.032837
-2 3.97168 0
0.000978 -1 -0.000001
0 0 0 0
0.762451 0.091797
0 3.97168 0
0.000978 -1 -0.000001
0 0 0 0
0.239136 0.091797
0 3.97168 0.125244
0.000978 -1 -0.000001
0 0 0 0
0.239136 0.032837
-2 3.97168 0.125244
0.000978 -1 -0.000001
0 0 0 0
0.762451 0.032837
-2 4.040039 0
0.001382 0.001382 -0.999998
0 0 0 0
0.980896 0.091797
0 4.040039 0
0.001382 0.001382 -0.999998
0 0 0 0
0.018066 0.091797
0 3.97168 0
0.001382 0.001382 -0.999998
0 0 0 0
0.018066 0.032837
-2 3.97168 0
0.001382 0.001382 -0.999998
0 0 0 0
0.980896 0.032837
0 3.984375 0
0.000978 -1 -0.000001
0 0 0 0
0 0.219604
-2 3.984375 0
0.000978 -1 -0.000001
0 0 0 0
1 0.219604
-2 3.984375 -0.399902
0.000978 -1 -0.000001
0 0 0 0
1 0.465942
0 3.984375 -0.399902
0.000978 -1 -0.000001
0 0 0 0
0 0.465942
2 3.984375 0
0.000978 -1 -0.000001
0 0 0 0
1 0.219604
0 3.984375 0
0.000978 -1 -0.000001
0 0 0 0
0 0.219604
0 3.984375 -0.399902
0.000978 -1 -0.000001
0 0 0 0
0 0.465942
2 3.984375 -0.399902
0.000978 -1 -0.000001
0 0 0 0
1 0.465942
0 3.984375 -0.399902
0.001382 0.001382 -0.999998
0 0 0 0
0 1
-2 3.984375 -0.399902
0.001382 0.001382 -0.999998
0 0 0 0
1 1
-2 4.00415 -0.399902
0.001382 0.001382 -0.999998
0 0 0 0
1 0
0 4.00415 -0.399902
0.001382 0.001382 -0.999998
0 0 0 0
0 0
2 3.984375 -0.399902
0.001382 0.001382 -0.999998
0 0 0 0
0 1
0 3.984375 -0.399902
0.001382 0.001382 -0.999998
0 0 0 0
1 1
0 4.00415 -0.399902
0.001382 0.001382 -0.999998
0 0 0 0
1 0
2 4.00415 -0.399902
0.001382 0.001382 -0.999998
0 0 0 0
0 0
-2.074951 4 -0.469971
0.001382 0.001382 -0.999998
0 0 0 0
1.994873 0.216675
-1.925049 4 -0.469971
0.001382 0.001382 -0.999998
0 0 0 0
1.994873 0.094971
-1.925049 0 -0.469971
0.001382 0.001382 -0.999998
0 0 0 0
-0.994751 0.094971
-2.074951 0 -0.469971
0.001382 0.001382 -0.999998
0 0 0 0
-0.994751 0.216675
-1.925049 0 -0.320068
1 0.000978 -0.000001
0 0 0 0
-0.994751 0.216675
-1.925049 0 -0.469971
1 0.000978 -0.000001
0 0 0 0
-0.994751 0.094971
-1.925049 4 -0.469971
1 0.000978 -0.000001
0 0 0 0
1.995117 0.094971
-1.925049 4 -0.320068
1 0.000978 -0.000001
0 0 0 0
1.995117 0.216675
-2.074951 0 -0.320068
0.001382 0.001382 0.999998
0 0 0 0
-0.994751 0.094971
-1.925049 0 -0.320068
0.001382 0.001382 0.999998
0 0 0 0
-0.994751 0.216675
-1.925049 4 -0.320068
0.001382 0.001382 0.999998
0 0 0 0
1.995117 0.216675
-2.074951 4 -0.320068
0.001382 0.001382 0.999998
0 0 0 0
1.995117 0.094971
-2.074951 0 -0.469971
-1 0.000978 -0.000001
0 0 0 0
-0.994751 0.216675
-2.074951 0 -0.320068
-1 0.000978 -0.000001
0 0 0 0
-0.994751 0.094971
-2.074951 4 -0.320068
-1 0.000978 -0.000001
0 0 0 0
1.995117 0.094971
-2.074951 4 -0.469971
-1 0.000978 -0.000001
0 0 0 0
1.995117 0.216675
1.925049 4 -0.469971
0.001382 0.001382 -0.999998
0 0 0 0
1.994873 0.094971
2.074951 4 -0.469971
0.001382 0.001382 -0.999998
0 0 0 0
1.994873 0.216675
2.074951 0 -0.469971
0.001382 0.001382 -0.999998
0 0 0 0
-0.994751 0.216675
1.925049 0 -0.469971
0.001382 0.001382 -0.999998
0 0 0 0
-0.994751 0.094971
2.074951 0 -0.320068
1 0.000978 -0.000001
0 0 0 0
-0.994751 0.094971
2.074951 0 -0.469971
1 0.000978 -0.000001
0 0 0 0
-0.994751 0.216675
2.074951 4 -0.469971
1 0.000978 -0.000001
0 0 0 0
1.995117 0.216675
2.074951 4 -0.320068
1 0.000978 -0.000001
0 0 0 0
1.995117 0.094971
1.925049 0 -0.320068
0.001382 0.001382 0.999998
0 0 0 0
-0.994751 0.216675
2.074951 0 -0.320068
0.001382 0.001382 0.999998
0 0 0 0
-0.994751 0.094971
2.074951 4 -0.320068
0.001382 0.001382 0.999998
0 0 0 0
1.995117 0.094971
1.925049 4 -0.320068
0.001382 0.001382 0.999998
0 0 0 0
1.995117 0.216675
1.925049 0 -0.469971
-1 0.000978 -0.000001
0 0 0 0
-0.994751 0.094971
1.925049 0 -0.320068
-1 0.000978 -0.000001
0 0 0 0
-0.994751 0.216675
1.925049 4 -0.320068
-1 0.000978 -0.000001
0 0 0 0
1.995117 0.216675
1.925049 4 -0.469971
-1 0.000978 -0.000001
0 0 0 0
1.995117 0.094971
1.969238 -0.000244 -0.461426
-1 0.000978 0.000001
0 0 0 0
0.980896 0.001526
1.969238 0.042725 -0.461426
-1 0.000978 0.000001
0 0 0 0
0.980896 0.029724
1.969238 0.042725 -0.631348
-1 0.000978 0.000001
0 0 0 0
0.650879 0.029724
1.969238 -0.000244 -0.631348
-1 0.000978 0.000001
0 0 0 0
0.650879 0.001526
1.969238 0.042725 -0.631348
0.000978 1 -0.000001
0 0 0 0
0.655151 0.001526
1.969238 0.042725 -0.461426
0.000978 1 -0.000001
0 0 0 0
0.980347 0.001526
2 0.042725 -0.461426
0.000978 1 -0.000001
0 0 0 0
0.980347 0.02063
2 0.042725 -0.631348
0.000978 1 -0.000001
0 0 0 0
0.655151 0.02063
2 -0.000244 -0.461426
0.000978 -1 -0.000001
0 0 0 0
0.979797 0.02063
1.969238 -0.000244 -0.461426
0.000978 -1 -0.000001
0 0 0 0
0.979858 0.001526
1.969238 -0.000244 -0.631348
0.000978 -1 -0.000001
0 0 0 0
0.654785 0.001526
2 -0.000244 -0.631348
0.000978 -1 -0.000001
0 0 0 0
0.654785 0.02063
1.969238 0.21167 -0.461426
-1 0.000978 0.000001
0 0 0 0
0.980896 0.001526
1.969238 0.263672 -0.461426
-1 0.000978 0.000001
0 0 0 0
0.980896 0.029724
1.969238 0.263672 -0.631348
-1 0.000978 0.000001
0 0 0 0
0.650879 0.029724
1.969238 0.21167 -0.631348
-1 0.000978 0.000001
0 0 0 0
0.650879 0.001526
1.969238 0.263672 -0.631348
0.000978 1 -0.000001
0 0 0 0
0.655151 0.001526
1.969238 0.263672 -0.461426
0.000978 1 -0.000001
0 0 0 0
0.980347 0.001526
2 0.263672 -0.461426
0.000978 1 -0.000001
0 0 0 0
0.980347 0.02063
2 0.263672 -0.631348
0.000978 1 -0.000001
0 0 0 0
0.655151 0.02063
2 0.21167 -0.461426
0.000978 -1 -0.000001
0 0 0 0
0.979797 0.02063
1.969238 0.21167 -0.461426
0.000978 -1 -0.000001
0 0 0 0
0.979858 0.001526
1.969238 0.21167 -0.631348
0.000978 -1 -0.000001
0 0 0 0
0.654785 0.001526
2 0.21167 -0.631348
0.000978 -1 -0.000001
0 0 0 0
0.654785 0.02063
2 0.042725 -0.662109
0.000978 1 -0.000001
0 0 0 0
0.427429 0.02063
0.744141 0.042725 -0.662109
0.000978 1 -0.000001
0 0 0 0
0.034119 0.02063
0.744141 0.042725 -0.631348
0.000978 1 -0.000001
0 0 0 0
0.034119 0.001526
2 0.042725 -0.631348
0.000978 1 -0.000001
0 0 0 0
0.427429 0.001526
2 0.042725 -0.631348
0.001382 0.001382 0.999998
0 0 0 0
0.419739 0.029724
0.744141 0.042725 -0.631348
0.001382 0.001382 0.999998
0 0 0 0
0.02063 0.029724
0.744141 -0.000244 -0.631348
0.001382 0.001382 0.999998
0 0 0 0
0.02063 0.001526
2 -0.000244 -0.631348
0.001382 0.001382 0.999998
0 0 0 0
0.4198 0.001526
2 -0.000244 -0.631348
0.000978 -1 -0.000001
0 0 0 0
0.427185 0.001526
0.744141 -0.000244 -0.631348
0.000978 -1 -0.000001
0 0 0 0
0.034119 0.001526
0.744141 -0.000244 -0.662109
0.000978 -1 -0.000001
0 0 0 0
0.034119 0.02063
2 -0.000244 -0.662109
0.000978 -1 -0.000001
0 0 0 0
0.427185 0.02063
2 0.263672 -0.631348
0.001382 0.001382 0.999998
0 0 0 0
0.419739 0.029724
0.744141 0.263672 -0.631348
0.001382 0.001382 0.999998
0 0 0 0
0.02063 0.029724
0.744141 0.21167 -0.631348
0.001382 0.001382 0.999998
0 0 0 0
0.02063 0.001526
2 0.21167 -0.631348
0.001382 0.001382 0.999998
0 0 0 0
0.4198 0.001526
2 0.263672 -0.662109
0.000978 1 0.000001
0 0 0 0
0.427429 0.02063
0.744141 0.263672 -0.662109
0.000978 1 0.000001
0 0 0 0
0.034119 0.02063
0.744141 0.263672 -0.631348
0.000978 1 -0.000001
0 0 0 0
0.034119 0.001526
2 0.263672 -0.631348
0.000978 1 -0.000001
0 0 0 0
0.427429 0.001526
2 0.21167 -0.631348
0.000978 -1 -0.000001
0 0 0 0
0.427185 0.001526
0.744141 0.21167 -0.631348
0.000978 -1 -0.000001
0 0 0 0
0.034119 0.001526
0.744141 0.21167 -0.662109
0.000978 -1 -0.000001
0 0 0 0
0.034119 0.02063
2 0.21167 -0.662109
0.000978 -1 -0.000001
0 0 0 0
0.427185 0.02063
0.744141 0.263672 -0.662109
0.001382 0.001382 -0.999998
0 0 0 0
0 1
2 0.263672 -0.662109
0.001382 0.001382 -0.999998
0 0 0 0
1 1
2 0.21167 -0.662109
0.001382 0.001382 -0.999998
0 0 0 0
1 0
0.744141 0.21167 -0.662109
0.001382 0.001382 -0.999998
0 0 0 0
0 0
-1.969238 -0.000244 -0.461426
1 0.000978 -0.000001
0 0 0 0
0.980896 0.001526
-1.969238 -0.000244 -0.631348
1 0.000978 -0.000001
0 0 0 0
0.650879 0.001526
-1.969238 0.042725 -0.631348
1 0.000978 -0.000001
0 0 0 0
0.650879 0.029724
-1.969238 0.042725 -0.461426
1 0.000978 -0.000001
0 0 0 0
0.980896 0.029724
-1.969238 0.042725 -0.461426
0.000978 1 -0.000001
0 0 0 0
0.980347 0.001526
-1.969238 0.042725 -0.631348
0.000978 1 -0.000001
0 0 0 0
0.655151 0.001526
-2 0.042725 -0.631348
0.000978 1 -0.000001
0 0 0 0
0.655151 0.02063
-2 0.042725 -0.461426
0.000978 1 -0.000001
0 0 0 0
0.980347 0.02063
-1.969238 -0.000244 -0.461426
0.000978 -1 -0.000001
0 0 0 0
0.979858 0.001526
-2 -0.000244 -0.461426
0.000978 -1 -0.000001
0 0 0 0
0.979797 0.02063
-2 -0.000244 -0.631348
0.000978 -1 -0.000001
0 0 0 0
0.654785 0.02063
-1.969238 -0.000244 -0.631348
0.000978 -1 -0.000001
0 0 0 0
0.654785 0.001526
-1.969238 0.21167 -0.461426
1 0.000978 -0.000001
0 0 0 0
0.980896 0.001526
-1.969238 0.21167 -0.631348
1 0.000978 -0.000001
0 0 0 0
0.650879 0.001526
-1.969238 0.263672 -0.631348
1 0.000978 -0.000001
0 0 0 0
0.650879 0.029724
-1.969238 0.263672 -0.461426
1 0.000978 -0.000001
0 0 0 0
0.980896 0.029724
-1.969238 0.263672 -0.461426
0.000978 1 -0.000001
0 0 0 0
0.980347 0.001526
-1.969238 0.263672 -0.631348
0.000978 1 -0.000001
0 0 0 0
0.655151 0.001526
-2 0.263672 -0.631348
0.000978 1 -0.000001
0 0 0 0
0.655151 0.02063
-2 0.263672 -0.461426
0.000978 1 -0.000001
0 0 0 0
0.980347 0.02063
-1.969238 0.21167 -0.461426
0.000978 -1 -0.000001
0 0 0 0
0.979858 0.001526
-2 0.21167 -0.461426
0.000978 -1 -0.000001
0 0 0 0
0.979797 0.02063
-2 0.21167 -0.631348
0.000978 -1 -0.000001
0 0 0 0
0.654785 0.02063
-1.969238 0.21167 -0.631348
0.000978 -1 -0.000001
0 0 0 0
0.654785 0.001526
-0.744141 0.042725 -0.631348
0.001382 0.001382 0.999998
0 0 0 0
0.02063 0.029724
-2 0.042725 -0.631348
0.001382 0.001382 0.999998
0 0 0 0
0.419739 0.029724
-2 -0.000244 -0.631348
0.001382 0.001382 0.999998
0 0 0 0
0.4198 0.001526
-0.744141 -0.000244 -0.631348
0.001382 0.001382 0.999998
0 0 0 0
0.02063 0.001526
-2 0.042725 -0.662109
0.000978 1 -0.000001
0 0 0 0
0.427429 0.02063
-2 0.042725 -0.631348
0.000978 1 -0.000001
0 0 0 0
0.427429 0.001526
-0.744141 0.042725 -0.631348
0.000978 1 -0.000001
0 0 0 0
0.034119 0.001526
-0.744141 0.042725 -0.662109
0.000978 1 -0.000001
0 0 0 0
0.034119 0.02063
-2 -0.000244 -0.631348
0.000978 -1 -0.000001
0 0 0 0
0.427185 0.001526
-2 -0.000244 -0.662109
0.000978 -1 -0.000001
0 0 0 0
0.427185 0.02063
-0.744141 -0.000244 -0.662109
0.000978 -1 -0.000001
0 0 0 0
0.034119 0.02063
-0.744141 -0.000244 -0.631348
0.000978 -1 -0.000001
0 0 0 0
0.034119 0.001526
0.075684 0.021729 -0.624512
0.001382 0.001382 0.999998
0 0 0 0
0.24884 -0.054382
0.098633 0.021729 -0.624512
0.001382 0.001382 0.999998
0 0 0 0
0.220581 -0.054382
0.098633 0.09082 -0.624512
0.001382 0.001382 0.999998
0 0 0 0
0.220581 -0.002502
0.075684 0.09082 -0.624512
0.001382 0.001382 0.999998
0 0 0 0
0.24884 -0.002502
0.075684 0.09082 -0.624512
0.000978 1 -0.000001
0 0 0 0
0.24884 -0.042236
0.098633 0.09082 -0.624512
0.000978 1 -0.000001
0 0 0 0
0.220581 -0.042236
0.098633 0.09082 -0.655762
0.000978 1 -0.000001
0 0 0 0
0.220581 -0.002502
0.075684 0.09082 -0.655762
0.000978 1 -0.000001
0 0 0 0
0.24884 -0.002502
0.075684 0.021729 -0.655762
-1 0.000978 -0.000001
0 0 0 0
0.24884 -0.043335
0.075684 0.021729 -0.624512
-1 0.000978 -0.000001
0 0 0 0
0.220581 -0.043335
0.075684 0.09082 -0.624512
-1 0.000978 -0.000001
0 0 0 0
0.220581 -0.002502
0.075684 0.09082 -0.655762
-1 0.000978 -0.000001
0 0 0 0
0.24884 -0.002502
0.092041 1.63916 -0.637207
0.309922 0.001365 -0.950761
0 0 0 0
1 0.032776
0.099609 0.021729 -0.631592
0.809193 0.001232 -0.587541
0 0 0 0
0.001526 0.032776
0.092041 0.021729 -0.637207
0.309922 0.001365 -0.950761
0 0 0 0
0.001526 0.032776
0.099609 1.63916 -0.631592
0.809193 0.001232 -0.587541
0 0 0 0
1 0.032776
0.102539 0.021729 -0.622559
1 0.000978 -0.000001
0 0 0 0
0.001526 0.092224
0.102539 1.63916 -0.622559
1 0.000978 -0.000001
0 0 0 0
1 0.092224
0.099609 0.021729 -0.613525
0.809193 0.001232 0.587541
0 0 0 0
0.001526 0.092224
0.099609 1.63916 -0.613525
0.809193 0.001232 0.587541
0 0 0 0
1 0.092224
0.08252 1.63916 -0.637207
-0.309922 0.001365 -0.950761
0 0 0 0
1 0.046875
0.092041 1.63916 -0.637207
0.309922 0.001365 -0.950761
0 0 0 0
1 0.032776
0.092041 0.021729 -0.637207
0.309922 0.001365 -0.950761
0 0 0 0
0.001526 0.032776
0.08252 0.021729 -0.637207
-0.309922 0.001365 -0.950761
0 0 0 0
0.001526 0.046875
0.074707 1.63916 -0.631592
-0.809193 0.001232 -0.587541
0 0 0 0
1 0.053101
0.074707 0.021729 -0.631592
-0.809193 0.001232 -0.587541
0 0 0 0
0.001526 0.053101
0.071777 1.63916 -0.622559
-1 0.000978 -0.000001
0 0 0 0
1 0.059387
0.071777 0.021729 -0.622559
-1 0.000978 -0.000001
0 0 0 0
0.001526 0.059387
0.074707 1.63916 -0.613525
-0.809193 0.001232 0.587541
0 0 0 0
1 0.065613
0.074707 0.021729 -0.613525
-0.809193 0.001232 0.587541
0 0 0 0
0.001526 0.065613
0.08252 1.63916 -0.60791
-0.309922 0.001365 0.950761
0 0 0 0
1 0.071899
0.08252 0.021729 -0.60791
-0.309922 0.001365 0.950761
0 0 0 0
0.001526 0.071899
0.092041 1.63916 -0.60791
0.309922 0.001365 0.950761
0 0 0 0
1 0.078125
0.092041 0.021729 -0.60791
0.309922 0.001365 0.950761
0 0 0 0
0.001526 0.078125
0.099609 1.63916 -0.613525
0.809193 0.001232 0.587541
0 0 0 0
1 0.092224
0.099609 0.021729 -0.613525
0.809193 0.001232 0.587541
0 0 0 0
0.001526 0.092224
0.037109 0.021729 -0.655762
0.001382 0.001382 0.999998
0 0 0 0
1 0.095276
0.679932 0.021729 -0.655762
0.001382 0.001382 0.999998
0 0 0 0
0.001526 0.095276
0.679932 0.108643 -0.655762
0.001382 0.001382 0.999998
0 0 0 0
0.001526 0.217224
0.037109 0.108643 -0.655762
0.001382 0.001382 0.999998
0 0 0 0
1 0.217224
0.037109 0.108643 -0.655762
0.000978 1 -0.000001
0 0 0 0
1 0.005432
0.679932 0.108643 -0.655762
0.000978 1 -0.000001
0 0 0 0
0.001526 0.005432
0.679932 0.108643 -0.67749
0.000978 1 -0.000001
0 0 0 0
0.001526 0.025818
0.037109 0.108643 -0.67749
0.000978 1 -0.000001
0 0 0 0
1 0.025818
0.623291 0.021729 -0.664551
0.706425 0.001277 -0.707786
0 0 0 0
0.515747 0.032776
0.615723 0.038818 -0.669922
0.309922 0.001365 -0.950761
0 0 0 0
0.483887 0.032776
0.623291 0.038818 -0.664551
0.706425 0.001277 -0.707786
0 0 0 0
0.485779 0.032776
0.625488 0.038818 -0.6604
0.890328 0.001179 -0.455317
0 0 0 0
0.485962 0.032776
0.623291 0.021729 -0.664551
0.706425 0.001277 -0.707786
0 0 0 0
0.515747 0.032776
0.625488 0.021729 -0.6604
0.890328 0.001179 -0.455317
0 0 0 0
0.515503 0.032776
0.615723 0.021729 -0.669922
0.309922 0.001365 -0.950761
0 0 0 0
0.517578 0.032776
0.606445 0.038818 -0.669922
-0.309922 0.001365 -0.950761
0 0 0 0
0.483154 0.046875
0.606445 0.021729 -0.669922
-0.309922 0.001365 -0.950761
0 0 0 0
0.518372 0.046875
0.598877 0.038818 -0.664551
-0.809193 0.001232 -0.587541
0 0 0 0
0.483093 0.053101
0.598877 0.021729 -0.664551
-0.809193 0.001232 -0.587541
0 0 0 0
0.518372 0.053101
0.596191 0.038818 -0.655762
-1 0.000978 -0.000001
0 0 0 0
0.483093 0.059387
0.596191 0.021729 -0.655762
-1 0.000978 -0.000001
0 0 0 0
0.518433 0.059387
0.598877 0.038818 -0.646729
-0.809193 0.001232 0.587541
0 0 0 0
0.483093 0.065613
0.598877 0.021729 -0.646729
-0.809193 0.001232 0.587541
0 0 0 0
0.518433 0.065613
0.606445 0.038818 -0.641357
-0.309922 0.001365 0.950761
0 0 0 0
0.483093 0.071899
0.606445 0.021729 -0.641357
-0.309922 0.001365 0.950761
0 0 0 0
0.518372 0.071899
0.615723 0.038818 -0.641357
0.309922 0.001365 0.950761
0 0 0 0
0.483154 0.078125
0.615723 0.021729 -0.641357
0.309922 0.001365 0.950761
0 0 0 0
0.518372 0.078125
0.623291 0.038818 -0.646729
0.706425 0.001277 0.707786
0 0 0 0
0.483887 0.092224
0.623291 0.021729 -0.646729
0.706425 0.001277 0.707786
0 0 0 0
0.517578 0.092224
0.625488 0.021729 -0.650879
0.890328 0.001179 0.455317
0 0 0 0
0.516418 0.092224
0.625488 0.038818 -0.650879
0.890328 0.001179 0.455317
0 0 0 0
0.485046 0.092224
0.623291 0.038818 -0.646729
0.706425 0.001277 0.707786
0 0 0 0
0.483887 0.092224
0.623291 0.021729 -0.646729
0.706425 0.001277 0.707786
0 0 0 0
0.517578 0.092224
0.625488 0.021729 -0.650879
0.890328 0.001179 0.455317
0 0 0 0
0.516418 0.092224
0.717041 0.038818 -0.650879
1 0.000978 -0.000001
0 0 0 0
0.485046 0.092224
0.717041 0.021729 -0.650879
1 0.000978 -0.000001
0 0 0 0
0.516418 0.092224
0.717041 0.021729 -0.655762
1 0.000978 -0.000001
0 0 0 0
0.515747 0.092224
0.717041 0.038818 -0.655762
1 0.000978 -0.000001
0 0 0 0
0.485779 0.092224
0.717041 0.021729 -0.6604
1 0.000978 -0.000001
0 0 0 0
0.515503 0.092224
0.717041 0.038818 -0.6604
1 0.000978 -0.000001
0 0 0 0
0.485962 0.092224
0.626221 0.021729 -0.655762
0.000978 -1 -0.000001
0 0 0 0
0.515747 0.092224
0.625488 0.021729 -0.6604
0.000978 -1 -0.000001
0 0 0 0
0.515503 0.092224
0.717041 0.021729 -0.6604
0.000978 -1 -0.000001
0 0 0 0
0.515503 0.092224
0.717041 0.021729 -0.655762
0.000978 -1 -0.000001
0 0 0 0
0.515747 0.092224
0.717041 0.021729 -0.650879
0.000978 -1 -0.000001
0 0 0 0
0.516418 0.092224
0.625488 0.021729 -0.650879
0.000978 -1 -0.000001
0 0 0 0
0.516418 0.092224
0.625488 0.021729 -0.650879
0.001382 0.001382 0.999998
0 0 0 0
0.001526 0.001526
0.717041 0.021729 -0.650879
0.001382 0.001382 0.999998
0 0 0 0
0.171082 0.001526
0.717041 0.038818 -0.650879
0.001382 0.001382 0.999998
0 0 0 0
0.171082 0.029724
0.625488 0.038818 -0.650879
0.001382 0.001382 0.999998
0 0 0 0
0.001526 0.029724
0.626221 0.038818 -0.655762
0.000978 1 -0.000001
0 0 0 0
0.485779 0.092224
0.625488 0.038818 -0.650879
0.000978 1 -0.000001
0 0 0 0
0.485046 0.092224
0.717041 0.038818 -0.650879
0.000978 1 -0.000001
0 0 0 0
0.485046 0.092224
0.717041 0.038818 -0.655762
0.000978 1 -0.000001
0 0 0 0
0.485779 0.092224
0.717041 0.038818 -0.6604
0.000978 1 0.000001
0 0 0 0
0.485962 0.092224
0.626221 0.038818 -0.655762
0.000978 1 -0.000001
0 0 0 0
0.485779 0.092224
0.625488 0.038818 -0.6604
0.000978 1 0.000001
0 0 0 0
0.485962 0.092224
0.626221 0.038818 -0.655762
0.000978 1 -0.000001
0 0 0 0
0.485779 0.092224
0.717041 0.038818 -0.650879
0.000978 1 -0.000001
0 0 0 0
0.485046 0.092224
0.717041 0.038818 -0.655762
0.000978 1 -0.000001
0 0 0 0
0.485779 0.092224
0.625488 0.038818 -0.6604
-0.001382 0.001382 -0.999998
0 0 0 0
0.485962 0.092224
0.717041 0.038818 -0.6604
-0.001382 0.001382 -0.999998
0 0 0 0
0.485962 0.092224
0.717041 0.021729 -0.6604
-0.001382 0.001382 -0.999998
0 0 0 0
0.515503 0.092224
0.625488 0.021729 -0.6604
-0.001382 0.001382 -0.999998
0 0 0 0
0.515503 0.092224
0.626221 0.021729 -0.655762
0.000978 -1 -0.000001
0 0 0 0
0.515747 0.092224
0.717041 0.021729 -0.6604
0.000978 -1 -0.000001
0 0 0 0
0.515503 0.092224
0.717041 0.021729 -0.655762
0.000978 -1 -0.000001
0 0 0 0
0.515747 0.092224
0.626465 0.038818 -0.666748
0.809193 0.001232 -0.587541
0 0 0 0
0.515747 0.032776
0.626465 0.048096 -0.666748
0.809193 0.001232 -0.587541
0 0 0 0
0.485779 0.032776
0.630127 0.048096 -0.655762
1 0.000978 -0.000001
0 0 0 0
0.485779 0.092224
0.630127 0.038818 -0.655762
1 0.000978 -0.000001
0 0 0 0
0.515747 0.092224
0.626465 0.048096 -0.644531
0.809193 0.001232 0.587541
0 0 0 0
0.483887 0.092224
0.626465 0.038818 -0.644531
0.809193 0.001232 0.587541
0 0 0 0
0.517578 0.092224
0.616943 0.038818 -0.673584
0.309922 0.001365 -0.950761
0 0 0 0
0.517578 0.032776
0.626465 0.048096 -0.666748
0.809193 0.001232 -0.587541
0 0 0 0
0.485779 0.032776
0.626465 0.038818 -0.666748
0.809193 0.001232 -0.587541
0 0 0 0
0.515747 0.032776
0.616943 0.048096 -0.673584
0.309922 0.001365 -0.950761
0 0 0 0
0.483887 0.032776
0.605225 0.038818 -0.673584
-0.309922 0.001365 -0.950761
0 0 0 0
0.518372 0.046875
0.605225 0.048096 -0.673584
-0.309922 0.001365 -0.950761
0 0 0 0
0.483154 0.046875
0.595947 0.038818 -0.666748
-0.809193 0.001232 -0.587541
0 0 0 0
0.518372 0.053101
0.595947 0.048096 -0.666748
-0.809193 0.001232 -0.587541
0 0 0 0
0.483093 0.053101
0.592285 0.038818 -0.655762
-1 0.000978 -0.000001
0 0 0 0
0.518433 0.059387
0.592285 0.048096 -0.655762
-1 0.000978 -0.000001
0 0 0 0
0.483093 0.059387
0.595947 0.038818 -0.644531
-0.809193 0.001232 0.587541
0 0 0 0
0.518433 0.065613
0.595947 0.048096 -0.644531
-0.809193 0.001232 0.587541
0 0 0 0
0.483093 0.065613
0.605225 0.038818 -0.637695
-0.309922 0.001365 0.950761
0 0 0 0
0.518372 0.071899
0.605225 0.048096 -0.637695
-0.309922 0.001365 0.950761
0 0 0 0
0.483093 0.071899
0.616943 0.038818 -0.637695
0.309922 0.001365 0.950761
0 0 0 0
0.518372 0.078125
0.616943 0.048096 -0.637695
0.309922 0.001365 0.950761
0 0 0 0
0.483154 0.078125
0.626465 0.038818 -0.644531
0.809193 0.001232 0.587541
0 0 0 0
0.517578 0.092224
0.626465 0.048096 -0.644531
0.809193 0.001232 0.587541
0 0 0 0
0.483887 0.092224
0.611084 0.038818 -0.655762
0.000978 -1 -0.000001
0 0 0 0
0.5 0
0.626465 0.038818 -0.666748
0.000978 -1 -0.000001
0 0 0 0
1 1
0.630127 0.038818 -0.655762
0.000978 -1 -0.000001
0 0 0 0
0 1
0.616943 0.038818 -0.673584
0.000978 -1 -0.000001
0 0 0 0
1 1
0.626465 0.038818 -0.666748
0.000978 -1 -0.000001
0 0 0 0
0 1
0.605225 0.038818 -0.673584
0.000978 -1 -0.000001
0 0 0 0
1 1
0.616943 0.038818 -0.673584
0.000978 -1 -0.000001
0 0 0 0
0 1
0.595947 0.038818 -0.666748
0.000978 -1 -0.000001
0 0 0 0
1 1
0.605225 0.038818 -0.673584
0.000978 -1 -0.000001
0 0 0 0
0 1
0.616943 0.038818 -0.637695
0.000978 -1 -0.000001
0 0 0 0
1 1
0.605225 0.038818 -0.637695
0.000978 -1 -0.000001
0 0 0 0
0 1
0.626465 0.038818 -0.644531
0.000978 -1 -0.000001
0 0 0 0
1 1
0.616943 0.038818 -0.637695
0.000978 -1 -0.000001
0 0 0 0
0 1
0.630127 0.038818 -0.655762
0.000978 -1 -0.000001
0 0 0 0
1 1
0.626465 0.038818 -0.644531
0.000978 -1 -0.000001
0 0 0 0
0 1
0.611084 0.038818 -0.655762
0.000978 -1 -0.000001
0 0 0 0
0.5 0
0.592285 0.038818 -0.655762
0.000978 -1 -0.000001
0 0 0 0
1 1
0.595947 0.038818 -0.666748
0.000978 -1 -0.000001
0 0 0 0
0 1
0.595947 0.038818 -0.644531
0.000978 -1 -0.000001
0 0 0 0
1 1
0.592285 0.038818 -0.655762
0.000978 -1 -0.000001
0 0 0 0
0 1
0.605225 0.038818 -0.637695
0.000978 -1 -0.000001
0 0 0 0
1 1
0.595947 0.038818 -0.644531
0.000978 -1 -0.000001
0 0 0 0
0 1
0.611084 0.048096 -0.655762
0.000978 1 0.000001
0 0 0 0
0.5 0
0.626465 0.048096 -0.666748
0.000978 1 -0.000001
0 0 0 0
1 1
0.616943 0.048096 -0.673584
0.000978 1 -0.000001
0 0 0 0
0 1
0.616943 0.048096 -0.673584
0.000978 1 -0.000001
0 0 0 0
1 1
0.605225 0.048096 -0.673584
0.000978 1 -0.000001
0 0 0 0
0 1
0.605225 0.048096 -0.673584
0.000978 1 -0.000001
0 0 0 0
1 1
0.595947 0.048096 -0.666748
0.000978 1 -0.000001
0 0 0 0
0 1
0.595947 0.048096 -0.666748
0.000978 1 -0.000001
0 0 0 0
1 1
0.592285 0.048096 -0.655762
0.000978 1 -0.000001
0 0 0 0
0 1
0.616943 0.048096 -0.637695
0.000978 1 0.000001
0 0 0 0
1 1
0.626465 0.048096 -0.644531
0.000978 1 0.000001
0 0 0 0
0 1
0.626465 0.048096 -0.644531
0.000978 1 0.000001
0 0 0 0
1 1
0.630127 0.048096 -0.655762
0.000978 1 -0.000001
0 0 0 0
0 1
0.630127 0.048096 -0.655762
0.000978 1 -0.000001
0 0 0 0
1 1
0.626465 0.048096 -0.666748
0.000978 1 -0.000001
0 0 0 0
0 1
0.611084 0.048096 -0.655762
0.000978 1 0.000001
0 0 0 0
0.5 0
0.592285 0.048096 -0.655762
0.000978 1 -0.000001
0 0 0 0
1 1
0.595947 0.048096 -0.644531
0.000978 1 0.000001
0 0 0 0
0 1
0.595947 0.048096 -0.644531
0.000978 1 0.000001
0 0 0 0
1 1
0.605225 0.048096 -0.637695
0.000978 1 0.000001
0 0 0 0
0 1
0.605225 0.048096 -0.637695
0.000978 1 0.000001
0 0 0 0
1 1
0.616943 0.048096 -0.637695
0.000978 1 0.000001
0 0 0 0
0 1
0.717041 0.021729 -0.655762
0.001382 0.001382 0.999998
0 0 0 0
0.980774 0.000488
0.679932 1.63916 -0.655762
0.001382 0.001382 0.999998
0 0 0 0
0.049316 0.030518
0.679932 0.021729 -0.655762
0.001382 0.001382 0.999998
0 0 0 0
0.959167 0.030518
0.717041 1.63916 -0.655762
0.001382 0.001382 0.999998
0 0 0 0
0.027771 0.000488
0.679932 0.021729 -0.655762
-1 0.000978 -0.000001
0 0 0 0
0.971741 0.000488
0.679932 1.63916 -0.655762
-1 0.000978 -0.000001
0 0 0 0
0.092468 0.000488
0.679932 1.63916 -0.67749
-1 0.000978 -0.000001
0 0 0 0
0.092468 0.030518
0.679932 0.021729 -0.67749
-1 0.000978 -0.000001
0 0 0 0
0.971741 0.030518
0.62915 1.622314 -0.661377
0.951387 0.001118 -0.307996
0 0 0 0
0.515503 0.032776
0.622314 1.612793 -0.670898
0.587706 0.001315 -0.809074
0 0 0 0
0.485046 0.032776
0.622314 1.622314 -0.670898
0.587706 0.001315 -0.809074
0 0 0 0
0.516418 0.032776
0.611084 1.612793 -0.674561
0.001382 0.001382 -0.999998
0 0 0 0
0.483154 0.043762
0.611084 1.622314 -0.674561
0.001382 0.001382 -0.999998
0 0 0 0
0.518311 0.043762
0.600098 1.612793 -0.670898
-0.587706 0.001315 -0.809074
0 0 0 0
0.483154 0.049988
0.600098 1.622314 -0.670898
-0.587706 0.001315 -0.809074
0 0 0 0
0.518372 0.049988
0.593262 1.612793 -0.661377
-0.951387 0.001118 -0.307996
0 0 0 0
0.483093 0.056274
0.593262 1.622314 -0.661377
-0.951387 0.001118 -0.307996
0 0 0 0
0.518433 0.056274
0.593262 1.612793 -0.649902
-0.951387 0.001118 0.307996
0 0 0 0
0.483093 0.0625
0.593262 1.622314 -0.649902
-0.951387 0.001118 0.307996
0 0 0 0
0.518433 0.0625
0.600098 1.612793 -0.640381
-0.587706 0.001315 0.809074
0 0 0 0
0.483093 0.068726
0.600098 1.622314 -0.640381
-0.587706 0.001315 0.809074
0 0 0 0
0.518433 0.068726
0.611084 1.612793 -0.636719
0.001382 0.001382 0.999998
0 0 0 0
0.483093 0.075012
0.611084 1.622314 -0.636719
0.001382 0.001382 0.999998
0 0 0 0
0.518372 0.075012
0.622314 1.612793 -0.640381
0.587706 0.001315 0.809074
0 0 0 0
0.483154 0.081238
0.622314 1.622314 -0.640381
0.587706 0.001315 0.809074
0 0 0 0
0.518311 0.081238
0.62915 1.612793 -0.649902
0.951387 0.001118 0.307996
0 0 0 0
0.485046 0.092224
0.62915 1.622314 -0.649902
0.951387 0.001118 0.307996
0 0 0 0
0.516418 0.092224
0.611084 1.622314 -0.655762
0.000978 1 -0.000001
0 0 0 0
0.5 0
0.62915 1.622314 -0.661377
0.000978 1 -0.000001
0 0 0 0
0 1
0.622314 1.622314 -0.670898
0.000978 1 -0.000001
0 0 0 0
1 1
0.622314 1.622314 -0.670898
0.000978 1 -0.000001
0 0 0 0
0 1
0.611084 1.622314 -0.674561
0.000978 1 -0.000001
0 0 0 0
1 1
0.611084 1.622314 -0.674561
0.000978 1 -0.000001
0 0 0 0
0 1
0.600098 1.622314 -0.670898
0.000978 1 -0.000001
0 0 0 0
1 1
0.600098 1.622314 -0.670898
0.000978 1 -0.000001
0 0 0 0
0 1
0.593262 1.622314 -0.661377
0.000978 1 -0.000001
0 0 0 0
1 1
0.611084 1.622314 -0.636719
0.000978 1 -0.000001
0 0 0 0
0 1
0.622314 1.622314 -0.640381
0.000978 1 -0.000001
0 0 0 0
1 1
0.622314 1.622314 -0.640381
0.000978 1 -0.000001
0 0 0 0
0 1
0.62915 1.622314 -0.649902
0.000978 1 -0.000001
0 0 0 0
1 1
0.62915 1.622314 -0.649902
0.000978 1 -0.000001
0 0 0 0
0 1
0.62915 1.622314 -0.661377
0.000978 1 -0.000001
0 0 0 0
1 1
0.611084 1.622314 -0.655762
0.000978 1 -0.000001
0 0 0 0
0.5 0
0.593262 1.622314 -0.661377
0.000978 1 -0.000001
0 0 0 0
0 1
0.593262 1.622314 -0.649902
0.000978 1 -0.000001
0 0 0 0
1 1
0.593262 1.622314 -0.649902
0.000978 1 -0.000001
0 0 0 0
0 1
0.600098 1.622314 -0.640381
0.000978 1 -0.000001
0 0 0 0
1 1
0.600098 1.622314 -0.640381
0.000978 1 -0.000001
0 0 0 0
0 1
0.611084 1.622314 -0.636719
0.000978 1 -0.000001
0 0 0 0
1 1
0.62915 1.622314 -0.649902
0.951387 0.001118 0.307996
0 0 0 0
0.516418 0.092224
0.62915 1.612793 -0.649902
0.951387 0.001118 0.307996
0 0 0 0
0.485046 0.092224
0.62915 1.612793 -0.661377
0.951387 0.001118 -0.307996
0 0 0 0
0.485962 0.092224
0.62915 1.622314 -0.661377
0.951387 0.001118 -0.307996
0 0 0 0
0.515503 0.092224
0.62915 1.622314 -0.661377
0.951387 0.001118 -0.307996
0 0 0 0
0.515503 0.032776
0.62915 1.612793 -0.661377
0.951387 0.001118 -0.307996
0 0 0 0
0.485962 0.032776
0.622314 1.612793 -0.670898
0.587706 0.001315 -0.809074
0 0 0 0
0.485046 0.032776
0.611084 1.612793 -0.655762
0.000978 -1 0.000001
0 0 0 0
0.5 0
0.622314 1.612793 -0.670898
0.000978 -1 -0.000001
0 0 0 0
0 1
0.62915 1.612793 -0.661377
0.000978 -1 -0.000001
0 0 0 0
1 1
0.611084 1.612793 -0.674561
0.000978 -1 -0.000001
0 0 0 0
0 1
0.622314 1.612793 -0.670898
0.000978 -1 -0.000001
0 0 0 0
1 1
0.600098 1.612793 -0.670898
0.000978 -1 -0.000001
0 0 0 0
0 1
0.611084 1.612793 -0.674561
0.000978 -1 -0.000001
0 0 0 0
1 1
0.593262 1.612793 -0.661377
0.000978 -1 -0.000001
0 0 0 0
0 1
0.600098 1.612793 -0.670898
0.000978 -1 -0.000001
0 0 0 0
1 1
0.622314 1.612793 -0.640381
0.000978 -1 0.000001
0 0 0 0
0 1
0.611084 1.612793 -0.636719
0.000978 -1 -0.000001
0 0 0 0
1 1
0.62915 1.612793 -0.649902
0.000978 -1 0.000001
0 0 0 0
0 1
0.622314 1.612793 -0.640381
0.000978 -1 0.000001
0 0 0 0
1 1
0.62915 1.612793 -0.661377
0.000978 -1 -0.000001
0 0 0 0
0 1
0.62915 1.612793 -0.649902
0.000978 -1 0.000001
0 0 0 0
1 1
0.611084 1.612793 -0.655762
0.000978 -1 0.000001
0 0 0 0
0.5 0
0.593262 1.612793 -0.649902
0.000978 -1 -0.000001
0 0 0 0
0 1
0.593262 1.612793 -0.661377
0.000978 -1 -0.000001
0 0 0 0
1 1
0.600098 1.612793 -0.640381
0.000978 -1 -0.000001
0 0 0 0
0 1
0.593262 1.612793 -0.649902
0.000978 -1 -0.000001
0 0 0 0
1 1
0.611084 1.612793 -0.636719
0.000978 -1 -0.000001
0 0 0 0
0 1
0.600098 1.612793 -0.640381
0.000978 -1 -0.000001
0 0 0 0
1 1
0.620117 1.63916 -0.667725
0.587706 0.001315 -0.809074
0 0 0 0
0.516418 0.032776
0.625488 1.63916 -0.6604
0.809193 0.001232 -0.587541
0 0 0 0
0.515503 0.032776
0.625488 1.622314 -0.6604
0.809193 0.001232 -0.587541
0 0 0 0
0.485962 0.032776
0.620117 1.622314 -0.667725
0.587706 0.001315 -0.809074
0 0 0 0
0.485046 0.032776
0.611084 1.63916 -0.670654
0.001382 0.001382 -0.999998
0 0 0 0
0.518311 0.043762
0.611084 1.622314 -0.670654
0.001382 0.001382 -0.999998
0 0 0 0
0.483154 0.043762
0.602295 1.63916 -0.667725
-0.587706 0.001315 -0.809074
0 0 0 0
0.518372 0.049988
0.602295 1.622314 -0.667725
-0.587706 0.001315 -0.809074
0 0 0 0
0.483154 0.049988
0.596924 1.63916 -0.6604
-0.951387 0.001118 -0.307996
0 0 0 0
0.518433 0.056274
0.596924 1.622314 -0.6604
-0.951387 0.001118 -0.307996
0 0 0 0
0.483093 0.056274
0.596924 1.63916 -0.650879
-0.951387 0.001118 0.307996
0 0 0 0
0.518433 0.0625
0.596924 1.622314 -0.650879
-0.951387 0.001118 0.307996
0 0 0 0
0.483093 0.0625
0.602295 1.63916 -0.643555
-0.587706 0.001315 0.809074
0 0 0 0
0.518433 0.068726
0.602295 1.622314 -0.643555
-0.587706 0.001315 0.809074
0 0 0 0
0.483093 0.068726
0.611084 1.63916 -0.640625
0.001382 0.001382 0.999998
0 0 0 0
0.518372 0.075012
0.611084 1.622314 -0.640625
0.001382 0.001382 0.999998
0 0 0 0
0.483093 0.075012
0.620117 1.63916 -0.643555
0.587706 0.001315 0.809074
0 0 0 0
0.518311 0.081238
0.620117 1.622314 -0.643555
0.587706 0.001315 0.809074
0 0 0 0
0.483154 0.081238
0.625488 1.63916 -0.650879
0.809193 0.001232 0.587541
0 0 0 0
0.516418 0.092224
0.625488 1.622314 -0.650879
0.809193 0.001232 0.587541
0 0 0 0
0.485046 0.092224
0.626221 1.622314 -0.655762
0.000978 -1 -0.000001
0 0 0 0
0.485779 0.092224
0.625488 1.622314 -0.6604
0.000978 -1 0.000001
0 0 0 0
0.485962 0.092224
0.717041 1.622314 -0.6604
0.000978 -1 0.000001
0 0 0 0
0.485962 0.092224
0.717041 1.622314 -0.650879
0.000978 -1 -0.000001
0 0 0 0
0.485046 0.092224
0.625488 1.622314 -0.650879
0.000978 -1 -0.000001
0 0 0 0
0.485046 0.092224
0.717041 1.622314 -0.655762
0.000978 -1 -0.000001
0 0 0 0
0.485779 0.092224
0.625488 1.63916 -0.650879
0.001382 0.001382 0.999998
0 0 0 0
0.001526 0.001526
0.625488 1.622314 -0.650879
0.001382 0.001382 0.999998
0 0 0 0
0.001526 0.029724
0.717041 1.622314 -0.650879
0.001382 0.001382 0.999998
0 0 0 0
0.171082 0.029724
0.717041 1.63916 -0.650879
0.001382 0.001382 0.999998
0 0 0 0
0.171082 0.001526
0.626221 1.63916 -0.655762
0.000978 1 -0.000001
0 0 0 0
0.515747 0.092224
0.625488 1.63916 -0.650879
0.000978 1 -0.000001
0 0 0 0
0.516418 0.092224
0.717041 1.63916 -0.650879
0.000978 1 -0.000001
0 0 0 0
0.516418 0.092224
0.717041 1.63916 -0.6604
0.000978 1 -0.000001
0 0 0 0
0.515503 0.092224
0.625488 1.63916 -0.6604
0.000978 1 -0.000001
0 0 0 0
0.515503 0.092224
0.717041 1.63916 -0.655762
0.000978 1 -0.000001
0 0 0 0
0.515747 0.092224
0.717041 1.622314 -0.650879
1 0.000978 -0.000001
0 0 0 0
0.485046 0.092224
0.717041 1.63916 -0.655762
1 0.000978 -0.000001
0 0 0 0
0.515747 0.092224
0.717041 1.63916 -0.650879
1 0.000978 -0.000001
0 0 0 0
0.516418 0.092224
0.717041 1.622314 -0.655762
1 0.000978 -0.000001
0 0 0 0
0.485779 0.092224
0.717041 1.63916 -0.6604
1 0.000978 -0.000001
0 0 0 0
0.515503 0.092224
0.717041 1.622314 -0.6604
1 0.000978 -0.000001
0 0 0 0
0.485962 0.092224
0.626221 1.63916 -0.655762
0.000978 1 -0.000001
0 0 0 0
0.515747 0.092224
0.717041 1.63916 -0.650879
0.000978 1 -0.000001
0 0 0 0
0.516418 0.092224
0.717041 1.63916 -0.655762
0.000978 1 -0.000001
0 0 0 0
0.515747 0.092224
0.626221 1.622314 -0.655762
0.000978 -1 -0.000001
0 0 0 0
0.485779 0.092224
0.717041 1.622314 -0.6604
0.000978 -1 0.000001
0 0 0 0
0.485962 0.092224
0.717041 1.622314 -0.655762
0.000978 -1 -0.000001
0 0 0 0
0.485779 0.092224
0.625488 1.622314 -0.6604
-0.001382 0.001382 -0.999998
0 0 0 0
0.485962 0.092224
0.625488 1.63916 -0.6604
-0.001382 0.001382 -0.999998
0 0 0 0
0.515503 0.092224
0.717041 1.63916 -0.6604
-0.001382 0.001382 -0.999998
0 0 0 0
0.515503 0.092224
0.625488 1.622314 -0.6604
-0.001382 0.001382 -0.999998
0 0 0 0
0.485962 0.092224
0.717041 1.63916 -0.6604
-0.001382 0.001382 -0.999998
0 0 0 0
0.515503 0.092224
0.717041 1.622314 -0.6604
-0.001382 0.001382 -0.999998
0 0 0 0
0.485962 0.092224
0.679932 1.63916 -0.655762
0.001382 0.001382 0.999998
0 0 0 0
1 0.095276
0.037109 1.63916 -0.655762
0.001382 0.001382 0.999998
0 0 0 0
0.001526 0.095276
0.037109 1.583984 -0.655762
0.001382 0.001382 0.999998
0 0 0 0
0.001526 0.217224
0.679932 1.583984 -0.655762
0.001382 0.001382 0.999998
0 0 0 0
1 0.217224
0.679932 1.583984 -0.655762
0.000978 -1 -0.000001
0 0 0 0
1 0.005432
0.037109 1.583984 -0.655762
0.000978 -1 -0.000001
0 0 0 0
0.001526 0.005432
0.037109 1.583984 -0.67749
0.000978 -1 -0.000001
0 0 0 0
0.001526 0.025818
0.679932 1.583984 -0.67749
0.000978 -1 -0.000001
0 0 0 0
1 0.025818
0.096191 0.832031 -0.622559
0.58788 0.808947 0.001337
0 0 0 0
0.516418 0.032776
0.101807 0.824219 -0.622559
0.950811 0.309771 -0.000658
0 0 0 0
0.515503 0.032776
0.101807 0.824219 -0.67749
0.950811 0.309771 -0.000658
0 0 0 0
0.485962 0.032776
0.096191 0.832031 -0.67749
0.58788 0.808947 0.001337
0 0 0 0
0.485046 0.032776
0.087158 0.834961 -0.622559
0.000978 1 -0.000001
0 0 0 0
0.518311 0.043762
0.087158 0.834961 -0.67749
0.000978 1 -0.000001
0 0 0 0
0.483154 0.043762
0.078125 0.832031 -0.622559
-0.58788 0.808947 0.001337
0 0 0 0
0.518372 0.049988
0.078125 0.832031 -0.67749
-0.58788 0.808947 0.001337
0 0 0 0
0.483154 0.049988
0.07251 0.824219 -0.622559
-0.950811 0.309771 -0.000658
0 0 0 0
0.518433 0.056274
0.07251 0.824219 -0.67749
-0.950811 0.309771 -0.000658
0 0 0 0
0.483093 0.056274
0.07251 0.814697 -0.622559
-0.950811 -0.309771 -0.000658
0 0 0 0
0.518433 0.0625
0.07251 0.814697 -0.67749
-0.950811 -0.309771 -0.000658
0 0 0 0
0.483093 0.0625
0.078125 0.807129 -0.622559
-0.58788 -0.808947 0.001337
0 0 0 0
0.518433 0.068726
0.078125 0.807129 -0.67749
-0.58788 -0.808947 0.001337
0 0 0 0
0.483093 0.068726
0.087158 0.804199 -0.622559
0.000978 -1 -0.000001
0 0 0 0
0.518372 0.075012
0.087158 0.804199 -0.67749
0.000978 -1 -0.000001
0 0 0 0
0.483093 0.075012
0.096191 0.807129 -0.622559
0.58788 -0.808947 0.001337
0 0 0 0
0.518311 0.081238
0.096191 0.807129 -0.67749
0.58788 -0.808947 0.001337
0 0 0 0
0.483154 0.081238
0.101807 0.814697 -0.622559
0.950811 -0.309771 -0.000658
0 0 0 0
0.516418 0.092224
0.101807 0.814697 -0.67749
0.950811 -0.309771 -0.000658
0 0 0 0
0.485046 0.092224
0.101807 0.824219 -0.622559
0.950811 0.309771 -0.000658
0 0 0 0
0.515503 0.092224
0.101807 0.814697 -0.622559
0.950811 -0.309771 -0.000658
0 0 0 0
0.516418 0.092224
0.101807 0.814697 -0.67749
0.950811 -0.309771 -0.000658
0 0 0 0
0.485046 0.092224
0.101807 0.824219 -0.67749
0.950811 0.309771 -0.000658
0 0 0 0
0.485962 0.092224
0 1.63916 -0.655762
0.001382 0.001382 0.999998
0 0 0 0
0.980408 0.000488
0 0.021729 -0.655762
0.001382 0.001382 0.999998
0 0 0 0
0.027771 0.000488
0.037109 0.021729 -0.655762
0.001382 0.001382 0.999998
0 0 0 0
0.049316 0.030518
0.037109 1.63916 -0.655762
0.001382 0.001382 0.999998
0 0 0 0
0.958801 0.030518
0.037109 1.63916 -0.655762
1 0.000978 -0.000001
0 0 0 0
0.092468 0.030518
0.037109 0.021729 -0.655762
1 0.000978 -0.000001
0 0 0 0
0.971497 0.030518
0.037109 0.021729 -0.67749
1 0.000978 -0.000001
0 0 0 0
0.971497 0.000488
0.037109 1.63916 -0.67749
1 0.000978 -0.000001
0 0 0 0
0.092529 0.000488
-0.717041 1.63916 -0.655762
0.001382 0.001382 -0.999998
0 0 0 0
0.618408 0.29895
-0.717041 0 -0.655762
0.001382 0.001382 -0.999998
0 0 0 0
0.927979 0.29895
-0.745361 0 -0.655762
0.001382 0.001382 -0.999998
0 0 0 0
0.927979 0.29364
-0.745361 1.63916 -0.655762
0.001382 0.001382 -0.999998
0 0 0 0
0.618408 0.29364
0.749512 0.234619 -0.655762
0.001382 0.001382 -0.999998
0 0 0 0
0.883667 0.31189
0.749512 0 -0.655762
0.001382 0.001382 -0.999998
0 0 0 0
0.927979 0.31189
0.717041 0 -0.655762
0.001382 0.001382 -0.999998
0 0 0 0
0.927979 0.305786
0.717041 0.234619 -0.655762
0.001382 0.001382 -0.999998
0 0 0 0
0.883667 0.305786
0.749512 1.63916 -0.655762
0.001382 0.001382 -0.999998
0 0 0 0
0.618408 0.31189
0.717041 1.63916 -0.655762
0.001382 0.001382 -0.999998
0 0 0 0
0.618408 0.305786
-1.075439 1.63916 -0.655762
0.001382 0.001382 -0.999998
0 0 0 0
0.237122 0.572571
-2 1.63916 -0.655762
0.001382 0.001382 -0.999998
0 0 0 0
0.114746 0.572571
-2 2.13916 -0.655762
0.001382 0.001382 -0.999998
0 0 0 0
0.114746 0.638733
-1.075439 2.13916 -0.655762
0.001382 0.001382 -0.999998
0 0 0 0
0.237122 0.638733
-1 2.13916 -0.655762
0.001382 0.001382 -0.999998
0 0 0 0
0.24707 0.638733
-1 1.63916 -0.655762
0.001382 0.001382 -0.999998
0 0 0 0
0.24707 0.572571
0 1.63916 -0.655762
0.001382 0.001382 -0.999998
0 0 0 0
0.379456 0.572571
0 2.13916 -0.655762
0.001382 0.001382 -0.999998
0 0 0 0
0.379456 0.638733
1 1.63916 -0.655762
0.001382 0.001382 -0.999998
0 0 0 0
0.51178 0.572571
1 2.13916 -0.655762
0.001382 0.001382 -0.999998
0 0 0 0
0.51178 0.638733
1.075439 2.13916 -0.655762
0.001382 0.001382 -0.999998
0 0 0 0
0.52179 0.638733
1.075439 1.63916 -0.655762
0.001382 0.001382 -0.999998
0 0 0 0
0.52179 0.572571
2 1.63916 -0.655762
0.001382 0.001382 -0.999998
0 0 0 0
0.644165 0.572571
2 2.13916 -0.655762
0.001382 0.001382 -0.999998
0 0 0 0
0.644165 0.638733
1 2.13916 -0.655762
0.001382 0.001382 -0.999998
0 0 0 0
0.494263 0.368469
1 4 -0.655762
0.001382 0.001382 -0.999998
0 0 0 0
0.247925 0.368469
1.075439 4 -0.655762
0.001382 0.001382 -0.999998
0 0 0 0
0.247925 0.378418
1.075439 2.13916 -0.655762
0.001382 0.001382 -0.999998
0 0 0 0
0.494263 0.378418
-1 4 -0.655762
0.001382 0.001382 -0.999998
0 0 0 0
0.256287 0.267517
-1 2.13916 -0.655762
0.001382 0.001382 -0.999998
0 0 0 0
0.502563 0.267517
-1.075439 2.13916 -0.655762
0.001382 0.001382 -0.999998
0 0 0 0
0.502563 0.257568
-1.075439 4 -0.655762
0.001382 0.001382 -0.999998
0 0 0 0
0.256287 0.257568
-1 1.63916 -0.655762
0.001382 0.001382 -0.999998
0 0 0 0
0.260986 0.267517
-1.075439 0.234619 -0.655762
0.001382 0.001382 -0.999998
0 0 0 0
0.446899 0.257568
-1.075439 1.63916 -0.655762
0.001382 0.001382 -0.999998
0 0 0 0
0.260986 0.257568
-1 0.234619 -0.655762
0.001382 0.001382 -0.999998
0 0 0 0
0.446899 0.267517
-1 0 -0.655762
0.001382 0.001382 -0.999998
0 0 0 0
0.477905 0.267517
-1.075439 0 -0.655762
0.001382 0.001382 -0.999998
0 0 0 0
0.477905 0.257568
-1.075439 1.63916 -0.655762
-1 0.000978 -0.000001
0 0 0 0
0.049744 0.030518
-1.075439 0.234619 -0.655762
-1 0.000978 -0.000001
0 0 0 0
0.719727 0.030518
-1.075439 0 -0.655762
-1 0.000978 -0.000001
0 0 0 0
0.965576 0.030518
1 1.63916 -0.655762
-1 0.000978 -0.000001
0 0 0 0
0.049744 0.030518
1 0.234619 -0.655762
-1 0.000978 -0.000001
0 0 0 0
0.719543 0.030518
1 0 -0.655762
-1 0.000978 -0.000001
0 0 0 0
0.965271 0.030518
1 0.234619 -0.655762
0.001382 0.001382 -0.999998
0 0 0 0
0.438538 0.368469
1 1.63916 -0.655762
0.001382 0.001382 -0.999998
0 0 0 0
0.252625 0.368469
1.075439 1.63916 -0.655762
0.001382 0.001382 -0.999998
0 0 0 0
0.252625 0.378418
1.075439 0.234619 -0.655762
0.001382 0.001382 -0.999998
0 0 0 0
0.438538 0.378418
1 0 -0.655762
0.001382 0.001382 -0.999998
0 0 0 0
0.469604 0.368469
1.075439 0 -0.655762
0.001382 0.001382 -0.999998
0 0 0 0
0.469604 0.378418
-2 0.263672 -0.662109
0.001382 0.001382 0.999998
0 0 0 0
0.262817 0.582336
-0.744141 0 -0.662109
0.001382 0.001382 0.999998
0 0 0 0
0.499939 0.632141
-0.744141 0.263672 -0.662109
0.001382 0.001382 0.999998
0 0 0 0
0.499939 0.582336
-2 0 -0.662109
0.001382 0.001382 0.999998
0 0 0 0
0.262817 0.632141
-2 0.263672 -0.662109
0.000978 1 -0.000001
0 0 0 0
0.855591 0.373535
-0.744141 0.263672 -0.662109
0.000978 1 -0.000001
0 0 0 0
0.618408 0.373535
-0.744141 0.263672 -0.688721
0.000978 1 -0.000001
0 0 0 0
0.618408 0.37854
-2 0.263672 -0.688721
0.000978 1 -0.000001
0 0 0 0
0.855591 0.37854
-0.744141 0.263672 -0.662109
1 0.000978 0.000001
0 0 0 0
0.536499 0.288635
-0.744141 0 -0.662109
1 0.000978 0.000001
0 0 0 0
0.586304 0.288635
-0.744141 0 -0.688721
1 0.000978 0.000001
0 0 0 0
0.586304 0.283569
-0.744141 0.263672 -0.688721
1 0.000978 0.000001
0 0 0 0
0.536499 0.283569
-2 0.263672 -0.688721
0.001382 0.001382 -0.999998
0 0 0 0
0.500732 0.581177
-0.744141 0.263672 -0.688721
0.001382 0.001382 -0.999998
0 0 0 0
0.263611 0.581177
-0.744141 0 -0.688721
0.001382 0.001382 -0.999998
0 0 0 0
0.263611 0.630981
-2 0 -0.688721
0.001382 0.001382 -0.999998
0 0 0 0
0.500732 0.630981
-0.744141 0 -0.688721
0.000978 -1 -0.000001
0 0 0 0
0.618408 0.385681
-0.744141 0 -0.662109
0.000978 -1 -0.000001
0 0 0 0
0.618408 0.390686
-2 0 -0.662109
0.000978 -1 -0.000001
0 0 0 0
0.855591 0.390686
-2 0 -0.688721
0.000978 -1 -0.000001
0 0 0 0
0.855591 0.385681
-2 0 -0.662109
-1 0.000978 -0.000001
0 0 0 0
0.586304 0.294067
-2 0.263672 -0.662109
-1 0.000978 -0.000001
0 0 0 0
0.536499 0.294067
-2 0.263672 -0.688721
-1 0.000978 -0.000001
0 0 0 0
0.536499 0.299133
-2 0 -0.688721
-1 0.000978 -0.000001
0 0 0 0
0.586304 0.299133
-2 0.263672 -0.631348
0.001382 0.001382 0.999998
0 0 0 0
0.419739 0.029724
-2 0.21167 -0.631348
0.001382 0.001382 0.999998
0 0 0 0
0.4198 0.001526
-0.744141 0.21167 -0.631348
0.001382 0.001382 0.999998
0 0 0 0
0.02063 0.001526
-0.744141 0.263672 -0.631348
0.001382 0.001382 0.999998
0 0 0 0
0.02063 0.029724
-2 0.263672 -0.662109
0.000978 1 -0.000001
0 0 0 0
0.427429 0.02063
-2 0.263672 -0.631348
0.000978 1 -0.000001
0 0 0 0
0.427429 0.001526
-0.744141 0.263672 -0.631348
0.000978 1 -0.000001
0 0 0 0
0.034119 0.001526
-0.744141 0.263672 -0.662109
0.000978 1 -0.000001
0 0 0 0
0.034119 0.02063
-2 0.21167 -0.631348
0.000978 -1 -0.000001
0 0 0 0
0.427185 0.001526
-2 0.21167 -0.662109
0.000978 -1 -0.000001
0 0 0 0
0.427185 0.02063
-0.744141 0.21167 -0.662109
0.000978 -1 -0.000001
0 0 0 0
0.034119 0.02063
-0.744141 0.21167 -0.631348
0.000978 -1 -0.000001
0 0 0 0
0.034119 0.001526
-2 0.263672 -0.662109
0.001382 0.001382 -0.999998
0 0 0 0
0 1
-0.744141 0.263672 -0.662109
0.001382 0.001382 -0.999998
0 0 0 0
1 1
-0.744141 0.21167 -0.662109
0.001382 0.001382 -0.999998
0 0 0 0
1 0
-2 0.21167 -0.662109
0.001382 0.001382 -0.999998
0 0 0 0
0 0
0.717041 0.021729 -0.710693
0.000978 1 -0.000001
0 0 0 0
0.518433 0.001526
-0.717041 0.021729 -0.710693
0.000978 1 -0.000001
0 0 0 0
0.001526 0.001526
-0.717041 0.021729 -0.593506
0.000978 1 -0.000001
0 0 0 0
0.001526 0.029724
0.717041 0.021729 -0.593506
0.000978 1 -0.000001
0 0 0 0
0.518433 0.029724
0.717041 0 -0.710693
1 0.000978 -0.000001
0 0 0 0
0.001526 0.001526
0.717041 0.021729 -0.710693
1 0.000978 -0.000001
0 0 0 0
0.001526 0.029724
0.717041 0.021729 -0.593506
1 0.000978 -0.000001
0 0 0 0
0.125549 0.029724
0.717041 0 -0.571533
1 0.000978 -0.000001
0 0 0 0
0.125549 0.001526
0.717041 0.021729 -0.593506
0.001277 0.708541 0.705669
0 0 0 0
1.053284 0.001526
-0.717041 0.021729 -0.593506
0.001277 0.708541 0.705669
0 0 0 0
-0.998474 0.001526
-0.717041 0 -0.571533
0.001277 0.708541 0.705669
0 0 0 0
-0.998474 0.029724
0.717041 0 -0.571533
0.001277 0.708541 0.705669
0 0 0 0
1.053284 0.029724
-0.717041 0.021729 -0.593506
-1 0.000978 -0.000001
0 0 0 0
0.125549 0.001526
-0.717041 0.021729 -0.710693
-1 0.000978 -0.000001
0 0 0 0
0.001526 0.001526
-0.717041 0 -0.710693
-1 0.000978 -0.000001
0 0 0 0
0.001526 0.029724
-0.717041 0 -0.571533
-1 0.000978 -0.000001
0 0 0 0
0.125549 0.029724
0 3.990967 -0.624023
0.000978 -1 -0.000001
0 0 0 0
0 0.219604
-2 3.990967 -0.624023
0.000978 -1 -0.000001
0 0 0 0
1 0.219604
-2 3.990967 -0.687256
0.000978 -1 -0.000001
0 0 0 0
1 0.465942
0 3.990967 -0.687256
0.000978 -1 -0.000001
0 0 0 0
0 0.465942
2 3.990967 -0.624023
0.000978 -1 -0.000001
0 0 0 0
1 0.219604
0 3.990967 -0.624023
0.000978 -1 -0.000001
0 0 0 0
0 0.219604
0 3.990967 -0.687256
0.000978 -1 -0.000001
0 0 0 0
0 0.465942
2 3.990967 -0.687256
0.000978 -1 -0.000001
0 0 0 0
1 0.465942
0 3.990967 -0.687256
0.001382 0.001382 -0.999998
0 0 0 0
0 1
-2 3.990967 -0.687256
0.001382 0.001382 -0.999998
0 0 0 0
1 1
-2 4.00415 -0.687256
0.001382 0.001382 -0.999998
0 0 0 0
1 0
0 4.00415 -0.687256
0.001382 0.001382 -0.999998
0 0 0 0
0 0
2 3.990967 -0.687256
0.001382 0.001382 -0.999998
0 0 0 0
0 1
0 3.990967 -0.687256
0.001382 0.001382 -0.999998
0 0 0 0
1 1
0 4.00415 -0.687256
0.001382 0.001382 -0.999998
0 0 0 0
1 0
2 4.00415 -0.687256
0.001382 0.001382 -0.999998
0 0 0 0
0 0
-0.096191 0.832031 -0.622559
-0.58788 0.808947 0.001337
0 0 0 0
0.516418 0.032776
-0.101807 0.824219 -0.67749
-0.950811 0.309771 -0.000658
0 0 0 0
0.485962 0.032776
-0.101807 0.824219 -0.622559
-0.950811 0.309771 -0.000658
0 0 0 0
0.515503 0.032776
-0.096191 0.832031 -0.67749
-0.58788 0.808947 0.001337
0 0 0 0
0.485046 0.032776
-0.087158 0.834961 -0.622559
0.000978 1 -0.000001
0 0 0 0
0.518311 0.043762
-0.087158 0.834961 -0.67749
0.000978 1 -0.000001
0 0 0 0
0.483154 0.043762
-0.078125 0.832031 -0.622559
0.58788 0.808947 0.001337
0 0 0 0
0.518372 0.049988
-0.078125 0.832031 -0.67749
0.58788 0.808947 0.001337
0 0 0 0
0.483154 0.049988
-0.07251 0.824219 -0.622559
0.950811 0.309771 -0.000658
0 0 0 0
0.518433 0.056274
-0.07251 0.824219 -0.67749
0.950811 0.309771 -0.000658
0 0 0 0
0.483093 0.056274
-0.07251 0.814697 -0.622559
0.950811 -0.309771 -0.000658
0 0 0 0
0.518433 0.0625
-0.07251 0.814697 -0.67749
0.950811 -0.309771 -0.000658
0 0 0 0
0.483093 0.0625
-0.078125 0.807129 -0.622559
0.58788 -0.808947 0.001337
0 0 0 0
0.518433 0.068726
-0.078125 0.807129 -0.67749
0.58788 -0.808947 0.001337
0 0 0 0
0.483093 0.068726
-0.087158 0.804199 -0.622559
0.000978 -1 -0.000001
0 0 0 0
0.518372 0.075012
-0.087158 0.804199 -0.67749
0.000978 -1 -0.000001
0 0 0 0
0.483093 0.075012
-0.096191 0.807129 -0.622559
-0.58788 -0.808947 0.001337
0 0 0 0
0.518311 0.081238
-0.096191 0.807129 -0.67749
-0.58788 -0.808947 0.001337
0 0 0 0
0.483154 0.081238
-0.101807 0.814697 -0.622559
-0.950811 -0.309771 -0.000658
0 0 0 0
0.516418 0.092224
-0.101807 0.814697 -0.67749
-0.950811 -0.309771 -0.000658
0 0 0 0
0.485046 0.092224
-0.101807 0.824219 -0.622559
-0.950811 0.309771 -0.000658
0 0 0 0
0.515503 0.092224
-0.101807 0.824219 -0.67749
-0.950811 0.309771 -0.000658
0 0 0 0
0.485962 0.092224
-0.101807 0.814697 -0.67749
-0.950811 -0.309771 -0.000658
0 0 0 0
0.485046 0.092224
-0.101807 0.814697 -0.622559
-0.950811 -0.309771 -0.000658
0 0 0 0
0.516418 0.092224
-0.679932 1.63916 -0.655762
0.001382 0.001382 0.999998
0 0 0 0
1 0.095276
-0.679932 1.583984 -0.655762
0.001382 0.001382 0.999998
0 0 0 0
1 0.217224
-0.037109 1.583984 -0.655762
0.001382 0.001382 0.999998
0 0 0 0
0.001526 0.217224
-0.037109 1.63916 -0.655762
0.001382 0.001382 0.999998
0 0 0 0
0.001526 0.095276
-0.679932 1.583984 -0.655762
0.000978 -1 -0.000001
0 0 0 0
1 0.005432
-0.679932 1.583984 -0.67749
0.000978 -1 -0.000001
0 0 0 0
1 0.025818
-0.037109 1.583984 -0.67749
0.000978 -1 -0.000001
0 0 0 0
0.001526 0.025818
-0.037109 1.583984 -0.655762
0.000978 -1 -0.000001
0 0 0 0
0.001526 0.005432
-0.620117 1.63916 -0.667725
-0.587706 0.001315 -0.809074
0 0 0 0
0.516418 0.032776
-0.625488 1.622314 -0.6604
-0.809193 0.001232 -0.587541
0 0 0 0
0.485962 0.032776
-0.625488 1.63916 -0.6604
-0.809193 0.001232 -0.587541
0 0 0 0
0.515503 0.032776
-0.620117 1.622314 -0.667725
-0.587706 0.001315 -0.809074
0 0 0 0
0.485046 0.032776
-0.611084 1.63916 -0.670654
0.001382 0.001382 -0.999998
0 0 0 0
0.518311 0.043762
-0.611084 1.622314 -0.670654
0.001382 0.001382 -0.999998
0 0 0 0
0.483154 0.043762
-0.602295 1.63916 -0.667725
0.587706 0.001315 -0.809074
0 0 0 0
0.518372 0.049988
-0.602295 1.622314 -0.667725
0.587706 0.001315 -0.809074
0 0 0 0
0.483154 0.049988
-0.596924 1.63916 -0.6604
0.951387 0.001118 -0.307996
0 0 0 0
0.518433 0.056274
-0.596924 1.622314 -0.6604
0.951387 0.001118 -0.307996
0 0 0 0
0.483093 0.056274
-0.596924 1.63916 -0.650879
0.951387 0.001118 0.307996
0 0 0 0
0.518433 0.0625
-0.596924 1.622314 -0.650879
0.951387 0.001118 0.307996
0 0 0 0
0.483093 0.0625
-0.602295 1.63916 -0.643555
0.587706 0.001315 0.809074
0 0 0 0
0.518433 0.068726
-0.602295 1.622314 -0.643555
0.587706 0.001315 0.809074
0 0 0 0
0.483093 0.068726
-0.611084 1.63916 -0.640625
0.001382 0.001382 0.999998
0 0 0 0
0.518372 0.075012
-0.611084 1.622314 -0.640625
0.001382 0.001382 0.999998
0 0 0 0
0.483093 0.075012
-0.620117 1.63916 -0.643555
-0.587706 0.001315 0.809074
0 0 0 0
0.518311 0.081238
-0.620117 1.622314 -0.643555
-0.587706 0.001315 0.809074
0 0 0 0
0.483154 0.081238
-0.625488 1.63916 -0.650879
-0.809193 0.001232 0.587541
0 0 0 0
0.516418 0.092224
-0.625488 1.622314 -0.650879
-0.809193 0.001232 0.587541
0 0 0 0
0.485046 0.092224
-0.717041 1.622314 -0.650879
-1 0.000978 -0.000001
0 0 0 0
0.485046 0.092224
-0.717041 1.63916 -0.650879
-1 0.000978 -0.000001
0 0 0 0
0.516418 0.092224
-0.717041 1.63916 -0.655762
-1 0.000978 -0.000001
0 0 0 0
0.515747 0.092224
-0.717041 1.622314 -0.655762
-1 0.000978 -0.000001
0 0 0 0
0.485779 0.092224
-0.717041 1.63916 -0.6604
-1 0.000978 -0.000001
0 0 0 0
0.515503 0.092224
-0.717041 1.622314 -0.6604
-1 0.000978 -0.000001
0 0 0 0
0.485962 0.092224
-0.626221 1.63916 -0.655762
0.000978 1 0.000001
0 0 0 0
0.515747 0.092224
-0.625488 1.63916 -0.6604
0.000978 1 -0.000001
0 0 0 0
0.515503 0.092224
-0.717041 1.63916 -0.6604
0.000978 1 -0.000001
0 0 0 0
0.515503 0.092224
-0.717041 1.63916 -0.655762
0.000978 1 0.000001
0 0 0 0
0.515747 0.092224
-0.717041 1.63916 -0.650879
0.000978 1 0.000001
0 0 0 0
0.516418 0.092224
-0.625488 1.63916 -0.650879
0.000978 1 0.000001
0 0 0 0
0.516418 0.092224
-0.625488 1.63916 -0.650879
-0.001382 0.001382 0.999998
0 0 0 0
0.001526 0.001526
-0.717041 1.63916 -0.650879
-0.001382 0.001382 0.999998
0 0 0 0
0.171082 0.001526
-0.717041 1.622314 -0.650879
-0.001382 0.001382 0.999998
0 0 0 0
0.171082 0.029724
-0.625488 1.622314 -0.650879
-0.001382 0.001382 0.999998
0 0 0 0
0.001526 0.029724
-0.626221 1.622314 -0.655762
0.000978 -1 -0.000001
0 0 0 0
0.485779 0.092224
-0.625488 1.622314 -0.650879
0.000978 -1 -0.000001
0 0 0 0
0.485046 0.092224
-0.717041 1.622314 -0.650879
0.000978 -1 -0.000001
0 0 0 0
0.485046 0.092224
-0.717041 1.622314 -0.655762
0.000978 -1 -0.000001
0 0 0 0
0.485779 0.092224
-0.717041 1.622314 -0.6604
0.000978 -1 0.000001
0 0 0 0
0.485962 0.092224
-0.626221 1.622314 -0.655762
0.000978 -1 -0.000001
0 0 0 0
0.485779 0.092224
-0.625488 1.622314 -0.6604
0.000978 -1 0.000001
0 0 0 0
0.485962 0.092224
-0.626221 1.622314 -0.655762
0.000978 -1 -0.000001
0 0 0 0
0.485779 0.092224
-0.717041 1.622314 -0.650879
0.000978 -1 -0.000001
0 0 0 0
0.485046 0.092224
-0.717041 1.622314 -0.655762
0.000978 -1 -0.000001
0 0 0 0
0.485779 0.092224
-0.625488 1.622314 -0.6604
0.001382 0.001382 -0.999998
0 0 0 0
0.485962 0.092224
-0.717041 1.622314 -0.6604
0.001382 0.001382 -0.999998
0 0 0 0
0.485962 0.092224
-0.717041 1.63916 -0.6604
0.001382 0.001382 -0.999998
0 0 0 0
0.515503 0.092224
-0.625488 1.63916 -0.6604
0.001382 0.001382 -0.999998
0 0 0 0
0.515503 0.092224
-0.626221 1.63916 -0.655762
0.000978 1 0.000001
0 0 0 0
0.515747 0.092224
-0.717041 1.63916 -0.6604
0.000978 1 -0.000001
0 0 0 0
0.515503 0.092224
-0.717041 1.63916 -0.655762
0.000978 1 0.000001
0 0 0 0
0.515747 0.092224
-0.62915 1.622314 -0.661377
-0.951387 0.001118 -0.307996
0 0 0 0
0.515503 0.032776
-0.622314 1.622314 -0.670898
-0.587706 0.001315 -0.809074
0 0 0 0
0.516418 0.032776
-0.622314 1.612793 -0.670898
-0.587706 0.001315 -0.809074
0 0 0 0
0.485046 0.032776
-0.611084 1.612793 -0.674561
0.001382 0.001382 -0.999998
0 0 0 0
0.483154 0.043762
-0.611084 1.622314 -0.674561
0.001382 0.001382 -0.999998
0 0 0 0
0.518311 0.043762
-0.600098 1.612793 -0.670898
0.587706 0.001315 -0.809074
0 0 0 0
0.483154 0.049988
-0.600098 1.622314 -0.670898
0.587706 0.001315 -0.809074
0 0 0 0
0.518372 0.049988
-0.593262 1.612793 -0.661377
0.951387 0.001118 -0.307996
0 0 0 0
0.483093 0.056274
-0.593262 1.622314 -0.661377
0.951387 0.001118 -0.307996
0 0 0 0
0.518433 0.056274
-0.593262 1.612793 -0.649902
0.951387 0.001118 0.307996
0 0 0 0
0.483093 0.0625
-0.593262 1.622314 -0.649902
0.951387 0.001118 0.307996
0 0 0 0
0.518433 0.0625
-0.600098 1.612793 -0.640381
0.587706 0.001315 0.809074
0 0 0 0
0.483093 0.068726
-0.600098 1.622314 -0.640381
0.587706 0.001315 0.809074
0 0 0 0
0.518433 0.068726
-0.611084 1.612793 -0.636719
0.001382 0.001382 0.999998
0 0 0 0
0.483093 0.075012
-0.611084 1.622314 -0.636719
0.001382 0.001382 0.999998
0 0 0 0
0.518372 0.075012
-0.622314 1.612793 -0.640381
-0.587706 0.001315 0.809074
0 0 0 0
0.483154 0.081238
-0.622314 1.622314 -0.640381
-0.587706 0.001315 0.809074
0 0 0 0
0.518311 0.081238
-0.62915 1.612793 -0.649902
-0.951387 0.001118 0.307996
0 0 0 0
0.485046 0.092224
-0.62915 1.622314 -0.649902
-0.951387 0.001118 0.307996
0 0 0 0
0.516418 0.092224
-0.611084 1.622314 -0.655762
0.000978 1 -0.000001
0 0 0 0
0.5 0
-0.622314 1.622314 -0.670898
0.000978 1 -0.000001
0 0 0 0
1 1
-0.62915 1.622314 -0.661377
0.000978 1 -0.000001
0 0 0 0
0 1
-0.611084 1.622314 -0.674561
0.000978 1 -0.000001
0 0 0 0
1 1
-0.622314 1.622314 -0.670898
0.000978 1 -0.000001
0 0 0 0
0 1
-0.600098 1.622314 -0.670898
0.000978 1 -0.000001
0 0 0 0
1 1
-0.611084 1.622314 -0.674561
0.000978 1 -0.000001
0 0 0 0
0 1
-0.593262 1.622314 -0.661377
0.000978 1 -0.000001
0 0 0 0
1 1
-0.600098 1.622314 -0.670898
0.000978 1 -0.000001
0 0 0 0
0 1
-0.622314 1.622314 -0.640381
0.000978 1 -0.000001
0 0 0 0
1 1
-0.611084 1.622314 -0.636719
0.000978 1 -0.000001
0 0 0 0
0 1
-0.62915 1.622314 -0.649902
0.000978 1 -0.000001
0 0 0 0
1 1
-0.622314 1.622314 -0.640381
0.000978 1 -0.000001
0 0 0 0
0 1
-0.62915 1.622314 -0.661377
0.000978 1 -0.000001
0 0 0 0
1 1
-0.62915 1.622314 -0.649902
0.000978 1 -0.000001
0 0 0 0
0 1
-0.611084 1.622314 -0.655762
0.000978 1 -0.000001
0 0 0 0
0.5 0
-0.593262 1.622314 -0.649902
0.000978 1 -0.000001
0 0 0 0
1 1
-0.593262 1.622314 -0.661377
0.000978 1 -0.000001
0 0 0 0
0 1
-0.600098 1.622314 -0.640381
0.000978 1 -0.000001
0 0 0 0
1 1
-0.593262 1.622314 -0.649902
0.000978 1 -0.000001
0 0 0 0
0 1
-0.611084 1.622314 -0.636719
0.000978 1 -0.000001
0 0 0 0
1 1
-0.600098 1.622314 -0.640381
0.000978 1 -0.000001
0 0 0 0
0 1
-0.62915 1.622314 -0.661377
-0.951387 0.001118 -0.307996
0 0 0 0
0.515503 0.032776
-0.622314 1.612793 -0.670898
-0.587706 0.001315 -0.809074
0 0 0 0
0.485046 0.032776
-0.62915 1.612793 -0.661377
-0.951387 0.001118 -0.307996
0 0 0 0
0.485962 0.032776
-0.62915 1.622314 -0.649902
-0.951387 0.001118 0.307996
0 0 0 0
0.516418 0.092224
-0.62915 1.622314 -0.661377
-0.951387 0.001118 -0.307996
0 0 0 0
0.515503 0.092224
-0.62915 1.612793 -0.661377
-0.951387 0.001118 -0.307996
0 0 0 0
0.485962 0.092224
-0.62915 1.612793 -0.649902
-0.951387 0.001118 0.307996
0 0 0 0
0.485046 0.092224
-0.611084 1.612793 -0.655762
0.000978 -1 -0.000001
0 0 0 0
0.5 0
-0.62915 1.612793 -0.661377
0.000978 -1 -0.000001
0 0 0 0
1 1
-0.622314 1.612793 -0.670898
0.000978 -1 -0.000001
0 0 0 0
0 1
-0.622314 1.612793 -0.670898
0.000978 -1 -0.000001
0 0 0 0
1 1
-0.611084 1.612793 -0.674561
0.000978 -1 -0.000001
0 0 0 0
0 1
-0.611084 1.612793 -0.674561
0.000978 -1 -0.000001
0 0 0 0
1 1
-0.600098 1.612793 -0.670898
0.000978 -1 -0.000001
0 0 0 0
0 1
-0.600098 1.612793 -0.670898
0.000978 -1 -0.000001
0 0 0 0
1 1
-0.593262 1.612793 -0.661377
0.000978 -1 -0.000001
0 0 0 0
0 1
-0.611084 1.612793 -0.636719
0.000978 -1 -0.000001
0 0 0 0
1 1
-0.622314 1.612793 -0.640381
0.000978 -1 -0.000001
0 0 0 0
0 1
-0.622314 1.612793 -0.640381
0.000978 -1 -0.000001
0 0 0 0
1 1
-0.62915 1.612793 -0.649902
0.000978 -1 -0.000001
0 0 0 0
0 1
-0.62915 1.612793 -0.649902
0.000978 -1 -0.000001
0 0 0 0
1 1
-0.62915 1.612793 -0.661377
0.000978 -1 -0.000001
0 0 0 0
0 1
-0.611084 1.612793 -0.655762
0.000978 -1 -0.000001
0 0 0 0
0.5 0
-0.593262 1.612793 -0.661377
0.000978 -1 -0.000001
0 0 0 0
1 1
-0.593262 1.612793 -0.649902
0.000978 -1 0.000001
0 0 0 0
0 1
-0.593262 1.612793 -0.649902
0.000978 -1 0.000001
0 0 0 0
1 1
-0.600098 1.612793 -0.640381
0.000978 -1 0.000001
0 0 0 0
0 1
-0.600098 1.612793 -0.640381
0.000978 -1 0.000001
0 0 0 0
1 1
-0.611084 1.612793 -0.636719
0.000978 -1 -0.000001
0 0 0 0
0 1
-0.626465 0.038818 -0.666748
-0.809193 0.001232 -0.587541
0 0 0 0
0.515747 0.032776
-0.630127 0.048096 -0.655762
-1 0.000978 -0.000001
0 0 0 0
0.485779 0.092224
-0.626465 0.048096 -0.666748
-0.809193 0.001232 -0.587541
0 0 0 0
0.485779 0.032776
-0.630127 0.038818 -0.655762
-1 0.000978 -0.000001
0 0 0 0
0.515747 0.092224
-0.626465 0.048096 -0.644531
-0.809193 0.001232 0.587541
0 0 0 0
0.483887 0.092224
-0.626465 0.038818 -0.644531
-0.809193 0.001232 0.587541
0 0 0 0
0.517578 0.092224
-0.616943 0.038818 -0.673584
-0.309922 0.001365 -0.950761
0 0 0 0
0.517578 0.032776
-0.626465 0.038818 -0.666748
-0.809193 0.001232 -0.587541
0 0 0 0
0.515747 0.032776
-0.626465 0.048096 -0.666748
-0.809193 0.001232 -0.587541
0 0 0 0
0.485779 0.032776
-0.616943 0.048096 -0.673584
-0.309922 0.001365 -0.950761
0 0 0 0
0.483887 0.032776
-0.605225 0.038818 -0.673584
0.309922 0.001365 -0.950761
0 0 0 0
0.518372 0.046875
-0.605225 0.048096 -0.673584
0.309922 0.001365 -0.950761
0 0 0 0
0.483154 0.046875
-0.595947 0.038818 -0.666748
0.809193 0.001232 -0.587541
0 0 0 0
0.518372 0.053101
-0.595947 0.048096 -0.666748
0.809193 0.001232 -0.587541
0 0 0 0
0.483093 0.053101
-0.592285 0.038818 -0.655762
1 0.000978 -0.000001
0 0 0 0
0.518433 0.059387
-0.592285 0.048096 -0.655762
1 0.000978 -0.000001
0 0 0 0
0.483093 0.059387
-0.595947 0.038818 -0.644531
0.809193 0.001232 0.587541
0 0 0 0
0.518433 0.065613
-0.595947 0.048096 -0.644531
0.809193 0.001232 0.587541
0 0 0 0
0.483093 0.065613
-0.605225 0.038818 -0.637695
0.309922 0.001365 0.950761
0 0 0 0
0.518372 0.071899
-0.605225 0.048096 -0.637695
0.309922 0.001365 0.950761
0 0 0 0
0.483093 0.071899
-0.616943 0.038818 -0.637695
-0.309922 0.001365 0.950761
0 0 0 0
0.518372 0.078125
-0.616943 0.048096 -0.637695
-0.309922 0.001365 0.950761
0 0 0 0
0.483154 0.078125
-0.626465 0.038818 -0.644531
-0.809193 0.001232 0.587541
0 0 0 0
0.517578 0.092224
-0.626465 0.048096 -0.644531
-0.809193 0.001232 0.587541
0 0 0 0
0.483887 0.092224
-0.611084 0.038818 -0.655762
0.000978 -1 0.000001
0 0 0 0
0.5 0
-0.630127 0.038818 -0.655762
0.000978 -1 -0.000001
0 0 0 0
0 1
-0.626465 0.038818 -0.666748
0.000978 -1 -0.000001
0 0 0 0
1 1
-0.626465 0.038818 -0.666748
0.000978 -1 -0.000001
0 0 0 0
0 1
-0.616943 0.038818 -0.673584
0.000978 -1 -0.000001
0 0 0 0
1 1
-0.616943 0.038818 -0.673584
0.000978 -1 -0.000001
0 0 0 0
0 1
-0.605225 0.038818 -0.673584
0.000978 -1 -0.000001
0 0 0 0
1 1
-0.605225 0.038818 -0.673584
0.000978 -1 -0.000001
0 0 0 0
0 1
-0.595947 0.038818 -0.666748
0.000978 -1 -0.000001
0 0 0 0
1 1
-0.605225 0.038818 -0.637695
0.000978 -1 0.000001
0 0 0 0
0 1
-0.616943 0.038818 -0.637695
0.000978 -1 -0.000001
0 0 0 0
1 1
-0.616943 0.038818 -0.637695
0.000978 -1 -0.000001
0 0 0 0
0 1
-0.626465 0.038818 -0.644531
0.000978 -1 -0.000001
0 0 0 0
1 1
-0.626465 0.038818 -0.644531
0.000978 -1 -0.000001
0 0 0 0
0 1
-0.630127 0.038818 -0.655762
0.000978 -1 -0.000001
0 0 0 0
1 1
-0.611084 0.038818 -0.655762
0.000978 -1 0.000001
0 0 0 0
0.5 0
-0.595947 0.038818 -0.666748
0.000978 -1 -0.000001
0 0 0 0
0 1
-0.592285 0.038818 -0.655762
0.000978 -1 -0.000001
0 0 0 0
1 1
-0.592285 0.038818 -0.655762
0.000978 -1 -0.000001
0 0 0 0
0 1
-0.595947 0.038818 -0.644531
0.000978 -1 0.000001
0 0 0 0
1 1
-0.595947 0.038818 -0.644531
0.000978 -1 0.000001
0 0 0 0
0 1
-0.605225 0.038818 -0.637695
0.000978 -1 0.000001
0 0 0 0
1 1
-0.611084 0.048096 -0.655762
0.000978 1 -0.000001
0 0 0 0
0.5 0
-0.616943 0.048096 -0.673584
0.000978 1 -0.000001
0 0 0 0
0 1
-0.626465 0.048096 -0.666748
0.000978 1 -0.000001
0 0 0 0
1 1
-0.605225 0.048096 -0.673584
0.000978 1 -0.000001
0 0 0 0
0 1
-0.616943 0.048096 -0.673584
0.000978 1 -0.000001
0 0 0 0
1 1
-0.595947 0.048096 -0.666748
0.000978 1 -0.000001
0 0 0 0
0 1
-0.605225 0.048096 -0.673584
0.000978 1 -0.000001
0 0 0 0
1 1
-0.592285 0.048096 -0.655762
0.000978 1 -0.000001
0 0 0 0
0 1
-0.595947 0.048096 -0.666748
0.000978 1 -0.000001
0 0 0 0
1 1
-0.626465 0.048096 -0.644531
0.000978 1 0.000001
0 0 0 0
0 1
-0.616943 0.048096 -0.637695
0.000978 1 0.000001
0 0 0 0
1 1
-0.630127 0.048096 -0.655762
0.000978 1 -0.000001
0 0 0 0
0 1
-0.626465 0.048096 -0.644531
0.000978 1 0.000001
0 0 0 0
1 1
-0.626465 0.048096 -0.666748
0.000978 1 -0.000001
0 0 0 0
0 1
-0.630127 0.048096 -0.655762
0.000978 1 -0.000001
0 0 0 0
1 1
-0.611084 0.048096 -0.655762
0.000978 1 -0.000001
0 0 0 0
0.5 0
-0.595947 0.048096 -0.644531
0.000978 1 -0.000001
0 0 0 0
0 1
-0.592285 0.048096 -0.655762
0.000978 1 -0.000001
0 0 0 0
1 1
-0.605225 0.048096 -0.637695
0.000978 1 -0.000001
0 0 0 0
0 1
-0.595947 0.048096 -0.644531
0.000978 1 -0.000001
0 0 0 0
1 1
-0.616943 0.048096 -0.637695
0.000978 1 0.000001
0 0 0 0
0 1
-0.605225 0.048096 -0.637695
0.000978 1 -0.000001
0 0 0 0
1 1
-0.623291 0.038818 -0.646729
-0.706425 0.001277 0.707786
0 0 0 0
0.483887 0.092224
-0.625488 0.038818 -0.650879
-0.890328 0.001179 0.455318
0 0 0 0
0.485046 0.092224
-0.625488 0.021729 -0.650879
-0.890328 0.001179 0.455318
0 0 0 0
0.516418 0.092224
-0.615723 0.021729 -0.641357
-0.309922 0.001365 0.950761
0 0 0 0
0.518372 0.078125
-0.615723 0.038818 -0.641357
-0.309922 0.001365 0.950761
0 0 0 0
0.483154 0.078125
-0.623291 0.021729 -0.646729
-0.706425 0.001277 0.707786
0 0 0 0
0.517578 0.092224
-0.606445 0.021729 -0.641357
0.309922 0.001365 0.950761
0 0 0 0
0.518372 0.071899
-0.606445 0.038818 -0.641357
0.309922 0.001365 0.950761
0 0 0 0
0.483093 0.071899
-0.598877 0.021729 -0.646729
0.809193 0.001232 0.587541
0 0 0 0
0.518433 0.065613
-0.598877 0.038818 -0.646729
0.809193 0.001232 0.587541
0 0 0 0
0.483093 0.065613
-0.596191 0.021729 -0.655762
1 0.000978 -0.000001
0 0 0 0
0.518433 0.059387
-0.596191 0.038818 -0.655762
1 0.000978 -0.000001
0 0 0 0
0.483093 0.059387
-0.598877 0.021729 -0.664551
0.809193 0.001232 -0.587541
0 0 0 0
0.518372 0.053101
-0.598877 0.038818 -0.664551
0.809193 0.001232 -0.587541
0 0 0 0
0.483093 0.053101
-0.606445 0.021729 -0.669922
0.309922 0.001365 -0.950761
0 0 0 0
0.518372 0.046875
-0.606445 0.038818 -0.669922
0.309922 0.001365 -0.950761
0 0 0 0
0.483154 0.046875
-0.615723 0.021729 -0.669922
-0.309922 0.001365 -0.950761
0 0 0 0
0.517578 0.032776
-0.615723 0.038818 -0.669922
-0.309922 0.001365 -0.950761
0 0 0 0
0.483887 0.032776
-0.623291 0.021729 -0.664551
-0.706425 0.001277 -0.707786
0 0 0 0
0.515747 0.032776
-0.623291 0.038818 -0.664551
-0.706425 0.001277 -0.707786
0 0 0 0
0.485779 0.032776
-0.625488 0.038818 -0.6604
-0.890328 0.001179 -0.455318
0 0 0 0
0.485962 0.032776
-0.625488 0.021729 -0.6604
-0.890328 0.001179 -0.455318
0 0 0 0
0.515503 0.032776
-0.623291 0.038818 -0.646729
-0.706425 0.001277 0.707786
0 0 0 0
0.483887 0.092224
-0.625488 0.021729 -0.650879
-0.890328 0.001179 0.455318
0 0 0 0
0.516418 0.092224
-0.623291 0.021729 -0.646729
-0.706425 0.001277 0.707786
0 0 0 0
0.517578 0.092224
-0.626221 0.038818 -0.655762
0.000978 1 -0.000001
0 0 0 0
0.485779 0.092224
-0.625488 0.038818 -0.6604
0.000978 1 -0.000001
0 0 0 0
0.485962 0.092224
-0.717041 0.038818 -0.6604
0.000978 1 -0.000001
0 0 0 0
0.485962 0.092224
-0.717041 0.038818 -0.650879
0.000978 1 -0.000001
0 0 0 0
0.485046 0.092224
-0.625488 0.038818 -0.650879
0.000978 1 -0.000001
0 0 0 0
0.485046 0.092224
-0.717041 0.038818 -0.655762
0.000978 1 -0.000001
0 0 0 0
0.485779 0.092224
-0.625488 0.021729 -0.650879
-0.001382 0.001382 0.999998
0 0 0 0
0.001526 0.001526
-0.625488 0.038818 -0.650879
-0.001382 0.001382 0.999998
0 0 0 0
0.001526 0.029724
-0.717041 0.038818 -0.650879
-0.001382 0.001382 0.999998
0 0 0 0
0.171082 0.029724
-0.717041 0.021729 -0.650879
-0.001382 0.001382 0.999998
0 0 0 0
0.171082 0.001526
-0.626221 0.021729 -0.655762
0.000978 -1 -0.000001
0 0 0 0
0.515747 0.092224
-0.625488 0.021729 -0.650879
0.000978 -1 -0.000001
0 0 0 0
0.516418 0.092224
-0.717041 0.021729 -0.650879
0.000978 -1 -0.000001
0 0 0 0
0.516418 0.092224
-0.717041 0.021729 -0.6604
0.000978 -1 -0.000001
0 0 0 0
0.515503 0.092224
-0.625488 0.021729 -0.6604
0.000978 -1 -0.000001
0 0 0 0
0.515503 0.092224
-0.717041 0.021729 -0.655762
0.000978 -1 -0.000001
0 0 0 0
0.515747 0.092224
-0.717041 0.038818 -0.650879
-1 0.000978 -0.000001
0 0 0 0
0.485046 0.092224
-0.717041 0.021729 -0.655762
-1 0.000978 -0.000001
0 0 0 0
0.515747 0.092224
-0.717041 0.021729 -0.650879
-1 0.000978 -0.000001
0 0 0 0
0.516418 0.092224
-0.717041 0.038818 -0.655762
-1 0.000978 -0.000001
0 0 0 0
0.485779 0.092224
-0.717041 0.021729 -0.6604
-1 0.000978 -0.000001
0 0 0 0
0.515503 0.092224
-0.717041 0.038818 -0.6604
-1 0.000978 -0.000001
0 0 0 0
0.485962 0.092224
-0.626221 0.021729 -0.655762
0.000978 -1 -0.000001
0 0 0 0
0.515747 0.092224
-0.717041 0.021729 -0.650879
0.000978 -1 -0.000001
0 0 0 0
0.516418 0.092224
-0.717041 0.021729 -0.655762
0.000978 -1 -0.000001
0 0 0 0
0.515747 0.092224
-0.626221 0.038818 -0.655762
0.000978 1 -0.000001
0 0 0 0
0.485779 0.092224
-0.717041 0.038818 -0.6604
0.000978 1 -0.000001
0 0 0 0
0.485962 0.092224
-0.717041 0.038818 -0.655762
0.000978 1 -0.000001
0 0 0 0
0.485779 0.092224
-0.625488 0.038818 -0.6604
0.001382 0.001382 -0.999998
0 0 0 0
0.485962 0.092224
-0.625488 0.021729 -0.6604
0.001382 0.001382 -0.999998
0 0 0 0
0.515503 0.092224
-0.717041 0.021729 -0.6604
0.001382 0.001382 -0.999998
0 0 0 0
0.515503 0.092224
-0.625488 0.038818 -0.6604
0.001382 0.001382 -0.999998
0 0 0 0
0.485962 0.092224
-0.717041 0.021729 -0.6604
0.001382 0.001382 -0.999998
0 0 0 0
0.515503 0.092224
-0.717041 0.038818 -0.6604
0.001382 0.001382 -0.999998
0 0 0 0
0.485962 0.092224
0 1.63916 -0.655762
0.001382 0.001382 0.999998
0 0 0 0
0.980408 0.000488
-0.037109 1.63916 -0.655762
0.001382 0.001382 0.999998
0 0 0 0
0.958801 0.030518
-0.037109 0.021729 -0.655762
0.001382 0.001382 0.999998
0 0 0 0
0.049316 0.030518
0 0.021729 -0.655762
0.001382 0.001382 0.999998
0 0 0 0
0.027771 0.000488
-0.037109 1.63916 -0.655762
-1 0.000978 -0.000001
0 0 0 0
0.092468 0.030518
-0.037109 0.021729 -0.67749
-1 0.000978 -0.000001
0 0 0 0
0.971497 0.000488
-0.037109 0.021729 -0.655762
-1 0.000978 -0.000001
0 0 0 0
0.971497 0.030518
-0.037109 1.63916 -0.67749
-1 0.000978 -0.000001
0 0 0 0
0.092529 0.000488
-0.037109 0.021729 -0.655762
0.001382 0.001382 0.999998
0 0 0 0
1 0.095276
-0.037109 0.108643 -0.655762
0.001382 0.001382 0.999998
0 0 0 0
1 0.217224
-0.679932 0.108643 -0.655762
0.001382 0.001382 0.999998
0 0 0 0
0.001526 0.217224
-0.679932 0.021729 -0.655762
0.001382 0.001382 0.999998
0 0 0 0
0.001526 0.095276
-0.717041 0.021729 -0.655762
0.001382 0.001382 0.999998
0 0 0 0
0.980774 0.000488
-0.679932 0.021729 -0.655762
0.001382 0.001382 0.999998
0 0 0 0
0.959167 0.030518
-0.679932 1.63916 -0.655762
0.001382 0.001382 0.999998
0 0 0 0
0.049316 0.030518
-0.717041 1.63916 -0.655762
0.001382 0.001382 0.999998
0 0 0 0
0.027771 0.000488
-0.679932 0.021729 -0.655762
1 0.000978 -0.000001
0 0 0 0
0.971741 0.000488
-0.679932 0.021729 -0.67749
1 0.000978 -0.000001
0 0 0 0
0.971741 0.030518
-0.679932 1.63916 -0.67749
1 0.000978 -0.000001
0 0 0 0
0.092468 0.030518
-0.679932 1.63916 -0.655762
1 0.000978 -0.000001
0 0 0 0
0.092468 0.000488
-0.037109 0.108643 -0.655762
0.000978 1 -0.000001
0 0 0 0
1 0.005432
-0.037109 0.108643 -0.67749
0.000978 1 -0.000001
0 0 0 0
1 0.025818
-0.679932 0.108643 -0.67749
0.000978 1 -0.000001
0 0 0 0
0.001526 0.025818
-0.679932 0.108643 -0.655762
0.000978 1 -0.000001
0 0 0 0
0.001526 0.005432
-0.102539 1.63916 -0.622559
-1 0.000978 -0.000001
0 0 0 0
1 0.092224
-0.102539 0.021729 -0.622559
-1 0.000978 -0.000001
0 0 0 0
0.001526 0.092224
-0.099609 0.021729 -0.613525
-0.809193 0.001232 0.587541
0 0 0 0
0.001526 0.092224
-0.099609 1.63916 -0.613525
-0.809193 0.001232 0.587541
0 0 0 0
1 0.092224
-0.092041 0.021729 -0.60791
-0.309922 0.001365 0.950761
0 0 0 0
0.001526 0.078125
-0.092041 1.63916 -0.60791
-0.309922 0.001365 0.950761
0 0 0 0
1 0.078125
-0.08252 0.021729 -0.60791
0.309922 0.001365 0.950761
0 0 0 0
0.001526 0.071899
-0.08252 1.63916 -0.60791
0.309922 0.001365 0.950761
0 0 0 0
1 0.071899
-0.074707 0.021729 -0.613525
0.809193 0.001232 0.587541
0 0 0 0
0.001526 0.065613
-0.074707 1.63916 -0.613525
0.809193 0.001232 0.587541
0 0 0 0
1 0.065613
-0.071777 0.021729 -0.622559
1 0.000978 -0.000001
0 0 0 0
0.001526 0.059387
-0.071777 1.63916 -0.622559
1 0.000978 -0.000001
0 0 0 0
1 0.059387
-0.074707 0.021729 -0.631592
0.809193 0.001232 -0.587541
0 0 0 0
0.001526 0.053101
-0.074707 1.63916 -0.631592
0.809193 0.001232 -0.587541
0 0 0 0
1 0.053101
-0.08252 0.021729 -0.637207
0.309922 0.001365 -0.950761
0 0 0 0
0.001526 0.046875
-0.08252 1.63916 -0.637207
0.309922 0.001365 -0.950761
0 0 0 0
1 0.046875
-0.092041 0.021729 -0.637207
-0.309922 0.001365 -0.950761
0 0 0 0
0.001526 0.032776
-0.092041 1.63916 -0.637207
-0.309922 0.001365 -0.950761
0 0 0 0
1 0.032776
-0.099609 0.021729 -0.631592
-0.809193 0.001232 -0.587541
0 0 0 0
0.001526 0.032776
-0.102539 1.63916 -0.622559
-1 0.000978 -0.000001
0 0 0 0
1 0.092224
-0.099609 0.021729 -0.613525
-0.809193 0.001232 0.587541
0 0 0 0
0.001526 0.092224
-0.099609 1.63916 -0.613525
-0.809193 0.001232 0.587541
0 0 0 0
1 0.092224
-0.099609 1.63916 -0.631592
-0.809193 0.001232 -0.587541
0 0 0 0
1 0.032776
-0.102539 0.021729 -0.622559
-1 0.000978 -0.000001
0 0 0 0
0.001526 0.092224
-0.099609 0.021729 -0.631592
-0.809193 0.001232 -0.587541
0 0 0 0
0.001526 0.032776
-0.092041 1.63916 -0.637207
-0.309922 0.001365 -0.950761
0 0 0 0
1 0.032776
-0.075684 0.021729 -0.624512
0.001382 0.001382 0.999998
0 0 0 0
0.24884 -0.054382
-0.075684 0.09082 -0.624512
0.001382 0.001382 0.999998
0 0 0 0
0.24884 -0.002502
-0.098633 0.09082 -0.624512
0.001382 0.001382 0.999998
0 0 0 0
0.220581 -0.002502
-0.098633 0.021729 -0.624512
0.001382 0.001382 0.999998
0 0 0 0
0.220581 -0.054382
-0.075684 0.09082 -0.624512
0.000978 1 -0.000001
0 0 0 0
0.24884 -0.042236
-0.098633 0.09082 -0.655762
0.000978 1 -0.000001
0 0 0 0
0.220581 -0.002502
-0.098633 0.09082 -0.624512
0.000978 1 -0.000001
0 0 0 0
0.220581 -0.042236
-0.075684 0.09082 -0.655762
0.000978 1 -0.000001
0 0 0 0
0.24884 -0.002502
-0.098633 0.021729 -0.624512
-1 0.000978 -0.000001
0 0 0 0
0.24884 -0.043335
-0.098633 0.09082 -0.624512
-1 0.000978 -0.000001
0 0 0 0
0.24884 -0.002502
-0.098633 0.09082 -0.655762
-1 0.000978 -0.000001
0 0 0 0
0.220581 -0.002502
-0.098633 0.021729 -0.655762
-1 0.000978 -0.000001
0 0 0 0
0.220581 -0.043335
-0.075684 0.021729 -0.655762
1 0.000978 -0.000001
0 0 0 0
0.24884 -0.043335
-0.075684 0.09082 -0.655762
1 0.000978 -0.000001
0 0 0 0
0.24884 -0.002502
-0.075684 0.09082 -0.624512
1 0.000978 -0.000001
0 0 0 0
0.220581 -0.002502
-0.075684 0.021729 -0.624512
1 0.000978 -0.000001
0 0 0 0
0.220581 -0.043335
-0.098633 1.63916 -0.624512
0.001382 0.001382 0.999998
0 0 0 0
0.24884 -0.054382
-0.098633 1.590088 -0.624512
0.001382 0.001382 0.999998
0 0 0 0
0.24884 -0.002502
-0.075684 1.590088 -0.624512
0.001382 0.001382 0.999998
0 0 0 0
0.220581 -0.002502
-0.075684 1.63916 -0.624512
0.001382 0.001382 0.999998
0 0 0 0
0.220581 -0.054382
-0.098633 1.590088 -0.624512
0.000978 -1 -0.000001
0 0 0 0
0.24884 -0.042236
-0.075684 1.590088 -0.655762
0.000978 -1 -0.000001
0 0 0 0
0.220581 -0.002502
-0.075684 1.590088 -0.624512
0.000978 -1 -0.000001
0 0 0 0
0.220581 -0.042236
-0.098633 1.590088 -0.655762
0.000978 -1 -0.000001
0 0 0 0
0.24884 -0.002502
-0.075684 1.63916 -0.624512
1 0.000978 -0.000001
0 0 0 0
0.24884 -0.043335
-0.075684 1.590088 -0.624512
1 0.000978 -0.000001
0 0 0 0
0.24884 -0.002502
-0.075684 1.590088 -0.655762
1 0.000978 -0.000001
0 0 0 0
0.220581 -0.002502
-0.075684 1.63916 -0.655762
1 0.000978 -0.000001
0 0 0 0
0.220581 -0.043335
-0.098633 1.63916 -0.655762
-1 0.000978 -0.000001
0 0 0 0
0.24884 -0.043335
-0.098633 1.590088 -0.655762
-1 0.000978 -0.000001
0 0 0 0
0.24884 -0.002502
-0.098633 1.590088 -0.624512
-1 0.000978 -0.000001
0 0 0 0
0.220581 -0.002502
-0.098633 1.63916 -0.624512
-1 0.000978 -0.000001
0 0 0 0
0.220581 -0.043335
0.075684 1.63916 -0.624512
-1 0.000978 -0.000001
0 0 0 0
0.24884 -0.043335
0.075684 1.63916 -0.655762
-1 0.000978 -0.000001
0 0 0 0
0.220581 -0.043335
0.075684 1.590088 -0.655762
-1 0.000978 -0.000001
0 0 0 0
0.220581 -0.002502
0.075684 1.590088 -0.624512
-1 0.000978 -0.000001
0 0 0 0
0.24884 -0.002502
0.098633 1.63916 -0.624512
0.001382 0.001382 0.999998
0 0 0 0
0.24884 -0.054382
0.075684 1.63916 -0.624512
0.001382 0.001382 0.999998
0 0 0 0
0.220581 -0.054382
0.075684 1.590088 -0.624512
0.001382 0.001382 0.999998
0 0 0 0
0.220581 -0.002502
0.098633 1.590088 -0.624512
0.001382 0.001382 0.999998
0 0 0 0
0.24884 -0.002502
0.098633 1.590088 -0.624512
0.000978 -1 -0.000001
0 0 0 0
0.24884 -0.042236
0.075684 1.590088 -0.624512
0.000978 -1 -0.000001
0 0 0 0
0.220581 -0.042236
0.075684 1.590088 -0.655762
0.000978 -1 -0.000001
0 0 0 0
0.220581 -0.002502
0.098633 1.590088 -0.655762
0.000978 -1 -0.000001
0 0 0 0
0.24884 -0.002502
0.098633 1.63916 -0.655762
1 0.000978 -0.000001
0 0 0 0
0.24884 -0.043335
0.098633 1.63916 -0.624512
1 0.000978 -0.000001
0 0 0 0
0.220581 -0.043335
0.098633 1.590088 -0.624512
1 0.000978 -0.000001
0 0 0 0
0.220581 -0.002502
0.098633 1.590088 -0.655762
1 0.000978 -0.000001
0 0 0 0
0.24884 -0.002502
0.098633 0.021729 -0.624512
1 0.000978 -0.000001
0 0 0 0
0.24884 -0.043335
0.098633 0.021729 -0.655762
1 0.000978 -0.000001
0 0 0 0
0.220581 -0.043335
0.098633 0.09082 -0.655762
1 0.000978 -0.000001
0 0 0 0
0.220581 -0.002502
0.098633 0.09082 -0.624512
1 0.000978 -0.000001
0 0 0 0
0.24884 -0.002502
0.744141 0.263672 -0.662109
0.001382 0.001382 0.999998
0 0 0 0
0.263 0.581848
2 0 -0.662109
0.001382 0.001382 0.999998
0 0 0 0
0.500183 0.631592
2 0.263672 -0.662109
0.001382 0.001382 0.999998
0 0 0 0
0.500183 0.581848
0.744141 0 -0.662109
0.001382 0.001382 0.999998
0 0 0 0
0.263 0.631592
0.744141 0.263672 -0.688721
0.000978 1 0.000001
0 0 0 0
0.855591 0.402893
0.744141 0.263672 -0.662109
0.000978 1 0.000001
0 0 0 0
0.855591 0.397827
2 0.263672 -0.662109
0.000978 1 0.000001
0 0 0 0
0.618408 0.397827
2 0.263672 -0.688721
0.000978 1 0.000001
0 0 0 0
0.618408 0.402893
2 0.263672 -0.662109
1 0.000978 -0.000001
0 0 0 0
0.536499 0.309631
2 0 -0.662109
1 0.000978 -0.000001
0 0 0 0
0.586304 0.309631
2 0 -0.688721
1 0.000978 -0.000001
0 0 0 0
0.586304 0.304565
2 0.263672 -0.688721
1 0.000978 -0.000001
0 0 0 0
0.536499 0.304565
0.744141 0.263672 -0.688721
0.001382 0.001382 -0.999998
0 0 0 0
0.262146 0.632141
2 0.263672 -0.688721
0.001382 0.001382 -0.999998
0 0 0 0
0.499268 0.632141
2 0 -0.688721
0.001382 0.001382 -0.999998
0 0 0 0
0.499268 0.582336
0.744141 0 -0.688721
0.001382 0.001382 -0.999998
0 0 0 0
0.262146 0.582336
2 0 -0.662109
0.000978 -1 -0.000001
0 0 0 0
0.618408 0.415039
0.744141 0 -0.662109
0.000978 -1 -0.000001
0 0 0 0
0.855591 0.415039
0.744141 0 -0.688721
0.000978 -1 -0.000001
0 0 0 0
0.855591 0.409973
2 0 -0.688721
0.000978 -1 -0.000001
0 0 0 0
0.618408 0.409973
0.744141 0 -0.662109
-1 0.000978 0.000001
0 0 0 0
0.586304 0.315125
0.744141 0.263672 -0.662109
-1 0.000978 0.000001
0 0 0 0
0.536499 0.315125
0.744141 0.263672 -0.688721
-1 0.000978 0.000001
0 0 0 0
0.536499 0.320129
0.744141 0 -0.688721
-1 0.000978 0.000001
0 0 0 0
0.586304 0.320129
0.679932 1.583984 -0.67749
0.001382 0.001382 -0.999998
0 0 0 0
0.907654 0.611938
0.037109 1.583984 -0.67749
0.001382 0.001382 -0.999998
0 0 0 0
0.565979 0.611938
0.037109 1.63916 -0.67749
0.001382 0.001382 -0.999998
0 0 0 0
0.565979 0.641235
0.679932 1.63916 -0.67749
0.001382 0.001382 -0.999998
0 0 0 0
0.907654 0.641235
-0.037109 1.583984 -0.67749
0.001382 0.001382 -0.999998
0 0 0 0
0.907654 0.524231
-0.679932 1.583984 -0.67749
0.001382 0.001382 -0.999998
0 0 0 0
0.565979 0.524231
-0.679932 1.63916 -0.67749
0.001382 0.001382 -0.999998
0 0 0 0
0.565979 0.553528
-0.037109 1.63916 -0.67749
0.001382 0.001382 -0.999998
0 0 0 0
0.907654 0.553528
-0.679932 0.108643 -0.67749
0.001382 0.001382 -0.999998
0 0 0 0
0.565979 0.693848
-0.037109 0.108643 -0.67749
0.001382 0.001382 -0.999998
0 0 0 0
0.907654 0.693848
-0.037109 0.021729 -0.67749
0.001382 0.001382 -0.999998
0 0 0 0
0.907654 0.647766
-0.679932 0.021729 -0.67749
0.001382 0.001382 -0.999998
0 0 0 0
0.565979 0.647766
0.037109 1.63916 -0.67749
0.001382 0.001382 -0.999998
0 0 0 0
0.907654 0.767761
0.037109 0.021729 -0.67749
0.001382 0.001382 -0.999998
0 0 0 0
0.047974 0.767761
-0.037109 0.021729 -0.67749
0.001382 0.001382 -0.999998
0 0 0 0
0.047974 0.80719
-0.037109 1.63916 -0.67749
0.001382 0.001382 -0.999998
0 0 0 0
0.907654 0.80719
-0.679932 1.63916 -0.67749
0.001382 0.001382 -0.999998
0 0 0 0
0.907654 0.742676
-0.679932 0.021729 -0.67749
0.001382 0.001382 -0.999998
0 0 0 0
0.047974 0.742676
-0.717041 0.021729 -0.67749
0.001382 0.001382 -0.999998
0 0 0 0
0.047974 0.76239
-0.717041 1.63916 -0.67749
0.001382 0.001382 -0.999998
0 0 0 0
0.907654 0.76239
0.037109 0.108643 -0.67749
0.001382 0.001382 -0.999998
0 0 0 0
0.565979 0.60614
0.679932 0.108643 -0.67749
0.001382 0.001382 -0.999998
0 0 0 0
0.907654 0.60614
0.679932 0.021729 -0.67749
0.001382 0.001382 -0.999998
0 0 0 0
0.907654 0.560059
0.037109 0.021729 -0.67749
0.001382 0.001382 -0.999998
0 0 0 0
0.565979 0.560059
0.679932 0.021729 -0.67749
0.001382 0.001382 -0.999998
0 0 0 0
0.047974 0.736877
0.679932 1.63916 -0.67749
0.001382 0.001382 -0.999998
0 0 0 0
0.907654 0.736877
0.717041 1.63916 -0.67749
0.001382 0.001382 -0.999998
0 0 0 0
0.907654 0.717163
0.717041 0.021729 -0.67749
0.001382 0.001382 -0.999998
0 0 0 0
0.047974 0.717163
-0.679932 1.63916 -0.67749
0.000978 1 -0.000001
0 0 0 0
0.1651 0.699768
-0.717041 1.63916 -0.67749
0.000978 1 -0.000001
0 0 0 0
0.145325 0.699768
-0.717041 1.63916 -0.655762
0.000978 1 0.000001
0 0 0 0
0.145325 0.711365
-0.679932 1.63916 -0.655762
0.000978 1 -0.000001
0 0 0 0
0.1651 0.711365
-0.037109 1.63916 -0.67749
0.000978 1 -0.000001
0 0 0 0
0.506775 0.699768
-0.037109 1.63916 -0.655762
0.000978 1 -0.000001
0 0 0 0
0.506775 0.711365
0.037109 1.63916 -0.67749
0.000978 1 -0.000001
0 0 0 0
0.546265 0.699768
0.037109 1.63916 -0.655762
0.000978 1 -0.000001
0 0 0 0
0.546265 0.711365
0.679932 1.63916 -0.67749
0.000978 1 -0.000001
0 0 0 0
0.887939 0.699768
0.679932 1.63916 -0.655762
0.000978 1 -0.000001
0 0 0 0
0.887939 0.711365
0.717041 1.63916 -0.67749
0.000978 1 -0.000001
0 0 0 0
0.907654 0.699768
0.717041 1.63916 -0.655762
0.000978 1 -0.000001
0 0 0 0
0.907654 0.711365
0.717041 0.021729 -0.67749
1 0.000978 -0.000001
0 0 0 0
0.982971 0.002136
0.717041 1.63916 -0.67749
1 0.000978 -0.000001
0 0 0 0
0.037415 0.002136
0.717041 1.63916 -0.655762
1 0.000978 -0.000001
0 0 0 0
0.037415 0.029236
0.717041 0.021729 -0.655762
1 0.000978 -0.000001
0 0 0 0
0.982971 0.029236
-0.717041 1.63916 -0.67749
-1 0.000978 -0.000001
0 0 0 0
0.042114 0.030212
-0.717041 0.021729 -0.67749
-1 0.000978 -0.000001
0 0 0 0
0.962769 0.030212
-0.717041 0.021729 -0.655762
-1 0.000978 -0.000001
0 0 0 0
0.962769 0.000549
-0.717041 1.63916 -0.655762
-1 0.000978 -0.000001
0 0 0 0
0.042114 0.000549
808
2 1 0
3 2 0
6 5 4
7 6 4
10 9 8
9 11 8
11 12 8
15 14 13
16 15 13
19 18 17
18 20 17
20 21 17
24 23 22
25 24 22
28 27 26
27 29 26
32 31 30
33 32 30
36 35 34
37 36 34
38 37 34
41 40 39
40 42 39
45 44 43
46 45 43
49 48 47
50 49 47
51 50 47
54 53 52
54 52 55
52 56 55
57 55 56
58 57 56
58 56 59
60 58 59
61 60 59
64 63 62
63 65 62
65 63 66
67 65 66
70 69 68
69 71 68
69 72 71
72 73 71
76 75 74
77 76 74
80 79 78
81 80 78
84 83 82
83 85 82
88 87 86
89 88 86
92 91 90
93 92 90
96 95 94
97 96 94
100 99 98
101 100 98
104 103 102
105 104 102
108 107 106
109 108 106
108 109 110
109 111 110
111 112 110
112 113 110
116 115 114
117 116 114
116 117 118
118 117 119
117 120 119
120 121 119
121 120 122
120 123 122
126 125 124
127 126 124
126 127 128
126 128 129
130 126 129
131 130 129
130 131 132
131 133 132
136 135 134
137 136 134
138 136 137
139 138 137
142 141 140
143 142 140
144 142 143
145 144 143
142 144 146
144 147 146
150 149 148
151 150 148
154 153 152
153 156 155
156 157 155
152 155 158
155 159 158
157 161 160
161 162 160
164 163 161
163 166 165
168 167 165
169 168 165
172 171 170
173 172 170
176 175 174
177 176 174
177 174 178
179 177 178
179 178 180
181 179 180
181 180 182
183 181 182
183 182 184
185 183 184
188 187 186
187 189 186
186 189 190
191 186 190
191 190 192
193 191 192
193 192 194
195 193 194
198 197 196
197 200 199
200 201 199
202 200 197
196 204 203
204 205 203
206 196 203
207 206 203
210 209 208
209 212 211
215 214 213
216 215 213
216 213 217
218 216 217
218 217 219
220 218 219
223 222 221
224 223 221
224 221 225
221 226 225
225 226 227
226 228 227
231 230 229
234 233 232
235 234 232
238 237 236
239 238 236
242 241 240
243 242 240
246 245 244
247 246 244
248 247 244
249 248 244
252 251 250
254 250 253
256 253 255
257 256 255
260 259 258
261 260 258
264 263 262
265 264 262
265 262 266
267 265 266
268 267 266
269 268 266
270 268 269
271 270 269
274 273 272
273 275 272
278 277 276
277 279 276
282 281 280
283 282 280
286 285 284
287 286 284
290 289 288
291 290 288
294 293 292
295 294 292
298 297 296
299 298 296
302 301 300
303 302 300
306 305 304
307 306 304
310 309 308
311 310 308
314 313 312
315 314 312
318 317 316
319 318 316
322 321 320
323 322 320
326 325 324
327 326 324
330 329 328
331 330 328
334 333 332
335 334 332
338 337 336
339 338 336
342 341 340
343 342 340
346 345 344
347 346 344
350 349 348
351 350 348
354 353 352
355 354 352
358 357 356
359 358 356
362 361 360
363 362 360
366 365 364
367 366 364
370 369 368
371 370 368
374 373 372
375 374 372
378 377 376
379 378 376
382 381 380
383 382 380
386 385 384
387 386 384
390 389 388
391 390 388
394 393 392
395 394 392
398 397 396
399 398 396
402 401 400
403 402 400
406 405 404
407 406 404
410 409 408
411 410 408
414 413 412
415 414 412
418 417 416
419 418 416
422 421 420
423 422 420
426 425 424
427 426 424
430 429 428
431 430 428
434 433 432
435 434 432
438 437 436
439 438 436
442 441 440
443 442 440
446 445 444
447 446 444
450 449 448
451 450 448
454 453 452
453 455 452
453 456 455
456 457 455
456 458 457
458 459 457
462 461 460
463 462 460
463 460 464
465 463 464
465 464 466
467 465 466
467 466 468
469 467 468
469 468 470
471 469 470
471 470 472
473 471 472
473 472 474
475 473 474
478 477 476
479 478 476
482 481 480
483 482 480
486 485 484
486 488 487
488 489 487
485 490 488
485 491 490
491 492 490
491 493 492
493 494 492
493 495 494
495 496 494
495 497 496
497 498 496
497 499 498
499 500 498
499 501 500
501 502 500
501 503 502
503 504 502
506 505 503
509 508 507
512 511 510
513 512 510
514 512 513
515 514 513
518 517 516
520 519 516
521 520 516
524 523 522
525 524 522
528 527 526
530 529 526
532 530 531
535 534 533
538 537 536
539 538 536
542 541 540
545 544 543
546 545 543
547 545 546
548 547 546
551 550 549
550 552 549
549 552 553
552 554 553
553 554 555
554 556 555
555 556 557
556 558 557
557 558 559
558 560 559
559 560 561
560 562 561
561 562 563
562 564 563
563 564 565
564 566 565
569 568 567
571 570 567
573 572 567
575 574 567
577 576 567
579 578 567
581 580 567
584 583 582
586 585 582
588 587 582
591 590 589
593 592 589
595 594 589
597 596 589
599 598 589
601 600 589
603 602 589
606 605 604
608 607 604
610 609 604
613 612 611
612 614 611
617 616 615
618 617 615
621 620 619
622 620 621
623 622 621
624 622 623
625 624 623
626 624 625
627 626 625
628 626 627
629 628 627
630 628 629
631 630 629
632 630 631
633 632 631
634 632 633
635 634 633
636 634 635
637 636 635
640 639 638
642 641 638
644 643 638
646 645 638
648 647 638
650 649 638
652 651 638
655 654 653
657 656 653
659 658 653
662 661 660
663 662 660
666 665 664
669 668 667
671 670 667
673 672 667
675 674 667
677 676 667
679 678 667
681 680 667
684 683 682
686 685 682
688 687 682
691 690 689
692 691 689
692 689 693
694 692 693
694 693 695
696 694 695
696 695 697
698 696 697
698 697 699
700 698 699
700 699 701
702 700 701
702 701 703
704 702 703
704 703 705
706 704 705
706 705 707
708 706 707
711 710 709
709 713 712
714 709 712
717 716 715
718 717 715
721 720 719
719 723 722
724 719 722
727 726 725
726 728 725
726 729 728
729 730 728
733 732 731
736 735 734
739 738 737
742 741 740
745 744 743
746 745 743
749 748 747
750 749 747
753 752 751
754 753 751
754 751 755
756 754 755
756 755 757
758 756 757
758 757 759
760 758 759
760 759 761
762 760 761
762 761 763
764 762 763
764 763 765
766 764 765
766 765 767
768 766 767
768 767 769
770 768 769
773 772 771
774 773 771
777 776 775
778 777 775
781 780 779
782 781 779
785 784 783
786 785 783
789 788 787
790 789 787
790 787 791
792 790 791
795 794 793
796 795 793
797 796 793
798 797 793
798 799 797
799 800 797
799 801 800
801 802 800
803 802 801
804 803 801
804 805 803
805 806 803
809 808 807
810 809 807
813 812 811
814 813 811
817 816 815
816 818 815
819 818 816
820 819 816
823 822 821
826 825 824
829 828 827
830 829 827
830 827 831
832 830 831
835 834 833
834 836 833
839 838 837
840 839 837
843 842 841
844 843 841
847 846 845
848 847 845
851 850 849
852 851 849
855 854 853
856 855 853
859 858 857
860 859 857
863 862 861
864 863 861
867 866 865
868 867 865
871 870 869
872 871 869
875 874 873
876 875 873
879 878 877
880 879 877
883 882 881
884 883 881
887 886 885
888 887 885
891 890 889
892 891 889
895 894 893
896 895 893
899 898 897
900 899 897
903 902 901
904 903 901
907 906 905
906 908 905
905 908 909
908 910 909
909 910 911
910 912 911
911 912 913
912 914 913
913 914 915
914 916 915
915 916 917
916 918 917
917 918 919
918 920 919
919 920 921
920 922 921
921 922 923
922 924 923
927 926 925
928 927 925
931 930 929
932 931 929
935 934 933
936 935 933
939 938 937
938 940 937
937 940 941
940 942 941
941 942 943
942 944 943
943 944 945
944 946 945
945 946 947
946 948 947
947 948 949
948 950 949
949 950 951
950 952 951
951 952 953
952 954 953
953 954 955
954 956 955
959 958 957
960 959 957
961 959 960
962 961 960
965 964 963
967 966 963
968 967 963
971 970 969
972 971 969
975 974 973
977 976 973
979 977 978
982 981 980
985 984 983
986 985 983
989 988 987
992 991 990
992 993 991
993 994 991
993 995 994
995 996 994
995 997 996
997 998 996
997 999 998
999 1000 998
999 1001 1000
1001 1002 1000
1001 1003 1002
1003 1004 1002
1003 1005 1004
1005 1006 1004
1005 1007 1006
1007 1008 1006
1011 1010 1009
1013 1012 1009
1015 1014 1009
1017 1016 1009
1019 1018 1009
1021 1020 1009
1023 1022 1009
1026 1025 1024
1028 1027 1024
1030 1029 1024
1033 1032 1031
1036 1035 1034
1037 1036 1034
1040 1039 1038
1042 1041 1038
1044 1043 1038
1046 1045 1038
1048 1047 1038
1050 1049 1038
1052 1051 1038
1055 1054 1053
1057 1056 1053
1059 1058 1053
1062 1061 1060
1061 1063 1060
1061 1064 1063
1064 1065 1063
1068 1067 1066
1069 1068 1066
1069 1066 1070
1071 1069 1070
1071 1070 1072
1073 1071 1072
1073 1072 1074
1075 1073 1074
1075 1074 1076
1077 1075 1076
1077 1076 1078
1079 1077 1078
1079 1078 1080
1081 1079 1080
1081 1080 1082
1083 1081 1082
1086 1085 1084
1088 1087 1084
1090 1089 1084
1092 1091 1084
1094 1093 1084
1096 1095 1084
1098 1097 1084
1101 1100 1099
1103 1102 1099
1105 1104 1099
1108 1107 1106
1110 1109 1106
1112 1111 1106
1114 1113 1106
1116 1115 1106
1118 1117 1106
1120 1119 1106
1123 1122 1121
1125 1124 1121
1127 1126 1121
1130 1129 1128
1128 1132 1131
1133 1128 1131
1131 1132 1134
1132 1135 1134
1134 1135 1136
1135 1137 1136
1136 1137 1138
1137 1139 1138
1138 1139 1140
1139 1141 1140
1140 1141 1142
1141 1143 1142
1142 1143 1144
1143 1145 1144
1144 1145 1146
1145 1147 1146
1146 1147 1148
1149 1146 1148
1152 1151 1150
1155 1154 1153
1153 1157 1156
1158 1153 1156
1161 1160 1159
1162 1161 1159
1165 1164 1163
1163 1167 1166
1168 1163 1166
1171 1170 1169
1170 1172 1169
1170 1173 1172
1173 1174 1172
1177 1176 1175
1180 1179 1178
1183 1182 1181
1186 1185 1184
1189 1188 1187
1190 1189 1187
1193 1192 1191
1192 1194 1191
1197 1196 1195
1198 1197 1195
1201 1200 1199
1202 1201 1199
1205 1204 1203
1206 1205 1203
1209 1208 1207
1210 1209 1207
1213 1212 1211
1215 1213 1214
1216 1215 1214
1217 1215 1216
1218 1217 1216
1219 1217 1218
1220 1219 1218
1221 1219 1220
1222 1221 1220
1223 1221 1222
1224 1223 1222
1225 1223 1224
1226 1225 1224
1227 1225 1226
1228 1227 1226
1229 1227 1228
1232 1231 1230
1230 1234 1233
1234 1235 1233
1233 1235 1236
1239 1238 1237
1240 1239 1237
1243 1242 1241
1242 1244 1241
1247 1246 1245
1248 1247 1245
1251 1250 1249
1252 1251 1249
1255 1254 1253
1256 1255 1253
1259 1258 1257
1258 1260 1257
1263 1262 1261
1264 1263 1261
1267 1266 1265
1268 1267 1265
1271 1270 1269
1272 1271 1269
1275 1274 1273
1276 1275 1273
1279 1278 1277
1280 1279 1277
1283 1282 1281
1284 1283 1281
1287 1286 1285
1288 1287 1285
1291 1290 1289
1290 1292 1289
1295 1294 1293
1296 1295 1293
1299 1298 1297
1300 1299 1297
1303 1302 1301
1304 1303 1301
1307 1306 1305
1308 1307 1305
1311 1310 1309
1312 1311 1309
1315 1314 1313
1316 1315 1313
1319 1318 1317
1320 1319 1317
1323 1322 1321
1324 1323 1321
1327 1326 1325
1328 1327 1325
1331 1330 1329
1332 1331 1329
1335 1334 1333
1336 1335 1333
1339 1338 1337
1340 1339 1337
1343 1342 1341
1344 1343 1341
1344 1341 1345
1346 1344 1345
1346 1345 1347
1348 1346 1347
1348 1347 1349
1350 1348 1349
1350 1349 1351
1352 1350 1351
1355 1354 1353
1356 1355 1353
1359 1358 1357
1360 1359 1357
sm02_materials\jn_glass_01\sza_jn_glass_01_opaque_darker_02.material
1
0
38
-1 1.63916 -0.655762
0.001382 0.001382 0.999998
0 0 0 0
0.458618 0.231506
-1 0.234619 -0.655762
0.001382 0.001382 0.999998
0 0 0 0
0.458618 0.72052
-0.745361 0.234619 -0.655762
0.001382 0.001382 0.999998
0 0 0 0
0.562439 0.72052
-0.745361 1.63916 -0.655762
0.001382 0.001382 0.999998
0 0 0 0
0.562439 0.231506
0 4 -0.655762
0.001382 0.001382 0.999998
0 0 0 0
0.500427 0.034607
-1 4 -0.655762
0.001382 0.001382 0.999998
0 0 0 0
0.115356 0.034607
-1 2.13916 -0.655762
0.001382 0.001382 0.999998
0 0 0 0
0.115356 0.75116
0 2.13916 -0.655762
0.001382 0.001382 0.999998
0 0 0 0
0.500427 0.75116
1 4 -0.655762
0.001382 0.001382 0.999998
0 0 0 0
0.885498 0.034607
1 2.13916 -0.655762
0.001382 0.001382 0.999998
0 0 0 0
0.885498 0.75116
1.075439 1.63916 -0.655762
0.001382 0.001382 0.999998
0 0 0 0
-0.476868 0.231262
1.075439 0.248047 -0.655762
0.001382 0.001382 0.999998
0 0 0 0
-0.476868 0.720276
2 0.248047 -0.655762
0.001382 0.001382 0.999998
0 0 0 0
-0.099792 0.720276
2 1.63916 -0.655762
0.001382 0.001382 0.999998
0 0 0 0
-0.099792 0.231262
1.075439 4 -0.655762
0.001382 0.001382 0.999998
0 0 0 0
-0.461365 0.034607
1.075439 2.13916 -0.655762
0.001382 0.001382 0.999998
0 0 0 0
-0.461365 0.75116
2 2.13916 -0.655762
0.001382 0.001382 0.999998
0 0 0 0
-0.105408 0.75116
2 4 -0.655762
0.001382 0.001382 0.999998
0 0 0 0
-0.105408 0.034607
-0.679932 1.602051 -0.67749
0.001382 0.001382 0.999998
0 0 0 0
-0.481201 0.250732
-0.679932 0.028809 -0.67749
0.001382 0.001382 0.999998
0 0 0 0
-0.481201 0.888977
-0.037109 0.028809 -0.67749
0.001382 0.001382 0.999998
0 0 0 0
-0.219055 0.888977
-0.037109 1.602051 -0.67749
0.001382 0.001382 0.999998
0 0 0 0
-0.219055 0.250732
0.037109 1.602051 -0.67749
0.001382 0.001382 0.999998
0 0 0 0
0.238708 0.250732
0.037109 0.037109 -0.67749
0.001382 0.001382 0.999998
0 0 0 0
0.238708 0.888977
0.679932 0.037109 -0.67749
0.001382 0.001382 0.999998
0 0 0 0
0.500854 0.888977
0.679932 1.602051 -0.67749
0.001382 0.001382 0.999998
0 0 0 0
0.500854 0.250732
0.749512 1.63916 -0.655762
0.001382 0.001382 0.999998
0 0 0 0
0.459778 0.231262
0.749512 0.234619 -0.655762
0.001382 0.001382 0.999998
0 0 0 0
0.459778 0.720276
1 0.234619 -0.655762
0.001382 0.001382 0.999998
0 0 0 0
0.561951 0.720276
1 1.63916 -0.655762
0.001382 0.001382 0.999998
0 0 0 0
0.561951 0.231262
-2 2.13916 -0.655762
0.001382 0.001382 0.999998
0 0 0 0
0.111572 0.75116
-1.075439 2.13916 -0.655762
0.001382 0.001382 0.999998
0 0 0 0
0.467529 0.75116
-1.075439 4 -0.655762
0.001382 0.001382 0.999998
0 0 0 0
0.467529 0.034607
-2 4 -0.655762
0.001382 0.001382 0.999998
0 0 0 0
0.111572 0.034607
-2 0.234619 -0.655762
0.001382 0.001382 0.999998
0 0 0 0
0.110168 0.7146
-1.075439 0.234619 -0.655762
0.001382 0.001382 0.999998
0 0 0 0
0.487183 0.7146
-1.075439 1.63916 -0.655762
0.001382 0.001382 0.999998
0 0 0 0
0.487183 0.225586
-2 1.63916 -0.655762
0.001382 0.001382 0.999998
0 0 0 0
0.110168 0.225586
20
2 1 0
3 2 0
6 5 4
7 6 4
7 4 8
9 7 8
12 11 10
13 12 10
16 15 14
17 16 14
20 19 18
21 20 18
24 23 22
25 24 22
28 27 26
29 28 26
32 31 30
33 32 30
36 35 34
37 36 34
