0
5
sm00_materials\jn_glass_01\jn_glass_01_opaque.material
1
0
16
-1.956787 0.046143 -0.399902
0.001382 0.001382 0.999998
0 0 0 0
0.014526 -0.019043
-0.700439 0.046143 -0.399902
0.001382 0.001382 0.999998
0 0 0 0
0.98175 -0.019043
-0.700439 1.248047 -0.399902
0.001382 0.001382 0.999998
0 0 0 0
0.98175 -0.626709
-1.956787 1.248047 -0.399902
0.001382 0.001382 0.999998
0 0 0 0
0.014526 -0.626709
1.952881 1.248047 -0.399902
0.001382 0.001382 0.999998
0 0 0 0
0.983765 -0.626709
0.699463 1.248047 -0.399902
0.001382 0.001382 0.999998
0 0 0 0
0.018616 -0.626709
0.699463 0.046143 -0.399902
0.001382 0.001382 0.999998
0 0 0 0
0.018616 -0.019043
1.952881 0.046143 -0.399902
0.001382 0.001382 0.999998
0 0 0 0
0.983765 -0.019043
-0.021973 0.016846 -0.399902
0.001382 0.001382 0.999998
0 0 0 0
0.483582 -0.00415
-0.021973 1.248047 -0.399902
0.001382 0.001382 0.999998
0 0 0 0
0.483582 -0.626709
-0.657715 1.248047 -0.399902
0.001382 0.001382 0.999998
0 0 0 0
0.010986 -0.626709
-0.657715 0.016846 -0.399902
0.001382 0.001382 0.999998
0 0 0 0
0.010986 -0.00415
0.658936 0.016846 -0.399902
0.001382 0.001382 0.999998
0 0 0 0
0.989563 -0.00415
0.658936 1.248047 -0.399902
0.001382 0.001382 0.999998
0 0 0 0
0.989563 -0.626709
0.021973 1.248047 -0.399902
0.001382 0.001382 0.999998
0 0 0 0
0.516235 -0.626709
0.021973 0.016846 -0.399902
0.001382 0.001382 0.999998
0 0 0 0
0.516235 -0.00415
8
2 1 0
3 2 0
6 5 4
7 6 4
10 9 8
11 10 8
14 13 12
15 14 12
sm01_material\environment\template\architecture\gbl_arch_brass_trim_01\mo_gbl_arch_brushed_metal_trim_01_shiny.material
1
0
624
-0.111816 0.655029 -0.342529
0.706425 0.001277 -0.707786
0 0 0 0
0.088013 0.395752
-0.120117 0.655029 -0.345947
0.001382 0.001382 -0.999998
0 0 0 0
0.088013 0.411987
-0.120117 1.046387 -0.345703
0.001382 0.001382 -0.999998
0 0 0 0
0.785461 0.411987
-0.111816 1.046387 -0.342041
0.706425 0.001277 -0.707786
0 0 0 0
0.785339 0.395752
-0.108154 0.655029 -0.334229
1 0.000978 0.000001
0 0 0 0
0.088013 0.379517
-0.108154 1.046387 -0.33374
1 0.000978 -0.000001
0 0 0 0
0.785034 0.379517
-0.111816 0.655029 -0.325684
0.706425 0.001277 0.707786
0 0 0 0
0.088074 0.363281
-0.111816 1.046387 -0.325195
0.706425 -0.001277 0.707786
0 0 0 0
0.784729 0.363281
-0.120117 0.655029 -0.322266
0.001382 0.001382 0.999998
0 0 0 0
0.088074 0.347046
-0.120117 1.046387 -0.321777
0.001382 -0.001382 0.999998
0 0 0 0
0.784668 0.347046
-0.111816 1.05542 -0.325684
0.67759 0.088717 0.73007
0 0 0 0
0.79718 0.363281
-0.120117 1.055908 -0.322266
0.00138 0.122802 0.99243
0 0 0 0
0.796692 0.347046
-0.128662 1.05542 -0.325684
-0.67759 0.088717 0.73007
0 0 0 0
0.79718 0.330811
-0.128662 1.046387 -0.325195
-0.706425 -0.001277 0.707786
0 0 0 0
0.784729 0.330811
-0.128662 0.655029 -0.325684
-0.706425 0.001277 0.707786
0 0 0 0
0.088074 0.330811
-0.13208 1.046387 -0.33374
-1 0.000978 -0.000001
0 0 0 0
0.785034 0.314636
-0.13208 0.655029 -0.334229
-1 0.000978 0.000001
0 0 0 0
0.088013 0.314636
-0.128662 1.046387 -0.342041
-0.706425 0.001277 -0.707786
0 0 0 0
0.785339 0.298401
-0.128662 0.655029 -0.342529
-0.706425 0.001277 -0.707786
0 0 0 0
0.088013 0.298401
-0.120117 1.046387 -0.345703
0.001382 0.001382 -0.999998
0 0 0 0
0.785461 0.282166
-0.120117 0.655029 -0.345947
0.001382 0.001382 -0.999998
0 0 0 0
0.088013 0.282166
-0.120117 1.053467 -0.345947
-0.001381 -0.078737 -0.996894
0 0 0 0
0.802612 0.282166
-0.128662 1.053711 -0.342285
-0.735147 -0.056939 -0.675512
0 0 0 0
0.801086 0.298401
-0.120117 1.057861 -0.346436
-0.001377 -0.177622 -0.984098
0 0 0 0
0.81488 0.282166
-0.128662 1.059082 -0.343262
-0.768713 -0.138294 -0.624463
0 0 0 0
0.813049 0.298401
-0.120117 1.059326 -0.34668
-0.001358 -0.368004 -0.929823
0 0 0 0
0.819458 0.282166
-0.128662 1.061768 -0.344238
-0.828328 -0.277699 -0.486575
0 0 0 0
0.819824 0.298401
-0.120117 1.060059 -0.34668
-0.001171 -0.900463 -0.43493
0 0 0 0
0.821411 0.282166
-0.128662 1.063232 -0.345703
-0.807545 -0.534356 -0.24967
0 0 0 0
0.82489 0.298401
-0.120117 1.060791 -0.349854
0.001032 -0.993496 -0.113861
0 0 0 0
0.831055 0.282166
-0.128662 1.064209 -0.349609
-0.741545 -0.666477 -0.076939
0 0 0 0
0.834595 0.298401
-0.120117 1.061035 -0.356689
0.000979 -0.999992 -0.003905
0 0 0 0
0.848511 0.282166
-0.128662 1.064453 -0.356689
-0.70808 -0.706122 -0.003783
0 0 0 0
0.849731 0.298401
-0.128662 1.064453 -0.400635
-0.707106 -0.707106 0.001023
0 0 0 0
0.92981 0.298401
-0.120117 1.061035 -0.400635
0.000978 -1 -0.000001
0 0 0 0
0.929688 0.282166
-0.13208 1.072998 -0.400635
-1 0.000978 -0.000001
0 0 0 0
0.930054 0.314636
-0.13208 1.072998 -0.356689
-0.999996 0.002933 -0.000009
0 0 0 0
0.852051 0.314636
-0.128662 1.081299 -0.400635
-0.707106 0.707106 0.001023
0 0 0 0
0.930359 0.330811
-0.128662 1.081299 -0.356689
-0.706122 0.70808 0.003783
0 0 0 0
0.854004 0.330811
-0.120117 1.084961 -0.400635
0.000978 1 -0.000001
0 0 0 0
0.93042 0.347046
-0.120117 1.084961 -0.356689
0.000981 0.999969 0.007804
0 0 0 0
0.854675 0.347046
-0.111816 1.081299 -0.400635
0.707106 0.707106 0.001023
0 0 0 0
0.930359 0.363281
-0.111816 1.081299 -0.356689
0.706122 0.70808 0.003783
0 0 0 0
0.854004 0.363281
-0.108154 1.072998 -0.400635
1 0.000978 -0.000001
0 0 0 0
0.930054 0.379517
-0.108154 1.072998 -0.356689
0.999996 0.002933 -0.000009
0 0 0 0
0.852051 0.379517
-0.111816 1.064453 -0.400635
0.707106 -0.707106 0.001023
0 0 0 0
0.92981 0.395752
-0.111816 1.064453 -0.356689
0.70808 -0.706122 -0.003783
0 0 0 0
0.849731 0.395752
-0.120117 1.061035 -0.400635
0.000978 -1 -0.000001
0 0 0 0
0.929688 0.411987
-0.120117 1.061035 -0.356689
0.000979 -0.999992 -0.003905
0 0 0 0
0.848511 0.411987
-0.111816 1.064209 -0.349609
0.741545 -0.666477 -0.076939
0 0 0 0
0.834595 0.395752
-0.120117 1.060791 -0.349854
0.001032 -0.993496 -0.113861
0 0 0 0
0.831055 0.411987
-0.111816 1.063232 -0.345703
0.807545 -0.534356 -0.24967
0 0 0 0
0.82489 0.395752
-0.120117 1.060059 -0.34668
-0.001171 -0.900463 -0.43493
0 0 0 0
0.821411 0.411987
-0.111816 1.061768 -0.344238
0.828329 -0.277699 -0.486575
0 0 0 0
0.819824 0.395752
-0.120117 1.059326 -0.34668
-0.001358 -0.368004 -0.929823
0 0 0 0
0.819458 0.411987
-0.111816 1.059082 -0.343262
0.768713 -0.138294 -0.624463
0 0 0 0
0.813049 0.395752
-0.120117 1.057861 -0.346436
-0.001377 -0.177622 -0.984098
0 0 0 0
0.81488 0.411987
-0.111816 1.053711 -0.342285
0.735147 -0.056939 -0.675512
0 0 0 0
0.801086 0.395752
-0.120117 1.053467 -0.345947
-0.001381 -0.078737 -0.996894
0 0 0 0
0.802612 0.411987
-0.108154 1.054688 -0.333984
0.998505 0.009032 0.053914
0 0 0 0
0.798767 0.379517
-0.108154 1.061768 -0.335449
0.993045 0.046308 0.108243
0 0 0 0
0.810608 0.379517
-0.111816 1.064697 -0.327393
0.650923 0.264717 0.711494
0 0 0 0
0.809143 0.363281
-0.120117 1.065674 -0.324219
0.00136 0.352262 0.9359
0 0 0 0
0.808655 0.347046
-0.128662 1.064697 -0.327393
-0.650923 0.264717 0.711494
0 0 0 0
0.809143 0.330811
-0.13208 1.061768 -0.335449
-0.993045 0.046308 0.108243
0 0 0 0
0.810608 0.314636
-0.13208 1.054688 -0.333984
-0.998505 0.009032 0.053914
0 0 0 0
0.798767 0.314636
-0.13208 1.067383 -0.338135
-0.985101 0.115223 0.127667
0 0 0 0
0.820374 0.314636
-0.13208 1.071045 -0.342773
-0.989117 0.130333 0.06827
0 0 0 0
0.829407 0.314636
-0.13208 1.072754 -0.349121
-0.997705 0.065988 0.015165
0 0 0 0
0.839722 0.314636
-0.128662 1.081055 -0.348633
-0.673182 0.730913 0.112218
0 0 0 0
0.842957 0.330811
-0.120117 1.084473 -0.348389
0.001048 0.988642 0.150286
0 0 0 0
0.843994 0.347046
-0.111816 1.081055 -0.348633
0.673182 0.730913 0.112218
0 0 0 0
0.842957 0.363281
-0.108154 1.072754 -0.349121
0.997705 0.065988 0.015165
0 0 0 0
0.839722 0.379517
-0.108154 1.071045 -0.342773
0.989117 0.130333 0.06827
0 0 0 0
0.829407 0.379517
-0.108154 1.067383 -0.338135
0.985101 0.115223 0.127667
0 0 0 0
0.820374 0.379517
-0.111816 1.072998 -0.332275
0.628736 0.513078 0.584331
0 0 0 0
0.820618 0.363281
-0.120117 1.075439 -0.329834
0.001292 0.66531 0.746566
0 0 0 0
0.820679 0.347046
-0.128662 1.072998 -0.332275
-0.628736 0.513078 0.584331
0 0 0 0
0.820618 0.330811
-0.128662 1.078857 -0.340088
-0.638353 0.692584 0.335906
0 0 0 0
0.831909 0.330811
-0.120117 1.082031 -0.338867
-0.00117 0.901879 0.431987
0 0 0 0
0.832642 0.347046
-0.111816 1.078857 -0.340088
0.638353 0.692584 0.335906
0 0 0 0
0.831909 0.363281
-0.120117 0.249023 -0.356689
0.000979 0.999992 -0.003905
0 0 0 0
0.848511 0.282166
-0.120117 0.249023 -0.400635
0.000978 1 -0.000001
0 0 0 0
0.929688 0.282166
-0.128662 0.245605 -0.400635
-0.707106 0.707106 0.001023
0 0 0 0
0.92981 0.298401
-0.128662 0.245605 -0.356689
-0.70808 0.706122 -0.003783
0 0 0 0
0.849731 0.298401
-0.13208 0.237061 -0.400635
-1 0.000978 -0.000001
0 0 0 0
0.930054 0.314636
-0.13208 0.237061 -0.356689
-0.999996 -0.002933 -0.000009
0 0 0 0
0.852051 0.314636
-0.128662 0.22876 -0.400635
-0.707106 -0.707106 0.001023
0 0 0 0
0.930359 0.330811
-0.128662 0.22876 -0.356689
-0.706122 -0.70808 0.003783
0 0 0 0
0.854004 0.330811
-0.120117 0.225342 -0.400635
0.000978 -1 -0.000001
0 0 0 0
0.93042 0.347046
-0.120117 0.225342 -0.356689
0.000981 -0.999969 0.007804
0 0 0 0
0.854675 0.347046
-0.111816 0.22876 -0.400635
0.707106 -0.707106 0.001023
0 0 0 0
0.930359 0.363281
-0.111816 0.22876 -0.356689
0.706122 -0.70808 0.003783
0 0 0 0
0.854004 0.363281
-0.108154 0.237061 -0.400635
1 0.000978 -0.000001
0 0 0 0
0.930054 0.379517
-0.108154 0.237061 -0.356689
0.999996 -0.002933 -0.000009
0 0 0 0
0.852051 0.379517
-0.111816 0.245605 -0.400635
0.707106 0.707106 0.001023
0 0 0 0
0.92981 0.395752
-0.111816 0.245605 -0.356689
0.70808 0.706122 -0.003783
0 0 0 0
0.849731 0.395752
-0.120117 0.249023 -0.400635
0.000978 1 -0.000001
0 0 0 0
0.929688 0.411987
-0.120117 0.249023 -0.356689
0.000979 0.999992 -0.003905
0 0 0 0
0.848511 0.411987
-0.111816 0.24585 -0.349609
0.741545 0.666477 -0.076939
0 0 0 0
0.834595 0.395752
-0.120117 0.249268 -0.349854
0.001032 0.993496 -0.113861
0 0 0 0
0.831055 0.411987
-0.111816 0.246826 -0.345703
0.807545 0.534356 -0.24967
0 0 0 0
0.82489 0.395752
-0.120117 0.25 -0.34668
0.001171 0.900463 -0.43493
0 0 0 0
0.821411 0.411987
-0.111816 0.248291 -0.344238
0.828329 0.277699 -0.486575
0 0 0 0
0.819824 0.395752
-0.120117 0.250732 -0.34668
0.001358 0.368004 -0.929823
0 0 0 0
0.819458 0.411987
-0.111816 0.250977 -0.343262
0.768713 0.138294 -0.624463
0 0 0 0
0.813049 0.395752
-0.120117 0.252197 -0.346436
0.001377 0.177622 -0.984098
0 0 0 0
0.81488 0.411987
-0.111816 0.256348 -0.342285
0.735147 0.056939 -0.675512
0 0 0 0
0.801086 0.395752
-0.120117 0.256592 -0.345947
0.001381 0.078737 -0.996894
0 0 0 0
0.802612 0.411987
-0.111816 0.263672 -0.342041
0.706425 -0.001277 -0.707786
0 0 0 0
0.785339 0.395752
-0.120117 0.263672 -0.345703
0.001382 -0.001382 -0.999998
0 0 0 0
0.785461 0.411987
-0.111816 0.655029 -0.342529
0.706425 0.001277 -0.707786
0 0 0 0
0.088013 0.395752
-0.120117 0.655029 -0.345947
0.001382 0.001382 -0.999998
0 0 0 0
0.088013 0.411987
-0.108154 0.655029 -0.334229
1 0.000978 0.000001
0 0 0 0
0.088013 0.379517
-0.108154 0.263672 -0.33374
1 -0.000977 -0.000001
0 0 0 0
0.785034 0.379517
-0.108154 0.255615 -0.333984
0.998505 -0.009032 0.053914
0 0 0 0
0.798767 0.379517
-0.108154 0.248291 -0.335449
0.993045 -0.046308 0.108243
0 0 0 0
0.810608 0.379517
-0.108154 0.242676 -0.338135
0.985101 -0.115223 0.127667
0 0 0 0
0.820374 0.379517
-0.108154 0.239014 -0.342773
0.989117 -0.130333 0.06827
0 0 0 0
0.829407 0.379517
-0.108154 0.237305 -0.349121
0.997705 -0.065988 0.015165
0 0 0 0
0.839722 0.379517
-0.111816 0.229004 -0.348633
0.673182 -0.730913 0.112218
0 0 0 0
0.842957 0.363281
-0.120117 0.225586 -0.348389
0.001048 -0.988642 0.150286
0 0 0 0
0.843994 0.347046
-0.128662 0.229004 -0.348633
-0.673182 -0.730913 0.112218
0 0 0 0
0.842957 0.330811
-0.13208 0.237305 -0.349121
-0.997705 -0.065988 0.015165
0 0 0 0
0.839722 0.314636
-0.128662 0.24585 -0.349609
-0.741545 0.666477 -0.076939
0 0 0 0
0.834595 0.298401
-0.120117 0.249268 -0.349854
0.001032 0.993496 -0.113861
0 0 0 0
0.831055 0.282166
-0.128662 0.246826 -0.345703
-0.807545 0.534356 -0.24967
0 0 0 0
0.82489 0.298401
-0.120117 0.25 -0.34668
0.001171 0.900463 -0.43493
0 0 0 0
0.821411 0.282166
-0.128662 0.248291 -0.344238
-0.828328 0.277699 -0.486575
0 0 0 0
0.819824 0.298401
-0.120117 0.250732 -0.34668
0.001358 0.368004 -0.929823
0 0 0 0
0.819458 0.282166
-0.128662 0.250977 -0.343262
-0.768713 0.138294 -0.624463
0 0 0 0
0.813049 0.298401
-0.120117 0.252197 -0.346436
0.001377 0.177622 -0.984098
0 0 0 0
0.81488 0.282166
-0.128662 0.256348 -0.342285
-0.735147 0.056939 -0.675512
0 0 0 0
0.801086 0.298401
-0.120117 0.256592 -0.345947
0.001381 0.078737 -0.996894
0 0 0 0
0.802612 0.282166
-0.128662 0.263672 -0.342041
-0.706425 -0.001277 -0.707786
0 0 0 0
0.785339 0.298401
-0.120117 0.263672 -0.345703
0.001382 -0.001382 -0.999998
0 0 0 0
0.785461 0.282166
-0.128662 0.655029 -0.342529
-0.706425 0.001277 -0.707786
0 0 0 0
0.088013 0.298401
-0.120117 0.655029 -0.345947
0.001382 0.001382 -0.999998
0 0 0 0
0.088013 0.282166
-0.13208 0.655029 -0.334229
-1 0.000978 0.000001
0 0 0 0
0.088013 0.314636
-0.13208 0.263672 -0.33374
-1 -0.000977 -0.000001
0 0 0 0
0.785034 0.314636
-0.13208 0.255615 -0.333984
-0.998505 -0.009032 0.053914
0 0 0 0
0.798767 0.314636
-0.13208 0.248291 -0.335449
-0.993045 -0.046308 0.108243
0 0 0 0
0.810608 0.314636
-0.13208 0.242676 -0.338135
-0.985101 -0.115223 0.127667
0 0 0 0
0.820374 0.314636
-0.13208 0.239014 -0.342773
-0.989117 -0.130333 0.06827
0 0 0 0
0.829407 0.314636
-0.128662 0.231201 -0.340088
-0.638353 -0.692584 0.335906
0 0 0 0
0.831909 0.330811
-0.120117 0.228027 -0.338867
-0.00117 -0.901879 0.431987
0 0 0 0
0.832642 0.347046
-0.111816 0.231201 -0.340088
0.638353 -0.692584 0.335906
0 0 0 0
0.831909 0.363281
-0.111816 0.237061 -0.332275
0.628736 -0.513078 0.584331
0 0 0 0
0.820618 0.363281
-0.111816 0.245605 -0.327393
0.650923 -0.264717 0.711494
0 0 0 0
0.809143 0.363281
-0.111816 0.254639 -0.325684
0.67759 -0.088717 0.73007
0 0 0 0
0.79718 0.363281
-0.111816 0.263672 -0.325195
0.706425 0.001277 0.707786
0 0 0 0
0.784729 0.363281
-0.111816 0.655029 -0.325684
0.706425 0.001277 0.707786
0 0 0 0
0.088074 0.363281
-0.120117 0.655029 -0.322266
0.001382 0.001382 0.999998
0 0 0 0
0.088074 0.347046
-0.120117 0.263672 -0.321777
0.001382 0.001382 0.999998
0 0 0 0
0.784668 0.347046
-0.120117 0.254395 -0.322266
0.00138 -0.122802 0.99243
0 0 0 0
0.796692 0.347046
-0.120117 0.244385 -0.324219
0.00136 -0.352262 0.9359
0 0 0 0
0.808655 0.347046
-0.120117 0.234619 -0.329834
-0.001292 -0.66531 0.746566
0 0 0 0
0.820679 0.347046
-0.128662 0.237061 -0.332275
-0.628736 -0.513078 0.584331
0 0 0 0
0.820618 0.330811
-0.128662 0.245605 -0.327393
-0.650923 -0.264717 0.711494
0 0 0 0
0.809143 0.330811
-0.128662 0.254639 -0.325684
-0.67759 -0.088717 0.73007
0 0 0 0
0.79718 0.330811
-0.128662 0.263672 -0.325195
-0.706425 0.001277 0.707786
0 0 0 0
0.784729 0.330811
-0.128662 0.655029 -0.325684
-0.706425 0.001277 0.707786
0 0 0 0
0.088074 0.330811
-0.695068 0 -0.180664
1 0.000978 -0.000001
0 0 0 0
0 0.094299
-0.695068 0 -0.400146
1 0.000978 -0.000001
0 0 0 0
0 0.218567
-0.695068 2.023926 -0.400146
1 0.000978 -0.000001
0 0 0 0
1 0.218567
-0.695068 2.023926 -0.180664
1 0.000978 -0.000001
0 0 0 0
1 0.094299
-0.945068 0 -0.180664
0.001382 0.001382 0.999998
0 0 0 0
0 0.094299
-0.695068 0 -0.180664
0.001382 0.001382 0.999998
0 0 0 0
0 0.218567
-0.695068 2.023926 -0.180664
0.001382 0.001382 0.999998
0 0 0 0
1 0.218567
-0.945068 2.023926 -0.180664
0.001382 0.001382 0.999998
0 0 0 0
1 0.094299
-0.945068 0 -0.400146
-1 0.000978 -0.000001
0 0 0 0
0 0.094299
-0.945068 0 -0.180664
-1 0.000978 -0.000001
0 0 0 0
0 0.218567
-0.945068 2.023926 -0.180664
-1 0.000978 -0.000001
0 0 0 0
1 0.218567
-0.945068 2.023926 -0.400146
-1 0.000978 -0.000001
0 0 0 0
1 0.094299
-2 1.286133 -0.210693
0.000978 -1 -0.000001
0 0 0 0
0.012634 0.094299
-2 1.286133 -0.400146
0.000978 -1 -0.000001
0 0 0 0
0.012634 0.218567
0 1.286133 -0.400146
0.000978 -1 -0.000001
0 0 0 0
0.987366 0.218567
0 1.286133 -0.210693
0.000978 -1 -0.000001
0 0 0 0
0.987366 0.094299
-2 1.536133 -0.210693
0.001382 0.001382 0.999998
0 0 0 0
0.012634 0.094299
-2 1.286133 -0.210693
0.001382 0.001382 0.999998
0 0 0 0
0.012634 0.218567
0 1.286133 -0.210693
0.001382 0.001382 0.999998
0 0 0 0
0.987366 0.218567
0 1.536133 -0.210693
0.001382 0.001382 0.999998
0 0 0 0
0.987366 0.094299
-2 1.536133 -0.400146
0.000978 1 -0.000001
0 0 0 0
0.012634 0.094299
-2 1.536133 -0.210693
0.000978 1 -0.000001
0 0 0 0
0.012634 0.218567
0 1.536133 -0.210693
0.000978 1 -0.000001
0 0 0 0
0.987366 0.218567
0 1.536133 -0.400146
0.000978 1 -0.000001
0 0 0 0
0.987366 0.094299
0 1.286133 -0.210693
0.000978 -1 -0.000001
0 0 0 0
0.012634 0.094299
0 1.286133 -0.400146
0.000978 -1 -0.000001
0 0 0 0
0.012634 0.218567
2 1.286133 -0.400146
0.000978 -1 -0.000001
0 0 0 0
0.987366 0.218567
2 1.286133 -0.210693
0.000978 -1 -0.000001
0 0 0 0
0.987366 0.094299
0 1.536133 -0.210693
0.001382 0.001382 0.999998
0 0 0 0
0.012634 0.094299
0 1.286133 -0.210693
0.001382 0.001382 0.999998
0 0 0 0
0.012634 0.218567
2 1.286133 -0.210693
0.001382 0.001382 0.999998
0 0 0 0
0.987366 0.218567
2 1.536133 -0.210693
0.001382 0.001382 0.999998
0 0 0 0
0.987366 0.094299
0 1.536133 -0.400146
0.000978 1 -0.000001
0 0 0 0
0.012634 0.094299
0 1.536133 -0.210693
0.000978 1 -0.000001
0 0 0 0
0.012634 0.218567
2 1.536133 -0.210693
0.000978 1 -0.000001
0 0 0 0
0.987366 0.218567
2 1.536133 -0.400146
0.000978 1 -0.000001
0 0 0 0
0.987366 0.094299
0.943604 0 -0.180664
1 0.000978 -0.000001
0 0 0 0
0 0.094299
0.943604 0 -0.400146
1 0.000978 -0.000001
0 0 0 0
0 0.218567
0.943604 2.023926 -0.400146
1 0.000978 -0.000001
0 0 0 0
1 0.218567
0.943604 2.023926 -0.180664
1 0.000978 -0.000001
0 0 0 0
1 0.094299
0.693604 0 -0.180664
0.001382 0.001382 0.999998
0 0 0 0
0 0.094299
0.943604 0 -0.180664
0.001382 0.001382 0.999998
0 0 0 0
0 0.218567
0.943604 2.023926 -0.180664
0.001382 0.001382 0.999998
0 0 0 0
1 0.218567
0.693604 2.023926 -0.180664
0.001382 0.001382 0.999998
0 0 0 0
1 0.094299
0.693604 0 -0.400146
-1 0.000978 -0.000001
0 0 0 0
0 0.094299
0.693604 0 -0.180664
-1 0.000978 -0.000001
0 0 0 0
0 0.218567
0.693604 2.023926 -0.180664
-1 0.000978 -0.000001
0 0 0 0
1 0.218567
0.693604 2.023926 -0.400146
-1 0.000978 -0.000001
0 0 0 0
1 0.094299
-0.712158 1.924316 -0.328613
0.001335 -0.500689 0.865626
0 0 0 0
0 0.138855
0.687744 1.931885 -0.330811
0.00137 0.264422 0.964406
0 0 0 0
1 0.095032
-0.712158 1.931885 -0.330811
0.00137 0.264422 0.964406
0 0 0 0
0 0.095032
0.687744 1.924316 -0.328613
0.001335 -0.500689 0.865626
0 0 0 0
1 0.138855
-0.712158 1.918945 -0.338135
0.001194 -0.870489 0.492186
0 0 0 0
0 0.218933
0.687744 1.918945 -0.338135
0.001194 -0.870489 0.492186
0 0 0 0
1 0.218933
-0.712158 1.931885 -0.330811
0.001197 0.86573 0.500511
0 0 0 0
0 0.218933
0.687744 1.931885 -0.330811
0.001197 0.86573 0.500511
0 0 0 0
1 0.218933
0.687744 1.9729 -0.401855
0.001197 0.86573 0.500511
0 0 0 0
1 0.095032
-0.712158 1.9729 -0.401855
0.001197 0.86573 0.500511
0 0 0 0
0 0.095032
-0.712158 1.959961 -0.40918
0.001197 -0.865729 -0.500511
0 0 0 0
0 0.218933
0.687744 1.959961 -0.40918
0.001197 -0.865729 -0.500511
0 0 0 0
1 0.218933
0.687744 1.918945 -0.338135
0.001197 -0.865729 -0.500511
0 0 0 0
1 0.095032
-0.712158 1.918945 -0.338135
0.001197 -0.865729 -0.500511
0 0 0 0
0 0.095032
-0.712158 1.858643 -0.328613
0.001335 -0.500689 0.865626
0 0 0 0
0 0.138855
0.687744 1.866211 -0.330811
0.00137 0.264422 0.964406
0 0 0 0
1 0.095032
-0.712158 1.866211 -0.330811
0.00137 0.264422 0.964406
0 0 0 0
0 0.095032
0.687744 1.858643 -0.328613
0.001335 -0.500689 0.865626
0 0 0 0
1 0.138855
-0.712158 1.853271 -0.338135
0.001194 -0.870489 0.492186
0 0 0 0
0 0.218933
0.687744 1.853271 -0.338135
0.001194 -0.870489 0.492186
0 0 0 0
1 0.218933
-0.712158 1.866211 -0.330811
0.001197 0.86573 0.500511
0 0 0 0
0 0.218933
0.687744 1.866211 -0.330811
0.001197 0.86573 0.500511
0 0 0 0
1 0.218933
0.687744 1.907227 -0.401855
0.001197 0.86573 0.500511
0 0 0 0
1 0.095032
-0.712158 1.907227 -0.401855
0.001197 0.86573 0.500511
0 0 0 0
0 0.095032
-0.712158 1.894287 -0.40918
0.001197 -0.865729 -0.500511
0 0 0 0
0 0.218933
0.687744 1.894287 -0.40918
0.001197 -0.865729 -0.500511
0 0 0 0
1 0.218933
0.687744 1.853271 -0.338135
0.001197 -0.865729 -0.500511
0 0 0 0
1 0.095032
-0.712158 1.853271 -0.338135
0.001197 -0.865729 -0.500511
0 0 0 0
0 0.095032
-0.712158 1.793213 -0.328613
0.001335 -0.500689 0.865626
0 0 0 0
0 0.138855
0.687744 1.800537 -0.330811
0.00137 0.264422 0.964406
0 0 0 0
1 0.095032
-0.712158 1.800537 -0.330811
0.00137 0.264422 0.964406
0 0 0 0
0 0.095032
0.687744 1.793213 -0.328613
0.001335 -0.500689 0.865626
0 0 0 0
1 0.138855
-0.712158 1.787598 -0.338135
0.001194 -0.870489 0.492186
0 0 0 0
0 0.218933
0.687744 1.787598 -0.338135
0.001194 -0.870489 0.492186
0 0 0 0
1 0.218933
-0.712158 1.800537 -0.330811
0.001197 0.86573 0.500511
0 0 0 0
0 0.218933
0.687744 1.800537 -0.330811
0.001197 0.86573 0.500511
0 0 0 0
1 0.218933
0.687744 1.841553 -0.401855
0.001197 0.86573 0.500511
0 0 0 0
1 0.095032
-0.712158 1.841553 -0.401855
0.001197 0.86573 0.500511
0 0 0 0
0 0.095032
-0.712158 1.828613 -0.40918
0.001197 -0.865729 -0.500511
0 0 0 0
0 0.218933
0.687744 1.828613 -0.40918
0.001197 -0.865729 -0.500511
0 0 0 0
1 0.218933
0.687744 1.787598 -0.338135
0.001197 -0.865729 -0.500511
0 0 0 0
1 0.095032
-0.712158 1.787598 -0.338135
0.001197 -0.865729 -0.500511
0 0 0 0
0 0.095032
-0.712158 1.727539 -0.328613
0.001335 -0.500689 0.865626
0 0 0 0
0 0.138855
0.687744 1.735107 -0.330811
0.00137 0.264422 0.964406
0 0 0 0
1 0.095032
-0.712158 1.735107 -0.330811
0.00137 0.264422 0.964406
0 0 0 0
0 0.095032
0.687744 1.727539 -0.328613
0.001335 -0.500689 0.865626
0 0 0 0
1 0.138855
-0.712158 1.722168 -0.338135
0.001194 -0.870489 0.492186
0 0 0 0
0 0.218933
0.687744 1.722168 -0.338135
0.001194 -0.870489 0.492186
0 0 0 0
1 0.218933
-0.712158 1.735107 -0.330811
0.001197 0.86573 0.500511
0 0 0 0
0 0.218933
0.687744 1.735107 -0.330811
0.001197 0.86573 0.500511
0 0 0 0
1 0.218933
0.687744 1.776123 -0.401855
0.001197 0.86573 0.500511
0 0 0 0
1 0.095032
-0.712158 1.776123 -0.401855
0.001197 0.86573 0.500511
0 0 0 0
0 0.095032
-0.712158 1.763184 -0.40918
0.001197 -0.865729 -0.500511
0 0 0 0
0 0.218933
0.687744 1.763184 -0.40918
0.001197 -0.865729 -0.500511
0 0 0 0
1 0.218933
0.687744 1.722168 -0.338135
0.001197 -0.865729 -0.500511
0 0 0 0
1 0.095032
-0.712158 1.722168 -0.338135
0.001197 -0.865729 -0.500511
0 0 0 0
0 0.095032
-0.712158 1.661865 -0.328613
0.001335 -0.500689 0.865626
0 0 0 0
0 0.138855
0.687744 1.669434 -0.330811
0.00137 0.264422 0.964406
0 0 0 0
1 0.095032
-0.712158 1.669434 -0.330811
0.00137 0.264422 0.964406
0 0 0 0
0 0.095032
0.687744 1.661865 -0.328613
0.001335 -0.500689 0.865626
0 0 0 0
1 0.138855
-0.712158 1.656494 -0.338135
0.001194 -0.870489 0.492186
0 0 0 0
0 0.218933
0.687744 1.656494 -0.338135
0.001194 -0.870489 0.492186
0 0 0 0
1 0.218933
-0.712158 1.669434 -0.330811
0.001197 0.86573 0.500511
0 0 0 0
0 0.218933
0.687744 1.669434 -0.330811
0.001197 0.86573 0.500511
0 0 0 0
1 0.218933
0.687744 1.710449 -0.401855
0.001197 0.86573 0.500511
0 0 0 0
1 0.095032
-0.712158 1.710449 -0.401855
0.001197 0.86573 0.500511
0 0 0 0
0 0.095032
-0.712158 1.69751 -0.40918
0.001197 -0.865729 -0.500511
0 0 0 0
0 0.218933
0.687744 1.69751 -0.40918
0.001197 -0.865729 -0.500511
0 0 0 0
1 0.218933
0.687744 1.656494 -0.338135
0.001197 -0.865729 -0.500511
0 0 0 0
1 0.095032
-0.712158 1.656494 -0.338135
0.001197 -0.865729 -0.500511
0 0 0 0
0 0.095032
-0.712158 1.596191 -0.328613
0.001335 -0.500689 0.865626
0 0 0 0
0 0.138855
0.687744 1.60376 -0.330811
0.00137 0.264422 0.964406
0 0 0 0
1 0.095032
-0.712158 1.60376 -0.330811
0.00137 0.264422 0.964406
0 0 0 0
0 0.095032
0.687744 1.596191 -0.328613
0.001335 -0.500689 0.865626
0 0 0 0
1 0.138855
-0.712158 1.59082 -0.338135
0.001194 -0.870489 0.492186
0 0 0 0
0 0.218933
0.687744 1.59082 -0.338135
0.001194 -0.870489 0.492186
0 0 0 0
1 0.218933
-0.712158 1.60376 -0.330811
0.001197 0.86573 0.500511
0 0 0 0
0 0.218933
0.687744 1.60376 -0.330811
0.001197 0.86573 0.500511
0 0 0 0
1 0.218933
0.687744 1.644775 -0.401855
0.001197 0.86573 0.500511
0 0 0 0
1 0.095032
-0.712158 1.644775 -0.401855
0.001197 0.86573 0.500511
0 0 0 0
0 0.095032
-0.712158 1.631836 -0.40918
0.001197 -0.865729 -0.500511
0 0 0 0
0 0.218933
0.687744 1.631836 -0.40918
0.001197 -0.865729 -0.500511
0 0 0 0
1 0.218933
0.687744 1.59082 -0.338135
0.001197 -0.865729 -0.500511
0 0 0 0
1 0.095032
-0.712158 1.59082 -0.338135
0.001197 -0.865729 -0.500511
0 0 0 0
0 0.095032
-2.011719 1.596191 -0.328613
0.001335 -0.500689 0.865626
0 0 0 0
0 0.138855
-0.927246 1.60376 -0.330811
0.00137 0.264422 0.964406
0 0 0 0
1 0.095032
-2.011719 1.60376 -0.330811
0.00137 0.264422 0.964406
0 0 0 0
0 0.095032
-0.927246 1.596191 -0.328613
0.001335 -0.500689 0.865626
0 0 0 0
1 0.138855
-2.011719 1.59082 -0.338135
0.001194 -0.870489 0.492186
0 0 0 0
0 0.218933
-0.927246 1.59082 -0.338135
0.001194 -0.870489 0.492186
0 0 0 0
1 0.218933
-2.011719 1.60376 -0.330811
0.001197 0.86573 0.500511
0 0 0 0
0 0.218933
-0.927246 1.60376 -0.330811
0.001197 0.86573 0.500511
0 0 0 0
1 0.218933
-0.927246 1.644775 -0.401855
0.001197 0.86573 0.500511
0 0 0 0
1 0.095032
-2.011719 1.644775 -0.401855
0.001197 0.86573 0.500511
0 0 0 0
0 0.095032
-2.011719 1.631836 -0.40918
0.001197 -0.865729 -0.500511
0 0 0 0
0 0.218933
-0.927246 1.631836 -0.40918
0.001197 -0.865729 -0.500511
0 0 0 0
1 0.218933
-0.927246 1.59082 -0.338135
0.001197 -0.865729 -0.500511
0 0 0 0
1 0.095032
-2.011719 1.59082 -0.338135
0.001197 -0.865729 -0.500511
0 0 0 0
0 0.095032
-2.011719 1.661865 -0.328613
0.001335 -0.500689 0.865626
0 0 0 0
0 0.138855
-0.927246 1.669434 -0.330811
0.00137 0.264422 0.964406
0 0 0 0
1 0.095032
-2.011719 1.669434 -0.330811
0.00137 0.264422 0.964406
0 0 0 0
0 0.095032
-0.927246 1.661865 -0.328613
0.001335 -0.500689 0.865626
0 0 0 0
1 0.138855
-2.011719 1.656494 -0.338135
0.001194 -0.870489 0.492186
0 0 0 0
0 0.218933
-0.927246 1.656494 -0.338135
0.001194 -0.870489 0.492186
0 0 0 0
1 0.218933
-2.011719 1.669434 -0.330811
0.001197 0.86573 0.500511
0 0 0 0
0 0.218933
-0.927246 1.669434 -0.330811
0.001197 0.86573 0.500511
0 0 0 0
1 0.218933
-0.927246 1.710449 -0.401855
0.001197 0.86573 0.500511
0 0 0 0
1 0.095032
-2.011719 1.710449 -0.401855
0.001197 0.86573 0.500511
0 0 0 0
0 0.095032
-2.011719 1.69751 -0.40918
0.001197 -0.865729 -0.500511
0 0 0 0
0 0.218933
-0.927246 1.69751 -0.40918
0.001197 -0.865729 -0.500511
0 0 0 0
1 0.218933
-0.927246 1.656494 -0.338135
0.001197 -0.865729 -0.500511
0 0 0 0
1 0.095032
-2.011719 1.656494 -0.338135
0.001197 -0.865729 -0.500511
0 0 0 0
0 0.095032
-2.011719 1.727539 -0.328613
0.001335 -0.500689 0.865626
0 0 0 0
0 0.138855
-0.927246 1.735107 -0.330811
0.00137 0.264422 0.964406
0 0 0 0
1 0.095032
-2.011719 1.735107 -0.330811
0.00137 0.264422 0.964406
0 0 0 0
0 0.095032
-0.927246 1.727539 -0.328613
0.001335 -0.500689 0.865626
0 0 0 0
1 0.138855
-2.011719 1.722168 -0.338135
0.001194 -0.870489 0.492186
0 0 0 0
0 0.218933
-0.927246 1.722168 -0.338135
0.001194 -0.870489 0.492186
0 0 0 0
1 0.218933
-2.011719 1.735107 -0.330811
0.001197 0.86573 0.500511
0 0 0 0
0 0.218933
-0.927246 1.735107 -0.330811
0.001197 0.86573 0.500511
0 0 0 0
1 0.218933
-0.927246 1.776123 -0.401855
0.001197 0.86573 0.500511
0 0 0 0
1 0.095032
-2.011719 1.776123 -0.401855
0.001197 0.86573 0.500511
0 0 0 0
0 0.095032
-2.011719 1.763184 -0.40918
0.001197 -0.865729 -0.500511
0 0 0 0
0 0.218933
-0.927246 1.763184 -0.40918
0.001197 -0.865729 -0.500511
0 0 0 0
1 0.218933
-0.927246 1.722168 -0.338135
0.001197 -0.865729 -0.500511
0 0 0 0
1 0.095032
-2.011719 1.722168 -0.338135
0.001197 -0.865729 -0.500511
0 0 0 0
0 0.095032
-2.011719 1.793213 -0.328613
0.001335 -0.500689 0.865626
0 0 0 0
0 0.138855
-0.927246 1.800537 -0.330811
0.00137 0.264422 0.964406
0 0 0 0
1 0.095032
-2.011719 1.800537 -0.330811
0.00137 0.264422 0.964406
0 0 0 0
0 0.095032
-0.927246 1.793213 -0.328613
0.001335 -0.500689 0.865626
0 0 0 0
1 0.138855
-2.011719 1.787598 -0.338135
0.001194 -0.870489 0.492186
0 0 0 0
0 0.218933
-0.927246 1.787598 -0.338135
0.001194 -0.870489 0.492186
0 0 0 0
1 0.218933
-2.011719 1.800537 -0.330811
0.001197 0.86573 0.500511
0 0 0 0
0 0.218933
-0.927246 1.800537 -0.330811
0.001197 0.86573 0.500511
0 0 0 0
1 0.218933
-0.927246 1.841553 -0.401855
0.001197 0.86573 0.500511
0 0 0 0
1 0.095032
-2.011719 1.841553 -0.401855
0.001197 0.86573 0.500511
0 0 0 0
0 0.095032
-2.011719 1.828613 -0.40918
0.001197 -0.865729 -0.500511
0 0 0 0
0 0.218933
-0.927246 1.828613 -0.40918
0.001197 -0.865729 -0.500511
0 0 0 0
1 0.218933
-0.927246 1.787598 -0.338135
0.001197 -0.865729 -0.500511
0 0 0 0
1 0.095032
-2.011719 1.787598 -0.338135
0.001197 -0.865729 -0.500511
0 0 0 0
0 0.095032
-2.011719 1.858643 -0.328613
0.001335 -0.500689 0.865626
0 0 0 0
0 0.138855
-0.927246 1.866211 -0.330811
0.00137 0.264422 0.964406
0 0 0 0
1 0.095032
-2.011719 1.866211 -0.330811
0.00137 0.264422 0.964406
0 0 0 0
0 0.095032
-0.927246 1.858643 -0.328613
0.001335 -0.500689 0.865626
0 0 0 0
1 0.138855
-2.011719 1.853271 -0.338135
0.001194 -0.870489 0.492186
0 0 0 0
0 0.218933
-0.927246 1.853271 -0.338135
0.001194 -0.870489 0.492186
0 0 0 0
1 0.218933
-2.011719 1.866211 -0.330811
0.001197 0.86573 0.500511
0 0 0 0
0 0.218933
-0.927246 1.866211 -0.330811
0.001197 0.86573 0.500511
0 0 0 0
1 0.218933
-0.927246 1.907227 -0.401855
0.001197 0.86573 0.500511
0 0 0 0
1 0.095032
-2.011719 1.907227 -0.401855
0.001197 0.86573 0.500511
0 0 0 0
0 0.095032
-2.011719 1.894287 -0.40918
0.001197 -0.865729 -0.500511
0 0 0 0
0 0.218933
-0.927246 1.894287 -0.40918
0.001197 -0.865729 -0.500511
0 0 0 0
1 0.218933
-0.927246 1.853271 -0.338135
0.001197 -0.865729 -0.500511
0 0 0 0
1 0.095032
-2.011719 1.853271 -0.338135
0.001197 -0.865729 -0.500511
0 0 0 0
0 0.095032
-2.011719 1.924316 -0.328613
0.001335 -0.500689 0.865626
0 0 0 0
0 0.138855
-0.927246 1.931885 -0.330811
0.00137 0.264422 0.964406
0 0 0 0
1 0.095032
-2.011719 1.931885 -0.330811
0.00137 0.264422 0.964406
0 0 0 0
0 0.095032
-0.927246 1.924316 -0.328613
0.001335 -0.500689 0.865626
0 0 0 0
1 0.138855
-2.011719 1.918945 -0.338135
0.001194 -0.870489 0.492186
0 0 0 0
0 0.218933
-0.927246 1.918945 -0.338135
0.001194 -0.870489 0.492186
0 0 0 0
1 0.218933
-2.011719 1.931885 -0.330811
0.001197 0.86573 0.500511
0 0 0 0
0 0.218933
-0.927246 1.931885 -0.330811
0.001197 0.86573 0.500511
0 0 0 0
1 0.218933
-0.927246 1.9729 -0.401855
0.001197 0.86573 0.500511
0 0 0 0
1 0.095032
-2.011719 1.9729 -0.401855
0.001197 0.86573 0.500511
0 0 0 0
0 0.095032
-2.011719 1.959961 -0.40918
0.001197 -0.865729 -0.500511
0 0 0 0
0 0.218933
-0.927246 1.959961 -0.40918
0.001197 -0.865729 -0.500511
0 0 0 0
1 0.218933
-0.927246 1.918945 -0.338135
0.001197 -0.865729 -0.500511
0 0 0 0
1 0.095032
-2.011719 1.918945 -0.338135
0.001197 -0.865729 -0.500511
0 0 0 0
0 0.095032
0.927246 1.596191 -0.328613
0.001335 -0.500689 0.865626
0 0 0 0
0 0.138855
1.988281 1.60376 -0.330811
0.00137 0.264422 0.964406
0 0 0 0
1 0.095032
0.927246 1.60376 -0.330811
0.00137 0.264422 0.964406
0 0 0 0
0 0.095032
1.988281 1.596191 -0.328613
0.001335 -0.500689 0.865626
0 0 0 0
1 0.138855
0.927246 1.59082 -0.338135
0.001194 -0.870489 0.492186
0 0 0 0
0 0.218933
1.988281 1.59082 -0.338135
0.001194 -0.870489 0.492186
0 0 0 0
1 0.218933
0.927246 1.60376 -0.330811
0.001197 0.86573 0.500511
0 0 0 0
0 0.218933
1.988281 1.60376 -0.330811
0.001197 0.86573 0.500511
0 0 0 0
1 0.218933
1.988281 1.644775 -0.401855
0.001197 0.86573 0.500511
0 0 0 0
1 0.095032
0.927246 1.644775 -0.401855
0.001197 0.86573 0.500511
0 0 0 0
0 0.095032
0.927246 1.631836 -0.40918
0.001197 -0.865729 -0.500511
0 0 0 0
0 0.218933
1.988281 1.631836 -0.40918
0.001197 -0.865729 -0.500511
0 0 0 0
1 0.218933
1.988281 1.59082 -0.338135
0.001197 -0.865729 -0.500511
0 0 0 0
1 0.095032
0.927246 1.59082 -0.338135
0.001197 -0.865729 -0.500511
0 0 0 0
0 0.095032
0.927246 1.661865 -0.328613
0.001335 -0.500689 0.865626
0 0 0 0
0 0.138855
1.988281 1.669434 -0.330811
0.00137 0.264422 0.964406
0 0 0 0
1 0.095032
0.927246 1.669434 -0.330811
0.00137 0.264422 0.964406
0 0 0 0
0 0.095032
1.988281 1.661865 -0.328613
0.001335 -0.500689 0.865626
0 0 0 0
1 0.138855
0.927246 1.656494 -0.338135
0.001194 -0.870489 0.492186
0 0 0 0
0 0.218933
1.988281 1.656494 -0.338135
0.001194 -0.870489 0.492186
0 0 0 0
1 0.218933
0.927246 1.669434 -0.330811
0.001197 0.86573 0.500511
0 0 0 0
0 0.218933
1.988281 1.669434 -0.330811
0.001197 0.86573 0.500511
0 0 0 0
1 0.218933
1.988281 1.710449 -0.401855
0.001197 0.86573 0.500511
0 0 0 0
1 0.095032
0.927246 1.710449 -0.401855
0.001197 0.86573 0.500511
0 0 0 0
0 0.095032
0.927246 1.69751 -0.40918
0.001197 -0.865729 -0.500511
0 0 0 0
0 0.218933
1.988281 1.69751 -0.40918
0.001197 -0.865729 -0.500511
0 0 0 0
1 0.218933
1.988281 1.656494 -0.338135
0.001197 -0.865729 -0.500511
0 0 0 0
1 0.095032
0.927246 1.656494 -0.338135
0.001197 -0.865729 -0.500511
0 0 0 0
0 0.095032
0.927246 1.727539 -0.328613
0.001335 -0.500689 0.865626
0 0 0 0
0 0.138855
1.988281 1.735107 -0.330811
0.00137 0.264422 0.964406
0 0 0 0
1 0.095032
0.927246 1.735107 -0.330811
0.00137 0.264422 0.964406
0 0 0 0
0 0.095032
1.988281 1.727539 -0.328613
0.001335 -0.500689 0.865626
0 0 0 0
1 0.138855
0.927246 1.722168 -0.338135
0.001194 -0.870489 0.492186
0 0 0 0
0 0.218933
1.988281 1.722168 -0.338135
0.001194 -0.870489 0.492186
0 0 0 0
1 0.218933
0.927246 1.735107 -0.330811
0.001197 0.86573 0.500511
0 0 0 0
0 0.218933
1.988281 1.735107 -0.330811
0.001197 0.86573 0.500511
0 0 0 0
1 0.218933
1.988281 1.776123 -0.401855
0.001197 0.86573 0.500511
0 0 0 0
1 0.095032
0.927246 1.776123 -0.401855
0.001197 0.86573 0.500511
0 0 0 0
0 0.095032
0.927246 1.763184 -0.40918
0.001197 -0.865729 -0.500511
0 0 0 0
0 0.218933
1.988281 1.763184 -0.40918
0.001197 -0.865729 -0.500511
0 0 0 0
1 0.218933
1.988281 1.722168 -0.338135
0.001197 -0.865729 -0.500511
0 0 0 0
1 0.095032
0.927246 1.722168 -0.338135
0.001197 -0.865729 -0.500511
0 0 0 0
0 0.095032
0.927246 1.793213 -0.328613
0.001335 -0.500689 0.865626
0 0 0 0
0 0.138855
1.988281 1.800537 -0.330811
0.00137 0.264422 0.964406
0 0 0 0
1 0.095032
0.927246 1.800537 -0.330811
0.00137 0.264422 0.964406
0 0 0 0
0 0.095032
1.988281 1.793213 -0.328613
0.001335 -0.500689 0.865626
0 0 0 0
1 0.138855
0.927246 1.787598 -0.338135
0.001194 -0.870489 0.492186
0 0 0 0
0 0.218933
1.988281 1.787598 -0.338135
0.001194 -0.870489 0.492186
0 0 0 0
1 0.218933
0.927246 1.800537 -0.330811
0.001197 0.86573 0.500511
0 0 0 0
0 0.218933
1.988281 1.800537 -0.330811
0.001197 0.86573 0.500511
0 0 0 0
1 0.218933
1.988281 1.841553 -0.401855
0.001197 0.86573 0.500511
0 0 0 0
1 0.095032
0.927246 1.841553 -0.401855
0.001197 0.86573 0.500511
0 0 0 0
0 0.095032
0.927246 1.828613 -0.40918
0.001197 -0.865729 -0.500511
0 0 0 0
0 0.218933
1.988281 1.828613 -0.40918
0.001197 -0.865729 -0.500511
0 0 0 0
1 0.218933
1.988281 1.787598 -0.338135
0.001197 -0.865729 -0.500511
0 0 0 0
1 0.095032
0.927246 1.787598 -0.338135
0.001197 -0.865729 -0.500511
0 0 0 0
0 0.095032
0.927246 1.858643 -0.328613
0.001335 -0.500689 0.865626
0 0 0 0
0 0.138855
1.988281 1.866211 -0.330811
0.00137 0.264422 0.964406
0 0 0 0
1 0.095032
0.927246 1.866211 -0.330811
0.00137 0.264422 0.964406
0 0 0 0
0 0.095032
1.988281 1.858643 -0.328613
0.001335 -0.500689 0.865626
0 0 0 0
1 0.138855
0.927246 1.853271 -0.338135
0.001194 -0.870489 0.492186
0 0 0 0
0 0.218933
1.988281 1.853271 -0.338135
0.001194 -0.870489 0.492186
0 0 0 0
1 0.218933
0.927246 1.866211 -0.330811
0.001197 0.86573 0.500511
0 0 0 0
0 0.218933
1.988281 1.866211 -0.330811
0.001197 0.86573 0.500511
0 0 0 0
1 0.218933
1.988281 1.907227 -0.401855
0.001197 0.86573 0.500511
0 0 0 0
1 0.095032
0.927246 1.907227 -0.401855
0.001197 0.86573 0.500511
0 0 0 0
0 0.095032
0.927246 1.894287 -0.40918
0.001197 -0.865729 -0.500511
0 0 0 0
0 0.218933
1.988281 1.894287 -0.40918
0.001197 -0.865729 -0.500511
0 0 0 0
1 0.218933
1.988281 1.853271 -0.338135
0.001197 -0.865729 -0.500511
0 0 0 0
1 0.095032
0.927246 1.853271 -0.338135
0.001197 -0.865729 -0.500511
0 0 0 0
0 0.095032
0.927246 1.924316 -0.328613
0.001335 -0.500689 0.865626
0 0 0 0
0 0.138855
1.988281 1.931885 -0.330811
0.00137 0.264422 0.964406
0 0 0 0
1 0.095032
0.927246 1.931885 -0.330811
0.00137 0.264422 0.964406
0 0 0 0
0 0.095032
1.988281 1.924316 -0.328613
0.001335 -0.500689 0.865626
0 0 0 0
1 0.138855
0.927246 1.918945 -0.338135
0.001194 -0.870489 0.492186
0 0 0 0
0 0.218933
1.988281 1.918945 -0.338135
0.001194 -0.870489 0.492186
0 0 0 0
1 0.218933
0.927246 1.931885 -0.330811
0.001197 0.86573 0.500511
0 0 0 0
0 0.218933
1.988281 1.931885 -0.330811
0.001197 0.86573 0.500511
0 0 0 0
1 0.218933
1.988281 1.9729 -0.401855
0.001197 0.86573 0.500511
0 0 0 0
1 0.095032
0.927246 1.9729 -0.401855
0.001197 0.86573 0.500511
0 0 0 0
0 0.095032
0.927246 1.959961 -0.40918
0.001197 -0.865729 -0.500511
0 0 0 0
0 0.218933
1.988281 1.959961 -0.40918
0.001197 -0.865729 -0.500511
0 0 0 0
1 0.218933
1.988281 1.918945 -0.338135
0.001197 -0.865729 -0.500511
0 0 0 0
1 0.095032
0.927246 1.918945 -0.338135
0.001197 -0.865729 -0.500511
0 0 0 0
0 0.095032
0.122803 0.655029 -0.342529
0.706425 0.001277 -0.707786
0 0 0 0
0.088013 0.395752
0.114502 0.655029 -0.345947
0.001382 0.001382 -0.999998
0 0 0 0
0.088013 0.411987
0.114502 1.046387 -0.345703
0.001382 0.001382 -0.999998
0 0 0 0
0.785461 0.411987
0.122803 1.046387 -0.342041
0.706425 0.001277 -0.707786
0 0 0 0
0.785339 0.395752
0.126465 0.655029 -0.334229
1 0.000978 0.000001
0 0 0 0
0.088013 0.379517
0.126465 1.046387 -0.33374
1 0.000978 -0.000001
0 0 0 0
0.785034 0.379517
0.122803 0.655029 -0.325684
0.706425 0.001277 0.707786
0 0 0 0
0.088074 0.363281
0.122803 1.046387 -0.325195
0.706425 -0.001277 0.707786
0 0 0 0
0.784729 0.363281
0.114502 0.655029 -0.322266
0.001382 0.001382 0.999998
0 0 0 0
0.088074 0.347046
0.114502 1.046387 -0.321777
0.001382 -0.001382 0.999998
0 0 0 0
0.784668 0.347046
0.122803 1.05542 -0.325684
0.67759 0.088717 0.73007
0 0 0 0
0.79718 0.363281
0.114502 1.055908 -0.322266
0.00138 0.122802 0.99243
0 0 0 0
0.796692 0.347046
0.105957 1.05542 -0.325684
-0.67759 0.088717 0.73007
0 0 0 0
0.79718 0.330811
0.105957 1.046387 -0.325195
-0.706425 -0.001277 0.707786
0 0 0 0
0.784729 0.330811
0.105957 0.655029 -0.325684
-0.706425 0.001277 0.707786
0 0 0 0
0.088074 0.330811
0.102539 1.046387 -0.33374
-1 0.000978 -0.000001
0 0 0 0
0.785034 0.314636
0.102539 0.655029 -0.334229
-1 0.000978 0.000001
0 0 0 0
0.088013 0.314636
0.105957 1.046387 -0.342041
-0.706425 0.001277 -0.707786
0 0 0 0
0.785339 0.298401
0.105957 0.655029 -0.342529
-0.706425 0.001277 -0.707786
0 0 0 0
0.088013 0.298401
0.114502 1.046387 -0.345703
0.001382 0.001382 -0.999998
0 0 0 0
0.785461 0.282166
0.114502 0.655029 -0.345947
0.001382 0.001382 -0.999998
0 0 0 0
0.088013 0.282166
0.114502 1.053467 -0.345947
-0.001381 -0.078737 -0.996894
0 0 0 0
0.802612 0.282166
0.105957 1.053711 -0.342285
-0.735147 -0.056939 -0.675512
0 0 0 0
0.801086 0.298401
0.114502 1.057861 -0.346436
-0.001377 -0.177622 -0.984098
0 0 0 0
0.81488 0.282166
0.105957 1.059082 -0.343262
-0.768713 -0.138294 -0.624463
0 0 0 0
0.813049 0.298401
0.114502 1.059326 -0.34668
0.001358 -0.368004 -0.929823
0 0 0 0
0.819458 0.282166
0.105957 1.061768 -0.344238
-0.828328 -0.277699 -0.486575
0 0 0 0
0.819824 0.298401
0.114502 1.060059 -0.34668
-0.001171 -0.900463 -0.43493
0 0 0 0
0.821411 0.282166
0.105957 1.063232 -0.345703
-0.807545 -0.534356 -0.24967
0 0 0 0
0.82489 0.298401
0.114502 1.060791 -0.349854
0.001032 -0.993496 -0.113861
0 0 0 0
0.831055 0.282166
0.105957 1.064209 -0.349609
-0.741545 -0.666477 -0.076939
0 0 0 0
0.834595 0.298401
0.114502 1.061035 -0.356689
0.000979 -0.999992 -0.003905
0 0 0 0
0.848511 0.282166
0.105957 1.064453 -0.356689
-0.70808 -0.706122 -0.003783
0 0 0 0
0.849731 0.298401
0.105957 1.064453 -0.400635
-0.707106 -0.707106 0.001023
0 0 0 0
0.92981 0.298401
0.114502 1.061035 -0.400635
0.000978 -1 -0.000001
0 0 0 0
0.929688 0.282166
0.102539 1.072998 -0.400635
-1 0.000978 -0.000001
0 0 0 0
0.930054 0.314636
0.102539 1.072998 -0.356689
-0.999996 0.002933 -0.000009
0 0 0 0
0.852051 0.314636
0.105957 1.081299 -0.400635
-0.707106 0.707106 0.001023
0 0 0 0
0.930359 0.330811
0.105957 1.081299 -0.356689
-0.706122 0.70808 0.003783
0 0 0 0
0.854004 0.330811
0.114502 1.084961 -0.400635
0.000978 1 -0.000001
0 0 0 0
0.93042 0.347046
0.114502 1.084961 -0.356689
0.000981 0.999969 0.007804
0 0 0 0
0.854675 0.347046
0.122803 1.081299 -0.400635
0.707106 0.707106 0.001023
0 0 0 0
0.930359 0.363281
0.122803 1.081299 -0.356689
0.706122 0.70808 0.003783
0 0 0 0
0.854004 0.363281
0.126465 1.072998 -0.400635
1 0.000978 -0.000001
0 0 0 0
0.930054 0.379517
0.126465 1.072998 -0.356689
0.999996 0.002933 -0.000009
0 0 0 0
0.852051 0.379517
0.122803 1.064453 -0.400635
0.707106 -0.707106 0.001023
0 0 0 0
0.92981 0.395752
0.122803 1.064453 -0.356689
0.70808 -0.706122 -0.003783
0 0 0 0
0.849731 0.395752
0.114502 1.061035 -0.400635
0.000978 -1 -0.000001
0 0 0 0
0.929688 0.411987
0.114502 1.061035 -0.356689
0.000979 -0.999992 -0.003905
0 0 0 0
0.848511 0.411987
0.122803 1.064209 -0.349609
0.741545 -0.666477 -0.076939
0 0 0 0
0.834595 0.395752
0.114502 1.060791 -0.349854
0.001032 -0.993496 -0.113861
0 0 0 0
0.831055 0.411987
0.122803 1.063232 -0.345703
0.807545 -0.534356 -0.24967
0 0 0 0
0.82489 0.395752
0.114502 1.060059 -0.34668
-0.001171 -0.900463 -0.43493
0 0 0 0
0.821411 0.411987
0.122803 1.061768 -0.344238
0.828329 -0.277699 -0.486575
0 0 0 0
0.819824 0.395752
0.114502 1.059326 -0.34668
0.001358 -0.368004 -0.929823
0 0 0 0
0.819458 0.411987
0.122803 1.059082 -0.343262
0.768713 -0.138294 -0.624463
0 0 0 0
0.813049 0.395752
0.114502 1.057861 -0.346436
-0.001377 -0.177622 -0.984098
0 0 0 0
0.81488 0.411987
0.122803 1.053711 -0.342285
0.735147 -0.056939 -0.675512
0 0 0 0
0.801086 0.395752
0.114502 1.053467 -0.345947
-0.001381 -0.078737 -0.996894
0 0 0 0
0.802612 0.411987
0.126465 1.054688 -0.333984
0.998505 0.009032 0.053914
0 0 0 0
0.798767 0.379517
0.126465 1.061768 -0.335449
0.993045 0.046308 0.108243
0 0 0 0
0.810608 0.379517
0.122803 1.064697 -0.327393
0.650923 0.264717 0.711494
0 0 0 0
0.809143 0.363281
0.114502 1.065674 -0.324219
0.00136 0.352262 0.9359
0 0 0 0
0.808655 0.347046
0.105957 1.064697 -0.327393
-0.650923 0.264717 0.711494
0 0 0 0
0.809143 0.330811
0.102539 1.061768 -0.335449
-0.993045 0.046308 0.108243
0 0 0 0
0.810608 0.314636
0.102539 1.054688 -0.333984
-0.998505 0.009032 0.053914
0 0 0 0
0.798767 0.314636
0.102539 1.067383 -0.338135
-0.985101 0.115223 0.127667
0 0 0 0
0.820374 0.314636
0.102539 1.071045 -0.342773
-0.989117 0.130333 0.06827
0 0 0 0
0.829407 0.314636
0.102539 1.072754 -0.349121
-0.997705 0.065988 0.015165
0 0 0 0
0.839722 0.314636
0.105957 1.081055 -0.348633
-0.673182 0.730913 0.112218
0 0 0 0
0.842957 0.330811
0.114502 1.084473 -0.348389
0.001048 0.988642 0.150286
0 0 0 0
0.843994 0.347046
0.122803 1.081055 -0.348633
0.673182 0.730913 0.112218
0 0 0 0
0.842957 0.363281
0.126465 1.072754 -0.349121
0.997705 0.065988 0.015165
0 0 0 0
0.839722 0.379517
0.126465 1.071045 -0.342773
0.989117 0.130333 0.06827
0 0 0 0
0.829407 0.379517
0.126465 1.067383 -0.338135
0.985101 0.115223 0.127667
0 0 0 0
0.820374 0.379517
0.122803 1.072998 -0.332275
0.628736 0.513078 0.584331
0 0 0 0
0.820618 0.363281
0.114502 1.075439 -0.329834
0.001292 0.66531 0.746566
0 0 0 0
0.820679 0.347046
0.105957 1.072998 -0.332275
-0.628736 0.513078 0.584331
0 0 0 0
0.820618 0.330811
0.105957 1.078857 -0.340088
-0.638353 0.692584 0.335906
0 0 0 0
0.831909 0.330811
0.114502 1.082031 -0.338867
-0.00117 0.901879 0.431987
0 0 0 0
0.832642 0.347046
0.122803 1.078857 -0.340088
0.638353 0.692584 0.335906
0 0 0 0
0.831909 0.363281
0.114502 0.249023 -0.356689
0.000979 0.999992 -0.003905
0 0 0 0
0.848511 0.282166
0.114502 0.249023 -0.400635
0.000978 1 -0.000001
0 0 0 0
0.929688 0.282166
0.105957 0.245605 -0.400635
-0.707106 0.707106 0.001023
0 0 0 0
0.92981 0.298401
0.105957 0.245605 -0.356689
-0.70808 0.706122 -0.003783
0 0 0 0
0.849731 0.298401
0.102539 0.237061 -0.400635
-1 0.000978 -0.000001
0 0 0 0
0.930054 0.314636
0.102539 0.237061 -0.356689
-0.999996 -0.002933 -0.000009
0 0 0 0
0.852051 0.314636
0.105957 0.22876 -0.400635
-0.707106 -0.707106 0.001023
0 0 0 0
0.930359 0.330811
0.105957 0.22876 -0.356689
-0.706122 -0.70808 0.003783
0 0 0 0
0.854004 0.330811
0.114502 0.225342 -0.400635
0.000978 -1 -0.000001
0 0 0 0
0.93042 0.347046
0.114502 0.225342 -0.356689
0.000981 -0.999969 0.007804
0 0 0 0
0.854675 0.347046
0.122803 0.22876 -0.400635
0.707106 -0.707106 0.001023
0 0 0 0
0.930359 0.363281
0.122803 0.22876 -0.356689
0.706122 -0.70808 0.003783
0 0 0 0
0.854004 0.363281
0.126465 0.237061 -0.400635
1 0.000978 -0.000001
0 0 0 0
0.930054 0.379517
0.126465 0.237061 -0.356689
0.999996 -0.002933 -0.000009
0 0 0 0
0.852051 0.379517
0.122803 0.245605 -0.400635
0.707106 0.707106 0.001023
0 0 0 0
0.92981 0.395752
0.122803 0.245605 -0.356689
0.70808 0.706122 -0.003783
0 0 0 0
0.849731 0.395752
0.114502 0.249023 -0.400635
0.000978 1 -0.000001
0 0 0 0
0.929688 0.411987
0.114502 0.249023 -0.356689
0.000979 0.999992 -0.003905
0 0 0 0
0.848511 0.411987
0.122803 0.24585 -0.349609
0.741545 0.666477 -0.076939
0 0 0 0
0.834595 0.395752
0.114502 0.249268 -0.349854
0.001032 0.993496 -0.113861
0 0 0 0
0.831055 0.411987
0.122803 0.246826 -0.345703
0.807545 0.534356 -0.24967
0 0 0 0
0.82489 0.395752
0.114502 0.25 -0.34668
0.001171 0.900463 -0.43493
0 0 0 0
0.821411 0.411987
0.122803 0.248291 -0.344238
0.828329 0.277699 -0.486575
0 0 0 0
0.819824 0.395752
0.114502 0.250732 -0.34668
0.001358 0.368004 -0.929823
0 0 0 0
0.819458 0.411987
0.122803 0.250977 -0.343262
0.768713 0.138294 -0.624463
0 0 0 0
0.813049 0.395752
0.114502 0.252197 -0.346436
0.001377 0.177622 -0.984098
0 0 0 0
0.81488 0.411987
0.122803 0.256348 -0.342285
0.735147 0.056939 -0.675512
0 0 0 0
0.801086 0.395752
0.114502 0.256592 -0.345947
0.001381 0.078737 -0.996894
0 0 0 0
0.802612 0.411987
0.122803 0.263672 -0.342041
0.706425 -0.001277 -0.707786
0 0 0 0
0.785339 0.395752
0.114502 0.263672 -0.345703
0.001382 -0.001382 -0.999998
0 0 0 0
0.785461 0.411987
0.122803 0.655029 -0.342529
0.706425 0.001277 -0.707786
0 0 0 0
0.088013 0.395752
0.114502 0.655029 -0.345947
0.001382 0.001382 -0.999998
0 0 0 0
0.088013 0.411987
0.126465 0.655029 -0.334229
1 0.000978 0.000001
0 0 0 0
0.088013 0.379517
0.126465 0.263672 -0.33374
1 -0.000977 -0.000001
0 0 0 0
0.785034 0.379517
0.126465 0.255615 -0.333984
0.998505 -0.009032 0.053914
0 0 0 0
0.798767 0.379517
0.126465 0.248291 -0.335449
0.993045 -0.046308 0.108243
0 0 0 0
0.810608 0.379517
0.126465 0.242676 -0.338135
0.985101 -0.115223 0.127667
0 0 0 0
0.820374 0.379517
0.126465 0.239014 -0.342773
0.989117 -0.130333 0.06827
0 0 0 0
0.829407 0.379517
0.126465 0.237305 -0.349121
0.997705 -0.065988 0.015165
0 0 0 0
0.839722 0.379517
0.122803 0.229004 -0.348633
0.673182 -0.730913 0.112218
0 0 0 0
0.842957 0.363281
0.114502 0.225586 -0.348389
0.001048 -0.988642 0.150286
0 0 0 0
0.843994 0.347046
0.105957 0.229004 -0.348633
-0.673182 -0.730913 0.112218
0 0 0 0
0.842957 0.330811
0.102539 0.237305 -0.349121
-0.997705 -0.065988 0.015165
0 0 0 0
0.839722 0.314636
0.105957 0.24585 -0.349609
-0.741545 0.666477 -0.076939
0 0 0 0
0.834595 0.298401
0.114502 0.249268 -0.349854
0.001032 0.993496 -0.113861
0 0 0 0
0.831055 0.282166
0.105957 0.246826 -0.345703
-0.807545 0.534356 -0.24967
0 0 0 0
0.82489 0.298401
0.114502 0.25 -0.34668
0.001171 0.900463 -0.43493
0 0 0 0
0.821411 0.282166
0.105957 0.248291 -0.344238
-0.828328 0.277699 -0.486575
0 0 0 0
0.819824 0.298401
0.114502 0.250732 -0.34668
0.001358 0.368004 -0.929823
0 0 0 0
0.819458 0.282166
0.105957 0.250977 -0.343262
-0.768713 0.138294 -0.624463
0 0 0 0
0.813049 0.298401
0.114502 0.252197 -0.346436
0.001377 0.177622 -0.984098
0 0 0 0
0.81488 0.282166
0.105957 0.256348 -0.342285
-0.735147 0.056939 -0.675512
0 0 0 0
0.801086 0.298401
0.114502 0.256592 -0.345947
0.001381 0.078737 -0.996894
0 0 0 0
0.802612 0.282166
0.105957 0.263672 -0.342041
-0.706425 -0.001277 -0.707786
0 0 0 0
0.785339 0.298401
0.114502 0.263672 -0.345703
0.001382 -0.001382 -0.999998
0 0 0 0
0.785461 0.282166
0.105957 0.655029 -0.342529
-0.706425 0.001277 -0.707786
0 0 0 0
0.088013 0.298401
0.114502 0.655029 -0.345947
0.001382 0.001382 -0.999998
0 0 0 0
0.088013 0.282166
0.102539 0.655029 -0.334229
-1 0.000978 0.000001
0 0 0 0
0.088013 0.314636
0.102539 0.263672 -0.33374
-1 -0.000977 -0.000001
0 0 0 0
0.785034 0.314636
0.102539 0.255615 -0.333984
-0.998505 -0.009032 0.053914
0 0 0 0
0.798767 0.314636
0.102539 0.248291 -0.335449
-0.993045 -0.046308 0.108243
0 0 0 0
0.810608 0.314636
0.102539 0.242676 -0.338135
-0.985101 -0.115223 0.127667
0 0 0 0
0.820374 0.314636
0.102539 0.239014 -0.342773
-0.989117 -0.130333 0.06827
0 0 0 0
0.829407 0.314636
0.105957 0.231201 -0.340088
-0.638353 -0.692584 0.335906
0 0 0 0
0.831909 0.330811
0.114502 0.228027 -0.338867
-0.00117 -0.901879 0.431987
0 0 0 0
0.832642 0.347046
0.122803 0.231201 -0.340088
0.638353 -0.692584 0.335906
0 0 0 0
0.831909 0.363281
0.122803 0.237061 -0.332275
0.628736 -0.513078 0.584331
0 0 0 0
0.820618 0.363281
0.122803 0.245605 -0.327393
0.650923 -0.264717 0.711494
0 0 0 0
0.809143 0.363281
0.122803 0.254639 -0.325684
0.67759 -0.088717 0.73007
0 0 0 0
0.79718 0.363281
0.122803 0.263672 -0.325195
0.706425 0.001277 0.707786
0 0 0 0
0.784729 0.363281
0.122803 0.655029 -0.325684
0.706425 0.001277 0.707786
0 0 0 0
0.088074 0.363281
0.114502 0.655029 -0.322266
0.001382 0.001382 0.999998
0 0 0 0
0.088074 0.347046
0.114502 0.263672 -0.321777
0.001382 0.001382 0.999998
0 0 0 0
0.784668 0.347046
0.114502 0.254395 -0.322266
0.00138 -0.122802 0.99243
0 0 0 0
0.796692 0.347046
0.114502 0.244385 -0.324219
0.00136 -0.352262 0.9359
0 0 0 0
0.808655 0.347046
0.114502 0.234619 -0.329834
-0.001292 -0.66531 0.746566
0 0 0 0
0.820679 0.347046
0.105957 0.237061 -0.332275
-0.628736 -0.513078 0.584331
0 0 0 0
0.820618 0.330811
0.105957 0.245605 -0.327393
-0.650923 -0.264717 0.711494
0 0 0 0
0.809143 0.330811
0.105957 0.254639 -0.325684
-0.67759 -0.088717 0.73007
0 0 0 0
0.79718 0.330811
0.105957 0.263672 -0.325195
-0.706425 0.001277 0.707786
0 0 0 0
0.784729 0.330811
0.105957 0.655029 -0.325684
-0.706425 0.001277 0.707786
0 0 0 0
0.088074 0.330811
680
2 1 0
3 2 0
0 4 3
4 5 3
4 6 5
6 7 5
6 8 7
8 9 7
10 7 9
11 10 9
11 9 12
9 13 12
13 9 8
14 13 8
15 13 14
16 15 14
17 15 16
18 17 16
19 17 18
20 19 18
17 19 21
22 17 21
22 21 23
24 22 23
24 23 25
26 24 25
26 25 27
28 26 27
28 27 29
30 28 29
30 29 31
32 30 31
33 32 31
34 33 31
33 35 32
35 36 32
35 37 36
37 38 36
37 39 38
39 40 38
39 41 40
41 42 40
41 43 42
43 44 42
43 45 44
45 46 44
45 47 46
47 48 46
46 48 49
48 50 49
49 50 51
50 52 51
51 52 53
52 54 53
53 54 55
54 56 55
55 56 57
56 58 57
57 58 3
58 2 3
57 3 5
59 57 5
59 5 7
10 59 7
60 59 10
61 60 10
61 10 11
62 61 11
62 11 63
11 12 63
63 12 64
12 65 64
12 13 65
13 15 65
65 15 22
15 17 22
65 22 24
64 65 24
64 24 26
66 64 26
66 26 28
67 66 28
67 28 30
68 67 30
68 30 32
36 68 32
69 68 36
38 69 36
70 69 38
40 70 38
40 42 70
42 71 70
42 44 71
44 72 71
44 46 72
46 49 72
72 49 73
49 51 73
73 51 74
51 53 74
74 53 60
74 60 61
75 74 61
75 61 62
76 75 62
76 62 77
62 63 77
77 63 66
63 64 66
77 66 67
78 77 67
78 67 68
69 78 68
79 78 69
70 79 69
70 71 79
71 80 79
71 72 80
72 73 80
80 73 75
73 74 75
80 75 76
79 80 76
79 76 78
76 77 78
53 55 60
60 55 59
55 57 59
83 82 81
84 83 81
85 83 84
86 85 84
87 85 86
88 87 86
89 87 88
90 89 88
91 89 90
92 91 90
93 91 92
94 93 92
95 93 94
96 95 94
97 95 96
98 97 96
98 96 99
100 98 99
100 99 101
102 100 101
102 101 103
104 102 103
104 103 105
106 104 105
106 105 107
108 106 107
108 107 109
110 108 109
109 111 110
111 112 110
113 111 109
114 113 109
109 107 114
107 115 114
107 105 115
105 116 115
105 103 116
103 117 116
103 101 117
101 118 117
101 99 118
99 119 118
99 96 119
96 94 119
119 94 120
94 92 120
120 92 121
92 90 121
90 88 121
88 122 121
88 86 122
86 123 122
86 84 123
84 124 123
84 81 124
81 125 124
124 125 126
125 127 126
126 127 128
127 129 128
128 129 130
129 131 130
130 131 132
131 133 132
132 133 134
133 135 134
136 134 135
137 136 135
136 138 134
138 139 134
132 134 139
140 132 139
130 132 140
141 130 140
128 130 141
142 128 141
126 128 142
143 126 142
124 126 143
123 124 143
123 143 144
122 123 144
122 144 145
121 122 145
120 121 145
146 120 145
119 120 146
118 119 146
118 146 147
117 118 147
117 147 148
116 117 148
116 148 149
115 116 149
115 149 150
114 115 150
150 151 114
151 113 114
152 151 150
153 152 150
150 149 153
149 154 153
149 148 154
148 155 154
148 147 155
147 156 155
147 146 156
146 145 156
145 144 156
144 157 156
156 157 155
157 158 155
155 158 154
158 159 154
154 159 153
159 160 153
152 153 160
161 152 160
161 160 139
138 161 139
140 139 160
159 140 160
141 140 159
158 141 159
142 141 158
157 142 158
143 142 157
144 143 157
164 163 162
165 164 162
168 167 166
169 168 166
172 171 170
173 172 170
176 175 174
177 176 174
180 179 178
181 180 178
184 183 182
185 184 182
188 187 186
189 188 186
192 191 190
193 192 190
196 195 194
197 196 194
200 199 198
201 200 198
204 203 202
205 204 202
208 207 206
209 208 206
212 211 210
211 213 210
210 213 214
213 215 214
218 217 216
219 218 216
222 221 220
223 222 220
226 225 224
225 227 224
224 227 228
227 229 228
232 231 230
233 232 230
236 235 234
237 236 234
240 239 238
239 241 238
238 241 242
241 243 242
246 245 244
247 246 244
250 249 248
251 250 248
254 253 252
253 255 252
252 255 256
255 257 256
260 259 258
261 260 258
264 263 262
265 264 262
268 267 266
267 269 266
266 269 270
269 271 270
274 273 272
275 274 272
278 277 276
279 278 276
282 281 280
281 283 280
280 283 284
283 285 284
288 287 286
289 288 286
292 291 290
293 292 290
296 295 294
295 297 294
294 297 298
297 299 298
302 301 300
303 302 300
306 305 304
307 306 304
310 309 308
309 311 308
308 311 312
311 313 312
316 315 314
317 316 314
320 319 318
321 320 318
324 323 322
323 325 322
322 325 326
325 327 326
330 329 328
331 330 328
334 333 332
335 334 332
338 337 336
337 339 336
336 339 340
339 341 340
344 343 342
345 344 342
348 347 346
349 348 346
352 351 350
351 353 350
350 353 354
353 355 354
358 357 356
359 358 356
362 361 360
363 362 360
366 365 364
365 367 364
364 367 368
367 369 368
372 371 370
373 372 370
376 375 374
377 376 374
380 379 378
379 381 378
378 381 382
381 383 382
386 385 384
387 386 384
390 389 388
391 390 388
394 393 392
393 395 392
392 395 396
395 397 396
400 399 398
401 400 398
404 403 402
405 404 402
408 407 406
407 409 406
406 409 410
409 411 410
414 413 412
415 414 412
418 417 416
419 418 416
422 421 420
421 423 420
420 423 424
423 425 424
428 427 426
429 428 426
432 431 430
433 432 430
436 435 434
435 437 434
434 437 438
437 439 438
442 441 440
443 442 440
446 445 444
447 446 444
450 449 448
449 451 448
448 451 452
451 453 452
456 455 454
457 456 454
460 459 458
461 460 458
464 463 462
465 464 462
462 466 465
466 467 465
466 468 467
468 469 467
468 470 469
470 471 469
472 469 471
473 472 471
473 471 474
471 475 474
475 471 470
476 475 470
477 475 476
478 477 476
479 477 478
480 479 478
481 479 480
482 481 480
479 481 483
484 479 483
484 483 485
486 484 485
486 485 487
488 486 487
488 487 489
490 488 489
490 489 491
492 490 491
492 491 493
494 492 493
495 494 493
496 495 493
495 497 494
497 498 494
497 499 498
499 500 498
499 501 500
501 502 500
501 503 502
503 504 502
503 505 504
505 506 504
505 507 506
507 508 506
507 509 508
509 510 508
508 510 511
510 512 511
511 512 513
512 514 513
513 514 515
514 516 515
515 516 517
516 518 517
517 518 519
518 520 519
519 520 465
520 464 465
519 465 467
521 519 467
521 467 469
472 521 469
522 521 472
523 522 472
523 472 473
524 523 473
524 473 525
473 474 525
525 474 526
474 527 526
474 475 527
475 477 527
527 477 484
477 479 484
527 484 486
526 527 486
526 486 488
528 526 488
528 488 490
529 528 490
529 490 492
530 529 492
530 492 494
498 530 494
531 530 498
500 531 498
532 531 500
502 532 500
502 504 532
504 533 532
504 506 533
506 534 533
506 508 534
508 511 534
534 511 535
511 513 535
535 513 536
513 515 536
536 515 522
536 522 523
537 536 523
537 523 524
538 537 524
538 524 539
524 525 539
539 525 528
525 526 528
539 528 529
540 539 529
540 529 530
531 540 530
541 540 531
532 541 531
532 533 541
533 542 541
533 534 542
534 535 542
542 535 537
535 536 537
542 537 538
541 542 538
541 538 540
538 539 540
515 517 522
522 517 521
517 519 521
545 544 543
546 545 543
547 545 546
548 547 546
549 547 548
550 549 548
551 549 550
552 551 550
553 551 552
554 553 552
555 553 554
556 555 554
557 555 556
558 557 556
559 557 558
560 559 558
560 558 561
562 560 561
562 561 563
564 562 563
564 563 565
566 564 565
566 565 567
568 566 567
568 567 569
570 568 569
570 569 571
572 570 571
571 573 572
573 574 572
575 573 571
576 575 571
571 569 576
569 577 576
569 567 577
567 578 577
567 565 578
565 579 578
565 563 579
563 580 579
563 561 580
561 581 580
561 558 581
558 556 581
581 556 582
556 554 582
582 554 583
554 552 583
552 550 583
550 584 583
550 548 584
548 585 584
548 546 585
546 586 585
546 543 586
543 587 586
586 587 588
587 589 588
588 589 590
589 591 590
590 591 592
591 593 592
592 593 594
593 595 594
594 595 596
595 597 596
598 596 597
599 598 597
598 600 596
600 601 596
594 596 601
602 594 601
592 594 602
603 592 602
590 592 603
604 590 603
588 590 604
605 588 604
586 588 605
585 586 605
585 605 606
584 585 606
584 606 607
583 584 607
582 583 607
608 582 607
581 582 608
580 581 608
580 608 609
579 580 609
579 609 610
578 579 610
578 610 611
577 578 611
577 611 612
576 577 612
612 613 576
613 575 576
614 613 612
615 614 612
612 611 615
611 616 615
611 610 616
610 617 616
610 609 617
609 618 617
609 608 618
608 607 618
607 606 618
606 619 618
618 619 617
619 620 617
617 620 616
620 621 616
616 621 615
621 622 615
614 615 622
623 614 622
623 622 601
600 623 601
602 601 622
621 602 622
603 602 621
620 603 621
604 603 620
619 604 620
605 604 619
606 605 619
sm02_material\environment\template\architecture\gbl_arch_brass_trim_01\mo_gbl_arch_hvac_grate_01.material
1
0
14
-1.956787 1.291992 -0.399902
0.001382 0.001382 0.999998
0 0 0 0
0.014526 0.351013
-0.700439 1.291992 -0.399902
0.001382 0.001382 0.999998
0 0 0 0
0.98175 0.351013
-0.700439 1.978027 -0.399902
0.001382 0.001382 0.999998
0 0 0 0
0.98175 0.00415
-1.956787 1.978027 -0.399902
0.001382 0.001382 0.999998
0 0 0 0
0.014526 0.00415
0 1.978027 -0.399902
0.001382 0.001382 0.999998
0 0 0 0
0.499878 0.00415
-0.657715 1.978027 -0.399902
0.001382 0.001382 0.999998
0 0 0 0
0.010986 0.00415
-0.657715 1.291992 -0.399902
0.001382 0.001382 0.999998
0 0 0 0
0.010986 0.351013
0 1.291992 -0.399902
0.001382 0.001382 0.999998
0 0 0 0
0.499878 0.351013
0.658936 1.978027 -0.399902
0.001382 0.001382 0.999998
0 0 0 0
0.989563 0.00415
0.658936 1.291992 -0.399902
0.001382 0.001382 0.999998
0 0 0 0
0.989563 0.351013
1.949951 1.978027 -0.399902
0.001382 0.001382 0.999998
0 0 0 0
0.981506 0.00415
0.699463 1.978027 -0.399902
0.001382 0.001382 0.999998
0 0 0 0
0.018616 0.00415
0.699463 1.291992 -0.399902
0.001382 0.001382 0.999998
0 0 0 0
0.018616 0.351013
1.949951 1.291992 -0.399902
0.001382 0.001382 0.999998
0 0 0 0
0.981506 0.351013
8
2 1 0
3 2 0
6 5 4
7 6 4
4 8 7
8 9 7
12 11 10
13 12 10
sm03_material\environment\template\architecture\gbl_arch_concrete_trim_02\sza_gbl_arch_concrete_trim_02_dirty.material
1
0
584
0 2.021973 0.04834
0.000978 -1 -0.000001
0 0 0 0
0.343384 0.105896
-2 2.021973 0.04834
0.000978 -1 -0.000001
0 0 0 0
0.841431 0.105896
-2 2.021973 -0.380127
0.000978 -1 -0.000001
0 0 0 0
0.841431 -0.000793
0 2.021973 -0.380127
0.000978 -1 -0.000001
0 0 0 0
0.343384 -0.000793
2 2.021973 -0.380127
0.000978 -1 -0.000001
0 0 0 0
-0.154602 -0.000793
2 2.021973 0.04834
0.000978 -1 -0.000001
0 0 0 0
-0.154602 0.105896
0 2.021973 0.04834
0.001382 0.001382 0.999998
0 0 0 0
0.499207 0.034363
2 2.021973 0.04834
0.001382 0.001382 0.999998
0 0 0 0
0.022217 0.034363
2 2.092285 0.04834
0.001382 0.001382 0.999998
0 0 0 0
0.022217 0.051819
0 2.092285 0.04834
0.001382 0.001382 0.999998
0 0 0 0
0.499207 0.051819
-2 2.021973 0.04834
0.001382 0.001382 0.999998
0 0 0 0
0.976196 0.034363
-2 2.092285 0.04834
0.001382 0.001382 0.999998
0 0 0 0
0.976196 0.051819
0 2.092285 0.119873
0.001382 0.001382 0.999998
0 0 0 0
-0.003601 0.468567
2 2.092285 0.119873
0.001382 0.001382 0.999998
0 0 0 0
-0.999695 0.468628
2 3.050049 0.119873
0.001382 0.001382 0.999998
0 0 0 0
-0.999695 0.900024
0 3.050049 0.119873
0.001382 0.001382 0.999998
0 0 0 0
-0.003601 0.900085
-2 2.092285 0.119873
0.001382 0.001382 0.999998
0 0 0 0
1.00177 0.468628
-2 3.050049 0.119873
0.001382 0.001382 0.999998
0 0 0 0
1.00177 0.900024
0 2.092285 0.119873
0.000978 -1 -0.000001
0 0 0 0
0.025513 0.033691
-2 2.092285 0.119873
0.000978 -1 -0.000001
0 0 0 0
0.974121 0.033691
-2 2.092285 0.04834
0.000978 -1 -0.000001
0 0 0 0
0.974121 0.078186
0 2.092285 0.04834
0.000978 -1 -0.000001
0 0 0 0
0.025696 0.078186
2 2.092285 0.04834
0.000978 -1 -0.000001
0 0 0 0
0.974121 0.078186
2 2.092285 0.119873
0.000978 -1 -0.000001
0 0 0 0
0.974121 0.033691
0 2.092285 0.119873
0.000978 -1 -0.000001
0 0 0 0
0.025513 0.033691
0 2.092285 0.04834
0.000978 -1 -0.000001
0 0 0 0
0.025696 0.078186
2 2.021973 0.04834
-1 0.000978 -0.000001
0 0 0 0
-0.744568 0.838379
2 2.021973 -0.380127
-1 0.000978 -0.000001
0 0 0 0
-0.744568 0.468628
2 0 -0.380127
-1 0.000978 -0.000001
0 0 0 0
1.000305 0.468628
2 0 0.04834
-1 0.000978 -0.000001
0 0 0 0
1.000305 0.838379
2 2.021973 0.119873
-1 0.000978 -0.000001
0 0 0 0
-0.744568 0.900085
2 0 0.119873
-1 0.000978 -0.000001
0 0 0 0
1.000305 0.900085
2 2.092285 0.119873
-1 0.000978 -0.000001
0 0 0 0
-0.805237 0.900085
2 2.092285 0.04834
-1 0.000978 -0.000001
0 0 0 0
-0.805237 0.838379
-2 2.021973 -0.380127
1 0.000978 -0.000001
0 0 0 0
-0.744568 0.468628
-2 0 0.04834
1 0.000978 -0.000001
0 0 0 0
1.000305 0.838379
-2 0 -0.380127
1 0.000978 -0.000001
0 0 0 0
1.000305 0.468628
-2 2.021973 0.04834
1 0.000978 -0.000001
0 0 0 0
-0.744568 0.838379
-2 0 0.119873
1 0.000978 -0.000001
0 0 0 0
1.000305 0.900085
-2 2.021973 0.119873
1 0.000978 -0.000001
0 0 0 0
-0.744568 0.900085
-2 2.092285 0.04834
1 0.000978 -0.000001
0 0 0 0
-0.805237 0.838379
-2 2.092285 0.119873
1 0.000978 -0.000001
0 0 0 0
-0.805237 0.900085
-2 3.050049 0.119873
0.000978 1 -0.000001
0 0 0 0
0.969543 0.032898
0 3.050049 0.119873
0.000978 1 -0.000001
0 0 0 0
0.028809 0.032898
0 3.050049 0.099609
0.000978 1 -0.000001
0 0 0 0
0.028809 0.043274
-2 3.050049 0.099609
0.000978 1 -0.000001
0 0 0 0
0.969543 0.043274
0 3.050049 0.119873
0.000978 1 -0.000001
0 0 0 0
0.028809 0.032898
2 3.050049 0.119873
0.000978 1 -0.000001
0 0 0 0
0.969543 0.032898
2 3.050049 0.099609
0.000978 1 -0.000001
0 0 0 0
0.969543 0.043274
0 3.050049 0.099609
0.000978 1 -0.000001
0 0 0 0
0.028809 0.043274
1.998291 3.152832 0.036621
0.999969 -0.000981 -0.007804
0 0 0 0
-0.131653 0.093933
1.999023 3.152832 0.100098
0.999931 -0.000983 0.011695
0 0 0 0
-0.131653 0.066956
1.998535 3.050049 0.100098
0.999969 -0.000981 -0.007804
0 0 0 0
-0.087463 0.066956
1.998535 3.050049 0.036621
0.999969 -0.000981 -0.007804
0 0 0 0
-0.087463 0.093933
1.999023 3.20874 0.100098
0.999623 -0.014831 0.023108
0 0 0 0
-0.155701 0.066956
2.000488 3.152832 0.05127
0.99963 0.000991 0.027182
0 0 0 0
-0.131653 0.088318
2.000488 3.20874 0.05127
0.99936 -0.030583 0.018536
0 0 0 0
-0.155701 0.088318
2.000488 3.223389 0.100098
0.99963 -0.022652 0.015074
0 0 0 0
-0.162048 0.066956
2.000488 3.223389 0.05127
0.999885 -0.01469 0.003691
0 0 0 0
-0.162048 0.088318
2.000488 3.257568 0.100098
0.999878 0.000985 0.015578
0 0 0 0
-0.176758 0.066956
2.000488 3.257568 0.05127
1 0.000978 -0.000001
0 0 0 0
-0.176758 0.088318
2.000488 3.300293 0.100098
0.999927 0.00295 0.011687
0 0 0 0
-0.195129 0.066956
2.000488 3.300293 0.05127
0.999988 0.002938 0.003898
0 0 0 0
-0.195129 0.088318
2.000488 3.347412 0.05127
0.999969 0.000981 0.007804
0 0 0 0
-0.215454 0.088318
1.999512 3.347656 0.123779
0.999927 0.00295 0.011687
0 0 0 0
-0.215515 0.056824
1.999023 3.300293 0.172363
0.999867 0.004925 0.015555
0 0 0 0
-0.195129 0.035767
1.999023 3.347412 0.172363
0.999867 0.004925 0.015555
0 0 0 0
-0.215454 0.035828
2.000244 3.435059 0.100098
0.999965 -0.002944 0.007796
0 0 0 0
-0.253235 0.067261
1.999756 3.434814 0.123779
0.999807 -0.002961 0.019446
0 0 0 0
-0.253052 0.056946
2.000488 3.436279 0.05127
0.999988 -0.002938 0.003898
0 0 0 0
-0.253601 0.088318
2.000732 3.478516 0.0896
0.999969 -0.000981 -0.007804
0 0 0 0
-0.271851 0.072754
2.000488 3.478516 0.05127
0.999969 -0.000981 -0.007804
0 0 0 0
-0.271851 0.088318
2.000488 3.695068 0.05127
0.999969 0.000981 -0.007804
0 0 0 0
-0.36499 0.088318
2.000732 3.695068 0.0896
0.999969 0.000981 -0.007804
0 0 0 0
-0.36499 0.072754
2.000488 3.73877 0.05127
0.999992 0.000979 -0.003905
0 0 0 0
-0.38385 0.088318
2.000732 3.73877 0.099609
0.999992 0.000979 -0.003905
0 0 0 0
-0.38385 0.068604
2.000488 3.81958 0.05127
0.999992 -0.000979 -0.003905
0 0 0 0
-0.418579 0.088318
2.000732 3.81958 0.099609
0.999992 0.000979 -0.003905
0 0 0 0
-0.418579 0.068604
2.000488 3.941406 0.05127
1 0.000978 0.000001
0 0 0 0
-0.470947 0.088318
2.000732 3.941406 0.173096
1 0.000978 0.000001
0 0 0 0
-0.470947 0.037048
2.000732 3.81958 0.150146
1 0.000978 0.000001
0 0 0 0
-0.418579 0.046997
1.999023 3.223389 0.134521
0.99925 0.000996 0.038717
0 0 0 0
-0.162048 0.052002
1.999023 3.257568 0.134521
0.99925 0.000996 0.038717
0 0 0 0
-0.176758 0.052002
1.999023 3.257568 0.151611
0.99963 0.000991 0.027182
0 0 0 0
-0.176758 0.044678
1.999023 3.300293 0.151611
0.99963 0.000991 0.027182
0 0 0 0
-0.195129 0.044678
-0.000732 3.152832 0.100098
0.001382 0.001382 0.999998
0 0 0 0
0.021851 0.164612
-0.000977 3.050049 0.100098
0.001382 0.001382 0.999998
0 0 0 0
0.021851 0.115295
1.998535 3.050049 0.100098
0.001382 0.001382 0.999998
0 0 0 0
0.98175 0.115295
1.999023 3.152832 0.100098
0.001382 0.001382 0.999998
0 0 0 0
0.98175 0.164612
-0.000732 3.20874 0.100098
0.001373 -0.237442 0.971401
0 0 0 0
0.021851 0.191406
1.999023 3.20874 0.100098
0.001373 -0.237442 0.971401
0 0 0 0
0.98175 0.191406
0 3.81958 0.099854
0.000978 -1 -0.000001
0 0 0 0
0.015137 0.494263
2.000732 3.81958 0.099609
0.000978 -1 -0.000001
0 0 0 0
0.982849 0.494263
2.000732 3.81958 0.150146
0.000978 -1 -0.000001
0 0 0 0
0.982849 0.469055
0 3.81958 0.150146
0.000978 -1 -0.000001
0 0 0 0
0.015137 0.469055
0 3.81958 0.150146
0.001376 -0.185812 0.982584
0 0 0 0
0.015137 0.091614
2.000732 3.81958 0.150146
0.001376 -0.185812 0.982584
0 0 0 0
0.982849 0.091614
2.000732 3.941406 0.173096
0.001376 -0.185812 0.982584
0 0 0 0
0.982849 0.029785
0 3.941406 0.173096
0.001376 -0.185812 0.982584
0 0 0 0
0.015137 0.029785
2.000488 3.941406 0.05127
-0.000977 1 0.000001
0 0 0 0
0.982849 0.032593
0 3.941406 0.173096
-0.000977 1 0.000001
0 0 0 0
0.015137 0.093628
2.000732 3.941406 0.173096
-0.000977 1 0.000001
0 0 0 0
0.982849 0.093628
0 3.941162 0.05127
-0.000977 1 0.000001
0 0 0 0
0.015137 0.032593
2.000732 3.73877 0.099609
0.001382 -0.001382 0.999998
0 0 0 0
0.023132 0.394287
2.000732 3.81958 0.099609
0.001382 -0.001382 0.999998
0 0 0 0
0.023132 0.433777
0 3.81958 0.099854
0.001382 -0.001382 0.999998
0 0 0 0
0.983765 0.433777
0 3.73877 0.099609
0.001382 -0.001382 0.999998
0 0 0 0
0.983765 0.394287
1.999023 3.300293 0.172363
0.001382 0.001382 0.999998
0 0 0 0
0.015137 0.03064
1.999023 3.347412 0.172363
0.001273 0.719041 0.694967
0 0 0 0
0.015137 0.001465
-0.000732 3.347412 0.172363
0.001273 0.716951 0.697123
0 0 0 0
0.982849 0.001465
-0.000732 3.300293 0.172363
0.001382 0.001382 0.999998
0 0 0 0
0.982849 0.03064
1.999023 3.347412 0.172363
0.001273 0.719041 0.694967
0 0 0 0
0.982849 1.094238
1.999512 3.347656 0.123779
0.000979 0.999992 0.003905
0 0 0 0
0.982849 1.130371
-0.000488 3.347656 0.123779
0.000979 0.999992 0.003905
0 0 0 0
0.015137 1.130371
-0.000732 3.347412 0.172363
0.001273 0.716951 0.697123
0 0 0 0
0.015137 1.094238
-0.000732 3.300293 0.172363
0.000978 -1 -0.000001
0 0 0 0
0.015137 1.032349
1.999023 3.300293 0.151611
0.000978 -1 -0.000001
0 0 0 0
0.982849 1.055298
1.999023 3.300293 0.172363
0.000978 -1 -0.000001
0 0 0 0
0.982849 1.032349
-0.000732 3.300293 0.151611
0.000978 -1 -0.000001
0 0 0 0
0.015137 1.055298
1.999023 3.257568 0.151611
0.001382 0.001382 0.999998
0 0 0 0
0.015137 0.470215
1.999023 3.300293 0.151611
0.001382 0.001382 0.999998
0 0 0 0
0.015137 0.491577
-0.000732 3.300293 0.151611
0.001382 0.001382 0.999998
0 0 0 0
0.982849 0.491577
-0.000732 3.257568 0.151611
0.001382 0.001382 0.999998
0 0 0 0
0.982849 0.470215
-0.000732 3.257568 0.134521
0.000978 -1 -0.000001
0 0 0 0
0.015137 1.055298
1.999023 3.257568 0.134521
0.000978 -1 -0.000001
0 0 0 0
0.982849 1.055298
1.999023 3.257568 0.151611
0.000978 -1 -0.000001
0 0 0 0
0.982849 1.032349
-0.000732 3.257568 0.151611
0.000978 -1 -0.000001
0 0 0 0
0.015137 1.032349
1.999023 3.223389 0.134521
0.001382 0.001382 0.999998
0 0 0 0
0.015137 0.470215
1.999023 3.257568 0.134521
0.001382 0.001382 0.999998
0 0 0 0
0.015137 0.487488
-0.000732 3.257568 0.134521
0.001382 0.001382 0.999998
0 0 0 0
0.982849 0.487488
-0.000732 3.223389 0.134521
0.001382 0.001382 0.999998
0 0 0 0
0.982849 0.470215
-0.000732 3.223389 0.117432
0.001154 -0.919524 0.393032
0 0 0 0
0.015137 1.055298
1.999023 3.223389 0.117188
0.001154 -0.919524 0.393032
0 0 0 0
0.982849 1.055298
1.999023 3.223389 0.134521
0.000978 -1 -0.000001
0 0 0 0
0.982849 1.032349
-0.000732 3.223389 0.134521
0.000978 -1 -0.000001
0 0 0 0
0.015137 1.032349
2.000488 3.223389 0.100098
0.992967 -0.09027 0.076603
0 0 0 0
-0.162048 0.066956
1.999023 3.223389 0.117188
0.992967 -0.09027 0.076603
0 0 0 0
-0.162048 0.059204
1.999023 3.20874 0.100098
0.992967 -0.09027 0.076603
0 0 0 0
-0.155701 0.066956
-0.000732 3.20874 0.100098
0.001373 -0.237442 0.971401
0 0 0 0
0.015137 0.062012
1.999023 3.20874 0.100098
0.001373 -0.237442 0.971401
0 0 0 0
0.982849 0.062012
1.999023 3.223389 0.117188
0.001154 -0.919524 0.393032
0 0 0 0
0.982849 0.049927
-0.000732 3.223389 0.117432
0.001154 -0.919524 0.393032
0 0 0 0
0.015137 0.049927
2.000732 3.478516 0.0896
0.001382 0.001382 0.999998
0 0 0 0
0.023132 0.267212
2.000732 3.695068 0.0896
0.001382 0.001382 0.999998
0 0 0 0
0.023132 0.372986
0 3.695068 0.0896
0.001382 0.001382 0.999998
0 0 0 0
0.983765 0.372986
0 3.478516 0.0896
0.001382 0.001382 0.999998
0 0 0 0
0.983765 0.267212
2.000244 3.435059 0.100098
0.001373 0.232029 0.972708
0 0 0 0
0.023132 0.245972
2.000732 3.478516 0.0896
0.001373 0.232029 0.972708
0 0 0 0
0.023132 0.267212
0 3.478516 0.0896
0.001373 0.232029 0.972708
0 0 0 0
0.983765 0.267212
-0.000244 3.435059 0.100098
0.001373 0.232029 0.972708
0 0 0 0
0.983643 0.246033
2.000732 3.73877 0.099609
0.001374 -0.221187 0.975231
0 0 0 0
0.023132 0.394287
0 3.73877 0.099609
0.001374 -0.221187 0.975231
0 0 0 0
0.983765 0.394287
0 3.695068 0.0896
0.001374 -0.221187 0.975231
0 0 0 0
0.983765 0.372986
2.000732 3.695068 0.0896
0.001374 -0.221187 0.975231
0 0 0 0
0.023132 0.372986
-0.000488 3.434814 0.123779
0.001382 0.001382 0.999998
0 0 0 0
0.02594 0.218506
-0.000488 3.347656 0.123779
0.001382 0.001382 0.999998
0 0 0 0
0.02594 0.262817
1.999512 3.347656 0.123779
0.001382 0.001382 0.999998
0 0 0 0
0.981323 0.262817
1.999756 3.434814 0.123779
0.001382 0.001382 0.999998
0 0 0 0
0.981323 0.218506
-0.000244 3.435059 0.100098
0.000983 0.999931 0.011695
0 0 0 0
0.02594 0.200256
1.999756 3.434814 0.123779
0.000983 0.999931 0.011695
0 0 0 0
0.981323 0.218506
2.000244 3.435059 0.100098
0.000983 0.999931 0.011695
0 0 0 0
0.981323 0.200256
-0.000488 3.434814 0.123779
0.000985 0.999878 0.015578
0 0 0 0
0.02594 0.218506
1.999756 3.941406 0.13501
0.99998 0.004897 0.003882
0 0 0 0
0.21698 0.998779
2.000488 3.941406 0.05127
1 0.000978 0.000001
0 0 0 0
0.216919 0.907227
1.999756 4 0.05127
0.99998 0.004897 0.003882
0 0 0 0
0.126465 0.907227
1.999756 4 0.13501
0.99998 0.004897 0.003882
0 0 0 0
0.126465 0.998779
-0.000488 3.941406 0.13501
0.001382 0.001382 0.999998
0 0 0 0
0.015137 0.091675
1.999756 3.941406 0.13501
0.001382 0.001382 0.999998
0 0 0 0
0.982849 0.091675
1.999756 4 0.13501
0.001382 0.001382 0.999998
0 0 0 0
0.982849 0.032166
-0.000488 4 0.13501
0.001382 0.001382 0.999998
0 0 0 0
0.015137 0.032166
-0.000488 4 0.13501
0.000978 1 -0.000001
0 0 0 0
0.015137 0.091675
1.999756 4 0.13501
0.000978 1 -0.000001
0 0 0 0
0.982849 0.091675
1.999756 4 0.05127
0.000978 1 -0.000001
0 0 0 0
0.982849 0.032166
-0.000488 4 0.05127
0.000978 1 -0.000001
0 0 0 0
0.015137 0.032166
-2.000732 3.434814 0.123779
0.001382 0.001382 0.999998
0 0 0 0
0.02594 0.218506
-0.000488 3.347656 0.123779
0.001382 0.001382 0.999998
0 0 0 0
0.981323 0.262817
-0.000488 3.434814 0.123779
0.001382 0.001382 0.999998
0 0 0 0
0.981323 0.218506
-2.000732 3.347656 0.123779
0.001382 0.001382 0.999998
0 0 0 0
0.02594 0.262817
-2.000732 3.435303 0.100098
0.000985 0.999878 0.015578
0 0 0 0
0.02594 0.200256
-2.000732 3.434814 0.123779
0.000985 0.999878 0.015578
0 0 0 0
0.02594 0.218506
-0.000488 3.434814 0.123779
0.000985 0.999878 0.015578
0 0 0 0
0.981323 0.218506
-0.000244 3.435059 0.100098
0.000983 0.999931 0.011695
0 0 0 0
0.981323 0.200256
-2.000732 3.152832 0.100098
-1 0.000978 -0.000001
0 0 0 0
-0.131653 0.067261
-2.000732 3.152832 0.036621
-1 0.000978 -0.000001
0 0 0 0
-0.131653 0.09436
-2.000732 3.050049 0.036621
-1 0.000978 -0.000001
0 0 0 0
-0.087463 0.094299
-2.000732 3.050049 0.100098
-1 0.000978 -0.000001
0 0 0 0
-0.087463 0.067261
-2.000732 3.20874 0.100098
-1 0.000978 -0.000001
0 0 0 0
-0.155701 0.067261
-2.000732 3.152832 0.05127
-1 0.000978 -0.000001
0 0 0 0
-0.131653 0.087952
-2.000732 3.20874 0.05127
-1 0.000978 -0.000001
0 0 0 0
-0.155701 0.087952
-2.000732 3.223389 0.100098
-1 0.000978 -0.000001
0 0 0 0
-0.162048 0.067261
-2.000732 3.223389 0.117432
-1 0.000978 -0.000001
0 0 0 0
-0.162048 0.059631
-2.000732 3.223389 0.05127
-1 0.000978 -0.000001
0 0 0 0
-0.162048 0.087952
-2.000732 3.257568 0.100098
-1 0.000978 -0.000001
0 0 0 0
-0.176758 0.067261
-2.000732 3.257568 0.05127
-1 0.000978 -0.000001
0 0 0 0
-0.176758 0.087952
-2.000732 3.300293 0.100098
-1 0.000978 -0.000001
0 0 0 0
-0.195129 0.067261
-2.000732 3.300293 0.05127
-1 0.000978 -0.000001
0 0 0 0
-0.195129 0.087952
-2.000732 3.347412 0.05127
-1 0.000978 -0.000001
0 0 0 0
-0.215454 0.087952
-2.000732 3.347656 0.123779
-1 0.000978 -0.000001
0 0 0 0
-0.215515 0.056458
-2.000732 3.300293 0.172607
-1 -0.000977 -0.000001
0 0 0 0
-0.195129 0.035522
-2.000732 3.347412 0.172607
-1 -0.000977 -0.000001
0 0 0 0
-0.215454 0.035461
-2.000732 3.435303 0.100098
-1 0.000978 -0.000001
0 0 0 0
-0.253235 0.066589
-2.000732 3.434814 0.123779
-1 0.000978 -0.000001
0 0 0 0
-0.253052 0.056335
-2.000732 3.436279 0.05127
-1 -0.000977 -0.000001
0 0 0 0
-0.253601 0.087952
-2.000732 3.478516 0.0896
-1 -0.000977 -0.000001
0 0 0 0
-0.271851 0.070679
-2.000732 3.478516 0.05127
-1 -0.000977 -0.000001
0 0 0 0
-0.271851 0.087952
-2.000732 3.695068 0.05127
-1 0.000978 -0.000001
0 0 0 0
-0.36499 0.087952
-2.000732 3.695068 0.0896
-1 0.000978 -0.000001
0 0 0 0
-0.36499 0.070679
-2.000732 3.73877 0.05127
-1 0.000978 -0.000001
0 0 0 0
-0.38385 0.087952
-2.000732 3.73877 0.099609
-1 0.000978 -0.000001
0 0 0 0
-0.38385 0.064941
-2.000732 3.81958 0.05127
-1 -0.000977 -0.000001
0 0 0 0
-0.418579 0.087952
-2.000732 3.81958 0.099854
-1 -0.000977 -0.000001
0 0 0 0
-0.418579 0.064941
-2.000732 3.941162 0.05127
-1 0.000978 -0.000001
0 0 0 0
-0.470947 0.087952
-2.000732 3.941406 0.173096
-1 0.000978 -0.000001
0 0 0 0
-0.470947 0.033142
-2.000732 3.81958 0.150146
-1 0.000978 -0.000001
0 0 0 0
-0.418579 0.042969
-2.000732 3.223389 0.134521
-1 0.000978 -0.000001
0 0 0 0
-0.162048 0.051941
-2.000732 3.257568 0.134521
-1 0.000978 -0.000001
0 0 0 0
-0.176758 0.051941
-2.000732 3.257568 0.151611
-1 0.000978 -0.000001
0 0 0 0
-0.176758 0.044617
-2.000732 3.300293 0.151611
-1 0.000978 -0.000001
0 0 0 0
-0.195129 0.044617
-0.000732 3.152832 0.100098
0.001382 0.001382 0.999998
0 0 0 0
0.021851 0.164612
-0.000732 3.20874 0.100098
0.001373 -0.237442 0.971401
0 0 0 0
0.021851 0.191406
-2.000732 3.20874 0.100098
0.001373 -0.237442 0.971401
0 0 0 0
0.98175 0.191406
-2.000732 3.152832 0.100098
0.001382 0.001382 0.999998
0 0 0 0
0.98175 0.164612
-0.000977 3.050049 0.100098
0.001382 0.001382 0.999998
0 0 0 0
0.021851 0.115295
-2.000732 3.050049 0.100098
0.001382 0.001382 0.999998
0 0 0 0
0.98175 0.115295
-2.000732 3.20874 0.100098
0.001373 -0.237442 0.971401
0 0 0 0
0.015137 0.062012
-0.000732 3.20874 0.100098
0.001373 -0.237442 0.971401
0 0 0 0
0.982849 0.062012
-0.000732 3.223389 0.117432
0.001154 -0.919524 0.393032
0 0 0 0
0.982849 0.049927
-2.000732 3.223389 0.117432
0.001154 -0.919524 0.393032
0 0 0 0
0.015137 0.049927
-2.000732 3.223389 0.117432
0.001154 -0.919524 0.393032
0 0 0 0
0.015137 1.055298
-0.000732 3.223389 0.117432
0.001154 -0.919524 0.393032
0 0 0 0
0.982849 1.055298
-0.000732 3.223389 0.134521
0.000978 -1 -0.000001
0 0 0 0
0.982849 1.032349
-2.000732 3.223389 0.134521
0.000978 -1 -0.000001
0 0 0 0
0.015137 1.032349
-0.000732 3.223389 0.134521
0.001382 0.001382 0.999998
0 0 0 0
0.015137 0.470215
-0.000732 3.257568 0.134521
0.001382 0.001382 0.999998
0 0 0 0
0.015137 0.487488
-2.000732 3.257568 0.134521
0.001382 0.001382 0.999998
0 0 0 0
0.982849 0.487488
-2.000732 3.223389 0.134521
0.001382 0.001382 0.999998
0 0 0 0
0.982849 0.470215
-2.000732 3.257568 0.134521
0.000978 -1 -0.000001
0 0 0 0
0.015137 1.055298
-0.000732 3.257568 0.134521
0.000978 -1 -0.000001
0 0 0 0
0.982849 1.055298
-0.000732 3.257568 0.151611
0.000978 -1 -0.000001
0 0 0 0
0.982849 1.032349
-2.000732 3.257568 0.151611
0.000978 -1 -0.000001
0 0 0 0
0.015137 1.032349
-0.000732 3.257568 0.151611
0.001382 0.001382 0.999998
0 0 0 0
0.015137 0.470215
-0.000732 3.300293 0.151611
0.001382 0.001382 0.999998
0 0 0 0
0.015137 0.491577
-2.000732 3.300293 0.151611
0.001382 0.001382 0.999998
0 0 0 0
0.982849 0.491577
-2.000732 3.257568 0.151611
0.001382 0.001382 0.999998
0 0 0 0
0.982849 0.470215
0 3.73877 0.099609
0.001382 -0.001382 0.999998
0 0 0 0
0.983765 0.394287
0 3.81958 0.099854
0.001382 -0.001382 0.999998
0 0 0 0
0.983765 0.433777
-2.000732 3.81958 0.099854
0.001382 -0.001382 0.999998
0 0 0 0
0.023132 0.433777
-2.000732 3.73877 0.099609
0.001382 -0.001382 0.999998
0 0 0 0
0.023132 0.394287
-2.000732 3.81958 0.099854
0.000978 -1 -0.000001
0 0 0 0
0.015137 0.494263
0 3.81958 0.099854
0.000978 -1 -0.000001
0 0 0 0
0.982849 0.494263
0 3.81958 0.150146
0.000978 -1 -0.000001
0 0 0 0
0.982849 0.469055
-2.000732 3.81958 0.150146
0.000978 -1 -0.000001
0 0 0 0
0.015137 0.469055
-2.000732 3.81958 0.150146
0.001376 -0.185812 0.982584
0 0 0 0
0.015137 0.091614
0 3.81958 0.150146
0.001376 -0.185812 0.982584
0 0 0 0
0.982849 0.091614
0 3.941406 0.173096
0.001376 -0.185812 0.982584
0 0 0 0
0.982849 0.029785
-2.000732 3.941406 0.173096
0.001376 -0.185812 0.982584
0 0 0 0
0.015137 0.029785
0 3.941162 0.05127
-0.000977 1 0.000001
0 0 0 0
0.982849 0.032593
-2.000732 3.941162 0.05127
-0.000977 1 0.000001
0 0 0 0
0.015137 0.032593
-2.000732 3.941406 0.173096
-0.000977 1 0.000001
0 0 0 0
0.015137 0.093628
0 3.941406 0.173096
-0.000977 1 0.000001
0 0 0 0
0.982849 0.093628
0 3.73877 0.099609
0.001374 -0.221187 0.975231
0 0 0 0
0.983765 0.394287
-2.000732 3.73877 0.099609
0.001374 -0.221187 0.975231
0 0 0 0
0.023132 0.394287
-2.000732 3.695068 0.0896
0.001374 -0.221187 0.975231
0 0 0 0
0.023132 0.372986
0 3.695068 0.0896
0.001374 -0.221187 0.975231
0 0 0 0
0.983765 0.372986
0 3.478516 0.0896
0.001382 0.001382 0.999998
0 0 0 0
0.983765 0.267212
0 3.695068 0.0896
0.001382 0.001382 0.999998
0 0 0 0
0.983765 0.372986
-2.000732 3.695068 0.0896
0.001382 0.001382 0.999998
0 0 0 0
0.023132 0.372986
-2.000732 3.478516 0.0896
0.001382 0.001382 0.999998
0 0 0 0
0.023132 0.267212
-0.000244 3.435059 0.100098
0.001373 0.232029 0.972708
0 0 0 0
0.983643 0.246033
0 3.478516 0.0896
0.001373 0.232029 0.972708
0 0 0 0
0.983765 0.267212
-2.000732 3.478516 0.0896
0.001373 0.232029 0.972708
0 0 0 0
0.023132 0.267212
-2.000732 3.435303 0.100098
0.001373 0.232029 0.972708
0 0 0 0
0.023132 0.246094
-2.000732 3.300293 0.151611
0.000978 -1 -0.000001
0 0 0 0
0.015137 1.055298
-0.000732 3.300293 0.151611
0.000978 -1 -0.000001
0 0 0 0
0.982849 1.055298
-0.000732 3.300293 0.172363
0.000978 -1 -0.000001
0 0 0 0
0.982849 1.032349
-2.000732 3.300293 0.172607
0.000978 -1 -0.000001
0 0 0 0
0.015137 1.032349
-0.000732 3.300293 0.172363
0.001382 0.001382 0.999998
0 0 0 0
0.015137 0.03064
-0.000732 3.347412 0.172363
0.001273 0.716951 0.697123
0 0 0 0
0.015137 0.001465
-2.000732 3.347412 0.172607
0.001273 0.716951 0.697123
0 0 0 0
0.982849 0.001465
-2.000732 3.300293 0.172607
0.001382 0.001382 0.999998
0 0 0 0
0.982849 0.03064
-0.000732 3.347412 0.172363
0.001273 0.716951 0.697123
0 0 0 0
0.982849 1.094238
-0.000488 3.347656 0.123779
0.000979 0.999992 0.003905
0 0 0 0
0.982849 1.130371
-2.000732 3.347656 0.123779
0.000979 0.999992 0.003905
0 0 0 0
0.015137 1.130371
-2.000732 3.347412 0.172607
0.001273 0.716951 0.697123
0 0 0 0
0.015137 1.094238
-2.000732 3.941406 0.13501
0.001382 0.001382 0.999998
0 0 0 0
0.015137 0.091675
-0.000488 3.941406 0.13501
0.001382 0.001382 0.999998
0 0 0 0
0.982849 0.091675
-0.000488 4 0.13501
0.001382 0.001382 0.999998
0 0 0 0
0.982849 0.032166
-2.000732 4 0.13501
0.001382 0.001382 0.999998
0 0 0 0
0.015137 0.032166
-2.000732 4 0.13501
0.000978 1 -0.000001
0 0 0 0
0.015137 0.091675
-0.000488 4 0.13501
0.000978 1 -0.000001
0 0 0 0
0.982849 0.091675
-0.000488 4 0.05127
0.000978 1 -0.000001
0 0 0 0
0.982849 0.032166
-2.000732 4 0.05127
0.000978 1 -0.000001
0 0 0 0
0.015137 0.032166
-2.000732 4 0.05127
-1 0.000978 -0.000001
0 0 0 0
0.126465 0.998779
-2.000732 3.941162 0.05127
-1 0.000978 -0.000001
0 0 0 0
0.217041 0.998779
-2.000732 3.941406 0.13501
-1 0.000978 -0.000001
0 0 0 0
0.217041 0.907227
-2.000732 4 0.13501
-1 0.000978 -0.000001
0 0 0 0
0.126465 0.907227
2 1.020996 0.143066
0.001382 0.001382 0.999998
0 0 0 0
0.203247 0.031982
1.937012 1.020996 0.143066
0.001382 0.001382 0.999998
0 0 0 0
0.203247 0.093689
1.937012 0 0.143066
0.001382 0.001382 0.999998
0 0 0 0
0.897095 0.093689
2 0 0.143066
0.001382 0.001382 0.999998
0 0 0 0
0.897156 0.031982
1.937012 1.020996 0.143066
-1 0.000978 -0.000001
0 0 0 0
0.203247 0.031982
1.937012 0 0.05957
-1 0.000978 -0.000001
0 0 0 0
0.897095 0.093689
1.937012 0 0.143066
-1 0.000978 -0.000001
0 0 0 0
0.897095 0.031982
1.937012 1.020996 0.05957
-1 0.000978 -0.000001
0 0 0 0
0.203247 0.093689
1.937012 0 0.143066
0.000978 -1 -0.000001
0 0 0 0
0.125671 0.906555
1.937012 0 0.05957
0.000978 -1 -0.000001
0 0 0 0
0.125671 1
2 0 0.05957
0.000978 -1 -0.000001
0 0 0 0
0.21698 1
2 0 0.143066
0.000978 -1 -0.000001
0 0 0 0
0.21698 0.906555
2 1.020996 0.05957
1 0.000978 -0.000001
0 0 0 0
0.203247 0.031982
2 1.020996 0.143066
1 0.000978 -0.000001
0 0 0 0
0.203247 0.093689
2 0 0.143066
1 0.000978 -0.000001
0 0 0 0
0.897095 0.093689
2 0 0.05957
1 0.000978 -0.000001
0 0 0 0
0.897095 0.031982
1.937012 0 0.05957
0.001382 0.001382 -0.999998
0 0 0 0
0.203247 0.093689
1.937012 1.020996 0.05957
0.001382 0.001382 -0.999998
0 0 0 0
0.897095 0.093689
2 1.020996 0.05957
0.001382 0.001382 -0.999998
0 0 0 0
0.897095 0.031982
2 0 0.05957
0.001382 0.001382 -0.999998
0 0 0 0
0.203247 0.031982
1.937012 3.062988 0.05957
0.000978 1 -0.000001
0 0 0 0
0.125671 0.906555
2 3.062988 0.143066
0.000978 1 -0.000001
0 0 0 0
0.21698 1
2 3.062988 0.05957
0.000978 1 -0.000001
0 0 0 0
0.21698 0.906555
1.937012 3.062988 0.143066
0.000978 1 -0.000001
0 0 0 0
0.125671 1
2 2.041992 0.05957
0.001382 0.001382 -0.999998
0 0 0 0
0.203247 0.031982
1.937012 3.062988 0.05957
0.001382 0.001382 -0.999998
0 0 0 0
0.897095 0.093689
2 3.062988 0.05957
0.001382 0.001382 -0.999998
0 0 0 0
0.897095 0.031982
1.937012 2.041992 0.05957
0.001382 0.001382 -0.999998
0 0 0 0
0.203247 0.093689
2 3.062988 0.05957
1 0.000978 -0.000001
0 0 0 0
0.203247 0.031982
2 3.062988 0.143066
1 0.000978 -0.000001
0 0 0 0
0.203247 0.093689
2 2.041992 0.143066
1 0.000978 -0.000001
0 0 0 0
0.897095 0.093689
2 2.041992 0.05957
1 0.000978 -0.000001
0 0 0 0
0.897095 0.031982
2 3.062988 0.143066
0.001382 0.001382 0.999998
0 0 0 0
0.203247 0.031982
1.937012 3.062988 0.143066
0.001382 0.001382 0.999998
0 0 0 0
0.203247 0.093689
1.937012 2.041992 0.143066
0.001382 0.001382 0.999998
0 0 0 0
0.897095 0.093689
2 2.041992 0.143066
0.001382 0.001382 0.999998
0 0 0 0
0.897095 0.031982
1.937012 3.062988 0.143066
-1 0.000978 -0.000001
0 0 0 0
0.203247 0.031982
1.937012 3.062988 0.05957
-1 0.000978 -0.000001
0 0 0 0
0.203247 0.093689
1.937012 2.041992 0.05957
-1 0.000978 -0.000001
0 0 0 0
0.897095 0.093689
1.937012 2.041992 0.143066
-1 0.000978 -0.000001
0 0 0 0
0.897095 0.031982
2 1.020996 0.05957
0.001382 0.001382 -0.999998
0 0 0 0
0.897095 0.031982
1.937012 2.041992 0.05957
0.001382 0.001382 -0.999998
0 0 0 0
0.203247 0.093689
2 2.041992 0.05957
0.001382 0.001382 -0.999998
0 0 0 0
0.203247 0.031982
1.937012 1.020996 0.05957
0.001382 0.001382 -0.999998
0 0 0 0
0.897095 0.093689
2 2.041992 0.05957
1 0.000978 -0.000001
0 0 0 0
0.897095 0.031982
2 2.041992 0.143066
1 0.000978 -0.000001
0 0 0 0
0.897095 0.093689
2 1.020996 0.143066
1 0.000978 -0.000001
0 0 0 0
0.203247 0.093689
2 1.020996 0.05957
1 0.000978 -0.000001
0 0 0 0
0.203247 0.031982
2 2.041992 0.143066
0.001382 0.001382 0.999998
0 0 0 0
0.897095 0.031982
1.937012 2.041992 0.143066
0.001382 0.001382 0.999998
0 0 0 0
0.897095 0.093689
1.937012 1.020996 0.143066
0.001382 0.001382 0.999998
0 0 0 0
0.203247 0.093689
2 1.020996 0.143066
0.001382 0.001382 0.999998
0 0 0 0
0.203247 0.031982
1.937012 2.041992 0.143066
-1 0.000978 -0.000001
0 0 0 0
0.897095 0.031982
1.937012 2.041992 0.05957
-1 0.000978 -0.000001
0 0 0 0
0.897095 0.093689
1.937012 1.020996 0.05957
-1 0.000978 -0.000001
0 0 0 0
0.203247 0.093689
1.937012 1.020996 0.143066
-1 0.000978 -0.000001
0 0 0 0
0.203247 0.031982
-1.937012 1.020996 0.143066
0.001382 0.001382 0.999998
0 0 0 0
0.203247 0.031982
-2 1.020996 0.143066
0.001382 0.001382 0.999998
0 0 0 0
0.203247 0.093689
-2 0 0.143066
0.001382 0.001382 0.999998
0 0 0 0
0.897095 0.093689
-1.937012 0 0.143066
0.001382 0.001382 0.999998
0 0 0 0
0.897156 0.031982
-2 1.020996 0.143066
-1 0.000978 -0.000001
0 0 0 0
0.203247 0.031982
-2 0 0.05957
-1 0.000978 -0.000001
0 0 0 0
0.897095 0.093689
-2 0 0.143066
-1 0.000978 -0.000001
0 0 0 0
0.897095 0.031982
-2 1.020996 0.05957
-1 0.000978 -0.000001
0 0 0 0
0.203247 0.093689
-2 0 0.143066
0.000978 -1 -0.000001
0 0 0 0
0.125671 0.906555
-2 0 0.05957
0.000978 -1 -0.000001
0 0 0 0
0.125671 1
-1.937012 0 0.05957
0.000978 -1 -0.000001
0 0 0 0
0.21698 1
-1.937012 0 0.143066
0.000978 -1 -0.000001
0 0 0 0
0.21698 0.906555
-1.937012 1.020996 0.05957
1 0.000978 -0.000001
0 0 0 0
0.203247 0.031982
-1.937012 1.020996 0.143066
1 0.000978 -0.000001
0 0 0 0
0.203247 0.093689
-1.937012 0 0.143066
1 0.000978 -0.000001
0 0 0 0
0.897095 0.093689
-1.937012 0 0.05957
1 0.000978 -0.000001
0 0 0 0
0.897095 0.031982
-2 0 0.05957
0.001382 0.001382 -0.999998
0 0 0 0
0.203247 0.093689
-2 1.020996 0.05957
0.001382 0.001382 -0.999998
0 0 0 0
0.897095 0.093689
-1.937012 1.020996 0.05957
0.001382 0.001382 -0.999998
0 0 0 0
0.897095 0.031982
-1.937012 0 0.05957
0.001382 0.001382 -0.999998
0 0 0 0
0.203247 0.031982
-2 3.062988 0.05957
0.000978 1 -0.000001
0 0 0 0
0.125671 0.906555
-1.937012 3.062988 0.143066
0.000978 1 -0.000001
0 0 0 0
0.21698 1
-1.937012 3.062988 0.05957
0.000978 1 -0.000001
0 0 0 0
0.21698 0.906555
-2 3.062988 0.143066
0.000978 1 -0.000001
0 0 0 0
0.125671 1
-1.937012 2.041992 0.05957
0.001382 0.001382 -0.999998
0 0 0 0
0.203247 0.031982
-2 3.062988 0.05957
0.001382 0.001382 -0.999998
0 0 0 0
0.897095 0.093689
-1.937012 3.062988 0.05957
0.001382 0.001382 -0.999998
0 0 0 0
0.897095 0.031982
-2 2.041992 0.05957
0.001382 0.001382 -0.999998
0 0 0 0
0.203247 0.093689
-1.937012 3.062988 0.05957
1 0.000978 -0.000001
0 0 0 0
0.203247 0.031982
-1.937012 3.062988 0.143066
1 0.000978 -0.000001
0 0 0 0
0.203247 0.093689
-1.937012 2.041992 0.143066
1 0.000978 -0.000001
0 0 0 0
0.897095 0.093689
-1.937012 2.041992 0.05957
1 0.000978 -0.000001
0 0 0 0
0.897095 0.031982
-1.937012 3.062988 0.143066
0.001382 0.001382 0.999998
0 0 0 0
0.203247 0.031982
-2 3.062988 0.143066
0.001382 0.001382 0.999998
0 0 0 0
0.203247 0.093689
-2 2.041992 0.143066
0.001382 0.001382 0.999998
0 0 0 0
0.897095 0.093689
-1.937012 2.041992 0.143066
0.001382 0.001382 0.999998
0 0 0 0
0.897095 0.031982
-2 3.062988 0.143066
-1 0.000978 -0.000001
0 0 0 0
0.203247 0.031982
-2 3.062988 0.05957
-1 0.000978 -0.000001
0 0 0 0
0.203247 0.093689
-2 2.041992 0.05957
-1 0.000978 -0.000001
0 0 0 0
0.897095 0.093689
-2 2.041992 0.143066
-1 0.000978 -0.000001
0 0 0 0
0.897095 0.031982
-1.937012 1.020996 0.05957
0.001382 0.001382 -0.999998
0 0 0 0
0.897095 0.031982
-2 2.041992 0.05957
0.001382 0.001382 -0.999998
0 0 0 0
0.203247 0.093689
-1.937012 2.041992 0.05957
0.001382 0.001382 -0.999998
0 0 0 0
0.203247 0.031982
-2 1.020996 0.05957
0.001382 0.001382 -0.999998
0 0 0 0
0.897095 0.093689
-1.937012 2.041992 0.05957
1 0.000978 -0.000001
0 0 0 0
0.897095 0.031982
-1.937012 2.041992 0.143066
1 0.000978 -0.000001
0 0 0 0
0.897095 0.093689
-1.937012 1.020996 0.143066
1 0.000978 -0.000001
0 0 0 0
0.203247 0.093689
-1.937012 1.020996 0.05957
1 0.000978 -0.000001
0 0 0 0
0.203247 0.031982
-1.937012 2.041992 0.143066
0.001382 0.001382 0.999998
0 0 0 0
0.897095 0.031982
-2 2.041992 0.143066
0.001382 0.001382 0.999998
0 0 0 0
0.897095 0.093689
-2 1.020996 0.143066
0.001382 0.001382 0.999998
0 0 0 0
0.203247 0.093689
-1.937012 1.020996 0.143066
0.001382 0.001382 0.999998
0 0 0 0
0.203247 0.031982
-2 2.041992 0.143066
-1 0.000978 -0.000001
0 0 0 0
0.897095 0.031982
-2 2.041992 0.05957
-1 0.000978 -0.000001
0 0 0 0
0.897095 0.093689
-2 1.020996 0.05957
-1 0.000978 -0.000001
0 0 0 0
0.203247 0.093689
-2 1.020996 0.143066
-1 0.000978 -0.000001
0 0 0 0
0.203247 0.031982
-2 2.052246 0.175781
0.001382 0.001382 0.999998
0 0 0 0
0.982483 0.221191
0 2.052246 0.175781
0.001382 0.001382 0.999998
0 0 0 0
0.016785 0.221191
0 2.138916 0.175781
0.001382 0.001382 0.999998
0 0 0 0
0.016785 0.264343
-2 2.138916 0.175781
0.001382 0.001382 0.999998
0 0 0 0
0.982483 0.264343
-2 2.052246 0.100098
0.000978 -1 -0.000001
0 0 0 0
0.982483 0.068237
0 2.052246 0.175781
0.000978 -1 -0.000001
0 0 0 0
0.016785 0.03241
-2 2.052246 0.175781
0.000978 -1 -0.000001
0 0 0 0
0.982483 0.03241
0 2.052246 0.100098
0.000978 -1 -0.000001
0 0 0 0
0.016785 0.068237
-2 2.052246 0.100098
-1 -0.000977 -0.000001
0 0 0 0
0.126587 0.997681
-2 2.052246 0.175781
-1 0.000978 -0.000001
0 0 0 0
0.177979 0.997681
-2 2.138916 0.175781
-1 0.000978 -0.000001
0 0 0 0
0.177979 0.938965
-2 2.185547 0.100098
-1 0.000978 -0.000001
0 0 0 0
0.126587 0.907349
-2 2.161621 0.191162
-1 0.000978 -0.000001
0 0 0 0
0.188416 0.923584
-2 2.138916 0.191162
-1 0.000978 -0.000001
0 0 0 0
0.188416 0.938965
-2 2.185547 0.208252
-1 0.000978 -0.000001
0 0 0 0
0.19989 0.907349
-2 2.161621 0.208252
-1 0.000978 -0.000001
0 0 0 0
0.19989 0.923584
-2 2.138916 0.175781
0.000978 -1 -0.000001
0 0 0 0
0.982483 0.103943
0 2.138916 0.175781
0.000978 -1 -0.000001
0 0 0 0
0.016785 0.103943
0 2.138916 0.191162
0.000978 -1 -0.000001
0 0 0 0
0.016785 0.096252
-2 2.138916 0.191162
0.000978 -1 -0.000001
0 0 0 0
0.982483 0.096252
-2 2.138916 0.191162
0.001382 0.001382 0.999998
0 0 0 0
0.982483 0.221191
0 2.138916 0.191162
0.001382 0.001382 0.999998
0 0 0 0
0.016785 0.221191
0 2.161621 0.191162
0.001382 0.001382 0.999998
0 0 0 0
0.016785 0.233704
-2 2.161621 0.191162
0.001382 0.001382 0.999998
0 0 0 0
0.982483 0.233704
0 2.185547 0.100098
0.000978 1 -0.000001
0 0 0 0
0.016785 0.083496
-2 2.185547 0.100098
0.000978 1 -0.000001
0 0 0 0
0.982483 0.083496
-2 2.185547 0.208252
0.000978 1 -0.000001
0 0 0 0
0.982483 0.032349
0 2.185547 0.208252
0.000978 1 -0.000001
0 0 0 0
0.016785 0.032349
-2 2.161621 0.208252
0.001382 0.001382 0.999998
0 0 0 0
0.982483 0.221191
0 2.185547 0.208252
0.001382 0.001382 0.999998
0 0 0 0
0.016785 0.234192
-2 2.185547 0.208252
0.001382 0.001382 0.999998
0 0 0 0
0.982483 0.234192
0 2.161621 0.208252
0.001382 0.001382 0.999998
0 0 0 0
0.016785 0.221191
-2 2.161621 0.191162
0.000978 -1 -0.000001
0 0 0 0
0.982483 0.103943
0 2.161621 0.191162
0.000978 -1 -0.000001
0 0 0 0
0.016785 0.103943
0 2.161621 0.208252
0.000978 -1 -0.000001
0 0 0 0
0.016785 0.096252
-2 2.161621 0.208252
0.000978 -1 -0.000001
0 0 0 0
0.982483 0.096252
-2 2.916504 0.175781
0.001382 0.001382 0.999998
0 0 0 0
0.982483 0.221191
0 2.916504 0.175781
0.001382 0.001382 0.999998
0 0 0 0
0.016785 0.221191
0 3.003418 0.175781
0.001382 0.001382 0.999998
0 0 0 0
0.016785 0.264343
-2 3.003418 0.175781
0.001382 0.001382 0.999998
0 0 0 0
0.982483 0.264343
-2 2.916504 0.100098
0.000978 -1 -0.000001
0 0 0 0
0.982483 0.068237
0 2.916504 0.175781
0.000978 -1 -0.000001
0 0 0 0
0.016785 0.03241
-2 2.916504 0.175781
0.000978 -1 -0.000001
0 0 0 0
0.982483 0.03241
0 2.916504 0.100098
0.000978 -1 -0.000001
0 0 0 0
0.016785 0.068237
-2 2.916504 0.100098
-1 -0.000977 -0.000001
0 0 0 0
0.126587 0.997681
-2 2.916504 0.175781
-1 0.000978 -0.000001
0 0 0 0
0.177979 0.997681
-2 3.003418 0.175781
-1 0.000978 -0.000001
0 0 0 0
0.177979 0.938965
-2 3.050049 0.100098
-1 0.000978 -0.000001
0 0 0 0
0.126587 0.907349
-2 3.026123 0.191162
-1 0.000978 -0.000001
0 0 0 0
0.188416 0.923584
-2 3.003418 0.191162
-1 0.000978 -0.000001
0 0 0 0
0.188416 0.938965
-2 3.050049 0.208252
-1 0.000978 -0.000001
0 0 0 0
0.19989 0.907349
-2 3.026123 0.208252
-1 0.000978 -0.000001
0 0 0 0
0.19989 0.923584
-2 3.003418 0.175781
0.000978 -1 -0.000001
0 0 0 0
0.982483 0.103943
0 3.003418 0.175781
0.000978 -1 -0.000001
0 0 0 0
0.016785 0.103943
0 3.003418 0.191162
0.000978 -1 -0.000001
0 0 0 0
0.016785 0.096252
-2 3.003418 0.191162
0.000978 -1 -0.000001
0 0 0 0
0.982483 0.096252
-2 3.003418 0.191162
0.001382 0.001382 0.999998
0 0 0 0
0.982483 0.221191
0 3.003418 0.191162
0.001382 0.001382 0.999998
0 0 0 0
0.016785 0.221191
0 3.026123 0.191162
0.001382 0.001382 0.999998
0 0 0 0
0.016785 0.233704
-2 3.026123 0.191162
0.001382 0.001382 0.999998
0 0 0 0
0.982483 0.233704
0 3.050049 0.100098
0.000978 1 -0.000001
0 0 0 0
0.016785 0.083496
-2 3.050049 0.100098
0.000978 1 -0.000001
0 0 0 0
0.982483 0.083496
-2 3.050049 0.208252
0.000978 1 -0.000001
0 0 0 0
0.982483 0.032349
0 3.050049 0.208252
0.000978 1 -0.000001
0 0 0 0
0.016785 0.032349
-2 3.026123 0.208252
0.001382 0.001382 0.999998
0 0 0 0
0.982483 0.221191
0 3.050049 0.208252
0.001382 0.001382 0.999998
0 0 0 0
0.016785 0.234192
-2 3.050049 0.208252
0.001382 0.001382 0.999998
0 0 0 0
0.982483 0.234192
0 3.026123 0.208252
0.001382 0.001382 0.999998
0 0 0 0
0.016785 0.221191
-2 3.026123 0.191162
0.000978 -1 -0.000001
0 0 0 0
0.982483 0.103943
0 3.026123 0.191162
0.000978 -1 -0.000001
0 0 0 0
0.016785 0.103943
0 3.026123 0.208252
0.000978 -1 -0.000001
0 0 0 0
0.016785 0.096252
-2 3.026123 0.208252
0.000978 -1 -0.000001
0 0 0 0
0.982483 0.096252
0 2.916504 0.175781
0.001382 0.001382 0.999998
0 0 0 0
0.982483 0.221191
2 2.916504 0.175781
0.001382 0.001382 0.999998
0 0 0 0
0.016785 0.221191
2 3.003418 0.175781
0.001382 0.001382 0.999998
0 0 0 0
0.016785 0.264343
0 3.003418 0.175781
0.001382 0.001382 0.999998
0 0 0 0
0.982483 0.264343
0 2.916504 0.100098
0.000978 -1 -0.000001
0 0 0 0
0.982483 0.068237
2 2.916504 0.100098
0.000978 -1 -0.000001
0 0 0 0
0.016785 0.068237
2 2.916504 0.175781
0.000978 -1 -0.000001
0 0 0 0
0.016785 0.03241
0 2.916504 0.175781
0.000978 -1 -0.000001
0 0 0 0
0.982483 0.03241
2 2.916504 0.175781
1 0.000978 -0.000001
0 0 0 0
0.179016 0.997681
2 2.916504 0.100098
1 0.000978 -0.000001
0 0 0 0
0.127686 0.997681
2 3.003418 0.175781
1 0.000978 -0.000001
0 0 0 0
0.179016 0.938965
2 3.050049 0.100098
1 0.000978 -0.000001
0 0 0 0
0.127686 0.907349
2 3.026123 0.191162
1 0.000978 -0.000001
0 0 0 0
0.189453 0.923584
2 3.003418 0.191162
1 0.000978 -0.000001
0 0 0 0
0.189453 0.938965
2 3.050049 0.208252
1 0.000978 -0.000001
0 0 0 0
0.200989 0.907349
2 3.026123 0.208252
1 0.000978 -0.000001
0 0 0 0
0.200989 0.923584
0 2.916504 0.175781
1 0.000978 -0.000001
0 0 0 0
0.179016 0.997681
0 2.916504 0.100098
1 0.000978 -0.000001
0 0 0 0
0.127686 0.997681
0 3.003418 0.175781
1 0.000978 -0.000001
0 0 0 0
0.179016 0.938965
0 3.050049 0.100098
1 0.000978 -0.000001
0 0 0 0
0.127686 0.907349
0 3.026123 0.191162
1 0.000978 -0.000001
0 0 0 0
0.189453 0.923584
0 3.003418 0.191162
1 0.000978 -0.000001
0 0 0 0
0.189453 0.938965
0 3.050049 0.208252
1 0.000978 -0.000001
0 0 0 0
0.200989 0.907349
0 3.026123 0.208252
1 0.000978 -0.000001
0 0 0 0
0.200989 0.923584
0 2.916504 0.100098
-1 0.000978 -0.000001
0 0 0 0
0.126587 0.997681
0 2.916504 0.175781
-1 0.000978 -0.000001
0 0 0 0
0.177979 0.997681
0 3.003418 0.175781
-1 0.000978 -0.000001
0 0 0 0
0.177979 0.938965
0 3.050049 0.100098
-1 0.000978 -0.000001
0 0 0 0
0.126587 0.907349
0 3.026123 0.191162
-1 0.000978 -0.000001
0 0 0 0
0.188416 0.923584
0 3.003418 0.191162
-1 0.000978 -0.000001
0 0 0 0
0.188416 0.938965
0 3.050049 0.208252
-1 0.000978 -0.000001
0 0 0 0
0.19989 0.907349
0 3.026123 0.208252
-1 0.000978 -0.000001
0 0 0 0
0.19989 0.923584
0 3.003418 0.175781
0.000978 -1 -0.000001
0 0 0 0
0.982483 0.103943
2 3.003418 0.175781
0.000978 -1 -0.000001
0 0 0 0
0.016785 0.103943
2 3.003418 0.191162
0.000978 -1 -0.000001
0 0 0 0
0.016785 0.096252
0 3.003418 0.191162
0.000978 -1 -0.000001
0 0 0 0
0.982483 0.096252
0 3.003418 0.191162
0.001382 0.001382 0.999998
0 0 0 0
0.982483 0.221191
2 3.003418 0.191162
0.001382 0.001382 0.999998
0 0 0 0
0.016785 0.221191
2 3.026123 0.191162
0.001382 0.001382 0.999998
0 0 0 0
0.016785 0.233704
0 3.026123 0.191162
0.001382 0.001382 0.999998
0 0 0 0
0.982483 0.233704
0 3.026123 0.191162
0.000978 -1 -0.000001
0 0 0 0
0.982483 0.103943
2 3.026123 0.191162
0.000978 -1 -0.000001
0 0 0 0
0.016785 0.103943
2 3.026123 0.208252
0.000978 -1 -0.000001
0 0 0 0
0.016785 0.096252
0 3.026123 0.208252
0.000978 -1 -0.000001
0 0 0 0
0.982483 0.096252
0 3.026123 0.208252
0.001382 0.001382 0.999998
0 0 0 0
0.982483 0.221191
2 3.026123 0.208252
0.001382 0.001382 0.999998
0 0 0 0
0.016785 0.221191
2 3.050049 0.208252
0.001382 0.001382 0.999998
0 0 0 0
0.016785 0.234192
0 3.050049 0.208252
0.001382 0.001382 0.999998
0 0 0 0
0.982483 0.234192
2 3.050049 0.100098
0.000978 1 -0.000001
0 0 0 0
0.016785 0.083496
0 3.050049 0.100098
0.000978 1 -0.000001
0 0 0 0
0.982483 0.083496
0 3.050049 0.208252
0.000978 1 -0.000001
0 0 0 0
0.982483 0.032349
2 3.050049 0.208252
0.000978 1 -0.000001
0 0 0 0
0.016785 0.032349
0 2.052246 0.175781
0.001382 0.001382 0.999998
0 0 0 0
0.982483 0.221191
2 2.052246 0.175781
0.001382 0.001382 0.999998
0 0 0 0
0.016785 0.221191
2 2.138916 0.175781
0.001382 0.001382 0.999998
0 0 0 0
0.016785 0.264343
0 2.138916 0.175781
0.001382 0.001382 0.999998
0 0 0 0
0.982483 0.264343
0 2.052246 0.100098
0.000978 -1 -0.000001
0 0 0 0
0.982483 0.068237
2 2.052246 0.100098
0.000978 -1 -0.000001
0 0 0 0
0.016785 0.068237
2 2.052246 0.175781
0.000978 -1 -0.000001
0 0 0 0
0.016785 0.03241
0 2.052246 0.175781
0.000978 -1 -0.000001
0 0 0 0
0.982483 0.03241
2 2.052246 0.175781
1 0.000978 -0.000001
0 0 0 0
0.179016 0.997681
2 2.052246 0.100098
1 0.000978 -0.000001
0 0 0 0
0.127686 0.997681
2 2.138916 0.175781
1 0.000978 -0.000001
0 0 0 0
0.179016 0.938965
2 2.185547 0.100098
1 0.000978 -0.000001
0 0 0 0
0.127686 0.907349
2 2.161621 0.191162
1 0.000978 -0.000001
0 0 0 0
0.189453 0.923584
2 2.138916 0.191162
1 0.000978 -0.000001
0 0 0 0
0.189453 0.938965
2 2.185547 0.208252
1 0.000978 -0.000001
0 0 0 0
0.200989 0.907349
2 2.161621 0.208252
1 0.000978 -0.000001
0 0 0 0
0.200989 0.923584
0 2.052246 0.175781
1 0.000978 -0.000001
0 0 0 0
0.179016 0.997681
0 2.052246 0.100098
1 0.000978 -0.000001
0 0 0 0
0.127686 0.997681
0 2.138916 0.175781
1 0.000978 -0.000001
0 0 0 0
0.179016 0.938965
0 2.185547 0.100098
1 0.000978 -0.000001
0 0 0 0
0.127686 0.907349
0 2.161621 0.191162
1 0.000978 -0.000001
0 0 0 0
0.189453 0.923584
0 2.138916 0.191162
1 0.000978 -0.000001
0 0 0 0
0.189453 0.938965
0 2.185547 0.208252
1 0.000978 -0.000001
0 0 0 0
0.200989 0.907349
0 2.161621 0.208252
1 0.000978 -0.000001
0 0 0 0
0.200989 0.923584
0 2.052246 0.100098
-1 0.000978 -0.000001
0 0 0 0
0.126587 0.997681
0 2.052246 0.175781
-1 0.000978 -0.000001
0 0 0 0
0.177979 0.997681
0 2.138916 0.175781
-1 0.000978 -0.000001
0 0 0 0
0.177979 0.938965
0 2.185547 0.100098
-1 0.000978 -0.000001
0 0 0 0
0.126587 0.907349
0 2.161621 0.191162
-1 0.000978 -0.000001
0 0 0 0
0.188416 0.923584
0 2.138916 0.191162
-1 0.000978 -0.000001
0 0 0 0
0.188416 0.938965
0 2.185547 0.208252
-1 0.000978 -0.000001
0 0 0 0
0.19989 0.907349
0 2.161621 0.208252
-1 0.000978 -0.000001
0 0 0 0
0.19989 0.923584
0 2.138916 0.175781
0.000978 -1 -0.000001
0 0 0 0
0.982483 0.103943
2 2.138916 0.175781
0.000978 -1 -0.000001
0 0 0 0
0.016785 0.103943
2 2.138916 0.191162
0.000978 -1 -0.000001
0 0 0 0
0.016785 0.096252
0 2.138916 0.191162
0.000978 -1 -0.000001
0 0 0 0
0.982483 0.096252
0 2.138916 0.191162
0.001382 0.001382 0.999998
0 0 0 0
0.982483 0.221191
2 2.138916 0.191162
0.001382 0.001382 0.999998
0 0 0 0
0.016785 0.221191
2 2.161621 0.191162
0.001382 0.001382 0.999998
0 0 0 0
0.016785 0.233704
0 2.161621 0.191162
0.001382 0.001382 0.999998
0 0 0 0
0.982483 0.233704
0 2.161621 0.191162
0.000978 -1 -0.000001
0 0 0 0
0.982483 0.103943
2 2.161621 0.191162
0.000978 -1 -0.000001
0 0 0 0
0.016785 0.103943
2 2.161621 0.208252
0.000978 -1 -0.000001
0 0 0 0
0.016785 0.096252
0 2.161621 0.208252
0.000978 -1 -0.000001
0 0 0 0
0.982483 0.096252
0 2.161621 0.208252
0.001382 0.001382 0.999998
0 0 0 0
0.982483 0.221191
2 2.161621 0.208252
0.001382 0.001382 0.999998
0 0 0 0
0.016785 0.221191
2 2.185547 0.208252
0.001382 0.001382 0.999998
0 0 0 0
0.016785 0.234192
0 2.185547 0.208252
0.001382 0.001382 0.999998
0 0 0 0
0.982483 0.234192
2 2.185547 0.100098
0.000978 1 -0.000001
0 0 0 0
0.016785 0.083496
0 2.185547 0.100098
0.000978 1 -0.000001
0 0 0 0
0.982483 0.083496
0 2.185547 0.208252
0.000978 1 -0.000001
0 0 0 0
0.982483 0.032349
2 2.185547 0.208252
0.000978 1 -0.000001
0 0 0 0
0.016785 0.032349
348
2 1 0
3 2 0
3 0 4
0 5 4
8 7 6
9 8 6
6 10 9
10 11 9
14 13 12
15 14 12
12 16 15
16 17 15
20 19 18
21 20 18
24 23 22
25 24 22
28 27 26
29 28 26
29 26 30
31 29 30
30 26 32
26 33 32
36 35 34
35 37 34
35 38 37
38 39 37
37 39 40
39 41 40
44 43 42
45 44 42
48 47 46
49 48 46
52 51 50
53 52 50
55 51 54
56 55 54
56 54 57
58 56 57
58 57 59
60 58 59
60 59 61
62 60 61
62 61 63
61 64 63
61 65 64
65 66 64
64 67 63
68 67 64
67 69 63
67 70 69
70 71 69
71 70 72
70 73 72
72 73 74
73 75 74
74 75 76
75 77 76
78 76 77
78 77 79
77 80 79
57 81 59
81 82 59
59 83 61
83 84 61
87 86 85
88 87 85
85 89 88
89 90 88
93 92 91
94 93 91
97 96 95
98 97 95
101 100 99
100 102 99
105 104 103
106 105 103
109 108 107
110 109 107
113 112 111
114 113 111
117 116 115
116 118 115
121 120 119
122 121 119
125 124 123
126 125 123
129 128 127
130 129 127
133 132 131
134 133 131
137 136 135
140 139 138
141 140 138
144 143 142
145 144 142
148 147 146
149 148 146
152 151 150
153 152 150
156 155 154
157 156 154
160 159 158
159 161 158
164 163 162
165 164 162
168 167 166
169 168 166
172 171 170
173 172 170
176 175 174
175 177 174
180 179 178
181 180 178
184 183 182
185 184 182
182 187 186
187 188 186
186 188 189
190 186 189
188 191 189
189 191 192
191 193 192
192 193 194
193 195 194
195 196 194
196 197 194
198 194 197
199 198 197
197 196 200
200 201 197
196 202 200
200 202 203
202 204 203
203 204 205
206 203 205
206 205 207
208 206 207
207 209 208
209 210 208
209 211 210
211 212 210
212 213 210
214 189 192
215 214 192
216 192 194
217 216 194
220 219 218
221 220 218
218 222 221
222 223 221
226 225 224
227 226 224
230 229 228
231 230 228
234 233 232
235 234 232
238 237 236
239 238 236
242 241 240
243 242 240
246 245 244
247 246 244
250 249 248
251 250 248
254 253 252
255 254 252
258 257 256
259 258 256
262 261 260
263 262 260
266 265 264
267 266 264
270 269 268
271 270 268
274 273 272
275 274 272
278 277 276
279 278 276
282 281 280
283 282 280
286 285 284
287 286 284
290 289 288
291 290 288
294 293 292
295 294 292
294 293 292
295 294 292
298 297 296
299 298 296
302 301 300
301 303 300
306 305 304
307 306 304
310 309 308
311 310 308
314 313 312
315 314 312
318 317 316
317 319 316
322 321 320
321 323 320
326 325 324
327 326 324
330 329 328
331 330 328
334 333 332
335 334 332
338 337 336
337 339 336
342 341 340
343 342 340
346 345 344
347 346 344
350 349 348
351 350 348
354 353 352
355 354 352
358 357 356
357 359 356
362 361 360
363 362 360
366 365 364
367 366 364
370 369 368
371 370 368
374 373 372
373 375 372
378 377 376
377 379 376
382 381 380
383 382 380
386 385 384
387 386 384
390 389 388
391 390 388
394 393 392
393 395 392
398 397 396
399 398 396
402 401 400
403 402 400
406 405 404
407 406 404
410 409 408
411 410 408
414 413 412
413 415 412
418 417 416
419 418 416
418 419 420
421 418 420
420 419 422
423 420 422
426 425 424
427 426 424
430 429 428
431 430 428
434 433 432
435 434 432
438 437 436
437 439 436
442 441 440
443 442 440
446 445 444
447 446 444
450 449 448
449 451 448
454 453 452
455 454 452
454 455 456
457 454 456
456 455 458
459 456 458
462 461 460
463 462 460
466 465 464
467 466 464
470 469 468
471 470 468
474 473 472
473 475 472
478 477 476
479 478 476
482 481 480
483 482 480
486 485 484
487 486 484
490 489 488
491 489 490
492 491 490
493 492 490
494 491 492
495 494 492
498 497 496
499 497 498
500 499 498
501 500 498
502 499 500
503 502 500
506 505 504
507 506 504
506 507 508
509 506 508
508 507 510
511 508 510
514 513 512
515 514 512
518 517 516
519 518 516
522 521 520
523 522 520
526 525 524
527 526 524
530 529 528
531 530 528
534 533 532
535 534 532
538 537 536
539 538 536
542 541 540
543 541 542
544 543 542
545 544 542
546 543 544
547 546 544
550 549 548
551 549 550
552 551 550
553 552 550
554 551 552
555 554 552
558 557 556
559 558 556
558 559 560
561 558 560
560 559 562
563 560 562
566 565 564
567 566 564
570 569 568
571 570 568
574 573 572
575 574 572
578 577 576
579 578 576
582 581 580
583 582 580
sm04_material\environment\template\architecture\gbl_arch_concrete_trim_02\sza_gbl_arch_metal_trim_01.material
1
0
200
-2 0.046143 -0.399902
-0.000977 1 -0.000001
0 0 0 0
0.012451 0.000916
-2 0.046143 -0.350098
-0.000977 1 -0.000001
0 0 0 0
0.012451 0.029724
-0.704346 0.046143 -0.350098
-0.000977 1 -0.000001
0 0 0 0
0.985046 0.029724
-0.704346 0.046143 -0.399902
-0.000977 1 -0.000001
0 0 0 0
0.985046 0.000916
-2 0.046143 -0.350098
0.001382 0.001382 0.999998
0 0 0 0
0.012451 0.000916
-2 0 -0.350098
0.001382 0.001382 0.999998
0 0 0 0
0.012451 0.029724
-0.704346 0 -0.350098
0.001382 0.001382 0.999998
0 0 0 0
0.985046 0.029724
-0.704346 0.046143 -0.350098
0.001382 0.001382 0.999998
0 0 0 0
0.985046 0.000916
-2 0 -0.350098
0.000978 -1 -0.000001
0 0 0 0
0.012451 0.000916
-2 0 -0.399902
0.000978 -1 -0.000001
0 0 0 0
0.012451 0.029724
-0.704346 0 -0.399902
0.000978 -1 -0.000001
0 0 0 0
0.985046 0.029724
-0.704346 0 -0.350098
0.000978 -1 -0.000001
0 0 0 0
0.985046 0.000916
2 1.286133 -0.350098
0.001382 0.001382 0.999998
0 0 0 0
0.012451 0.000916
0.029297 1.286133 -0.350098
0.001382 0.001382 0.999998
0 0 0 0
0.985046 0.000916
0.029297 1.236084 -0.350098
0.001382 0.001382 0.999998
0 0 0 0
0.985046 0.029724
2 1.236084 -0.350098
0.001382 0.001382 0.999998
0 0 0 0
0.012451 0.029724
0.029297 1.236084 -0.350098
-0.000977 -1 -0.000001
0 0 0 0
0.985046 0.000916
0.029297 1.236084 -0.399902
-0.000977 -1 -0.000001
0 0 0 0
0.985046 0.029724
2 1.236084 -0.399902
-0.000977 -1 -0.000001
0 0 0 0
0.012451 0.029724
2 1.236084 -0.350098
-0.000977 -1 -0.000001
0 0 0 0
0.012451 0.000916
-2.01123 1.286133 -0.350098
0.001382 0.001382 0.999998
0 0 0 0
0.012451 0.000916
-2.01123 1.236084 -0.350098
0.001382 0.001382 0.999998
0 0 0 0
0.012451 0.029724
0.029297 1.236084 -0.350098
0.001382 0.001382 0.999998
0 0 0 0
0.985046 0.029724
0.029297 1.286133 -0.350098
0.001382 0.001382 0.999998
0 0 0 0
0.985046 0.000916
0.029297 1.236084 -0.350098
-0.000977 -1 -0.000001
0 0 0 0
0.985046 0.000916
-2.01123 1.236084 -0.350098
0.000978 -1 -0.000001
0 0 0 0
0.012451 0.000916
-1.941406 1.236084 -0.399902
0.000978 -1 -0.000001
0 0 0 0
0.012451 0.029724
0.029297 1.236084 -0.399902
-0.000977 -1 -0.000001
0 0 0 0
0.985046 0.029724
2 2.021973 -0.350098
0.001382 0.001382 0.999998
0 0 0 0
0.012451 0.000916
0.029297 2.021973 -0.350098
0.001382 0.001382 0.999998
0 0 0 0
0.985046 0.000916
0.029297 1.971924 -0.350098
0.001382 0.001382 0.999998
0 0 0 0
0.985046 0.029724
2 1.971924 -0.350098
0.001382 0.001382 0.999998
0 0 0 0
0.012451 0.029724
0.029297 1.971924 -0.350098
-0.000977 -1 -0.000001
0 0 0 0
0.985046 0.000916
0.029297 1.971924 -0.399902
-0.000977 -1 -0.000001
0 0 0 0
0.985046 0.029724
2 1.971924 -0.399902
-0.000977 -1 -0.000001
0 0 0 0
0.012451 0.029724
2 1.971924 -0.350098
-0.000977 -1 -0.000001
0 0 0 0
0.012451 0.000916
-1.941406 2.021973 -0.350098
0.001382 0.001382 0.999998
0 0 0 0
0.012451 0.000916
-1.941406 1.971924 -0.350098
0.001382 0.001382 0.999998
0 0 0 0
0.012451 0.029724
0.029297 1.971924 -0.350098
0.001382 0.001382 0.999998
0 0 0 0
0.985046 0.029724
0.029297 2.021973 -0.350098
0.001382 0.001382 0.999998
0 0 0 0
0.985046 0.000916
-1.941406 1.971924 -0.350098
0.000978 -1 -0.000001
0 0 0 0
0.012451 0.000916
-1.941406 1.971924 -0.399902
0.000978 -1 -0.000001
0 0 0 0
0.012451 0.029724
0.029297 1.971924 -0.399902
-0.000977 -1 -0.000001
0 0 0 0
0.985046 0.029724
0.029297 1.971924 -0.350098
-0.000977 -1 -0.000001
0 0 0 0
0.985046 0.000916
-0.024902 0 -0.425049
-1 0.000978 -0.000001
0 0 0 0
0 0.001099
-0.024902 0 -0.375
-1 0.000978 -0.000001
0 0 0 0
0 0.001099
-0.024902 1.272949 -0.375
-1 0.000978 -0.000001
0 0 0 0
1.027771 0.001099
-0.024902 1.272949 -0.425049
-1 0.000978 -0.000001
0 0 0 0
1.027771 0.001099
-0.024902 0 -0.375
0.001382 0.001382 0.999998
0 0 0 0
0 0.001099
0 1.272949 -0.375
0.001382 0.001382 0.999998
0 0 0 0
1.027771 0.030457
-0.024902 1.272949 -0.375
0.001382 0.001382 0.999998
0 0 0 0
1.027771 0.001099
0 0 -0.375
0.001382 0.001382 0.999998
0 0 0 0
0 0.030457
0.024902 0 -0.375
1 0.000978 -0.000001
0 0 0 0
0 0.001099
0.024902 0 -0.425049
1 0.000978 -0.000001
0 0 0 0
0 0.001099
0.024902 1.272949 -0.425049
1 0.000978 -0.000001
0 0 0 0
1.027771 0.001099
0.024902 1.272949 -0.375
1 0.000978 -0.000001
0 0 0 0
1.027771 0.001099
0 1.272949 -0.375
0.001382 0.001382 0.999998
0 0 0 0
1.027771 0.030457
0 0 -0.375
0.001382 0.001382 0.999998
0 0 0 0
0 0.030457
0.024902 0 -0.375
0.001382 0.001382 0.999998
0 0 0 0
0 0.001099
0.024902 1.272949 -0.375
0.001382 0.001382 0.999998
0 0 0 0
1.027771 0.001099
2 1.585938 -0.350098
0.001382 0.001382 0.999998
0 0 0 0
0.012451 0.000916
0.029297 1.536133 -0.350098
0.001382 0.001382 0.999998
0 0 0 0
0.985046 0.029724
2 1.536133 -0.350098
0.001382 0.001382 0.999998
0 0 0 0
0.012451 0.029724
0.029297 1.585938 -0.350098
0.001382 0.001382 0.999998
0 0 0 0
0.985046 0.000916
0.029297 1.585938 -0.399902
0.000978 1 -0.000001
0 0 0 0
0.985046 0.000916
0.029297 1.585938 -0.350098
0.000978 1 -0.000001
0 0 0 0
0.985046 0.029724
2 1.585938 -0.350098
0.000978 1 -0.000001
0 0 0 0
0.012451 0.029724
2 1.585938 -0.399902
0.000978 1 -0.000001
0 0 0 0
0.012451 0.000916
-1.941406 1.585938 -0.399902
0.000978 1 -0.000001
0 0 0 0
0.012451 0.000916
-1.941406 1.585938 -0.350098
0.000978 1 -0.000001
0 0 0 0
0.012451 0.029724
0.029297 1.585938 -0.350098
0.000978 1 -0.000001
0 0 0 0
0.985046 0.029724
0.029297 1.585938 -0.399902
0.000978 1 -0.000001
0 0 0 0
0.985046 0.000916
-1.941406 1.585938 -0.350098
0.001382 0.001382 0.999998
0 0 0 0
0.012451 0.000916
-1.941406 1.536133 -0.350098
0.001382 0.001382 0.999998
0 0 0 0
0.012451 0.029724
0.029297 1.536133 -0.350098
0.001382 0.001382 0.999998
0 0 0 0
0.985046 0.029724
0.029297 1.585938 -0.350098
0.001382 0.001382 0.999998
0 0 0 0
0.985046 0.000916
-2 1.536133 -0.295654
0.001382 0.001382 0.999998
0 0 0 0
0.768616 0.000916
-1.949951 1.536133 -0.295654
0.001382 0.001382 0.999998
0 0 0 0
0.768616 0.029724
-1.949951 2.021973 -0.295654
0.001382 0.001382 0.999998
0 0 0 0
0.989929 0.029724
-2 2.021973 -0.295654
0.001382 0.001382 0.999998
0 0 0 0
0.989929 0.000916
-1.949951 1.536133 -0.295654
1 0.000978 -0.000001
0 0 0 0
0.768616 0.000916
-1.949951 1.536133 -0.425049
1 0.000978 -0.000001
0 0 0 0
0.768616 0.029724
-1.949951 2.021973 -0.425049
1 0.000978 -0.000001
0 0 0 0
0.989929 0.029724
-1.949951 2.021973 -0.295654
1 0.000978 -0.000001
0 0 0 0
0.989929 0.000916
-0.695068 1.536133 -0.295654
0.001382 0.001382 0.999998
0 0 0 0
0.768616 0.000916
-0.645264 1.536133 -0.295654
0.001382 0.001382 0.999998
0 0 0 0
0.768616 0.029724
-0.645264 2.021973 -0.295654
0.001382 0.001382 0.999998
0 0 0 0
0.989929 0.029724
-0.695068 2.021973 -0.295654
0.001382 0.001382 0.999998
0 0 0 0
0.989929 0.000916
-0.645264 1.536133 -0.295654
1 0.000978 -0.000001
0 0 0 0
0.768616 0.000916
-0.645264 1.536133 -0.425049
1 0.000978 -0.000001
0 0 0 0
0.768616 0.029724
-0.645264 2.021973 -0.425049
1 0.000978 -0.000001
0 0 0 0
0.989929 0.029724
-0.645264 2.021973 -0.295654
1 0.000978 -0.000001
0 0 0 0
0.989929 0.000916
-0.995117 1.536133 -0.295654
0.001382 0.001382 0.999998
0 0 0 0
0.768616 0.000916
-0.945068 1.536133 -0.295654
0.001382 0.001382 0.999998
0 0 0 0
0.768616 0.029724
-0.945068 2.021973 -0.295654
0.001382 0.001382 0.999998
0 0 0 0
0.989929 0.029724
-0.995117 2.021973 -0.295654
0.001382 0.001382 0.999998
0 0 0 0
0.989929 0.000916
-0.995117 1.536133 -0.425049
-1 0.000978 -0.000001
0 0 0 0
0.768616 0.000916
-0.995117 1.536133 -0.295654
-1 0.000978 -0.000001
0 0 0 0
0.768616 0.029724
-0.995117 2.021973 -0.295654
-1 0.000978 -0.000001
0 0 0 0
0.989929 0.029724
-0.995117 2.021973 -0.425049
-1 0.000978 -0.000001
0 0 0 0
0.989929 0.000916
0.643555 1.536133 -0.295654
0.001382 0.001382 0.999998
0 0 0 0
0.768616 0.000916
0.693604 1.536133 -0.295654
0.001382 0.001382 0.999998
0 0 0 0
0.768616 0.029724
0.693604 2.021973 -0.295654
0.001382 0.001382 0.999998
0 0 0 0
0.989929 0.029724
0.643555 2.021973 -0.295654
0.001382 0.001382 0.999998
0 0 0 0
0.989929 0.000916
0.643555 1.536133 -0.425049
-1 0.000978 -0.000001
0 0 0 0
0.768616 0.000916
0.643555 1.536133 -0.295654
-1 0.000978 -0.000001
0 0 0 0
0.768616 0.029724
0.643555 2.021973 -0.295654
-1 0.000978 -0.000001
0 0 0 0
0.989929 0.029724
0.643555 2.021973 -0.425049
-1 0.000978 -0.000001
0 0 0 0
0.989929 0.000916
0.943604 1.536133 -0.295654
0.001382 0.001382 0.999998
0 0 0 0
0.768616 0.000916
0.993652 1.536133 -0.295654
0.001382 0.001382 0.999998
0 0 0 0
0.768616 0.029724
0.993652 2.021973 -0.295654
0.001382 0.001382 0.999998
0 0 0 0
0.989929 0.029724
0.943604 2.021973 -0.295654
0.001382 0.001382 0.999998
0 0 0 0
0.989929 0.000916
0.993652 1.536133 -0.295654
1 0.000978 0.000001
0 0 0 0
0.768616 0.000916
0.993652 1.536133 -0.425049
1 0.000978 0.000001
0 0 0 0
0.768616 0.029724
0.993652 2.021973 -0.425049
1 0.000978 0.000001
0 0 0 0
0.989929 0.029724
0.993652 2.021973 -0.295654
1 0.000978 0.000001
0 0 0 0
0.989929 0.000916
1.949951 1.536133 -0.295654
0.001382 0.001382 0.999998
0 0 0 0
0.768616 0.000916
2 1.536133 -0.295654
0.001382 0.001382 0.999998
0 0 0 0
0.768616 0.029724
2 2.021973 -0.295654
0.001382 0.001382 0.999998
0 0 0 0
0.989929 0.029724
1.949951 2.021973 -0.295654
0.001382 0.001382 0.999998
0 0 0 0
0.989929 0.000916
1.949951 1.536133 -0.425049
-1 0.000978 -0.000001
0 0 0 0
0.768616 0.000916
1.949951 1.536133 -0.295654
-1 0.000978 -0.000001
0 0 0 0
0.768616 0.029724
1.949951 2.021973 -0.295654
-1 0.000978 -0.000001
0 0 0 0
0.989929 0.029724
1.949951 2.021973 -0.425049
-1 0.000978 -0.000001
0 0 0 0
0.989929 0.000916
0.704346 0.046143 -0.399902
-0.000977 1 -0.000001
0 0 0 0
0.012451 0.000916
0.704346 0.046143 -0.350098
-0.000977 1 -0.000001
0 0 0 0
0.012451 0.029724
2 0.046143 -0.350098
-0.000977 1 -0.000001
0 0 0 0
0.985046 0.029724
2 0.046143 -0.399902
-0.000977 1 -0.000001
0 0 0 0
0.985046 0.000916
0.704346 0.046143 -0.350098
0.001382 0.001382 0.999998
0 0 0 0
0.012451 0.000916
0.704346 0 -0.350098
0.001382 0.001382 0.999998
0 0 0 0
0.012451 0.029724
2 0 -0.350098
0.001382 0.001382 0.999998
0 0 0 0
0.985046 0.029724
2 0.046143 -0.350098
0.001382 0.001382 0.999998
0 0 0 0
0.985046 0.000916
0.704346 0 -0.350098
0.000978 -1 -0.000001
0 0 0 0
0.012451 0.000916
0.704346 0 -0.399902
0.000978 -1 -0.000001
0 0 0 0
0.012451 0.029724
2 0 -0.399902
0.000978 -1 -0.000001
0 0 0 0
0.985046 0.029724
2 0 -0.350098
0.000978 -1 -0.000001
0 0 0 0
0.985046 0.000916
-0.645264 0.024902 -0.425049
0.000978 1 -0.000001
0 0 0 0
0.167542 0.001099
-0.645264 0.024902 -0.375
0.000978 1 -0.000001
0 0 0 0
0.167542 0.001099
-0.024902 0.024902 -0.375
0.000978 1 -0.000001
0 0 0 0
0.700867 0.001099
-0.024902 0.024902 -0.425049
0.000978 1 -0.000001
0 0 0 0
0.700867 0.001099
-0.024902 0.024902 -0.375
0.001382 0.001382 0.999998
0 0 0 0
0.700867 0.001099
-0.645264 0.024902 -0.375
0.001382 0.001382 0.999998
0 0 0 0
0.167542 0.001099
-0.645264 0 -0.375
0.001382 0.001382 0.999998
0 0 0 0
0.167542 0.030457
-0.024902 0 -0.375
0.001382 0.001382 0.999998
0 0 0 0
0.700867 0.030457
0.024902 0.024902 -0.425049
0.000978 1 -0.000001
0 0 0 0
0.197937 0.001099
0.024902 0.024902 -0.375
0.000978 1 -0.000001
0 0 0 0
0.197937 0.001099
0.643555 0.024902 -0.375
0.000978 1 -0.000001
0 0 0 0
0.731262 0.001099
0.643555 0.024902 -0.425049
0.000978 1 -0.000001
0 0 0 0
0.731262 0.001099
0.643555 0.024902 -0.375
0.001382 0.001382 0.999998
0 0 0 0
0.731262 0.001099
0.024902 0.024902 -0.375
0.001382 0.001382 0.999998
0 0 0 0
0.197937 0.001099
0.024902 0 -0.375
0.001382 0.001382 0.999998
0 0 0 0
0.197937 0.030457
0.643555 0 -0.375
0.001382 0.001382 0.999998
0 0 0 0
0.731262 0.030457
0.643555 0 -0.375
0.001382 0.001382 0.999998
0 0 0 0
0 0.000916
0.693604 0 -0.375
0.001382 0.001382 0.999998
0 0 0 0
0 0.029724
0.693604 1.248047 -0.375
0.001382 0.001382 0.999998
0 0 0 0
1.010986 0.029724
0.643555 1.248047 -0.375
0.001382 0.001382 0.999998
0 0 0 0
1.010986 0.000916
0.643555 0 -0.425049
-1 0.000978 -0.000001
0 0 0 0
0 0.000916
0.643555 0 -0.375
-1 0.000978 -0.000001
0 0 0 0
0 0.029724
0.643555 1.248047 -0.375
-1 0.000978 -0.000001
0 0 0 0
1.010986 0.029724
0.643555 1.248047 -0.425049
-1 0.000978 -0.000001
0 0 0 0
1.010986 0.000916
0.943604 0 -0.375
0.001382 0.001382 0.999998
0 0 0 0
0 0.000916
0.993652 0 -0.375
0.001382 0.001382 0.999998
0 0 0 0
0 0.029724
0.993652 1.248047 -0.375
0.001382 0.001382 0.999998
0 0 0 0
1.010986 0.029724
0.943604 1.248047 -0.375
0.001382 0.001382 0.999998
0 0 0 0
1.010986 0.000916
0.993652 0 -0.375
1 0.000978 0.000001
0 0 0 0
0 0.000916
0.993652 0 -0.425049
1 0.000978 0.000001
0 0 0 0
0 0.029724
0.993652 1.248047 -0.425049
1 0.000978 0.000001
0 0 0 0
1.010986 0.029724
0.993652 1.248047 -0.375
1 0.000978 0.000001
0 0 0 0
1.010986 0.000916
-0.695068 0 -0.375
0.001382 0.001382 0.999998
0 0 0 0
0 0.000916
-0.645264 0 -0.375
0.001382 0.001382 0.999998
0 0 0 0
0 0.029724
-0.645264 1.248047 -0.375
0.001382 0.001382 0.999998
0 0 0 0
1.010986 0.029724
-0.695068 1.248047 -0.375
0.001382 0.001382 0.999998
0 0 0 0
1.010986 0.000916
-0.645264 0 -0.375
1 0.000978 -0.000001
0 0 0 0
0 0.000916
-0.645264 0 -0.425049
1 0.000978 -0.000001
0 0 0 0
0 0.029724
-0.645264 1.248047 -0.425049
1 0.000978 -0.000001
0 0 0 0
1.010986 0.029724
-0.645264 1.248047 -0.375
1 0.000978 -0.000001
0 0 0 0
1.010986 0.000916
-0.995117 0 -0.375
0.001382 0.001382 0.999998
0 0 0 0
0 0.000916
-0.945068 0 -0.375
0.001382 0.001382 0.999998
0 0 0 0
0 0.029724
-0.945068 1.248047 -0.375
0.001382 0.001382 0.999998
0 0 0 0
1.010986 0.029724
-0.995117 1.248047 -0.375
0.001382 0.001382 0.999998
0 0 0 0
1.010986 0.000916
-0.995117 0 -0.425049
-1 0.000978 -0.000001
0 0 0 0
0 0.000916
-0.995117 0 -0.375
-1 0.000978 -0.000001
0 0 0 0
0 0.029724
-0.995117 1.248047 -0.375
-1 0.000978 -0.000001
0 0 0 0
1.010986 0.029724
-0.995117 1.248047 -0.425049
-1 0.000978 -0.000001
0 0 0 0
1.010986 0.000916
1.949951 0 -0.375
0.001382 0.001382 0.999998
0 0 0 0
0 0.000916
2 0 -0.375
0.001382 0.001382 0.999998
0 0 0 0
0 0.029724
2 1.248047 -0.375
0.001382 0.001382 0.999998
0 0 0 0
1.010986 0.029724
1.949951 1.248047 -0.375
0.001382 0.001382 0.999998
0 0 0 0
1.010986 0.000916
1.949951 0 -0.425049
-1 0.000978 -0.000001
0 0 0 0
0 0.000916
1.949951 0 -0.375
-1 0.000978 -0.000001
0 0 0 0
0 0.029724
1.949951 1.248047 -0.375
-1 0.000978 -0.000001
0 0 0 0
1.010986 0.029724
1.949951 1.248047 -0.425049
-1 0.000978 -0.000001
0 0 0 0
1.010986 0.000916
-2 0 -0.375
0.001382 0.001382 0.999998
0 0 0 0
0.012451 0.000916
-1.949951 0 -0.375
0.001382 0.001382 0.999998
0 0 0 0
0.012451 0.029724
-1.949951 1.248047 -0.375
0.001382 0.001382 0.999998
0 0 0 0
1.010986 0.029724
-2 1.248047 -0.375
0.001382 0.001382 0.999998
0 0 0 0
1.010986 0.000916
-1.949951 0 -0.375
1 0.000978 -0.000001
0 0 0 0
0.012451 0.000916
-1.949951 0 -0.425049
1 0.000978 -0.000001
0 0 0 0
0.012451 0.029724
-1.949951 1.248047 -0.425049
1 0.000978 -0.000001
0 0 0 0
1.010986 0.029724
-1.949951 1.248047 -0.375
1 0.000978 -0.000001
0 0 0 0
1.010986 0.000916
100
2 1 0
3 2 0
6 5 4
7 6 4
10 9 8
11 10 8
14 13 12
15 14 12
18 17 16
19 18 16
22 21 20
23 22 20
26 25 24
27 26 24
30 29 28
31 30 28
34 33 32
35 34 32
38 37 36
39 38 36
42 41 40
43 42 40
46 45 44
47 46 44
50 49 48
49 51 48
54 53 52
55 54 52
58 57 56
59 58 56
62 61 60
61 63 60
66 65 64
67 66 64
70 69 68
71 70 68
74 73 72
75 74 72
78 77 76
79 78 76
82 81 80
83 82 80
86 85 84
87 86 84
90 89 88
91 90 88
94 93 92
95 94 92
98 97 96
99 98 96
102 101 100
103 102 100
106 105 104
107 106 104
110 109 108
111 110 108
114 113 112
115 114 112
118 117 116
119 118 116
122 121 120
123 122 120
126 125 124
127 126 124
130 129 128
131 130 128
134 133 132
135 134 132
138 137 136
139 138 136
142 141 140
143 142 140
146 145 144
147 146 144
150 149 148
151 150 148
154 153 152
155 154 152
158 157 156
159 158 156
162 161 160
163 162 160
166 165 164
167 166 164
170 169 168
171 170 168
174 173 172
175 174 172
178 177 176
179 178 176
182 181 180
183 182 180
186 185 184
187 186 184
190 189 188
191 190 188
194 193 192
195 194 192
198 197 196
199 198 196
