0
2
sm00_material\environment\template\architecture\gbl_arch_concrete_trim_02\gbl_arch_metal_trim_01_hearst_02.material
1
0
1401
0.830811 5.501953 -0.283203
0.414108 0.891024 -0.185985
0 0 0 0
0.699951 0.621338
0.883301 5.47168 -0.241211
0.962863 0.086537 -0.255747
0 0 0 0
0.711914 0.630859
0.861816 5.47168 -0.305908
0.913176 0.125518 -0.387757
0 0 0 0
0.707031 0.615967
0.773193 5.50415 -0.394043
0.406543 0.887493 -0.216975
0 0 0 0
0.686523 0.595703
0.811035 5.47168 -0.413086
0.870405 0.127058 -0.475659
0 0 0 0
0.695312 0.591309
0.736328 5.47168 -0.534912
0.803257 0.11932 -0.583559
0 0 0 0
0.677979 0.563232
0.702393 5.502686 -0.518311
0.398869 0.873977 -0.27761
0 0 0 0
0.670166 0.566895
0.643555 5.47168 -0.643555
0.702814 0.110971 -0.702665
0 0 0 0
0.656738 0.538086
0.617432 5.500977 -0.617432
0.361277 0.860456 -0.359297
0 0 0 0
0.650635 0.544189
0.518311 5.502686 -0.702393
0.276218 0.874883 -0.397847
0 0 0 0
0.627686 0.524414
0.534912 5.47168 -0.736328
0.58172 0.119496 -0.804563
0 0 0 0
0.631592 0.516602
0.394043 5.50415 -0.773193
0.21049 0.884987 -0.415322
0 0 0 0
0.599121 0.508057
0.413086 5.47168 -0.811035
0.449539 0.124797 -0.8845
0 0 0 0
0.603516 0.499512
0.28125 5.47168 -0.865723
0.30669 0.118587 -0.944393
0 0 0 0
0.572998 0.486816
0.263428 5.502686 -0.832275
0.15934 0.874599 -0.457917
0 0 0 0
0.568848 0.494629
0.142334 5.47168 -0.898926
0.15549 0.111458 -0.981529
0 0 0 0
0.541016 0.479248
0.136475 5.500977 -0.862305
0.080333 0.859679 -0.504478
0 0 0 0
0.539551 0.487549
0.006592 5.502686 -0.873047
-0.010726 0.873603 -0.486522
0 0 0 0
0.509766 0.485107
0 5.47168 -0.910156
-0.00138 0.117303 -0.993095
0 0 0 0
0.508057 0.476562
-0.135742 5.50415 -0.857178
-0.072059 0.88479 -0.460386
0 0 0 0
0.476807 0.48877
-0.142334 5.47168 -0.898926
-0.155426 0.125166 -0.979886
0 0 0 0
0.475342 0.479248
-0.28125 5.47168 -0.865723
-0.30669 0.118587 -0.944393
0 0 0 0
0.443115 0.486816
-0.275879 5.502686 -0.828125
-0.138433 0.874378 -0.465079
0 0 0 0
0.44458 0.495605
-0.413086 5.47168 -0.811035
-0.45227 0.11139 -0.884898
0 0 0 0
0.412842 0.499512
-0.396484 5.500977 -0.777832
-0.232071 0.861136 -0.452313
0 0 0 0
0.416748 0.50708
-0.507812 5.502686 -0.709961
-0.293606 0.87391 -0.387398
0 0 0 0
0.390869 0.522705
-0.534912 5.47168 -0.736328
-0.584072 0.119439 -0.802866
0 0 0 0
0.384766 0.516602
-0.61377 5.50415 -0.61377
-0.3302 0.884666 -0.32914
0 0 0 0
0.366455 0.544922
-0.643555 5.47168 -0.643555
-0.702451 0.123662 -0.700907
0 0 0 0
0.359619 0.538086
-0.736328 5.47168 -0.534912
-0.803257 0.11932 -0.583559
0 0 0 0
0.338135 0.563232
-0.709961 5.502686 -0.507812
-0.38572 0.874817 -0.293113
0 0 0 0
0.344238 0.569336
-0.811035 5.47168 -0.413086
-0.884739 0.111918 -0.452451
0 0 0 0
0.321045 0.591309
-0.777832 5.500977 -0.396484
-0.454496 0.860179 -0.231354
0 0 0 0
0.328613 0.595215
-0.828125 5.502686 -0.275879
-0.464724 0.874099 -0.141358
0 0 0 0
0.317139 0.623047
-0.865723 5.47168 -0.28125
-0.94424 0.119567 -0.306781
0 0 0 0
0.30835 0.621826
-0.857178 5.50415 -0.135742
-0.460919 0.884357 -0.073935
0 0 0 0
0.310303 0.655273
-0.898926 5.47168 -0.142334
-0.980025 0.124998 -0.154682
0 0 0 0
0.300781 0.653809
-0.910156 5.47168 0
-0.992968 0.118374 -0.001589
0 0 0 0
0.298096 0.686523
-0.873047 5.502686 0.006592
-0.484936 0.874459 -0.012574
0 0 0 0
0.306641 0.688232
-0.898926 5.47168 0.142334
-0.981882 0.110265 0.154108
0 0 0 0
0.300781 0.719482
-0.862305 5.500977 0.136475
-0.502936 0.86058 0.080356
0 0 0 0
0.309082 0.718262
-0.832275 5.502686 0.263428
-0.457844 0.874639 0.15933
0 0 0 0
0.316162 0.747559
-0.865723 5.47168 0.28125
-0.94424 0.119567 0.306781
0 0 0 0
0.30835 0.751465
-0.773193 5.50415 0.394043
-0.414175 0.885367 0.21115
0 0 0 0
0.32959 0.777588
-0.811035 5.47168 0.413086
-0.884033 0.125954 0.450135
0 0 0 0
0.321045 0.781982
-0.736328 5.47168 0.534912
-0.803257 0.11932 0.583559
0 0 0 0
0.338135 0.810059
-0.702393 5.502686 0.518311
-0.398869 0.873977 0.27761
0 0 0 0
0.345947 0.806152
-0.643555 5.47168 0.643555
-0.702814 0.110971 0.702665
0 0 0 0
0.359619 0.835205
-0.617432 5.500977 0.617432
-0.361277 0.860456 0.359297
0 0 0 0
0.365723 0.829102
-0.518311 5.502686 0.702393
-0.276218 0.874883 0.397848
0 0 0 0
0.388428 0.848633
-0.534912 5.47168 0.736328
-0.58172 0.119496 0.804563
0 0 0 0
0.384766 0.856445
-0.394043 5.50415 0.773193
-0.21049 0.884987 0.415322
0 0 0 0
0.417236 0.86499
-0.413086 5.47168 0.811035
-0.449539 0.124797 0.8845
0 0 0 0
0.412842 0.873779
-0.28125 5.47168 0.865723
-0.30669 0.118587 0.944393
0 0 0 0
0.443115 0.886475
-0.263428 5.502686 0.832275
-0.15934 0.874599 0.457917
0 0 0 0
0.447266 0.878662
-0.142334 5.47168 0.898926
-0.15549 0.111458 0.981529
0 0 0 0
0.475342 0.894043
-0.136475 5.500977 0.862305
-0.080333 0.859679 0.504478
0 0 0 0
0.476562 0.885742
-0.006592 5.502686 0.873047
0.010726 0.873603 0.486522
0 0 0 0
0.506592 0.888184
0 5.47168 0.910156
0.00138 0.117303 0.993095
0 0 0 0
0.508057 0.896729
0.135742 5.50415 0.857178
0.072059 0.88479 0.460386
0 0 0 0
0.539551 0.884521
0.142334 5.47168 0.898926
0.155426 0.125166 0.979886
0 0 0 0
0.541016 0.894043
0.28125 5.47168 0.865723
0.30669 0.118587 0.944393
0 0 0 0
0.572998 0.886475
0.275879 5.502686 0.828125
0.138433 0.874378 0.465079
0 0 0 0
0.571777 0.877686
0.413086 5.47168 0.811035
0.45227 0.11139 0.884898
0 0 0 0
0.603516 0.873779
0.396484 5.500977 0.777832
0.232071 0.861136 0.452313
0 0 0 0
0.599609 0.866211
0.507812 5.502686 0.709961
0.293606 0.87391 0.387398
0 0 0 0
0.625244 0.850586
0.534912 5.47168 0.736328
0.584072 0.119439 0.802866
0 0 0 0
0.631592 0.856445
0.61377 5.50415 0.61377
0.3302 0.884666 0.32914
0 0 0 0
0.649658 0.828125
0.643555 5.47168 0.643555
0.702451 0.123662 0.700906
0 0 0 0
0.656738 0.835205
0.736328 5.47168 0.534912
0.803257 0.11932 0.583559
0 0 0 0
0.677979 0.810059
0.709961 5.502686 0.507812
0.38572 0.874817 0.293113
0 0 0 0
0.672119 0.803711
0.811035 5.47168 0.413086
0.884739 0.111918 0.452451
0 0 0 0
0.695312 0.781982
0.777832 5.500977 0.396484
0.454496 0.860179 0.231354
0 0 0 0
0.687744 0.778076
0.828125 5.502686 0.275879
0.464724 0.874099 0.141358
0 0 0 0
0.699219 0.750244
0.865723 5.47168 0.28125
0.94424 0.119567 0.306781
0 0 0 0
0.708008 0.751465
0.857178 5.50415 0.135742
0.456893 0.886433 0.074057
0 0 0 0
0.706055 0.718018
0.898926 5.47168 0.142334
0.977579 0.125764 0.168885
0 0 0 0
0.715576 0.719482
0.911865 5.47168 0.010986
0.992874 0.114295 0.033733
0 0 0 0
0.718506 0.689209
0.875732 5.501953 0.000488
0.470258 0.881857 0.034429
0 0 0 0
0.710205 0.686768
0.905762 5.47168 -0.098877
0.992644 0.076672 -0.093703
0 0 0 0
0.717285 0.663818
0.884521 5.501953 -0.110107
0.51389 0.857793 -0.010388
0 0 0 0
0.712158 0.661133
0.892334 5.47168 -0.183838
0.986902 0.04099 -0.156027
0 0 0 0
0.714111 0.644287
0.885254 5.501953 -0.17334
0.592569 0.80063 -0.08862
0 0 0 0
0.712402 0.646729
0.867676 5.501953 -0.217041
0.451253 0.878313 -0.157915
0 0 0 0
0.708252 0.636475
0.737793 5.550293 -0.214844
0.332765 0.936482 -0.110765
0 0 0 0
0.678467 0.636963
0.6604 5.558594 -0.336426
0.313215 0.935428 -0.163924
0 0 0 0
0.660645 0.608887
0.607178 5.550781 -0.461914
0.293611 0.932457 -0.210516
0 0 0 0
0.648193 0.580078
0.570801 5.536621 -0.570801
0.272341 0.922872 -0.272282
0 0 0 0
0.639893 0.554932
0.461914 5.550781 -0.607178
0.207676 0.933989 -0.290751
0 0 0 0
0.614746 0.546387
0.336426 5.558594 -0.6604
0.160055 0.936823 -0.311039
0 0 0 0
0.585693 0.53418
0.219727 5.550781 -0.730713
0.112036 0.933629 -0.34027
0 0 0 0
0.558838 0.518066
0.126221 5.536621 -0.797363
0.060887 0.922496 -0.381175
0 0 0 0
0.537354 0.502686
0.016846 5.550781 -0.762695
-0.001141 0.932105 -0.362187
0 0 0 0
0.511963 0.510498
-0.115967 5.558594 -0.731934
-0.055663 0.934911 -0.350491
0 0 0 0
0.481445 0.517578
-0.251709 5.550781 -0.720215
-0.112167 0.93246 -0.34342
0 0 0 0
0.449951 0.520508
-0.366455 5.536621 -0.719238
-0.175545 0.923028 -0.34235
0 0 0 0
0.423584 0.520508
-0.43457 5.550781 -0.626953
-0.212 0.933466 -0.289306
0 0 0 0
0.407715 0.541992
-0.52417 5.558594 -0.52417
-0.247985 0.936226 -0.248967
0 0 0 0
0.387207 0.565674
-0.626953 5.550781 -0.43457
-0.287525 0.933648 -0.213612
0 0 0 0
0.363525 0.586426
-0.719238 5.536621 -0.366455
-0.34231 0.923071 -0.175398
0 0 0 0
0.342041 0.602051
-0.720215 5.550781 -0.251709
-0.34317 0.93264 -0.11143
0 0 0 0
0.342041 0.628418
-0.731934 5.558594 -0.115967
-0.352259 0.93434 -0.054052
0 0 0 0
0.339111 0.659912
-0.762695 5.550781 0.016846
-0.361076 0.932534 -0.002063
0 0 0 0
0.332031 0.69043
-0.797363 5.536621 0.126221
-0.379542 0.923182 0.060687
0 0 0 0
0.324219 0.71582
-0.730713 5.550781 0.219727
-0.339434 0.933701 0.11396
0 0 0 0
0.3396 0.737305
-0.6604 5.558594 0.336426
-0.312758 0.936169 0.16053
0 0 0 0
0.355713 0.76416
-0.607178 5.550781 0.461914
-0.291186 0.933728 0.208238
0 0 0 0
0.36792 0.793213
-0.570801 5.536621 0.570801
-0.272341 0.922872 0.272282
0 0 0 0
0.376465 0.818359
-0.461914 5.550781 0.607178
-0.212264 0.932405 0.292516
0 0 0 0
0.401611 0.82666
-0.336426 5.558594 0.6604
-0.162654 0.934418 0.316871
0 0 0 0
0.43042 0.839111
-0.219727 5.550781 0.730713
-0.112167 0.93246 0.34342
0 0 0 0
0.45752 0.855225
-0.126221 5.536621 0.797363
-0.060887 0.922496 0.381175
0 0 0 0
0.479004 0.870605
-0.016846 5.550781 0.762695
0.003419 0.933311 0.359053
0 0 0 0
0.50415 0.862549
0.115967 5.558594 0.731934
0.055598 0.936089 0.347341
0 0 0 0
0.534912 0.855469
0.251709 5.550781 0.720215
0.107539 0.933888 0.341012
0 0 0 0
0.566162 0.852783
0.366455 5.536621 0.719238
0.175545 0.923028 0.34235
0 0 0 0
0.592773 0.852539
0.43457 5.550781 0.626953
0.212264 0.932405 0.292516
0 0 0 0
0.608398 0.831299
0.52417 5.558594 0.52417
0.252509 0.93461 0.250488
0 0 0 0
0.62915 0.807617
0.626953 5.550781 0.43457
0.291585 0.932857 0.211555
0 0 0 0
0.652832 0.786865
0.719238 5.536621 0.366455
0.34231 0.923071 0.175398
0 0 0 0
0.674072 0.77124
0.720215 5.550781 0.251709
0.340772 0.933778 0.109236
0 0 0 0
0.674316 0.744629
0.731934 5.558594 0.115967
0.344515 0.937121 0.055795
0 0 0 0
0.677002 0.713379
0.76709 5.550293 -0.030518
0.35123 0.936288 0.001719
0 0 0 0
0.685059 0.679443
0.820557 5.525635 -0.144043
0.352259 0.93434 -0.054052
0 0 0 0
0.69751 0.65332
0.596191 5.610352 -0.099121
0.293803 0.955108 -0.038052
0 0 0 0
0.645752 0.663818
0.561279 5.61792 0.088867
0.280403 0.958959 0.042089
0 0 0 0
0.637695 0.707031
0.535889 5.61084 0.277588
0.266622 0.955482 0.12636
0 0 0 0
0.631836 0.750732
0.42041 5.610107 0.42041
0.21431 0.953089 0.213757
0 0 0 0
0.605225 0.783691
0.277588 5.61084 0.535889
0.128651 0.955535 0.265333
0 0 0 0
0.572266 0.810303
0.088867 5.61792 0.561279
0.045346 0.958892 0.280125
0 0 0 0
0.528564 0.816162
-0.098389 5.61084 0.595215
-0.038915 0.955088 0.293755
0 0 0 0
0.485352 0.823975
-0.269775 5.610107 0.529541
-0.137707 0.952931 0.270111
0 0 0 0
0.445801 0.808838
-0.423828 5.61084 0.429443
-0.21341 0.955517 0.203575
0 0 0 0
0.4104 0.785645
-0.506348 5.61792 0.258057
-0.252452 0.958901 0.129524
0 0 0 0
0.391357 0.746094
-0.59668 5.61084 0.090332
-0.291656 0.955149 0.051254
0 0 0 0
0.370361 0.70752
-0.587158 5.610107 -0.093018
-0.299031 0.953098 -0.046744
0 0 0 0
0.372559 0.665283
-0.539551 5.61084 -0.270264
-0.259968 0.955304 -0.140754
0 0 0 0
0.383545 0.624268
-0.401855 5.61792 -0.401855
-0.200341 0.95885 -0.201174
0 0 0 0
0.415527 0.593994
-0.270264 5.61084 -0.539551
-0.141501 0.955405 -0.259187
0 0 0 0
0.445801 0.562012
-0.093018 5.610107 -0.587158
-0.04792 0.952826 -0.29971
0 0 0 0
0.486572 0.551025
0.090332 5.61084 -0.59668
0.054388 0.955679 -0.289344
0 0 0 0
0.529053 0.548828
0.258057 5.61792 -0.506348
0.127971 0.959232 -0.251986
0 0 0 0
0.567627 0.569824
0.429443 5.61084 -0.423828
0.203568 0.955369 -0.214078
0 0 0 0
0.607178 0.588867
0.529541 5.610107 -0.269775
0.267865 0.953683 -0.136886
0 0 0 0
0.630371 0.624268
0.414307 5.650879 -0.210938
0.219417 0.969349 -0.110536
0 0 0 0
0.60376 0.637939
0.303223 5.659424 -0.275635
0.158776 0.974737 -0.15709
0 0 0 0
0.578125 0.623047
0.175781 5.664062 -0.345215
0.099388 0.975709 -0.195227
0 0 0 0
0.548828 0.606934
0.044922 5.659424 -0.407227
0.035627 0.974893 -0.219804
0 0 0 0
0.518555 0.592529
-0.072754 5.650879 -0.459229
-0.038154 0.969113 -0.243646
0 0 0 0
0.491455 0.580566
-0.168457 5.659424 -0.373535
-0.101658 0.974844 -0.198354
0 0 0 0
0.469238 0.600342
-0.273926 5.664062 -0.273926
-0.156472 0.975584 -0.154116
0 0 0 0
0.444824 0.623535
-0.373535 5.659424 -0.168457
-0.200202 0.974314 -0.103106
0 0 0 0
0.421875 0.647705
-0.459229 5.650879 -0.072754
-0.242117 0.969465 -0.038939
0 0 0 0
0.4021 0.669922
-0.407227 5.659424 0.044922
-0.221945 0.97437 0.036653
0 0 0 0
0.414062 0.697021
-0.345215 5.664062 0.175781
-0.195903 0.975413 0.10095
0 0 0 0
0.428467 0.727295
-0.275635 5.659424 0.303223
-0.158776 0.974737 0.15709
0 0 0 0
0.44458 0.756592
-0.210938 5.650879 0.414307
-0.1111 0.969696 0.217594
0 0 0 0
0.459473 0.782227
-0.083252 5.659424 0.401367
-0.035678 0.974108 0.223251
0 0 0 0
0.489014 0.779297
0.060547 5.664062 0.382568
0.033422 0.975717 0.216471
0 0 0 0
0.522217 0.774902
0.203125 5.659424 0.355957
0.101658 0.974844 0.198354
0 0 0 0
0.554932 0.768799
0.884521 0.373779 -0.110107
0.510495 -0.859415 -0.028298
0 0 0 0
0.710449 0.661377
0.885254 0.382568 -0.17334
0.608263 -0.788186 -0.093703
0 0 0 0
0.710449 0.646973
0.892334 0.397949 -0.183838
0.987489 -0.009465 -0.157403
0 0 0 0
0.712158 0.644531
0.905762 0.397949 -0.098877
0.994924 -0.019468 -0.098733
0 0 0 0
0.715332 0.664062
0.875732 0.367676 0.000488
0.470277 -0.882141 0.025822
0 0 0 0
0.708252 0.686768
0.76709 0.319336 -0.030518
0.355302 -0.934748 0.002613
0 0 0 0
0.683594 0.679688
0.731934 0.311035 0.115967
0.344515 -0.937121 0.055795
0 0 0 0
0.675537 0.713135
0.857178 0.365723 0.135742
0.456893 -0.886433 0.074057
0 0 0 0
0.704102 0.717529
0.911865 0.397949 0.010986
0.999129 -0.028773 0.030232
0 0 0 0
0.716553 0.689209
0.898926 0.397949 0.142334
0.985363 -0.03274 0.167295
0 0 0 0
0.713623 0.719238
0.865723 0.397949 0.28125
0.951134 -0.030177 0.307301
0 0 0 0
0.706055 0.750977
0.828125 0.366943 0.275879
0.464724 -0.874099 0.141358
0 0 0 0
0.69751 0.749756
0.811035 0.397949 0.413086
0.890146 -0.029475 0.454721
0 0 0 0
0.693604 0.781006
0.777832 0.368652 0.396484
0.454496 -0.860179 0.231354
0 0 0 0
0.686035 0.7771
0.719238 0.333008 0.366455
0.34231 -0.923071 0.175398
0 0 0 0
0.672607 0.770264
0.720215 0.319092 0.251709
0.340772 -0.933778 0.109236
0 0 0 0
0.672852 0.744141
0.561279 0.251953 0.088867
0.280403 -0.958959 0.042089
0 0 0 0
0.636475 0.707031
0.596191 0.259277 -0.099121
0.293803 -0.955108 -0.038052
0 0 0 0
0.644531 0.664062
0.737793 0.319336 -0.214844
0.337036 -0.934836 -0.111751
0 0 0 0
0.677002 0.637451
0.529541 0.259521 -0.269775
0.267865 -0.953683 -0.136886
0 0 0 0
0.629395 0.625
0.6604 0.311035 -0.336426
0.313215 -0.935428 -0.163924
0 0 0 0
0.65918 0.609863
0.607178 0.319092 -0.461914
0.293611 -0.932457 -0.210516
0 0 0 0
0.646973 0.581055
0.429443 0.258789 -0.423828
0.203568 -0.955369 -0.214078
0 0 0 0
0.606445 0.589844
0.461914 0.319092 -0.607178
0.207676 -0.933989 -0.290751
0 0 0 0
0.61377 0.547852
0.570801 0.333008 -0.570801
0.272341 -0.922872 -0.272282
0 0 0 0
0.638672 0.556152
0.518311 0.366943 -0.702393
0.276218 -0.874883 -0.397848
0 0 0 0
0.626709 0.526123
0.617432 0.368652 -0.617432
0.361277 -0.860456 -0.359297
0 0 0 0
0.649414 0.545654
0.643555 0.397949 -0.643555
0.706321 -0.029377 -0.707282
0 0 0 0
0.655273 0.539551
0.534912 0.397949 -0.736328
0.587624 -0.030236 -0.808569
0 0 0 0
0.630615 0.518311
0.394043 0.365723 -0.773193
0.21049 -0.884987 -0.415322
0 0 0 0
0.598389 0.51001
0.336426 0.311035 -0.6604
0.160055 -0.936823 -0.311039
0 0 0 0
0.585205 0.535889
0.219727 0.319092 -0.730713
0.112036 -0.933629 -0.340271
0 0 0 0
0.558594 0.519775
0.263428 0.366943 -0.832275
0.15934 -0.874599 -0.457917
0 0 0 0
0.568604 0.496582
0.126221 0.333008 -0.797363
0.060887 -0.922496 -0.381175
0 0 0 0
0.537109 0.504395
0.136475 0.368652 -0.862305
0.080333 -0.859679 -0.504478
0 0 0 0
0.539551 0.489746
0.142334 0.397949 -0.898926
0.15572 -0.028939 -0.987377
0 0 0 0
0.540771 0.481201
0.28125 0.397949 -0.865723
0.309882 -0.031398 -0.950257
0 0 0 0
0.57251 0.48877
0.413086 0.397949 -0.811035
0.452999 -0.030917 -0.890975
0 0 0 0
0.602783 0.501465
0.006592 0.366943 -0.873047
-0.010726 -0.873603 -0.486522
0 0 0 0
0.509766 0.487305
0.016846 0.319092 -0.762695
-0.001141 -0.932105 -0.362187
0 0 0 0
0.512207 0.512451
0.090332 0.258789 -0.59668
0.054388 -0.955679 -0.289344
0 0 0 0
0.529053 0.550293
0.258057 0.251953 -0.506348
0.127971 -0.959232 -0.251986
0 0 0 0
0.567383 0.571045
0.303223 0.210449 -0.275635
0.158776 -0.974737 -0.15709
0 0 0 0
0.577637 0.623535
0.175781 0.205566 -0.345215
0.099388 -0.975709 -0.195227
0 0 0 0
0.548584 0.60791
0.044922 0.210449 -0.407227
0.035627 -0.974893 -0.219804
0 0 0 0
0.518555 0.593506
-0.072754 0.218994 -0.459229
-0.038154 -0.969113 -0.243646
0 0 0 0
0.491699 0.581787
-0.093018 0.259521 -0.587158
-0.04792 -0.952826 -0.29971
0 0 0 0
0.487061 0.55249
-0.115967 0.311035 -0.731934
-0.055663 -0.934911 -0.350491
0 0 0 0
0.481934 0.519531
-0.251709 0.319092 -0.720215
-0.112167 -0.93246 -0.34342
0 0 0 0
0.450928 0.522217
-0.135742 0.365723 -0.857178
-0.072059 -0.88479 -0.460386
0 0 0 0
0.477295 0.490723
0 0.397949 -0.910156
-0.001382 -0.029028 -0.999578
0 0 0 0
0.508301 0.47876
-0.142334 0.397949 -0.898926
-0.155716 -0.031694 -0.987293
0 0 0 0
0.47583 0.481201
-0.28125 0.397949 -0.865723
-0.309882 -0.031398 -0.950257
0 0 0 0
0.444092 0.48877
-0.275879 0.366943 -0.828125
-0.138433 -0.874378 -0.465079
0 0 0 0
0.445312 0.497559
-0.366455 0.333008 -0.719238
-0.175545 -0.923028 -0.34235
0 0 0 0
0.424561 0.522217
-0.396484 0.368652 -0.777832
-0.232071 -0.861136 -0.452313
0 0 0 0
0.417725 0.509033
-0.413086 0.397949 -0.811035
-0.453009 -0.028229 -0.891059
0 0 0 0
0.414062 0.501465
-0.507812 0.366943 -0.709961
-0.293606 -0.87391 -0.387398
0 0 0 0
0.392334 0.524414
-0.43457 0.319092 -0.626953
-0.212 -0.933466 -0.289306
0 0 0 0
0.408936 0.543457
-0.270264 0.258789 -0.539551
-0.141501 -0.955405 -0.259187
0 0 0 0
0.446533 0.563477
-0.168457 0.210449 -0.373535
-0.101658 -0.974844 -0.198354
0 0 0 0
0.469971 0.601318
-0.401855 0.251953 -0.401855
-0.200341 -0.95885 -0.201175
0 0 0 0
0.416504 0.594727
-0.52417 0.311035 -0.52417
-0.247985 -0.936226 -0.248967
0 0 0 0
0.388672 0.566895
-0.626953 0.319092 -0.43457
-0.287525 -0.933648 -0.213612
0 0 0 0
0.365234 0.587402
-0.61377 0.365723 -0.61377
-0.3302 -0.884666 -0.32914
0 0 0 0
0.368164 0.546387
-0.534912 0.397949 -0.736328
-0.587624 -0.030236 -0.808569
0 0 0 0
0.38623 0.518311
-0.643555 0.397949 -0.643555
-0.706302 -0.03193 -0.70719
0 0 0 0
0.361328 0.539551
-0.736328 0.397949 -0.534912
-0.809041 -0.030785 -0.586945
0 0 0 0
0.340088 0.564453
-0.709961 0.366943 -0.507812
-0.38572 -0.874817 -0.293113
0 0 0 0
0.346191 0.570557
-0.719238 0.333008 -0.366455
-0.34231 -0.923071 -0.175398
0 0 0 0
0.343994 0.603027
-0.777832 0.368652 -0.396484
-0.454496 -0.860179 -0.231354
0 0 0 0
0.330566 0.596191
-0.811035 0.397949 -0.413086
-0.890146 -0.029475 -0.454721
0 0 0 0
0.322998 0.592285
-0.828125 0.366943 -0.275879
-0.464724 -0.874099 -0.141358
0 0 0 0
0.319092 0.623535
-0.720215 0.319092 -0.251709
-0.34317 -0.93264 -0.11143
0 0 0 0
0.34375 0.62915
-0.539551 0.258789 -0.270264
-0.259968 -0.955304 -0.140754
0 0 0 0
0.38501 0.624756
-0.373535 0.210449 -0.168457
-0.200202 -0.974314 -0.103106
0 0 0 0
0.423096 0.648193
-0.273926 0.205566 -0.273926
-0.156472 -0.975584 -0.154116
0 0 0 0
0.445801 0.624023
-0.173096 0.178223 -0.173096
-0.121185 -0.985014 -0.122729
0 0 0 0
0.46875 0.647217
-0.251465 0.176514 -0.039795
-0.165462 -0.985837 -0.027343
0 0 0 0
0.450928 0.67749
-0.459229 0.218994 -0.072754
-0.242117 -0.969465 -0.038939
0 0 0 0
0.403564 0.669922
-0.587158 0.259521 -0.093018
-0.299031 -0.953098 -0.046744
0 0 0 0
0.374268 0.665283
-0.731934 0.311035 -0.115967
-0.352259 -0.93434 -0.054052
0 0 0 0
0.341064 0.660156
-0.762695 0.319092 0.016846
-0.361076 -0.932534 -0.002063
0 0 0 0
0.334229 0.69043
-0.857178 0.365723 -0.135742
-0.460919 -0.884357 -0.073935
0 0 0 0
0.3125 0.655518
-0.865723 0.397949 -0.28125
-0.951134 -0.030177 -0.307301
0 0 0 0
0.310547 0.622314
-0.898926 0.397949 -0.142334
-0.98713 -0.032589 -0.156562
0 0 0 0
0.302979 0.654053
-0.910156 0.397949 0
-0.999541 -0.030289 0.000918
0 0 0 0
0.300537 0.686523
-0.873047 0.366943 0.006592
-0.484936 -0.874459 -0.012574
0 0 0 0
0.308838 0.688232
-0.797363 0.333008 0.126221
-0.379542 -0.923182 0.060687
0 0 0 0
0.326172 0.715576
-0.862305 0.368652 0.136475
-0.502936 -0.86058 0.080356
0 0 0 0
0.311279 0.717773
-0.898926 0.397949 0.142334
-0.987225 -0.028387 0.156784
0 0 0 0
0.302979 0.719238
-0.832275 0.366943 0.263428
-0.457844 -0.874639 0.15933
0 0 0 0
0.318359 0.746826
-0.730713 0.319092 0.219727
-0.339434 -0.933701 0.113961
0 0 0 0
0.341553 0.736816
-0.59668 0.258789 0.090332
-0.291656 -0.955149 0.051254
0 0 0 0
0.37207 0.707275
-0.407227 0.210449 0.044922
-0.221945 -0.97437 0.036654
0 0 0 0
0.415283 0.696777
-0.218018 0.178223 0.111084
-0.153203 -0.985167 0.077291
0 0 0 0
0.458496 0.711914
-0.345215 0.205566 0.175781
-0.195903 -0.975413 0.10095
0 0 0 0
0.429443 0.726807
-0.275635 0.210449 0.303223
-0.158776 -0.974737 0.15709
0 0 0 0
0.445312 0.755859
-0.506348 0.251953 0.258057
-0.252452 -0.958901 0.129524
0 0 0 0
0.392578 0.745605
-0.6604 0.311035 0.336426
-0.312758 -0.936169 0.16053
0 0 0 0
0.357422 0.763428
-0.607178 0.319092 0.461914
-0.291186 -0.933728 0.208238
0 0 0 0
0.369629 0.792236
-0.773193 0.365723 0.394043
-0.414175 -0.885367 0.21115
0 0 0 0
0.331787 0.776611
-0.865723 0.397949 0.28125
-0.950077 -0.030214 0.310549
0 0 0 0
0.310547 0.750977
-0.811035 0.397949 0.413086
-0.890116 -0.031832 0.454622
0 0 0 0
0.322998 0.781006
-0.736328 0.397949 0.534912
-0.809041 -0.030785 0.586945
0 0 0 0
0.340088 0.808838
-0.702393 0.366943 0.518311
-0.398869 -0.873977 0.27761
0 0 0 0
0.3479 0.804932
-0.570801 0.333008 0.570801
-0.272341 -0.922872 0.272282
0 0 0 0
0.37793 0.816895
-0.617432 0.368652 0.617432
-0.361277 -0.860456 0.359297
0 0 0 0
0.367432 0.827637
-0.643555 0.397949 0.643555
-0.706321 -0.029377 0.707282
0 0 0 0
0.361328 0.83374
-0.518311 0.366943 0.702393
-0.276218 -0.874883 0.397848
0 0 0 0
0.389893 0.847168
-0.461914 0.319092 0.607178
-0.212264 -0.932405 0.292517
0 0 0 0
0.402832 0.825195
-0.423828 0.258789 0.429443
-0.21341 -0.955517 0.203575
0 0 0 0
0.411621 0.784668
-0.210938 0.218994 0.414307
-0.1111 -0.969696 0.217595
0 0 0 0
0.460205 0.78125
-0.269775 0.259521 0.529541
-0.137707 -0.952931 0.270111
0 0 0 0
0.446777 0.807617
-0.336426 0.311035 0.6604
-0.162654 -0.934418 0.316871
0 0 0 0
0.431396 0.837402
-0.219727 0.319092 0.730713
-0.112167 -0.93246 0.34342
0 0 0 0
0.458252 0.853516
-0.394043 0.365723 0.773193
-0.21049 -0.884987 0.415322
0 0 0 0
0.418457 0.863281
-0.534912 0.397949 0.736328
-0.587624 -0.030236 0.808569
0 0 0 0
0.38623 0.854736
-0.413086 0.397949 0.811035
-0.452999 -0.030917 0.890975
0 0 0 0
0.414062 0.871826
-0.28125 0.397949 0.865723
-0.309882 -0.031398 0.950257
0 0 0 0
0.444092 0.884277
-0.263428 0.366943 0.832275
-0.15934 -0.874599 0.457917
0 0 0 0
0.448242 0.876709
-0.126221 0.333008 0.797363
-0.060887 -0.922496 0.381175
0 0 0 0
0.479492 0.868652
-0.136475 0.368652 0.862305
-0.080333 -0.859679 0.504478
0 0 0 0
0.477051 0.883545
-0.142334 0.397949 0.898926
-0.155719 -0.028939 0.987377
0 0 0 0
0.47583 0.891846
-0.006592 0.366943 0.873047
0.010726 -0.873603 0.486522
0 0 0 0
0.506836 0.885986
-0.016846 0.319092 0.762695
0.003419 -0.933311 0.359053
0 0 0 0
0.504395 0.86084
-0.098389 0.258789 0.595215
-0.038915 -0.955088 0.293755
0 0 0 0
0.48584 0.82251
-0.083252 0.210449 0.401367
-0.035678 -0.974108 0.223251
0 0 0 0
0.489258 0.77832
0.088867 0.251953 0.561279
0.045346 -0.958892 0.280125
0 0 0 0
0.528564 0.814697
0.115967 0.311035 0.731934
0.055598 -0.936089 0.347342
0 0 0 0
0.534912 0.85376
0.251709 0.319092 0.720215
0.107539 -0.933888 0.341012
0 0 0 0
0.565918 0.851074
0.135742 0.365723 0.857178
0.072059 -0.88479 0.460386
0 0 0 0
0.539307 0.882324
0 0.397949 0.910156
0.001382 -0.029028 0.999578
0 0 0 0
0.508301 0.894531
0.142334 0.397949 0.898926
0.155716 -0.031694 0.987293
0 0 0 0
0.540771 0.891846
0.28125 0.397949 0.865723
0.309882 -0.031398 0.950257
0 0 0 0
0.57251 0.884277
0.275879 0.366943 0.828125
0.138433 -0.874378 0.465079
0 0 0 0
0.571289 0.875732
0.366455 0.333008 0.719238
0.175545 -0.923028 0.34235
0 0 0 0
0.592041 0.85083
0.396484 0.368652 0.777832
0.232071 -0.861136 0.452313
0 0 0 0
0.598877 0.864258
0.413086 0.397949 0.811035
0.453009 -0.028229 0.891059
0 0 0 0
0.602783 0.871826
0.507812 0.366943 0.709961
0.293606 -0.87391 0.387398
0 0 0 0
0.624268 0.848877
0.43457 0.319092 0.626953
0.212264 -0.932405 0.292516
0 0 0 0
0.607666 0.829834
0.277588 0.258789 0.535889
0.128651 -0.955535 0.265333
0 0 0 0
0.571777 0.809082
0.203125 0.210449 0.355957
0.101658 -0.974844 0.198354
0 0 0 0
0.554688 0.767822
0.060547 0.205566 0.382568
0.033422 -0.975717 0.216471
0 0 0 0
0.522217 0.773926
0.03833 0.178223 0.241699
0.026407 -0.985499 0.167616
0 0 0 0
0.51709 0.741943
0.179932 0.176514 0.179932
0.118944 -0.98568 0.119533
0 0 0 0
0.549561 0.727783
0.328613 0.218994 0.328613
0.172687 -0.969376 0.174611
0 0 0 0
0.583496 0.761719
0.42041 0.259521 0.42041
0.21431 -0.953089 0.213757
0 0 0 0
0.604248 0.782715
0.52417 0.311035 0.52417
0.252509 -0.93461 0.250488
0 0 0 0
0.628174 0.806396
0.626953 0.319092 0.43457
0.291585 -0.932857 0.211556
0 0 0 0
0.651611 0.785889
0.61377 0.365723 0.61377
0.3302 -0.884666 0.32914
0 0 0 0
0.648438 0.826904
0.534912 0.397949 0.736328
0.587624 -0.030236 0.808569
0 0 0 0
0.630615 0.854736
0.643555 0.397949 0.643555
0.706302 -0.03193 0.70719
0 0 0 0
0.655273 0.83374
0.736328 0.397949 0.534912
0.809041 -0.030785 0.586945
0 0 0 0
0.676514 0.808838
0.709961 0.366943 0.507812
0.38572 -0.874817 0.293113
0 0 0 0
0.670654 0.802734
0.535889 0.258789 0.277588
0.266622 -0.955482 0.12636
0 0 0 0
0.630615 0.75
0.355957 0.210449 0.203125
0.200202 -0.974314 0.103106
0 0 0 0
0.5896 0.73291
0.241699 0.178223 0.03833
0.169319 -0.985217 0.026051
0 0 0 0
0.563477 0.695312
0.382568 0.205566 0.060547
0.217748 -0.975392 0.034597
0 0 0 0
0.595703 0.700439
0.401367 0.210449 -0.083252
0.221945 -0.97437 -0.036654
0 0 0 0
0.600098 0.667725
0.414307 0.218994 -0.210938
0.219417 -0.969349 -0.110536
0 0 0 0
0.603027 0.638428
0.328613 5.650879 0.328613
0.172687 0.969376 0.17461
0 0 0 0
0.583984 0.762451
0.355957 5.659424 0.203125
0.200202 0.974314 0.103106
0 0 0 0
0.590332 0.733398
0.382568 5.664062 0.060547
0.217748 0.975392 0.034597
0 0 0 0
0.596436 0.700684
0.401367 5.659424 -0.083252
0.221945 0.97437 -0.036653
0 0 0 0
0.60083 0.66748
0.226807 5.693115 -0.115479
0.149224 0.985688 -0.07843
0 0 0 0
0.560547 0.659912
0.111084 5.691406 -0.218018
0.078692 0.985227 -0.152106
0 0 0 0
0.533691 0.63623
-0.039795 5.693115 -0.251465
-0.026407 0.985499 -0.167616
0 0 0 0
0.499023 0.628662
-0.173096 5.691406 -0.173096
-0.121185 0.985014 -0.122729
0 0 0 0
0.468262 0.646729
-0.251465 5.693115 -0.039795
-0.165462 0.985837 -0.027343
0 0 0 0
0.450195 0.67749
-0.218018 5.691406 0.111084
-0.153203 0.985167 0.077291
0 0 0 0
0.457764 0.712158
-0.115479 5.693115 0.226807
-0.076484 0.985906 0.148796
0 0 0 0
0.481445 0.739014
0.03833 5.691406 0.241699
0.026407 0.985499 0.167616
0 0 0 0
0.51709 0.742432
0.179932 5.693115 0.179932
0.118944 0.98568 0.119533
0 0 0 0
0.549561 0.728271
0.241699 5.691406 0.03833
0.169319 0.985217 0.026051
0 0 0 0
0.563965 0.695557
0.133301 5.708984 0.020996
0.109544 0.993795 0.019263
0 0 0 0
0.538818 0.691406
0.077881 5.709229 0.077881
0.065574 0.995721 0.065106
0 0 0 0
0.526123 0.70459
0.020996 5.708984 0.133301
0.017507 0.993788 0.109901
0 0 0 0
0.512939 0.717285
-0.050049 5.709229 0.098145
-0.0417 0.995713 0.082565
0 0 0 0
0.496582 0.709229
0 5.714111 0
0.000978 1 -0.000001
0 0 0 0
0.508057 0.686523
0.098145 5.709229 -0.050049
0.082884 0.995605 -0.043602
0 0 0 0
0.530762 0.675049
0.061279 5.708984 -0.120361
0.050247 0.993668 -0.100491
0 0 0 0
0.522217 0.658936
-0.017334 5.709229 -0.108887
-0.015318 0.995694 -0.091425
0 0 0 0
0.50415 0.661621
-0.108887 5.709229 -0.017334
-0.091591 0.995683 -0.015058
0 0 0 0
0.483154 0.682617
-0.120361 5.708984 0.061279
-0.09909 0.993899 0.048426
0 0 0 0
0.480469 0.700684
-0.095459 5.708984 -0.095459
-0.078168 0.993844 -0.078506
0 0 0 0
0.486084 0.664551
0.142334 5.47168 -0.898926
0.15549 0.111458 -0.981529
0 0 0 0
1.856689 0.095215
0 5.195801 -0.910156
0.001382 0.001382 -0.999998
0 0 0 0
1.928223 0.214355
0 5.47168 -0.910156
-0.00138 0.117303 -0.993095
0 0 0 0
1.928223 0.095215
0.142334 5.195801 -0.898926
0.155736 0.001378 -0.987798
0 0 0 0
1.856689 0.214355
0.28125 5.47168 -0.865723
0.30669 0.118587 -0.944393
0 0 0 0
1.7854 0.095215
0.28125 5.195801 -0.865723
0.309922 0.001365 -0.950761
0 0 0 0
1.7854 0.214355
0.413086 5.47168 -0.811035
0.449539 0.124797 -0.8845
0 0 0 0
1.713867 0.095215
0.413086 5.195801 -0.811035
0.453059 0.001344 -0.891479
0 0 0 0
1.713867 0.214355
0.534912 5.47168 -0.736328
0.58172 0.119496 -0.804563
0 0 0 0
1.642578 0.095215
0.534912 5.195801 -0.736328
0.587706 0.001315 -0.809074
0 0 0 0
1.642578 0.214355
0.643555 5.47168 -0.643555
0.702814 0.110971 -0.702665
0 0 0 0
1.571045 0.095215
0.643555 5.195801 -0.643555
0.706425 0.001277 -0.707786
0 0 0 0
1.571045 0.214355
0.736328 5.47168 -0.534912
0.803257 0.11932 -0.583559
0 0 0 0
1.499512 0.095215
0.736328 5.195801 -0.534912
0.809193 0.001232 -0.587541
0 0 0 0
1.499512 0.214355
0.811035 5.47168 -0.413086
0.870405 0.127058 -0.475659
0 0 0 0
1.428223 0.095215
0.811035 5.195801 -0.413086
0.876731 0.00119 -0.480979
0 0 0 0
1.428223 0.214355
0.861816 5.47168 -0.305908
0.913176 0.125518 -0.387757
0 0 0 0
1.368896 0.095215
0.861816 5.195801 -0.305908
0.922111 0.001151 -0.386924
0 0 0 0
1.368896 0.214355
0.883301 5.47168 -0.241211
0.962863 0.086537 -0.255747
0 0 0 0
1.334961 0.095215
0.883301 5.195801 -0.241211
0.969569 0.001091 -0.244816
0 0 0 0
1.334961 0.214355
0.892334 5.47168 -0.183838
0.986902 0.04099 -0.156027
0 0 0 0
1.306152 0.095215
0.892334 5.195801 -0.183838
0.987522 0.001052 -0.15748
0 0 0 0
1.306152 0.214355
0.905762 5.47168 -0.098877
0.992644 0.076672 -0.093703
0 0 0 0
1.263184 0.095215
0.905762 5.195801 -0.098877
0.995079 0.001025 -0.099077
0 0 0 0
1.263184 0.214355
0.911865 5.47168 0.010986
0.992874 0.114295 0.033733
0 0 0 0
1.208252 0.095215
0.911865 5.195801 0.010986
0.99963 0.000991 0.027182
0 0 0 0
1.208252 0.214355
0.898926 5.47168 0.142334
0.977579 0.125764 0.168885
0 0 0 0
1.142334 0.095215
0.898926 5.195801 0.142334
0.98575 0.001057 0.168212
0 0 0 0
1.142334 0.214355
0.865723 5.47168 0.28125
0.94424 0.119567 0.306781
0 0 0 0
1.070801 0.095215
0.865723 5.195801 0.28125
0.951387 0.001118 0.307996
0 0 0 0
1.070801 0.214355
0.811035 5.47168 0.413086
0.884739 0.111918 0.452451
0 0 0 0
0.999512 0.095215
0.811035 5.195801 0.413086
0.890328 0.001179 0.455317
0 0 0 0
0.999512 0.214355
0.736328 5.47168 0.534912
0.803257 0.11932 0.583559
0 0 0 0
0.927979 0.095215
0.736328 5.195801 0.534912
0.809193 0.001232 0.587541
0 0 0 0
0.927979 0.214355
0.643555 5.47168 0.643555
0.702451 0.123662 0.700906
0 0 0 0
0.856445 0.095215
0.643555 5.195801 0.643555
0.706425 0.001277 0.707786
0 0 0 0
0.856445 0.214355
0.534912 5.47168 0.736328
0.584072 0.119439 0.802866
0 0 0 0
0.785156 0.095215
0.534912 5.195801 0.736328
0.587706 0.001315 0.809074
0 0 0 0
0.785156 0.214355
0.413086 5.47168 0.811035
0.45227 0.11139 0.884898
0 0 0 0
0.713623 0.095215
0.413086 5.195801 0.811035
0.453059 0.001344 0.891479
0 0 0 0
0.713623 0.214355
0.28125 5.47168 0.865723
0.30669 0.118587 0.944393
0 0 0 0
0.642334 0.095215
0.28125 5.195801 0.865723
0.309922 0.001365 0.950761
0 0 0 0
0.642334 0.214355
0.142334 5.47168 0.898926
0.155426 0.125166 0.979886
0 0 0 0
0.570801 0.095215
0.142334 5.195801 0.898926
0.155736 0.001378 0.987798
0 0 0 0
0.570801 0.214355
0 5.47168 0.910156
0.00138 0.117303 0.993095
0 0 0 0
0.499512 0.095215
0 5.195801 0.910156
0.001382 0.001382 0.999998
0 0 0 0
0.499512 0.214355
-0.142334 5.47168 0.898926
-0.15549 0.111458 0.981529
0 0 0 0
0.427979 0.095215
-0.142334 5.195801 0.898926
-0.155736 0.001378 0.987798
0 0 0 0
0.427979 0.214355
-0.28125 5.47168 0.865723
-0.30669 0.118587 0.944393
0 0 0 0
0.356689 0.095215
-0.28125 5.195801 0.865723
-0.309922 0.001365 0.950761
0 0 0 0
0.356689 0.214355
-0.413086 5.47168 0.811035
-0.449539 0.124797 0.8845
0 0 0 0
0.2854 0.095215
-0.413086 5.195801 0.811035
-0.453059 0.001344 0.891479
0 0 0 0
0.2854 0.214355
-0.534912 5.47168 0.736328
-0.58172 0.119496 0.804563
0 0 0 0
0.214111 0.095215
-0.534912 5.195801 0.736328
-0.587706 0.001315 0.809074
0 0 0 0
0.214111 0.214355
-0.643555 5.47168 0.643555
-0.702814 0.110971 0.702665
0 0 0 0
0.142578 0.095215
-0.643555 5.195801 0.643555
-0.706425 0.001277 0.707786
0 0 0 0
0.142578 0.214355
-0.736328 5.47168 0.534912
-0.803257 0.11932 0.583559
0 0 0 0
0.071289 0.095215
-0.736328 5.195801 0.534912
-0.809193 0.001232 0.587541
0 0 0 0
0.071289 0.214355
-0.811035 5.47168 0.413086
-0.884033 0.125954 0.450135
0 0 0 0
0 0.095215
-0.811035 5.195801 0.413086
-0.890328 0.001179 0.455318
0 0 0 0
0 0.214355
-0.865723 5.47168 0.28125
-0.94424 0.119567 0.306781
0 0 0 0
-0.071289 0.095215
-0.865723 5.195801 0.28125
-0.951387 0.001118 0.307996
0 0 0 0
-0.071289 0.214355
-0.898926 5.47168 0.142334
-0.981882 0.110265 0.154108
0 0 0 0
-0.142578 0.095215
-0.898926 5.195801 0.142334
-0.987522 0.001052 0.15748
0 0 0 0
-0.142578 0.214355
-0.910156 5.47168 0
-0.992968 0.118374 -0.001589
0 0 0 0
-0.213867 0.095215
-0.910156 5.195801 0
-1 0.000978 -0.000001
0 0 0 0
-0.213867 0.214355
-0.898926 5.47168 -0.142334
-0.980025 0.124998 -0.154682
0 0 0 0
-0.2854 0.095215
-0.898926 5.195801 -0.142334
-0.987522 0.001052 -0.15748
0 0 0 0
-0.2854 0.214355
-0.865723 5.47168 -0.28125
-0.94424 0.119567 -0.306781
0 0 0 0
-0.356689 0.095215
-0.865723 5.195801 -0.28125
-0.951387 0.001118 -0.307996
0 0 0 0
-0.356689 0.214355
-0.811035 5.47168 -0.413086
-0.884739 0.111918 -0.452451
0 0 0 0
-0.427979 0.095215
-0.811035 5.195801 -0.413086
-0.890328 0.001179 -0.455318
0 0 0 0
-0.427979 0.214355
-0.736328 5.47168 -0.534912
-0.803257 0.11932 -0.583559
0 0 0 0
-0.499268 0.095215
-0.736328 5.195801 -0.534912
-0.809193 0.001232 -0.587541
0 0 0 0
-0.499268 0.214355
-0.643555 5.47168 -0.643555
-0.702451 0.123662 -0.700907
0 0 0 0
-0.570557 0.095215
-0.643555 5.195801 -0.643555
-0.706425 0.001277 -0.707786
0 0 0 0
-0.570557 0.214355
-0.534912 5.47168 -0.736328
-0.584072 0.119439 -0.802866
0 0 0 0
-0.64209 0.095215
-0.534912 5.195801 -0.736328
-0.587706 0.001315 -0.809074
0 0 0 0
-0.64209 0.214355
-0.413086 5.47168 -0.811035
-0.45227 0.11139 -0.884898
0 0 0 0
-0.713379 0.095215
-0.413086 5.195801 -0.811035
-0.453059 0.001344 -0.891479
0 0 0 0
-0.713379 0.214355
-0.28125 5.47168 -0.865723
-0.30669 0.118587 -0.944393
0 0 0 0
-0.784668 0.095215
-0.28125 5.195801 -0.865723
-0.309922 0.001365 -0.950761
0 0 0 0
-0.784668 0.214355
-0.142334 5.47168 -0.898926
-0.155426 0.125166 -0.979886
0 0 0 0
-0.855957 0.095215
-0.142334 5.195801 -0.898926
-0.155736 0.001378 -0.987798
0 0 0 0
-0.855957 0.214355
0 5.47168 -0.910156
-0.00138 0.117303 -0.993095
0 0 0 0
-0.92749 0.095215
0 5.195801 -0.910156
0.001382 0.001382 -0.999998
0 0 0 0
-0.92749 0.214355
0.060791 5.836914 -0.031006
0.321951 -0.932074 -0.166087
0 0 0 0
0.520996 0.051025
0.067383 5.836914 -0.010742
0.306546 -0.951384 -0.029972
0 0 0 0
0.523193 0.057861
0.063965 5.835938 -0.011963
0.147745 -0.988601 -0.028971
0 0 0 0
0.521973 0.057373
0.057861 5.835449 -0.029541
0.132323 -0.988887 -0.067774
0 0 0 0
0.52002 0.051514
0.047363 5.835938 -0.044678
0.109845 -0.988606 -0.102922
0 0 0 0
0.516602 0.046631
0.04834 5.836914 -0.04834
0.204976 -0.951133 -0.230934
0 0 0 0
0.516846 0.04541
0.0354 5.835449 -0.051758
0.027136 -0.998 -0.057094
0 0 0 0
0.512695 0.044189
0.031006 5.836914 -0.060791
0.049384 -0.986621 -0.15537
0 0 0 0
0.51123 0.04126
0.016846 5.835449 -0.055176
0.002994 -0.99909 -0.04254
0 0 0 0
0.506592 0.043213
0.010742 5.836914 -0.067383
0.00309 -0.993908 -0.110169
0 0 0 0
0.504395 0.039062
-0.003418 5.835449 -0.052979
-0.006948 -0.999496 -0.030989
0 0 0 0
0.499756 0.043945
-0.010742 5.836914 -0.067383
-0.019369 -0.995971 -0.087565
0 0 0 0
0.497559 0.039062
-0.023193 5.835449 -0.045654
-0.012878 -0.999552 -0.027022
0 0 0 0
0.493164 0.046143
-0.031006 5.836914 -0.060791
-0.037506 -0.99645 -0.075364
0 0 0 0
0.490723 0.04126
-0.048096 5.836914 -0.048096
-0.059541 -0.996054 -0.065817
0 0 0 0
0.485107 0.04541
-0.040771 5.835449 -0.033691
-0.020762 -0.999522 -0.022901
0 0 0 0
0.487549 0.050293
-0.060791 5.836914 -0.031006
-0.091637 -0.993908 -0.06123
0 0 0 0
0.480957 0.051025
-0.054443 5.835449 -0.018799
-0.03459 -0.999156 -0.022152
0 0 0 0
0.48291 0.055176
-0.067383 5.836914 -0.010742
-0.155531 -0.986369 -0.053716
0 0 0 0
0.47876 0.057861
-0.062744 5.835449 -0.001709
-0.059986 -0.998127 -0.012024
0 0 0 0
0.480225 0.060791
-0.067383 5.836914 0.010742
-0.306546 -0.951384 0.029972
0 0 0 0
0.47876 0.064941
-0.063721 5.835938 0.011963
-0.147745 -0.988601 0.028971
0 0 0 0
0.479736 0.06543
-0.060791 5.836914 0.031006
-0.321951 -0.932074 0.166087
0 0 0 0
0.480957 0.071533
-0.057861 5.835449 0.029541
-0.132323 -0.988887 0.067774
0 0 0 0
0.481934 0.071045
-0.047363 5.835938 0.044678
-0.109845 -0.988606 0.102922
0 0 0 0
0.485352 0.076172
-0.04834 5.836914 0.04834
-0.204976 -0.951133 0.230934
0 0 0 0
0.485107 0.077393
-0.0354 5.835449 0.051758
-0.027136 -0.998 0.057094
0 0 0 0
0.489258 0.078369
-0.031006 5.836914 0.060791
-0.049384 -0.986621 0.15537
0 0 0 0
0.490723 0.081299
-0.016846 5.835449 0.055176
-0.002994 -0.99909 0.04254
0 0 0 0
0.495361 0.07959
-0.010742 5.836914 0.067383
-0.00309 -0.993908 0.110169
0 0 0 0
0.497314 0.083496
0.003418 5.835449 0.052979
0.006948 -0.999496 0.030989
0 0 0 0
0.501953 0.078857
0.010742 5.836914 0.067383
0.019369 -0.995971 0.087565
0 0 0 0
0.504395 0.083496
0.023193 5.835449 0.045654
0.012878 -0.999552 0.027022
0 0 0 0
0.508545 0.076416
0.031006 5.836914 0.060791
0.037506 -0.99645 0.075364
0 0 0 0
0.51123 0.081543
0.048096 5.836914 0.048096
0.059541 -0.996054 0.065817
0 0 0 0
0.516846 0.077148
0.040771 5.835449 0.033691
0.020762 -0.999522 0.022901
0 0 0 0
0.514404 0.07251
0.060791 5.836914 0.031006
0.091637 -0.993908 0.06123
0 0 0 0
0.520996 0.071533
0.054443 5.835449 0.018555
0.03459 -0.999156 0.022152
0 0 0 0
0.519043 0.067627
0.067383 5.836914 0.010742
0.155531 -0.986369 0.053716
0 0 0 0
0.523193 0.064941
0.062744 5.835449 0.001709
0.059986 -0.998127 0.012024
0 0 0 0
0.521729 0.062012
0.049072 5.834961 -0.024902
0.018642 -0.999798 -0.00746
0 0 0 0
0.51709 0.052979
0.035645 5.834961 -0.018311
0.002933 -0.999996 0.000009
0 0 0 0
0.512695 0.05542
0.018799 5.834961 -0.009521
0.000978 -1 0.000001
0 0 0 0
0.50708 0.058105
0 5.834961 0
0.000978 -1 -0.000001
0 0 0 0
0.500977 0.061279
-0.018799 5.834961 0.009521
-0.000977 -1 -0.000001
0 0 0 0
0.494873 0.064453
-0.035645 5.834961 0.018311
-0.002933 -0.999996 -0.000009
0 0 0 0
0.489258 0.067383
-0.049072 5.834961 0.024902
-0.018642 -0.999798 0.00746
0 0 0 0
0.484619 0.06958
0.031006 5.991455 -0.060791
0.272419 0.800308 -0.53413
0 0 0 0
0.51123 0.04126
0.044922 5.993896 -0.046387
0.351996 0.878304 -0.323545
0 0 0 0
0.515869 0.045898
0.04834 5.991455 -0.04834
0.412677 0.826503 -0.382872
0 0 0 0
0.516846 0.04541
0.029541 5.993896 -0.057861
0.232516 0.858066 -0.457886
0 0 0 0
0.510742 0.042236
0.010986 5.993896 -0.063721
0.055818 0.877646 -0.476049
0 0 0 0
0.504639 0.040283
0.010742 5.991455 -0.067383
0.067132 0.826339 -0.559158
0 0 0 0
0.504395 0.039062
-0.01001 5.994141 -0.062988
-0.071703 0.892168 -0.445976
0 0 0 0
0.497559 0.040527
-0.010742 5.991455 -0.067383
-0.083536 0.84141 -0.533901
0 0 0 0
0.497559 0.039062
-0.031006 5.991455 -0.060791
-0.236786 0.825747 -0.511931
0 0 0 0
0.490723 0.04126
-0.030273 5.993896 -0.057129
-0.200308 0.877371 -0.436
0 0 0 0
0.490967 0.04248
-0.048096 5.991455 -0.048096
-0.423691 0.799527 -0.425726
0 0 0 0
0.485107 0.04541
-0.045898 5.993896 -0.045898
-0.36166 0.859086 -0.362179
0 0 0 0
0.48584 0.046143
-0.057129 5.993896 -0.030273
-0.435394 0.878276 -0.197643
0 0 0 0
0.482178 0.05127
-0.060791 5.991455 -0.031006
-0.509782 0.827173 -0.236445
0 0 0 0
0.480957 0.051025
-0.062988 5.994141 -0.01001
-0.446441 0.89187 -0.072513
0 0 0 0
0.480225 0.058105
-0.067383 5.991455 -0.010742
-0.534096 0.841329 -0.083108
0 0 0 0
0.47876 0.057861
-0.067383 5.991455 0.010742
-0.558343 0.826913 0.066849
0 0 0 0
0.47876 0.064941
-0.063721 5.993896 0.010986
-0.474828 0.878381 0.054633
0 0 0 0
0.47998 0.064941
-0.060791 5.991455 0.031006
-0.534905 0.7996 0.272978
0 0 0 0
0.480957 0.071533
-0.057861 5.993896 0.029541
-0.456929 0.858505 0.232776
0 0 0 0
0.481934 0.071045
-0.046387 5.993896 0.044922
-0.323866 0.878415 0.351424
0 0 0 0
0.485596 0.076172
-0.04834 5.991455 0.04834
-0.38236 0.826315 0.413526
0 0 0 0
0.485107 0.077393
-0.029053 5.994141 0.056885
-0.204871 0.892403 0.402052
0 0 0 0
0.491455 0.080078
-0.031006 5.991455 0.060791
-0.246284 0.841171 0.48143
0 0 0 0
0.490723 0.081299
-0.010742 5.991455 0.067383
-0.108379 0.826846 0.551888
0 0 0 0
0.497314 0.083496
-0.009277 5.993896 0.063965
-0.093609 0.878027 0.469368
0 0 0 0
0.498047 0.08252
0.010742 5.991455 0.067383
0.094966 0.800427 0.59186
0 0 0 0
0.504395 0.083496
0.010254 5.993896 0.064209
0.080406 0.858061 0.507215
0 0 0 0
0.504395 0.08252
0.028564 5.993896 0.058105
0.233863 0.878441 0.416714
0 0 0 0
0.510498 0.080566
0.031006 5.991455 0.060791
0.273337 0.827171 0.490994
0 0 0 0
0.51123 0.081543
0.045166 5.994141 0.045166
0.319892 0.892329 0.318461
0 0 0 0
0.515869 0.076172
0.048096 5.991455 0.048096
0.38248 0.841916 0.38064
0 0 0 0
0.516846 0.077148
0.226807 0.176514 -0.115479
0.149224 -0.985688 -0.07843
0 0 0 0
0.560059 0.660156
0.133301 0.160645 0.020996
0.109544 -0.993795 0.019263
0 0 0 0
0.538818 0.691406
0.077881 0.160645 0.077881
0.065574 -0.995721 0.065106
0 0 0 0
0.526123 0.704346
0.020996 0.160645 0.133301
0.017507 -0.993788 0.109901
0 0 0 0
0.513184 0.717041
-0.115479 0.176514 0.226807
-0.076484 -0.985906 0.148796
0 0 0 0
0.481934 0.738525
-0.120361 0.160645 0.061279
-0.09909 -0.993899 0.048426
0 0 0 0
0.480957 0.700684
-0.108887 0.160645 -0.017334
-0.091591 -0.995683 -0.015058
0 0 0 0
0.483398 0.682617
-0.095459 0.160645 -0.095459
-0.078168 -0.993844 -0.078506
0 0 0 0
0.486572 0.664795
-0.039795 0.176514 -0.251465
-0.026407 -0.985499 -0.167616
0 0 0 0
0.499268 0.62915
0.111084 0.178223 -0.218018
0.078692 -0.985227 -0.152106
0 0 0 0
0.533691 0.636719
0.061279 0.160645 -0.120361
0.050247 -0.993668 -0.100491
0 0 0 0
0.522461 0.65918
-0.017334 0.160645 -0.108887
-0.015318 -0.995694 -0.091425
0 0 0 0
0.504395 0.661865
0 0.155762 0
0.000978 -1 -0.000001
0 0 0 0
0.508301 0.686523
0.098145 0.160645 -0.050049
0.082884 -0.995605 -0.043602
0 0 0 0
0.530762 0.675293
-0.050049 0.160645 0.098145
-0.0417 -0.995713 0.082565
0 0 0 0
0.496826 0.708984
-0.142334 5.195801 -0.898926
-0.155736 0.001378 -0.987798
0 0 0 0
-2.077881 0.490723
0 5.195801 -0.910156
0.001382 0.001382 -0.999998
0 0 0 0
-2.213623 0.490723
0 5.07666 -0.910156
0.001382 0.001382 -0.999998
0 0 0 0
-3.639648 0.500977
-0.142334 5.07666 -0.898926
-0.155736 0.001378 -0.987798
0 0 0 0
-3.432617 0.500977
-0.28125 5.195801 -0.865723
-0.309922 0.001365 -0.950761
0 0 0 0
-1.942139 0.490723
-0.28125 5.07666 -0.865723
-0.309922 0.001365 -0.950761
0 0 0 0
-3.22583 0.500977
-0.413086 5.195801 -0.811035
-0.453059 0.001344 -0.891479
0 0 0 0
-1.806641 0.490723
-0.413086 5.07666 -0.811035
-0.453059 0.001344 -0.891479
0 0 0 0
-3.018799 0.500977
-0.534912 5.195801 -0.736328
-0.587706 0.001315 -0.809074
0 0 0 0
-1.670898 0.490723
-0.534912 5.07666 -0.736328
-0.587706 0.001315 -0.809074
0 0 0 0
-2.812012 0.500977
-0.643555 5.195801 -0.643555
-0.706425 0.001277 -0.707786
0 0 0 0
-1.5354 0.490723
-0.643555 5.07666 -0.643555
-0.706425 0.001277 -0.707786
0 0 0 0
-2.60498 0.500977
-0.736328 5.195801 -0.534912
-0.809193 0.001232 -0.587541
0 0 0 0
-1.399658 0.490723
-0.736328 5.07666 -0.534912
-0.809193 0.001232 -0.587541
0 0 0 0
-2.398193 0.500977
-0.811035 5.195801 -0.413086
-0.890328 0.001179 -0.455318
0 0 0 0
-1.26416 0.490723
-0.811035 5.07666 -0.413086
-0.890328 0.001179 -0.455318
0 0 0 0
-2.191406 0.500977
-0.865723 5.195801 -0.28125
-0.951387 0.001118 -0.307996
0 0 0 0
-1.128662 0.490723
-0.865723 5.07666 -0.28125
-0.951387 0.001118 -0.307996
0 0 0 0
-1.984619 0.500977
-0.898926 5.195801 -0.142334
-0.987522 0.001052 -0.15748
0 0 0 0
-0.99292 0.490723
-0.898926 5.07666 -0.142334
-0.987522 0.001052 -0.15748
0 0 0 0
-1.777832 0.500977
-0.910156 5.195801 0
-1 0.000978 -0.000001
0 0 0 0
-0.857422 0.490723
-0.910156 5.07666 0
-1 0.000978 -0.000001
0 0 0 0
-1.571045 0.500977
-0.898926 5.195801 0.142334
-0.987522 0.001052 0.15748
0 0 0 0
-0.721924 0.490723
-0.898926 5.07666 0.142334
-0.987522 0.001052 0.15748
0 0 0 0
-1.364014 0.500977
-0.865723 5.07666 0.28125
-0.951387 0.001118 0.307996
0 0 0 0
-1.157227 0.500977
-0.865723 5.195801 0.28125
-0.951387 0.001118 0.307996
0 0 0 0
-0.586426 0.490723
-0.811035 5.07666 0.413086
-0.890328 0.001179 0.455318
0 0 0 0
-0.950439 0.500977
-0.811035 5.195801 0.413086
-0.890328 0.001179 0.455318
0 0 0 0
-0.450684 0.490723
-0.736328 5.07666 0.534912
-0.809193 0.001232 0.587541
0 0 0 0
-0.743652 0.500977
-0.736328 5.195801 0.534912
-0.809193 0.001232 0.587541
0 0 0 0
-0.315186 0.490723
-0.643555 5.195801 0.643555
-0.706425 0.001277 0.707786
0 0 0 0
-0.179443 0.490723
-0.643555 5.07666 0.643555
-0.706425 0.001277 0.707786
0 0 0 0
-0.536865 0.500977
-0.534912 5.195801 0.736328
-0.587706 0.001315 0.809074
0 0 0 0
-0.043945 0.490723
-0.534912 5.07666 0.736328
-0.587706 0.001315 0.809074
0 0 0 0
-0.329834 0.500977
-0.413086 5.195801 0.811035
-0.453059 0.001344 0.891479
0 0 0 0
0.091797 0.490723
-0.413086 5.07666 0.811035
-0.453059 0.001344 0.891479
0 0 0 0
-0.123047 0.500977
-0.28125 5.195801 0.865723
-0.309922 0.001365 0.950761
0 0 0 0
0.227295 0.490723
-0.28125 5.07666 0.865723
-0.309922 0.001365 0.950761
0 0 0 0
0.083984 0.500977
-0.142334 5.195801 0.898926
-0.155736 0.001378 0.987798
0 0 0 0
0.363037 0.490723
-0.142334 5.07666 0.898926
-0.155736 0.001378 0.987798
0 0 0 0
0.290771 0.500977
0 5.195801 0.910156
0.001382 0.001382 0.999998
0 0 0 0
0.498779 0.490723
0 5.07666 0.910156
0.001382 0.001382 0.999998
0 0 0 0
0.497803 0.500977
0.142334 5.195801 0.898926
0.155736 0.001378 0.987798
0 0 0 0
0.634521 0.490723
0.142334 5.07666 0.898926
0.155736 0.001378 0.987798
0 0 0 0
0.704834 0.500977
0.28125 5.195801 0.865723
0.309922 0.001365 0.950761
0 0 0 0
0.77002 0.490723
0.28125 5.07666 0.865723
0.309922 0.001365 0.950761
0 0 0 0
0.911865 0.500977
0.413086 5.195801 0.811035
0.453059 0.001344 0.891479
0 0 0 0
0.905762 0.490723
0.413086 5.07666 0.811035
0.453059 0.001344 0.891479
0 0 0 0
1.118896 0.500977
0.534912 5.195801 0.736328
0.587706 0.001315 0.809074
0 0 0 0
1.041748 0.490723
0.534912 5.07666 0.736328
0.587706 0.001315 0.809074
0 0 0 0
1.326172 0.500977
0.643555 5.195801 0.643555
0.706425 0.001277 0.707786
0 0 0 0
1.17749 0.490723
0.643555 5.07666 0.643555
0.706425 0.001277 0.707786
0 0 0 0
1.533203 0.500977
0.736328 5.195801 0.534912
0.809193 0.001232 0.587541
0 0 0 0
1.313232 0.490723
0.736328 5.07666 0.534912
0.809193 0.001232 0.587541
0 0 0 0
1.740479 0.500977
0.811035 5.195801 0.413086
0.890328 0.001179 0.455317
0 0 0 0
1.448975 0.490723
0.811035 5.07666 0.413086
0.890328 0.001179 0.455317
0 0 0 0
1.94751 0.500977
0.865723 5.07666 0.28125
0.951387 0.001118 0.307996
0 0 0 0
2.154785 0.500977
0.865723 5.195801 0.28125
0.951387 0.001118 0.307996
0 0 0 0
1.584717 0.490723
0.898926 5.07666 0.142334
0.98575 0.001057 0.168212
0 0 0 0
2.361816 0.500977
0.898926 5.195801 0.142334
0.98575 0.001057 0.168212
0 0 0 0
1.720703 0.490723
0.911865 5.195801 0.010986
0.99963 0.000991 0.027182
0 0 0 0
1.846191 0.490723
0.911865 5.07666 0.010986
0.99963 0.000991 0.027182
0 0 0 0
2.553467 0.500977
0.905762 5.195801 -0.098877
0.995079 0.001025 -0.099077
0 0 0 0
1.950439 0.490723
0.905762 5.07666 -0.098877
0.995079 0.001025 -0.099077
0 0 0 0
2.712402 0.500977
0.892334 5.195801 -0.183838
0.987522 0.001052 -0.15748
0 0 0 0
2.032227 0.490723
0.892334 5.07666 -0.183838
0.987522 0.001052 -0.15748
0 0 0 0
2.837158 0.500977
0.883301 5.195801 -0.241211
0.969569 0.001091 -0.244816
0 0 0 0
2.086914 0.490723
0.883301 5.07666 -0.241211
0.969569 0.001091 -0.244816
0 0 0 0
2.920654 0.500977
0.861816 5.195801 -0.305908
0.922111 0.001151 -0.386924
0 0 0 0
2.151611 0.490723
0.861816 5.07666 -0.305908
0.922111 0.001151 -0.386924
0 0 0 0
3.019043 0.500977
0.811035 5.195801 -0.413086
0.876731 0.00119 -0.480979
0 0 0 0
2.263916 0.490723
0.811035 5.07666 -0.413086
0.876731 0.00119 -0.480979
0 0 0 0
3.190674 0.500977
0.736328 5.195801 -0.534912
0.809193 0.001232 -0.587541
0 0 0 0
2.399658 0.490723
0.736328 5.07666 -0.534912
0.809193 0.001232 -0.587541
0 0 0 0
3.397949 0.500977
0.643555 5.195801 -0.643555
0.706425 0.001277 -0.707786
0 0 0 0
2.535645 0.490723
0.643555 5.07666 -0.643555
0.706425 0.001277 -0.707786
0 0 0 0
3.60498 0.500977
0.534912 5.195801 -0.736328
0.587706 0.001315 -0.809074
0 0 0 0
2.671387 0.490723
0.534912 5.07666 -0.736328
0.587706 0.001315 -0.809074
0 0 0 0
3.812012 0.500977
0.413086 5.195801 -0.811035
0.453059 0.001344 -0.891479
0 0 0 0
2.807129 0.490723
0.413086 5.07666 -0.811035
0.453059 0.001344 -0.891479
0 0 0 0
4.019287 0.500977
0.28125 5.195801 -0.865723
0.309922 0.001365 -0.950761
0 0 0 0
2.942871 0.490723
0.28125 5.07666 -0.865723
0.309922 0.001365 -0.950761
0 0 0 0
4.226318 0.500977
0.142334 5.195801 -0.898926
0.155736 0.001378 -0.987798
0 0 0 0
3.078613 0.490723
0.142334 5.07666 -0.898926
0.155736 0.001378 -0.987798
0 0 0 0
4.43335 0.500977
0 5.195801 -0.910156
0.001382 0.001382 -0.999998
0 0 0 0
3.214355 0.490723
0 5.07666 -0.910156
0.001382 0.001382 -0.999998
0 0 0 0
4.640381 0.500977
-0.142334 5.07666 -0.898926
-0.155736 0.001378 -0.987798
0 0 0 0
-0.856445 0.473389
0 5.07666 -0.910156
0.001382 0.001382 -0.999998
0 0 0 0
-0.927979 0.473389
0 3.906982 -0.910156
0.001382 0.001382 -0.999998
0 0 0 0
-0.927979 0.902832
-0.142334 3.906982 -0.898926
-0.155736 0.001378 -0.987798
0 0 0 0
-0.856445 0.902832
-0.28125 5.07666 -0.865723
-0.309922 0.001365 -0.950761
0 0 0 0
-0.785156 0.473389
-0.28125 3.906982 -0.865723
-0.309922 0.001365 -0.950761
0 0 0 0
-0.785156 0.902832
-0.413086 5.07666 -0.811035
-0.453059 0.001344 -0.891479
0 0 0 0
-0.713867 0.473389
-0.413086 3.906982 -0.811035
-0.453059 0.001344 -0.891479
0 0 0 0
-0.713867 0.902832
-0.534912 5.07666 -0.736328
-0.587706 0.001315 -0.809074
0 0 0 0
-0.642334 0.473389
-0.534912 3.906982 -0.736328
-0.587706 0.001315 -0.809074
0 0 0 0
-0.642334 0.902832
-0.643555 5.07666 -0.643555
-0.706425 0.001277 -0.707786
0 0 0 0
-0.571045 0.473389
-0.643555 3.906982 -0.643555
-0.706425 0.001277 -0.707786
0 0 0 0
-0.571045 0.902832
-0.736328 5.07666 -0.534912
-0.809193 0.001232 -0.587541
0 0 0 0
-0.499756 0.473389
-0.736328 3.906982 -0.534912
-0.809193 0.001232 -0.587541
0 0 0 0
-0.499756 0.902832
-0.811035 5.07666 -0.413086
-0.890328 0.001179 -0.455318
0 0 0 0
-0.428223 0.473389
-0.811035 3.906982 -0.413086
-0.890328 0.001179 -0.455318
0 0 0 0
-0.428223 0.902832
-0.865723 5.07666 -0.28125
-0.951387 0.001118 -0.307996
0 0 0 0
-0.356934 0.473389
-0.865723 3.906982 -0.28125
-0.951387 0.001118 -0.307996
0 0 0 0
-0.356934 0.902832
-0.898926 5.07666 -0.142334
-0.987522 0.001052 -0.15748
0 0 0 0
-0.285645 0.473389
-0.898926 3.906982 -0.142334
-0.987522 0.001052 -0.15748
0 0 0 0
-0.285645 0.902832
-0.910156 5.07666 0
-1 0.000978 -0.000001
0 0 0 0
-0.214355 0.473389
-0.910156 3.906982 0
-1 0.000978 -0.000001
0 0 0 0
-0.214355 0.902832
-0.898926 5.07666 0.142334
-0.987522 0.001052 0.15748
0 0 0 0
-0.142822 0.473389
-0.898926 3.906982 0.142334
-0.987522 0.001052 0.15748
0 0 0 0
-0.142822 0.902832
-0.865723 3.906982 0.28125
-0.951387 0.001118 0.307996
0 0 0 0
-0.071533 0.902832
-0.865723 5.07666 0.28125
-0.951387 0.001118 0.307996
0 0 0 0
-0.071533 0.473389
-0.811035 5.07666 0.413086
-0.890328 0.001179 0.455318
0 0 0 0
-0.000244 0.473389
-0.811035 3.906982 0.413086
-0.890328 0.001179 0.455318
0 0 0 0
-0.000244 0.902832
-0.736328 5.07666 0.534912
-0.809193 0.001232 0.587541
0 0 0 0
0.071045 0.473389
-0.736328 3.906982 0.534912
-0.809193 0.001232 0.587541
0 0 0 0
0.071045 0.902832
-0.643555 5.07666 0.643555
-0.706425 0.001277 0.707786
0 0 0 0
0.142578 0.473389
-0.643555 3.906982 0.643555
-0.706425 0.001277 0.707786
0 0 0 0
0.142578 0.902832
-0.534912 5.07666 0.736328
-0.587706 0.001315 0.809074
0 0 0 0
0.213867 0.473389
-0.534912 3.906982 0.736328
-0.587706 0.001315 0.809074
0 0 0 0
0.213867 0.902832
-0.413086 5.07666 0.811035
-0.453059 0.001344 0.891479
0 0 0 0
0.285156 0.473389
-0.413086 3.906982 0.811035
-0.453059 0.001344 0.891479
0 0 0 0
0.285156 0.902832
-0.28125 5.07666 0.865723
-0.309922 0.001365 0.950761
0 0 0 0
0.356689 0.473389
-0.28125 3.906982 0.865723
-0.309922 0.001365 0.950761
0 0 0 0
0.356689 0.902832
-0.142334 5.07666 0.898926
-0.155736 0.001378 0.987798
0 0 0 0
0.427979 0.473389
-0.142334 3.906982 0.898926
-0.155736 0.001378 0.987798
0 0 0 0
0.427979 0.902832
0 5.07666 0.910156
0.001382 0.001382 0.999998
0 0 0 0
0.499512 0.473389
0 3.906982 0.910156
0.001382 0.001382 0.999998
0 0 0 0
0.499512 0.902832
0.142334 5.07666 0.898926
0.155736 0.001378 0.987798
0 0 0 0
0.570801 0.473389
0.142334 3.906982 0.898926
0.155736 0.001378 0.987798
0 0 0 0
0.570801 0.902832
0.28125 5.07666 0.865723
0.309922 0.001365 0.950761
0 0 0 0
0.642334 0.473389
0.28125 3.906982 0.865723
0.309922 0.001365 0.950761
0 0 0 0
0.642334 0.902832
0.413086 5.07666 0.811035
0.453059 0.001344 0.891479
0 0 0 0
0.713867 0.473389
0.413086 3.906982 0.811035
0.453059 0.001344 0.891479
0 0 0 0
0.713867 0.902832
0.534912 5.07666 0.736328
0.587706 0.001315 0.809074
0 0 0 0
0.785156 0.473389
0.534912 3.906982 0.736328
0.587706 0.001315 0.809074
0 0 0 0
0.785156 0.902832
0.643555 5.07666 0.643555
0.706425 0.001277 0.707786
0 0 0 0
0.856689 0.473389
0.643555 3.906982 0.643555
0.706425 0.001277 0.707786
0 0 0 0
0.856689 0.902832
0.736328 5.07666 0.534912
0.809193 0.001232 0.587541
0 0 0 0
0.928223 0.473389
0.736328 3.906982 0.534912
0.809193 0.001232 0.587541
0 0 0 0
0.928223 0.902832
0.811035 5.07666 0.413086
0.890328 0.001179 0.455317
0 0 0 0
0.999512 0.473389
0.811035 3.906982 0.413086
0.890328 0.001179 0.455317
0 0 0 0
0.999512 0.902832
0.865723 5.07666 0.28125
0.951387 0.001118 0.307996
0 0 0 0
1.071045 0.473389
0.865723 3.906982 0.28125
0.951387 0.001118 0.307996
0 0 0 0
1.071045 0.902832
0.898926 5.07666 0.142334
0.98575 0.001057 0.168212
0 0 0 0
1.142578 0.473389
0.898926 3.906982 0.142334
0.98575 0.001057 0.168212
0 0 0 0
1.142578 0.902832
0.911865 5.07666 0.010986
0.99963 0.000991 0.027182
0 0 0 0
1.208496 0.473389
0.911865 3.906982 0.010986
0.99963 0.000991 0.027182
0 0 0 0
1.208496 0.902832
0.905762 5.07666 -0.098877
0.995079 0.001025 -0.099077
0 0 0 0
1.263428 0.473389
0.905762 3.906982 -0.098877
0.995079 0.001025 -0.099077
0 0 0 0
1.263428 0.902832
0.892334 5.07666 -0.183838
0.987522 0.001052 -0.15748
0 0 0 0
1.306396 0.473389
0.892334 3.906982 -0.183838
0.987522 0.001052 -0.15748
0 0 0 0
1.306396 0.902832
0.883301 5.07666 -0.241211
0.969569 0.001091 -0.244816
0 0 0 0
1.335449 0.473389
0.883301 3.906982 -0.241211
0.969569 0.001091 -0.244816
0 0 0 0
1.335449 0.902832
0.861816 5.07666 -0.305908
0.922111 0.001151 -0.386924
0 0 0 0
1.369385 0.473389
0.861816 3.906982 -0.305908
0.922111 0.001151 -0.386924
0 0 0 0
1.369385 0.902832
0.811035 5.07666 -0.413086
0.876731 0.00119 -0.480979
0 0 0 0
1.428467 0.473389
0.811035 3.906982 -0.413086
0.876731 0.00119 -0.480979
0 0 0 0
1.428467 0.902832
0.736328 5.07666 -0.534912
0.809193 0.001232 -0.587541
0 0 0 0
1.5 0.473389
0.736328 3.906982 -0.534912
0.809193 0.001232 -0.587541
0 0 0 0
1.5 0.902832
0.643555 5.07666 -0.643555
0.706425 0.001277 -0.707786
0 0 0 0
1.571533 0.473389
0.643555 3.906982 -0.643555
0.706425 0.001277 -0.707786
0 0 0 0
1.571533 0.902832
0.534912 5.07666 -0.736328
0.587706 0.001315 -0.809074
0 0 0 0
1.642822 0.473389
0.534912 3.906982 -0.736328
0.587706 0.001315 -0.809074
0 0 0 0
1.642822 0.902832
0.413086 5.07666 -0.811035
0.453059 0.001344 -0.891479
0 0 0 0
1.714355 0.473389
0.413086 3.906982 -0.811035
0.453059 0.001344 -0.891479
0 0 0 0
1.714355 0.902832
0.28125 5.07666 -0.865723
0.309922 0.001365 -0.950761
0 0 0 0
1.785645 0.473389
0.28125 3.906982 -0.865723
0.309922 0.001365 -0.950761
0 0 0 0
1.785645 0.902832
0.142334 5.07666 -0.898926
0.155736 0.001378 -0.987798
0 0 0 0
1.857178 0.473389
0.142334 3.906982 -0.898926
0.155736 0.001378 -0.987798
0 0 0 0
1.857178 0.902832
0 5.07666 -0.910156
0.001382 0.001382 -0.999998
0 0 0 0
1.928711 0.473389
0 3.906982 -0.910156
0.001382 0.001382 -0.999998
0 0 0 0
1.928711 0.902832
-0.142334 3.906982 -0.898926
-0.155736 0.001378 -0.987798
0 0 0 0
-0.856445 0.473389
0 3.906982 -0.910156
0.001382 0.001382 -0.999998
0 0 0 0
-0.927979 0.473389
0 2.737305 -0.910156
0.001382 0.001382 -0.999998
0 0 0 0
-0.927979 0.902832
-0.142334 2.737305 -0.898926
-0.155736 0.001378 -0.987798
0 0 0 0
-0.856445 0.902832
-0.28125 3.906982 -0.865723
-0.309922 0.001365 -0.950761
0 0 0 0
-0.785156 0.473389
-0.28125 2.737305 -0.865723
-0.309922 0.001365 -0.950761
0 0 0 0
-0.785156 0.902832
-0.413086 3.906982 -0.811035
-0.453059 0.001344 -0.891479
0 0 0 0
-0.713867 0.473389
-0.413086 2.737305 -0.811035
-0.453059 0.001344 -0.891479
0 0 0 0
-0.713867 0.902832
-0.534912 3.906982 -0.736328
-0.587706 0.001315 -0.809074
0 0 0 0
-0.642334 0.473389
-0.534912 2.737305 -0.736328
-0.587706 0.001315 -0.809074
0 0 0 0
-0.642334 0.902832
-0.643555 3.906982 -0.643555
-0.706425 0.001277 -0.707786
0 0 0 0
-0.571045 0.473389
-0.643555 2.737305 -0.643555
-0.706425 0.001277 -0.707786
0 0 0 0
-0.571045 0.902832
-0.736328 3.906982 -0.534912
-0.809193 0.001232 -0.587541
0 0 0 0
-0.499756 0.473389
-0.736328 2.737305 -0.534912
-0.809193 0.001232 -0.587541
0 0 0 0
-0.499756 0.902832
-0.811035 3.906982 -0.413086
-0.890328 0.001179 -0.455318
0 0 0 0
-0.428223 0.473389
-0.811035 2.737305 -0.413086
-0.890328 0.001179 -0.455318
0 0 0 0
-0.428223 0.902832
-0.865723 3.906982 -0.28125
-0.951387 0.001118 -0.307996
0 0 0 0
-0.356934 0.473389
-0.865723 2.737305 -0.28125
-0.951387 0.001118 -0.307996
0 0 0 0
-0.356934 0.902832
-0.898926 3.906982 -0.142334
-0.987522 0.001052 -0.15748
0 0 0 0
-0.285645 0.473389
-0.898926 2.737305 -0.142334
-0.987522 0.001052 -0.15748
0 0 0 0
-0.285645 0.902832
-0.910156 3.906982 0
-1 0.000978 -0.000001
0 0 0 0
-0.214355 0.473389
-0.910156 2.737305 0
-1 0.000978 -0.000001
0 0 0 0
-0.214355 0.902832
-0.898926 3.906982 0.142334
-0.987522 0.001052 0.15748
0 0 0 0
-0.142822 0.473389
-0.898926 2.737305 0.142334
-0.987522 0.001052 0.15748
0 0 0 0
-0.142822 0.902832
-0.865723 3.906982 0.28125
-0.951387 0.001118 0.307996
0 0 0 0
-0.071533 0.473389
-0.865723 2.737305 0.28125
-0.951387 0.001118 0.307996
0 0 0 0
-0.071533 0.902832
-0.811035 3.906982 0.413086
-0.890328 0.001179 0.455318
0 0 0 0
-0.000244 0.473389
-0.811035 2.737305 0.413086
-0.890328 0.001179 0.455318
0 0 0 0
-0.000244 0.902832
-0.736328 3.906982 0.534912
-0.809193 0.001232 0.587541
0 0 0 0
0.071045 0.473389
-0.736328 2.737305 0.534912
-0.809193 0.001232 0.587541
0 0 0 0
0.071045 0.902832
-0.643555 3.906982 0.643555
-0.706425 0.001277 0.707786
0 0 0 0
0.142578 0.473389
-0.643555 2.737305 0.643555
-0.706425 0.001277 0.707786
0 0 0 0
0.142578 0.902832
-0.534912 3.906982 0.736328
-0.587706 0.001315 0.809074
0 0 0 0
0.213867 0.473389
-0.534912 2.737305 0.736328
-0.587706 0.001315 0.809074
0 0 0 0
0.213867 0.902832
-0.413086 3.906982 0.811035
-0.453059 0.001344 0.891479
0 0 0 0
0.285156 0.473389
-0.413086 2.737305 0.811035
-0.453059 0.001344 0.891479
0 0 0 0
0.285156 0.902832
-0.28125 3.906982 0.865723
-0.309922 0.001365 0.950761
0 0 0 0
0.356689 0.473389
-0.28125 2.737305 0.865723
-0.309922 0.001365 0.950761
0 0 0 0
0.356689 0.902832
-0.142334 3.906982 0.898926
-0.155736 0.001378 0.987798
0 0 0 0
0.427979 0.473389
-0.142334 2.737305 0.898926
-0.155736 0.001378 0.987798
0 0 0 0
0.427979 0.902832
0 3.906982 0.910156
0.001382 0.001382 0.999998
0 0 0 0
0.499512 0.473389
0 2.737305 0.910156
0.001382 0.001382 0.999998
0 0 0 0
0.499512 0.902832
0.060791 5.991455 0.031006
0.491125 0.826635 0.27472
0 0 0 0
0.520996 0.071533
0.058105 5.993896 0.028564
0.415968 0.878637 0.23445
0 0 0 0
0.520264 0.070801
0.067383 5.991455 0.010742
0.594195 0.798738 0.094605
0 0 0 0
0.523193 0.064941
0.064209 5.993896 0.010254
0.506868 0.858323 0.07979
0 0 0 0
0.522217 0.064697
0.063965 5.993896 -0.009277
0.469211 0.87811 -0.093611
0 0 0 0
0.522217 0.05835
0.067383 5.991455 -0.010742
0.552624 0.826363 -0.108311
0 0 0 0
0.523193 0.057861
0.056885 5.994141 -0.029053
0.40252 0.891985 -0.205769
0 0 0 0
0.519775 0.051758
0.060791 5.991455 -0.031006
0.481226 0.841326 -0.246154
0 0 0 0
0.520996 0.051025
0.045166 6 -0.022949
0.339886 0.924363 -0.173296
0 0 0 0
0.515869 0.053711
0.052979 5.999268 -0.005615
0.381925 0.922061 -0.062744
0 0 0 0
0.518555 0.05957
0.058594 5.997559 0.009277
0.412487 0.908681 0.064448
0 0 0 0
0.520264 0.064453
0.048584 5.999268 0.021729
0.344735 0.921768 0.177485
0 0 0 0
0.51709 0.068604
0.035889 6 0.035889
0.269895 0.924254 0.270019
0 0 0 0
0.512939 0.073242
0.021729 5.999268 0.048584
0.177977 0.921625 0.344865
0 0 0 0
0.508057 0.077393
0.009277 5.997559 0.058594
0.066187 0.9092 0.411065
0 0 0 0
0.503906 0.080566
-0.005615 5.999268 0.052979
-0.06325 0.92115 0.384034
0 0 0 0
0.499023 0.078857
-0.022949 6 0.045166
-0.173117 0.924421 0.339819
0 0 0 0
0.493408 0.076416
-0.039551 5.999268 0.035645
-0.272683 0.921822 0.275477
0 0 0 0
0.487793 0.073242
-0.052734 5.997559 0.026855
-0.371897 0.908964 0.188355
0 0 0 0
0.483398 0.070312
-0.052246 5.999268 0.010986
-0.383044 0.92192 0.05779
0 0 0 0
0.483643 0.064941
-0.050293 6 -0.008057
-0.375401 0.924916 -0.060045
0 0 0 0
0.484375 0.058594
-0.046143 5.999268 -0.026611
-0.346182 0.922095 -0.172913
0 0 0 0
0.485596 0.05249
-0.041992 5.997559 -0.041992
-0.294794 0.908857 -0.295085
0 0 0 0
0.487061 0.047363
-0.026611 5.999268 -0.046143
-0.173519 0.922031 -0.34605
0 0 0 0
0.492188 0.046143
-0.008057 6 -0.050293
-0.058463 0.92509 -0.37522
0 0 0 0
0.498291 0.044678
0.010986 5.999268 -0.052246
0.058659 0.921285 -0.384439
0 0 0 0
0.504639 0.044189
0.026855 5.997559 -0.052734
0.188999 0.908339 -0.373095
0 0 0 0
0.509766 0.043945
0.035645 5.999268 -0.039551
0.276892 0.921134 -0.273574
0 0 0 0
0.512695 0.04834
0.031738 6.005859 -0.016113
0.281344 0.948622 -0.144782
0 0 0 0
0.511475 0.055908
0.037842 6.005859 0.006104
0.311611 0.948859 0.050643
0 0 0 0
0.513428 0.063232
0.025146 6.005859 0.025146
0.223876 0.948498 0.224123
0 0 0 0
0.509277 0.06958
0.006104 6.005859 0.037842
0.050396 0.948563 0.312552
0 0 0 0
0.50293 0.073975
-0.016113 6.005859 0.031738
-0.142794 0.948638 0.282304
0 0 0 0
0.495605 0.071777
-0.03418 6.005859 0.017334
-0.280917 0.949271 0.141312
0 0 0 0
0.489746 0.067139
-0.035156 6.005859 -0.005615
-0.311611 0.948859 -0.050643
0 0 0 0
0.489258 0.05957
-0.0271 6.005859 -0.0271
-0.223876 0.948498 -0.224123
0 0 0 0
0.491943 0.052246
-0.005615 6.005859 -0.035156
-0.050396 0.948563 -0.312552
0 0 0 0
0.499023 0.049561
0.017334 6.005859 -0.03418
0.142794 0.948638 -0.282304
0 0 0 0
0.506836 0.050049
0.008301 6.010254 -0.016357
0.081156 0.983357 -0.162548
0 0 0 0
0.503662 0.055908
-0.003418 6.010254 -0.021973
-0.033327 0.977233 -0.209537
0 0 0 0
0.499756 0.053955
-0.012939 6.010254 -0.012939
-0.127732 0.983435 -0.128607
0 0 0 0
0.496582 0.057129
-0.021973 6.010254 -0.003418
-0.209746 0.97716 -0.034131
0 0 0 0
0.493652 0.060059
-0.016357 6.010254 0.008301
-0.161697 0.9834 0.082328
0 0 0 0
0.495605 0.063965
-0.010254 6.010254 0.02002
-0.09698 0.977257 0.188584
0 0 0 0
0.497559 0.067871
0.00293 6.010254 0.018066
0.028648 0.983581 0.17818
0 0 0 0
0.501953 0.067383
0.015869 6.010254 0.015869
0.150048 0.976888 0.152236
0 0 0 0
0.506104 0.06665
0.018066 6.010254 0.00293
0.177337 0.983775 0.027175
0 0 0 0
0.506836 0.062256
0.02002 6.010254 -0.010254
0.189307 0.977232 -0.09582
0 0 0 0
0.507568 0.057861
0 6.012695 0
-0.000977 1 -0.000001
0 0 0 0
0.500977 0.061279
-0.031006 5.991455 -0.060791
-0.453059 0.001344 -0.891479
0 0 0 0
0.310303 0.750977
-0.010742 5.991455 -0.067383
-0.155736 0.001378 -0.987798
0 0 0 0
0.322754 0.781006
-0.010742 5.836914 -0.067383
-0.155736 0.001378 -0.987798
0 0 0 0
0.369873 0.791992
-0.010742 5.991455 -0.067383
-0.155736 0.001378 -0.987798
0 0 0 0
0.672607 0.744141
0.010742 5.991455 -0.067383
0.155736 0.001378 -0.987798
0 0 0 0
0.411621 0.784912
0.010742 5.836914 -0.067383
0.155736 0.001378 -0.987798
0 0 0 0
0.706299 0.750977
-0.010742 5.836914 -0.067383
-0.155736 0.001378 -0.987798
0 0 0 0
0.682373 0.682861
-0.031006 5.991455 -0.060791
-0.453059 0.001344 -0.891479
0 0 0 0
0.310303 0.750977
-0.010742 5.836914 -0.067383
-0.155736 0.001378 -0.987798
0 0 0 0
0.369873 0.791992
-0.031006 5.836914 -0.060791
-0.453059 0.001344 -0.891479
0 0 0 0
0.339844 0.809082
0.010742 5.836914 -0.067383
0.155736 0.001378 -0.987798
0 0 0 0
0.706299 0.750977
0.010742 5.991455 -0.067383
0.155736 0.001378 -0.987798
0 0 0 0
0.411621 0.784912
0.031006 5.991455 -0.060791
0.453059 0.001344 -0.891479
0 0 0 0
0.392334 0.74585
0.031006 5.836914 -0.060791
0.453059 0.001344 -0.891479
0 0 0 0
0.37207 0.707275
0.031006 5.991455 -0.060791
0.453059 0.001344 -0.891479
0 0 0 0
0.392334 0.74585
0.04834 5.836914 -0.04834
0.706425 0.001277 -0.707786
0 0 0 0
0.361084 0.83374
0.031006 5.836914 -0.060791
0.453059 0.001344 -0.891479
0 0 0 0
0.37207 0.707275
0.04834 5.991455 -0.04834
0.706425 0.001277 -0.707786
0 0 0 0
0.37793 0.816895
0.060791 5.991455 -0.031006
0.890328 0.001179 -0.455317
0 0 0 0
0.402832 0.825195
0.060791 5.836914 -0.031006
0.890328 0.001179 -0.455317
0 0 0 0
0.385986 0.85498
0.060791 5.991455 -0.031006
0.890328 0.001179 -0.455317
0 0 0 0
0.402832 0.825195
0.067383 5.991455 -0.010742
0.987522 0.001052 -0.15748
0 0 0 0
0.458252 0.853271
0.067383 5.836914 -0.010742
0.987522 0.001052 -0.15748
0 0 0 0
0.431641 0.837158
0.067383 5.991455 0.010742
0.987522 0.001052 0.15748
0 0 0 0
0.413818 0.87207
0.067383 5.836914 0.010742
0.987522 0.001052 0.15748
0 0 0 0
0.444092 0.884521
0.060791 5.991455 -0.031006
0.890328 0.001179 -0.455317
0 0 0 0
0.402832 0.825195
0.067383 5.836914 -0.010742
0.987522 0.001052 -0.15748
0 0 0 0
0.431641 0.837158
0.060791 5.836914 -0.031006
0.890328 0.001179 -0.455317
0 0 0 0
0.385986 0.85498
0.067383 5.836914 -0.010742
0.987522 0.001052 -0.15748
0 0 0 0
0.431641 0.837158
0.067383 5.991455 -0.010742
0.987522 0.001052 -0.15748
0 0 0 0
0.458252 0.853271
0.067383 5.991455 0.010742
0.987522 0.001052 0.15748
0 0 0 0
0.413818 0.87207
0.067383 5.991455 0.010742
0.987522 0.001052 0.15748
0 0 0 0
0.413818 0.87207
0.060791 5.991455 0.031006
0.890328 0.001179 0.455317
0 0 0 0
0.48584 0.822754
0.060791 5.836914 0.031006
0.890328 0.001179 0.455317
0 0 0 0
0.446289 0.808105
0.067383 5.991455 0.010742
0.987522 0.001052 0.15748
0 0 0 0
0.413818 0.87207
0.060791 5.836914 0.031006
0.890328 0.001179 0.455317
0 0 0 0
0.446289 0.808105
0.067383 5.836914 0.010742
0.987522 0.001052 0.15748
0 0 0 0
0.444092 0.884521
0.060791 5.836914 0.031006
0.890328 0.001179 0.455317
0 0 0 0
0.446289 0.808105
0.060791 5.991455 0.031006
0.890328 0.001179 0.455317
0 0 0 0
0.48584 0.822754
0.048096 5.991455 0.048096
0.706425 0.001277 0.707786
0 0 0 0
0.479492 0.868652
0.048096 5.836914 0.048096
0.706425 0.001277 0.707786
0 0 0 0
0.47583 0.892334
0.031006 5.836914 0.060791
0.453059 0.001344 0.891479
0 0 0 0
0.508301 0.894775
0.048096 5.991455 0.048096
0.706425 0.001277 0.707786
0 0 0 0
0.479492 0.868652
0.031006 5.991455 0.060791
0.453059 0.001344 0.891479
0 0 0 0
0.504395 0.860596
0.010742 5.991455 0.067383
0.155736 0.001378 0.987798
0 0 0 0
0.565918 0.851074
0.031006 5.836914 0.060791
0.453059 0.001344 0.891479
0 0 0 0
0.508301 0.894775
0.010742 5.991455 0.067383
0.155736 0.001378 0.987798
0 0 0 0
0.565918 0.851074
0.010742 5.836914 0.067383
0.155736 0.001378 0.987798
0 0 0 0
0.534912 0.853516
0.010742 5.991455 0.067383
0.155736 0.001378 0.987798
0 0 0 0
0.565918 0.851074
-0.010742 5.991455 0.067383
-0.155736 -0.001378 0.987798
0 0 0 0
0.541016 0.892334
-0.010742 5.836914 0.067383
-0.155736 -0.001378 0.987798
0 0 0 0
0.572754 0.884521
0.010742 5.991455 0.067383
0.155736 0.001378 0.987798
0 0 0 0
0.565918 0.851074
-0.010742 5.836914 0.067383
-0.155736 -0.001378 0.987798
0 0 0 0
0.572754 0.884521
0.010742 5.836914 0.067383
0.155736 0.001378 0.987798
0 0 0 0
0.534912 0.853516
-0.010742 5.836914 0.067383
-0.155736 -0.001378 0.987798
0 0 0 0
0.572754 0.884521
-0.010742 5.991455 0.067383
-0.155736 -0.001378 0.987798
0 0 0 0
0.541016 0.892334
-0.031006 5.991455 0.060791
-0.453059 -0.001344 0.891479
0 0 0 0
0.571777 0.809082
-0.010742 5.836914 0.067383
-0.155736 -0.001378 0.987798
0 0 0 0
0.572754 0.884521
-0.031006 5.991455 0.060791
-0.453059 -0.001344 0.891479
0 0 0 0
0.571777 0.809082
-0.031006 5.836914 0.060791
-0.453059 -0.001344 0.891479
0 0 0 0
0.528809 0.815186
-0.031006 5.836914 0.060791
-0.453059 -0.001344 0.891479
0 0 0 0
0.528809 0.815186
-0.031006 5.991455 0.060791
-0.453059 -0.001344 0.891479
0 0 0 0
0.571777 0.809082
-0.04834 5.991455 0.04834
-0.706425 -0.001277 0.707786
0 0 0 0
0.592041 0.85083
-0.04834 5.836914 0.04834
-0.706425 -0.001277 0.707786
0 0 0 0
0.602783 0.87207
-0.04834 5.836914 0.04834
-0.706425 -0.001277 0.707786
0 0 0 0
0.602783 0.87207
-0.04834 5.991455 0.04834
-0.706425 -0.001277 0.707786
0 0 0 0
0.592041 0.85083
-0.060791 5.991455 0.031006
-0.890328 0.001179 0.455318
0 0 0 0
0.607422 0.82959
-0.060791 5.836914 0.031006
-0.890328 0.001179 0.455318
0 0 0 0
0.630615 0.85498
-0.067383 5.836914 0.010742
-0.987522 0.001052 0.15748
0 0 0 0
0.62793 0.806152
-0.060791 5.991455 0.031006
-0.890328 0.001179 0.455318
0 0 0 0
0.607422 0.82959
-0.067383 5.991455 0.010742
-0.987522 0.001052 0.15748
0 0 0 0
0.651367 0.785889
-0.067383 5.836914 0.010742
-0.987522 0.001052 0.15748
0 0 0 0
0.62793 0.806152
-0.067383 5.836914 0.010742
-0.987522 0.001052 0.15748
0 0 0 0
0.62793 0.806152
-0.067383 5.991455 0.010742
-0.987522 0.001052 0.15748
0 0 0 0
0.651367 0.785889
-0.067383 5.991455 -0.010742
-0.987522 0.001052 -0.15748
0 0 0 0
0.655518 0.83374
-0.067383 5.836914 0.010742
-0.987522 0.001052 0.15748
0 0 0 0
0.62793 0.806152
-0.067383 5.991455 -0.010742
-0.987522 0.001052 -0.15748
0 0 0 0
0.655518 0.83374
-0.067383 5.836914 -0.010742
-0.987522 0.001052 -0.15748
0 0 0 0
0.676758 0.809082
-0.067383 5.991455 -0.010742
-0.987522 0.001052 -0.15748
0 0 0 0
0.655518 0.83374
-0.060791 5.991455 -0.031006
-0.890328 0.001179 -0.455318
0 0 0 0
0.630859 0.750244
-0.060791 5.836914 -0.031006
-0.890328 0.001179 -0.455318
0 0 0 0
0.604736 0.783203
-0.067383 5.991455 -0.010742
-0.987522 0.001052 -0.15748
0 0 0 0
0.655518 0.83374
-0.060791 5.836914 -0.031006
-0.890328 0.001179 -0.455318
0 0 0 0
0.604736 0.783203
-0.067383 5.836914 -0.010742
-0.987522 0.001052 -0.15748
0 0 0 0
0.676758 0.809082
-0.048096 5.991455 -0.048096
-0.706425 0.001277 -0.707786
0 0 0 0
0.672607 0.770264
-0.048096 5.836914 -0.048096
-0.706425 0.001277 -0.707786
0 0 0 0
0.693848 0.781006
-0.060791 5.836914 -0.031006
-0.890328 0.001179 -0.455318
0 0 0 0
0.604736 0.783203
-0.060791 5.991455 -0.031006
-0.890328 0.001179 -0.455318
0 0 0 0
0.630859 0.750244
-0.048096 5.991455 -0.048096
-0.706425 0.001277 -0.707786
0 0 0 0
0.672607 0.770264
-0.048096 5.991455 -0.048096
-0.706425 0.001277 -0.707786
0 0 0 0
0.672607 0.770264
-0.031006 5.991455 -0.060791
-0.453059 0.001344 -0.891479
0 0 0 0
0.310303 0.750977
-0.031006 5.836914 -0.060791
-0.453059 0.001344 -0.891479
0 0 0 0
0.339844 0.809082
-0.048096 5.991455 -0.048096
-0.706425 0.001277 -0.707786
0 0 0 0
0.672607 0.770264
-0.031006 5.836914 -0.060791
-0.453059 0.001344 -0.891479
0 0 0 0
0.339844 0.809082
-0.048096 5.836914 -0.048096
-0.706425 0.001277 -0.707786
0 0 0 0
0.693848 0.781006
-0.662842 0.033447 0.337646
-0.365108 0.912239 0.185786
0 0 0 0
0.322754 0.781006
-0.595947 0.089111 0.179199
-0.357041 0.926237 0.120856
0 0 0 0
0.341553 0.736816
-0.70752 0.033447 0.22998
-0.394496 0.907237 0.145921
0 0 0 0
0.310303 0.750977
-0.53833 0.095947 0.274414
-0.328735 0.929126 0.16929
0 0 0 0
0.357666 0.763428
-0.495117 0.089111 0.376709
-0.307376 0.926442 0.217312
0 0 0 0
0.369873 0.791992
-0.601807 0.033447 0.437256
-0.350297 0.907735 0.230888
0 0 0 0
0.339844 0.809082
-0.46582 0.077393 0.46582
-0.284599 0.91581 0.283366
0 0 0 0
0.37793 0.816895
-0.526123 0.033447 0.526123
-0.305028 0.901677 0.30649
0 0 0 0
0.361084 0.83374
-0.437256 0.033447 0.601807
-0.232818 0.907424 0.349826
0 0 0 0
0.385986 0.85498
-0.376709 0.089111 0.495117
-0.222529 0.924783 0.308638
0 0 0 0
0.402832 0.825195
-0.337646 0.033447 0.662842
-0.186129 0.912374 0.364595
0 0 0 0
0.413818 0.87207
-0.274414 0.095947 0.53833
-0.170491 0.926975 0.33414
0 0 0 0
0.431641 0.837158
-0.179199 0.089111 0.595947
-0.11974 0.924852 0.360987
0 0 0 0
0.458252 0.853271
-0.22998 0.033447 0.70752
-0.146509 0.907897 0.392756
0 0 0 0
0.444092 0.884521
-0.103027 0.077393 0.650635
-0.063528 0.915956 0.396219
0 0 0 0
0.479492 0.868652
-0.116455 0.033447 0.734863
-0.066604 0.900901 0.428883
0 0 0 0
0.47583 0.892334
0 0.033447 0.743896
0.017472 0.907391 0.419924
0 0 0 0
0.508301 0.894775
-0.013672 0.089111 0.62207
0.003442 0.925923 0.377697
0 0 0 0
0.504395 0.860596
0.116455 0.033447 0.734863
0.063734 0.911969 0.405278
0 0 0 0
0.541016 0.892334
0.094482 0.095947 0.59668
0.058265 0.928816 0.365932
0 0 0 0
0.534912 0.853516
0.205322 0.089111 0.587402
0.112818 0.926474 0.359053
0 0 0 0
0.565918 0.851074
0.22998 0.033447 0.70752
0.112399 0.907302 0.405178
0 0 0 0
0.572754 0.884521
0.299072 0.077393 0.586914
0.183266 0.916332 0.356018
0 0 0 0
0.592041 0.85083
0.337646 0.033447 0.662842
0.196806 0.901163 0.386228
0 0 0 0
0.602783 0.87207
0.437256 0.033447 0.601807
0.260393 0.90743 0.329798
0 0 0 0
0.630615 0.85498
0.354492 0.089111 0.511475
0.2247 0.924513 0.307874
0 0 0 0
0.607422 0.82959
0.526123 0.033447 0.526123
0.289868 0.911807 0.290835
0 0 0 0
0.655518 0.83374
0.427246 0.095947 0.427246
0.265011 0.926988 0.265448
0 0 0 0
0.62793 0.806152
0.511475 0.089111 0.354492
0.306175 0.925016 0.224948
0 0 0 0
0.651367 0.785889
0.601807 0.033447 0.437256
0.330263 0.9074 0.259906
0 0 0 0
0.676758 0.809082
0.586914 0.077393 0.299072
0.358318 0.915465 0.183119
0 0 0 0
0.672607 0.770264
0.662842 0.033447 0.337646
0.385988 0.901351 0.19642
0 0 0 0
0.693848 0.781006
0.70752 0.033447 0.22998
0.405494 0.906945 0.114129
0 0 0 0
0.706299 0.750977
0.587402 0.089111 0.205322
0.359645 0.926422 0.111346
0 0 0 0
0.672607 0.744141
0.734863 0.033447 0.116455
0.406006 0.911751 0.062201
0 0 0 0
0.713867 0.719238
0.596924 0.095947 0.094482
0.364726 0.929399 0.056506
0 0 0 0
0.675293 0.713135
0.62207 0.089111 -0.013672
0.377292 0.926081 0.005044
0 0 0 0
0.682373 0.682861
0.743896 0.033447 0
0.418936 0.907859 0.016878
0 0 0 0
0.716553 0.686523
0.650635 0.077393 -0.103027
0.396057 0.916071 -0.062873
0 0 0 0
0.69043 0.657715
0.734863 0.033447 -0.116455
0.427124 0.901705 -0.067032
0 0 0 0
0.713867 0.654053
0.70752 0.033447 -0.22998
0.394496 0.907237 -0.145921
0 0 0 0
0.706299 0.622314
0.595947 0.089111 -0.179199
0.361304 0.924483 -0.12162
0 0 0 0
0.675049 0.636475
0.662842 0.033447 -0.337646
0.365108 0.912239 -0.185786
0 0 0 0
0.693848 0.592041
0.53833 0.095947 -0.274414
0.335042 0.926914 -0.169045
0 0 0 0
0.658936 0.609863
0.495117 0.089111 -0.376709
0.310226 0.924193 -0.22277
0 0 0 0
0.646973 0.581299
0.601807 0.033447 -0.437256
0.350297 0.907735 -0.230888
0 0 0 0
0.676758 0.564209
0.46582 0.077393 -0.46582
0.284599 0.91581 -0.283366
0 0 0 0
0.638672 0.556396
0.526123 0.033447 -0.526123
0.305028 0.901677 -0.30649
0 0 0 0
0.655518 0.539307
0.437256 0.033447 -0.601807
0.232818 0.907424 -0.349826
0 0 0 0
0.630615 0.518311
0.376709 0.089111 -0.495117
0.217918 0.926431 -0.306979
0 0 0 0
0.61377 0.548096
0.337646 0.033447 -0.662842
0.186129 0.912374 -0.364595
0 0 0 0
0.602783 0.501221
0.274414 0.095947 -0.53833
0.167872 0.929493 -0.328422
0 0 0 0
0.585205 0.535889
0.179199 0.089111 -0.595947
0.119604 0.926075 -0.357883
0 0 0 0
0.55835 0.519775
0.22998 0.033447 -0.70752
0.146509 0.907897 -0.392756
0 0 0 0
0.572754 0.488525
0.103027 0.077393 -0.650635
0.063528 0.915956 -0.396219
0 0 0 0
0.537109 0.504639
0.116455 0.033447 -0.734863
0.066604 0.900901 -0.428883
0 0 0 0
0.541016 0.480957
0 0.033447 -0.743896
-0.017472 0.907391 -0.419924
0 0 0 0
0.508301 0.478516
0.013672 0.089111 -0.62207
-0.001149 0.924663 -0.380785
0 0 0 0
0.512207 0.512451
-0.116455 0.033447 -0.734863
-0.063734 0.911969 -0.405278
0 0 0 0
0.47583 0.480957
-0.094482 0.095947 -0.59668
-0.058397 0.926341 -0.372132
0 0 0 0
0.481934 0.519531
-0.205322 0.089111 -0.587402
-0.115212 0.925119 -0.361774
0 0 0 0
0.450928 0.522217
-0.22998 0.033447 -0.70752
-0.112399 0.907302 -0.405178
0 0 0 0
0.444092 0.488525
-0.299072 0.077393 -0.586914
-0.183266 0.916332 -0.356018
0 0 0 0
0.424561 0.522461
-0.337646 0.033447 -0.662842
-0.196806 0.901163 -0.386228
0 0 0 0
0.413818 0.501221
-0.437256 0.033447 -0.601807
-0.260393 0.90743 -0.329798
0 0 0 0
0.385986 0.518311
-0.354492 0.089111 -0.511475
-0.224155 0.926731 -0.301537
0 0 0 0
0.40918 0.543457
-0.526123 0.033447 -0.526123
-0.289868 0.911807 -0.290835
0 0 0 0
0.361084 0.539307
-0.427246 0.095947 -0.427246
-0.262235 0.929345 -0.259906
0 0 0 0
0.388672 0.567139
-0.51123 0.089111 -0.354492
-0.301709 0.926755 -0.223825
0 0 0 0
0.365234 0.587402
-0.601807 0.033447 -0.437256
-0.330263 0.9074 -0.259906
0 0 0 0
0.339844 0.564209
-0.586914 0.077393 -0.299072
-0.358318 0.915465 -0.183119
0 0 0 0
0.343994 0.603027
-0.662842 0.033447 -0.337646
-0.385988 0.901351 -0.19642
0 0 0 0
0.322754 0.592041
-0.70752 0.033447 -0.22998
-0.405494 0.906945 -0.114129
0 0 0 0
0.310303 0.622314
-0.587402 0.089111 -0.205322
-0.362603 0.924587 -0.116865
0 0 0 0
0.343994 0.62915
-0.734863 0.033447 -0.116455
-0.406006 0.911751 -0.062201
0 0 0 0
0.302734 0.654053
-0.59668 0.095947 -0.094482
-0.371256 0.926631 -0.059365
0 0 0 0
0.341309 0.660156
-0.62207 0.089111 0.013672
-0.380651 0.924717 -0.002086
0 0 0 0
0.334229 0.69043
-0.743896 0.033447 0
-0.418936 0.907859 -0.016878
0 0 0 0
0.300049 0.686523
-0.650635 0.077393 0.103027
-0.396057 0.916071 0.062874
0 0 0 0
0.326172 0.715576
-0.734863 0.033447 0.116455
-0.427123 0.901705 0.067032
0 0 0 0
0.302734 0.719238
-0.487305 0.140137 0.073486
-0.308477 0.949545 0.05662
0 0 0 0
0.37207 0.707275
-0.414795 0.145752 0.211426
-0.267865 0.953683 0.136886
0 0 0 0
0.392334 0.74585
-0.345947 0.140137 0.351074
-0.227425 0.949582 0.215806
0 0 0 0
0.411621 0.784912
-0.232666 0.180176 0.256592
-0.174498 0.969787 0.170483
0 0 0 0
0.443359 0.758545
-0.292969 0.183838 0.14917
-0.213122 0.970888 0.109343
0 0 0 0
0.42627 0.728271
-0.344482 0.180176 0.037354
-0.240231 0.969897 0.039864
0 0 0 0
0.411865 0.697021
-0.384521 0.173096 -0.060791
-0.262228 0.96416 -0.040392
0 0 0 0
0.400879 0.669678
-0.481689 0.139404 -0.076416
-0.317625 0.946862 -0.050658
0 0 0 0
0.373535 0.665283
-0.440918 0.140137 -0.220459
-0.27585 0.949219 -0.151295
0 0 0 0
0.38501 0.625
-0.315918 0.180176 -0.141846
-0.215453 0.970053 -0.112149
0 0 0 0
0.419922 0.646973
-0.329102 0.145752 -0.329102
-0.212223 0.953386 -0.214514
0 0 0 0
0.41626 0.594482
-0.220459 0.140137 -0.440918
-0.148964 0.950059 -0.274224
0 0 0 0
0.446533 0.563232
-0.076172 0.139404 -0.481689
-0.05052 0.946403 -0.319012
0 0 0 0
0.487061 0.551758
0.142334 3.906982 0.898926
0.155736 0.001378 0.987798
0 0 0 0
0.570801 0.473389
0.142334 2.737305 0.898926
0.155736 0.001378 0.987798
0 0 0 0
0.570801 0.902832
0.28125 3.906982 0.865723
0.309922 0.001365 0.950761
0 0 0 0
0.642334 0.473389
0.28125 2.737305 0.865723
0.309922 0.001365 0.950761
0 0 0 0
0.642334 0.902832
0.413086 3.906982 0.811035
0.453059 0.001344 0.891479
0 0 0 0
0.713867 0.473389
0.413086 2.737305 0.811035
0.453059 0.001344 0.891479
0 0 0 0
0.713867 0.902832
0.534912 3.906982 0.736328
0.587706 0.001315 0.809074
0 0 0 0
0.785156 0.473389
0.534912 2.737305 0.736328
0.587706 0.001315 0.809074
0 0 0 0
0.785156 0.902832
0.643555 3.906982 0.643555
0.706425 0.001277 0.707786
0 0 0 0
0.856689 0.473389
0.643555 2.737305 0.643555
0.706425 0.001277 0.707786
0 0 0 0
0.856689 0.902832
0.736328 3.906982 0.534912
0.809193 0.001232 0.587541
0 0 0 0
0.928223 0.473389
0.736328 2.737305 0.534912
0.809193 0.001232 0.587541
0 0 0 0
0.928223 0.902832
0.811035 3.906982 0.413086
0.890328 0.001179 0.455317
0 0 0 0
0.999512 0.473389
0.811035 2.737305 0.413086
0.890328 0.001179 0.455317
0 0 0 0
0.999512 0.902832
0.865723 3.906982 0.28125
0.951387 0.001118 0.307996
0 0 0 0
1.071045 0.473389
0.865723 2.737305 0.28125
0.951387 0.001118 0.307996
0 0 0 0
1.071045 0.902832
0.898926 3.906982 0.142334
0.98575 0.001057 0.168212
0 0 0 0
1.142578 0.473389
0.898926 2.737305 0.142334
0.98575 0.001057 0.168212
0 0 0 0
1.142578 0.902832
0.911865 3.906982 0.010986
0.99963 0.000991 0.027182
0 0 0 0
1.208496 0.473389
0.911865 2.737305 0.010986
0.99963 0.000991 0.027182
0 0 0 0
1.208496 0.902832
0.905762 3.906982 -0.098877
0.995079 0.001025 -0.099077
0 0 0 0
1.263428 0.473389
0.905762 2.737305 -0.098877
0.995079 0.001025 -0.099077
0 0 0 0
1.263428 0.902832
0.892334 3.906982 -0.183838
0.987522 0.001052 -0.15748
0 0 0 0
1.306396 0.473389
0.892334 2.737305 -0.183838
0.987522 0.001052 -0.15748
0 0 0 0
1.306396 0.902832
0.883301 3.906982 -0.241211
0.969569 0.001091 -0.244816
0 0 0 0
1.335449 0.473389
0.883301 2.737305 -0.241211
0.969569 0.001091 -0.244816
0 0 0 0
1.335449 0.902832
0.861816 3.906982 -0.305908
0.922111 0.001151 -0.386924
0 0 0 0
1.369385 0.473389
0.861816 2.737305 -0.305908
0.922111 0.001151 -0.386924
0 0 0 0
1.369385 0.902832
0.811035 3.906982 -0.413086
0.876731 0.00119 -0.480979
0 0 0 0
1.428467 0.473389
0.811035 2.737305 -0.413086
0.876731 0.00119 -0.480979
0 0 0 0
1.428467 0.902832
0.736328 3.906982 -0.534912
0.809193 0.001232 -0.587541
0 0 0 0
1.5 0.473389
0.736328 2.737305 -0.534912
0.809193 0.001232 -0.587541
0 0 0 0
1.5 0.902832
0.643555 3.906982 -0.643555
0.706425 0.001277 -0.707786
0 0 0 0
1.571533 0.473389
0.643555 2.737305 -0.643555
0.706425 0.001277 -0.707786
0 0 0 0
1.571533 0.902832
0.534912 3.906982 -0.736328
0.587706 0.001315 -0.809074
0 0 0 0
1.642822 0.473389
0.534912 2.737305 -0.736328
0.587706 0.001315 -0.809074
0 0 0 0
1.642822 0.902832
0.413086 3.906982 -0.811035
0.453059 0.001344 -0.891479
0 0 0 0
1.714355 0.473389
0.413086 2.737305 -0.811035
0.453059 0.001344 -0.891479
0 0 0 0
1.714355 0.902832
0.28125 3.906982 -0.865723
0.309922 0.001365 -0.950761
0 0 0 0
1.785645 0.473389
0.28125 2.737305 -0.865723
0.309922 0.001365 -0.950761
0 0 0 0
1.785645 0.902832
0.142334 3.906982 -0.898926
0.155736 0.001378 -0.987798
0 0 0 0
1.857178 0.473389
0.142334 2.737305 -0.898926
0.155736 0.001378 -0.987798
0 0 0 0
1.857178 0.902832
0 3.906982 -0.910156
0.001382 0.001382 -0.999998
0 0 0 0
1.928711 0.473389
0 2.737305 -0.910156
0.001382 0.001382 -0.999998
0 0 0 0
1.928711 0.902832
-0.142334 2.737305 -0.898926
-0.155736 0.001378 -0.987798
0 0 0 0
-0.856445 0.473389
0 2.737305 -0.910156
0.001382 0.001382 -0.999998
0 0 0 0
-0.927979 0.473389
0 1.567627 -0.910156
0.001382 0.001382 -0.999998
0 0 0 0
-0.927979 0.902832
-0.142334 1.567627 -0.898926
-0.155736 0.001378 -0.987798
0 0 0 0
-0.856445 0.902832
-0.28125 2.737305 -0.865723
-0.309922 0.001365 -0.950761
0 0 0 0
-0.785156 0.473389
-0.28125 1.567627 -0.865723
-0.309922 0.001365 -0.950761
0 0 0 0
-0.785156 0.902832
-0.413086 2.737305 -0.811035
-0.453059 0.001344 -0.891479
0 0 0 0
-0.713867 0.473389
-0.413086 1.567627 -0.811035
-0.453059 0.001344 -0.891479
0 0 0 0
-0.713867 0.902832
-0.534912 2.737305 -0.736328
-0.587706 0.001315 -0.809074
0 0 0 0
-0.642334 0.473389
-0.534912 1.567627 -0.736328
-0.587706 0.001315 -0.809074
0 0 0 0
-0.642334 0.902832
-0.643555 2.737305 -0.643555
-0.706425 0.001277 -0.707786
0 0 0 0
-0.571045 0.473389
-0.643555 1.567627 -0.643555
-0.706425 0.001277 -0.707786
0 0 0 0
-0.571045 0.902832
-0.736328 2.737305 -0.534912
-0.809193 0.001232 -0.587541
0 0 0 0
-0.499756 0.473389
-0.736328 1.567627 -0.534912
-0.809193 0.001232 -0.587541
0 0 0 0
-0.499756 0.902832
-0.811035 2.737305 -0.413086
-0.890328 0.001179 -0.455318
0 0 0 0
-0.428223 0.473389
-0.811035 1.567627 -0.413086
-0.890328 0.001179 -0.455318
0 0 0 0
-0.428223 0.902832
-0.865723 2.737305 -0.28125
-0.951387 0.001118 -0.307996
0 0 0 0
-0.356934 0.473389
-0.865723 1.567627 -0.28125
-0.951387 0.001118 -0.307996
0 0 0 0
-0.356934 0.902832
-0.898926 2.737305 -0.142334
-0.987522 0.001052 -0.15748
0 0 0 0
-0.285645 0.473389
-0.898926 1.567627 -0.142334
-0.987522 0.001052 -0.15748
0 0 0 0
-0.285645 0.902832
-0.910156 2.737305 0
-1 0.000978 -0.000001
0 0 0 0
-0.214355 0.473389
-0.910156 1.567627 0
-1 0.000978 -0.000001
0 0 0 0
-0.214355 0.902832
-0.898926 2.737305 0.142334
-0.987522 0.001052 0.15748
0 0 0 0
-0.142822 0.473389
-0.898926 1.567627 0.142334
-0.987522 0.001052 0.15748
0 0 0 0
-0.142822 0.902832
-0.865723 2.737305 0.28125
-0.951387 0.001118 0.307996
0 0 0 0
-0.071533 0.473389
-0.865723 1.567627 0.28125
-0.951387 0.001118 0.307996
0 0 0 0
-0.071533 0.902832
-0.811035 2.737305 0.413086
-0.890328 0.001179 0.455318
0 0 0 0
-0.000244 0.473389
-0.811035 1.567627 0.413086
-0.890328 0.001179 0.455318
0 0 0 0
-0.000244 0.902832
-0.736328 2.737305 0.534912
-0.809193 0.001232 0.587541
0 0 0 0
0.071045 0.473389
-0.736328 1.567627 0.534912
-0.809193 0.001232 0.587541
0 0 0 0
0.071045 0.902832
-0.643555 2.737305 0.643555
-0.706425 0.001277 0.707786
0 0 0 0
0.142578 0.473389
-0.643555 1.567627 0.643555
-0.706425 0.001277 0.707786
0 0 0 0
0.142578 0.902832
-0.534912 2.737305 0.736328
-0.587706 0.001315 0.809074
0 0 0 0
0.213867 0.473389
-0.534912 1.567627 0.736328
-0.587706 0.001315 0.809074
0 0 0 0
0.213867 0.902832
-0.413086 2.737305 0.811035
-0.453059 0.001344 0.891479
0 0 0 0
0.285156 0.473389
-0.413086 1.567627 0.811035
-0.453059 0.001344 0.891479
0 0 0 0
0.285156 0.902832
-0.28125 2.737305 0.865723
-0.309922 0.001365 0.950761
0 0 0 0
0.356689 0.473389
-0.28125 1.567627 0.865723
-0.309922 0.001365 0.950761
0 0 0 0
0.356689 0.902832
-0.142334 2.737305 0.898926
-0.155736 0.001378 0.987798
0 0 0 0
0.427979 0.473389
-0.142334 1.567627 0.898926
-0.155736 0.001378 0.987798
0 0 0 0
0.427979 0.902832
0 2.737305 0.910156
0.001382 0.001382 0.999998
0 0 0 0
0.499512 0.473389
0 1.567627 0.910156
0.001382 0.001382 0.999998
0 0 0 0
0.499512 0.902832
0.142334 2.737305 0.898926
0.155736 0.001378 0.987798
0 0 0 0
0.570801 0.473389
0.142334 1.567627 0.898926
0.155736 0.001378 0.987798
0 0 0 0
0.570801 0.902832
0.28125 2.737305 0.865723
0.309922 0.001365 0.950761
0 0 0 0
0.642334 0.473389
0.28125 1.567627 0.865723
0.309922 0.001365 0.950761
0 0 0 0
0.642334 0.902832
0.413086 2.737305 0.811035
0.453059 0.001344 0.891479
0 0 0 0
0.713867 0.473389
0.413086 1.567627 0.811035
0.453059 0.001344 0.891479
0 0 0 0
0.713867 0.902832
0.534912 2.737305 0.736328
0.587706 0.001315 0.809074
0 0 0 0
0.785156 0.473389
0.534912 1.567627 0.736328
0.587706 0.001315 0.809074
0 0 0 0
0.785156 0.902832
0.643555 2.737305 0.643555
0.706425 0.001277 0.707786
0 0 0 0
0.856689 0.473389
0.643555 1.567627 0.643555
0.706425 0.001277 0.707786
0 0 0 0
0.856689 0.902832
0.736328 2.737305 0.534912
0.809193 0.001232 0.587541
0 0 0 0
0.928223 0.473389
0.736328 1.567627 0.534912
0.809193 0.001232 0.587541
0 0 0 0
0.928223 0.902832
0.811035 2.737305 0.413086
0.890328 0.001179 0.455317
0 0 0 0
0.999512 0.473389
0.811035 1.567627 0.413086
0.890328 0.001179 0.455317
0 0 0 0
0.999512 0.902832
0.865723 2.737305 0.28125
0.951387 0.001118 0.307996
0 0 0 0
1.071045 0.473389
0.865723 1.567627 0.28125
0.951387 0.001118 0.307996
0 0 0 0
1.071045 0.902832
0.898926 2.737305 0.142334
0.98575 0.001057 0.168212
0 0 0 0
1.142578 0.473389
0.898926 1.567627 0.142334
0.98575 0.001057 0.168212
0 0 0 0
1.142578 0.902832
0.911865 2.737305 0.010986
0.99963 0.000991 0.027182
0 0 0 0
1.208496 0.473389
0.911865 1.567627 0.010986
0.99963 0.000991 0.027182
0 0 0 0
1.208496 0.902832
0.905762 2.737305 -0.098877
0.995079 0.001025 -0.099077
0 0 0 0
1.263428 0.473389
0.905762 1.567627 -0.098877
0.995079 0.001025 -0.099077
0 0 0 0
1.263428 0.902832
0.892334 2.737305 -0.183838
0.987522 0.001052 -0.15748
0 0 0 0
1.306396 0.473389
0.892334 1.567627 -0.183838
0.987522 0.001052 -0.15748
0 0 0 0
1.306396 0.902832
0.883301 2.737305 -0.241211
0.969569 0.001091 -0.244816
0 0 0 0
1.335449 0.473389
0.883301 1.567627 -0.241211
0.969569 0.001091 -0.244816
0 0 0 0
1.335449 0.902832
0.861816 2.737305 -0.305908
0.922111 0.001151 -0.386924
0 0 0 0
1.369385 0.473389
0.861816 1.567627 -0.305908
0.922111 0.001151 -0.386924
0 0 0 0
1.369385 0.902832
0.811035 2.737305 -0.413086
0.876731 0.00119 -0.480979
0 0 0 0
1.428467 0.473389
0.811035 1.567627 -0.413086
0.876731 0.00119 -0.480979
0 0 0 0
1.428467 0.902832
0.736328 2.737305 -0.534912
0.809193 0.001232 -0.587541
0 0 0 0
1.5 0.473389
0.736328 1.567627 -0.534912
0.809193 0.001232 -0.587541
0 0 0 0
1.5 0.902832
0.643555 2.737305 -0.643555
0.706425 0.001277 -0.707786
0 0 0 0
1.571533 0.473389
0.643555 1.567627 -0.643555
0.706425 0.001277 -0.707786
0 0 0 0
1.571533 0.902832
0.534912 2.737305 -0.736328
0.587706 0.001315 -0.809074
0 0 0 0
1.642822 0.473389
0.534912 1.567627 -0.736328
0.587706 0.001315 -0.809074
0 0 0 0
1.642822 0.902832
0.413086 2.737305 -0.811035
0.453059 0.001344 -0.891479
0 0 0 0
1.714355 0.473389
0.413086 1.567627 -0.811035
0.453059 0.001344 -0.891479
0 0 0 0
1.714355 0.902832
0.28125 2.737305 -0.865723
0.309922 0.001365 -0.950761
0 0 0 0
1.785645 0.473389
0.28125 1.567627 -0.865723
0.309922 0.001365 -0.950761
0 0 0 0
1.785645 0.902832
0.142334 2.737305 -0.898926
0.155736 0.001378 -0.987798
0 0 0 0
1.857178 0.473389
0.142334 1.567627 -0.898926
0.155736 0.001378 -0.987798
0 0 0 0
1.857178 0.902832
0 2.737305 -0.910156
0.001382 0.001382 -0.999998
0 0 0 0
1.928711 0.473389
0 1.567627 -0.910156
0.001382 0.001382 -0.999998
0 0 0 0
1.928711 0.902832
-0.142334 1.567627 -0.898926
-0.155736 0.001378 -0.987798
0 0 0 0
-0.856445 0.473389
0 1.567627 -0.910156
0.001382 0.001382 -0.999998
0 0 0 0
-0.927979 0.473389
0 0.397949 -0.910156
-0.001382 -0.029028 -0.999578
0 0 0 0
-0.927979 0.902832
-0.142334 0.397949 -0.898926
-0.155716 -0.031694 -0.987293
0 0 0 0
-0.856445 0.902832
-0.28125 1.567627 -0.865723
-0.309922 0.001365 -0.950761
0 0 0 0
-0.785156 0.473389
-0.28125 0.397949 -0.865723
-0.309882 -0.031398 -0.950257
0 0 0 0
-0.785156 0.902832
-0.413086 1.567627 -0.811035
-0.453059 0.001344 -0.891479
0 0 0 0
-0.713867 0.473389
-0.413086 0.397949 -0.811035
-0.453009 -0.028229 -0.891059
0 0 0 0
-0.713867 0.902832
-0.534912 1.567627 -0.736328
-0.587706 0.001315 -0.809074
0 0 0 0
-0.642334 0.473389
-0.534912 0.397949 -0.736328
-0.587624 -0.030236 -0.808569
0 0 0 0
-0.642334 0.902832
-0.643555 1.567627 -0.643555
-0.706425 0.001277 -0.707786
0 0 0 0
-0.571045 0.473389
-0.643555 0.397949 -0.643555
-0.706302 -0.03193 -0.70719
0 0 0 0
-0.571045 0.902832
-0.736328 1.567627 -0.534912
-0.809193 0.001232 -0.587541
0 0 0 0
-0.499756 0.473389
-0.736328 0.397949 -0.534912
-0.809041 -0.030785 -0.586945
0 0 0 0
-0.499756 0.902832
-0.811035 1.567627 -0.413086
-0.890328 0.001179 -0.455318
0 0 0 0
-0.428223 0.473389
-0.811035 0.397949 -0.413086
-0.890146 -0.029475 -0.454721
0 0 0 0
-0.428223 0.902832
-0.865723 1.567627 -0.28125
-0.951387 0.001118 -0.307996
0 0 0 0
-0.356934 0.473389
-0.865723 0.397949 -0.28125
-0.951134 -0.030177 -0.307301
0 0 0 0
-0.356934 0.902832
-0.898926 1.567627 -0.142334
-0.987522 0.001052 -0.15748
0 0 0 0
-0.285645 0.473389
-0.898926 0.397949 -0.142334
-0.98713 -0.032589 -0.156562
0 0 0 0
-0.285645 0.902832
-0.910156 1.567627 0
-1 0.000978 -0.000001
0 0 0 0
-0.214355 0.473389
-0.910156 0.397949 0
-0.999541 -0.030289 0.000918
0 0 0 0
-0.214355 0.902832
-0.898926 1.567627 0.142334
-0.987522 0.001052 0.15748
0 0 0 0
-0.142822 0.473389
-0.898926 0.397949 0.142334
-0.987225 -0.028387 0.156784
0 0 0 0
-0.142822 0.902832
-0.865723 1.567627 0.28125
-0.951387 0.001118 0.307996
0 0 0 0
-0.071533 0.473389
-0.865723 0.397949 0.28125
-0.950077 -0.030214 0.310549
0 0 0 0
-0.071533 0.902832
-0.811035 1.567627 0.413086
-0.890328 0.001179 0.455318
0 0 0 0
-0.000244 0.473389
-0.811035 0.397949 0.413086
-0.890116 -0.031832 0.454622
0 0 0 0
-0.000244 0.902832
-0.736328 1.567627 0.534912
-0.809193 0.001232 0.587541
0 0 0 0
0.071045 0.473389
-0.736328 0.397949 0.534912
-0.809041 -0.030785 0.586945
0 0 0 0
0.071045 0.902832
-0.643555 1.567627 0.643555
-0.706425 0.001277 0.707786
0 0 0 0
0.142578 0.473389
-0.643555 0.397949 0.643555
-0.706321 -0.029377 0.707282
0 0 0 0
0.142578 0.902832
-0.534912 1.567627 0.736328
-0.587706 0.001315 0.809074
0 0 0 0
0.213867 0.473389
-0.534912 0.397949 0.736328
-0.587624 -0.030236 0.808569
0 0 0 0
0.213867 0.902832
-0.413086 1.567627 0.811035
-0.453059 0.001344 0.891479
0 0 0 0
0.285156 0.473389
-0.413086 0.397949 0.811035
-0.452999 -0.030917 0.890975
0 0 0 0
0.285156 0.902832
-0.28125 1.567627 0.865723
-0.309922 0.001365 0.950761
0 0 0 0
0.356689 0.473389
-0.28125 0.397949 0.865723
-0.309882 -0.031398 0.950257
0 0 0 0
0.356689 0.902832
-0.142334 1.567627 0.898926
-0.155736 0.001378 0.987798
0 0 0 0
0.427979 0.473389
-0.142334 0.397949 0.898926
-0.155719 -0.028939 0.987377
0 0 0 0
0.427979 0.902832
0 1.567627 0.910156
0.001382 0.001382 0.999998
0 0 0 0
0.499512 0.473389
0 0.397949 0.910156
0.001382 -0.029028 0.999578
0 0 0 0
0.499512 0.902832
0.142334 1.567627 0.898926
0.155736 0.001378 0.987798
0 0 0 0
0.570801 0.473389
0.142334 0.397949 0.898926
0.155716 -0.031694 0.987293
0 0 0 0
0.570801 0.902832
0.28125 1.567627 0.865723
0.309922 0.001365 0.950761
0 0 0 0
0.642334 0.473389
0.28125 0.397949 0.865723
0.309882 -0.031398 0.950257
0 0 0 0
0.642334 0.902832
0.413086 1.567627 0.811035
0.453059 0.001344 0.891479
0 0 0 0
0.713867 0.473389
0.413086 0.397949 0.811035
0.453009 -0.028229 0.891059
0 0 0 0
0.713867 0.902832
0.534912 1.567627 0.736328
0.587706 0.001315 0.809074
0 0 0 0
0.785156 0.473389
0.534912 0.397949 0.736328
0.587624 -0.030236 0.808569
0 0 0 0
0.785156 0.902832
0.643555 1.567627 0.643555
0.706425 0.001277 0.707786
0 0 0 0
0.856689 0.473389
0.643555 0.397949 0.643555
0.706302 -0.03193 0.70719
0 0 0 0
0.856689 0.902832
0.736328 1.567627 0.534912
0.809193 0.001232 0.587541
0 0 0 0
0.928223 0.473389
0.736328 0.397949 0.534912
0.809041 -0.030785 0.586945
0 0 0 0
0.928223 0.902832
0.811035 1.567627 0.413086
0.890328 0.001179 0.455317
0 0 0 0
0.999512 0.473389
0.811035 0.397949 0.413086
0.890146 -0.029475 0.454721
0 0 0 0
0.999512 0.902832
0.865723 1.567627 0.28125
0.951387 0.001118 0.307996
0 0 0 0
1.071045 0.473389
0.865723 0.397949 0.28125
0.951134 -0.030177 0.307301
0 0 0 0
1.071045 0.902832
0.898926 1.567627 0.142334
0.98575 0.001057 0.168212
0 0 0 0
1.142578 0.473389
0.898926 0.397949 0.142334
0.985363 -0.03274 0.167295
0 0 0 0
1.142578 0.902832
0.911865 1.567627 0.010986
0.99963 0.000991 0.027182
0 0 0 0
1.208496 0.473389
0.911865 0.397949 0.010986
0.999129 -0.028773 0.030232
0 0 0 0
1.208496 0.902832
0.905762 1.567627 -0.098877
0.995079 0.001025 -0.099077
0 0 0 0
1.263428 0.473389
0.905762 0.397949 -0.098877
0.994924 -0.019468 -0.098733
0 0 0 0
1.263428 0.902832
0.892334 1.567627 -0.183838
0.987522 0.001052 -0.15748
0 0 0 0
1.306396 0.473389
0.892334 0.397949 -0.183838
0.987489 -0.009465 -0.157403
0 0 0 0
1.306396 0.902832
0.883301 1.567627 -0.241211
0.969569 0.001091 -0.244816
0 0 0 0
1.335449 0.473389
0.883301 0.397949 -0.241211
0.969405 -0.022899 -0.244395
0 0 0 0
1.335449 0.902832
0.861816 1.567627 -0.305908
0.922111 0.001151 -0.386924
0 0 0 0
1.369385 0.473389
0.861816 0.397949 -0.305908
0.920592 -0.031109 -0.389286
0 0 0 0
1.369385 0.902832
0.811035 1.567627 -0.413086
0.876731 0.00119 -0.480979
0 0 0 0
1.428467 0.473389
0.811035 0.397949 -0.413086
0.876525 -0.032111 -0.480284
0 0 0 0
1.428467 0.902832
0.736328 1.567627 -0.534912
0.809193 0.001232 -0.587541
0 0 0 0
1.5 0.473389
0.736328 0.397949 -0.534912
0.809041 -0.030785 -0.586945
0 0 0 0
1.5 0.902832
0.643555 1.567627 -0.643555
0.706425 0.001277 -0.707786
0 0 0 0
1.571533 0.473389
0.643555 0.397949 -0.643555
0.706321 -0.029377 -0.707282
0 0 0 0
1.571533 0.902832
0.534912 1.567627 -0.736328
0.587706 0.001315 -0.809074
0 0 0 0
1.642822 0.473389
0.534912 0.397949 -0.736328
0.587624 -0.030236 -0.808569
0 0 0 0
1.642822 0.902832
0.413086 1.567627 -0.811035
0.453059 0.001344 -0.891479
0 0 0 0
1.714355 0.473389
0.413086 0.397949 -0.811035
0.452999 -0.030917 -0.890975
0 0 0 0
1.714355 0.902832
0.28125 1.567627 -0.865723
0.309922 0.001365 -0.950761
0 0 0 0
1.785645 0.473389
0.28125 0.397949 -0.865723
0.309882 -0.031398 -0.950257
0 0 0 0
1.785645 0.902832
0.142334 1.567627 -0.898926
0.155736 0.001378 -0.987798
0 0 0 0
1.857178 0.473389
0.142334 0.397949 -0.898926
0.15572 -0.028939 -0.987377
0 0 0 0
1.857178 0.902832
0 1.567627 -0.910156
0.001382 0.001382 -0.999998
0 0 0 0
1.928711 0.473389
0 0.397949 -0.910156
-0.001382 -0.029028 -0.999578
0 0 0 0
1.928711 0.902832
0.073486 0.140137 -0.487305
0.057033 0.949428 -0.308761
0 0 0 0
0.528809 0.550293
0.211426 0.145752 -0.414795
0.137527 0.953889 -0.266801
0 0 0 0
0.567383 0.570557
0.351074 0.140137 -0.345947
0.215496 0.9497 -0.227226
0 0 0 0
0.606689 0.589844
0.43457 0.139404 -0.221436
0.285701 0.947105 -0.146174
0 0 0 0
0.629883 0.624756
0.486328 0.140137 -0.080811
0.309991 0.949908 -0.039749
0 0 0 0
0.644287 0.664062
0.459717 0.145752 0.072754
0.297192 0.953616 0.047883
0 0 0 0
0.636963 0.707031
0.4375 0.140137 0.227051
0.282013 0.950103 0.133316
0 0 0 0
0.630859 0.750244
0.344971 0.139404 0.344971
0.226275 0.947321 0.226676
0 0 0 0
0.604736 0.783203
0.227051 0.140137 0.4375
0.134038 0.949345 0.284215
0 0 0 0
0.571777 0.809082
0.072754 0.145752 0.459717
0.04786 0.953852 0.296438
0 0 0 0
0.528809 0.815186
-0.080811 0.140137 0.486328
-0.041395 0.949855 0.309938
0 0 0 0
0.48584 0.822754
-0.221436 0.139404 0.43457
-0.145165 0.947448 0.285079
0 0 0 0
0.446289 0.808105
-0.176758 0.173096 0.346924
-0.120652 0.964127 0.236438
0 0 0 0
0.458984 0.783691
-0.10498 0.208008 0.206299
-0.083253 0.983231 0.16225
0 0 0 0
0.479004 0.744385
-0.194824 0.207031 0.099365
-0.163963 0.982762 0.085409
0 0 0 0
0.453857 0.714355
-0.228516 0.208008 -0.036133
-0.181512 0.982944 -0.029582
0 0 0 0
0.444336 0.676514
-0.154785 0.207031 -0.154785
-0.12999 0.982723 -0.131749
0 0 0 0
0.465088 0.643311
-0.232422 0.183838 -0.232422
-0.168034 0.971216 -0.168831
0 0 0 0
0.443359 0.621582
-0.141846 0.180176 -0.315918
-0.113238 0.969537 -0.217197
0 0 0 0
0.46875 0.598145
-0.060791 0.173096 -0.384521
-0.040659 0.963731 -0.263759
0 0 0 0
0.491211 0.579102
0.037354 0.180176 -0.344482
0.040277 0.969911 -0.240107
0 0 0 0
0.518799 0.590332
0.14917 0.183838 -0.292969
0.108651 0.971408 -0.211097
0 0 0 0
0.550049 0.604736
0.256836 0.180176 -0.232666
0.170613 0.969632 -0.17523
0 0 0 0
0.580078 0.621582
0.346924 0.173096 -0.176758
0.237078 0.963842 -0.121666
0 0 0 0
0.605469 0.637207
0.339111 0.180176 -0.071045
0.241683 0.969716 -0.035216
0 0 0 0
0.603271 0.666748
0.324707 0.183838 0.051514
0.236029 0.971004 0.037968
0 0 0 0
0.599121 0.700928
0.300537 0.180176 0.172363
0.217084 0.970188 0.107746
0 0 0 0
0.592529 0.734863
0.275146 0.173096 0.275146
0.188541 0.964009 0.187453
0 0 0 0
0.585449 0.763672
0.172363 0.180176 0.300537
0.10896 0.969851 0.217984
0 0 0 0
0.556641 0.770752
0.051514 0.183838 0.324707
0.038049 0.970804 0.236835
0 0 0 0
0.522705 0.777588
-0.071045 0.180176 0.339111
-0.035926 0.970015 0.240375
0 0 0 0
0.488525 0.781494
0.03418 0.207031 0.216064
0.028691 0.982932 0.18172
0 0 0 0
0.517822 0.74707
0.163574 0.208008 0.163574
0.129782 0.983229 0.128133
0 0 0 0
0.554199 0.732422
0.216064 0.207031 0.03418
0.181512 0.982944 0.029582
0 0 0 0
0.568848 0.696289
0.206299 0.208008 -0.10498
0.163684 0.983122 -0.081717
0 0 0 0
0.566162 0.657227
0.099365 0.207031 -0.194824
0.083381 0.982626 -0.165812
0 0 0 0
0.536133 0.63208
-0.036133 0.208008 -0.228516
-0.028691 0.982932 -0.18172
0 0 0 0
0.498291 0.622559
-0.016357 0.223389 -0.10376
-0.015396 0.994607 -0.10257
0 0 0 0
0.503662 0.657471
0.05835 0.223145 -0.114746
0.054522 0.99271 -0.107493
0 0 0 0
0.524658 0.654541
0.093506 0.223389 -0.047607
0.09098 0.994786 -0.046079
0 0 0 0
0.534424 0.67334
0.127197 0.223145 0.02002
0.121456 0.992387 0.020425
0 0 0 0
0.543945 0.692139
0.074219 0.223389 0.074219
0.073869 0.994696 0.07158
0 0 0 0
0.529053 0.70752
0.020264 0.223145 0.127197
0.019663 0.992474 0.120863
0 0 0 0
0.513916 0.722168
-0.047607 0.223389 0.093506
-0.045997 0.994563 0.093428
0 0 0 0
0.495117 0.712891
-0.114746 0.223145 0.05835
-0.109389 0.99253 0.054014
0 0 0 0
0.476318 0.702881
-0.10376 0.223389 -0.016357
-0.101539 0.994686 -0.017046
0 0 0 0
0.479248 0.682129
-0.091064 0.223145 -0.091064
-0.086538 0.992638 -0.084736
0 0 0 0
0.48291 0.661133
0 0.230469 0
0.000978 1 0.000001
0 0 0 0
0.508301 0.686523
-0.734863 0.033447 0.116455
-0.987522 -0.001052 0.15748
0 0 0 0
0.302734 0.719238
-0.743896 0.033447 0
-1 -0.000977 -0.000001
0 0 0 0
0.300049 0.686523
-0.743896 0 0
-1 -0.000977 -0.000001
0 0 0 0
0.300049 0.686523
-0.734863 0 0.116455
-0.987522 -0.001052 0.15748
0 0 0 0
0.302734 0.719238
-0.70752 0.033447 0.22998
-0.951387 -0.001118 0.307996
0 0 0 0
0.310303 0.750977
-0.70752 0 0.22998
-0.951387 -0.001118 0.307996
0 0 0 0
0.310303 0.750977
-0.662842 0.033447 0.337646
-0.890328 -0.001179 0.455318
0 0 0 0
0.322754 0.781006
-0.662842 0 0.337646
-0.890328 -0.001179 0.455318
0 0 0 0
0.322754 0.781006
-0.601807 0.033447 0.437256
-0.809193 0.001232 0.587541
0 0 0 0
0.339844 0.809082
-0.601807 0 0.437256
-0.809193 0.001232 0.587541
0 0 0 0
0.339844 0.809082
-0.526123 0.033447 0.526123
-0.706425 0.001277 0.707786
0 0 0 0
0.361084 0.83374
-0.526123 0 0.526123
-0.706425 0.001277 0.707786
0 0 0 0
0.361084 0.83374
-0.437256 0.033447 0.601807
-0.587706 0.001315 0.809074
0 0 0 0
0.385986 0.85498
-0.437256 0.033447 0.601807
-0.587706 0.001315 0.809074
0 0 0 0
0.385986 0.85498
-0.526123 0 0.526123
-0.706425 0.001277 0.707786
0 0 0 0
0.361084 0.83374
-0.437256 0 0.601807
-0.587706 0.001315 0.809074
0 0 0 0
0.385986 0.85498
-0.337646 0.033447 0.662842
-0.453059 0.001344 0.891479
0 0 0 0
0.413818 0.87207
0.22998 0 0.70752
0.309922 0.001365 0.950761
0 0 0 0
0.572754 0.884521
0.116455 0.033447 0.734863
0.155736 0.001378 0.987798
0 0 0 0
0.541016 0.892334
0.116455 0 0.734863
0.155736 0.001378 0.987798
0 0 0 0
0.541016 0.892334
0 0.033447 0.743896
0.001382 0.001382 0.999998
0 0 0 0
0.508301 0.894775
0 0 0.743896
0.001382 0.001382 0.999998
0 0 0 0
0.508301 0.894775
-0.116455 0 0.734863
-0.155736 0.001378 0.987798
0 0 0 0
0.47583 0.892334
-0.116455 0.033447 0.734863
-0.155736 0.001378 0.987798
0 0 0 0
0.47583 0.892334
-0.22998 0 0.70752
-0.309922 0.001365 0.950761
0 0 0 0
0.444092 0.884521
-0.22998 0.033447 0.70752
-0.309922 0.001365 0.950761
0 0 0 0
0.444092 0.884521
-0.337646 0 0.662842
-0.453059 0.001344 0.891479
0 0 0 0
0.413818 0.87207
-0.337646 0.033447 0.662842
-0.453059 0.001344 0.891479
0 0 0 0
0.413818 0.87207
-0.437256 0 0.601807
-0.587706 0.001315 0.809074
0 0 0 0
0.385986 0.85498
0.22998 0 0.70752
0.309922 0.001365 0.950761
0 0 0 0
0.572754 0.884521
0.22998 0.033447 0.70752
0.309922 0.001365 0.950761
0 0 0 0
0.572754 0.884521
0.116455 0.033447 0.734863
0.155736 0.001378 0.987798
0 0 0 0
0.541016 0.892334
0.337646 0 0.662842
0.453059 0.001344 0.891479
0 0 0 0
0.602783 0.87207
0.116455 0.033447 0.734863
0.155736 0.001378 0.987798
0 0 0 0
0.541016 0.892334
0 0 0.743896
0.001382 0.001382 0.999998
0 0 0 0
0.508301 0.894775
0.116455 0 0.734863
0.155736 0.001378 0.987798
0 0 0 0
0.541016 0.892334
0.526123 0.033447 0.526123
0.706425 0.001277 0.707786
0 0 0 0
0.655518 0.83374
0.437256 0.033447 0.601807
0.587706 0.001315 0.809074
0 0 0 0
0.630615 0.85498
0.437256 0 0.601807
0.587706 0.001315 0.809074
0 0 0 0
0.630615 0.85498
0.337646 0.033447 0.662842
0.453059 0.001344 0.891479
0 0 0 0
0.602783 0.87207
0.337646 0 0.662842
0.453059 0.001344 0.891479
0 0 0 0
0.602783 0.87207
0.22998 0.033447 0.70752
0.309922 0.001365 0.950761
0 0 0 0
0.572754 0.884521
0.601807 0.033447 0.437256
0.809193 0.001232 0.587541
0 0 0 0
0.676758 0.809082
0.526123 0 0.526123
0.706425 0.001277 0.707786
0 0 0 0
0.655518 0.83374
0.662842 0 0.337646
0.890328 0.001179 0.455317
0 0 0 0
0.693848 0.781006
0.662842 0.033447 0.337646
0.890328 0.001179 0.455317
0 0 0 0
0.693848 0.781006
0.601807 0 0.437256
0.809193 0.001232 0.587541
0 0 0 0
0.676758 0.809082
0.70752 0 0.22998
0.951387 0.001118 0.307996
0 0 0 0
0.706299 0.750977
0.70752 0.033447 0.22998
0.951387 0.001118 0.307996
0 0 0 0
0.706299 0.750977
0.734863 0 0.116455
0.987522 0.001052 0.15748
0 0 0 0
0.713867 0.719238
0.734863 0.033447 0.116455
0.987522 0.001052 0.15748
0 0 0 0
0.713867 0.719238
0.743896 0.033447 0
1 0.000978 -0.000001
0 0 0 0
0.716553 0.686523
0.734863 0.033447 -0.116455
0.987522 -0.001052 -0.15748
0 0 0 0
0.713867 0.654053
0.743896 0 0
1 0.000978 0.000001
0 0 0 0
0.716553 0.686523
0.70752 0.033447 -0.22998
0.951387 -0.001118 -0.307996
0 0 0 0
0.706299 0.622314
0.734863 0 -0.116455
0.987522 -0.001052 -0.15748
0 0 0 0
0.713867 0.654053
0.662842 0 -0.337646
0.890328 0.001179 -0.455317
0 0 0 0
0.693848 0.592041
0.662842 0.033447 -0.337646
0.890328 0.001179 -0.455317
0 0 0 0
0.693848 0.592041
0.70752 0 -0.22998
0.951387 -0.001118 -0.307996
0 0 0 0
0.706299 0.622314
0.601807 0 -0.437256
0.809193 -0.001232 -0.587541
0 0 0 0
0.676758 0.564209
0.601807 0.033447 -0.437256
0.809193 -0.001232 -0.587541
0 0 0 0
0.676758 0.564209
0.526123 0 -0.526123
0.706425 -0.001277 -0.707786
0 0 0 0
0.655518 0.539307
0.526123 0.033447 -0.526123
0.706425 -0.001277 -0.707786
0 0 0 0
0.655518 0.539307
0.437256 0.033447 -0.601807
0.587706 0.001315 -0.809074
0 0 0 0
0.630615 0.518311
0.337646 0.033447 -0.662842
0.453059 -0.001344 -0.891479
0 0 0 0
0.602783 0.501221
0.437256 0 -0.601807
0.587706 0.001315 -0.809074
0 0 0 0
0.630615 0.518311
0.22998 0 -0.70752
0.309922 -0.001365 -0.950761
0 0 0 0
0.572754 0.488525
0.22998 0.033447 -0.70752
0.309922 -0.001365 -0.950761
0 0 0 0
0.572754 0.488525
0.337646 0 -0.662842
0.453059 -0.001344 -0.891479
0 0 0 0
0.602783 0.501221
0.116455 0 -0.734863
0.155736 -0.001378 -0.987798
0 0 0 0
0.541016 0.480957
0.116455 0.033447 -0.734863
0.155736 -0.001378 -0.987798
0 0 0 0
0.541016 0.480957
0 0.033447 -0.743896
0.001382 0.001382 -0.999998
0 0 0 0
0.508301 0.478516
-0.116455 0.033447 -0.734863
-0.155736 0.001378 -0.987798
0 0 0 0
0.47583 0.480957
0 0 -0.743896
0.001382 0.001382 -0.999998
0 0 0 0
0.508301 0.478516
-0.116455 0 -0.734863
-0.155736 0.001378 -0.987798
0 0 0 0
0.47583 0.480957
-0.22998 0.033447 -0.70752
-0.309922 0.001365 -0.950761
0 0 0 0
0.444092 0.488525
-0.22998 0 -0.70752
-0.309922 0.001365 -0.950761
0 0 0 0
0.444092 0.488525
-0.337646 0.033447 -0.662842
-0.453059 0.001344 -0.891479
0 0 0 0
0.413818 0.501221
-0.337646 0 -0.662842
-0.453059 0.001344 -0.891479
0 0 0 0
0.413818 0.501221
-0.437256 0.033447 -0.601807
-0.587706 0.001315 -0.809074
0 0 0 0
0.385986 0.518311
0.437256 0.033447 0.601807
0.587706 0.001315 0.809074
0 0 0 0
0.630615 0.85498
0.337646 0 0.662842
0.453059 0.001344 0.891479
0 0 0 0
0.602783 0.87207
0.437256 0 0.601807
0.587706 0.001315 0.809074
0 0 0 0
0.630615 0.85498
0.526123 0.033447 0.526123
0.706425 0.001277 0.707786
0 0 0 0
0.655518 0.83374
0.526123 0 0.526123
0.706425 0.001277 0.707786
0 0 0 0
0.655518 0.83374
0.601807 0.033447 0.437256
0.809193 0.001232 0.587541
0 0 0 0
0.676758 0.809082
0.601807 0 0.437256
0.809193 0.001232 0.587541
0 0 0 0
0.676758 0.809082
0.743896 0.033447 0
1 0.000978 -0.000001
0 0 0 0
0.716553 0.686523
0.734863 0 0.116455
0.987522 0.001052 0.15748
0 0 0 0
0.713867 0.719238
0.743896 0 0
1 0.000978 0.000001
0 0 0 0
0.716553 0.686523
0.734863 0.033447 -0.116455
0.987522 -0.001052 -0.15748
0 0 0 0
0.713867 0.654053
0.743896 0 0
1 0.000978 0.000001
0 0 0 0
0.716553 0.686523
0.734863 0 -0.116455
0.987522 -0.001052 -0.15748
0 0 0 0
0.713867 0.654053
0.70752 0.033447 -0.22998
0.951387 -0.001118 -0.307996
0 0 0 0
0.706299 0.622314
0.70752 0 -0.22998
0.951387 -0.001118 -0.307996
0 0 0 0
0.706299 0.622314
0.437256 0.033447 -0.601807
0.587706 0.001315 -0.809074
0 0 0 0
0.630615 0.518311
0.526123 0 -0.526123
0.706425 -0.001277 -0.707786
0 0 0 0
0.655518 0.539307
0.437256 0 -0.601807
0.587706 0.001315 -0.809074
0 0 0 0
0.630615 0.518311
0.337646 0.033447 -0.662842
0.453059 -0.001344 -0.891479
0 0 0 0
0.602783 0.501221
0.337646 0 -0.662842
0.453059 -0.001344 -0.891479
0 0 0 0
0.602783 0.501221
0 0.033447 -0.743896
0.001382 0.001382 -0.999998
0 0 0 0
0.508301 0.478516
0.116455 0 -0.734863
0.155736 -0.001378 -0.987798
0 0 0 0
0.541016 0.480957
0 0 -0.743896
0.001382 0.001382 -0.999998
0 0 0 0
0.508301 0.478516
-0.437256 0.033447 -0.601807
-0.587706 0.001315 -0.809074
0 0 0 0
0.385986 0.518311
-0.337646 0 -0.662842
-0.453059 0.001344 -0.891479
0 0 0 0
0.413818 0.501221
-0.437256 0 -0.601807
-0.587706 0.001315 -0.809074
0 0 0 0
0.385986 0.518311
-0.526123 0.033447 -0.526123
-0.706425 0.001277 -0.707786
0 0 0 0
0.361084 0.539307
-0.601807 0 -0.437256
-0.809193 0.001232 -0.587541
0 0 0 0
0.339844 0.564209
-0.601807 0.033447 -0.437256
-0.809193 0.001232 -0.587541
0 0 0 0
0.339844 0.564209
-0.526123 0.033447 -0.526123
-0.706425 0.001277 -0.707786
0 0 0 0
0.361084 0.539307
-0.662842 0 -0.337646
-0.890328 -0.001179 -0.455318
0 0 0 0
0.322754 0.592041
-0.662842 0.033447 -0.337646
-0.890328 -0.001179 -0.455318
0 0 0 0
0.322754 0.592041
-0.662842 0 -0.337646
-0.890328 -0.001179 -0.455318
0 0 0 0
0.322754 0.592041
-0.601807 0.033447 -0.437256
-0.809193 0.001232 -0.587541
0 0 0 0
0.339844 0.564209
-0.601807 0 -0.437256
-0.809193 0.001232 -0.587541
0 0 0 0
0.339844 0.564209
-0.526123 0.033447 -0.526123
-0.706425 0.001277 -0.707786
0 0 0 0
0.361084 0.539307
-0.526123 0 -0.526123
-0.706425 0.001277 -0.707786
0 0 0 0
0.361084 0.539307
-0.437256 0 -0.601807
-0.587706 0.001315 -0.809074
0 0 0 0
0.385986 0.518311
-0.70752 0.033447 -0.22998
-0.951387 -0.001118 -0.307996
0 0 0 0
0.310303 0.622314
-0.662842 0.033447 -0.337646
-0.890328 -0.001179 -0.455318
0 0 0 0
0.322754 0.592041
-0.70752 0 -0.22998
-0.951387 -0.001118 -0.307996
0 0 0 0
0.310303 0.622314
-0.734863 0.033447 -0.116455
-0.987522 -0.001052 -0.15748
0 0 0 0
0.302734 0.654053
-0.743896 0 0
-1 -0.000977 -0.000001
0 0 0 0
0.300049 0.686523
-0.743896 0.033447 0
-1 -0.000977 -0.000001
0 0 0 0
0.300049 0.686523
-0.734863 0.033447 -0.116455
-0.987522 -0.001052 -0.15748
0 0 0 0
0.302734 0.654053
-0.743896 0 0
-1 -0.000977 -0.000001
0 0 0 0
0.300049 0.686523
-0.734863 0.033447 -0.116455
-0.987522 -0.001052 -0.15748
0 0 0 0
0.302734 0.654053
-0.734863 0 -0.116455
-0.987522 -0.001052 -0.15748
0 0 0 0
0.302734 0.654053
-0.70752 0 -0.22998
-0.951387 -0.001118 -0.307996
0 0 0 0
0.310303 0.622314
0.017822 5.710449 -0.034912
0.453059 0.001344 -0.891479
0 0 0 0
1.345215 0.091064
-0.006348 5.710449 -0.039551
-0.155736 0.001378 -0.987798
0 0 0 0
1.547119 0.091064
-0.006348 5.843994 -0.039551
-0.155736 0.001378 -0.987798
0 0 0 0
1.547119 0.03418
0.017822 5.843994 -0.034912
0.453059 0.001344 -0.891479
0 0 0 0
1.345215 0.03418
0.035645 5.843994 -0.018066
0.890328 0.001179 -0.455317
0 0 0 0
1.145264 0.03418
0.035645 5.710449 -0.018066
0.890328 0.001179 -0.455317
0 0 0 0
1.145264 0.091064
0.038574 5.710449 0.006104
0.987522 0.001052 0.15748
0 0 0 0
0.947021 0.091064
0.038574 5.843994 0.006104
0.987522 0.001052 0.15748
0 0 0 0
0.947021 0.03418
0.02832 5.710449 0.02832
0.706425 0.001277 0.707786
0 0 0 0
0.75 0.091064
0.02832 5.843994 0.02832
0.706425 0.001277 0.707786
0 0 0 0
0.75 0.03418
0.006104 5.710449 0.038574
0.155736 0.001378 0.987798
0 0 0 0
0.552979 0.091064
0.006104 5.843994 0.038574
0.155736 0.001378 0.987798
0 0 0 0
0.552979 0.03418
-0.018066 5.710449 0.035645
-0.453059 0.001344 0.891479
0 0 0 0
0.354736 0.091064
-0.018066 5.843994 0.035645
-0.453059 0.001344 0.891479
0 0 0 0
0.354736 0.03418
-0.034912 5.710449 0.017822
-0.890328 0.001179 0.455318
0 0 0 0
0.154785 0.091064
-0.034912 5.843994 0.017822
-0.890328 0.001179 0.455318
0 0 0 0
0.154785 0.03418
-0.039551 5.710449 -0.006348
-0.987522 0.001052 -0.15748
0 0 0 0
-0.047119 0.091064
-0.039551 5.843994 -0.006348
-0.987522 0.001052 -0.15748
0 0 0 0
-0.047119 0.03418
-0.027588 5.710449 -0.027588
-0.706425 0.001277 -0.707786
0 0 0 0
-0.25 0.091064
-0.027588 5.843994 -0.027588
-0.706425 0.001277 -0.707786
0 0 0 0
-0.25 0.03418
-0.006348 5.843994 -0.039551
-0.155736 0.001378 -0.987798
0 0 0 0
-0.452881 0.03418
-0.006348 5.710449 -0.039551
-0.155736 0.001378 -0.987798
0 0 0 0
-0.452881 0.091064
0.830811 0.367676 -0.283203
0.419128 -0.89025 -0.178287
0 0 0 0
0.697998 0.621826
0.861816 0.397949 -0.305908
0.920592 -0.031109 -0.389286
0 0 0 0
0.705078 0.616699
0.883301 0.397949 -0.241211
0.969405 -0.022899 -0.244395
0 0 0 0
0.710205 0.631592
0.773193 0.365723 -0.394043
0.406543 -0.887493 -0.216975
0 0 0 0
0.685059 0.59668
0.811035 0.397949 -0.413086
0.876525 -0.032111 -0.480284
0 0 0 0
0.693604 0.592285
0.736328 0.397949 -0.534912
0.809041 -0.030785 -0.586945
0 0 0 0
0.676514 0.564453
0.702393 0.366943 -0.518311
0.398869 -0.873977 -0.27761
0 0 0 0
0.668701 0.568115
0.867676 0.373779 -0.217041
0.468199 -0.87279 -0.137941
0 0 0 0
0.706543 0.636963
0.820557 0.343994 -0.144043
0.378913 -0.923664 -0.057179
0 0 0 0
0.695801 0.653809
1748
2 1 0
2 0 3
4 2 3
4 3 5
3 6 5
5 6 7
6 8 7
7 8 9
10 7 9
10 9 11
12 10 11
12 11 13
11 14 13
13 14 15
14 16 15
15 16 17
18 15 17
18 17 19
20 18 19
20 19 21
19 22 21
21 22 23
22 24 23
23 24 25
26 23 25
26 25 27
28 26 27
28 27 29
27 30 29
29 30 31
30 32 31
31 32 33
34 31 33
34 33 35
36 34 35
36 35 37
35 38 37
37 38 39
38 40 39
39 40 41
42 39 41
42 41 43
44 42 43
44 43 45
43 46 45
45 46 47
46 48 47
47 48 49
50 47 49
50 49 51
52 50 51
52 51 53
51 54 53
53 54 55
54 56 55
55 56 57
58 55 57
58 57 59
60 58 59
60 59 61
59 62 61
61 62 63
62 64 63
63 64 65
66 63 65
66 65 67
68 66 67
68 67 69
67 70 69
69 70 71
70 72 71
71 72 73
74 71 73
74 73 75
76 74 75
76 75 77
75 78 77
77 78 79
78 80 79
79 80 81
80 82 81
81 82 83
1 81 83
1 83 0
0 83 84
84 85 0
85 3 0
85 86 3
86 6 3
86 87 6
87 8 6
8 87 9
87 88 9
9 88 11
88 89 11
89 90 11
90 14 11
90 91 14
91 16 14
16 91 17
91 92 17
17 92 19
92 93 19
93 94 19
94 22 19
94 95 22
95 24 22
24 95 25
95 96 25
25 96 27
96 97 27
97 98 27
98 30 27
98 99 30
99 32 30
32 99 33
99 100 33
33 100 35
100 101 35
101 102 35
102 38 35
102 103 38
103 40 38
40 103 41
103 104 41
41 104 43
104 105 43
105 106 43
106 46 43
106 107 46
107 48 46
48 107 49
107 108 49
49 108 51
108 109 51
109 110 51
110 54 51
110 111 54
111 56 54
56 111 57
111 112 57
57 112 59
112 113 59
113 114 59
114 62 59
114 115 62
115 64 62
64 115 65
115 116 65
65 116 67
116 117 67
117 118 67
118 70 67
118 119 70
119 72 70
72 119 73
119 120 73
73 120 75
120 121 75
75 121 78
121 122 78
80 78 122
123 80 122
82 80 123
83 82 123
83 123 84
84 123 122
124 84 122
125 124 122
121 125 122
125 121 120
126 125 120
118 126 120
119 118 120
127 126 118
117 127 118
127 117 116
128 127 116
114 128 116
115 114 116
129 128 114
113 129 114
129 113 112
130 129 112
110 130 112
111 110 112
131 130 110
109 131 110
131 109 108
132 131 108
106 132 108
107 106 108
133 132 106
105 133 106
133 105 104
134 133 104
102 134 104
103 102 104
135 134 102
101 135 102
135 101 100
136 135 100
98 136 100
99 98 100
137 136 98
97 137 98
137 97 96
138 137 96
94 138 96
95 94 96
139 138 94
93 139 94
139 93 92
140 139 92
90 140 92
91 90 92
141 140 90
89 141 90
141 89 88
142 141 88
86 142 88
87 86 88
142 86 143
86 85 143
143 85 84
124 143 84
144 143 124
143 144 142
144 145 142
142 145 141
145 146 141
146 147 141
147 140 141
147 148 140
148 139 140
139 148 138
148 149 138
138 149 137
149 150 137
150 151 137
151 136 137
151 152 136
152 135 136
135 152 134
152 153 134
134 153 133
153 154 133
154 155 133
155 132 133
155 156 132
156 131 132
131 156 130
156 157 130
130 157 129
157 158 129
158 159 129
162 161 160
163 162 160
163 160 164
165 164 160
165 166 164
166 167 164
168 164 167
168 163 164
169 168 167
170 169 167
171 170 167
172 170 171
173 172 171
174 173 171
175 174 171
175 171 167
166 175 167
175 166 176
176 166 165
177 176 165
178 177 165
179 177 178
180 179 178
179 180 181
182 179 181
183 182 181
184 183 181
183 184 185
184 186 185
186 187 185
187 188 185
185 188 189
183 185 189
190 183 189
190 189 191
189 192 191
193 191 192
194 193 192
195 194 192
196 195 192
196 192 189
197 196 189
188 197 189
194 195 198
193 194 198
199 193 198
193 199 191
199 200 191
200 201 191
201 190 191
183 190 201
182 183 201
202 182 201
203 202 201
203 201 204
201 200 204
205 204 200
206 205 200
200 199 206
199 207 206
206 207 208
207 209 208
207 199 209
199 198 209
198 210 209
195 210 198
210 211 209
211 212 209
212 213 209
209 213 208
214 208 213
215 214 213
216 215 213
212 216 213
215 216 217
214 215 217
218 214 217
214 218 208
218 219 208
219 206 208
205 206 219
220 205 219
220 219 221
219 218 221
218 222 221
221 222 223
222 224 223
222 218 224
218 217 224
217 225 224
216 225 217
225 226 224
226 227 224
227 228 224
224 228 223
229 223 228
230 229 228
231 230 228
227 231 228
230 231 232
229 230 232
233 229 232
229 233 223
233 234 223
234 221 223
221 234 235
236 221 235
236 220 221
220 236 237
237 236 235
238 237 235
235 239 238
239 235 234
240 239 234
234 233 240
233 241 240
240 241 242
241 243 242
241 233 243
233 232 243
232 244 243
231 244 232
244 245 243
245 246 243
246 247 243
243 247 242
248 242 247
249 248 247
250 249 247
246 250 247
249 250 251
248 249 251
252 248 251
248 252 242
252 253 242
253 240 242
239 240 253
254 239 253
239 254 238
238 254 255
254 256 255
255 256 257
256 258 257
256 254 258
254 253 258
253 252 258
252 259 258
258 259 260
259 261 260
259 252 261
252 251 261
251 262 261
250 262 251
262 263 261
263 264 261
264 265 261
261 265 260
266 260 265
267 266 265
268 267 265
264 268 265
267 268 269
266 267 269
270 266 269
266 270 260
270 271 260
271 258 260
258 271 257
272 257 271
273 272 271
271 270 273
270 274 273
273 274 275
274 276 275
274 270 276
270 269 276
269 277 276
268 277 269
277 278 276
278 279 276
279 280 276
276 280 275
281 275 280
282 281 280
283 282 280
279 283 280
282 283 284
281 282 284
285 281 284
281 285 275
285 286 275
286 273 275
272 273 286
287 272 286
287 286 288
286 285 288
285 289 288
288 289 290
289 291 290
289 285 291
285 284 291
284 292 291
283 292 284
292 293 291
293 294 291
294 295 291
291 295 290
296 290 295
297 296 295
298 297 295
294 298 295
297 298 299
296 297 299
300 296 299
296 300 290
300 301 290
301 288 290
288 301 302
303 288 302
303 287 288
287 303 304
304 303 302
305 304 302
302 306 305
306 302 301
307 306 301
301 300 307
300 308 307
307 308 309
308 310 309
308 300 310
300 299 310
299 311 310
298 311 299
311 312 310
312 313 310
313 314 310
310 314 309
174 309 314
173 174 314
172 173 314
313 172 314
174 175 309
175 315 309
315 307 309
306 307 315
316 306 315
306 316 305
305 316 317
316 318 317
317 318 319
318 176 319
176 177 319
320 319 177
179 320 177
320 179 182
159 128 129
159 321 128
321 127 128
127 321 126
321 322 126
126 322 125
322 323 125
323 324 125
324 124 125
324 144 124
144 324 325
145 144 325
325 326 145
326 146 145
146 326 147
326 327 147
148 147 327
149 148 327
327 328 149
328 150 149
150 328 151
328 329 151
152 151 329
153 152 329
329 330 153
330 154 153
154 330 155
330 331 155
156 155 331
157 156 331
331 332 157
332 158 157
158 332 159
332 333 159
321 159 333
322 321 333
333 334 322
334 323 322
323 334 324
334 325 324
334 335 325
335 334 333
336 335 333
337 336 333
332 337 333
337 332 331
338 337 331
337 338 336
338 339 336
336 339 340
335 336 340
335 340 325
340 341 325
341 326 325
326 341 327
341 342 327
341 340 342
340 339 342
342 339 343
343 339 338
344 343 338
344 338 331
330 344 331
344 330 329
343 344 329
345 343 329
328 345 329
345 328 327
342 345 327
345 342 343
348 347 346
347 349 346
346 349 350
349 351 350
350 351 352
351 353 352
352 353 354
353 355 354
354 355 356
355 357 356
356 357 358
357 359 358
358 359 360
359 361 360
360 361 362
361 363 362
362 363 364
363 365 364
364 365 366
365 367 366
366 367 368
367 369 368
368 369 370
369 371 370
370 371 372
371 373 372
372 373 374
373 375 374
374 375 376
375 377 376
376 377 378
377 379 378
378 379 380
379 381 380
380 381 382
381 383 382
382 383 384
383 385 384
384 385 386
385 387 386
386 387 388
387 389 388
388 389 390
389 391 390
390 391 392
391 393 392
392 393 394
393 395 394
394 395 396
395 397 396
396 397 398
397 399 398
398 399 400
399 401 400
400 401 402
401 403 402
402 403 404
403 405 404
404 405 406
405 407 406
406 407 408
407 409 408
408 409 410
409 411 410
410 411 412
411 413 412
412 413 414
413 415 414
414 415 416
415 417 416
416 417 418
417 419 418
418 419 420
419 421 420
420 421 422
421 423 422
422 423 424
423 425 424
424 425 426
425 427 426
426 427 428
427 429 428
428 429 430
429 431 430
434 433 432
435 434 432
435 432 436
432 437 436
436 437 438
437 439 438
438 439 440
439 441 440
440 441 442
441 443 442
442 443 444
443 445 444
444 445 446
447 444 446
447 446 448
449 447 448
449 448 450
451 449 450
451 450 452
453 451 452
453 452 454
455 453 454
455 454 456
454 457 456
456 457 458
457 459 458
458 459 460
459 461 460
460 461 462
461 463 462
462 463 464
463 465 464
464 465 466
467 464 466
467 466 468
469 467 468
469 468 470
471 469 470
471 470 433
434 471 433
472 471 434
435 472 434
472 435 436
438 472 436
473 472 438
440 473 438
473 440 474
440 442 474
474 442 475
442 444 475
444 447 475
447 476 475
447 449 476
449 477 476
449 451 477
451 478 477
451 453 478
453 455 478
478 455 456
458 478 456
477 478 458
460 477 458
476 477 460
462 476 460
475 476 462
464 475 462
475 464 467
474 475 467
474 467 469
473 474 469
473 469 471
472 473 471
481 480 479
480 482 479
479 482 483
484 479 483
484 483 485
486 484 485
486 485 487
485 488 487
487 488 489
488 490 489
489 490 491
492 489 491
492 491 493
494 492 493
494 493 495
493 496 495
495 496 497
496 498 497
497 498 499
500 497 499
500 499 501
502 500 501
502 501 503
501 504 503
503 504 505
504 506 505
505 506 507
508 505 507
508 507 509
510 508 509
202 320 182
320 202 511
319 320 511
511 317 319
512 317 511
317 512 305
512 513 305
513 514 305
514 304 305
304 514 515
515 287 304
272 287 515
257 272 515
515 255 257
516 255 515
255 516 238
516 517 238
517 518 238
518 237 238
237 518 519
519 220 237
205 220 519
204 205 519
519 520 204
520 203 204
202 203 520
511 202 520
520 521 511
521 520 519
522 521 519
518 522 519
518 517 522
517 523 522
522 523 524
521 522 524
521 524 511
524 512 511
512 524 513
524 523 513
513 523 525
525 523 517
516 525 517
525 516 515
514 525 515
514 513 525
315 175 176
316 315 176
318 316 176
528 527 526
529 528 526
529 526 530
531 529 530
531 530 532
533 531 532
533 532 534
535 533 534
535 534 536
537 535 536
537 536 538
539 537 538
539 538 540
541 539 540
541 540 542
543 541 542
543 542 544
545 543 544
545 544 546
547 545 546
547 546 548
549 547 548
550 549 548
551 550 548
550 551 552
551 553 552
552 553 554
553 555 554
554 555 556
557 554 556
557 556 558
559 557 558
559 558 560
561 559 560
561 560 562
563 561 562
563 562 564
565 563 564
565 564 566
567 565 566
567 566 568
569 567 568
569 568 570
571 569 570
571 570 572
573 571 572
573 572 574
575 573 574
575 574 576
577 575 576
577 576 578
579 577 578
579 578 580
581 579 580
581 580 582
580 583 582
582 583 584
583 585 584
584 585 586
587 584 586
587 586 588
589 587 588
589 588 590
591 589 590
591 590 592
593 591 592
593 592 594
595 593 594
595 594 596
597 595 596
597 596 598
599 597 598
599 598 600
601 599 600
601 600 602
603 601 602
603 602 604
605 603 604
605 604 606
607 605 606
607 606 608
609 607 608
609 608 610
611 609 610
614 613 612
615 614 612
615 612 616
617 615 616
617 616 618
619 617 618
619 618 620
621 619 620
621 620 622
623 621 622
623 622 624
625 623 624
625 624 626
627 625 626
627 626 628
629 627 628
629 628 630
631 629 630
631 630 632
633 631 632
633 632 634
635 633 634
636 635 634
637 636 634
636 637 638
639 636 638
639 638 640
641 639 640
641 640 642
643 641 642
643 642 644
645 643 644
645 644 646
647 645 646
647 646 648
649 647 648
649 648 650
651 649 650
651 650 652
653 651 652
653 652 654
655 653 654
655 654 656
657 655 656
657 656 658
659 657 658
659 658 660
661 659 660
661 660 662
663 661 662
663 662 664
665 663 664
665 664 666
667 665 666
667 666 668
669 667 668
669 668 670
671 669 670
671 670 672
673 671 672
673 672 674
675 673 674
675 674 676
677 675 676
677 676 678
679 677 678
679 678 680
681 679 680
681 680 682
683 681 682
683 682 684
685 683 684
685 684 686
687 685 686
687 686 688
689 687 688
689 688 690
691 689 690
691 690 692
693 691 692
693 692 694
695 693 694
695 694 696
697 695 696
700 699 698
701 700 698
701 698 702
703 701 702
703 702 704
705 703 704
705 704 706
707 705 706
707 706 708
709 707 708
709 708 710
711 709 710
711 710 712
713 711 712
713 712 714
715 713 714
715 714 716
717 715 716
717 716 718
719 717 718
719 718 720
721 719 720
721 720 722
723 721 722
723 722 724
725 723 724
725 724 726
727 725 726
727 726 728
729 727 728
729 728 730
731 729 730
731 730 732
733 731 732
733 732 734
735 733 734
735 734 736
737 735 736
737 736 738
739 737 738
510 509 740
509 741 740
740 741 742
741 743 742
742 743 744
745 742 744
745 744 746
747 745 746
747 746 481
746 480 481
480 746 748
748 746 744
749 748 744
750 749 744
743 750 744
750 743 741
751 750 741
752 751 741
509 752 741
752 509 507
753 752 507
754 753 507
506 754 507
754 506 504
755 754 504
756 755 504
501 756 504
756 501 499
757 756 499
758 757 499
498 758 499
758 498 496
759 758 496
760 759 496
493 760 496
760 493 491
761 760 491
762 761 491
490 762 491
762 490 488
763 762 488
764 763 488
485 764 488
764 485 483
765 764 483
766 765 483
482 766 483
766 482 480
767 766 480
767 480 748
767 748 768
768 748 749
769 768 749
749 750 769
750 751 769
770 769 751
752 770 751
770 752 753
771 770 753
753 754 771
754 755 771
772 771 755
756 772 755
772 756 757
773 772 757
757 758 773
758 759 773
774 773 759
760 774 759
774 760 761
775 774 761
761 762 775
762 763 775
776 775 763
764 776 763
776 764 765
777 776 765
765 766 777
766 767 777
777 767 768
778 777 768
776 777 778
779 776 778
779 778 780
779 780 776
780 775 776
774 775 780
781 774 780
781 780 782
781 782 774
782 773 774
772 773 782
783 772 782
783 782 784
783 784 772
784 771 772
770 771 784
785 770 784
785 784 786
785 786 770
786 769 770
768 769 786
787 768 786
787 778 768
787 786 778
786 788 778
778 788 780
780 788 782
782 788 784
784 788 786
791 790 789
794 793 792
795 794 792
798 797 796
801 800 799
802 801 799
805 804 803
804 806 803
807 806 804
808 807 804
811 810 809
813 812 811
816 815 814
819 818 817
822 821 820
825 824 823
828 827 826
829 828 826
829 830 828
830 832 831
833 832 830
836 835 834
839 838 837
842 841 840
845 844 843
848 847 846
851 850 849
852 851 849
855 854 853
856 855 853
856 857 855
860 859 858
863 862 861
866 865 864
869 868 867
872 871 870
874 873 871
877 876 875
880 879 878
883 882 881
886 885 884
885 887 884
884 887 888
889 884 888
889 888 890
891 889 890
891 890 892
890 893 892
892 893 894
893 895 894
894 895 896
897 894 896
897 896 898
899 897 898
899 898 900
898 901 900
900 901 902
901 903 902
902 903 904
905 902 904
905 904 906
907 905 906
907 906 908
906 909 908
908 909 910
909 911 910
910 911 912
913 910 912
913 912 914
915 913 914
915 914 916
914 917 916
916 917 918
917 919 918
918 919 920
921 918 920
921 920 922
923 921 922
923 922 924
922 925 924
924 925 926
925 927 926
926 927 928
929 926 928
929 928 930
931 929 930
931 930 932
930 933 932
932 933 934
933 935 934
934 935 936
937 934 936
937 936 938
939 937 938
939 938 940
938 941 940
940 941 942
941 943 942
942 943 944
945 942 944
945 944 946
947 945 946
947 946 948
946 949 948
948 949 950
949 951 950
950 951 952
953 950 952
953 952 954
955 953 954
955 954 956
954 957 956
956 957 958
957 959 958
958 959 960
961 958 960
961 960 962
963 961 962
963 962 886
962 885 886
962 960 885
960 964 885
964 965 885
965 887 885
888 887 965
966 888 965
967 966 965
968 967 965
969 968 965
964 969 965
970 969 964
971 970 964
971 964 960
959 971 960
971 959 957
972 971 957
970 971 972
973 970 972
973 972 974
974 972 952
951 974 952
974 951 949
975 974 949
944 975 949
946 944 949
976 975 944
739 738 977
978 739 977
978 977 979
980 978 979
980 979 981
982 980 981
982 981 983
984 982 983
984 983 985
986 984 985
986 985 987
988 986 987
988 987 989
990 988 989
990 989 991
992 990 991
992 991 993
994 992 993
994 993 995
996 994 995
996 995 997
998 996 997
998 997 999
1000 998 999
1000 999 1001
1002 1000 1001
1002 1001 1003
1004 1002 1003
1004 1003 1005
1006 1004 1005
1006 1005 1007
1008 1006 1007
1008 1007 1009
1010 1008 1009
1010 1009 1011
1012 1010 1011
1012 1011 1013
1014 1012 1013
1014 1013 1015
1016 1014 1015
1016 1015 1017
1018 1016 1017
1018 1017 1019
1020 1018 1019
1023 1022 1021
1024 1023 1021
1024 1021 1025
1026 1024 1025
1026 1025 1027
1028 1026 1027
1028 1027 1029
1030 1028 1029
1030 1029 1031
1032 1030 1031
1032 1031 1033
1034 1032 1033
1034 1033 1035
1036 1034 1035
1036 1035 1037
1038 1036 1037
1038 1037 1039
1040 1038 1039
1040 1039 1041
1042 1040 1041
1042 1041 1043
1044 1042 1043
1044 1043 1045
1046 1044 1045
1046 1045 1047
1048 1046 1047
1048 1047 1049
1050 1048 1049
1050 1049 1051
1052 1050 1051
1052 1051 1053
1054 1052 1053
1054 1053 1055
1056 1054 1055
1056 1055 1057
1058 1056 1057
1058 1057 1059
1060 1058 1059
1060 1059 1061
1062 1060 1061
1062 1061 1063
1064 1062 1063
1064 1063 1065
1066 1064 1065
1066 1065 1067
1068 1066 1067
1068 1067 1069
1070 1068 1069
1070 1069 1071
1072 1070 1071
1072 1071 1073
1074 1072 1073
1074 1073 1075
1076 1074 1075
1076 1075 1077
1078 1076 1077
1078 1077 1079
1080 1078 1079
1080 1079 1081
1082 1080 1081
1082 1081 1083
1084 1082 1083
1084 1083 1085
1086 1084 1085
1086 1085 1087
1088 1086 1087
1088 1087 1089
1090 1088 1089
1090 1089 1091
1092 1090 1091
1092 1091 1093
1094 1092 1093
1094 1093 1095
1096 1094 1095
1096 1095 1097
1098 1096 1097
1098 1097 1099
1100 1098 1099
1100 1099 1101
1102 1100 1101
1102 1101 1103
1104 1102 1103
1104 1103 1105
1106 1104 1105
1109 1108 1107
1110 1109 1107
1110 1107 1111
1112 1110 1111
1112 1111 1113
1114 1112 1113
1114 1113 1115
1116 1114 1115
1116 1115 1117
1118 1116 1117
1118 1117 1119
1120 1118 1119
1120 1119 1121
1122 1120 1121
1122 1121 1123
1124 1122 1123
1124 1123 1125
1126 1124 1125
1126 1125 1127
1128 1126 1127
1128 1127 1129
1130 1128 1129
1130 1129 1131
1132 1130 1131
1132 1131 1133
1134 1132 1133
1134 1133 1135
1136 1134 1135
1136 1135 1137
1138 1136 1137
1138 1137 1139
1140 1138 1139
1140 1139 1141
1142 1140 1141
1142 1141 1143
1144 1142 1143
1144 1143 1145
1146 1144 1145
1146 1145 1147
1148 1146 1147
1148 1147 1149
1150 1148 1149
1150 1149 1151
1152 1150 1151
1152 1151 1153
1154 1152 1153
1154 1153 1155
1156 1154 1155
1156 1155 1157
1158 1156 1157
1158 1157 1159
1160 1158 1159
1160 1159 1161
1162 1160 1161
1162 1161 1163
1164 1162 1163
1164 1163 1165
1166 1164 1165
1166 1165 1167
1168 1166 1167
1168 1167 1169
1170 1168 1169
1170 1169 1171
1172 1170 1171
1172 1171 1173
1174 1172 1173
1174 1173 1175
1176 1174 1175
1176 1175 1177
1178 1176 1177
1178 1177 1179
1180 1178 1179
1180 1179 1181
1182 1180 1181
1182 1181 1183
1184 1182 1183
1184 1183 1185
1186 1184 1185
1186 1185 1187
1188 1186 1187
1188 1187 1189
1190 1188 1189
1190 1189 1191
1192 1190 1191
943 976 944
976 943 941
1193 976 941
936 1193 941
938 936 941
1194 1193 936
935 1194 936
1194 935 933
1195 1194 933
928 1195 933
930 928 933
1196 1195 928
927 1196 928
1196 927 925
1197 1196 925
920 1197 925
922 920 925
1198 1197 920
919 1198 920
1198 919 917
1199 1198 917
912 1199 917
914 912 917
1200 1199 912
911 1200 912
1200 911 909
1201 1200 909
904 1201 909
906 904 909
1202 1201 904
903 1202 904
1202 903 901
1203 1202 901
896 1203 901
898 896 901
1204 1203 896
895 1204 896
1204 895 893
966 1204 893
888 966 893
890 888 893
1205 1204 966
967 1205 966
1205 967 1206
1207 1206 967
968 1207 967
1207 968 969
1208 1207 969
969 970 1208
970 973 1208
1209 1208 973
1210 1209 973
1210 973 974
1211 1210 974
975 1211 974
1212 1211 975
976 1212 975
1212 976 1193
1213 1212 1193
1213 1193 1194
1214 1213 1194
1215 1214 1194
1195 1215 1194
1216 1215 1195
1196 1216 1195
1216 1196 1197
1217 1216 1197
1217 1197 1198
1218 1217 1198
1219 1218 1198
1199 1219 1198
1220 1219 1199
1200 1220 1199
1220 1200 1201
1221 1220 1201
1221 1201 1202
1222 1221 1202
1223 1222 1202
1203 1223 1202
1205 1223 1203
1204 1205 1203
1223 1205 1206
1206 1224 1223
1224 1222 1223
1222 1224 1221
1224 1225 1221
1220 1221 1225
1219 1220 1225
1225 1226 1219
1226 1218 1219
1218 1226 1217
1226 1227 1217
1216 1217 1227
1215 1216 1227
1227 1228 1215
1228 1214 1215
1214 1228 1213
1228 1229 1213
1212 1213 1229
1211 1212 1229
1229 1209 1211
1209 1210 1211
1209 1229 1230
1230 1229 1228
1231 1230 1228
1231 1228 1232
1228 1227 1232
1232 1227 1226
1233 1232 1226
1233 1226 1234
1226 1225 1234
1234 1225 1224
1235 1234 1224
1235 1224 1236
1224 1206 1236
1236 1206 1207
1237 1236 1207
1237 1207 1238
1207 1208 1238
1238 1208 1209
1239 1238 1209
1239 1209 1230
1239 1230 1238
1230 1240 1238
1238 1240 1236
1237 1238 1236
1236 1240 1234
1235 1236 1234
1234 1240 1232
1233 1234 1232
1232 1240 1230
1231 1232 1230
952 972 957
954 952 957
1243 1242 1241
1244 1243 1241
1244 1241 1245
1246 1244 1245
1246 1245 1247
1248 1246 1247
1248 1247 1249
1250 1248 1249
1250 1249 1251
1252 1250 1251
1252 1251 1253
1256 1255 1254
1256 1254 1257
1260 1259 1258
1262 1261 1259
1262 1263 1261
1263 1264 1261
1263 1265 1264
1265 1266 1264
1265 1267 1266
1267 1268 1266
1267 1269 1268
1272 1271 1270
1270 1271 1273
1276 1275 1274
1279 1278 1277
1281 1280 1278
1282 1280 1281
1284 1277 1283
1283 1286 1285
1287 1283 1285
1285 1286 1288
1286 1289 1288
1288 1289 1290
1289 1291 1290
1290 1291 1292
1294 1292 1293
1296 1293 1295
1295 1298 1297
1299 1295 1297
1297 1298 1300
1298 1301 1300
1300 1301 1302
1301 1303 1302
1302 1303 1304
1306 1304 1305
1305 1308 1307
1309 1305 1307
1307 1308 1310
1308 1311 1310
1310 1311 1312
1314 1312 1313
1315 1314 1313
1315 1313 1316
1317 1315 1316
1317 1316 1318
1319 1317 1318
1319 1318 1320
1323 1322 1321
1325 1323 1324
1327 1325 1326
1330 1329 1328
1333 1332 1331
1335 1333 1334
1338 1337 1336
1340 1338 1339
1343 1342 1341
1346 1345 1344
1346 1344 1347
1350 1349 1348
1349 1352 1351
1355 1354 1353
1357 1356 1355
1357 1358 1356
1353 1360 1359
1361 1353 1359
1361 1359 1362
1365 1364 1363
1368 1367 1366
1368 1369 1367
1372 1371 1370
1373 1372 1370
1374 1373 1370
1375 1374 1370
1374 1375 1376
1377 1374 1376
1377 1376 1378
1379 1377 1378
1379 1378 1380
1381 1379 1380
1381 1380 1382
1383 1381 1382
1383 1382 1384
1385 1383 1384
1385 1384 1386
1387 1385 1386
1387 1386 1388
1389 1387 1388
1389 1388 1390
1388 1391 1390
1394 1393 1392
1392 1393 1395
1393 1396 1395
1396 1397 1395
1397 1398 1395
1397 187 1398
187 186 1398
186 184 1398
184 181 1398
1398 181 1395
181 180 1395
1395 180 1392
180 178 1392
1392 178 1399
1399 1394 1392
162 1394 1399
161 162 1399
1399 1400 161
178 1400 1399
1400 178 165
1400 165 160
1400 160 161
sm01_material\environment\template\architecture\gbl_arch_concrete_trim_02\gbl_arch_metal_trim_esu_signage_01.material
1
0
338
-0.991211 5.011719 -0.015381
0.078913 -0.9959 -0.044221
0 0 0 0
0.455078 0.049072
-0.986816 5.011719 0.00293
0.07924 -0.996854 -0.001536
0 0 0 0
0.458008 0.060791
-1.00415 5.01001 0.00293
0.036215 -0.999341 -0.002598
0 0 0 0
0.446777 0.060791
-1.00415 5.011719 -0.028076
0.023076 -0.998302 -0.053486
0 0 0 0
0.446777 0.040771
-1.021729 5.01001 0.00293
-0.000977 -1 -0.000001
0 0 0 0
0.435547 0.060791
-1.021729 5.011719 -0.032959
0.001004 -0.998541 -0.053991
0 0 0 0
0.435547 0.037598
-1.039062 5.011719 -0.028076
-0.023076 -0.998302 -0.053486
0 0 0 0
0.424316 0.040771
-1.039062 5.01001 0.00293
-0.036215 -0.999341 0.002598
0 0 0 0
0.424316 0.060791
-1.052246 5.011719 -0.015381
-0.078913 -0.9959 -0.044221
0 0 0 0
0.416016 0.049072
-1.056641 5.011719 0.00293
-0.07924 -0.996854 -0.001536
0 0 0 0
0.413086 0.060791
-1.052246 5.011719 0.021484
-0.078913 -0.9959 0.044221
0 0 0 0
0.416016 0.072754
-1.039062 5.011719 0.03418
-0.023076 -0.998302 0.053486
0 0 0 0
0.424316 0.080811
-1.021729 5.011719 0.039062
-0.001004 -0.998541 0.053991
0 0 0 0
0.435547 0.083984
-1.00415 5.011719 0.03418
0.023076 -0.998302 0.053486
0 0 0 0
0.446777 0.080811
-0.991211 5.011719 0.021484
0.078913 -0.9959 0.044221
0 0 0 0
0.455078 0.072754
-1.00415 5.259277 -0.028076
0.498209 0.001336 -0.867056
0 0 0 0
1.337402 0.002686
-1.021729 5.011719 -0.032959
0.001382 0.001382 -0.999998
0 0 0 0
1.5 0.02832
-1.021729 5.259277 -0.032959
0.001382 0.001382 -0.999998
0 0 0 0
1.5 0.002686
-1.00415 5.011719 -0.028076
0.498209 0.001336 -0.867056
0 0 0 0
1.337402 0.02832
-0.991211 5.011719 -0.015381
0.872061 0.001193 -0.489396
0 0 0 0
1.173096 0.02832
-0.991211 5.259277 -0.015381
0.872061 0.001193 -0.489396
0 0 0 0
1.173096 0.002686
-0.986816 5.011719 0.00293
1 0.000978 -0.000001
0 0 0 0
1.000244 0.02832
-0.986816 5.259277 0.00293
1 0.000978 -0.000001
0 0 0 0
1.000244 0.002686
-0.991211 5.011719 0.021484
0.872061 0.001193 0.489396
0 0 0 0
0.827148 0.02832
-0.991211 5.259277 0.021484
0.872061 0.001193 0.489396
0 0 0 0
0.827148 0.002686
-1.00415 5.259277 0.03418
0.498209 0.001336 0.867056
0 0 0 0
0.662598 0.002686
-1.00415 5.011719 0.03418
0.498209 0.001336 0.867056
0 0 0 0
0.662598 0.02832
-1.021729 5.011719 0.039062
0.001382 0.001382 0.999998
0 0 0 0
0.5 0.02832
-1.021729 5.259277 0.039062
0.001382 0.001382 0.999998
0 0 0 0
0.5 0.002686
-1.039062 5.259277 0.03418
-0.498209 0.001336 0.867056
0 0 0 0
0.337402 0.002686
-1.039062 5.011719 0.03418
-0.498209 0.001336 0.867056
0 0 0 0
0.337402 0.02832
-1.052246 5.011719 0.021484
-0.872061 0.001193 0.489396
0 0 0 0
0.172852 0.02832
-1.052246 5.259277 0.021484
-0.872061 0.001193 0.489396
0 0 0 0
0.172852 0.002686
-1.056641 5.259277 0.00293
-1 0.000978 -0.000001
0 0 0 0
0 0.002686
-1.056641 5.011719 0.00293
-1 0.000978 -0.000001
0 0 0 0
0 0.02832
-1.052246 5.011719 -0.015381
-0.872061 0.001193 -0.489396
0 0 0 0
-0.173096 0.02832
-1.052246 5.259277 -0.015381
-0.872061 0.001193 -0.489396
0 0 0 0
-0.173096 0.002686
-1.039062 5.259277 -0.028076
-0.498209 0.001336 -0.867056
0 0 0 0
-0.337402 0.002686
-1.039062 5.011719 -0.028076
-0.498209 0.001336 -0.867056
0 0 0 0
-0.337402 0.02832
-1.021729 5.011719 -0.032959
0.001382 0.001382 -0.999998
0 0 0 0
-0.5 0.02832
-1.021729 5.259277 -0.032959
0.001382 0.001382 -0.999998
0 0 0 0
-0.5 0.002686
-1.039062 5.260742 0.00293
-0.028337 0.999598 0.000804
0 0 0 0
0.424316 0.060791
-1.039062 5.259277 -0.028076
-0.018961 0.998929 -0.042203
0 0 0 0
0.424316 0.040771
-1.052246 5.259277 -0.015381
-0.064631 0.997306 -0.034681
0 0 0 0
0.416016 0.049072
-1.056641 5.259277 0.00293
-0.063534 0.99798 0.000131
0 0 0 0
0.413086 0.060791
-1.052246 5.259277 0.021484
-0.064631 0.997306 0.034681
0 0 0 0
0.416016 0.072754
-1.039062 5.259277 0.03418
-0.018961 0.998929 0.042203
0 0 0 0
0.424316 0.080811
-1.021729 5.260742 0.00293
0.000978 1 -0.000001
0 0 0 0
0.435547 0.060791
-1.021729 5.259277 -0.032959
0.001 0.998924 -0.046369
0 0 0 0
0.435547 0.037598
-1.00415 5.259277 -0.028076
0.018961 0.998929 -0.042203
0 0 0 0
0.446777 0.040771
-1.00415 5.260742 0.00293
0.028337 0.999598 0.000804
0 0 0 0
0.446777 0.060791
-0.991211 5.259277 -0.015381
0.064631 0.997306 -0.034681
0 0 0 0
0.455078 0.049072
-0.986816 5.259277 0.00293
0.063534 0.99798 0.000131
0 0 0 0
0.458008 0.060791
-0.991211 5.259277 0.021484
0.064631 0.997306 0.034681
0 0 0 0
0.455078 0.072754
-1.00415 5.259277 0.03418
0.018961 0.998929 0.042203
0 0 0 0
0.446777 0.080811
-1.021729 5.259277 0.039062
0.001 0.998924 0.046369
0 0 0 0
0.435547 0.083984
-0.143311 5.05957 -0.994385
-0.155736 0.001378 -0.987798
0 0 0 0
1.530518 0.466309
-0.143311 5.212891 -0.994385
-0.155736 0.001378 -0.987798
0 0 0 0
1.530518 0.219971
0.01416 5.212891 -1.006836
0.001382 0.001382 -0.999998
0 0 0 0
1.480469 0.219971
0.01416 5.05957 -1.006836
0.001382 0.001382 -0.999998
0 0 0 0
1.480469 0.466309
0.171631 5.05957 -0.994385
0.155736 0.001378 -0.987798
0 0 0 0
1.430908 0.466309
0.171631 5.212891 -0.994385
0.155736 0.001378 -0.987798
0 0 0 0
1.430908 0.219971
0.325195 5.212891 -0.95752
0.309922 0.001365 -0.950761
0 0 0 0
1.381836 0.219971
0.325195 5.05957 -0.95752
0.309922 0.001365 -0.950761
0 0 0 0
1.381836 0.466309
0.471191 5.05957 -0.896973
0.453059 0.001344 -0.891479
0 0 0 0
1.333008 0.466309
0.471191 5.212891 -0.896973
0.453059 0.001344 -0.891479
0 0 0 0
1.333008 0.219971
0.605957 5.212891 -0.814453
0.587706 0.001315 -0.809074
0 0 0 0
1.284668 0.219971
0.605957 5.05957 -0.814453
0.587706 0.001315 -0.809074
0 0 0 0
1.284668 0.466309
0.726074 5.05957 -0.711914
0.706425 0.001277 -0.707786
0 0 0 0
1.236816 0.466309
0.726074 5.212891 -0.711914
0.706425 0.001277 -0.707786
0 0 0 0
1.236816 0.219971
0.828613 5.212891 -0.591797
0.809193 0.001232 -0.587541
0 0 0 0
1.188965 0.219971
0.828613 5.05957 -0.591797
0.809193 0.001232 -0.587541
0 0 0 0
1.188965 0.466309
0.911133 5.05957 -0.457031
0.890328 0.001179 -0.455317
0 0 0 0
1.141602 0.466309
0.911133 5.212891 -0.457031
0.890328 0.001179 -0.455317
0 0 0 0
1.141602 0.219971
0.97168 5.212891 -0.311035
0.951387 0.001118 -0.307996
0 0 0 0
1.094238 0.219971
0.97168 5.05957 -0.311035
0.951387 0.001118 -0.307996
0 0 0 0
1.094238 0.466309
1.008545 5.05957 -0.157471
0.987522 0.001052 -0.15748
0 0 0 0
1.047119 0.466309
1.008545 5.212891 -0.157471
0.987522 0.001052 -0.15748
0 0 0 0
1.047119 0.219971
1.020996 5.212891 0
1 0.000978 -0.000001
0 0 0 0
1 0.219971
1.020996 5.05957 0
1 0.000978 -0.000001
0 0 0 0
1 0.466309
1.008545 5.05957 0.157471
0.987522 0.001052 0.15748
0 0 0 0
0.952881 0.466309
1.008545 5.212891 0.157471
0.987522 0.001052 0.15748
0 0 0 0
0.952881 0.219971
0.97168 5.212891 0.311035
0.951387 0.001118 0.307996
0 0 0 0
0.905762 0.219971
0.97168 5.05957 0.311035
0.951387 0.001118 0.307996
0 0 0 0
0.905762 0.466309
0.911133 5.05957 0.457031
0.890328 0.001179 0.455317
0 0 0 0
0.858398 0.466309
0.911133 5.212891 0.457031
0.890328 0.001179 0.455317
0 0 0 0
0.858398 0.219971
0.828613 5.212891 0.591797
0.809193 0.001232 0.587541
0 0 0 0
0.811035 0.219971
0.828613 5.05957 0.591797
0.809193 0.001232 0.587541
0 0 0 0
0.811035 0.466309
0.726074 5.05957 0.711914
0.706425 0.001277 0.707786
0 0 0 0
0.763428 0.466309
0.726074 5.212891 0.711914
0.706425 0.001277 0.707786
0 0 0 0
0.763428 0.219971
0.605957 5.212891 0.814453
0.587706 0.001315 0.809074
0 0 0 0
0.715332 0.219971
0.605957 5.05957 0.814453
0.587706 0.001315 0.809074
0 0 0 0
0.715332 0.466309
0.471191 5.05957 0.896973
0.453059 0.001344 0.891479
0 0 0 0
0.666992 0.466309
0.471191 5.212891 0.896973
0.453059 0.001344 0.891479
0 0 0 0
0.666992 0.219971
0.325195 5.212891 0.95752
0.309922 0.001365 0.950761
0 0 0 0
0.618408 0.219971
0.325195 5.05957 0.95752
0.309922 0.001365 0.950761
0 0 0 0
0.618408 0.466309
0.171631 5.05957 0.994385
0.155736 0.001378 0.987798
0 0 0 0
0.569092 0.466309
0.171631 5.212891 0.994385
0.155736 0.001378 0.987798
0 0 0 0
0.569092 0.219971
0.01416 5.212891 1.006836
0.001382 0.001382 0.999998
0 0 0 0
0.519531 0.219971
0.01416 5.05957 1.006836
0.001382 0.001382 0.999998
0 0 0 0
0.519531 0.466309
-0.143311 5.05957 0.994385
-0.155736 0.001378 0.987798
0 0 0 0
0.469482 0.466309
-0.143311 5.212891 0.994385
-0.155736 0.001378 0.987798
0 0 0 0
0.469482 0.219971
-0.297119 5.212891 0.95752
-0.309922 0.001365 0.950761
0 0 0 0
0.418945 0.219971
-0.297119 5.05957 0.95752
-0.309922 0.001365 0.950761
0 0 0 0
0.418945 0.466309
-0.442871 5.05957 0.896973
-0.453059 0.001344 0.891479
0 0 0 0
0.36792 0.466309
-0.442871 5.212891 0.896973
-0.453059 0.001344 0.891479
0 0 0 0
0.36792 0.219971
-0.577637 5.212891 0.814453
-0.587706 0.001315 0.809074
0 0 0 0
0.316406 0.219971
-0.577637 5.05957 0.814453
-0.587706 0.001315 0.809074
0 0 0 0
0.316406 0.466309
-0.697754 5.05957 0.711914
-0.706425 0.001277 0.707786
0 0 0 0
0.264404 0.466309
-0.697754 5.212891 0.711914
-0.706425 0.001277 0.707786
0 0 0 0
0.264404 0.219971
-0.800293 5.212891 0.591797
-0.809193 0.001232 0.587541
0 0 0 0
0.212158 0.219971
-0.800293 5.05957 0.591797
-0.809193 0.001232 0.587541
0 0 0 0
0.212158 0.466309
-0.882812 5.05957 0.457031
-0.870489 0.001194 0.492186
0 0 0 0
0.159424 0.466309
-0.882812 5.212891 0.457031
-0.870489 0.001194 0.492186
0 0 0 0
0.159424 0.219971
-0.947754 5.212891 0.331787
-0.884362 0.001184 0.466799
0 0 0 0
0.112549 0.219971
-0.947754 5.05957 0.331787
-0.884362 0.001184 0.466799
0 0 0 0
0.112549 0.466309
-0.997314 5.05957 0.240234
-0.867323 0.001196 0.497744
0 0 0 0
0.078857 0.466309
-0.997314 5.212891 0.240234
-0.867323 0.001196 0.497744
0 0 0 0
0.078857 0.219971
-1.038574 5.212891 0.173584
-0.823574 0.001224 0.567207
0 0 0 0
0.055176 0.219971
-1.038574 5.05957 0.173584
-0.823574 0.001224 0.567207
0 0 0 0
0.055176 0.466309
-1.078125 5.05957 0.123047
-0.830607 0.00122 0.556857
0 0 0 0
0.037842 0.466309
-1.078125 5.212891 0.123047
-0.830607 0.00122 0.556857
0 0 0 0
0.037842 0.219971
-1.107178 5.212891 0.071045
-0.954502 0.001114 0.298204
0 0 0 0
0.021484 0.219971
-1.107178 5.05957 0.071045
-0.954502 0.001114 0.298204
0 0 0 0
0.021484 0.466309
-1.116699 5.212891 0
-1 0.000978 -0.000001
0 0 0 0
0 0.219971
-1.116699 5.05957 0
-1 0.000978 -0.000001
0 0 0 0
0 0.466309
-1.107178 5.05957 -0.071045
-0.954502 0.001114 -0.298204
0 0 0 0
-0.02124 0.466309
-1.107178 5.212891 -0.071045
-0.954502 0.001114 -0.298204
0 0 0 0
-0.02124 0.219971
-1.078125 5.05957 -0.123047
-0.830607 0.00122 -0.556857
0 0 0 0
-0.037842 0.466309
-1.078125 5.212891 -0.123047
-0.830607 0.00122 -0.556857
0 0 0 0
-0.037842 0.219971
-1.038574 5.212891 -0.173584
-0.823574 0.001224 -0.567207
0 0 0 0
-0.055176 0.219971
-1.038574 5.05957 -0.173584
-0.823574 0.001224 -0.567207
0 0 0 0
-0.055176 0.466309
-0.997314 5.212891 -0.240234
-0.867323 0.001196 -0.497744
0 0 0 0
-0.078857 0.219971
-0.997314 5.05957 -0.240234
-0.867323 0.001196 -0.497744
0 0 0 0
-0.078857 0.466309
-0.947754 5.212891 -0.331787
-0.884362 0.001184 -0.466799
0 0 0 0
-0.112305 0.219971
-0.947754 5.05957 -0.331787
-0.884362 0.001184 -0.466799
0 0 0 0
-0.112305 0.466309
-0.882812 5.05957 -0.457031
-0.870489 0.001194 -0.492186
0 0 0 0
-0.159424 0.466309
-0.882812 5.212891 -0.457031
-0.870489 0.001194 -0.492186
0 0 0 0
-0.159424 0.219971
-0.800293 5.212891 -0.591797
-0.809193 0.001232 -0.587541
0 0 0 0
-0.212158 0.219971
-0.800293 5.05957 -0.591797
-0.809193 0.001232 -0.587541
0 0 0 0
-0.212158 0.466309
-0.697754 5.05957 -0.711914
-0.706425 0.001277 -0.707786
0 0 0 0
-0.264404 0.466309
-0.697754 5.212891 -0.711914
-0.706425 0.001277 -0.707786
0 0 0 0
-0.264404 0.219971
-0.577637 5.212891 -0.814453
-0.587706 0.001315 -0.809074
0 0 0 0
-0.316406 0.219971
-0.577637 5.05957 -0.814453
-0.587706 0.001315 -0.809074
0 0 0 0
-0.316406 0.466309
-0.442871 5.05957 -0.896973
-0.453059 0.001344 -0.891479
0 0 0 0
-0.36792 0.466309
-0.442871 5.212891 -0.896973
-0.453059 0.001344 -0.891479
0 0 0 0
-0.36792 0.219971
-0.297119 5.212891 -0.95752
-0.309922 0.001365 -0.950761
0 0 0 0
-0.418945 0.219971
-0.297119 5.05957 -0.95752
-0.309922 0.001365 -0.950761
0 0 0 0
-0.418945 0.466309
-0.143311 5.05957 -0.994385
-0.155736 0.001378 -0.987798
0 0 0 0
-0.469482 0.466309
-0.143311 5.212891 -0.994385
-0.155736 0.001378 -0.987798
0 0 0 0
-0.469482 0.219971
0.000244 5.195801 -0.782227
0.003043 0.997052 0.076664
0 0 0 0
1.480469 0.216797
-0.143311 5.212891 -0.994385
0.009128 0.99702 0.076595
0 0 0 0
1.530518 0.095947
-0.12207 5.195801 -0.772461
0.013185 0.996982 0.076511
0 0 0 0
1.530518 0.216797
0.01416 5.212891 -1.006836
-0.001014 0.997056 0.076671
0 0 0 0
1.480469 0.095947
0.122559 5.195801 -0.772461
-0.009112 0.997302 0.072834
0 0 0 0
1.430908 0.216797
0.171631 5.212891 -0.994385
-0.013162 0.997263 0.07275
0 0 0 0
1.430908 0.095947
0.241943 5.195801 -0.743896
-0.021259 0.997143 0.07249
0 0 0 0
1.381836 0.216797
0.325195 5.212891 -0.95752
-0.025262 0.997328 0.068546
0 0 0 0
1.381836 0.095947
0.355469 5.195801 -0.697021
-0.03132 0.997178 0.068225
0 0 0 0
1.333008 0.216797
0.471191 5.212891 -0.896973
-0.035294 0.997313 0.064196
0 0 0 0
1.333008 0.095947
0.459961 5.195801 -0.632812
-0.041263 0.997347 0.059976
0 0 0 0
1.284668 0.216797
0.605957 5.212891 -0.814453
-0.045281 0.997192 0.059648
0 0 0 0
1.284668 0.095947
0.553467 5.195801 -0.552979
-0.049121 0.997454 0.051697
0 0 0 0
1.236816 0.216797
0.726074 5.212891 -0.711914
-0.053121 0.997269 0.051308
0 0 0 0
1.236816 0.095947
0.633057 5.195801 -0.459717
-0.056911 0.997441 0.043266
0 0 0 0
1.188965 0.216797
0.828613 5.212891 -0.591797
-0.058794 0.997499 0.039222
0 0 0 0
1.188965 0.095947
0.697266 5.195801 -0.35498
-0.06265 0.997424 0.034926
0 0 0 0
1.141602 0.216797
0.911133 5.212891 -0.457031
-0.064511 0.99744 0.030844
0 0 0 0
1.141602 0.095947
0.744141 5.195801 -0.241699
-0.068208 0.997414 0.022634
0 0 0 0
1.094238 0.216797
0.97168 5.212891 -0.311035
-0.068079 0.997503 0.018773
0 0 0 0
1.094238 0.095947
0.772705 5.195801 -0.122314
-0.06991 0.997446 0.014638
0 0 0 0
1.047119 0.216797
1.008545 5.212891 -0.157471
-0.071732 0.997369 0.010487
0 0 0 0
1.047119 0.095947
0.782471 5.195801 0
-0.071455 0.99744 -0.002713
0 0 0 0
1 0.216797
1.020996 5.212891 0
-0.071455 0.99744 -0.002713
0 0 0 0
1 0.095947
1.008545 5.212891 0.157471
-0.071732 0.997369 -0.010487
0 0 0 0
0.952881 0.095947
0.772705 5.195801 0.122314
-0.06991 0.997446 -0.014638
0 0 0 0
0.952881 0.216797
0.97168 5.212891 0.311035
-0.068079 0.997503 -0.018773
0 0 0 0
0.905762 0.095947
0.744141 5.195801 0.241699
-0.068208 0.997414 -0.022634
0 0 0 0
0.905762 0.216797
0.911133 5.212891 0.457031
-0.064511 0.99744 -0.030844
0 0 0 0
0.858398 0.095947
0.697266 5.195801 0.35498
-0.06265 0.997424 -0.034926
0 0 0 0
0.858398 0.216797
0.828613 5.212891 0.591797
-0.058794 0.997499 -0.039222
0 0 0 0
0.811035 0.095947
0.633057 5.195801 0.459717
-0.056911 0.997441 -0.043266
0 0 0 0
0.811035 0.216797
0.726074 5.212891 0.711914
-0.053121 0.997269 -0.051308
0 0 0 0
0.763428 0.095947
0.553467 5.195801 0.552979
-0.049121 0.997454 -0.051697
0 0 0 0
0.763428 0.216797
0.605957 5.212891 0.814453
-0.045281 0.997192 -0.059648
0 0 0 0
0.715332 0.095947
0.459961 5.195801 0.632812
-0.041263 0.997347 -0.059976
0 0 0 0
0.715332 0.216797
0.471191 5.212891 0.896973
-0.035294 0.997313 -0.064196
0 0 0 0
0.666992 0.095947
0.355469 5.195801 0.697021
-0.03132 0.997178 -0.068225
0 0 0 0
0.666992 0.216797
0.325195 5.212891 0.95752
-0.025262 0.997328 -0.068546
0 0 0 0
0.618408 0.095947
0.241943 5.195801 0.743896
-0.021259 0.997143 -0.07249
0 0 0 0
0.618408 0.216797
0.171631 5.212891 0.994385
-0.013162 0.997263 -0.07275
0 0 0 0
0.569092 0.095947
0.122559 5.195801 0.772461
-0.009112 0.997302 -0.072834
0 0 0 0
0.569092 0.216797
0.01416 5.212891 1.006836
-0.001014 0.997056 -0.076671
0 0 0 0
0.519531 0.095947
0.000244 5.195801 0.782227
0.003043 0.997052 -0.076664
0 0 0 0
0.519531 0.216797
-0.143311 5.212891 0.994385
0.009128 0.99702 -0.076595
0 0 0 0
0.469482 0.095947
-0.12207 5.195801 0.772461
0.013185 0.996982 -0.076511
0 0 0 0
0.469482 0.216797
-0.297119 5.212891 0.95752
0.021259 0.997143 -0.07249
0 0 0 0
0.418945 0.095947
-0.241455 5.195801 0.743896
0.025306 0.997061 -0.072314
0 0 0 0
0.418945 0.216797
-0.442871 5.212891 0.896973
0.033397 0.996855 -0.071871
0 0 0 0
0.36792 0.095947
-0.354736 5.195801 0.697021
0.037375 0.996996 -0.067835
0 0 0 0
0.36792 0.216797
-0.577637 5.212891 0.814453
0.045362 0.996955 -0.063432
0 0 0 0
0.316406 0.095947
-0.459473 5.195801 0.632812
0.047374 0.996872 -0.063256
0 0 0 0
0.316406 0.216797
-0.697754 5.212891 0.711914
0.055319 0.996742 -0.058692
0 0 0 0
0.264404 0.095947
-0.552734 5.195801 0.552979
0.057222 0.996863 -0.054686
0 0 0 0
0.264404 0.216797
-0.800293 5.212891 0.591797
0.06311 0.996743 -0.050199
0 0 0 0
0.212158 0.095947
-0.632568 5.195801 0.459717
0.064988 0.996818 -0.046148
0 0 0 0
0.212158 0.216797
-0.882812 5.212891 0.457031
0.070701 0.996784 -0.037731
0 0 0 0
0.159424 0.095947
-0.696533 5.195801 0.35498
0.070701 0.996784 -0.037731
0 0 0 0
0.159424 0.216797
-0.74707 5.195801 0.257812
0.070701 0.996784 -0.037731
0 0 0 0
0.112549 0.216797
-0.947754 5.212891 0.331787
0.070701 0.996784 -0.037731
0 0 0 0
0.112549 0.095947
-0.785645 5.195801 0.186523
0.070831 0.996622 -0.041553
0 0 0 0
0.078857 0.216797
-0.997314 5.212891 0.240234
0.070831 0.996622 -0.041553
0 0 0 0
0.078857 0.095947
-0.817627 5.195801 0.134766
0.068971 0.996574 -0.045636
0 0 0 0
0.055176 0.216797
-1.038574 5.212891 0.173584
0.069096 0.996384 -0.049442
0 0 0 0
0.055176 0.095947
-0.848389 5.195801 0.095703
0.069096 0.996384 -0.049442
0 0 0 0
0.037842 0.216797
-1.078125 5.212891 0.123047
0.068845 0.99675 -0.041821
0 0 0 0
0.037842 0.095947
-0.87085 5.195801 0.055176
0.070439 0.997063 -0.030064
0 0 0 0
0.021484 0.216797
-1.107178 5.212891 0.071045
0.070043 0.997372 -0.018506
0 0 0 0
0.021484 0.095947
-0.878418 5.195801 0
0.071455 0.99744 0.002713
0 0 0 0
0 0.216797
-1.116699 5.212891 0
0.071455 0.99744 0.002713
0 0 0 0
0 0.095947
-1.107178 5.212891 -0.071045
0.070043 0.997372 0.018506
0 0 0 0
-0.02124 0.095947
-0.87085 5.195801 -0.055176
0.070439 0.997063 0.030064
0 0 0 0
-0.02124 0.216797
-1.078125 5.212891 -0.123047
0.068845 0.99675 0.041821
0 0 0 0
-0.037842 0.095947
-0.848389 5.195801 -0.095703
0.069096 0.996384 0.049442
0 0 0 0
-0.037842 0.216797
-1.038574 5.212891 -0.173584
0.069096 0.996384 0.049442
0 0 0 0
-0.055176 0.095947
-0.817627 5.195801 -0.134766
0.068971 0.996574 0.045636
0 0 0 0
-0.055176 0.216797
-0.997314 5.212891 -0.240234
0.070831 0.996622 0.041553
0 0 0 0
-0.078857 0.095947
-0.785645 5.195801 -0.186523
0.070831 0.996622 0.041553
0 0 0 0
-0.078857 0.216797
-0.947754 5.212891 -0.331787
0.070701 0.996784 0.037731
0 0 0 0
-0.112305 0.095947
-0.74707 5.195801 -0.257812
0.070701 0.996784 0.037731
0 0 0 0
-0.112305 0.216797
-0.882812 5.212891 -0.457031
0.070701 0.996784 0.037731
0 0 0 0
-0.159424 0.095947
-0.696533 5.195801 -0.35498
0.070701 0.996784 0.037731
0 0 0 0
-0.159424 0.216797
-0.632568 5.195801 -0.459717
0.064988 0.996818 0.046148
0 0 0 0
-0.212158 0.216797
-0.800293 5.212891 -0.591797
0.06311 0.996743 0.050199
0 0 0 0
-0.212158 0.095947
-0.552734 5.195801 -0.552979
0.057222 0.996863 0.054686
0 0 0 0
-0.264404 0.216797
-0.697754 5.212891 -0.711914
0.055319 0.996742 0.058692
0 0 0 0
-0.264404 0.095947
-0.459473 5.195801 -0.632812
0.047374 0.996872 0.063256
0 0 0 0
-0.316406 0.216797
-0.577637 5.212891 -0.814453
0.045362 0.996955 0.063432
0 0 0 0
-0.316406 0.095947
-0.354736 5.195801 -0.697021
0.037375 0.996996 0.067835
0 0 0 0
-0.36792 0.216797
-0.442871 5.212891 -0.896973
0.033397 0.996855 0.071871
0 0 0 0
-0.36792 0.095947
-0.241455 5.195801 -0.743896
0.025306 0.997061 0.072314
0 0 0 0
-0.418945 0.216797
-0.297119 5.212891 -0.95752
0.021259 0.997143 0.07249
0 0 0 0
-0.418945 0.095947
-0.12207 5.195801 -0.772461
0.013185 0.996982 0.076511
0 0 0 0
-0.469482 0.216797
-0.143311 5.212891 -0.994385
0.009128 0.99702 0.076595
0 0 0 0
-0.469482 0.095947
-0.297119 5.05957 -0.95752
0.021259 -0.997143 0.07249
0 0 0 0
-0.418945 0.216797
-0.143311 5.05957 -0.994385
0.009128 -0.99702 0.076595
0 0 0 0
-0.469482 0.216797
-0.12207 5.07666 -0.772461
0.013185 -0.996982 0.076511
0 0 0 0
-0.469482 0.095947
-0.241455 5.07666 -0.743896
0.025306 -0.997061 0.072314
0 0 0 0
-0.418945 0.095947
-0.442871 5.05957 -0.896973
0.033397 -0.996855 0.071871
0 0 0 0
-0.36792 0.216797
-0.354736 5.07666 -0.697021
0.037375 -0.996996 0.067835
0 0 0 0
-0.36792 0.095947
-0.577637 5.05957 -0.814453
0.045362 -0.996955 0.063432
0 0 0 0
-0.316406 0.216797
-0.459473 5.07666 -0.632812
0.047374 -0.996872 0.063256
0 0 0 0
-0.316406 0.095947
-0.697754 5.05957 -0.711914
0.055319 -0.996742 0.058692
0 0 0 0
-0.264404 0.216797
-0.552734 5.07666 -0.552979
0.057222 -0.996863 0.054686
0 0 0 0
-0.264404 0.095947
-0.800293 5.05957 -0.591797
0.06311 -0.996743 0.050199
0 0 0 0
-0.212158 0.216797
-0.632568 5.07666 -0.459717
0.064988 -0.996818 0.046148
0 0 0 0
-0.212158 0.095947
-0.882812 5.05957 -0.457031
0.070701 -0.996784 0.037731
0 0 0 0
-0.159424 0.216797
-0.696533 5.07666 -0.35498
0.070701 -0.996784 0.037731
0 0 0 0
-0.159424 0.095947
-0.74707 5.07666 -0.257812
0.070701 -0.996784 0.037731
0 0 0 0
-0.112305 0.095947
-0.947754 5.05957 -0.331787
0.070701 -0.996784 0.037731
0 0 0 0
-0.112305 0.216797
-0.785645 5.07666 -0.186523
0.070831 -0.996622 0.041554
0 0 0 0
-0.078857 0.095947
-0.997314 5.05957 -0.240234
0.070831 -0.996622 0.041554
0 0 0 0
-0.078857 0.216797
-0.817627 5.07666 -0.134766
0.068971 -0.996574 0.045636
0 0 0 0
-0.055176 0.095947
-1.038574 5.05957 -0.173584
0.069096 -0.996384 0.049442
0 0 0 0
-0.055176 0.216797
-0.848389 5.07666 -0.095703
0.069096 -0.996384 0.049442
0 0 0 0
-0.037842 0.095947
-1.078125 5.05957 -0.123047
0.068845 -0.99675 0.041821
0 0 0 0
-0.037842 0.216797
-0.87085 5.07666 -0.055176
0.070439 -0.997063 0.030064
0 0 0 0
-0.02124 0.095947
-1.107178 5.05957 -0.071045
0.070043 -0.997372 0.018506
0 0 0 0
-0.02124 0.216797
-0.878418 5.07666 0
0.071455 -0.99744 -0.002713
0 0 0 0
0 0.095947
-1.116699 5.05957 0
0.071455 -0.99744 -0.002713
0 0 0 0
0 0.216797
-1.107178 5.05957 0.071045
0.070043 -0.997372 -0.018506
0 0 0 0
0.021484 0.216797
-0.87085 5.07666 0.055176
0.070439 -0.997063 -0.030064
0 0 0 0
0.021484 0.095947
-1.078125 5.05957 0.123047
0.068845 -0.99675 -0.041821
0 0 0 0
0.037842 0.216797
-0.848389 5.07666 0.095703
0.069096 -0.996384 -0.049442
0 0 0 0
0.037842 0.095947
-1.038574 5.05957 0.173584
0.069096 -0.996384 -0.049442
0 0 0 0
0.055176 0.216797
-0.817627 5.07666 0.134766
0.068971 -0.996574 -0.045636
0 0 0 0
0.055176 0.095947
-0.997314 5.05957 0.240234
0.070831 -0.996622 -0.041554
0 0 0 0
0.078857 0.216797
-0.785645 5.07666 0.186523
0.070831 -0.996622 -0.041554
0 0 0 0
0.078857 0.095947
-0.947754 5.05957 0.331787
0.070701 -0.996784 -0.037731
0 0 0 0
0.112549 0.216797
-0.74707 5.07666 0.257812
0.070701 -0.996784 -0.037731
0 0 0 0
0.112549 0.095947
-0.882812 5.05957 0.457031
0.070701 -0.996784 -0.037731
0 0 0 0
0.159424 0.216797
-0.696533 5.07666 0.35498
0.070701 -0.996784 -0.037731
0 0 0 0
0.159424 0.095947
-0.632568 5.07666 0.459717
0.064988 -0.996818 -0.046148
0 0 0 0
0.212158 0.095947
-0.800293 5.05957 0.591797
0.06311 -0.996743 -0.050199
0 0 0 0
0.212158 0.216797
-0.552734 5.07666 0.552979
0.057222 -0.996863 -0.054686
0 0 0 0
0.264404 0.095947
-0.697754 5.05957 0.711914
0.055319 -0.996742 -0.058692
0 0 0 0
0.264404 0.216797
-0.459473 5.07666 0.632812
0.047374 -0.996872 -0.063256
0 0 0 0
0.316406 0.095947
-0.577637 5.05957 0.814453
0.045362 -0.996955 -0.063432
0 0 0 0
0.316406 0.216797
-0.354736 5.07666 0.697021
0.037375 -0.996996 -0.067835
0 0 0 0
0.36792 0.095947
-0.442871 5.05957 0.896973
0.033397 -0.996855 -0.071871
0 0 0 0
0.36792 0.216797
-0.241455 5.07666 0.743896
0.025306 -0.997061 -0.072314
0 0 0 0
0.418945 0.095947
-0.297119 5.05957 0.95752
0.021259 -0.997143 -0.07249
0 0 0 0
0.418945 0.216797
-0.12207 5.07666 0.772461
0.013185 -0.996982 -0.076511
0 0 0 0
0.469482 0.095947
-0.143311 5.05957 0.994385
0.009128 -0.99702 -0.076595
0 0 0 0
0.469482 0.216797
0.000244 5.07666 0.782227
0.003043 -0.997052 -0.076664
0 0 0 0
0.519531 0.095947
0.01416 5.05957 1.006836
-0.001014 -0.997056 -0.076672
0 0 0 0
0.519531 0.216797
0.122559 5.07666 0.772461
-0.009112 -0.997302 -0.072834
0 0 0 0
0.569092 0.095947
0.171631 5.05957 0.994385
-0.013162 -0.997263 -0.07275
0 0 0 0
0.569092 0.216797
0.241943 5.07666 0.743896
-0.021259 -0.997143 -0.07249
0 0 0 0
0.618408 0.095947
0.325195 5.05957 0.95752
-0.025262 -0.997328 -0.068546
0 0 0 0
0.618408 0.216797
0.355469 5.07666 0.697021
-0.03132 -0.997178 -0.068225
0 0 0 0
0.666992 0.095947
0.471191 5.05957 0.896973
-0.035294 -0.997313 -0.064196
0 0 0 0
0.666992 0.216797
0.459961 5.07666 0.632812
-0.041263 -0.997347 -0.059976
0 0 0 0
0.715332 0.095947
0.605957 5.05957 0.814453
-0.045281 -0.997192 -0.059648
0 0 0 0
0.715332 0.216797
0.553467 5.07666 0.552979
-0.049121 -0.997454 -0.051698
0 0 0 0
0.763428 0.095947
0.726074 5.05957 0.711914
-0.053121 -0.997269 -0.051308
0 0 0 0
0.763428 0.216797
0.633057 5.07666 0.459717
-0.056911 -0.997441 -0.043266
0 0 0 0
0.811035 0.095947
0.828613 5.05957 0.591797
-0.058794 -0.997499 -0.039222
0 0 0 0
0.811035 0.216797
0.697266 5.07666 0.35498
-0.06265 -0.997424 -0.034926
0 0 0 0
0.858398 0.095947
0.911133 5.05957 0.457031
-0.064511 -0.99744 -0.030844
0 0 0 0
0.858398 0.216797
0.744141 5.07666 0.241699
-0.068208 -0.997414 -0.022634
0 0 0 0
0.905762 0.095947
0.97168 5.05957 0.311035
-0.068079 -0.997503 -0.018773
0 0 0 0
0.905762 0.216797
0.772705 5.07666 0.122314
-0.06991 -0.997446 -0.014638
0 0 0 0
0.952881 0.095947
1.008545 5.05957 0.157471
-0.071732 -0.997369 -0.010487
0 0 0 0
0.952881 0.216797
0.782471 5.07666 0
-0.071455 -0.99744 -0.002713
0 0 0 0
1 0.095947
1.020996 5.05957 0
-0.071455 -0.99744 -0.002713
0 0 0 0
1 0.216797
1.008545 5.05957 -0.157471
-0.071732 -0.997369 0.010487
0 0 0 0
1.047119 0.216797
0.772705 5.07666 -0.122314
-0.06991 -0.997446 0.014638
0 0 0 0
1.047119 0.095947
0.97168 5.05957 -0.311035
-0.068079 -0.997503 0.018773
0 0 0 0
1.094238 0.216797
0.744141 5.07666 -0.241699
-0.068208 -0.997414 0.022634
0 0 0 0
1.094238 0.095947
0.911133 5.05957 -0.457031
-0.064511 -0.99744 0.030844
0 0 0 0
1.141602 0.216797
0.697266 5.07666 -0.35498
-0.06265 -0.997424 0.034926
0 0 0 0
1.141602 0.095947
0.828613 5.05957 -0.591797
-0.058794 -0.997499 0.039222
0 0 0 0
1.188965 0.216797
0.633057 5.07666 -0.459717
-0.056911 -0.997441 0.043266
0 0 0 0
1.188965 0.095947
0.726074 5.05957 -0.711914
-0.053121 -0.997269 0.051308
0 0 0 0
1.236816 0.216797
0.553467 5.07666 -0.552979
-0.049121 -0.997454 0.051698
0 0 0 0
1.236816 0.095947
0.605957 5.05957 -0.814453
-0.045281 -0.997192 0.059648
0 0 0 0
1.284668 0.216797
0.459961 5.07666 -0.632812
-0.041263 -0.997347 0.059976
0 0 0 0
1.284668 0.095947
0.471191 5.05957 -0.896973
-0.035294 -0.997313 0.064196
0 0 0 0
1.333008 0.216797
0.355469 5.07666 -0.697021
-0.03132 -0.997178 0.068225
0 0 0 0
1.333008 0.095947
0.325195 5.05957 -0.95752
-0.025262 -0.997328 0.068546
0 0 0 0
1.381836 0.216797
0.241943 5.07666 -0.743896
-0.021259 -0.997143 0.07249
0 0 0 0
1.381836 0.095947
0.171631 5.05957 -0.994385
-0.013162 -0.997263 0.07275
0 0 0 0
1.430908 0.216797
0.122559 5.07666 -0.772461
-0.009112 -0.997302 0.072834
0 0 0 0
1.430908 0.095947
0.01416 5.05957 -1.006836
-0.001014 -0.997056 0.076672
0 0 0 0
1.480469 0.216797
0.000244 5.07666 -0.782227
0.003043 -0.997052 0.076664
0 0 0 0
1.480469 0.095947
-0.143311 5.05957 -0.994385
0.009128 -0.99702 0.076595
0 0 0 0
1.530518 0.216797
-0.12207 5.07666 -0.772461
0.013185 -0.996982 0.076511
0 0 0 0
1.530518 0.095947
332
2 1 0
3 2 0
4 2 3
5 4 3
4 5 6
7 4 6
6 8 7
8 9 7
9 10 7
10 11 7
7 11 4
11 12 4
4 12 13
2 4 13
13 14 2
14 1 2
17 16 15
16 18 15
15 18 19
20 15 19
20 19 21
22 20 21
22 21 23
24 22 23
24 23 25
23 26 25
25 26 27
28 25 27
29 28 27
30 29 27
30 31 29
31 32 29
32 31 33
31 34 33
34 35 33
35 36 33
36 35 37
35 38 37
37 38 39
40 37 39
43 42 41
44 43 41
45 44 41
46 45 41
46 41 47
41 42 47
42 48 47
47 48 49
50 47 49
49 51 50
51 52 50
52 53 50
53 54 50
50 54 47
54 55 47
55 46 47
58 57 56
59 58 56
59 60 58
60 61 58
62 61 60
63 62 60
63 64 62
64 65 62
66 65 64
67 66 64
67 68 66
68 69 66
70 69 68
71 70 68
71 72 70
72 73 70
74 73 72
75 74 72
75 76 74
76 77 74
78 77 76
79 78 76
79 80 78
80 81 78
82 81 80
83 82 80
83 84 82
84 85 82
86 85 84
87 86 84
87 88 86
88 89 86
90 89 88
91 90 88
91 92 90
92 93 90
94 93 92
95 94 92
95 96 94
96 97 94
98 97 96
99 98 96
99 100 98
100 101 98
102 101 100
103 102 100
103 104 102
104 105 102
106 105 104
107 106 104
107 108 106
108 109 106
110 109 108
111 110 108
110 111 112
113 110 112
114 113 112
115 114 112
115 116 114
116 117 114
118 117 116
119 118 116
119 120 118
120 121 118
122 121 120
123 122 120
122 123 124
123 125 124
125 126 124
126 127 124
127 126 128
129 127 128
129 128 130
128 131 130
130 131 132
131 133 132
132 133 134
133 135 134
134 135 136
137 134 136
138 137 136
139 138 136
139 140 138
140 141 138
142 141 140
143 142 140
143 144 142
144 145 142
146 145 144
147 146 144
147 148 146
148 149 146
152 151 150
151 153 150
150 153 154
153 155 154
154 155 156
155 157 156
156 157 158
157 159 158
158 159 160
159 161 160
160 161 162
161 163 162
162 163 164
163 165 164
164 165 166
165 167 166
166 167 168
167 169 168
168 169 170
169 171 170
170 171 172
171 173 172
172 173 174
175 172 174
175 174 176
177 175 176
177 176 178
179 177 178
179 178 180
181 179 180
181 180 182
183 181 182
183 182 184
185 183 184
185 184 186
187 185 186
187 186 188
189 187 188
189 188 190
191 189 190
191 190 192
193 191 192
193 192 194
195 193 194
195 194 196
197 195 196
197 196 198
199 197 198
199 198 200
201 199 200
201 200 202
203 201 202
203 202 204
205 203 204
205 204 206
207 205 206
207 206 208
206 209 208
208 209 210
209 211 210
210 211 212
211 213 212
212 213 214
213 215 214
214 215 216
215 217 216
216 217 218
217 219 218
218 219 220
221 218 220
221 220 222
223 221 222
223 222 224
225 223 224
225 224 226
227 225 226
227 226 228
229 227 228
229 228 230
231 229 230
231 230 232
230 233 232
232 233 234
233 235 234
234 235 236
235 237 236
236 237 238
237 239 238
238 239 240
239 241 240
240 241 242
241 243 242
246 245 244
247 246 244
247 244 248
249 247 248
249 248 250
251 249 250
251 250 252
253 251 252
253 252 254
255 253 254
255 254 256
257 255 256
257 256 258
256 259 258
258 259 260
259 261 260
260 261 262
261 263 262
262 263 264
263 265 264
264 265 266
265 267 266
266 267 268
267 269 268
268 269 270
271 268 270
271 270 272
273 271 272
273 272 274
275 273 274
275 274 276
277 275 276
277 276 278
279 277 278
279 278 280
281 279 280
281 280 282
280 283 282
282 283 284
283 285 284
284 285 286
285 287 286
286 287 288
287 289 288
288 289 290
289 291 290
290 291 292
291 293 292
292 293 294
293 295 294
294 295 296
295 297 296
296 297 298
297 299 298
298 299 300
299 301 300
300 301 302
301 303 302
302 303 304
303 305 304
304 305 306
305 307 306
306 307 308
307 309 308
308 309 310
309 311 310
310 311 312
311 313 312
312 313 314
313 315 314
314 315 316
317 314 316
317 316 318
319 317 318
319 318 320
321 319 320
321 320 322
323 321 322
323 322 324
325 323 324
325 324 326
327 325 326
327 326 328
329 327 328
329 328 330
331 329 330
331 330 332
333 331 332
333 332 334
335 333 334
335 334 336
337 335 336
